{"type": "FeatureCollection", "features": [{"type": "Feature", "properties": {"OBJECTID": 340, "BLOCK_CODE": "0003", "NEAR_TOWN": null, "BLK_NAME": "BHARGAMA", "DIST_NAME": "ARARIA"}, "geometry": {"type": "MultiPolygon", "coordinates": [[[[87.13664451800008, 26.203121741000075], [87.13841531400004, 26.20107720200008], [87.14027622900005, 26.20099574900007], [87.14075144200007, 26.20049027700003], [87.14141159900004, 26.199145291000036], [87.14203653800007, 26.196428369000046], [87.14230155500007, 26.19579647300003], [87.14383231200009, 26.195787282000026], [87.14507786800004, 26.195800621000046], [87.14619338700004, 26.195538713000076], [87.14662361100005, 26.19529943400005], [87.14762407600006, 26.19519549300003], [87.14810404900004, 26.194238650000045], [87.14863431900005, 26.193981335000046], [87.14941474400007, 26.194595006000043], [87.14967026800008, 26.19645881300005], [87.15011094900007, 26.198318094000058], [87.15128188200003, 26.19973054600007], [87.15179740400004, 26.200831599000026], [87.15242777700007, 26.200881088000074], [87.15251312600003, 26.202262140000073], [87.15285843000004, 26.202650187000074], [87.15340378900004, 26.202830580000068], [87.15508967700003, 26.202735422000046], [87.15553494900007, 26.202599968000072], [87.15736613500007, 26.203488607000054], [87.15795668200008, 26.203966894000075], [87.15880717900006, 26.20410656200005], [87.15968265200007, 26.20389425600007], [87.16050823700004, 26.204363408000063], [87.16197898900003, 26.20415545700007], [87.16380000300006, 26.204145924000045], [87.16649671600004, 26.204564967000067], [87.16916834200003, 26.204776224000057], [87.17079463800007, 26.205728003000047], [87.17209037500004, 26.20572758900005], [87.17339133200005, 26.206309298000065], [87.17403198000005, 26.206823631000077], [87.17516300100004, 26.207653621000077], [87.17607372200007, 26.208005307000064], [87.17696924500007, 26.20812236000006], [87.17768957200008, 26.20775194600003], [87.17792951500007, 26.207517189000043], [87.17896007100006, 26.207313761000023], [87.18106119100008, 26.207006080000042], [87.18218668400004, 26.206712236000044], [87.18231144500004, 26.20610744800007], [87.18320126800006, 26.20466742600007], [87.18307067500007, 26.203764918000047], [87.18205459100005, 26.202636983000048], [87.18043361300005, 26.202466212000047], [87.17942286300007, 26.202132601000073], [87.17886231400007, 26.20152351200005], [87.17877658200007, 26.20014257100007], [87.17928601100004, 26.198404881000044], [87.18010572900005, 26.196761777000063], [87.18087510000004, 26.19482090400004], [87.18127932200008, 26.19285750000006], [87.18197825600004, 26.189937273000055], [87.18238266000003, 26.188515522000046], [87.18220087300006, 26.184936738000033], [87.18175502300005, 26.18374090900005], [87.18137415900009, 26.18221566300008], [87.18061861900009, 26.181579628000065], [87.17936210400006, 26.17946347000003], [87.17888163400005, 26.17889499300003], [87.17866131500006, 26.178213597000024], [87.17941058900004, 26.176227569000048], [87.17950032300007, 26.175658919000057], [87.17901932800004, 26.173894462000078], [87.17784775800004, 26.17114648200004], [87.17703175400004, 26.16954912700004], [87.17586577800006, 26.167969984000024], [87.17546029300007, 26.16720287000004], [87.17537466900006, 26.16588958500006], [87.17578931700007, 26.164725068000052], [87.17628896800005, 26.163786170000037], [87.17740885200004, 26.162955328000066], [87.17913876300008, 26.16195280900007], [87.18060879300003, 26.161311411000042], [87.18161344900005, 26.16039483700007], [87.18200302000008, 26.159383796000043], [87.18229219900007, 26.157537811000054], [87.18225652000007, 26.15618841400004], [87.18178061500004, 26.154563893000045], [87.18143519900008, 26.153674925000075], [87.18150388700008, 26.151102494000042], [87.18162823800003, 26.149789105000025], [87.18214794400006, 26.149008136000077], [87.18256263300003, 26.148407743000064], [87.18283250800005, 26.14798791900006], [87.18245725700007, 26.147627001000046], [87.18228192500004, 26.147049355000036], [87.18193127100005, 26.14575875500003], [87.18174605100006, 26.145235355000068], [87.18145030900007, 26.143719043000033], [87.18154980700007, 26.142762239000035], [87.18161430300006, 26.141697160000035], [87.18137377700003, 26.140767525000058], [87.18110825400004, 26.139738640000076], [87.18102274300009, 26.138511076000043], [87.18108719100007, 26.13754980300007], [87.18130168900007, 26.136439496000037], [87.18196103900004, 26.135062769000058], [87.18197557300005, 26.134128477000047], [87.18164511300006, 26.133203439000056], [87.18140986000003, 26.132630388000052], [87.17963408200006, 26.130879993000065], [87.17925379400003, 26.130311497000037], [87.17936369000006, 26.130058662000067], [87.18077350200008, 26.129827957000032], [87.18034316900008, 26.12902034700005], [87.17971274400008, 26.12814052300007], [87.17819213300004, 26.12657050300004], [87.17658161600008, 26.12510436100007], [87.17569131000005, 26.124120788000027], [87.17528611700004, 26.123520728000074], [87.17528051400006, 26.122297670000023], [87.17545458000006, 26.120230625000033], [87.17525955400004, 26.120090749000042], [87.17340498500005, 26.120348594000063], [87.17323992100006, 26.120077922000064], [87.17322730800004, 26.11992419300003], [87.17321473600003, 26.119770971000037], [87.17386944300006, 26.119251747000078], [87.17378391800008, 26.11802425600007], [87.17385359300005, 26.11736982900004], [87.17407361800008, 26.117329126000072], [87.17458827600007, 26.116850605000025], [87.17507289300005, 26.116042511000046], [87.17518737200004, 26.114990957000032], [87.17535197700005, 26.11424170600003], [87.17561179900008, 26.113921178000055], [87.17592652500008, 26.11333892300007], [87.17621595800006, 26.11239555800006], [87.17654020500004, 26.110748150000063], [87.17659491700005, 26.110107301000028], [87.17649904300004, 26.108207313000037], [87.17652371500003, 26.107381412000052], [87.17620850200007, 26.106668424000077], [87.17611819600006, 26.10595991400004], [87.17633281700006, 26.10541376200007], [87.17723209600007, 26.104190301000074], [87.17775154800006, 26.103319146000047], [87.18056612600003, 26.104189055000063], [87.18083091600005, 26.104058128000077], [87.18092559000007, 26.10329983200006], [87.18132468800007, 26.10183750400006], [87.18165929700007, 26.101106198000025], [87.18225857900006, 26.100090506000072], [87.18195784200003, 26.098429852000038], [87.18211753700007, 26.09782045000003], [87.18274215700006, 26.097549420000064], [87.18405158400003, 26.097386476000054], [87.18499604700008, 26.09696630600007], [87.18549568800006, 26.096577961000037], [87.18617495300003, 26.095720220000032], [87.18642938500005, 26.094822001000068], [87.18694834800004, 26.093233175000023], [87.18728246900008, 26.091861042000062], [87.18761202800005, 26.09127419600003], [87.18767644600007, 26.090191017000052], [87.18879606900003, 26.09026273300003], [87.18922093100008, 26.090415945000075], [87.18962591400003, 26.090659515000027], [87.19006123200006, 26.091516815000034], [87.19005118200005, 26.09149425100003], [87.19032614800005, 26.091588881000064], [87.19181560900006, 26.091646834000073], [87.19442936400009, 26.091316219000078], [87.19498400600008, 26.09112187200003], [87.19637354200006, 26.09110314900005], [87.19785763600004, 26.09067364300006], [87.19932255500004, 26.09145814200008], [87.19893332000004, 26.092397065000057], [87.19955314000003, 26.092550182000025], [87.20124749900003, 26.092585411000073], [87.20147676300007, 26.091592432000027], [87.20132152400004, 26.091050883000037], [87.20121084400006, 26.09000848200003], [87.20049415200003, 26.08689931500004], [87.20005826500005, 26.085310865000054], [87.19989733800008, 26.083744901000046], [87.19952611700006, 26.081601421000073], [87.19947055800003, 26.080730377000066], [87.19914003400004, 26.079638338000052], [87.19884494500008, 26.079191671000046], [87.19712503900007, 26.078091382000025], [87.19661493300003, 26.07745530300008], [87.19646475200005, 26.07707627800005], [87.19665959500009, 26.076900187000035], [87.19726432500005, 26.076926891000028], [87.19752416800009, 26.076994480000053], [87.19892394800007, 26.077706826000053], [87.19965371400008, 26.077945688000057], [87.20055821100004, 26.077918096000076], [87.20144258900007, 26.077701027000046], [87.20181210100003, 26.077245031000075], [87.20243663500008, 26.077014537000025], [87.20223137700003, 26.07642343400005], [87.20224591100003, 26.075814070000035], [87.20147003400007, 26.07379263000007], [87.20118955500004, 26.072795366000037], [87.20083855000007, 26.071089588000063], [87.20026820100009, 26.069902967000075], [87.20018279700008, 26.069293703000028], [87.19963735200008, 26.068152170000076], [87.19952195200005, 26.067407592000052], [87.19932683300004, 26.06694276500008], [87.19972612700008, 26.066301715000066], [87.20011540400003, 26.065534284000023], [87.20069925800004, 26.064374111000063], [87.20092827500008, 26.063078705000066], [87.20098296900005, 26.062591283000074], [87.20094259100006, 26.06195045900006], [87.20144153700005, 26.060921136000047], [87.20138623900004, 26.06041125200005], [87.20198037200004, 26.059679759000062], [87.20253960600007, 26.05916045300006], [87.20365323000004, 26.058180551000078], [87.20454704800005, 26.057385728000042], [87.20479655100007, 26.056884598000067], [87.20523087000004, 26.056270555000026], [87.20542041800007, 26.055814661000056], [87.20629414600006, 26.05489796300003], [87.20663337200006, 26.054076445000078], [87.20631816400004, 26.053571116000057], [87.20622291200004, 26.053020520000075], [87.20552257300005, 26.051806936000048], [87.20480206200006, 26.05038112400007], [87.20454650600004, 26.04918077800005], [87.20442548900007, 26.04759220300008], [87.20452994400006, 26.046919713000023], [87.20504905400009, 26.046224367000036], [87.20581320600007, 26.045840373000033], [87.20739603900006, 26.044530692000023], [87.20787030300005, 26.044070004000048], [87.20813924900006, 26.042842264000058], [87.20831878100006, 26.042422473000045], [87.20856292300004, 26.04160091700004], [87.20849208100003, 26.040247031000035], [87.20849108100003, 26.038857027000063], [87.20816111700003, 26.038599900000065], [87.20774153600007, 26.038618202000066], [87.20649799100005, 26.03922372200003], [87.20544443400007, 26.04005470100003], [87.20398700800007, 26.041955581000025], [87.20321242700004, 26.04173935500006], [87.20201838400004, 26.04169487300004], [87.20140394100008, 26.041776420000076], [87.20100323000008, 26.040219553000043], [87.20114253400004, 26.03930336800005], [87.20110223300009, 26.038820418000057], [87.20114108800004, 26.03715507900006], [87.20077068600006, 26.035981856000035], [87.19979114400007, 26.03535051700004], [87.19899156300005, 26.035012449000078], [87.19802239800003, 26.03489555500005], [87.19706824800005, 26.03495022100003], [87.19587951200003, 26.03528478800007], [87.19472075500005, 26.035700591000023], [87.19211383900006, 26.037105413000063], [87.19112486800003, 26.037444356000037], [87.18936135300004, 26.03748574900004], [87.18865715100009, 26.03774327800005], [87.18731853900005, 26.038226827000074], [87.18648437300004, 26.03839868400007], [87.18471584800005, 26.03836785200008], [87.18252299700004, 26.038964435000025], [87.18072473300003, 26.03957891400006], [87.17983059800008, 26.03972374400007], [87.17861663800005, 26.03987307700004], [87.17762261800004, 26.04010365000005], [87.17631882000006, 26.04032526900005], [87.17565444800005, 26.040537608000022], [87.17465540800004, 26.04096671900004], [87.17378168500005, 26.04206821200006], [87.17265298600006, 26.043047958000045], [87.17073996000005, 26.044131676000063], [87.16880672500008, 26.044651352000074], [87.16743278100006, 26.04466978100004], [87.16622369300006, 26.044512138000073], [87.16589386300006, 26.04419633400005], [87.16538400200005, 26.043528543000036], [87.16451449700008, 26.042896905000077], [87.16266585400007, 26.04264474200005], [87.16143186300008, 26.04244638700004], [87.15959329000003, 26.042383667000024], [87.15914349700006, 26.041905433000068], [87.15838414400008, 26.041905589000066], [87.15435743600005, 26.041951596000047], [87.15278371500006, 26.041844840000067], [87.15243400200006, 26.041821114000072], [87.15147969400005, 26.04178513900007], [87.14918660900008, 26.041948019000074], [87.14919154700004, 26.041379349000067], [87.14934127700008, 26.040634729000033], [87.15097486900004, 26.040467383000077], [87.15130443300006, 26.04000697400005], [87.15194370600005, 26.03917199500006], [87.15192822100005, 26.03696055100005], [87.15205291900008, 26.03611206200003], [87.15254223100004, 26.035245363000058], [87.15292673700003, 26.034324610000056], [87.15396549300004, 26.03329994300003], [87.15435003500005, 26.032834973000035], [87.15440481600007, 26.032018152000035], [87.15456441900005, 26.03113802400003], [87.15503352900004, 26.02947257900007], [87.15536310900006, 26.02897153200007], [87.15627711300004, 26.028186086000062], [87.15773557400007, 26.027788582000028], [87.16010337300008, 26.027675189000036], [87.16122717600007, 26.02741314900004], [87.16299566700008, 26.02764736000006], [87.16493371900003, 26.027506945000027], [87.16536329400003, 26.027226961000054], [87.16575252600006, 26.02632879300006], [87.16594221000008, 26.025931521000075], [87.16597204700008, 26.02542608500005], [87.16605675000005, 26.024785201000043], [87.16622598400005, 26.023223589000054], [87.16633050500008, 26.02223064100008], [87.16623537500004, 26.021490526000036], [87.16639003500006, 26.021061700000075], [87.16595967900008, 26.018841386000076], [87.16582443100003, 26.017731144000038], [87.16550455100008, 26.017076807000024], [87.16380125700005, 26.015377323000052], [87.16379070100004, 26.015366791000076], [87.16341595300008, 26.01499233800007], [87.16316605500003, 26.014514039000062], [87.16228674200005, 26.013715366000042], [87.16220664800005, 26.013169291000054], [87.16308558000009, 26.012717761000033], [87.16357995500005, 26.012392700000078], [87.16502314900004, 26.011823648000075], [87.16614166500005, 26.011065106000046], [87.16648615400004, 26.01045574500006], [87.16725515900004, 26.00998612400008], [87.16995202500004, 26.00952948500003], [87.17172014400006, 26.00959659600005], [87.17333836500006, 26.009587037000074], [87.17461673900004, 26.009144313000036], [87.17586514300007, 26.008566255000062], [87.17678875900003, 26.007735452000077], [87.17701825200004, 26.007121595000058], [87.17715782600004, 26.006634122000037], [87.17705269800007, 26.006142262000026], [87.17624333500004, 26.005411370000047], [87.17463966000008, 26.004252043000065], [87.17360550600006, 26.00350772400003], [87.17168220100007, 26.00242065900005], [87.17083293800005, 26.001689826000074], [87.16970401400005, 26.001098984000066], [87.16999446900007, 26.000450457000056], [87.17070694300008, 25.998860026000045], [87.16968744200005, 25.99696932300003], [87.16993074700008, 25.993354241000077], [87.16955531200006, 25.991102254000054], [87.16905016300007, 25.989116564000028], [87.16891984200004, 25.98777172100006], [87.16857959900005, 25.986065848000067], [87.16866830600009, 25.982870459000026], [87.17167433300006, 25.982968826000047], [87.17137389800007, 25.98086122600006], [87.17147281200005, 25.978419539000072], [87.17156230900008, 25.97766583500004], [87.17439838700005, 25.977524995000067], [87.17516725500008, 25.97727198700005], [87.17694486800008, 25.977262307000046], [87.17759373300004, 25.976761116000034], [87.17806286800004, 25.976237438000055], [87.17885154600003, 25.975871571000027], [87.17935063700008, 25.975239556000076], [87.18060387500003, 25.975221024000064], [87.18058330500008, 25.974074699000028], [87.18288016700006, 25.97408725200006], [87.18366892300008, 25.973910941000042], [87.18349393300008, 25.973333307000075], [87.18362257600006, 25.971117295000056], [87.18354226400004, 25.97026887800007], [87.18404041800005, 25.96796239500003], [87.18404967000004, 25.966445925000073], [87.18403380200004, 25.964861797000026], [87.18397362100006, 25.96416233000008], [87.18561086500006, 25.96366063800008], [87.18609994700006, 25.963222693000034], [87.18656307900005, 25.960961377000046], [87.18844937900008, 25.95949377200003], [87.19068445700003, 25.95674418300007], [87.19086879100007, 25.955954289000033], [87.19192652200007, 25.954843636000078], [87.19396812100007, 25.954625978000024], [87.19406748400007, 25.953669114000036], [87.19369259800004, 25.952960783000037], [87.19196536100009, 25.953069863000053], [87.19179042000007, 25.952587021000056], [87.19146552900008, 25.95193726800005], [87.19089145200007, 25.95195558100005], [87.19047170000005, 25.951251709000076], [87.19107050500008, 25.950809135000043], [87.19105507000006, 25.950068996000027], [87.18848912600004, 25.950002492000067], [87.18796498200004, 25.94994856900007], [87.18778446600004, 25.948504401000037], [87.18807338100004, 25.947384944000078], [87.18880187900004, 25.94679792900007], [87.18936033900007, 25.945692001000054], [87.18728875200009, 25.945715414000063], [87.18598593100006, 25.94577462500007], [87.18414905300006, 25.945973989000038], [87.18309581200003, 25.94621815800008], [87.18273155300005, 25.94632662400005], [87.18196268100007, 25.946200506000025], [87.18083424800005, 25.945659372000023], [87.18039979200006, 25.945343620000074], [87.18014502700004, 25.944905993000077], [87.18001482900007, 25.943985333000057], [87.17977004700003, 25.943637894000062], [87.17815276500005, 25.943647515000066], [87.17682499900008, 25.943733778000023], [87.17517761000005, 25.943675664000068], [87.17414925800006, 25.943522590000043], [87.17298111500008, 25.943342417000054], [87.17227218800008, 25.94314403100003], [87.17199769700005, 25.94320734200005], [87.17169827100008, 25.943545959000062], [87.17115913200007, 25.94345130800008], [87.17034038800006, 25.943099519000043], [87.16896262800003, 25.942887883000026], [87.16805904000006, 25.94279332700006], [87.16660647000003, 25.94281634200007], [87.16571791000007, 25.94276244300005], [87.16500411200008, 25.942902522000054], [87.16475453700008, 25.94289807000007], [87.16428533300007, 25.94296139100004], [87.16416557800005, 25.943214158000046], [87.16408624700006, 25.944708072000026], [87.16416153300008, 25.945840845000077], [87.16245940800007, 25.946130204000042], [87.16142611300006, 25.946229688000074], [87.16020817800006, 25.946419553000055], [87.15865098100005, 25.947494086000063], [87.15786745300005, 25.948184816000037], [87.15739329400003, 25.948455710000076], [87.15681429900008, 25.94865440700005], [87.15608567800007, 25.949318007000045], [87.15575625800005, 25.949557278000043], [87.15407889200009, 25.949521504000074], [87.15312046100007, 25.94961196400004], [87.15154810000007, 25.94999592700003], [87.15020527100006, 25.950072887000033], [87.14781409700004, 25.95016350800006], [87.14714014700007, 25.95006888200004], [87.14535795300003, 25.950127827000074], [87.14476387400003, 25.950078258000076], [87.14427463300007, 25.94988873400007], [87.14405490500008, 25.94954129300004], [87.14407988600004, 25.94914411700006], [87.14415962700008, 25.94841739700007], [87.14393991600008, 25.94819183100003], [87.14326594700003, 25.948020360000044], [87.14273190000006, 25.94828677000004], [87.14264712500005, 25.94909460200006], [87.14263726300004, 25.950015346000043], [87.14272232900004, 25.950868264000064], [87.14262753600008, 25.951459516000057], [87.14198860400006, 25.951938005000045], [87.14127477700004, 25.95240749000004], [87.14069572100004, 25.952502306000042], [87.14066566500009, 25.951870444000065], [87.14073546900005, 25.95107159300005], [87.14055065800005, 25.95068348600006], [87.14021129100007, 25.950715170000024], [87.13984688900007, 25.95109428300003], [87.13997692300006, 25.95318840400006], [87.13993704200004, 25.953463740000075], [87.13970741600008, 25.953766108000025], [87.13867412900004, 25.95451544200006], [87.13783554800006, 25.955133783000065], [87.13754103800005, 25.955355015000066], [87.13592848600007, 25.95524228200003], [87.13499998700007, 25.95525138900007], [87.13343234600006, 25.95481820400005], [87.13210937000008, 25.95400135400007], [87.13066152400006, 25.953347], [87.13019232600004, 25.953256743000054], [87.12932367000008, 25.952367663000075], [87.12896414400007, 25.951126583000075], [87.12845492900004, 25.950034405000054], [87.12822523800008, 25.94961020100004], [87.12796561300007, 25.94948832700004], [87.12749644200005, 25.949492853000038], [87.12720693000006, 25.94968693800007], [87.12687244100005, 25.950205964000077], [87.12697728000006, 25.950693366000053], [87.12758137100008, 25.951383889000056], [87.12797568600007, 25.95190741700003], [87.12845996500005, 25.952945465000028], [87.12821044900005, 25.95347349900004], [87.12789090700005, 25.953699175000054], [87.12713213900008, 25.953798481000035], [87.12678264300007, 25.95400608800003], [87.12626345800004, 25.95416406800007], [87.12602385100007, 25.95437613200005], [87.12585910400009, 25.955016999000065], [87.12551462500005, 25.955161454000063], [87.12406686500003, 25.95514340400007], [87.12343285800006, 25.95524721000004], [87.12286378200008, 25.955730066000058], [87.12272402300005, 25.956176885000048], [87.12263414600005, 25.957052453000074], [87.12237455800005, 25.957377442000052], [87.12250932200004, 25.957806177000066], [87.12226467200009, 25.95821237800004], [87.12168054200004, 25.95860499300005], [87.12125122700007, 25.958406394000065], [87.12040256200004, 25.957431512000028], [87.12012797000006, 25.95705688700008], [87.11971856500008, 25.956898919000025], [87.11883495300003, 25.95698012500003], [87.11811104900005, 25.957404358000076], [87.11730723700003, 25.958054248000053], [87.11670816800006, 25.958433249000052], [87.11583941400005, 25.95911926100007], [87.11548494500005, 25.959227578000025], [87.11534019400005, 25.959128254000063], [87.11500576800006, 25.95785100100005], [87.11463132900008, 25.957959307000067], [87.11457142700004, 25.958121780000056], [87.11448649300007, 25.959074033000036], [87.11411693000008, 25.959674218000032], [87.11455625400004, 25.960206866000078], [87.11469599500003, 25.961005700000044], [87.11466101700006, 25.961912833000042], [87.11438633400007, 25.962201648000075], [87.11433636400005, 25.96323069500005], [87.11445115600009, 25.964002478000054], [87.11411654800008, 25.96448084800005], [87.11216934100008, 25.965202738000073], [87.11016226100008, 25.965541081000026], [87.10871934600004, 25.96584332900005], [87.10751111900004, 25.965879314000063], [87.10703189200007, 25.965635513000052], [87.10632292300005, 25.96564446700006], [87.10531446700008, 25.96528322200004], [87.10295787500007, 25.96530099900008], [87.10029178300005, 25.965011724000078], [87.09888885900006, 25.96498439000004], [87.09735625200005, 25.964740395000035], [87.09508952200008, 25.964861737000035], [87.09432053400008, 25.96516851900003], [87.09335692500008, 25.965362381000034], [87.09200387000004, 25.965425293000067], [87.08815952200007, 25.96539276900006], [87.08646716400006, 25.96490933700005], [87.08415590500005, 25.963888712000028], [87.08303774800004, 25.96317535700007], [87.08281369300005, 25.96156859200005], [87.08263895800008, 25.961397], [87.07865483700004, 25.961657553000066], [87.07862414100003, 25.963814885000033], [87.07842374200004, 25.965502755000045], [87.07828350800008, 25.966640062000067], [87.07854287100008, 25.96738032500008], [87.08041984300007, 25.968297063000023], [87.08157790400008, 25.968789380000032], [87.08090371900005, 25.969240460000037], [87.07950564700008, 25.96952436400005], [87.07872663300003, 25.96997992300004], [87.07769744400008, 25.971468985000058], [87.07639383600008, 25.97258333600007], [87.07497575900004, 25.97290780800006], [87.07170021200005, 25.973231593000037], [87.07034202200003, 25.97339799300005], [87.07004227000004, 25.97371835100006], [87.06965220100005, 25.975153372000023], [87.06860812000008, 25.976145882000026], [87.06720961400003, 25.977133740000056], [87.06456232500005, 25.978919861000065], [87.06323875800007, 25.97965049800007], [87.06299335900007, 25.98093209800004], [87.06276295400005, 25.98225437700006], [87.06245801100005, 25.983062063000034], [87.06235226100006, 25.98464167900005], [87.06268165200004, 25.985151806000033], [87.06259142400006, 25.985670827000035], [87.06197686200005, 25.986442253000064], [87.06270041600004, 25.987367824000046], [87.06336397900003, 25.988582131000044], [87.06379791300003, 25.989579691000074], [87.06455641800005, 25.99065869800006], [87.06561922400005, 25.99231095400006], [87.06626788600005, 25.99343951800006], [87.06674148900004, 25.995190801000035], [87.06662124600007, 25.995998676000056], [87.06642136000005, 25.99633254300005], [87.06570697000006, 25.996729449000043], [87.06452324600008, 25.997103512000024], [87.06350916900004, 25.997549923000065], [87.06371849400006, 25.998529382000072], [87.06410772400005, 25.99907557100005], [87.06489667600005, 25.99936928900007], [87.06731871800008, 25.99948759800003], [87.06871710200005, 25.99948365800003], [87.06956579400008, 26.000070702000073], [87.07049962900004, 26.000346396000054], [87.07190299900003, 26.000360441000055], [87.07352147900008, 25.99950803100006], [87.07622899700004, 25.99778943900003], [87.07986053000008, 25.99539863600006], [87.08081461900008, 25.994672321000053], [87.08405632100005, 25.99271899300004], [87.08472565500006, 25.99242583700004], [87.08553468600007, 25.992254548000062], [87.08637364300006, 25.992272852000042], [87.08689786100007, 25.992679188000068], [87.08757173300006, 25.99360912000003], [87.08797090000007, 25.994895419000045], [87.08878440600006, 25.996285744000033], [87.08939351000004, 25.99710273200003], [87.08991215900005, 25.999467794000054], [87.09024477700007, 26.000477448000026], [87.09033123600005, 26.00091668300007], [87.09057087900004, 26.00128234600004], [87.09122468900006, 26.003065153000023], [87.09158393500007, 26.00410776500007], [87.09198322800006, 26.005109772000026], [87.09285211100007, 26.00546207600007], [87.09293180500003, 26.006287951000047], [87.09286147900008, 26.007867529000066], [87.09250173900006, 26.008657309000057], [87.09239664000006, 26.009158229000036], [87.09265118800005, 26.009812728000043], [87.09350503800005, 26.010715551000033], [87.09548770500004, 26.011483138000074], [87.09644660000004, 26.01207008700004], [87.09720066500006, 26.012548637000066], [87.09698542300004, 26.01443511000008], [87.09678551500008, 26.015184270000077], [87.09521682000008, 26.016294131000052], [87.09466728600006, 26.01672280400004], [87.09454684100007, 26.019381017000057], [87.09453661800006, 26.020310738000035], [87.09446600800004, 26.022765864000064], [87.09463510900008, 26.025866479000058], [87.09586376800007, 26.026615888000038], [87.09652793600009, 26.027329097000063], [87.09683251400008, 26.028272478000076], [87.09691702700007, 26.029730207000057], [87.09652706400004, 26.031057003000058], [87.09643193500006, 26.032122122000033], [87.09659180000006, 26.032284607000065], [87.09816527600003, 26.03239320700004], [87.10087294600004, 26.032289925000043], [87.10171205400007, 26.032890313000053], [87.10253103600007, 26.034384292000027], [87.10348015700004, 26.034447605000025], [87.10528872400005, 26.033987482000043], [87.10758671000008, 26.033500408000066], [87.10959502600008, 26.03253029600006], [87.11108386400008, 26.031041123000023], [87.11224797900007, 26.03002124900007], [87.11315710400004, 26.030084486000078], [87.11424107500005, 26.030563001000075], [87.11521512100006, 26.030585587000076], [87.11611942900004, 26.02992675300004], [87.11737335800007, 26.028627036000046], [87.11912663200008, 26.02878957300004], [87.12066521700007, 26.02836085000007], [87.12185416900007, 26.028297761000033], [87.12234367700006, 26.02847822500007], [87.12273330200009, 26.029687757000033], [87.12299307200004, 26.031596851000074], [87.12280819700004, 26.03175480400006], [87.12085499800008, 26.031881104000036], [87.12014562800005, 26.032066154000063], [87.11987584400003, 26.03227376500007], [87.11927639100008, 26.033262095000055], [87.11925631600008, 26.03406542400006], [87.11960103000007, 26.034205349000047], [87.12113467400007, 26.034124217000056], [87.12221368900003, 26.03431827000003], [87.12249344900005, 26.034589105000066], [87.12253343600008, 26.035965590000046], [87.12274821900007, 26.036516198000072], [87.12290718300005, 26.03666891100005], [87.12306299300008, 26.03681859200003], [87.12459666700005, 26.036841147000075], [87.12563571900006, 26.036976578000065], [87.12607534500006, 26.037188696000044], [87.12650003700008, 26.037621926000043], [87.12665996000004, 26.038348582000026], [87.12646018000004, 26.040280150000058], [87.12611039900008, 26.041065486000036], [87.12581068300005, 26.041259551000053], [87.12399713400004, 26.041404], [87.12308290500005, 26.041715409000062], [87.12241851300007, 26.041652188000057], [87.12235854200009, 26.043100939000055], [87.12219366200009, 26.04362891900007], [87.12168901700005, 26.043949326000075], [87.12075476400008, 26.04418398300004], [87.11979968800006, 26.04423922600006], [87.11755726600006, 26.04436892500007], [87.11612340800008, 26.044589986000062], [87.11391515100007, 26.04468463300003], [87.11269117000006, 26.04474768600005], [87.11084256300006, 26.045194330000072], [87.10969343400006, 26.045686141000033], [87.10823949900004, 26.045749148000027], [87.10733013200007, 26.046606564000058], [87.10643564200006, 26.048064243000056], [87.10605583000006, 26.048515507000047], [87.10580592300005, 26.04914728400007], [87.10575154200006, 26.049664187000076], [87.10575084800007, 26.04967078800007], [87.10579069600004, 26.05090743200003], [87.10531582500005, 26.052387692000025], [87.10542560700009, 26.05330833000005], [87.10542506500008, 26.056499142000064], [87.10559477900006, 26.057568755000034], [87.10507005200003, 26.05830885100005], [87.10416061700005, 26.05868338500005], [87.10286646200007, 26.058701194000037], [87.10145734000008, 26.05893562700004], [87.09996333200007, 26.05907084100005], [87.09714027800004, 26.058916814000042], [87.09413226600003, 26.059024556000054], [87.09348259000006, 26.059173318000035], [87.09504120400004, 26.06062692300003], [87.09647490000003, 26.06218420700003], [87.09736396700004, 26.06399416200003], [87.09805826000007, 26.064960118000045], [87.09884267900009, 26.065519898000048], [87.09989205800008, 26.065619389000062], [87.10071149700008, 26.065578930000072], [87.10207065300006, 26.06560617100007], [87.10362468800008, 26.06583204800006], [87.10513872100006, 26.066283657000042], [87.10788684700003, 26.067804865000028], [87.10903605300007, 26.068698631000075], [87.11094985700004, 26.069560825000053], [87.11297347500005, 26.071090955000045], [87.11335317800007, 26.07177248100004], [87.11355801100007, 26.072277947000032], [87.11413274400007, 26.072742858000026], [87.11470732400005, 26.07302272100003], [87.11629152200004, 26.072923510000066], [87.11664129500008, 26.073550943000043], [87.11645627700005, 26.075044784000056], [87.11656616900007, 26.075843534000057], [87.11685598100007, 26.076159510000025], [87.11785542300004, 26.076177619000077], [87.11898492800003, 26.076055851000035], [87.11917478500004, 26.076786929000036], [87.11946955700006, 26.07708931800005], [87.11904973100008, 26.078041582000026], [87.11910475600007, 26.078565119000075], [87.11887478000006, 26.07933231800007], [87.11891976400005, 26.08076747800004], [87.11904961700003, 26.081995104000043], [87.11903455600003, 26.082753315000048], [87.11917950700007, 26.084292322000067], [87.11928939800003, 26.085154346000024], [87.11963922300004, 26.085763620000023], [87.11997403700008, 26.08693702200003], [87.12007390200006, 26.08808790100005], [87.11979405100004, 26.088922771000057], [87.11940411900008, 26.090105228000027], [87.11917926000007, 26.090488821000065], [87.11752989300004, 26.09033532600006], [87.11665027000004, 26.08987946600007], [87.11509594200004, 26.089694251000026], [87.11413635700006, 26.08953171400003], [87.11373656200004, 26.089215780000075], [87.11351174400005, 26.08816418600003], [87.11197238400007, 26.088362636000056], [87.11081275800007, 26.08852053800007], [87.10910356700003, 26.088511351000022], [87.10736923300004, 26.088935381000056], [87.10601473800006, 26.08904345700006], [87.10385059000004, 26.08937714900003], [87.10195843000008, 26.089776482000048], [87.10113662100008, 26.089949920000038], [87.09933602000007, 26.09025711000004], [87.09828267500006, 26.090436814000043], [87.09643831300008, 26.09086066200007], [87.09482388200007, 26.09118983600007], [87.09388922100004, 26.091365651000046], [87.09251447500003, 26.092299556000057], [87.09116978600008, 26.092894959000034], [87.09059003000004, 26.093093388000057], [87.08934544000005, 26.093142801000056], [87.08757117000005, 26.092975327000033], [87.08694644300004, 26.09307898000003], [87.08618142700004, 26.09376026800004], [87.08478193700006, 26.094057736000025], [87.08352717400004, 26.094711802000063], [87.08223760600004, 26.094657276000078], [87.08120799300008, 26.09481945600004], [87.08095792300008, 26.095126207000078], [87.08088763600006, 26.095902471000045], [87.08105224700006, 26.096976632000064], [87.08123167700006, 26.098217848000047], [87.07971711800008, 26.098501703000068], [87.07882739800004, 26.098641301000043], [87.07803236000007, 26.09932703800007], [87.07771229400004, 26.099886575000028], [87.07576766000005, 26.100418433000073], [87.07468781900008, 26.100923555000065], [87.07358320000003, 26.10086452400003], [87.07268821700006, 26.101283874000046], [87.07176838400005, 26.101649081000062], [87.07143334400007, 26.102028104000055], [87.07145805000005, 26.102655439000046], [87.07236231500008, 26.103671183000074], [87.07284208100003, 26.10381576900005], [87.07430656200006, 26.104032932000052], [87.07560591500004, 26.104701354000042], [87.07615056500003, 26.10528372300007], [87.07636500700005, 26.106579072000045], [87.07682970500008, 26.106949257000053], [87.07808416900008, 26.10754545700007], [87.07836886800004, 26.10809614300007], [87.07817350700003, 26.109021210000037], [87.07790831200003, 26.10976587500005], [87.07811311600005, 26.110081812000033], [87.07864803200005, 26.110190257000056], [87.08028757200003, 26.110272035000037], [87.08090724700008, 26.110804834000078], [87.08258158600006, 26.11146869600003], [87.08333626300004, 26.111857100000066], [87.08466574600004, 26.11271041400005], [87.08553531800004, 26.113428215000056], [87.08652471900007, 26.114642554000056], [87.08749447100007, 26.11478721000003], [87.09008893100008, 26.114810469000076], [87.09101876300008, 26.115000209000073], [87.09174851900008, 26.115343376000055], [87.09322323500004, 26.115384344000063], [87.09436298800006, 26.115434183000048], [87.09507262600005, 26.116273791000026], [87.09477258700008, 26.116612216000078], [87.09476252600007, 26.11715380800007], [87.09515706500008, 26.118507805000036], [87.09465206200008, 26.118742353000073], [87.09276732000006, 26.119044358000053], [87.09228240800007, 26.119211206000045], [87.09177719500008, 26.120023454000034], [87.09156693800008, 26.120998304000068], [87.09127165500007, 26.122298013000034], [87.09127122600006, 26.12404908700006], [87.09130587800007, 26.12524951300003], [87.09131516500008, 26.127618917000063], [87.09139984500007, 26.128715654000075], [87.09178917600008, 26.131157298000062], [87.09357915600003, 26.130859903000044], [87.09481422700009, 26.13041779400004], [87.09602415800003, 26.13026013900003], [87.09720412400009, 26.130269356000042], [87.10157387000004, 26.12994968600003], [87.10262380200004, 26.12993632100006], [87.10459361400007, 26.130342873000075], [87.10695826700004, 26.131448833000036], [87.10790818800007, 26.132004056000028], [87.10857303600005, 26.13261795300008], [87.10873796900006, 26.133173027000055], [87.10862283400007, 26.134035056000073], [87.10880273700008, 26.134919652000065], [87.10863760800004, 26.135944133000066], [87.10917223000007, 26.138958927000033], [87.10925699000006, 26.141179351000062], [87.10909184500008, 26.142402410000045], [87.10905651300004, 26.144415259000027], [87.10861126500004, 26.146107560000075], [87.10847111600003, 26.147673583000028], [87.10825574500006, 26.149961735000034], [87.10819064400005, 26.15092306500003], [87.10758042900005, 26.151757903000032], [87.10614504600005, 26.152989728000023], [87.10471473800004, 26.153896727000074], [87.10393454900003, 26.154415630000074], [87.10324432100003, 26.155340670000044], [87.10307913100007, 26.156098851000024], [87.10341902700009, 26.157114309000065], [87.10405900500007, 26.15760639000007], [87.10489911900004, 26.157764405000023], [87.10556418900006, 26.158121047000066], [87.10668435000008, 26.158572546000073], [87.10711935900008, 26.15913667600006], [87.10869431200007, 26.161479178000036], [87.10883435500006, 26.161822243000074], [87.10896416700007, 26.162828656000045], [87.10968925300006, 26.163695202000042], [87.10985421900006, 26.16455273500003], [87.11004907300008, 26.16616840200004], [87.11027905400005, 26.166673892000063], [87.11055905200004, 26.166904103000036], [87.11150427100006, 26.167242701000077], [87.11208932700004, 26.168551550000075], [87.11299938100007, 26.170343314000036], [87.11368953200008, 26.170916513000066], [87.11471476500003, 26.17115583900005], [87.11486983500004, 26.171688317000076], [87.11483467900007, 26.17314158100004], [87.11522476500005, 26.174188612000023], [87.11575477800005, 26.175091286000054], [87.11617496000008, 26.175501973000053], [87.11690016500006, 26.175375684000073], [87.11744030200003, 26.17566456800006], [87.11732521300007, 26.176567100000057], [87.11742523100008, 26.177821787000028], [87.11755017300004, 26.178331780000065], [87.11709500900008, 26.17964504100007], [87.11636970400008, 26.180019555000058], [87.11608947000008, 26.181368950000035], [87.11607933400006, 26.184212199000058], [87.11551411400006, 26.184496511000077], [87.11209771700004, 26.18415325600006], [87.11060224400006, 26.183737871000062], [87.10893161800004, 26.18349402900003], [87.10683581000006, 26.183457703000045], [87.10471991200006, 26.183804862000045], [87.10352933700005, 26.184138696000048], [87.10285915800006, 26.18407083900007], [87.10182885100005, 26.183411766000063], [87.10114365200008, 26.183140945000048], [87.09871272000004, 26.182941911000057], [87.09732219100005, 26.182914539000024], [87.09583672900004, 26.182666096000048], [87.09485655300006, 26.181830899000033], [87.09424635300007, 26.181487837000077], [87.09334607900007, 26.181532729000025], [87.09244069900006, 26.181509967000068], [87.09163041800008, 26.181541364000054], [87.09041507100005, 26.181098873000053], [87.08807953500008, 26.179857154000047], [87.08804439600004, 26.180588299000078], [87.08775915700005, 26.18097178800008], [87.08705370000007, 26.181504136000058], [87.08692856000005, 26.18169817100005], [87.08726834600003, 26.18278594700007], [87.08720797700005, 26.183941264000055], [87.08746779800003, 26.18501544700007], [87.08782769700008, 26.18576465700005], [87.08849778200005, 26.186383172000035], [87.08960306000006, 26.186780576000046], [87.09152375200006, 26.187385815000027], [87.09177866300007, 26.188098894000063], [87.09173347100005, 26.18885259800004], [87.09112281600005, 26.18997167400005], [87.09037217100007, 26.191117830000053], [87.09053715400006, 26.191677500000026], [87.09150725600006, 26.19259837100003], [87.09200235800006, 26.193076907000034], [87.09222202200004, 26.194940836000058], [87.09523331600008, 26.19556876100006], [87.09796449400005, 26.196291434000045], [87.09981521700007, 26.197316244000035], [87.09976500900007, 26.198236880000024], [87.09868930600004, 26.198787313000025], [87.09819398000008, 26.199202384000046], [87.09778365400007, 26.199766476000036], [87.09743320900003, 26.200700580000046], [87.09680269700004, 26.201508345000036], [87.09702780400005, 26.201756545000023], [87.09956403700005, 26.202289579000023], [87.09974409400007, 26.20266867600003], [87.10151000300004, 26.202845013000058], [87.10351609400004, 26.202863404000027], [87.10468180300006, 26.20283198100003], [87.10588747100007, 26.20308037800004], [87.10788355700004, 26.202918096000076], [87.10838396200006, 26.20197943900007], [87.10906436400006, 26.201925419000077], [87.11017992400008, 26.201911989000052], [87.11133551700004, 26.20215581000008], [87.11249115900006, 26.202223613000058], [87.11339669000006, 26.20215148500006], [87.11616320200005, 26.20192597500005], [87.11693866500008, 26.201844837000067], [87.11768905500008, 26.202589524000075], [87.11870462100006, 26.202562449000027], [87.11886957000007, 26.20378550600003], [87.11935982900008, 26.204859619000047], [87.12057553700004, 26.206312882000077], [87.12173113000006, 26.207012443000053], [87.12244660200008, 26.20722459900003], [87.12349721500004, 26.20722463100003], [87.12407252800006, 26.207269749000034], [87.12583866100005, 26.208546888000058], [87.12658407100008, 26.20862816300007], [87.12756465300004, 26.20826258900007], [87.12949577200004, 26.207811220000053], [87.13152199100006, 26.207598999000027], [87.13335308500007, 26.207274004000055], [87.13474890500004, 26.20711597500008], [87.13560414900007, 26.20526557900007], [87.13664451800008, 26.203121741000075]]]]}}, {"type": "Feature", "properties": {"OBJECTID": 341, "BLOCK_CODE": "0004", "NEAR_TOWN": "ARARIA", "BLK_NAME": "RANIGANJ", "DIST_NAME": "ARARIA"}, "geometry": {"type": "MultiPolygon", "coordinates": [[[[87.39627682900004, 26.143646997000076], [87.39611268200008, 26.142095186000063], [87.39693033700007, 26.14071078300003], [87.39886836400007, 26.139174601000036], [87.40007061700004, 26.138002890000053], [87.40033538500006, 26.13539447900007], [87.40025386900004, 26.133476115000065], [87.40147523900004, 26.132755768000038], [87.40312310200005, 26.132709008000063], [87.40311425700008, 26.13188471500007], [87.40308401800007, 26.131076807000056], [87.40327866100006, 26.129664158000026], [87.40303340200006, 26.128644269000063], [87.40238326400004, 26.127674091000074], [87.40138814400007, 26.126925060000076], [87.40031807900004, 26.12617156600004], [87.39936792900005, 26.12512017800003], [87.39913265400008, 26.123797938000052], [87.39834744200004, 26.122394472000053], [87.39767243700004, 26.121884567000052], [87.39678757700005, 26.121817016000023], [87.39513262600008, 26.121208035000052], [87.39412279700008, 26.121063766000077], [87.39405273600005, 26.120571770000026], [87.39426251800006, 26.11983160400007], [87.39524223600006, 26.119001127000047], [87.39532213800004, 26.11849105700003], [87.39489196600005, 26.11713272800006], [87.39433686100006, 26.11595939800003], [87.39436171800008, 26.115264385000046], [87.39508148500005, 26.114510530000075], [87.39583114800007, 26.113819920000026], [87.39594103600007, 26.113300964000075], [87.39577594500008, 26.112696207000056], [87.39534592200005, 26.112118570000064], [87.39465104300007, 26.111793739000063], [87.39378623700009, 26.111717116000023], [87.39279143500005, 26.111821031000034], [87.39179661800006, 26.111514278000072], [87.39132671000004, 26.111053946000027], [87.39054673600003, 26.11019202700004], [87.38972690100007, 26.10965505300004], [87.38964675100004, 26.10886985600007], [87.38900676800006, 26.107746126000052], [87.38884671500006, 26.106951819000074], [87.38806679900006, 26.106130508000035], [87.38798185200005, 26.10587328500003], [87.38784176300004, 26.10520985200003], [87.38752682700004, 26.10450127400003], [87.38751656100004, 26.10260125700006], [87.38754645300008, 26.101843084000052], [87.39005066400006, 26.10159912100005], [87.39134517300005, 26.101174806000074], [87.39288971800005, 26.100867682000057], [87.39483906200007, 26.100817793000033], [87.39575871600005, 26.100307677000046], [87.39623336800008, 26.099603569000067], [87.39555851600005, 26.098953807000044], [87.39422388300005, 26.098452973000065], [87.39264927300007, 26.098146273000054], [87.39160960200007, 26.097857583000064], [87.39107477000005, 26.09765006200007], [87.39011494600004, 26.09677464600003], [87.38953007500004, 26.096192447000078], [87.38776561100008, 26.094983083000045], [87.38689085500005, 26.094545421000078], [87.38693074900004, 26.09337656100007], [87.38762540200008, 26.09256412800005], [87.38785018500005, 26.092022498000063], [87.38806004100007, 26.09117850100006], [87.38828987100004, 26.09094836400004], [87.38867972900005, 26.090826436000043], [87.38946948700004, 26.09116936500004], [87.39038408600004, 26.09090298700005], [87.39216313500003, 26.08981517500007], [87.39332750900007, 26.088971041000036], [87.39382226700008, 26.08844294100004], [87.39458185100005, 26.087946404000036], [87.39531144300008, 26.08730094400005], [87.39573121700005, 26.087206043000037], [87.39642085600008, 26.086619220000046], [87.39770005300005, 26.08572096000006], [87.39891955600007, 26.085662069000023], [87.39929941300005, 26.085878670000056], [87.40012906200008, 26.085869503000026], [87.40089853300003, 26.085156255000072], [87.40124805800008, 26.083874475000073], [87.40195235000004, 26.082317356000033], [87.40263700100007, 26.08191553100005], [87.40354140300008, 26.081297007000046], [87.40372618800006, 26.080768944000056], [87.40318132800007, 26.08036738100003], [87.40191193200008, 26.080358666000052], [87.40133706900008, 26.07965019200003], [87.40057750800008, 26.079939128000035], [87.40034252700008, 26.079785756000035], [87.40020749000007, 26.078995965000047], [87.40016721200004, 26.07769620600004], [87.40041693100005, 26.07722678500005], [87.40060151500006, 26.075805158000037], [87.39999156700009, 26.07475814000003], [87.39953662700003, 26.073620944000027], [87.39935145900006, 26.07249719300006], [87.39907641400004, 26.071630766000055], [87.39890138500004, 26.070768711000028], [87.39904608000006, 26.06978489200003], [87.39914072600004, 26.068584384000076], [87.39937037200008, 26.06774936000005], [87.39991498600006, 26.067063267000037], [87.40012964400006, 26.066440465000028], [87.40061918800006, 26.065646067000046], [87.40173311200004, 26.06409784500005], [87.40270218600006, 26.062847506000026], [87.40284205700004, 26.062576656000033], [87.40461587700008, 26.062431867000043], [87.40541544800004, 26.06274762700008], [87.40628489200003, 26.06277457500005], [87.40782384400006, 26.062413184000036], [87.40952754100005, 26.06175836500006], [87.41033693900005, 26.06166341100004], [87.41084160400004, 26.061469172000045], [87.41255497200007, 26.059974897000075], [87.41318448100003, 26.059703961000025], [87.41406868900003, 26.05917116100005], [87.41416848200004, 26.058832653000024], [87.41401850100004, 26.058494234000023], [87.41267445100004, 26.058539651000046], [87.41209978300003, 26.05848112500007], [87.41158501300004, 26.05795775200005], [87.41119019500007, 26.057637423000074], [87.41074552500004, 26.057723331000034], [87.41028076700007, 26.057700843000077], [87.41000092500008, 26.057538471000044], [87.40933114800004, 26.056735221000054], [87.40880611200004, 26.05550334800006], [87.40814617300003, 26.053968998000073], [87.40755622400007, 26.052583596000034], [87.40702138700004, 26.05176231400003], [87.40619170100007, 26.050986272000046], [87.40595682900005, 26.05058011600005], [87.40556182900008, 26.04955568400004], [87.40506681400007, 26.04825152500007], [87.40497164900006, 26.04739856300006], [87.40517646500007, 26.047041985000078], [87.40642527300008, 26.046436897000035], [87.40673495800007, 26.046044195000036], [87.40663982500007, 26.045444017000023], [87.40633000800005, 26.045240962000037], [87.40577542500006, 26.04491163000006], [87.40576536100008, 26.04464080500003], [87.40614971700006, 26.04371106600007], [87.40679393700003, 26.042541980000067], [87.40688365900007, 26.041837943000075], [87.40676848500004, 26.041007485000023], [87.40677322800008, 26.03991080000003], [87.40683795700005, 26.03926092000006], [87.40703748600004, 26.03825898300005], [87.40743711500005, 26.037969970000063], [87.40823633700006, 26.037653943000066], [87.40924050200005, 26.037929001000066], [87.40984498300008, 26.037919787000078], [87.41063931100007, 26.03775257700005], [87.41126357500008, 26.037089071000025], [87.41173283500007, 26.03600575400003], [87.41192746100006, 26.035504735000075], [87.41370084100004, 26.035386927000047], [87.41540931300005, 26.035102126000027], [87.41683298000004, 26.03498885600004], [87.41820150900008, 26.034149031000027], [87.41925544900005, 26.033859878000044], [87.41989469800006, 26.03339479300007], [87.42058886400008, 26.032717597000044], [87.42199706700006, 26.03150310700005], [87.42266134700003, 26.031128296000077], [87.42402998600005, 26.030843555000047], [87.42509899300006, 26.030856734000054], [87.42468425600003, 26.030491322000046], [87.42393475200004, 26.030256833000067], [87.42360484400007, 26.029643152000062], [87.42354457900007, 26.02886240500004], [87.42313970900005, 26.02826233600007], [87.42229528200005, 26.02772549200006], [87.42199524100005, 26.027071231000036], [87.42184513700005, 26.02638974300004], [87.42192480700004, 26.025757928000075], [87.42270898300006, 26.025554561000035], [87.42347802800003, 26.02506235900006], [87.42351285300003, 26.024687775000075], [87.42294310200003, 26.023970361000067], [87.42292770600005, 26.023135423000042], [87.42334694500005, 26.02215144300004], [87.42339628900004, 26.020752280000067], [87.42372066500008, 26.020183515000042], [87.42387026300008, 26.019443340000066], [87.42456439000006, 26.019118130000038], [87.42412956700008, 26.01851801400005], [87.42419397400005, 26.017186670000058], [87.42541723900007, 26.016057955000065], [87.42531705800008, 26.015575013000046], [87.42499225300008, 26.015105817000062], [87.42487206100003, 26.014311520000035], [87.42535100600008, 26.013196625000035], [87.42560539700008, 26.012433761000068], [87.42502075700008, 26.011743500000023], [87.42439613000005, 26.011175], [87.42389665900004, 26.011143619000052], [87.42324239800007, 26.011125785000047], [87.42269275500007, 26.010683696000058], [87.42253275600007, 26.01023243700007], [87.42361134600003, 26.009532470000067], [87.42344101900005, 26.00844492300007], [87.42286112000005, 26.00701437300006], [87.42127228900006, 26.005516546000024], [87.41995338900006, 26.00458725900006], [87.41936381900007, 26.003896935000057], [87.41917354300006, 26.002669377000075], [87.41920799200005, 26.001459858000032], [87.41997176100006, 26.00045310300004], [87.42119963800008, 25.99883249800007], [87.42058528500007, 25.998534807000055], [87.42026549100007, 25.998232570000027], [87.42018050900003, 25.997979859000054], [87.42053997300007, 25.99777212400005], [87.42120428200008, 25.997884747000057], [87.42149896000006, 25.99792073200007], [87.42184346100004, 25.99775359700004], [87.42191824300005, 25.997541458000057], [87.42166347700004, 25.997315908000076], [87.42113399900006, 25.997099484000046], [87.42098417800008, 25.99695507200005], [87.42093417900008, 25.996765553000046], [87.42110389900006, 25.996625540000025], [87.42270686400008, 25.996489647000033], [87.42336071700004, 25.99568608900006], [87.42353496200008, 25.994196647000024], [87.42626143000007, 25.993911445000037], [87.42626270300008, 25.993911311000033], [87.42582166200003, 25.993162406000067], [87.42502208700006, 25.991759090000073], [87.42498626000008, 25.989917684000034], [87.42475147700009, 25.98958376400003], [87.42303367300008, 25.989800978000062], [87.42161065800008, 25.99012638000005], [87.42157046300008, 25.989512604000026], [87.42143551900006, 25.98941336300004], [87.42035690500006, 25.989418229000023], [87.41935831100005, 25.989671245000068], [87.41804505900006, 25.989987609000025], [87.41691658500008, 25.990403136000054], [87.41531901200005, 25.991635681000048], [87.41491952400008, 25.991635813000073], [87.41488436600008, 25.991053674000057], [87.41456463900005, 25.990521195000042], [87.41424992800006, 25.99027757400006], [87.41282203500003, 25.99118961100004], [87.41176294500008, 25.99004797300006], [87.41087863500007, 25.988558889000046], [87.41031918600004, 25.98811224700006], [87.40953505700008, 25.98779651800004], [87.40845142800003, 25.987783207000064], [87.40681355200007, 25.98783770500006], [87.40561518800007, 25.988194564000025], [87.40416216500006, 25.988659700000028], [87.40343790900005, 25.98809566700004], [87.40298333900006, 25.98756773300005], [87.40289326200008, 25.986732825000047], [87.40270824900006, 25.985464638000053], [87.40295275200003, 25.984742435000044], [87.40345702200005, 25.98451670600008], [87.40507992700003, 25.98487292300007], [87.40655312700005, 25.984980955000026], [87.40710235900008, 25.984881502000064], [87.40752158400005, 25.98400588000004], [87.40758620600008, 25.98296784100006], [87.40737595400003, 25.981284436000067], [87.40727094200008, 25.980837634000068], [87.40676632600008, 25.979668850000053], [87.40612701700007, 25.979104841000037], [87.40476876200006, 25.97870795600005], [87.40457393900004, 25.978477870000063], [87.40458362200008, 25.97707871800003], [87.40482291800004, 25.975927805000026], [87.40479770600007, 25.974650630000042], [87.40418848100006, 25.974632703000054], [87.40242100400008, 25.975030145000062], [87.40188148800007, 25.973915516000034], [87.40136161800007, 25.971419773000036], [87.40100191700003, 25.970305160000066], [87.40085194400007, 25.96941606000007], [87.40098657700008, 25.96870294200005], [87.40179505000003, 25.967375911000033], [87.40068645600007, 25.966401271000052], [87.40045662800009, 25.96547607100007], [87.40021650000006, 25.96371142000004], [87.39970210300004, 25.962673524000024], [87.39877825800005, 25.96186578000004], [87.39825398700003, 25.961455195000042], [87.39789459200006, 25.961694485000066], [87.39771503600008, 25.96263775700004], [87.39676156100006, 25.96340967200007], [87.39425526200006, 25.963179810000042], [87.39290231300004, 25.96352301400003], [87.39019640200007, 25.96421832200008], [87.38856886800005, 25.96434032700006], [87.38727574800004, 25.963816936000057], [87.38722075900006, 25.96330694100004], [87.38724053400006, 25.962169596000024], [87.38748010500007, 25.96155128600003], [87.38855333400005, 25.95981358000006], [87.38945178100005, 25.95859040600004], [87.38982108100004, 25.957760026000074], [87.39071959600005, 25.95687532100004], [87.39305586600005, 25.95608072300007], [87.39294590000009, 25.955277325000054], [87.39255655600005, 25.95517816100005], [87.39137836400005, 25.95530917800005], [87.39049483100007, 25.955593600000043], [87.38964611500006, 25.955954674000054], [87.38873756300006, 25.956085681000047], [87.38855790100007, 25.956338440000025], [87.38857286700005, 25.956518948000053], [87.38863785900008, 25.957322270000077], [87.38822852200008, 25.95762471300003], [87.38679075500005, 25.95770158600004], [87.38645628800003, 25.957859607000046], [87.38552287900006, 25.95960623900004], [87.38496390000006, 25.961592144000065], [87.38451465500003, 25.96267532400003], [87.38428014000004, 25.96369534400003], [87.38382588300004, 25.964390343000048], [87.38308696400009, 25.964656713000068], [87.38116981800005, 25.964543993000063], [87.38086027700007, 25.96550979700004], [87.38103007400008, 25.966787030000035], [87.38091042100007, 25.968222254000068], [87.38041109100004, 25.968497521000074], [87.37967725800007, 25.96982899900007], [87.37834419200004, 25.97144470300003], [87.37761025300006, 25.97196830300004], [87.37739055100008, 25.971462796000026], [87.37750533000008, 25.970939324000028], [87.37797466000006, 25.970501501000058], [87.37801955900005, 25.969941816000073], [87.37699605200004, 25.969883251000056], [87.37535344100007, 25.97009989000003], [87.37342619300006, 25.970032140000058], [87.37155382600008, 25.969720670000072], [87.37143899000006, 25.96987415500007], [87.37149887800007, 25.970397645000048], [87.37171859200004, 25.97130483600006], [87.37157373800005, 25.97197280000006], [87.37110941900005, 25.972374435000063], [87.37042534700004, 25.972527867000053], [87.36944675400008, 25.972356388000037], [87.36886256400004, 25.97227053100005], [87.36875771500007, 25.972600057000022], [87.36866782700008, 25.97351167200003], [87.36830817200007, 25.975240228000075], [87.36668549400008, 25.975027990000058], [87.36520751800003, 25.975109134000036], [87.36376943300007, 25.975433988000077], [87.36293060000008, 25.97589881400006], [87.36233636700007, 25.976643470000056], [87.36209163300003, 25.976778857000056], [87.36163230200003, 25.97662985900007], [87.36062372200007, 25.97657103100005], [87.35927061700005, 25.97590745100007], [87.35847659700005, 25.976877753000053], [87.35774242000008, 25.978051126000025], [87.35666865600007, 25.97926052500003], [87.35526042600009, 25.98019450000004], [87.35384710400007, 25.98171075500005], [87.35213430500005, 25.981985820000034], [87.35101078600007, 25.98194055400006], [87.34991723400003, 25.982129892000046], [87.34957272600008, 25.981750745000056], [87.34941314300005, 25.980848069000047], [87.34954828300005, 25.979480527000078], [87.34918390700005, 25.978907285000048], [87.34910408700006, 25.97808136200007], [87.34702192000003, 25.97829761400004], [87.34427563900005, 25.978427973000066], [87.34290252200003, 25.97837350700007], [87.34220831700009, 25.978626140000074], [87.34081497300008, 25.97951938800003], [87.33929168000003, 25.980805305000047], [87.33814343700004, 25.979997113000024], [87.33702493200008, 25.979951695000068], [87.33620101100007, 25.979956052000034], [87.33543181200008, 25.98071850900004], [87.33459783400008, 25.981011684000066], [87.33405862800004, 25.980921274000025], [87.33375911000007, 25.980623257000047], [87.33315510200003, 25.980077017000042], [87.32809192000008, 25.98004835100005], [87.32617942500008, 25.980020681000042], [87.32451676400007, 25.97991177600005], [87.32313860000005, 25.980001549000065], [87.32087654800006, 25.980068465000045], [87.32026256600005, 25.979625919000057], [87.31933923800005, 25.978614572000026], [87.31826103000003, 25.978059056000063], [87.31702280500008, 25.977742653000064], [87.31599420300006, 25.97786863600004], [87.31337236700006, 25.978562581000062], [87.31152468400006, 25.978954359000056], [87.30958697600005, 25.97953569400005], [87.30879797400007, 25.979603031000067], [87.30854903900007, 25.97833924400004], [87.30835490000004, 25.977337283000054], [87.30804119700008, 25.97576201700008], [87.30849118600008, 25.97462489700007], [87.30861638400006, 25.973839643000076], [87.30843247700005, 25.972359252000047], [87.30821809300005, 25.97179951700008], [87.30763976600008, 25.970377523000025], [87.30730092600004, 25.969018910000045], [87.30681220200006, 25.968003219000025], [87.30635821800007, 25.967384706000075], [87.30484075400005, 25.966783746000033], [87.30403201300004, 25.966647931000068], [87.30236971600004, 25.96628608000003], [87.30102685400004, 25.965892746000065], [87.29991897400004, 25.965179028000023], [87.29907038700009, 25.964916817000073], [87.29749818700003, 25.964126178000072], [87.29684953800006, 25.963543662000063], [87.29647546600006, 25.96297932500005], [87.29585237900005, 25.961507700000027], [87.29532339700006, 25.961042559000077], [87.29452959000008, 25.96103303800004], [87.29380050100008, 25.961316942000053], [87.29325629700008, 25.961443032000034], [87.29264722900007, 25.96133889600003], [87.29212825400003, 25.961058816000047], [87.29154969800004, 25.960228034000068], [87.29139520200005, 25.959758519000047], [87.29080667700003, 25.958995452000067], [87.28966378400008, 25.95849381000005], [87.28916467500005, 25.95824531100004], [87.28867015700007, 25.958610613000076], [87.28818055200009, 25.959129349000023], [87.28762078100004, 25.96002263200006], [87.28736056300005, 25.960843856000054], [87.28683584500004, 25.961502417000077], [87.28591165100005, 25.962255578000054], [87.28431849900005, 25.963026391000028], [87.28376893300003, 25.963418663000027], [87.28353393400005, 25.96395108300004], [87.28344369100006, 25.964470006000056], [87.28384292400006, 25.96470043900007], [87.28434718900007, 25.96468274800003], [87.28530599400005, 25.96441255800005], [87.28597493900008, 25.964444551000042], [87.28622938400008, 25.96465227300007], [87.28674332100007, 25.965180700000076], [87.28672272300008, 25.965979467000068], [87.28674196500003, 25.966886642000077], [87.28659669000007, 25.96764029700006], [87.28623178200007, 25.968150054000034], [87.28553233600007, 25.968867173000035], [87.28493775200008, 25.969322631000068], [87.28398889000005, 25.96971017900006], [87.28221067900006, 25.97065230900006], [87.28215046300005, 25.97106747400005], [87.28215930400006, 25.97252529900004], [87.28238858900005, 25.972994822000032], [87.28302234700004, 25.973518762000026], [87.28441002900007, 25.973975470000028], [87.28473948700008, 25.974156193000056], [87.28495860100008, 25.974828769000055], [87.28458851100004, 25.975645443000076], [87.28434311500007, 25.97664274300007], [87.28402340400004, 25.97680500200005], [87.28246429800004, 25.978478385000074], [87.28210907900007, 25.979313147000028], [87.28213309200004, 25.98050005400006], [87.28198728300003, 25.981795316000046], [87.28059300200005, 25.98332434400004], [87.27948798200003, 25.985065723000048], [87.27836881900004, 25.985872793000055], [87.27805425300005, 25.985795921000033], [87.27793985800008, 25.985353547000045], [87.27788619800003, 25.98373330000004], [87.27764685600005, 25.983250148000025], [87.27668850700007, 25.982766597000023], [87.27621408400006, 25.98291524700005], [87.27513458500005, 25.983952500000044], [87.27430472800006, 25.985093792000043], [87.27355534600008, 25.985544633000075], [87.27176761300007, 25.985547868000026], [87.27072922300005, 25.98531693500007], [87.26921656000007, 25.984882520000042], [87.26768875800008, 25.98464677100003], [87.26763434600008, 25.984069026000043], [87.26683105700005, 25.983269567000036], [87.26658173900006, 25.98288580700006], [87.26653256100008, 25.98204627900003], [87.26670875200006, 25.980516458000068], [87.26657965100009, 25.979658825000058], [87.26597104100006, 25.979035538000062], [87.26465347700008, 25.97838921600004], [87.26451397000005, 25.97804160000004], [87.26493891000007, 25.977428135000025], [87.26493027100008, 25.97605608200007], [87.26353724000006, 25.97593312400005], [87.26325262200004, 25.975937462000047], [87.26254379900007, 25.975796956000067], [87.26181565300004, 25.974812575000044], [87.26134157400008, 25.97451878800007], [87.26021819300007, 25.974544998000056], [87.25978901500008, 25.974323549000076], [87.25891084300008, 25.973645826000052], [87.25878193900007, 25.97267090200006], [87.25778921700004, 25.97180357800005], [87.25668140500005, 25.97113921700003], [87.25551892900006, 25.970307794000064], [87.25516054500008, 25.96917920800007], [87.25348400800004, 25.968139751000024], [87.25186724100007, 25.967317024000067], [87.25070481700004, 25.966449543000067], [87.24777387400007, 25.966609470000037], [87.24748571400005, 25.966408140000055], [87.24736235300009, 25.96631604600003], [87.24641307300004, 25.965675926000074], [87.24558399200004, 25.965419430000054], [87.24247346200008, 25.965313638000055], [87.24239817200004, 25.964925522000044], [87.24257681500006, 25.96385125100005], [87.24269586900004, 25.96304783100004], [87.24257055000004, 25.962556007000046], [87.24223582900004, 25.962308007000047], [87.24038828800008, 25.962020634000055], [87.23834643800006, 25.962108001000047], [87.23552067600008, 25.962155304000078], [87.23556917600007, 25.96066599200003], [87.23561203500003, 25.958504067000035], [87.23552656000004, 25.957818123000038], [87.23518118500004, 25.956866133000062], [87.23426101900003, 25.955201459000023], [87.23239627600003, 25.952314409000053], [87.23268027600005, 25.951713926000025], [87.23218469300008, 25.950242966000076], [87.23189885300008, 25.94886212600005], [87.23171830100006, 25.94793710700003], [87.23177741600006, 25.94706599700004], [87.23239083300007, 25.946361496000065], [87.23274471800005, 25.945760988000075], [87.23271398900005, 25.944971157000055], [87.23177050800007, 25.94488609800004], [87.22854069800007, 25.944852380000043], [87.22580031500007, 25.944971657000053], [87.22461726800003, 25.944954421000034], [87.22430912500005, 25.946583842000052], [87.22464468600003, 25.94791052200003], [87.22457532200008, 25.948438664000037], [87.22417144400004, 25.948984997000025], [87.22413725200005, 25.949901191000038], [87.22386810900008, 25.95038885300005], [87.22354904100007, 25.950912548000076], [87.22363479300003, 25.952040772000032], [87.22359645000006, 25.953828094000073], [87.22354710000008, 25.95451864000006], [87.22272918400006, 25.955530143000033], [87.221283, 25.95738155500004], [87.22082434600009, 25.95822576100005], [87.21981121000005, 25.958592037000074], [87.21891256100008, 25.958637752000072], [87.21807851500006, 25.95813730900005], [87.21626638400005, 25.958364179000057], [87.21496337300005, 25.958337868000058], [87.21380516900007, 25.958329528000036], [87.21231229400007, 25.95817703000006], [87.21104403500004, 25.957920520000073], [87.21015585500004, 25.958539350000024], [87.20973179300006, 25.958995463000065], [87.20830406500005, 25.959041383000056], [87.20803914000004, 25.958608324000068], [87.20818815900003, 25.957547632000058], [87.20785839200005, 25.957200301000057], [87.20680477900004, 25.956812772000035], [87.20533183900005, 25.956619489000047], [87.20466744200007, 25.955942910000033], [87.20413311400006, 25.955812311000045], [87.20305008700007, 25.956128832000047], [87.20235609900004, 25.95610658000004], [87.20203644800006, 25.955804369000077], [87.20182636500004, 25.955335139000056], [87.20164619900004, 25.954595065000035], [87.20157089000008, 25.953872987000068], [87.20122111100005, 25.953421823000042], [87.20042675800005, 25.95255123800007], [87.20001207200005, 25.95203692800004], [87.19995169500004, 25.95129223300006], [87.19926713100006, 25.95023655600005], [87.19888754400006, 25.94999302900004], [87.19650139300006, 25.949967170000036], [87.19381567800008, 25.949995557000022], [87.19105507000006, 25.950068996000027], [87.19107050500008, 25.950809135000043], [87.19047170000005, 25.951251709000076], [87.19089145200007, 25.95195558100005], [87.19146552900008, 25.95193726800005], [87.19179042000007, 25.952587021000056], [87.19196536100009, 25.953069863000053], [87.19369259800004, 25.952960783000037], [87.19406748400007, 25.953669114000036], [87.19396812100007, 25.954625978000024], [87.19192652200007, 25.954843636000078], [87.19086879100007, 25.955954289000033], [87.19068445700003, 25.95674418300007], [87.18844937900008, 25.95949377200003], [87.18656307900005, 25.960961377000046], [87.18609994700006, 25.963222693000034], [87.18561086500006, 25.96366063800008], [87.18397362100006, 25.96416233000008], [87.18403380200004, 25.964861797000026], [87.18404967000004, 25.966445925000073], [87.18404041800005, 25.96796239500003], [87.18354226400004, 25.97026887800007], [87.18362257600006, 25.971117295000056], [87.18349393300008, 25.973333307000075], [87.18366892300008, 25.973910941000042], [87.18288016700006, 25.97408725200006], [87.18058330500008, 25.974074699000028], [87.18060387500003, 25.975221024000064], [87.17935063700008, 25.975239556000076], [87.17885154600003, 25.975871571000027], [87.17806286800004, 25.976237438000055], [87.17759373300004, 25.976761116000034], [87.17694486800008, 25.977262307000046], [87.17516725500008, 25.97727198700005], [87.17439838700005, 25.977524995000067], [87.17156230900008, 25.97766583500004], [87.17147281200005, 25.978419539000072], [87.17137389800007, 25.98086122600006], [87.17167433300006, 25.982968826000047], [87.16866830600009, 25.982870459000026], [87.16857959900005, 25.986065848000067], [87.16891984200004, 25.98777172100006], [87.16905016300007, 25.989116564000028], [87.16955531200006, 25.991102254000054], [87.16993074700008, 25.993354241000077], [87.16968744200005, 25.99696932300003], [87.17070694300008, 25.998860026000045], [87.16999446900007, 26.000450457000056], [87.16970401400005, 26.001098984000066], [87.17083293800005, 26.001689826000074], [87.17168220100007, 26.00242065900005], [87.17360550600006, 26.00350772400003], [87.17463966000008, 26.004252043000065], [87.17624333500004, 26.005411370000047], [87.17705269800007, 26.006142262000026], [87.17715782600004, 26.006634122000037], [87.17701825200004, 26.007121595000058], [87.17678875900003, 26.007735452000077], [87.17586514300007, 26.008566255000062], [87.17461673900004, 26.009144313000036], [87.17333836500006, 26.009587037000074], [87.17172014400006, 26.00959659600005], [87.16995202500004, 26.00952948500003], [87.16725515900004, 26.00998612400008], [87.16648615400004, 26.01045574500006], [87.16614166500005, 26.011065106000046], [87.16502314900004, 26.011823648000075], [87.16357995500005, 26.012392700000078], [87.16308558000009, 26.012717761000033], [87.16220664800005, 26.013169291000054], [87.16228674200005, 26.013715366000042], [87.16316605500003, 26.014514039000062], [87.16341595300008, 26.01499233800007], [87.16379070100004, 26.015366791000076], [87.16380125700005, 26.015377323000052], [87.16550455100008, 26.017076807000024], [87.16582443100003, 26.017731144000038], [87.16595967900008, 26.018841386000076], [87.16639003500006, 26.021061700000075], [87.16623537500004, 26.021490526000036], [87.16633050500008, 26.02223064100008], [87.16622598400005, 26.023223589000054], [87.16605675000005, 26.024785201000043], [87.16597204700008, 26.02542608500005], [87.16594221000008, 26.025931521000075], [87.16575252600006, 26.02632879300006], [87.16536329400003, 26.027226961000054], [87.16493371900003, 26.027506945000027], [87.16299566700008, 26.02764736000006], [87.16122717600007, 26.02741314900004], [87.16010337300008, 26.027675189000036], [87.15773557400007, 26.027788582000028], [87.15627711300004, 26.028186086000062], [87.15536310900006, 26.02897153200007], [87.15503352900004, 26.02947257900007], [87.15456441900005, 26.03113802400003], [87.15440481600007, 26.032018152000035], [87.15435003500005, 26.032834973000035], [87.15396549300004, 26.03329994300003], [87.15292673700003, 26.034324610000056], [87.15254223100004, 26.035245363000058], [87.15205291900008, 26.03611206200003], [87.15192822100005, 26.03696055100005], [87.15194370600005, 26.03917199500006], [87.15130443300006, 26.04000697400005], [87.15097486900004, 26.040467383000077], [87.14934127700008, 26.040634729000033], [87.14919154700004, 26.041379349000067], [87.14918660900008, 26.041948019000074], [87.15147969400005, 26.04178513900007], [87.15243400200006, 26.041821114000072], [87.15278371500006, 26.041844840000067], [87.15435743600005, 26.041951596000047], [87.15838414400008, 26.041905589000066], [87.15914349700006, 26.041905433000068], [87.15959329000003, 26.042383667000024], [87.16143186300008, 26.04244638700004], [87.16266585400007, 26.04264474200005], [87.16451449700008, 26.042896905000077], [87.16538400200005, 26.043528543000036], [87.16589386300006, 26.04419633400005], [87.16622369300006, 26.044512138000073], [87.16743278100006, 26.04466978100004], [87.16880672500008, 26.044651352000074], [87.17073996000005, 26.044131676000063], [87.17265298600006, 26.043047958000045], [87.17378168500005, 26.04206821200006], [87.17465540800004, 26.04096671900004], [87.17565444800005, 26.040537608000022], [87.17631882000006, 26.04032526900005], [87.17762261800004, 26.04010365000005], [87.17861663800005, 26.03987307700004], [87.17983059800008, 26.03972374400007], [87.18072473300003, 26.03957891400006], [87.18252299700004, 26.038964435000025], [87.18471584800005, 26.03836785200008], [87.18648437300004, 26.03839868400007], [87.18731853900005, 26.038226827000074], [87.18865715100009, 26.03774327800005], [87.18936135300004, 26.03748574900004], [87.19112486800003, 26.037444356000037], [87.19211383900006, 26.037105413000063], [87.19472075500005, 26.035700591000023], [87.19587951200003, 26.03528478800007], [87.19706824800005, 26.03495022100003], [87.19802239800003, 26.03489555500005], [87.19899156300005, 26.035012449000078], [87.19979114400007, 26.03535051700004], [87.20077068600006, 26.035981856000035], [87.20114108800004, 26.03715507900006], [87.20110223300009, 26.038820418000057], [87.20114253400004, 26.03930336800005], [87.20100323000008, 26.040219553000043], [87.20140394100008, 26.041776420000076], [87.20201838400004, 26.04169487300004], [87.20321242700004, 26.04173935500006], [87.20398700800007, 26.041955581000025], [87.20544443400007, 26.04005470100003], [87.20649799100005, 26.03922372200003], [87.20774153600007, 26.038618202000066], [87.20816111700003, 26.038599900000065], [87.20849108100003, 26.038857027000063], [87.20849208100003, 26.040247031000035], [87.20856292300004, 26.04160091700004], [87.20831878100006, 26.042422473000045], [87.20813924900006, 26.042842264000058], [87.20787030300005, 26.044070004000048], [87.20739603900006, 26.044530692000023], [87.20581320600007, 26.045840373000033], [87.20504905400009, 26.046224367000036], [87.20452994400006, 26.046919713000023], [87.20442548900007, 26.04759220300008], [87.20454650600004, 26.04918077800005], [87.20480206200006, 26.05038112400007], [87.20552257300005, 26.051806936000048], [87.20622291200004, 26.053020520000075], [87.20631816400004, 26.053571116000057], [87.20663337200006, 26.054076445000078], [87.20629414600006, 26.05489796300003], [87.20542041800007, 26.055814661000056], [87.20523087000004, 26.056270555000026], [87.20479655100007, 26.056884598000067], [87.20454704800005, 26.057385728000042], [87.20365323000004, 26.058180551000078], [87.20253960600007, 26.05916045300006], [87.20198037200004, 26.059679759000062], [87.20138623900004, 26.06041125200005], [87.20144153700005, 26.060921136000047], [87.20094259100006, 26.06195045900006], [87.20098296900005, 26.062591283000074], [87.20092827500008, 26.063078705000066], [87.20069925800004, 26.064374111000063], [87.20011540400003, 26.065534284000023], [87.19972612700008, 26.066301715000066], [87.19932683300004, 26.06694276500008], [87.19952195200005, 26.067407592000052], [87.19963735200008, 26.068152170000076], [87.20018279700008, 26.069293703000028], [87.20026820100009, 26.069902967000075], [87.20083855000007, 26.071089588000063], [87.20118955500004, 26.072795366000037], [87.20147003400007, 26.07379263000007], [87.20224591100003, 26.075814070000035], [87.20223137700003, 26.07642343400005], [87.20243663500008, 26.077014537000025], [87.20181210100003, 26.077245031000075], [87.20144258900007, 26.077701027000046], [87.20055821100004, 26.077918096000076], [87.19965371400008, 26.077945688000057], [87.19892394800007, 26.077706826000053], [87.19752416800009, 26.076994480000053], [87.19726432500005, 26.076926891000028], [87.19665959500009, 26.076900187000035], [87.19646475200005, 26.07707627800005], [87.19661493300003, 26.07745530300008], [87.19712503900007, 26.078091382000025], [87.19884494500008, 26.079191671000046], [87.19914003400004, 26.079638338000052], [87.19947055800003, 26.080730377000066], [87.19952611700006, 26.081601421000073], [87.19989733800008, 26.083744901000046], [87.20005826500005, 26.085310865000054], [87.20049415200003, 26.08689931500004], [87.20121084400006, 26.09000848200003], [87.20132152400004, 26.091050883000037], [87.20147676300007, 26.091592432000027], [87.20124749900003, 26.092585411000073], [87.19955314000003, 26.092550182000025], [87.19893332000004, 26.092397065000057], [87.19932255500004, 26.09145814200008], [87.19785763600004, 26.09067364300006], [87.19637354200006, 26.09110314900005], [87.19498400600008, 26.09112187200003], [87.19442936400009, 26.091316219000078], [87.19181560900006, 26.091646834000073], [87.19032614800005, 26.091588881000064], [87.19005118200005, 26.09149425100003], [87.19006123200006, 26.091516815000034], [87.18962591400003, 26.090659515000027], [87.18922093100008, 26.090415945000075], [87.18879606900003, 26.09026273300003], [87.18767644600007, 26.090191017000052], [87.18761202800005, 26.09127419600003], [87.18728246900008, 26.091861042000062], [87.18694834800004, 26.093233175000023], [87.18642938500005, 26.094822001000068], [87.18617495300003, 26.095720220000032], [87.18549568800006, 26.096577961000037], [87.18499604700008, 26.09696630600007], [87.18405158400003, 26.097386476000054], [87.18274215700006, 26.097549420000064], [87.18211753700007, 26.09782045000003], [87.18195784200003, 26.098429852000038], [87.18225857900006, 26.100090506000072], [87.18165929700007, 26.101106198000025], [87.18132468800007, 26.10183750400006], [87.18092559000007, 26.10329983200006], [87.18083091600005, 26.104058128000077], [87.18056612600003, 26.104189055000063], [87.17775154800006, 26.103319146000047], [87.17723209600007, 26.104190301000074], [87.17633281700006, 26.10541376200007], [87.17611819600006, 26.10595991400004], [87.17620850200007, 26.106668424000077], [87.17652371500003, 26.107381412000052], [87.17649904300004, 26.108207313000037], [87.17659491700005, 26.110107301000028], [87.17654020500004, 26.110748150000063], [87.17621595800006, 26.11239555800006], [87.17592652500008, 26.11333892300007], [87.17561179900008, 26.113921178000055], [87.17535197700005, 26.11424170600003], [87.17518737200004, 26.114990957000032], [87.17507289300005, 26.116042511000046], [87.17458827600007, 26.116850605000025], [87.17407361800008, 26.117329126000072], [87.17385359300005, 26.11736982900004], [87.17378391800008, 26.11802425600007], [87.17386944300006, 26.119251747000078], [87.17321473600003, 26.119770971000037], [87.17322730800004, 26.11992419300003], [87.17323992100006, 26.120077922000064], [87.17340498500005, 26.120348594000063], [87.17525955400004, 26.120090749000042], [87.17545458000006, 26.120230625000033], [87.17528051400006, 26.122297670000023], [87.17528611700004, 26.123520728000074], [87.17569131000005, 26.124120788000027], [87.17658161600008, 26.12510436100007], [87.17819213300004, 26.12657050300004], [87.17971274400008, 26.12814052300007], [87.18034316900008, 26.12902034700005], [87.18077350200008, 26.129827957000032], [87.17936369000006, 26.130058662000067], [87.17925379400003, 26.130311497000037], [87.17963408200006, 26.130879993000065], [87.18140986000003, 26.132630388000052], [87.18164511300006, 26.133203439000056], [87.18197557300005, 26.134128477000047], [87.18196103900004, 26.135062769000058], [87.18130168900007, 26.136439496000037], [87.18108719100007, 26.13754980300007], [87.18102274300009, 26.138511076000043], [87.18110825400004, 26.139738640000076], [87.18137377700003, 26.140767525000058], [87.18161430300006, 26.141697160000035], [87.18154980700007, 26.142762239000035], [87.18145030900007, 26.143719043000033], [87.18174605100006, 26.145235355000068], [87.18193127100005, 26.14575875500003], [87.18228192500004, 26.147049355000036], [87.18245725700007, 26.147627001000046], [87.18283250800005, 26.14798791900006], [87.18406201400006, 26.14687720200004], [87.18532660900007, 26.14595598300008], [87.18714622900006, 26.144908135000037], [87.18881093600004, 26.144239524000056], [87.19021082600005, 26.143868825000027], [87.19082047700005, 26.143331448000026], [87.19141999600004, 26.14242407000006], [87.19188490800008, 26.142225231000054], [87.19248490100006, 26.142220499000075], [87.19317517900004, 26.142499995000037], [87.19405592600003, 26.143785749000074], [87.19483673600007, 26.145076107000023], [87.19554730200008, 26.145897181000066], [87.19541754100004, 26.146357542000032], [87.19439816400006, 26.147441253000068], [87.19402866700005, 26.148321449000036], [87.19393907700004, 26.14897587100006], [87.19400965200003, 26.150081515000068], [87.19273073300008, 26.152036370000076], [87.19258601200005, 26.152546418000043], [87.19256768100007, 26.15536256100006], [87.19226882200007, 26.157375553000065], [87.19214440500008, 26.158503905000032], [87.19216476500009, 26.159153711000044], [87.19308538100006, 26.159934064000026], [87.19354131600005, 26.161269700000048], [87.19400160300006, 26.161598945000037], [87.19456168200009, 26.161630314000035], [87.19522650900007, 26.161065792000045], [87.19627072800006, 26.159386480000023], [87.19627997900005, 26.158204027000068], [87.19622435100007, 26.157283390000032], [87.19682313900006, 26.155184521000024], [87.19739253900008, 26.154123592000076], [87.19875671700004, 26.152453066000078], [87.19960638600008, 26.151726073000077], [87.20063087700004, 26.150759719000064], [87.20153073800003, 26.150398188000054], [87.20240587100005, 26.150488024000026], [87.20410547900008, 26.149606987000027], [87.20524522600005, 26.14911894100004], [87.20539513000006, 26.149055705000023], [87.20554513900004, 26.14899243700006], [87.20721498200004, 26.14846349100003], [87.20895984700007, 26.148087830000065], [87.21083434700006, 26.14718417000006], [87.21212376400007, 26.14631684400007], [87.21356294700007, 26.14512903700006], [87.21575295800005, 26.144996787000025], [87.21767308700004, 26.14502713400003], [87.21970820100006, 26.144967118000068], [87.22161297500008, 26.144519063000075], [87.22282699400006, 26.143362959000058], [87.22386704300004, 26.14327196000005], [87.22539231800005, 26.14359130300005], [87.22637285000008, 26.144145792000074], [87.22746879900006, 26.14511080500006], [87.22850848400003, 26.144699340000045], [87.22947793200007, 26.143954], [87.23056290500006, 26.143926089000047], [87.23186317400007, 26.14407858000004], [87.23333861000003, 26.14447016200006], [87.23392861400004, 26.144483235000052], [87.23493348100004, 26.144324527000038], [87.23593885200006, 26.144644121000056], [87.23745907300008, 26.14472870000003], [87.23916886100005, 26.144384349000063], [87.24065340200008, 26.14389126800006], [87.24246826200005, 26.143614494000076], [87.24457290700008, 26.143179531000044], [87.24711789300005, 26.14308257600004], [87.24754358400008, 26.143079468000053], [87.25284477100007, 26.14356072100003], [87.25400951900008, 26.143927226000073], [87.25474412600005, 26.144338601000072], [87.25482826900009, 26.145132924000052], [87.25459290100008, 26.145543450000048], [87.25380718300005, 26.14616554500003], [87.25366160900006, 26.146729588000028], [87.25382108900004, 26.14719009500004], [87.25559524100004, 26.14817993300005], [87.25621497700007, 26.14855049700003], [87.25636441900008, 26.14911021200004], [87.25509367600006, 26.149713977000033], [87.25416813700008, 26.150114875000043], [87.25392247300005, 26.150750996000056], [87.25416181100007, 26.15146422500004], [87.25551569000004, 26.152751599000055], [87.25589512000005, 26.153356710000025], [87.25567836300007, 26.15507599800003], [87.25574752000006, 26.155870366000045], [87.25619681800003, 26.156728201000078], [87.25858636500004, 26.15748387700006], [87.25973139800004, 26.157674316000055], [87.26119124800005, 26.15814935800006], [87.26224112800008, 26.15844801700007], [87.26240575000008, 26.158822703000055], [87.26223948300003, 26.160113359000036], [87.26358859800007, 26.16134644600004], [87.26463369800007, 26.161541319000037], [87.26686905000008, 26.161615251000057], [87.26776415500007, 26.16165202800005], [87.26861408500008, 26.161905339000043], [87.26857796200005, 26.163182568000025], [87.26892740400007, 26.163909432000025], [87.26960717700007, 26.164356729000076], [87.27094225400003, 26.164547258000027], [87.27190686900008, 26.165337736000026], [87.27264173000003, 26.165645116000064], [87.27389703400007, 26.165600866000034], [87.27711253000007, 26.165923519000046], [87.27942798300006, 26.16611466300003], [87.28162821200004, 26.166459082000074], [87.28558388400006, 26.166872282000043], [87.28687674900004, 26.163370909000037], [87.28798179300009, 26.163714626000058], [87.29487843000004, 26.16348843000003], [87.29640342400006, 26.16410757400007], [87.29775382500009, 26.16393681900007], [87.29908423300003, 26.16373438000005], [87.29968924300005, 26.16391074200004], [87.30086897600006, 26.164782358000025], [87.30193973100006, 26.164006679000067], [87.30447206000008, 26.16089393900006], [87.30637335800003, 26.159432612000046], [87.30765371800004, 26.15904959900007], [87.30828404100004, 26.158828752000034], [87.30933001000005, 26.157357899000033], [87.31350701000008, 26.15485497000003], [87.31498767600004, 26.153804079000054], [87.31612321600005, 26.15317272200008], [87.31820381100005, 26.152437881000026], [87.31958939200007, 26.151626106000037], [87.32020447000008, 26.151563159000034], [87.31993361600007, 26.153368297000043], [87.31913181000004, 26.156978423000055], [87.31867008600005, 26.160367627000028], [87.32196580900006, 26.160296601000027], [87.32243109100006, 26.159913219000032], [87.32334126300003, 26.15982323700007], [87.32510652500008, 26.16003151900003], [87.32652666700005, 26.16027119000006], [87.32938729900008, 26.160195388000034], [87.33050755100004, 26.159943046000024], [87.33168299700003, 26.159329599000046], [87.33261305600007, 26.159704442000077], [87.33400867500006, 26.158594639000057], [87.33706418200006, 26.15865414900003], [87.34157493700008, 26.15897570800007], [87.34861105100003, 26.159410405000074], [87.34861103900005, 26.15940137800004], [87.34886136200004, 26.158232548000058], [87.34908169300007, 26.156928248000042], [87.34910692200003, 26.15570075000005], [87.34868202800004, 26.15524933000006], [87.34821696500006, 26.15514089900006], [87.34713678600008, 26.15518137300006], [87.34630672000009, 26.155063876000042], [87.34608675400005, 26.154585389000033], [87.34633683900006, 26.154206353000063], [87.34689695300005, 26.154025958000034], [87.34793707000006, 26.154184127000065], [87.34844718800008, 26.154328663000058], [87.34895720600008, 26.154554355000073], [87.34921218900007, 26.154491218000032], [87.34914735100006, 26.153696936000074], [87.34830225500008, 26.15359296200006], [87.34795230700007, 26.15323187300004], [87.34786745500008, 26.152581954000027], [87.34814758100003, 26.15219836700004], [87.34950277800004, 26.15194586700005], [87.35100293700003, 26.15194619300007], [87.35194800900007, 26.15244272800004], [87.35337821400003, 26.15244752600006], [87.35431336900007, 26.152095591000034], [87.35499845900006, 26.15192870900006], [87.35511325000004, 26.153061550000075], [87.35503317300004, 26.153693360000034], [87.35556314500008, 26.154284612000026], [87.35694830800009, 26.154366023000023], [87.35795348200008, 26.154117985000028], [87.35934364800005, 26.154384380000067], [87.36147398000008, 26.154014510000025], [87.36266922600004, 26.15311202500004], [87.36399947300004, 26.153089573000045], [87.36486447200008, 26.154001288000075], [87.36569959700006, 26.15383436700006], [87.36668469000006, 26.154078097000024], [87.36741979700008, 26.154719037000064], [87.36831989400008, 26.155043964000072], [87.36831482000008, 26.156555893000075], [87.36798465400005, 26.15890713700003], [87.36952991700008, 26.158844086000045], [87.37048016200004, 26.158961402000045], [87.37107525600004, 26.159760283000026], [87.37128024000003, 26.160121264000054], [87.37416083800008, 26.161014949000048], [87.37325556200005, 26.16220189200004], [87.37332565900005, 26.163163196000028], [87.37393574200007, 26.16315416200007], [87.37486098100004, 26.161502386000052], [87.37574107300009, 26.160915642000077], [87.37701130600004, 26.16071252100005], [87.37827659900006, 26.16130825500005], [87.37907181400004, 26.16207544100007], [87.37950194300004, 26.163478995000048], [87.38007707500003, 26.16344285100007], [87.38096221300003, 26.16298701000005], [87.38095235200007, 26.16405213300004], [87.38101732500007, 26.164738073000024], [87.38210255700005, 26.164133297000035], [87.38470794000006, 26.162039099000026], [87.38416267000008, 26.159674263000056], [87.38337252500008, 26.15960214200004], [87.38348237700006, 26.15855954700004], [87.38612285700003, 26.15799975500005], [87.38690294800006, 26.15741298100005], [87.38686283700008, 26.15649686300003], [87.38802788900006, 26.155860439000037], [87.38910788800007, 26.154276208000056], [87.39116800800008, 26.153472629000078], [87.39241817700008, 26.15317010600006], [87.39240789900003, 26.151527346000023], [87.39360298100007, 26.151315117000024], [87.39530814600005, 26.151328420000027], [87.39554771500008, 26.148643125000035], [87.39562249600004, 26.147171805000028], [87.39591207400008, 26.14534394100008], [87.39627682900004, 26.143646997000076]]]]}}, {"type": "Feature", "properties": {"OBJECTID": 342, "BLOCK_CODE": "0002", "NEAR_TOWN": "FORBESGAN", "BLK_NAME": "FORBESGANJ", "DIST_NAME": "ARARIA"}, "geometry": {"type": "MultiPolygon", "coordinates": [[[[87.24859258400005, 26.410502939000025], [87.25029392100004, 26.410050617000024], [87.25175006900008, 26.410201700000073], [87.25315500100004, 26.41086772400007], [87.25542951700004, 26.410804357000075], [87.25650144100007, 26.410762249000072], [87.25884214300004, 26.40989033200003], [87.26038064200009, 26.40901152500004], [87.26522496800004, 26.40598403000007], [87.26516664300004, 26.40349464800005], [87.26499775900004, 26.399256507000075], [87.26505043500003, 26.39594002700005], [87.26513017400003, 26.393322368000042], [87.26534950000007, 26.391523826000025], [87.26503975400004, 26.38984997800003], [87.26410864000007, 26.38837612900005], [87.26401430000004, 26.388226797000073], [87.26411589200006, 26.384837470000036], [87.26437909800006, 26.38383680000004], [87.26460491000006, 26.381257635000054], [87.26483412000005, 26.378006388000074], [87.26485190800008, 26.377894832000038], [87.26554350000004, 26.37355732000003], [87.26663088600003, 26.373271370000055], [87.27243254500007, 26.372364022000056], [87.27801920800005, 26.372925615000042], [87.28124375200008, 26.372794200000044], [87.28380012000008, 26.37284360800004], [87.28704415700008, 26.373821553000028], [87.28881447700007, 26.373909188000027], [87.28915363700008, 26.373534475000042], [87.28924334800007, 26.373481885000047], [87.28932721800004, 26.37343271900005], [87.29807651200008, 26.367786170000045], [87.30074910300004, 26.366196088000038], [87.30438241300004, 26.367934991000027], [87.31166148800008, 26.371818294000036], [87.31170220400008, 26.37157408400003], [87.31238918500009, 26.36934471400008], [87.31305452200007, 26.36759838100005], [87.31664222100005, 26.36423091900008], [87.31841920600004, 26.36300985200006], [87.31898412500004, 26.362658844000066], [87.32212718700004, 26.35993831500008], [87.32589398900006, 26.357650797000076], [87.32880914400005, 26.356214598000065], [87.33720371200008, 26.351351391000037], [87.33799244900007, 26.350356435000037], [87.33760055500005, 26.349735124000063], [87.33758669700006, 26.348963897000033], [87.33757021400004, 26.34804838200006], [87.33730617100008, 26.347569527000076], [87.33689593000008, 26.347602607000056], [87.33664048900005, 26.34760631300003], [87.33588338400006, 26.347847426000044], [87.33510019000005, 26.348314389000052], [87.33431304800007, 26.348555892000036], [87.33353638600005, 26.34854915300008], [87.33302596900006, 26.34829948500004], [87.33298867300005, 26.347898489000045], [87.33284314200006, 26.347043461000055], [87.33369840100005, 26.345289731000037], [87.33448297800004, 26.344624236000072], [87.33579580300005, 26.34380665300006], [87.33633362900008, 26.343627410000067], [87.33671209200008, 26.343504645000053], [87.33661685800007, 26.342662451000024], [87.33563657200006, 26.341075196000077], [87.33502897000005, 26.34071414400006], [87.33429372000006, 26.340494745000058], [87.33321697400004, 26.34051047500003], [87.33248380600008, 26.34040830400005], [87.33231420500005, 26.339612330000023], [87.33169413100006, 26.336034916000074], [87.33135372600003, 26.334925620000035], [87.33131180300006, 26.334267602000068], [87.33084374000003, 26.33302025100005], [87.33039538200006, 26.332598199000074], [87.32984433300004, 26.332033327000033], [87.32964382600005, 26.331467849000035], [87.32963405400005, 26.33092206400005], [87.32984770500008, 26.330264855000053], [87.33037638400003, 26.329855715000065], [87.33106884200004, 26.329647218000048], [87.33154565700005, 26.329698889000042], [87.33199830100006, 26.329245789000026], [87.33302700500008, 26.328229348000036], [87.33317908400005, 26.32777147200005], [87.33316471800003, 26.326973270000053], [87.33301456500004, 26.325861117000045], [87.33318600400008, 26.324803033000023], [87.33421560500005, 26.323845297000048], [87.33408469800008, 26.322687846000065], [87.33423606000008, 26.320515730000068], [87.33473148600007, 26.31825294400005], [87.33494695300004, 26.317703944000073], [87.33540489100005, 26.31698459000006], [87.33596140400005, 26.31617799000003], [87.33658804600003, 26.315654620000032], [87.33682922000008, 26.31513682700006], [87.33710427200003, 26.314559879000058], [87.33738255000009, 26.314158877000068], [87.33769781500007, 26.313865553000028], [87.33836322300004, 26.31382885800008], [87.33890566200006, 26.314190843000063], [87.33916619000007, 26.31447581300006], [87.33980632700008, 26.314980750000075], [87.34060246300004, 26.315253350000035], [87.34145968700005, 26.31529945400007], [87.34271970300006, 26.314906635000057], [87.34325844500006, 26.31478607500003], [87.34346598400003, 26.314909313000044], [87.34413561500008, 26.315102557000046], [87.34442040500005, 26.315066786000045], [87.34535731400007, 26.314254695000045], [87.34554094200007, 26.31388207400005], [87.34589781500006, 26.312564078000037], [87.34679142500005, 26.31129248900004], [87.34704272100004, 26.311063216000036], [87.34790443500003, 26.311361891000047], [87.34824897500005, 26.31130276300007], [87.34884668300003, 26.311122582000053], [87.34926225100008, 26.311116476000052], [87.34955424500004, 26.31148210400005], [87.35016687100006, 26.312127278000048], [87.35068086700005, 26.31257990100005], [87.35215584100007, 26.313555192000024], [87.35273290100008, 26.313889620000054], [87.35338471000006, 26.314764205000074], [87.35356050600006, 26.314820948000033], [87.35373234300005, 26.314876413000036], [87.35448409000008, 26.314351129000045], [87.35488937700006, 26.314056477000065], [87.35607644500004, 26.31295641500003], [87.35656926700005, 26.312236453000025], [87.35680906800008, 26.311375792000035], [87.35701808900006, 26.31074563800007], [87.35718710600008, 26.30957028000006], [87.35751446900008, 26.308568535000063], [87.35773512000009, 26.308308175000036], [87.35893307000003, 26.308087518000036], [87.35956372800007, 26.307794113000057], [87.35974625400007, 26.307362854000075], [87.35973376800007, 26.306677370000045], [87.35950179100007, 26.306310864000068], [87.35918039900008, 26.305706525000062], [87.35974335200007, 26.305269681000027], [87.36068642300006, 26.30508441300003], [87.36223640600008, 26.30494881900006], [87.36283757000007, 26.304682854000077], [87.36311513900006, 26.304250240000044], [87.36328613800003, 26.30318759900007], [87.36311407200003, 26.303057177000028], [87.36299933900005, 26.302964048000035], [87.36274116900006, 26.30282137100005], [87.36248462900005, 26.30270677200008], [87.36212893300006, 26.302498308000054], [87.36183961500006, 26.302357099000062], [87.36155192600006, 26.30224396600005], [87.36132703100003, 26.302025507000053], [87.36095225700006, 26.302346743000044], [87.36069851300005, 26.302436253000053], [87.36032248700008, 26.302410133000024], [87.35990075800004, 26.302073569000072], [87.35976574900008, 26.301534221000054], [87.35973893300007, 26.300050414000054], [87.35991515600006, 26.29927645600003], [87.35962891100007, 26.297570929000074], [87.35920540100005, 26.296859862000076], [87.35916350600007, 26.29620633600007], [87.35972437300006, 26.295656758000064], [87.36051539300007, 26.29564517500006], [87.36085735400007, 26.296005577000074], [87.36140113500005, 26.296168942000065], [87.36171500400008, 26.29607862200004], [87.36209026000006, 26.295788951000077], [87.36246296000007, 26.295354888000077], [87.36236055900008, 26.294954920000066], [87.36270634200008, 26.294692702000077], [87.36305226500008, 26.294714615000032], [87.36341643100008, 26.294637117000036], [87.36340757400006, 26.294150030000026], [87.36292473300006, 26.29376017000004], [87.36189241600005, 26.29288669500005], [87.36159633300008, 26.292295531000036], [87.36165774600005, 26.290436097000054], [87.36164125700003, 26.28952504500006], [87.36192288800004, 26.289317889000074], [87.36211307800005, 26.289315094000074], [87.36237050400007, 26.289428588000078], [87.36275818300004, 26.28981989700003], [87.36327357500005, 26.290353654000057], [87.36372429600004, 26.290635700000053], [87.36413729200007, 26.290769487000034], [87.36429596900007, 26.290681413000073], [87.36441703400004, 26.290454101000023], [87.36441127400008, 26.29013836400003], [87.36430742900006, 26.289657228000067], [87.36385306300008, 26.28917677900006], [87.36317379000008, 26.288442410000073], [87.36316509400007, 26.28795982500003], [87.36347808500005, 26.287553716000048], [87.36395520800005, 26.28763244000004], [87.36424259000006, 26.287741018000077], [87.36447175100005, 26.288224811000077], [87.36482952300008, 26.288905259000046], [87.36499706000006, 26.289304274000074], [87.36521780900006, 26.28932803300006], [87.36556712500004, 26.289264308000043], [87.36588147300006, 26.289205456000047], [87.36614216000004, 26.288669362000064], [87.36635296400004, 26.28649634800007], [87.36662853400009, 26.285950984000067], [87.36718621900008, 26.285230022000064], [87.36753401600004, 26.285080522000044], [87.36831659900008, 26.284613377000028], [87.36917052000007, 26.284487976000037], [87.36996136700003, 26.284476350000034], [87.37109955100004, 26.284288063000076], [87.37163713900009, 26.284392922000052], [87.37205589700005, 26.284842335000064], [87.37234344000007, 26.284955404000073], [87.37275882000006, 26.28494924000006], [87.37313768100006, 26.284857944000066], [87.37369915900007, 26.284619591000023], [87.37398031100008, 26.28438535500004], [87.37403810700005, 26.283987496000066], [87.37386698800003, 26.28339007900007], [87.37342338800005, 26.283225250000044], [87.37332407400004, 26.282996638000043], [87.37323336800006, 26.282411541000045], [87.37363439200004, 26.281891277000057], [87.37400862500004, 26.281542948000038], [87.37442309600004, 26.281482664000066], [87.37489509800008, 26.28156141100004], [87.37566430300006, 26.282005593000065], [87.37614291900007, 26.282169959000043], [87.37664692200008, 26.282076795000023], [87.37752229400007, 26.281206677000057], [87.37724393600007, 26.27830119400005], [87.37768155700007, 26.277866135000068], [87.37802726200005, 26.277603879000026], [87.37859065700007, 26.277478243000076], [87.38009249500004, 26.27637328900005], [87.38056485200008, 26.276194935000035], [87.38097379100003, 26.276103118000037], [87.38131188800008, 26.27515530100004], [87.38187211500008, 26.274578576000067], [87.38221719200004, 26.274284746000035], [87.38332227700005, 26.274214166000036], [87.38405304000008, 26.274203372000045], [87.38433460000005, 26.273996173000057], [87.38438539300006, 26.273485622000067], [87.38404062000006, 26.272701341000072], [87.38396298400005, 26.27201679600006], [87.38427435800008, 26.27152496000008], [87.38518875100004, 26.271425712000052], [87.38555493600006, 26.270648790000052], [87.38595603800007, 26.270133087000033], [87.38624027000003, 26.270070272000055], [87.38672299000007, 26.27046007200005], [87.38752976200004, 26.27104804100003], [87.38848103300006, 26.27132254600008], [87.38876571900005, 26.27128678400004], [87.38895122700006, 26.27102683100003], [87.38942668600004, 26.271019804000048], [87.39031677600008, 26.271236587000033], [87.39069451900008, 26.271086627000045], [87.39107018500005, 26.270823841000038], [87.39156188400005, 26.269792550000034], [87.39226816800004, 26.26872189900007], [87.39191267000007, 26.268176787000073], [87.39159110000008, 26.26783878200007], [87.39092601300007, 26.26788030700004], [87.39048264700006, 26.267999664000058], [87.38985367400005, 26.26809473900005], [87.38925667900008, 26.26830214100005], [87.38862841300005, 26.268712919000052], [87.38783973900007, 26.268837464000057], [87.38767332400005, 26.268497084000046], [87.38756879700009, 26.267984390000038], [87.38792336800003, 26.267392683000025], [87.38822557500004, 26.266675425000074], [87.38771280100008, 26.26628161700006], [87.38770016800004, 26.265596111000036], [87.38788628200007, 26.265367722000065], [87.38836110700004, 26.26532913400007], [87.38941129900007, 26.26554350300006], [87.39017722700004, 26.265816361000077], [87.39052262400008, 26.26581115700003], [87.39087039900005, 26.265666113000066], [87.39111985300008, 26.265346667000074], [87.39082981500007, 26.26509383900003], [87.39028360100008, 26.26479068900005], [87.38990319400006, 26.264796353000065], [87.38911348200008, 26.26486228300007], [87.38841678100005, 26.26481853000007], [87.38739139700004, 26.264319476000026], [87.38719598900008, 26.264033703000052], [87.38728429800005, 26.26366247900006], [87.38783515500006, 26.263401633000058], [87.38841904100008, 26.263302804000034], [87.38889088100007, 26.263097273000028], [87.38973568100005, 26.26248465900005], [87.39054592400004, 26.261899742000026], [87.39147576400006, 26.26155655900004], [87.39254591400004, 26.261224871000024], [87.39358037700003, 26.260582345000046], [87.39453709300005, 26.259250845000054], [87.39491115800007, 26.25890697400007], [87.39652600900007, 26.25879713200004], [87.39718105500003, 26.258214371000065], [87.39789773500007, 26.257716466000034], [87.39878201000005, 26.257617545000073], [87.39974607600004, 26.256691947000036], [87.40058123400007, 26.255565208000064], [87.40089178600005, 26.255232507000073], [87.40120471800003, 26.254897250000056], [87.40250923100007, 26.253709376000074], [87.40398051900007, 26.25260016200008], [87.40570035300004, 26.251406006000025], [87.40716918400005, 26.250441115000058], [87.40722583800004, 26.24975617800004], [87.40745347500007, 26.249092142000052], [87.40856845700006, 26.24809953600004], [87.40983963500008, 26.248054031000038], [87.41042024700005, 26.248071972000048], [87.41165678300007, 26.24925406600005], [87.41240240900004, 26.248933494000028], [87.41268244300005, 26.24837832000003], [87.41314225900004, 26.246572977000028], [87.41342237100008, 26.246148684000048], [87.41431814700007, 26.24590018300006], [87.41551452000004, 26.246536200000037], [87.41717619400004, 26.247027595000077], [87.41855253300008, 26.247126515000048], [87.41855753500005, 26.24712646100005], [87.41842710600008, 26.246445064000056], [87.41918741500007, 26.245366252000053], [87.41918677800004, 26.243691916000046], [87.41976217800004, 26.24344801700005], [87.42108824000007, 26.24301433000005], [87.42179857400004, 26.242400359000044], [87.42216844000006, 26.241258389000052], [87.42095173300004, 26.23955288700006], [87.42062564700007, 26.237621368000077], [87.42084043400007, 26.236754810000036], [87.42155589500004, 26.23627626900003], [87.42343198700007, 26.235187934000066], [87.42634338700003, 26.232898844000033], [87.42794419400008, 26.231751975000066], [87.43042518700008, 26.229679567000062], [87.43092486300003, 26.22833895800005], [87.43150474800007, 26.22710211200007], [87.43249991200008, 26.22599157600007], [87.43149402500006, 26.22577981300003], [87.43007303200005, 26.225839086000065], [87.42867193300003, 26.225758403000043], [87.42828656200004, 26.22560053600006], [87.42822128300008, 26.225090584000043], [87.42821590400007, 26.22421504600004], [87.42842069400007, 26.22347034200004], [87.42908092700009, 26.223109064000028], [87.42926596400008, 26.22286979300003], [87.42916576400006, 26.222468167000045], [87.42761419100003, 26.221633799000074], [87.42718341200003, 26.220559923000053], [87.42617242000006, 26.219951001000027], [87.42576676300007, 26.21916137900007], [87.42583622700005, 26.217820981000045], [87.42569572000008, 26.21671081100004], [87.42504006300004, 26.216304845000025], [87.42340369700008, 26.215583346000074], [87.42264298300006, 26.21515482500007], [87.42156732800004, 26.215227353000046], [87.41960120500005, 26.21567031400008], [87.41601413200004, 26.216537822000078], [87.41595906600008, 26.21655140000007], [87.41299730100008, 26.21726983600007], [87.41244696800004, 26.21722938000005], [87.41312199500004, 26.21612799600007], [87.41308185200006, 26.215785038000035], [87.40914911500005, 26.21545652800006], [87.40873833000006, 26.213534046000063], [87.40732232500005, 26.213371906000077], [87.40745220600007, 26.212591176000046], [87.40772209400006, 26.211647855000024], [87.40752661400006, 26.210451945000045], [87.40663088900004, 26.209648784000024], [87.40621037400007, 26.20877332400005], [87.40634023500007, 26.208123484000055], [87.40653021100007, 26.20751868800005], [87.40745063300005, 26.207035534000056], [87.40877639300004, 26.20696301600003], [87.40887607800005, 26.20592054900004], [87.40937608100006, 26.204999729000065], [87.41008608000004, 26.203492220000044], [87.41130138800008, 26.20227333500003], [87.41116073400008, 26.20068932600003], [87.41274086300007, 26.198454964000064], [87.41322524300006, 26.195774036000046], [87.41384020700008, 26.19480360700004], [87.41409523200008, 26.194514689000073], [87.41495044600003, 26.194004457000062], [87.41525529400008, 26.193273237000028], [87.41506999000006, 26.19244289200003], [87.41412904300006, 26.190958342000044], [87.41391863200005, 26.190182153000023], [87.41393342500004, 26.189505245000078], [87.41435339900005, 26.188895854000066], [87.41518354100003, 26.188236663000055], [87.41551339600005, 26.187397214000043], [87.41533776300008, 26.185912398000028], [87.41485232700006, 26.185307806000026], [87.41478220400006, 26.184897179000075], [87.41501198600008, 26.183994505000044], [87.41468135700006, 26.18260004600006], [87.41414583900007, 26.181733648000034], [87.41285042900006, 26.18187386900007], [87.41177024600006, 26.182645888000025], [87.41137019100006, 26.182889743000032], [87.41056490400007, 26.183029873000066], [87.40885961100008, 26.18441123300005], [87.40727877900008, 26.18354959100003], [87.40714796100008, 26.181026819000067], [87.40668272300007, 26.180611734000024], [87.40553210900003, 26.180043390000037], [87.40518668300007, 26.17861728200006], [87.40460136200005, 26.17820669400004], [87.40429607500005, 26.17750730000006], [87.40324548300003, 26.17661391100006], [87.40267501600005, 26.175580472000036], [87.40367517700008, 26.175020671000027], [87.40405519500007, 26.17450162700004], [87.40383475900006, 26.173256019000064], [87.40336454600003, 26.172980805000066], [87.40352396000009, 26.170476018000045], [87.40371851900005, 26.168544446000055], [87.40342792400008, 26.166193100000044], [87.40356272500009, 26.16564248800006], [87.40518275700003, 26.164211501000068], [87.40622764500006, 26.16299728300004], [87.40648752000004, 26.16209916500003], [87.40618172400008, 26.15962601800004], [87.40578643400005, 26.15874610800006], [87.40589119100008, 26.158014896000054], [87.40651112600005, 26.15730168700003], [87.40649617900004, 26.15727467000005], [87.40627594500006, 26.156832380000026], [87.40283490000007, 26.154666864000035], [87.40233958400006, 26.153619896000066], [87.39895883100007, 26.152185321000047], [87.39681332700007, 26.151409405000038], [87.39530814600005, 26.151328420000027], [87.39360298100007, 26.151315117000024], [87.39240789900003, 26.151527346000023], [87.39241817700008, 26.15317010600006], [87.39116800800008, 26.153472629000078], [87.38910788800007, 26.154276208000056], [87.38802788900006, 26.155860439000037], [87.38686283700008, 26.15649686300003], [87.38690294800006, 26.15741298100005], [87.38612285700003, 26.15799975500005], [87.38348237700006, 26.15855954700004], [87.38337252500008, 26.15960214200004], [87.38416267000008, 26.159674263000056], [87.38470794000006, 26.162039099000026], [87.38210255700005, 26.164133297000035], [87.38101732500007, 26.164738073000024], [87.38095235200007, 26.16405213300004], [87.38096221300003, 26.16298701000005], [87.38007707500003, 26.16344285100007], [87.37950194300004, 26.163478995000048], [87.37907181400004, 26.16207544100007], [87.37827659900006, 26.16130825500005], [87.37701130600004, 26.16071252100005], [87.37574107300009, 26.160915642000077], [87.37486098100004, 26.161502386000052], [87.37393574200007, 26.16315416200007], [87.37332565900005, 26.163163196000028], [87.37325556200005, 26.16220189200004], [87.37416083800008, 26.161014949000048], [87.37128024000003, 26.160121264000054], [87.37107525600004, 26.159760283000026], [87.37048016200004, 26.158961402000045], [87.36952991700008, 26.158844086000045], [87.36798465400005, 26.15890713700003], [87.36831482000008, 26.156555893000075], [87.36831989400008, 26.155043964000072], [87.36741979700008, 26.154719037000064], [87.36668469000006, 26.154078097000024], [87.36569959700006, 26.15383436700006], [87.36486447200008, 26.154001288000075], [87.36399947300004, 26.153089573000045], [87.36266922600004, 26.15311202500004], [87.36147398000008, 26.154014510000025], [87.35934364800005, 26.154384380000067], [87.35795348200008, 26.154117985000028], [87.35694830800009, 26.154366023000023], [87.35556314500008, 26.154284612000026], [87.35503317300004, 26.153693360000034], [87.35511325000004, 26.153061550000075], [87.35499845900006, 26.15192870900006], [87.35431336900007, 26.152095591000034], [87.35337821400003, 26.15244752600006], [87.35194800900007, 26.15244272800004], [87.35100293700003, 26.15194619300007], [87.34950277800004, 26.15194586700005], [87.34814758100003, 26.15219836700004], [87.34786745500008, 26.152581954000027], [87.34795230700007, 26.15323187300004], [87.34830225500008, 26.15359296200006], [87.34914735100006, 26.153696936000074], [87.34921218900007, 26.154491218000032], [87.34895720600008, 26.154554355000073], [87.34844718800008, 26.154328663000058], [87.34793707000006, 26.154184127000065], [87.34689695300005, 26.154025958000034], [87.34633683900006, 26.154206353000063], [87.34608675400005, 26.154585389000033], [87.34630672000009, 26.155063876000042], [87.34713678600008, 26.15518137300006], [87.34821696500006, 26.15514089900006], [87.34868202800004, 26.15524933000006], [87.34910692200003, 26.15570075000005], [87.34908169300007, 26.156928248000042], [87.34886136200004, 26.158232548000058], [87.34861103900005, 26.15940137800004], [87.34861105100003, 26.159410405000074], [87.34157493700008, 26.15897570800007], [87.33706418200006, 26.15865414900003], [87.33400867500006, 26.158594639000057], [87.33261305600007, 26.159704442000077], [87.33168299700003, 26.159329599000046], [87.33050755100004, 26.159943046000024], [87.32938729900008, 26.160195388000034], [87.32652666700005, 26.16027119000006], [87.32510652500008, 26.16003151900003], [87.32334126300003, 26.15982323700007], [87.32243109100006, 26.159913219000032], [87.32196580900006, 26.160296601000027], [87.31867008600005, 26.160367627000028], [87.31913181000004, 26.156978423000055], [87.31993361600007, 26.153368297000043], [87.32020447000008, 26.151563159000034], [87.31958939200007, 26.151626106000037], [87.31820381100005, 26.152437881000026], [87.31612321600005, 26.15317272200008], [87.31498767600004, 26.153804079000054], [87.31350701000008, 26.15485497000003], [87.30933001000005, 26.157357899000033], [87.30828404100004, 26.158828752000034], [87.30765371800004, 26.15904959900007], [87.30637335800003, 26.159432612000046], [87.30447206000008, 26.16089393900006], [87.30193973100006, 26.164006679000067], [87.30086897600006, 26.164782358000025], [87.29968924300005, 26.16391074200004], [87.29908423300003, 26.16373438000005], [87.29775382500009, 26.16393681900007], [87.29640342400006, 26.16410757400007], [87.29487843000004, 26.16348843000003], [87.28798179300009, 26.163714626000058], [87.28687674900004, 26.163370909000037], [87.28558388400006, 26.166872282000043], [87.28162821200004, 26.166459082000074], [87.27942798300006, 26.16611466300003], [87.27711253000007, 26.165923519000046], [87.27389703400007, 26.165600866000034], [87.27264173000003, 26.165645116000064], [87.27190686900008, 26.165337736000026], [87.27094225400003, 26.164547258000027], [87.26960717700007, 26.164356729000076], [87.26892740400007, 26.163909432000025], [87.26857796200005, 26.163182568000025], [87.26861408500008, 26.161905339000043], [87.26776415500007, 26.16165202800005], [87.26686905000008, 26.161615251000057], [87.26463369800007, 26.161541319000037], [87.26358859800007, 26.16134644600004], [87.26223948300003, 26.160113359000036], [87.26240575000008, 26.158822703000055], [87.26224112800008, 26.15844801700007], [87.26119124800005, 26.15814935800006], [87.25973139800004, 26.157674316000055], [87.25858636500004, 26.15748387700006], [87.25619681800003, 26.156728201000078], [87.25574752000006, 26.155870366000045], [87.25567836300007, 26.15507599800003], [87.25589512000005, 26.153356710000025], [87.25551569000004, 26.152751599000055], [87.25416181100007, 26.15146422500004], [87.25392247300005, 26.150750996000056], [87.25416813700008, 26.150114875000043], [87.25509367600006, 26.149713977000033], [87.25636441900008, 26.14911021200004], [87.25621497700007, 26.14855049700003], [87.25559524100004, 26.14817993300005], [87.25382108900004, 26.14719009500004], [87.25366160900006, 26.146729588000028], [87.25380718300005, 26.14616554500003], [87.25459290100008, 26.145543450000048], [87.25482826900009, 26.145132924000052], [87.25474412600005, 26.144338601000072], [87.25400951900008, 26.143927226000073], [87.25284477100007, 26.14356072100003], [87.24754358400008, 26.143079468000053], [87.24711789300005, 26.14308257600004], [87.24457290700008, 26.143179531000044], [87.24246826200005, 26.143614494000076], [87.24065340200008, 26.14389126800006], [87.23916886100005, 26.144384349000063], [87.23745907300008, 26.14472870000003], [87.23593885200006, 26.144644121000056], [87.23493348100004, 26.144324527000038], [87.23392861400004, 26.144483235000052], [87.23333861000003, 26.14447016200006], [87.23186317400007, 26.14407858000004], [87.23056290500006, 26.143926089000047], [87.22947793200007, 26.143954], [87.22850848400003, 26.144699340000045], [87.22746879900006, 26.14511080500006], [87.22637285000008, 26.144145792000074], [87.22539231800005, 26.14359130300005], [87.22386704300004, 26.14327196000005], [87.22282699400006, 26.143362959000058], [87.22161297500008, 26.144519063000075], [87.21970820100006, 26.144967118000068], [87.21767308700004, 26.14502713400003], [87.21575295800005, 26.144996787000025], [87.21356294700007, 26.14512903700006], [87.21212376400007, 26.14631684400007], [87.21083434700006, 26.14718417000006], [87.20895984700007, 26.148087830000065], [87.20721498200004, 26.14846349100003], [87.20554513900004, 26.14899243700006], [87.20539513000006, 26.149055705000023], [87.20524522600005, 26.14911894100004], [87.20410547900008, 26.149606987000027], [87.20240587100005, 26.150488024000026], [87.20153073800003, 26.150398188000054], [87.20063087700004, 26.150759719000064], [87.19960638600008, 26.151726073000077], [87.19875671700004, 26.152453066000078], [87.19739253900008, 26.154123592000076], [87.19682313900006, 26.155184521000024], [87.19622435100007, 26.157283390000032], [87.19627997900005, 26.158204027000068], [87.19627072800006, 26.159386480000023], [87.19522650900007, 26.161065792000045], [87.19456168200009, 26.161630314000035], [87.19400160300006, 26.161598945000037], [87.19354131600005, 26.161269700000048], [87.19308538100006, 26.159934064000026], [87.19216476500009, 26.159153711000044], [87.19214440500008, 26.158503905000032], [87.19226882200007, 26.157375553000065], [87.19256768100007, 26.15536256100006], [87.19258601200005, 26.152546418000043], [87.19273073300008, 26.152036370000076], [87.19400965200003, 26.150081515000068], [87.19393907700004, 26.14897587100006], [87.19402866700005, 26.148321449000036], [87.19439816400006, 26.147441253000068], [87.19541754100004, 26.146357542000032], [87.19554730200008, 26.145897181000066], [87.19483673600007, 26.145076107000023], [87.19405592600003, 26.143785749000074], [87.19317517900004, 26.142499995000037], [87.19248490100006, 26.142220499000075], [87.19188490800008, 26.142225231000054], [87.19141999600004, 26.14242407000006], [87.19082047700005, 26.143331448000026], [87.19021082600005, 26.143868825000027], [87.18881093600004, 26.144239524000056], [87.18714622900006, 26.144908135000037], [87.18532660900007, 26.14595598300008], [87.18406201400006, 26.14687720200004], [87.18283250800005, 26.14798791900006], [87.18256263300003, 26.148407743000064], [87.18214794400006, 26.149008136000077], [87.18162823800003, 26.149789105000025], [87.18150388700008, 26.151102494000042], [87.18143519900008, 26.153674925000075], [87.18178061500004, 26.154563893000045], [87.18225652000007, 26.15618841400004], [87.18229219900007, 26.157537811000054], [87.18200302000008, 26.159383796000043], [87.18161344900005, 26.16039483700007], [87.18060879300003, 26.161311411000042], [87.17913876300008, 26.16195280900007], [87.17740885200004, 26.162955328000066], [87.17628896800005, 26.163786170000037], [87.17578931700007, 26.164725068000052], [87.17537466900006, 26.16588958500006], [87.17546029300007, 26.16720287000004], [87.17586577800006, 26.167969984000024], [87.17703175400004, 26.16954912700004], [87.17784775800004, 26.17114648200004], [87.17901932800004, 26.173894462000078], [87.17950032300007, 26.175658919000057], [87.17941058900004, 26.176227569000048], [87.17866131500006, 26.178213597000024], [87.17888163400005, 26.17889499300003], [87.17936210400006, 26.17946347000003], [87.18061861900009, 26.181579628000065], [87.18137415900009, 26.18221566300008], [87.18175502300005, 26.18374090900005], [87.18220087300006, 26.184936738000033], [87.18238266000003, 26.188515522000046], [87.18197825600004, 26.189937273000055], [87.18127932200008, 26.19285750000006], [87.18087510000004, 26.19482090400004], [87.18010572900005, 26.196761777000063], [87.17928601100004, 26.198404881000044], [87.17877658200007, 26.20014257100007], [87.17886231400007, 26.20152351200005], [87.17942286300007, 26.202132601000073], [87.18043361300005, 26.202466212000047], [87.18205459100005, 26.202636983000048], [87.18307067500007, 26.203764918000047], [87.18320126800006, 26.20466742600007], [87.18231144500004, 26.20610744800007], [87.18218668400004, 26.206712236000044], [87.18242734300009, 26.207804293000038], [87.18267790600004, 26.20854433100004], [87.18272845800004, 26.20953719000005], [87.18254856000004, 26.209970530000078], [87.18136887600008, 26.212119263000034], [87.18052860300008, 26.212764890000074], [87.17938869000005, 26.214308860000074], [87.17870849900004, 26.214990584000077], [87.17812851400004, 26.215730879000034], [87.17720382200008, 26.21777564100006], [87.17684901000007, 26.21877313300007], [87.17625898800009, 26.21970305800005], [87.17564403500006, 26.220705138000028], [87.17544932000004, 26.22165750100004], [87.17545479000006, 26.222686499000076], [87.17527549500005, 26.224554942000054], [87.17564141000008, 26.225935778000064], [87.17605694400004, 26.226544906000072], [87.17589697100004, 26.226793201000078], [87.17586703700005, 26.22710008200005], [87.17692348600008, 26.228372351000075], [87.17760428300005, 26.229166469000063], [87.17824515600006, 26.229843147000054], [87.17892611200006, 26.230849271000068], [87.17908192900006, 26.23216708900003], [87.17907711900006, 26.23261833400005], [87.17958776800003, 26.233037859000035], [87.18003316700003, 26.233313020000026], [87.18014865900005, 26.234062117000065], [87.18024899200003, 26.234499868000057], [87.18083466000007, 26.234978015000024], [87.18113004800006, 26.235280244000023], [87.18143136900005, 26.23736069000006], [87.18165696200003, 26.238190926000073], [87.18254342600005, 26.239508458000046], [87.18275886400005, 26.240027302000044], [87.18406565900005, 26.24142136200004], [87.18427626300007, 26.242170404000035], [87.18399123500006, 26.242657937000047], [87.18313065600006, 26.243078010000033], [87.18246018200006, 26.24320464500005], [87.18222007900005, 26.243529667000075], [87.18199550600008, 26.244829511000034], [87.18199091600007, 26.24548843100007], [87.18363167100006, 26.24417445000006], [87.18447729800005, 26.24386724200008], [87.18621291500006, 26.242079329000035], [87.18659813300007, 26.241826459000038], [87.18737373500005, 26.241668163000043], [87.18786420700008, 26.24173565600006], [87.18882945400009, 26.240652114000056], [87.18942483500007, 26.240435148000074], [87.189975, 26.239771542000028], [87.19058039000004, 26.23956368900008], [87.19228667900006, 26.239246906000062], [87.19261719000008, 26.23958074500007], [87.19324356800007, 26.241069725000045], [87.19381918000005, 26.24129509900007], [87.19491527500008, 26.241398393000054], [87.19702262400006, 26.242187181000077], [87.19799388700005, 26.24275082500003], [87.19895011100004, 26.243454324000027], [87.19951084800005, 26.243769978000046], [87.20016640500006, 26.24371542800003], [87.20089696000008, 26.243530039000063], [87.20131210000005, 26.24312811200008], [87.20249264700004, 26.24243703700006], [87.20329804700003, 26.241940192000072], [87.20391349900007, 26.241835991000073], [87.20367000200008, 26.244268688000034], [87.20274503800005, 26.24562308700007], [87.20268579200007, 26.24675139900006], [87.20292163200008, 26.24773963900003], [87.20471010400007, 26.250378719000025], [87.20552816700007, 26.251530826000078], [87.20642297600006, 26.25295320300006], [87.20820289500006, 26.25462077800006], [87.20970308400007, 26.254234861000043], [87.21002936000008, 26.254884583000035], [87.21219181900005, 26.254886657000043], [87.21227842700006, 26.253784712000027], [87.21402732800004, 26.25152311900007], [87.21434484100007, 26.250467694000065], [87.21397391400006, 26.24974240000006], [87.21323190900006, 26.24852796500005], [87.21385593800005, 26.246550799000033], [87.21444571300003, 26.245444749000058], [87.21532806300007, 26.24749312800003], [87.21569448000008, 26.24885588400008], [87.21616114100004, 26.25038098600004], [87.21721005100005, 26.25296836700005], [87.21819775600005, 26.253356412000073], [87.22008887400006, 26.253596663000053], [87.22036152200008, 26.254626003000055], [87.22168961300008, 26.255316035000078], [87.22185631100007, 26.255404018000036], [87.22088565300004, 26.256319646000065], [87.21964785200004, 26.25949904600003], [87.22008482200005, 26.261360749000062], [87.22062228200008, 26.262652667000054], [87.22130979500008, 26.263942524000072], [87.22085469900009, 26.265446585000063], [87.22080662700006, 26.266160013000047], [87.22067612800004, 26.267028022000034], [87.22188047900005, 26.26719640300007], [87.22216126600006, 26.267815136000024], [87.22177334300005, 26.268853558000046], [87.22083696900006, 26.269732587000078], [87.21830526300005, 26.270114713000055], [87.21928509000008, 26.273588577000055], [87.21900116200004, 26.273966882000025], [87.21856477500006, 26.274509726000076], [87.21824622700007, 26.275213362000045], [87.21629306300008, 26.275470248000033], [87.21642222800006, 26.276600794000046], [87.21765542000009, 26.27758545100005], [87.21985078000006, 26.27832225700007], [87.22034426200008, 26.279082474000063], [87.22164796200008, 26.279795368000066], [87.22203345500003, 26.282754026000077], [87.22144317300007, 26.286926177000055], [87.22153357100007, 26.288124908000043], [87.22246359500008, 26.290412933000027], [87.22226983500008, 26.29227879800004], [87.22204168700006, 26.29388349100003], [87.22173214000009, 26.295417069000052], [87.22089739000006, 26.296393969000064], [87.22227823800006, 26.297209662000057], [87.22236239600005, 26.299811517000023], [87.22158634300007, 26.30218614900008], [87.22055666700004, 26.304663490000053], [87.21898151000005, 26.30568666000005], [87.21634384000004, 26.306954430000076], [87.21498911600008, 26.30798800100007], [87.21428154800003, 26.308493973000054], [87.21376384000007, 26.30986794200004], [87.21450727800004, 26.31089088400006], [87.21716937700006, 26.311061970000026], [87.21884805300004, 26.31023140700006], [87.21918408500005, 26.30878311300006], [87.22159290800005, 26.309079385000075], [87.22204307400006, 26.309343890000036], [87.22253845500006, 26.310203281000042], [87.22312076500003, 26.309694498000056], [87.22437629300003, 26.309609540000054], [87.22517607800006, 26.308930900000064], [87.22698569000005, 26.30873905800007], [87.22710831400008, 26.309472655000036], [87.22693549700006, 26.310205922000023], [87.22752737900004, 26.310265383000058], [87.22803175700005, 26.309293067000056], [87.22887837200005, 26.30901516800003], [87.22944837900008, 26.31013964300007], [87.23067223000004, 26.31025365100004], [87.23346169400008, 26.309082773000057], [87.23428697300005, 26.30960819200004], [87.23594863200003, 26.30954908900003], [87.23618818700004, 26.31067816700005], [87.23784598100008, 26.31039349100007], [87.24359897600004, 26.309447574000046], [87.24392036500006, 26.313007007000067], [87.24498039800005, 26.31465696300006], [87.24668908500007, 26.31500310200005], [87.24578560600008, 26.316346544000055], [87.24319387500003, 26.31825022000004], [87.24150101500004, 26.318539888000032], [87.23980938100004, 26.319194924000044], [87.23908812600007, 26.320071135000035], [87.23827370700008, 26.320181724000065], [87.23821221900005, 26.320981032000077], [87.23624608000006, 26.322573678000026], [87.23362095400006, 26.326940929000045], [87.23412685900007, 26.326942922000057], [87.23990821000007, 26.323506398000063], [87.24060866800005, 26.32346509100006], [87.24600179300006, 26.326322480000044], [87.24614847900006, 26.326401695000072], [87.24381421500004, 26.328432664000047], [87.24249226100005, 26.33108565400005], [87.24131903900008, 26.331602642000064], [87.24070506700008, 26.332608245000074], [87.23426534700008, 26.333590669000046], [87.23369577400007, 26.33367524700003], [87.22972887800006, 26.335160191000057], [87.22688006400006, 26.335235542000078], [87.22631283400005, 26.334575758000028], [87.22394625900006, 26.33444142700006], [87.21840756600005, 26.337179226000046], [87.21544943600009, 26.33790104600007], [87.21439627400008, 26.338718492000055], [87.21294482500008, 26.340569943000048], [87.21305332700007, 26.34225119200005], [87.21437689200008, 26.343798520000064], [87.21371974400006, 26.34670378100003], [87.21348970800005, 26.348507021000046], [87.21236191000008, 26.349654822000048], [87.21018268800003, 26.34995082200004], [87.20924012800003, 26.35109603500007], [87.20781228100003, 26.351981728000055], [87.20623632100006, 26.35181377600003], [87.20631140500006, 26.352701505000027], [87.20609841700008, 26.353439698000045], [87.20511364700008, 26.35625022100004], [87.20614659000006, 26.356303800000035], [87.20784229900005, 26.355847546000064], [87.21022508800007, 26.35454730300006], [87.21231745600005, 26.35355319300004], [87.21323911200005, 26.353242840000064], [87.21370000800005, 26.354432046000056], [87.21238103900004, 26.357314778000045], [87.21312799800006, 26.357638359000077], [87.21263129700003, 26.35907980500008], [87.21330257200003, 26.35936838400005], [87.21476039400005, 26.35788219500006], [87.21560521000004, 26.35777135400008], [87.21617187100009, 26.358395184000074], [87.21633120300004, 26.35892979700003], [87.21603883600005, 26.35941656800003], [87.21306108700009, 26.360201742000072], [87.21285987000005, 26.361336872000038], [87.21401875300006, 26.362020216000076], [87.21269871000004, 26.36277369100003], [87.21448259300007, 26.36338084600004], [87.21524089700006, 26.364371939000023], [87.21712538300005, 26.364409244000058], [87.21700949700005, 26.366143185000055], [87.21735936800007, 26.36727524400004], [87.21855043900007, 26.36807540700005], [87.21762085700004, 26.368512225000075], [87.21676806400006, 26.369042740000054], [87.21882057900007, 26.370417562000057], [87.21826906700005, 26.37069131800007], [87.21556220800005, 26.370327032000034], [87.21461350200008, 26.371409177000032], [87.21660651100007, 26.373114161000046], [87.21463761700005, 26.374905184000056], [87.21446349600006, 26.375575182000034], [87.21542366800008, 26.375462799000047], [87.21531951600008, 26.380259807000073], [87.21645834500004, 26.379743360000077], [87.21690882900003, 26.38030559400005], [87.21868380400008, 26.380078209000033], [87.22085986400003, 26.38104079900006], [87.22272724400005, 26.38211579500006], [87.22424911200005, 26.382324958000027], [87.22559818300005, 26.381210074000023], [87.22711769400007, 26.379222178000077], [87.22911095700005, 26.378860807000024], [87.22973663800008, 26.378820630000064], [87.23134994700007, 26.377932077000025], [87.23308377100005, 26.377641965000066], [87.23433896200004, 26.377489198000035], [87.23663961700004, 26.377822706000075], [87.23663487600004, 26.377836371000058], [87.23574365300004, 26.37963522600006], [87.23570084700003, 26.381237317000057], [87.23761932700006, 26.38324073800004], [87.23726344700003, 26.384111835000056], [87.23715127700007, 26.38604424500005], [87.23523830400006, 26.38670691200008], [87.23428717000007, 26.387351654000042], [87.23370392200007, 26.387824374000047], [87.23208695100004, 26.38851446500007], [87.23051189500006, 26.389600897000037], [87.22841787400006, 26.390229856000076], [87.22720556900003, 26.39084656800003], [87.22557679600004, 26.390837514000054], [87.22446741200008, 26.391615211000044], [87.22369013800005, 26.393060499000057], [87.22439521100006, 26.39531997000006], [87.22510635500004, 26.39794024200006], [87.22553893700007, 26.399499696000078], [87.22665891500003, 26.400815102000024], [87.22639042600008, 26.401820343000054], [87.22629893900006, 26.402922292000028], [87.22849944000006, 26.40382130200004], [87.22833333800008, 26.404955894000068], [87.23060941200004, 26.406160528000044], [87.23263422600007, 26.405866287000038], [87.23386062400004, 26.408114013000045], [87.23433127100003, 26.409839739000063], [87.23462603000007, 26.411834216000045], [87.23535066800008, 26.41522108600003], [87.24755458300007, 26.411640772000055], [87.24859258400005, 26.410502939000025]]]]}}, {"type": "Feature", "properties": {"OBJECTID": 343, "BLOCK_CODE": "0006", "NEAR_TOWN": "FORBESGAN", "BLK_NAME": "KURSAKATTA", "DIST_NAME": "ARARIA"}, "geometry": {"type": "MultiPolygon", "coordinates": [[[[87.46483666100005, 26.327016873000048], [87.46382220000004, 26.326879113000075], [87.46205570700005, 26.326960561000078], [87.46202176100007, 26.327547507000077], [87.46111129700006, 26.327872744000047], [87.46066946100007, 26.328078056000038], [87.46045185700007, 26.328225776000068], [87.46039597800007, 26.328709322000066], [87.46066487200005, 26.329417841000065], [87.46103524900008, 26.330720283000062], [87.46112230100005, 26.333452632000046], [87.46118175700008, 26.334209558000055], [87.46147803000008, 26.334773360000042], [87.46285689000007, 26.33563618000005], [87.46502734300003, 26.336766488000023], [87.46696341200004, 26.33742221500006], [87.46769295600006, 26.33732526500006], [87.46841749300006, 26.337228367000023], [87.47024418100006, 26.336356486000057], [87.46641555300005, 26.332856642000024], [87.46650477900005, 26.332544012000028], [87.46735939400008, 26.332445137000036], [87.46757161000005, 26.332013247000077], [87.46737634500005, 26.331759162000026], [87.46603148200006, 26.330841703000033], [87.46536952200006, 26.330012899000053], [87.46483610600006, 26.328568586000074], [87.46483666100005, 26.327016873000048]]], [[[87.46375937900007, 26.425758879000057], [87.46600695400008, 26.424018963000037], [87.46662476500006, 26.42329670500004], [87.46714465100007, 26.42243158100007], [87.46714312100005, 26.421565480000027], [87.46665947000008, 26.420918941000025], [87.46598759100004, 26.42064517400007], [87.46541403200007, 26.42053672000003], [87.46437220900003, 26.420584439000038], [87.46340043100008, 26.420883641000046], [87.46000686600007, 26.42378254600004], [87.45935072600008, 26.424333923000063], [87.45822226700005, 26.424834060000023], [87.45675359600006, 26.425628086000074], [87.45569745200004, 26.42571649100006], [87.45407878600008, 26.425484321000056], [87.45356788200007, 26.425239573000056], [87.45320801100007, 26.424505314000044], [87.45324152200004, 26.42310642700005], [87.45300206200005, 26.422113253000077], [87.45267667000007, 26.421608510000056], [87.45288549700007, 26.41941300600007], [87.45316566800005, 26.416747255000075], [87.45383733100005, 26.415428819000056], [87.45441217100006, 26.414026028000023], [87.45498700400003, 26.412623324000037], [87.45486815800007, 26.410590780000064], [87.45530492900008, 26.41010135700003], [87.45522125900004, 26.409132795000062], [87.45501627800007, 26.408369133000065], [87.45535014300003, 26.407736984000053], [87.45520322200008, 26.40660243600007], [87.45434345500007, 26.405406838000033], [87.45423740400008, 26.404840058000048], [87.45416247600008, 26.40247753600005], [87.45406966800005, 26.401026439000077], [87.45386637000007, 26.40034843500007], [87.45311321400004, 26.39975098800005], [87.45243815200007, 26.399305828000024], [87.45027561400008, 26.39865343400004], [87.44871232200006, 26.397883489000037], [87.44711195100007, 26.39673971700006], [87.44697728100004, 26.396480762000067], [87.44684666900008, 26.39622960500003], [87.44697944000006, 26.394775028000026], [87.44758928500005, 26.39362890600006], [87.44863324400006, 26.392918257000076], [87.44970662900005, 26.39270325600006], [87.45109616100007, 26.39276761700006], [87.45538041700007, 26.39562929500005], [87.45860722100008, 26.39742895200004], [87.45972104100008, 26.39775460100003], [87.46107860100005, 26.39693072500006], [87.46147305100004, 26.396067532000075], [87.46138080000009, 26.39464808300005], [87.46040081900009, 26.392926464000027], [87.45910293000009, 26.391354199000034], [87.45698782000005, 26.38976289200008], [87.45523494600008, 26.38745321700003], [87.45503661200007, 26.38624733200004], [87.45504356600009, 26.38476769500005], [87.45560812900004, 26.382832823000058], [87.45653589000005, 26.381812577000062], [87.45740837700004, 26.381316525000045], [87.45859539600008, 26.38128465400007], [87.45948417600005, 26.38164084500005], [87.46066475600009, 26.383900624000034], [87.46154538200005, 26.385141076000025], [87.46284990100008, 26.385747896000055], [87.46405226700006, 26.385729345000072], [87.46493460700003, 26.385485688000074], [87.46593576600009, 26.38490175100003], [87.46680546000005, 26.384261276000075], [87.46788435600007, 26.382765041000027], [87.46763122900006, 26.381844251000075], [87.46679282700006, 26.380977581000025], [87.46500423400005, 26.380206860000044], [87.46363839000009, 26.37979943600004], [87.46132517700005, 26.37963663100004], [87.46075421200004, 26.379388325000036], [87.46007876500005, 26.378916135000054], [87.45974855700007, 26.378154386000062], [87.45991390200004, 26.37683912600005], [87.45991095600004, 26.376424169000074], [87.46071926300004, 26.374138233000053], [87.46141996000006, 26.37093816400005], [87.46141072200004, 26.370451114000048], [87.46108199300005, 26.370032184000024], [87.46094705200005, 26.369520005000027], [87.46161226200007, 26.36867075300006], [87.46175558300007, 26.368041488000074], [87.46174593600006, 26.367531892000045], [87.46215067600008, 26.36720991900006], [87.46296898100007, 26.367030385000078], [87.46454743500004, 26.366775947000065], [87.46465659300009, 26.36435638000006], [87.46507473000008, 26.362897407000048], [87.46530056800003, 26.362131566000073], [87.46415441300007, 26.36166668100003], [87.46288991500006, 26.36156894100003], [87.46247705200005, 26.361462479000068], [87.46201988000007, 26.360874137000053], [87.46123127900006, 26.36076903700007], [87.46035077100004, 26.361098345000073], [87.45952933100006, 26.361111037000057], [87.45881062400008, 26.36073420300005], [87.45790948800004, 26.359981180000034], [87.45681531500009, 26.359086870000056], [87.45562394000007, 26.35782408500006], [87.45552912600004, 26.356260297000063], [87.45576303400009, 26.354330464000043], [87.45597180900006, 26.352135005000036], [87.45646838600004, 26.349790693000045], [87.45624787900005, 26.348201670000037], [87.45635628900004, 26.347315902000048], [87.45705200600008, 26.346493192000025], [87.45820917800006, 26.345961139000053], [87.45922079400003, 26.34594554100005], [87.46070370700005, 26.34594979800005], [87.46169186700007, 26.346277375000057], [87.46303045200005, 26.34685668700007], [87.46414210900008, 26.34709214000003], [87.46477047600007, 26.346942569000078], [87.46539497200007, 26.34659009300003], [87.46714829100006, 26.345539036000048], [87.46758582700005, 26.344575906000046], [87.46735356300007, 26.34395250700004], [87.46626222100008, 26.342945384000075], [87.46236191500003, 26.342265867000037], [87.46066860800005, 26.341466508000053], [87.46031430400006, 26.341016371000023], [87.46033139600007, 26.34033039700006], [87.46070655300008, 26.34004040800005], [87.46146057000004, 26.339916070000072], [87.46215509900009, 26.33981962200005], [87.46249522200009, 26.339530197000045], [87.46255380400004, 26.33918643100003], [87.46216937400004, 26.338993876000075], [87.46059576300007, 26.338431768000078], [87.45679459900003, 26.33794899700007], [87.45309020300004, 26.337550307000072], [87.45224745900003, 26.338018883000075], [87.45203298800004, 26.33833342300005], [87.45148100500006, 26.339338810000072], [87.45046052200007, 26.33967926300005], [87.44906879100006, 26.33972766900007], [87.44703969000005, 26.339443007000057], [87.44341328200005, 26.339728655000044], [87.44240326700003, 26.339829825000038], [87.44110568400004, 26.339822557000048], [87.43926308900006, 26.339336416000037], [87.43924594000003, 26.338425507000068], [87.43952229000007, 26.337938569000073], [87.44033826200007, 26.337641914000073], [87.44081855200005, 26.33707526300003], [87.44090182500008, 26.334850045000053], [87.44057287500004, 26.334142333000045], [87.43785054300008, 26.33135100800007], [87.43660158200004, 26.328866479000055], [87.43523767700003, 26.326920505000032], [87.43389663300007, 26.324324559000047], [87.43367613400005, 26.322180742000057], [87.43316400400005, 26.32024873200004], [87.43308537500008, 26.319257564000054], [87.43329712700006, 26.318798756000035], [87.43483176100005, 26.31730933600005], [87.43492151500004, 26.31702377700003], [87.43465897700008, 26.316373674000033], [87.43411625600004, 26.31601202300004], [87.43404369000007, 26.315616111000054], [87.43444895800008, 26.31532575800003], [87.43430815000005, 26.315203187000066], [87.43430136900008, 26.315201718000026], [87.43251112100006, 26.314813961000027], [87.43238330800006, 26.314671571000076], [87.43239138800004, 26.31350311600005], [87.43207011100003, 26.31319668200007], [87.43149722900006, 26.31309260000006], [87.43144394800004, 26.31265588800005], [87.43183742000008, 26.311738685000023], [87.43132531100008, 26.311403658000074], [87.43109147200005, 26.31095158900007], [87.43108343800003, 26.31052313200007], [87.43158386000005, 26.310231389000023], [87.43157901600006, 26.309974278000027], [87.43135126700008, 26.30958077400004], [87.43108655400005, 26.30881793800006], [87.43117852000006, 26.30864510200007], [87.43173778400006, 26.308293822000053], [87.43171868200005, 26.307270062000043], [87.43229236300004, 26.306620778000024], [87.43256712900006, 26.306048255000064], [87.43267201400005, 26.30496406700007], [87.43302183200007, 26.30359190400003], [87.43196880000005, 26.302985398000033], [87.43145198400003, 26.302393253000048], [87.43099753900003, 26.30166034800004], [87.43095630200008, 26.30106104500004], [87.43127261000006, 26.300302887000043], [87.43151833100006, 26.299789403000034], [87.43151194800004, 26.299446705000037], [87.43144315300003, 26.299249189000022], [87.43077426800005, 26.298830895000037], [87.42950557400007, 26.298737347000042], [87.42925159000004, 26.298542745000077], [87.42895394200008, 26.29788867700006], [87.42873294100008, 26.292767509000043], [87.42949903100003, 26.29223258600007], [87.42961462100004, 26.291716542000074], [87.42944056200008, 26.290979407000066], [87.42901993600003, 26.29044447800004], [87.42901299800008, 26.290074725000068], [87.42958109700004, 26.289926209000043], [87.43125400600007, 26.289954926000064], [87.43226307500004, 26.28982686300003], [87.43292450900003, 26.289586760000077], [87.43335651300004, 26.28912454600004], [87.43399707900005, 26.288036669000064], [87.43426102100005, 26.28689137500004], [87.43444516500006, 26.285765353000045], [87.43430985700007, 26.28522606100006], [87.43401876500008, 26.28491920400006], [87.43341218200004, 26.28461271900005], [87.43296638600003, 26.28433523700005], [87.43292597000004, 26.284051722000072], [87.43295413500005, 26.283681401000024], [87.43360631300004, 26.28321588600005], [87.43414209000008, 26.282950533000076], [87.43517946200006, 26.282736270000044], [87.43570921000008, 26.28241694600007], [87.43600854900006, 26.28155530500004], [87.43599783100007, 26.28098714600003], [87.43613193300007, 26.28066031800006], [87.43679284300003, 26.280393048000064], [87.43763790200006, 26.280068923000044], [87.43829824700003, 26.279774685000064], [87.43812574500004, 26.279118716000028], [87.43773256000009, 26.27844359900007], [87.43716054200007, 26.278109416000063], [87.43705204600008, 26.27739835500006], [87.43696989800009, 26.27648837600003], [87.43635644400007, 26.275816562000045], [87.43577702400006, 26.275085558000058], [87.43559570800005, 26.274763526000072], [87.43558987900008, 26.274447874000032], [87.43590205200007, 26.274276240000063], [87.43628340900005, 26.27432457900005], [87.43672448600006, 26.274349442000073], [87.43712687500005, 26.273914685000022], [87.43730414400005, 26.273226393000073], [87.43700414900007, 26.272179875000063], [87.43647836500008, 26.271105241000043], [87.43588592000003, 26.269945908000068], [87.43530152700004, 26.269214953000073], [87.43516097100007, 26.26902291600004], [87.43391274900006, 26.268843661000062], [87.43328380400004, 26.268938911000077], [87.43208510500006, 26.269358605000036], [87.43132983200007, 26.26939713400003], [87.42996851200007, 26.269417803000067], [87.42913581800008, 26.269060533000072], [87.42835280500003, 26.268684501000052], [87.42430040900007, 26.268831566000074], [87.42142960800004, 26.269249440000067], [87.42073534200006, 26.26960269700004], [87.42036183900007, 26.26997828700007], [87.41960230700005, 26.269786785000065], [87.41895878000008, 26.269372485000076], [87.41825880700009, 26.26915290900007], [87.41747016000005, 26.269277603000035], [87.41723097600004, 26.269069198000068], [87.41705859700005, 26.268413199000065], [87.41714009000003, 26.262561127000026], [87.41729745800006, 26.261602450000055], [87.41768878000005, 26.260572511000078], [87.41774320300004, 26.25999885400006], [87.41747570800004, 26.25934423900003], [87.41699129900007, 26.25886885500006], [87.41583121500008, 26.257857812000054], [87.41556883900006, 26.257203134000065], [87.41550725800005, 26.25577865500003], [87.41582894600003, 26.253419026000074], [87.41599050500008, 26.25187829300006], [87.41629060900004, 26.25041166400007], [87.41798131800005, 26.248997686000052], [87.41876309200006, 26.248051601000043], [87.41855753500005, 26.24712646100005], [87.41855253300008, 26.247126515000048], [87.41717619400004, 26.247027595000077], [87.41551452000004, 26.246536200000037], [87.41431814700007, 26.24590018300006], [87.41342237100008, 26.246148684000048], [87.41314225900004, 26.246572977000028], [87.41268244300005, 26.24837832000003], [87.41240240900004, 26.248933494000028], [87.41165678300007, 26.24925406600005], [87.41042024700005, 26.248071972000048], [87.40983963500008, 26.248054031000038], [87.40856845700006, 26.24809953600004], [87.40745347500007, 26.249092142000052], [87.40722583800004, 26.24975617800004], [87.40716918400005, 26.250441115000058], [87.40570035300004, 26.251406006000025], [87.40398051900007, 26.25260016200008], [87.40250923100007, 26.253709376000074], [87.40120471800003, 26.254897250000056], [87.40089178600005, 26.255232507000073], [87.40058123400007, 26.255565208000064], [87.39974607600004, 26.256691947000036], [87.39878201000005, 26.257617545000073], [87.39789773500007, 26.257716466000034], [87.39718105500003, 26.258214371000065], [87.39652600900007, 26.25879713200004], [87.39491115800007, 26.25890697400007], [87.39453709300005, 26.259250845000054], [87.39358037700003, 26.260582345000046], [87.39254591400004, 26.261224871000024], [87.39147576400006, 26.26155655900004], [87.39054592400004, 26.261899742000026], [87.38973568100005, 26.26248465900005], [87.38889088100007, 26.263097273000028], [87.38841904100008, 26.263302804000034], [87.38783515500006, 26.263401633000058], [87.38728429800005, 26.26366247900006], [87.38719598900008, 26.264033703000052], [87.38739139700004, 26.264319476000026], [87.38841678100005, 26.26481853000007], [87.38911348200008, 26.26486228300007], [87.38990319400006, 26.264796353000065], [87.39028360100008, 26.26479068900005], [87.39082981500007, 26.26509383900003], [87.39111985300008, 26.265346667000074], [87.39087039900005, 26.265666113000066], [87.39052262400008, 26.26581115700003], [87.39017722700004, 26.265816361000077], [87.38941129900007, 26.26554350300006], [87.38836110700004, 26.26532913400007], [87.38788628200007, 26.265367722000065], [87.38770016800004, 26.265596111000036], [87.38771280100008, 26.26628161700006], [87.38822557500004, 26.266675425000074], [87.38792336800003, 26.267392683000025], [87.38756879700009, 26.267984390000038], [87.38767332400005, 26.268497084000046], [87.38783973900007, 26.268837464000057], [87.38862841300005, 26.268712919000052], [87.38925667900008, 26.26830214100005], [87.38985367400005, 26.26809473900005], [87.39048264700006, 26.267999664000058], [87.39092601300007, 26.26788030700004], [87.39159110000008, 26.26783878200007], [87.39191267000007, 26.268176787000073], [87.39226816800004, 26.26872189900007], [87.39156188400005, 26.269792550000034], [87.39107018500005, 26.270823841000038], [87.39069451900008, 26.271086627000045], [87.39031677600008, 26.271236587000033], [87.38942668600004, 26.271019804000048], [87.38895122700006, 26.27102683100003], [87.38876571900005, 26.27128678400004], [87.38848103300006, 26.27132254600008], [87.38752976200004, 26.27104804100003], [87.38672299000007, 26.27046007200005], [87.38624027000003, 26.270070272000055], [87.38595603800007, 26.270133087000033], [87.38555493600006, 26.270648790000052], [87.38518875100004, 26.271425712000052], [87.38427435800008, 26.27152496000008], [87.38396298400005, 26.27201679600006], [87.38404062000006, 26.272701341000072], [87.38438539300006, 26.273485622000067], [87.38433460000005, 26.273996173000057], [87.38405304000008, 26.274203372000045], [87.38332227700005, 26.274214166000036], [87.38221719200004, 26.274284746000035], [87.38187211500008, 26.274578576000067], [87.38131188800008, 26.27515530100004], [87.38097379100003, 26.276103118000037], [87.38056485200008, 26.276194935000035], [87.38009249500004, 26.27637328900005], [87.37859065700007, 26.277478243000076], [87.37802726200005, 26.277603879000026], [87.37768155700007, 26.277866135000068], [87.37724393600007, 26.27830119400005], [87.37752229400007, 26.281206677000057], [87.37664692200008, 26.282076795000023], [87.37614291900007, 26.282169959000043], [87.37566430300006, 26.282005593000065], [87.37489509800008, 26.28156141100004], [87.37442309600004, 26.281482664000066], [87.37400862500004, 26.281542948000038], [87.37363439200004, 26.281891277000057], [87.37323336800006, 26.282411541000045], [87.37332407400004, 26.282996638000043], [87.37342338800005, 26.283225250000044], [87.37386698800003, 26.28339007900007], [87.37403810700005, 26.283987496000066], [87.37398031100008, 26.28438535500004], [87.37369915900007, 26.284619591000023], [87.37313768100006, 26.284857944000066], [87.37275882000006, 26.28494924000006], [87.37234344000007, 26.284955404000073], [87.37205589700005, 26.284842335000064], [87.37163713900009, 26.284392922000052], [87.37109955100004, 26.284288063000076], [87.36996136700003, 26.284476350000034], [87.36917052000007, 26.284487976000037], [87.36831659900008, 26.284613377000028], [87.36753401600004, 26.285080522000044], [87.36718621900008, 26.285230022000064], [87.36662853400009, 26.285950984000067], [87.36635296400004, 26.28649634800007], [87.36614216000004, 26.288669362000064], [87.36588147300006, 26.289205456000047], [87.36556712500004, 26.289264308000043], [87.36521780900006, 26.28932803300006], [87.36499706000006, 26.289304274000074], [87.36482952300008, 26.288905259000046], [87.36447175100005, 26.288224811000077], [87.36424259000006, 26.287741018000077], [87.36395520800005, 26.28763244000004], [87.36347808500005, 26.287553716000048], [87.36316509400007, 26.28795982500003], [87.36317379000008, 26.288442410000073], [87.36385306300008, 26.28917677900006], [87.36430742900006, 26.289657228000067], [87.36441127400008, 26.29013836400003], [87.36441703400004, 26.290454101000023], [87.36429596900007, 26.290681413000073], [87.36413729200007, 26.290769487000034], [87.36372429600004, 26.290635700000053], [87.36327357500005, 26.290353654000057], [87.36275818300004, 26.28981989700003], [87.36237050400007, 26.289428588000078], [87.36211307800005, 26.289315094000074], [87.36192288800004, 26.289317889000074], [87.36164125700003, 26.28952504500006], [87.36165774600005, 26.290436097000054], [87.36159633300008, 26.292295531000036], [87.36189241600005, 26.29288669500005], [87.36292473300006, 26.29376017000004], [87.36340757400006, 26.294150030000026], [87.36341643100008, 26.294637117000036], [87.36305226500008, 26.294714615000032], [87.36270634200008, 26.294692702000077], [87.36236055900008, 26.294954920000066], [87.36246296000007, 26.295354888000077], [87.36209026000006, 26.295788951000077], [87.36171500400008, 26.29607862200004], [87.36140113500005, 26.296168942000065], [87.36085735400007, 26.296005577000074], [87.36051539300007, 26.29564517500006], [87.35972437300006, 26.295656758000064], [87.35916350600007, 26.29620633600007], [87.35920540100005, 26.296859862000076], [87.35962891100007, 26.297570929000074], [87.35991515600006, 26.29927645600003], [87.35973893300007, 26.300050414000054], [87.35976574900008, 26.301534221000054], [87.35990075800004, 26.302073569000072], [87.36032248700008, 26.302410133000024], [87.36069851300005, 26.302436253000053], [87.36095225700006, 26.302346743000044], [87.36132703100003, 26.302025507000053], [87.36155192600006, 26.30224396600005], [87.36183961500006, 26.302357099000062], [87.36212893300006, 26.302498308000054], [87.36248462900005, 26.30270677200008], [87.36274116900006, 26.30282137100005], [87.36299933900005, 26.302964048000035], [87.36311407200003, 26.303057177000028], [87.36328613800003, 26.30318759900007], [87.36311513900006, 26.304250240000044], [87.36283757000007, 26.304682854000077], [87.36223640600008, 26.30494881900006], [87.36068642300006, 26.30508441300003], [87.35974335200007, 26.305269681000027], [87.35918039900008, 26.305706525000062], [87.35950179100007, 26.306310864000068], [87.35973376800007, 26.306677370000045], [87.35974625400007, 26.307362854000075], [87.35956372800007, 26.307794113000057], [87.35893307000003, 26.308087518000036], [87.35773512000009, 26.308308175000036], [87.35751446900008, 26.308568535000063], [87.35718710600008, 26.30957028000006], [87.35701808900006, 26.31074563800007], [87.35680906800008, 26.311375792000035], [87.35656926700005, 26.312236453000025], [87.35607644500004, 26.31295641500003], [87.35488937700006, 26.314056477000065], [87.35448409000008, 26.314351129000045], [87.35373234300005, 26.314876413000036], [87.35356050600006, 26.314820948000033], [87.35338471000006, 26.314764205000074], [87.35273290100008, 26.313889620000054], [87.35215584100007, 26.313555192000024], [87.35068086700005, 26.31257990100005], [87.35016687100006, 26.312127278000048], [87.34955424500004, 26.31148210400005], [87.34926225100008, 26.311116476000052], [87.34884668300003, 26.311122582000053], [87.34824897500005, 26.31130276300007], [87.34790443500003, 26.311361891000047], [87.34704272100004, 26.311063216000036], [87.34679142500005, 26.31129248900004], [87.34589781500006, 26.312564078000037], [87.34554094200007, 26.31388207400005], [87.34535731400007, 26.314254695000045], [87.34442040500005, 26.315066786000045], [87.34413561500008, 26.315102557000046], [87.34346598400003, 26.314909313000044], [87.34325844500006, 26.31478607500003], [87.34271970300006, 26.314906635000057], [87.34145968700005, 26.31529945400007], [87.34060246300004, 26.315253350000035], [87.33980632700008, 26.314980750000075], [87.33916619000007, 26.31447581300006], [87.33890566200006, 26.314190843000063], [87.33836322300004, 26.31382885800008], [87.33769781500007, 26.313865553000028], [87.33738255000009, 26.314158877000068], [87.33710427200003, 26.314559879000058], [87.33682922000008, 26.31513682700006], [87.33658804600003, 26.315654620000032], [87.33596140400005, 26.31617799000003], [87.33540489100005, 26.31698459000006], [87.33494695300004, 26.317703944000073], [87.33473148600007, 26.31825294400005], [87.33423606000008, 26.320515730000068], [87.33408469800008, 26.322687846000065], [87.33421560500005, 26.323845297000048], [87.33318600400008, 26.324803033000023], [87.33301456500004, 26.325861117000045], [87.33316471800003, 26.326973270000053], [87.33317908400005, 26.32777147200005], [87.33302700500008, 26.328229348000036], [87.33199830100006, 26.329245789000026], [87.33154565700005, 26.329698889000042], [87.33106884200004, 26.329647218000048], [87.33037638400003, 26.329855715000065], [87.32984770500008, 26.330264855000053], [87.32963405400005, 26.33092206400005], [87.32964382600005, 26.331467849000035], [87.32984433300004, 26.332033327000033], [87.33039538200006, 26.332598199000074], [87.33084374000003, 26.33302025100005], [87.33131180300006, 26.334267602000068], [87.33135372600003, 26.334925620000035], [87.33169413100006, 26.336034916000074], [87.33231420500005, 26.339612330000023], [87.33248380600008, 26.34040830400005], [87.33321697400004, 26.34051047500003], [87.33429372000006, 26.340494745000058], [87.33502897000005, 26.34071414400006], [87.33563657200006, 26.341075196000077], [87.33661685800007, 26.342662451000024], [87.33671209200008, 26.343504645000053], [87.33633362900008, 26.343627410000067], [87.33579580300005, 26.34380665300006], [87.33448297800004, 26.344624236000072], [87.33369840100005, 26.345289731000037], [87.33284314200006, 26.347043461000055], [87.33298867300005, 26.347898489000045], [87.33302596900006, 26.34829948500004], [87.33353638600005, 26.34854915300008], [87.33431304800007, 26.348555892000036], [87.33510019000005, 26.348314389000052], [87.33588338400006, 26.347847426000044], [87.33664048900005, 26.34760631300003], [87.33689593000008, 26.347602607000056], [87.33730617100008, 26.347569527000076], [87.33757021400004, 26.34804838200006], [87.33758669700006, 26.348963897000033], [87.33760055500005, 26.349735124000063], [87.33799244900007, 26.350356435000037], [87.34026449500004, 26.347720408000043], [87.34240509100005, 26.34891169800005], [87.34763632600004, 26.352579423000066], [87.35429629000004, 26.35821548200005], [87.35735788900007, 26.361274078000065], [87.35503680600004, 26.36673055500006], [87.35263162500007, 26.371976149000034], [87.35338436800004, 26.375907815000062], [87.35402770600007, 26.379886242000055], [87.35450742000006, 26.382851926000058], [87.35565637600007, 26.388726553000026], [87.35775732800005, 26.392097011000033], [87.36350254300004, 26.40127804900004], [87.36801712700003, 26.40806814000007], [87.36830272700007, 26.408063888000072], [87.37566788600003, 26.407088561000023], [87.38363482300008, 26.414841700000068], [87.38798475200008, 26.419134472000053], [87.39572940000005, 26.419943242000045], [87.40381176000005, 26.42084578500004], [87.40911634100007, 26.421433472000047], [87.41621132600005, 26.42206600800006], [87.41888484100008, 26.42215181200004], [87.42716430100006, 26.422053135000056], [87.42834704700005, 26.42283363300004], [87.43195577000006, 26.42546708900005], [87.44258653900005, 26.432508450000057], [87.44434147500004, 26.43252215700005], [87.44600001300006, 26.43326808100005], [87.45522197500009, 26.436811592000026], [87.46372935000005, 26.440180547000068], [87.46794559200004, 26.439903256000036], [87.46685500500007, 26.43793540200005], [87.46524346300004, 26.436250742000027], [87.46358420200005, 26.435477974000037], [87.46183795700006, 26.435135100000025], [87.46002875900007, 26.434906002000048], [87.45954722000005, 26.434629204000032], [87.45924598800008, 26.433555830000046], [87.45864118900005, 26.433393675000048], [87.45797243600003, 26.433286787000043], [87.45771423200006, 26.432893788000058], [87.45818849000005, 26.43120837200007], [87.45858093200007, 26.43023249600003], [87.46091519800007, 26.428292919000057], [87.46375937900007, 26.425758879000057]]]]}}, {"type": "Feature", "properties": {"OBJECTID": 344, "BLOCK_CODE": "0005", "NEAR_TOWN": "ARARIA", "BLK_NAME": "ARARIA", "DIST_NAME": "ARARIA"}, "geometry": {"type": "MultiPolygon", "coordinates": [[[[87.44341328200005, 26.339728655000044], [87.44703969000005, 26.339443007000057], [87.44906879100006, 26.33972766900007], [87.45046052200007, 26.33967926300005], [87.45148100500006, 26.339338810000072], [87.45203298800004, 26.33833342300005], [87.45224745900003, 26.338018883000075], [87.45309020300004, 26.337550307000072], [87.45679459900003, 26.33794899700007], [87.45573633100008, 26.336823989000038], [87.45502455200005, 26.336009498000067], [87.45485137300005, 26.335330946000056], [87.45511798400008, 26.33432995000004], [87.45582893800008, 26.333520598000064], [87.45649227900003, 26.333370583000033], [87.45744253700008, 26.33355437800003], [87.45922532500003, 26.334325368000066], [87.46147803000008, 26.334773360000042], [87.46118175700008, 26.334209558000055], [87.46112230100005, 26.333452632000046], [87.46103524900008, 26.330720283000062], [87.46066487200005, 26.329417841000065], [87.46039597800007, 26.328709322000066], [87.46045185700007, 26.328225776000068], [87.46066946100007, 26.328078056000038], [87.46111129700006, 26.327872744000047], [87.46202176100007, 26.327547507000077], [87.46205570700005, 26.326960561000078], [87.46012514000006, 26.32685041800005], [87.45990164700004, 26.32668250000006], [87.45995575200004, 26.326370353000073], [87.46064744500006, 26.326129623000043], [87.46089690300005, 26.32581459200003], [87.46079469600005, 26.32544626500004], [87.46060225900004, 26.325331944000027], [87.45870444400003, 26.32536114100003], [87.45785430600006, 26.32543286300006], [87.45760345200006, 26.325409655000044], [87.45753397900006, 26.32518068400003], [87.45779936600007, 26.324910490000036], [87.45772775600005, 26.324568700000043], [87.45689952500004, 26.324211546000072], [87.45629645200006, 26.324108072000058], [87.45610298700007, 26.323939637000024], [87.45622219500007, 26.323622080000064], [87.45593420100005, 26.323229553000033], [87.45478410300007, 26.32253443700006], [87.45448742200006, 26.321943560000022], [87.45408418200003, 26.320749876000036], [87.45380787400006, 26.319387292000044], [87.45370223600008, 26.31804014000005], [87.45346733300005, 26.317272417000027], [87.45278441500005, 26.316119059000073], [87.45279696700004, 26.314932514000077], [87.45316884500005, 26.314471190000063], [87.45316349200004, 26.314187025000024], [87.45252125300004, 26.313596972000028], [87.45234915700007, 26.312972604000038], [87.45262890500004, 26.311872136000034], [87.45242312100004, 26.310792624000044], [87.45250001100004, 26.30982617500007], [87.45271691300007, 26.30805448900003], [87.45314841000004, 26.305715778000035], [87.45323858100005, 26.30545726300005], [87.45361306900008, 26.305397390000053], [87.45421698300004, 26.305554990000076], [87.45517025900006, 26.30591024200004], [87.45659476000003, 26.306032713000036], [87.45836054900008, 26.305662685000073], [87.45991259100003, 26.30511098900007], [87.46334776700007, 26.304570892000072], [87.46502150800006, 26.30463080900006], [87.46538062400003, 26.305080807000024], [87.46542040100007, 26.305590004000067], [87.46543826300007, 26.306532503000028], [87.46573605900005, 26.30796682400006], [87.46617986500007, 26.30813138700006], [87.46681289100007, 26.30823440200004], [87.46753779300008, 26.308169073000045], [87.46772309700003, 26.30790913100003], [87.46782878400006, 26.306883540000058], [87.46804920100004, 26.30662293100005], [87.46855147000008, 26.306700875000047], [87.46884546900003, 26.307151954000062], [87.46911541000009, 26.307914672000038], [87.46939855100004, 26.308054580000032], [87.46971894700005, 26.308049665000055], [87.47009066100009, 26.307845463000035], [87.47020896200007, 26.307216613000037], [87.47026732400008, 26.307130005000033], [87.47102393100005, 26.306888232000063], [87.47180832600003, 26.306790379000063], [87.47265904200003, 26.30649297700006], [87.47338329700005, 26.306396058000075], [87.47486963300008, 26.306603090000067], [87.47595194800004, 26.306897607000053], [87.47648390900008, 26.307475718000035], [87.47689818400005, 26.30766782300003], [87.47746677600009, 26.307546192000075], [87.47796697300004, 26.30725421300008], [87.47853486300005, 26.30735818200003], [87.47933413600003, 26.307774362000032], [87.48069142300005, 26.30778028000003], [87.48113699400005, 26.30777339800005], [87.48184041700006, 26.308416503000046], [87.48270148000006, 26.308660230000044], [87.48323663300005, 26.308624827000074], [87.48392865600005, 26.30841104700005], [87.48438625000006, 26.30772281800006], [87.48488316700008, 26.307259471000066], [87.48542389200009, 26.30725105600004], [87.48622296700006, 26.307919769000023], [87.48638261800005, 26.307109773000036], [87.48661484700006, 26.306163386000037], [87.48758143000003, 26.30538148100004], [87.48838659900008, 26.304543479000074], [87.48862982700007, 26.304169743000045], [87.48847947000007, 26.30286396200006], [87.48849910400008, 26.302322350000054], [87.48855864600006, 26.302032672000053], [87.48934007800005, 26.301781419000065], [87.49174638800008, 26.30191534000005], [87.49363160700005, 26.30151596500008], [87.49463404500005, 26.30104471900006], [87.49502871500005, 26.30021301900007], [87.49515222500008, 26.299868227000047], [87.49631432400008, 26.299624549000043], [87.49750113600004, 26.29884812100005], [87.49902444000008, 26.29837771900003], [87.49956688000003, 26.298459437000076], [87.50066521600007, 26.29906470900005], [87.50111930900005, 26.299499663000063], [87.50126448600008, 26.29949738700003], [87.50151136600005, 26.29931752400006], [87.50164447600008, 26.298692992000042], [87.50164112700008, 26.298517134000065], [87.50193389500004, 26.29837715900004], [87.50277483900004, 26.298364024000023], [87.50325165800007, 26.297643763000053], [87.50348739000003, 26.296886820000054], [87.50382078300004, 26.296259017000068], [87.50406435000008, 26.296164968000028], [87.50465412300008, 26.29611065200004], [87.50519820200003, 26.296016345000055], [87.50534161700006, 26.295923884000047], [87.50538218000008, 26.295431548000067], [87.50554984800004, 26.294008057000042], [87.50549702300003, 26.29360743600006], [87.50523729900004, 26.293124282000065], [87.50474407600007, 26.29299674300006], [87.50453876600005, 26.292733784000063], [87.50477530900008, 26.292021929000043], [87.50475887600004, 26.29117412000005], [87.50474771900008, 26.290596857000025], [87.50443958400007, 26.290200307000077], [87.50359420800004, 26.28972641100006], [87.50324791700007, 26.289686680000045], [87.50304937600004, 26.289513844000055], [87.50304586200008, 26.28933347900005], [87.50308577500005, 26.28906674800004], [87.50337424000008, 26.288705820000075], [87.50401136700003, 26.288253806000057], [87.50323940100003, 26.287431431000073], [87.50216554100007, 26.287312901000064], [87.50094668900005, 26.287201237000033], [87.50023765800006, 26.287045458000023], [87.50022933000008, 26.286612485000035], [87.50088857300005, 26.286268385000028], [87.50117879300007, 26.28599764300003], [87.50075861000005, 26.285241900000074], [87.50045748000008, 26.284944391000067], [87.49938300900004, 26.284794371000032], [87.49789743500008, 26.28435303200007], [87.49750832200004, 26.284295541000063], [87.49749072500003, 26.284291689000042], [87.49709780700005, 26.283652803000052], [87.49681590100005, 26.283571465000023], [87.49640326800005, 26.28346517800003], [87.49574621000005, 26.28236580400005], [87.49496732200004, 26.281182561000037], [87.49397208400006, 26.280458361000058], [87.49374355700007, 26.280033375000073], [87.49380483200008, 26.279833965000023], [87.49415016100005, 26.27982853700007], [87.49486018800008, 26.280557215000044], [87.49507821200007, 26.280441100000075], [87.49523181800004, 26.280095870000025], [87.49472455100005, 26.279233113000032], [87.49394613200008, 26.278334090000044], [87.49351319700008, 26.277952902000038], [87.49346566000008, 26.277042470000026], [87.49365366600006, 26.276926785000057], [87.49434228600006, 26.276546112000062], [87.49476905700004, 26.27582669900005], [87.49464709600005, 26.274434788000065], [87.49463341100005, 26.27372223800006], [87.49468691600003, 26.273121509000077], [87.49499349800004, 26.272661072000062], [87.49555523000004, 26.272453846000076], [87.49676138600006, 26.27269207100005], [87.49748584600007, 26.273136348000037], [87.49750849200007, 26.273146130000043], [87.49789503800008, 26.273328460000073], [87.49827055600008, 26.273588690000054], [87.49933651000003, 26.273305838000056], [87.50029440500003, 26.27339007000006], [87.50166398200008, 26.27353557300006], [87.50259966600004, 26.27402162900006], [87.50372145700004, 26.273782948000076], [87.50512480900005, 26.273860203000027], [87.50684202100007, 26.274631604000035], [87.50755757200005, 26.275387229000046], [87.50788718000007, 26.27534595700007], [87.50810212200008, 26.27481031700006], [87.50891235700004, 26.274766011000054], [87.51013869100007, 26.27501283500004], [87.51032196600005, 26.274910712000064], [87.51047948200005, 26.27373996500006], [87.51080713600004, 26.273337801000025], [87.51195466100006, 26.27338741600005], [87.51249417900004, 26.272810545000027], [87.51317508800008, 26.27255625500004], [87.51364618600007, 26.27309463000006], [87.51440630700006, 26.27407955500007], [87.51507975900006, 26.274470390000033], [87.51600509700006, 26.274685877000024], [87.51759673400005, 26.274660741000048], [87.51844521900006, 26.274782645000073], [87.51884676400005, 26.274577798000053], [87.51909866900007, 26.274140852000073], [87.51930910100003, 26.273636821000025], [87.51964505000007, 26.273663012000043], [87.51983417000008, 26.273863087000052], [87.51984844700007, 26.27459357400005], [87.52011023000006, 26.27492324900004], [87.52078099900007, 26.275178787000073], [87.52076152200004, 26.275977495000063], [87.52050276000006, 26.276829639000027], [87.51985526000004, 26.27777363900003], [87.51927114200004, 26.27811669500005], [87.51949656300008, 26.27837922300006], [87.51986953800008, 26.27850412400005], [87.52016355800004, 26.278436355000053], [87.52090037200009, 26.27822171200006], [87.52120217900006, 26.278550746000064], [87.52121527600008, 26.279218099000047], [87.52122557100006, 26.27975027800005], [87.52167357700006, 26.279873955000028], [87.52278240400005, 26.279991770000038], [87.52309449300003, 26.28084386000006], [87.52407118300005, 26.28163131900004], [87.52451491000005, 26.28179121000005], [87.52488590000007, 26.281816899000034], [87.52498953700007, 26.281481505000045], [87.52508601500006, 26.280780778000064], [87.52526403100006, 26.280412600000034], [87.52589466800003, 26.280402561000074], [87.52626662300008, 26.280730508000033], [87.52670747900004, 26.280488929000057], [87.52707520800004, 26.280347775000052], [87.52774628700007, 26.28060778200006], [87.52817009900008, 26.28051983200004], [87.52815706700005, 26.27985247500004], [87.52814148700008, 26.27905435100007], [87.52827876200007, 26.27865064300005], [87.52853254500008, 26.278312888000073], [87.52870337700006, 26.27757937100006], [87.52875694700003, 26.276477906000025], [87.52859392500005, 26.27581741000006], [87.52858995600008, 26.27561449700005], [87.52921476000006, 26.275306839000052], [87.53010321100004, 26.275423529000022], [87.53057976700006, 26.27521752100006], [87.53068337900004, 26.274882029000025], [87.53066778400006, 26.27408390200003], [87.53066126100003, 26.273750222000047], [87.53012016200006, 26.273474563000036], [87.52945906500008, 26.273719683000024], [87.52931391800007, 26.273721985000066], [87.52919997500004, 26.27352529600006], [87.52899977000004, 26.27276158500007], [87.52864481000006, 26.27176584700004], [87.52829702600008, 26.27087375600007], [87.52801003000008, 26.269511451000028], [87.52794902000005, 26.268181725000034], [87.52792692800006, 26.267049911000072], [87.52826116500006, 26.26442832500004], [87.52828559600005, 26.263629551000065], [87.52827517000009, 26.26309737100007], [87.52837759200008, 26.262698838000063], [87.52862672200007, 26.26212650800005], [87.52962255700004, 26.262110720000067], [87.52987765400007, 26.26184050300003], [87.53018837000008, 26.260834206000027], [87.53016822000006, 26.259806010000034], [87.53066446800005, 26.259581636000064], [87.53166164100008, 26.259633473000065], [87.53221716100006, 26.259624633000044], [87.53256812700005, 26.258883789000038], [87.53234141900003, 26.258558149000066], [87.53181812500009, 26.258164930000078], [87.53052396500004, 26.25828474900004], [87.52993018100005, 26.25812723200005], [87.52951573200005, 26.25766925100004], [87.52880666700008, 26.25724740100003], [87.52788398700005, 26.257162847000075], [87.52746773400008, 26.256867158000034], [87.52676319600005, 26.25667987500003], [87.52595118300007, 26.25662506900005], [87.52568778200003, 26.256462385000077], [87.52568523700006, 26.256331616000068], [87.52660314600007, 26.25591559800006], [87.52673921600007, 26.255448844000057], [87.52624706100005, 26.254856709000023], [87.52594529800007, 26.254527678000045], [87.52578850400005, 26.253930151000077], [87.52567188100005, 26.253598273000023], [87.52536837300005, 26.253436140000076], [87.52489245000004, 26.253412105000052], [87.52463545500007, 26.25358301800003], [87.52412711600005, 26.25395644200006], [87.52360672600008, 26.253964667000048], [87.52305487900009, 26.25390578200006], [87.52256609900007, 26.253480473000025], [87.52222369700007, 26.25312050900004], [87.52119978900004, 26.252721718000032], [87.52104556100005, 26.252254954000023], [87.52139393000004, 26.251383365000038], [87.52138689000003, 26.251018110000075], [87.52167959500008, 26.25088269400004], [87.52319311400004, 26.250723450000066], [87.52377914700008, 26.250413249000076], [87.52371338600005, 26.24990878500006], [87.52506578600008, 26.24864152500004], [87.52657765800006, 26.248119124000027], [87.52696691800008, 26.24936045900006], [87.52891795100004, 26.250408755000024], [87.52903346100004, 26.25063567600006], [87.52921519600005, 26.25074085400007], [87.52977067700004, 26.25073202300007], [87.53021104300007, 26.250725058000057], [87.53128325600005, 26.250775670000053], [87.53162557500008, 26.251135619000024], [87.53162628600006, 26.25117169300006], [87.53163672400007, 26.251703878000058], [87.53167699500005, 26.251969339000027], [87.53208361300005, 26.25203050300007], [87.53243987200005, 26.25207447500003], [87.53267559900007, 26.25107390100004], [87.53310701700008, 26.25042054200003], [87.53299263700006, 26.249472784000034], [87.53448703000004, 26.245597029000066], [87.53337131900008, 26.24507277500004], [87.53238311800004, 26.24172801700007], [87.53373229100004, 26.23785215500004], [87.53460808300008, 26.237672171000042], [87.53517649400004, 26.233890618000032], [87.53380494500004, 26.23436811700003], [87.53183324800005, 26.23452932200007], [87.53112341200006, 26.233581177000076], [87.53032355900007, 26.23260126300005], [87.53000989300006, 26.230574775000036], [87.52851941400007, 26.22972525700004], [87.52890595400004, 26.228231767000068], [87.52974295000007, 26.226517297000044], [87.52867745500004, 26.22607883300003], [87.52874362100005, 26.224747531000048], [87.52628097800005, 26.22574324200008], [87.52550031000004, 26.225796915000046], [87.52547209600004, 26.22363966100005], [87.52629313100005, 26.223130191000052], [87.52735378200003, 26.223320470000033], [87.52761450400004, 26.222693396000068], [87.52665554400005, 26.22059410600008], [87.52533122000006, 26.218706790000056], [87.52437998800008, 26.219346983000037], [87.52373927600007, 26.219648876000065], [87.52305077600005, 26.217297116000054], [87.52390716100007, 26.216368024000076], [87.52892840800007, 26.21906580700005], [87.52862122400006, 26.215301686000032], [87.53023715100005, 26.215483301000063], [87.53111744400007, 26.215880949000052], [87.53056040200005, 26.217961176000074], [87.53158077600006, 26.218318347000036], [87.53300184000005, 26.21817035500004], [87.53358795100007, 26.217250015000047], [87.53642993300008, 26.217206659000055], [87.53853512900008, 26.218873323000025], [87.54001749600008, 26.21710954400004], [87.54112310300007, 26.217173385000024], [87.54261030800006, 26.215531488000067], [87.54414729100006, 26.214097191000064], [87.54443361200003, 26.212350827000023], [87.54603500500008, 26.211868822000042], [87.54696070600005, 26.211693342000046], [87.54836733000008, 26.21059286600007], [87.54926359500007, 26.209460598000078], [87.54795843500006, 26.208363249000058], [87.54582757600008, 26.20777082500007], [87.54434223100003, 26.206926085000077], [87.54181564700008, 26.20708709300004], [87.53800177800008, 26.20254929600003], [87.53675118400008, 26.202354451000076], [87.53569542700006, 26.20257945000003], [87.53439534200004, 26.20177080800005], [87.53494744700004, 26.19935666400005], [87.53697989500006, 26.197584275000054], [87.54101242500008, 26.19689614400005], [87.54257338600007, 26.196621812000046], [87.54451397900004, 26.19713283300007], [87.54461209800007, 26.19750822700007], [87.54461384600006, 26.197507527000027], [87.54582971900004, 26.19702075300006], [87.54623043600003, 26.196303399000044], [87.54673076100005, 26.19617280400007], [87.54724720100006, 26.194300128000066], [87.54801789400005, 26.193831182000054], [87.55146952600006, 26.193814961000044], [87.55329080800004, 26.193125363000036], [87.55437210300005, 26.19186230400004], [87.55465823300005, 26.190115890000072], [87.55453909000005, 26.188626486000032], [87.55648106900009, 26.186569487000042], [87.55626205800007, 26.184786728000063], [87.55623768700008, 26.183586219000063], [87.55696802500006, 26.183487282000044], [87.55821829800004, 26.18397076900004], [87.55904371500003, 26.183709324000063], [87.55962438400007, 26.182910797000034], [87.55983539500005, 26.18118688100003], [87.56020627900006, 26.179819639000073], [87.56068190300005, 26.179102285000056], [87.56041204400003, 26.178601154000035], [87.56007208300008, 26.178316675000076], [87.55985769300008, 26.177102614000034], [87.55873736900008, 26.176885425000023], [87.55597653100006, 26.176784912000073], [87.55536116300004, 26.177118526000072], [87.55522914000005, 26.18046267300008], [87.55326836300009, 26.180642185000067], [87.55134758500003, 26.180654842000024], [87.55102138400008, 26.18246436900006], [87.54943606600006, 26.182016753000028], [87.54856637500006, 26.181023421000077], [87.54748091900007, 26.181040933000077], [87.54695002500006, 26.182200505000026], [87.54406865900006, 26.182514798000057], [87.54411439800003, 26.18151291600003], [87.54270391600005, 26.181534689000046], [87.54276524600004, 26.17954896300006], [87.54581129400003, 26.179649919000042], [87.54569694400004, 26.17852616600004], [87.54392641300007, 26.17849811900004], [87.54377195200004, 26.17751862800003], [87.54213153000006, 26.177427433000048], [87.54214828600004, 26.174823435000064], [87.54284919400004, 26.17386706600007], [87.54385003000004, 26.173141041000065], [87.54460528100003, 26.17313242800003], [87.54526041900004, 26.173119258000042], [87.54548573700004, 26.172816986000043], [87.54494123900008, 26.171855436000044], [87.54462663100009, 26.171029326000053], [87.54302605200007, 26.17129474500007], [87.54050044500008, 26.171099223000056], [87.53835031600005, 26.170425472000034], [87.53708573000006, 26.16944084100004], [87.53581507200005, 26.169841689000066], [87.53560059100005, 26.16907438100003], [87.53473121500008, 26.167995193000024], [87.53327624900004, 26.167457202000037], [87.53313213900003, 26.16623409300007], [87.53484961600003, 26.16354535800008], [87.53262637100005, 26.160624029000076], [87.53059106900008, 26.160478280000063], [87.52604600100005, 26.159545507000075], [87.52537171800003, 26.158493516000078], [87.52547095600005, 26.15352015600007], [87.52942563300007, 26.15457890400006], [87.53205556700004, 26.15506802300007], [87.53421615300005, 26.154685837000045], [87.53583716900005, 26.15365334300003], [87.53598401900007, 26.151225323000062], [87.53680542100005, 26.149438658000065], [87.53709208400005, 26.14729967100004], [87.53766271200004, 26.14640643300004], [87.53897299300007, 26.146262772000057], [87.54016978700008, 26.143880608000075], [87.54337522500003, 26.14335435000004], [87.54366170300005, 26.141283053000052], [87.54065147700004, 26.141506935000052], [87.54036224000004, 26.140446232000045], [87.53951220700003, 26.140400551000027], [87.53915813600008, 26.13916380300003], [87.53850316100005, 26.13911826700007], [87.53839233600007, 26.140124616000037], [87.53720267200003, 26.139726761000077], [87.53588794400008, 26.13933328300004], [87.53551441800005, 26.139461787000073], [87.53516769900006, 26.13958106900003], [87.53487632000008, 26.141422281000075], [87.53402603300003, 26.141728577000038], [87.53362646000005, 26.141200311000034], [87.53334236200004, 26.140022171000055], [87.53307264400007, 26.139611349000063], [87.53181790600007, 26.13922240200003], [87.53225370300004, 26.13827046800003], [87.53120380400009, 26.138098240000033], [87.53118449500005, 26.137218216000065], [87.52927964400004, 26.13712669000006], [87.52872147200009, 26.134887820000074], [87.52683824100006, 26.132783473000075], [87.52722363900006, 26.132246687000077], [87.52866861900009, 26.132220505000078], [87.52856969900006, 26.130807897000068], [87.52810025900004, 26.130162217000077], [87.52731050000006, 26.129999147000035], [87.52587527300005, 26.130377304000035], [87.52568235000007, 26.133928965000052], [87.52200748900003, 26.133863249000058], [87.52179330300004, 26.13292436300003], [87.52073867700005, 26.13252641300005], [87.51954432800005, 26.13183506300004], [87.51971533700004, 26.13070689700004], [87.51918566200004, 26.130363491000026], [87.51972794400007, 26.127809527000068], [87.52254285700008, 26.127644555000074], [87.52316914300008, 26.126038320000077], [87.52436603700005, 26.12359755700004], [87.52522845900006, 26.120624056000054], [87.52140964300008, 26.11997147200003], [87.51819531700005, 26.119729903000064], [87.51605446900004, 26.121005550000064], [87.51381061400008, 26.120155348000026], [87.51287151900004, 26.119279102000064], [87.51295713300004, 26.118611238000028], [87.51300374900006, 26.116900771000076], [87.51152660600007, 26.114218866000044], [87.51269232200008, 26.113204260000032], [87.51391251100006, 26.11275394100005], [87.51537210400005, 26.11287686600008], [87.51614762900005, 26.11207864200003], [87.51685503400006, 26.10924944100003], [87.51738736000004, 26.10649684200007], [87.51915893700004, 26.10425968900006], [87.51832627400006, 26.10187165700006], [87.51739700900004, 26.101356450000026], [87.51545179000004, 26.102334342000063], [87.51296249000006, 26.102373069000066], [87.51255787900004, 26.102025180000055], [87.51320331100004, 26.101420977000032], [87.51323496200007, 26.099647366000056], [87.51692123600003, 26.096928714000057], [87.51684177800007, 26.09633742500006], [87.51220265600006, 26.09711922100007], [87.50780927800008, 26.09707052400006], [87.50767814900007, 26.097069068000053], [87.50766508000004, 26.096303170000056], [87.50869572800008, 26.095225433000053], [87.51179186500008, 26.092867513000044], [87.50993689900008, 26.088456722000046], [87.50758587700005, 26.085417479000057], [87.50673467200005, 26.081946232000064], [87.50704048600005, 26.080935453000052], [87.50946464000003, 26.08059896700007], [87.50953260900008, 26.077579711000055], [87.51009858000003, 26.07627135200005], [87.51094821400005, 26.07619531200004], [87.51123681500007, 26.07749538400003], [87.51340067000007, 26.077460925000025], [87.51403637700008, 26.07644592300005], [87.51508575500009, 26.07642868100004], [87.51600973000006, 26.077061249000053], [87.51765383700007, 26.077094077000027], [87.51768719600005, 26.078872234000073], [87.52024092800008, 26.078950892000023], [87.52056587900006, 26.078770586000076], [87.52217145600008, 26.077205655000057], [87.52235226800008, 26.07607751300003], [87.52545927800008, 26.07774507700003], [87.52762814300007, 26.07782773100007], [87.52875954600006, 26.075265057000024], [87.52645407500006, 26.071341567000047], [87.52675993200006, 26.070091664000074], [87.52852408200005, 26.06983105100005], [87.53003284900007, 26.070278861000077], [87.53115208400004, 26.070496279000054], [87.53193694900006, 26.070126698000024], [87.53226429800009, 26.066868399000043], [87.53350390200006, 26.066377241000055], [87.53013380900006, 26.06281423100006], [87.53064401500006, 26.06210148400004], [87.53148870500007, 26.061731957000063], [87.53214337200006, 26.061718836000068], [87.53222758200008, 26.062666620000073], [87.53350070100004, 26.063944699000047], [87.53431892000003, 26.065709816000037], [87.53510828400005, 26.06587276600004], [87.53557764000004, 26.066396568000073], [87.53590245800007, 26.066333602000043], [87.53622727600003, 26.066270635000024], [87.53674251000007, 26.06561207200008], [87.53631876800006, 26.06419916300007], [87.53505051700006, 26.062921147000054], [87.53470644600003, 26.061977727000055], [87.53554621500007, 26.061549455000034], [87.53679527100007, 26.061762396000063], [87.53730080300005, 26.060634357000026], [87.53714202700007, 26.059095314000047], [87.53621763700005, 26.05905415500007], [87.53705290700003, 26.05791735500003], [87.53627083400005, 26.054735050000033], [87.53656664000005, 26.053367759000025], [87.53728161800007, 26.052650606000043], [87.53937034800003, 26.052439750000076], [87.53962534400006, 26.052078893000044], [87.53967585000004, 26.051307090000023], [87.53862183600006, 26.051031214000034], [87.53840778800009, 26.049970490000078], [87.53689873800005, 26.050168133000057], [87.53593380400008, 26.05107472000003], [87.53462950000005, 26.051385337000056], [87.53395590800005, 26.050216007000074], [87.53283215700003, 26.049759393000045], [87.53386695400008, 26.048974833000045], [87.53437228900003, 26.048022857000035], [87.53257467600008, 26.046685834000073], [87.53328935300004, 26.046383838000054], [87.53320997500003, 26.045670736000034], [87.53177100100004, 26.045872959000064], [87.52976174000008, 26.046914189000063], [87.52752113100007, 26.04966567500003], [87.52599044100003, 26.05188055700006], [87.52403627600006, 26.052619443000026], [87.52142297600005, 26.052897330000064], [87.51834029700007, 26.052773298000034], [87.51642236400005, 26.052031700000043], [87.51523848600004, 26.05169228400007], [87.51447323400004, 26.05259435100004], [87.51349361300004, 26.052963661000035], [87.51322903600004, 26.052670095000053], [87.51315447800005, 26.052317988000027], [87.51315452200004, 26.05225487900003], [87.51079134700007, 26.05217625100005], [87.51045213100008, 26.051530669000044], [87.51161715600006, 26.050683054000046], [87.51086902400004, 26.049337579000053], [87.50892433900003, 26.050432717000035], [87.50873739000008, 26.047476436000068], [87.50901484100007, 26.044750752000027], [87.51222231900005, 26.044762260000027], [87.51230929400003, 26.042573450000077], [87.51559138200008, 26.042878400000063], [87.51592412200006, 26.039556993000076], [87.51093364200005, 26.039160476000063], [87.51128562800005, 26.03679130200004], [87.51210644000008, 26.035239451000052], [87.51374969900007, 26.035506987000076], [87.51461643400006, 26.03289002100007], [87.51518511100005, 26.02826897700004], [87.51616933700006, 26.028193032000047], [87.51732384400003, 26.027530481000042], [87.51893351500007, 26.026200223000046], [87.51882555900005, 26.024015805000033], [87.52036188100004, 26.01511694900006], [87.51824957700006, 26.01456026900007], [87.51668112300007, 26.014586206000047], [87.51831264700007, 26.011067165000043], [87.51837523700004, 26.01080124300006], [87.51843797800007, 26.010534686000028], [87.52074559700009, 26.004642123000053], [87.51746944600006, 26.004459198000063], [87.51615138900007, 26.003948277000063], [87.51530193600007, 26.00443498800007], [87.51052249700007, 26.004268883000066], [87.51157955500008, 26.00044573200006], [87.51185418800009, 26.000089855000056], [87.51222370000005, 25.999560802000076], [87.51267853000007, 25.999057484000048], [87.51290320100009, 25.99853071700005], [87.51337454500003, 25.997323366000046], [87.51378790300004, 25.996482357000048], [87.51451303500005, 25.99548313500003], [87.51487471200005, 25.994809805000045], [87.51515830000005, 25.993970906000072], [87.51529237600005, 25.99341395400006], [87.51515650400006, 25.99310026300003], [87.51471739100003, 25.99259740800005], [87.51429609300004, 25.99224764300004], [87.51394654700005, 25.992253082000047], [87.51341699200003, 25.99224334200005], [87.51308629000005, 25.99218982800005], [87.51270304200006, 25.991740288000074], [87.51234554400008, 25.991326266000044], [87.51199312900007, 25.991182956000046], [87.51167734300003, 25.991124757000023], [87.51118454600004, 25.991209146000074], [87.51091994400008, 25.99121324500004], [87.51079636700007, 25.991021215000046], [87.51078924800004, 25.990646862000062], [87.51078056200004, 25.990195930000027], [87.51077175200004, 25.989735976000077], [87.51072664300005, 25.988942691000034], [87.51031079400008, 25.988921035000033], [87.50989660100004, 25.988904541000068], [87.50947672900008, 25.988876557000026], [87.50701790800008, 25.989316350000024], [87.50408044200003, 25.98953805900004], [87.50337388000008, 25.988894938000044], [87.50253073300007, 25.987631442000065], [87.50087374500004, 25.987955030000023], [87.49964189900004, 25.988046320000024], [87.49913795000003, 25.987548940000067], [87.49884821300003, 25.987021069000036], [87.49834926200003, 25.98652363100007], [87.49751138000005, 25.98634276100006], [87.49615769800005, 25.985949109000046], [87.49571298200004, 25.985624469000072], [87.49540139200008, 25.983661506000033], [87.49460249000003, 25.983775039000022], [87.49434253500004, 25.98340962700007], [87.49421576000003, 25.981505207000055], [87.49400065200007, 25.981175962000066], [87.49334701300006, 25.981645865000075], [87.49247849300008, 25.981944420000048], [87.49130011400007, 25.98203565400007], [87.49087471800004, 25.981029500000034], [87.49090914100003, 25.980492379000054], [87.49150325500005, 25.980460393000044], [87.49200227500006, 25.980139541000028], [87.49228081000007, 25.979038073000027], [87.49206556200005, 25.978460539000025], [87.49000367900004, 25.97878718800007], [87.48904503900008, 25.978905244000032], [87.48893952500003, 25.978219335000063], [87.48706639200003, 25.97758441800005], [87.48616268100005, 25.977567055000065], [87.48467992000008, 25.977780298000027], [87.48415572300007, 25.977974826000036], [87.48294790000006, 25.97851277600006], [87.48010797400008, 25.979923004000057], [87.47912957800008, 25.980208059000063], [87.47792204000007, 25.981107012000052], [87.47706921700006, 25.982299128000022], [87.47705447700008, 25.982669187000056], [87.47645101900008, 25.983491031000028], [87.47626736300003, 25.984736789000067], [87.47434499600007, 25.98489161200007], [87.47374104500005, 25.98522149200005], [87.47213929900005, 25.98661258100003], [87.47190015600006, 25.987325808000037], [87.47013738900006, 25.987263786000028], [87.47006406200006, 25.98914131500004], [87.46497540200005, 25.989054361000058], [87.46249343300008, 25.98888438000006], [87.46251649200008, 25.986393105000047], [87.46197712900005, 25.98635279800004], [87.46108334100006, 25.986470703000066], [87.45951071500008, 25.986886818000073], [87.45839670300006, 25.98628264100006], [87.45728792200003, 25.985944828000072], [87.45714270700006, 25.985349162000034], [87.45633871500007, 25.98532251900008], [87.45596393600005, 25.984952688000078], [87.45454031000008, 25.984235890000036], [87.45320705000006, 25.98430430600007], [87.45171380600004, 25.984034326000028], [87.45036560500006, 25.98407560800007], [87.44640570800004, 25.98400094400006], [87.44395385700005, 25.983893816000034], [87.44361453600004, 25.984169285000064], [87.44356010100006, 25.985062867000067], [87.44354612400008, 25.986719278000066], [87.43936158200006, 25.986919761000024], [87.43732431000006, 25.98717791400003], [87.43587131100008, 25.987512528000025], [87.43333500400007, 25.98831239900005], [87.43191716700005, 25.989048543000024], [87.43039940600005, 25.98977580600007], [87.42932080700007, 25.989789761000054], [87.42829220500005, 25.99009254200007], [87.42675919800007, 25.99009305000004], [87.42639477400007, 25.990409106000072], [87.42502208700006, 25.991759090000073], [87.42582166200003, 25.993162406000067], [87.42626270300008, 25.993911311000033], [87.42626143000007, 25.993911445000037], [87.42353496200008, 25.994196647000024], [87.42336071700004, 25.99568608900006], [87.42270686400008, 25.996489647000033], [87.42110389900006, 25.996625540000025], [87.42093417900008, 25.996765553000046], [87.42098417800008, 25.99695507200005], [87.42113399900006, 25.997099484000046], [87.42166347700004, 25.997315908000076], [87.42191824300005, 25.997541458000057], [87.42184346100004, 25.99775359700004], [87.42149896000006, 25.99792073200007], [87.42120428200008, 25.997884747000057], [87.42053997300007, 25.99777212400005], [87.42018050900003, 25.997979859000054], [87.42026549100007, 25.998232570000027], [87.42058528500007, 25.998534807000055], [87.42119963800008, 25.99883249800007], [87.41997176100006, 26.00045310300004], [87.41920799200005, 26.001459858000032], [87.41917354300006, 26.002669377000075], [87.41936381900007, 26.003896935000057], [87.41995338900006, 26.00458725900006], [87.42127228900006, 26.005516546000024], [87.42286112000005, 26.00701437300006], [87.42344101900005, 26.00844492300007], [87.42361134600003, 26.009532470000067], [87.42253275600007, 26.01023243700007], [87.42269275500007, 26.010683696000058], [87.42324239800007, 26.011125785000047], [87.42389665900004, 26.011143619000052], [87.42439613000005, 26.011175], [87.42502075700008, 26.011743500000023], [87.42560539700008, 26.012433761000068], [87.42535100600008, 26.013196625000035], [87.42487206100003, 26.014311520000035], [87.42499225300008, 26.015105817000062], [87.42531705800008, 26.015575013000046], [87.42541723900007, 26.016057955000065], [87.42419397400005, 26.017186670000058], [87.42412956700008, 26.01851801400005], [87.42456439000006, 26.019118130000038], [87.42387026300008, 26.019443340000066], [87.42372066500008, 26.020183515000042], [87.42339628900004, 26.020752280000067], [87.42334694500005, 26.02215144300004], [87.42292770600005, 26.023135423000042], [87.42294310200003, 26.023970361000067], [87.42351285300003, 26.024687775000075], [87.42347802800003, 26.02506235900006], [87.42270898300006, 26.025554561000035], [87.42192480700004, 26.025757928000075], [87.42184513700005, 26.02638974300004], [87.42199524100005, 26.027071231000036], [87.42229528200005, 26.02772549200006], [87.42313970900005, 26.02826233600007], [87.42354457900007, 26.02886240500004], [87.42360484400007, 26.029643152000062], [87.42393475200004, 26.030256833000067], [87.42468425600003, 26.030491322000046], [87.42509899300006, 26.030856734000054], [87.42402998600005, 26.030843555000047], [87.42266134700003, 26.031128296000077], [87.42199706700006, 26.03150310700005], [87.42058886400008, 26.032717597000044], [87.41989469800006, 26.03339479300007], [87.41925544900005, 26.033859878000044], [87.41820150900008, 26.034149031000027], [87.41683298000004, 26.03498885600004], [87.41540931300005, 26.035102126000027], [87.41370084100004, 26.035386927000047], [87.41192746100006, 26.035504735000075], [87.41173283500007, 26.03600575400003], [87.41126357500008, 26.037089071000025], [87.41063931100007, 26.03775257700005], [87.40984498300008, 26.037919787000078], [87.40924050200005, 26.037929001000066], [87.40823633700006, 26.037653943000066], [87.40743711500005, 26.037969970000063], [87.40703748600004, 26.03825898300005], [87.40683795700005, 26.03926092000006], [87.40677322800008, 26.03991080000003], [87.40676848500004, 26.041007485000023], [87.40688365900007, 26.041837943000075], [87.40679393700003, 26.042541980000067], [87.40614971700006, 26.04371106600007], [87.40576536100008, 26.04464080500003], [87.40577542500006, 26.04491163000006], [87.40633000800005, 26.045240962000037], [87.40663982500007, 26.045444017000023], [87.40673495800007, 26.046044195000036], [87.40642527300008, 26.046436897000035], [87.40517646500007, 26.047041985000078], [87.40497164900006, 26.04739856300006], [87.40506681400007, 26.04825152500007], [87.40556182900008, 26.04955568400004], [87.40595682900005, 26.05058011600005], [87.40619170100007, 26.050986272000046], [87.40702138700004, 26.05176231400003], [87.40755622400007, 26.052583596000034], [87.40814617300003, 26.053968998000073], [87.40880611200004, 26.05550334800006], [87.40933114800004, 26.056735221000054], [87.41000092500008, 26.057538471000044], [87.41028076700007, 26.057700843000077], [87.41074552500004, 26.057723331000034], [87.41119019500007, 26.057637423000074], [87.41158501300004, 26.05795775200005], [87.41209978300003, 26.05848112500007], [87.41267445100004, 26.058539651000046], [87.41401850100004, 26.058494234000023], [87.41416848200004, 26.058832653000024], [87.41406868900003, 26.05917116100005], [87.41318448100003, 26.059703961000025], [87.41255497200007, 26.059974897000075], [87.41084160400004, 26.061469172000045], [87.41033693900005, 26.06166341100004], [87.40952754100005, 26.06175836500006], [87.40782384400006, 26.062413184000036], [87.40628489200003, 26.06277457500005], [87.40541544800004, 26.06274762700008], [87.40461587700008, 26.062431867000043], [87.40284205700004, 26.062576656000033], [87.40270218600006, 26.062847506000026], [87.40173311200004, 26.06409784500005], [87.40061918800006, 26.065646067000046], [87.40012964400006, 26.066440465000028], [87.39991498600006, 26.067063267000037], [87.39937037200008, 26.06774936000005], [87.39914072600004, 26.068584384000076], [87.39904608000006, 26.06978489200003], [87.39890138500004, 26.070768711000028], [87.39907641400004, 26.071630766000055], [87.39935145900006, 26.07249719300006], [87.39953662700003, 26.073620944000027], [87.39999156700009, 26.07475814000003], [87.40060151500006, 26.075805158000037], [87.40041693100005, 26.07722678500005], [87.40016721200004, 26.07769620600004], [87.40020749000007, 26.078995965000047], [87.40034252700008, 26.079785756000035], [87.40057750800008, 26.079939128000035], [87.40133706900008, 26.07965019200003], [87.40191193200008, 26.080358666000052], [87.40318132800007, 26.08036738100003], [87.40372618800006, 26.080768944000056], [87.40354140300008, 26.081297007000046], [87.40263700100007, 26.08191553100005], [87.40195235000004, 26.082317356000033], [87.40124805800008, 26.083874475000073], [87.40089853300003, 26.085156255000072], [87.40012906200008, 26.085869503000026], [87.39929941300005, 26.085878670000056], [87.39891955600007, 26.085662069000023], [87.39770005300005, 26.08572096000006], [87.39642085600008, 26.086619220000046], [87.39573121700005, 26.087206043000037], [87.39531144300008, 26.08730094400005], [87.39458185100005, 26.087946404000036], [87.39382226700008, 26.08844294100004], [87.39332750900007, 26.088971041000036], [87.39216313500003, 26.08981517500007], [87.39038408600004, 26.09090298700005], [87.38946948700004, 26.09116936500004], [87.38867972900005, 26.090826436000043], [87.38828987100004, 26.09094836400004], [87.38806004100007, 26.09117850100006], [87.38785018500005, 26.092022498000063], [87.38762540200008, 26.09256412800005], [87.38693074900004, 26.09337656100007], [87.38689085500005, 26.094545421000078], [87.38776561100008, 26.094983083000045], [87.38953007500004, 26.096192447000078], [87.39011494600004, 26.09677464600003], [87.39107477000005, 26.09765006200007], [87.39160960200007, 26.097857583000064], [87.39264927300007, 26.098146273000054], [87.39422388300005, 26.098452973000065], [87.39555851600005, 26.098953807000044], [87.39623336800008, 26.099603569000067], [87.39575871600005, 26.100307677000046], [87.39483906200007, 26.100817793000033], [87.39288971800005, 26.100867682000057], [87.39134517300005, 26.101174806000074], [87.39005066400006, 26.10159912100005], [87.38754645300008, 26.101843084000052], [87.38751656100004, 26.10260125700006], [87.38752682700004, 26.10450127400003], [87.38784176300004, 26.10520985200003], [87.38798185200005, 26.10587328500003], [87.38806679900006, 26.106130508000035], [87.38884671500006, 26.106951819000074], [87.38900676800006, 26.107746126000052], [87.38964675100004, 26.10886985600007], [87.38972690100007, 26.10965505300004], [87.39054673600003, 26.11019202700004], [87.39132671000004, 26.111053946000027], [87.39179661800006, 26.111514278000072], [87.39279143500005, 26.111821031000034], [87.39378623700009, 26.111717116000023], [87.39465104300007, 26.111793739000063], [87.39534592200005, 26.112118570000064], [87.39577594500008, 26.112696207000056], [87.39594103600007, 26.113300964000075], [87.39583114800007, 26.113819920000026], [87.39508148500005, 26.114510530000075], [87.39436171800008, 26.115264385000046], [87.39433686100006, 26.11595939800003], [87.39489196600005, 26.11713272800006], [87.39532213800004, 26.11849105700003], [87.39524223600006, 26.119001127000047], [87.39426251800006, 26.11983160400007], [87.39405273600005, 26.120571770000026], [87.39412279700008, 26.121063766000077], [87.39513262600008, 26.121208035000052], [87.39678757700005, 26.121817016000023], [87.39767243700004, 26.121884567000052], [87.39834744200004, 26.122394472000053], [87.39913265400008, 26.123797938000052], [87.39936792900005, 26.12512017800003], [87.40031807900004, 26.12617156600004], [87.40138814400007, 26.126925060000076], [87.40238326400004, 26.127674091000074], [87.40303340200006, 26.128644269000063], [87.40327866100006, 26.129664158000026], [87.40308401800007, 26.131076807000056], [87.40311425700008, 26.13188471500007], [87.40312310200005, 26.132709008000063], [87.40147523900004, 26.132755768000038], [87.40025386900004, 26.133476115000065], [87.40033538500006, 26.13539447900007], [87.40007061700004, 26.138002890000053], [87.39886836400007, 26.139174601000036], [87.39693033700007, 26.14071078300003], [87.39611268200008, 26.142095186000063], [87.39627682900004, 26.143646997000076], [87.39591207400008, 26.14534394100008], [87.39562249600004, 26.147171805000028], [87.39554771500008, 26.148643125000035], [87.39530814600005, 26.151328420000027], [87.39681332700007, 26.151409405000038], [87.39895883100007, 26.152185321000047], [87.40233958400006, 26.153619896000066], [87.40283490000007, 26.154666864000035], [87.40627594500006, 26.156832380000026], [87.40649617900004, 26.15727467000005], [87.40651112600005, 26.15730168700003], [87.40589119100008, 26.158014896000054], [87.40578643400005, 26.15874610800006], [87.40618172400008, 26.15962601800004], [87.40648752000004, 26.16209916500003], [87.40622764500006, 26.16299728300004], [87.40518275700003, 26.164211501000068], [87.40356272500009, 26.16564248800006], [87.40342792400008, 26.166193100000044], [87.40371851900005, 26.168544446000055], [87.40352396000009, 26.170476018000045], [87.40336454600003, 26.172980805000066], [87.40383475900006, 26.173256019000064], [87.40405519500007, 26.17450162700004], [87.40367517700008, 26.175020671000027], [87.40267501600005, 26.175580472000036], [87.40324548300003, 26.17661391100006], [87.40429607500005, 26.17750730000006], [87.40460136200005, 26.17820669400004], [87.40518668300007, 26.17861728200006], [87.40553210900003, 26.180043390000037], [87.40668272300007, 26.180611734000024], [87.40714796100008, 26.181026819000067], [87.40727877900008, 26.18354959100003], [87.40885961100008, 26.18441123300005], [87.41056490400007, 26.183029873000066], [87.41137019100006, 26.182889743000032], [87.41177024600006, 26.182645888000025], [87.41285042900006, 26.18187386900007], [87.41414583900007, 26.181733648000034], [87.41468135700006, 26.18260004600006], [87.41501198600008, 26.183994505000044], [87.41478220400006, 26.184897179000075], [87.41485232700006, 26.185307806000026], [87.41533776300008, 26.185912398000028], [87.41551339600005, 26.187397214000043], [87.41518354100003, 26.188236663000055], [87.41435339900005, 26.188895854000066], [87.41393342500004, 26.189505245000078], [87.41391863200005, 26.190182153000023], [87.41412904300006, 26.190958342000044], [87.41506999000006, 26.19244289200003], [87.41525529400008, 26.193273237000028], [87.41495044600003, 26.194004457000062], [87.41409523200008, 26.194514689000073], [87.41384020700008, 26.19480360700004], [87.41322524300006, 26.195774036000046], [87.41274086300007, 26.198454964000064], [87.41116073400008, 26.20068932600003], [87.41130138800008, 26.20227333500003], [87.41008608000004, 26.203492220000044], [87.40937608100006, 26.204999729000065], [87.40887607800005, 26.20592054900004], [87.40877639300004, 26.20696301600003], [87.40745063300005, 26.207035534000056], [87.40653021100007, 26.20751868800005], [87.40634023500007, 26.208123484000055], [87.40621037400007, 26.20877332400005], [87.40663088900004, 26.209648784000024], [87.40752661400006, 26.210451945000045], [87.40772209400006, 26.211647855000024], [87.40745220600007, 26.212591176000046], [87.40732232500005, 26.213371906000077], [87.40873833000006, 26.213534046000063], [87.40914911500005, 26.21545652800006], [87.41308185200006, 26.215785038000035], [87.41312199500004, 26.21612799600007], [87.41244696800004, 26.21722938000005], [87.41299730100008, 26.21726983600007], [87.41595906600008, 26.21655140000007], [87.41601413200004, 26.216537822000078], [87.41960120500005, 26.21567031400008], [87.42156732800004, 26.215227353000046], [87.42264298300006, 26.21515482500007], [87.42340369700008, 26.215583346000074], [87.42504006300004, 26.216304845000025], [87.42569572000008, 26.21671081100004], [87.42583622700005, 26.217820981000045], [87.42576676300007, 26.21916137900007], [87.42617242000006, 26.219951001000027], [87.42718341200003, 26.220559923000053], [87.42761419100003, 26.221633799000074], [87.42916576400006, 26.222468167000045], [87.42926596400008, 26.22286979300003], [87.42908092700009, 26.223109064000028], [87.42842069400007, 26.22347034200004], [87.42821590400007, 26.22421504600004], [87.42822128300008, 26.225090584000043], [87.42828656200004, 26.22560053600006], [87.42867193300003, 26.225758403000043], [87.43007303200005, 26.225839086000065], [87.43149402500006, 26.22577981300003], [87.43249991200008, 26.22599157600007], [87.43150474800007, 26.22710211200007], [87.43092486300003, 26.22833895800005], [87.43042518700008, 26.229679567000062], [87.42794419400008, 26.231751975000066], [87.42634338700003, 26.232898844000033], [87.42343198700007, 26.235187934000066], [87.42155589500004, 26.23627626900003], [87.42084043400007, 26.236754810000036], [87.42062564700007, 26.237621368000077], [87.42095173300004, 26.23955288700006], [87.42216844000006, 26.241258389000052], [87.42179857400004, 26.242400359000044], [87.42108824000007, 26.24301433000005], [87.41976217800004, 26.24344801700005], [87.41918677800004, 26.243691916000046], [87.41918741500007, 26.245366252000053], [87.41842710600008, 26.246445064000056], [87.41855753500005, 26.24712646100005], [87.41876309200006, 26.248051601000043], [87.41798131800005, 26.248997686000052], [87.41629060900004, 26.25041166400007], [87.41599050500008, 26.25187829300006], [87.41582894600003, 26.253419026000074], [87.41550725800005, 26.25577865500003], [87.41556883900006, 26.257203134000065], [87.41583121500008, 26.257857812000054], [87.41699129900007, 26.25886885500006], [87.41747570800004, 26.25934423900003], [87.41774320300004, 26.25999885400006], [87.41768878000005, 26.260572511000078], [87.41729745800006, 26.261602450000055], [87.41714009000003, 26.262561127000026], [87.41705859700005, 26.268413199000065], [87.41723097600004, 26.269069198000068], [87.41747016000005, 26.269277603000035], [87.41825880700009, 26.26915290900007], [87.41895878000008, 26.269372485000076], [87.41960230700005, 26.269786785000065], [87.42036183900007, 26.26997828700007], [87.42073534200006, 26.26960269700004], [87.42142960800004, 26.269249440000067], [87.42430040900007, 26.268831566000074], [87.42835280500003, 26.268684501000052], [87.42913581800008, 26.269060533000072], [87.42996851200007, 26.269417803000067], [87.43132983200007, 26.26939713400003], [87.43208510500006, 26.269358605000036], [87.43328380400004, 26.268938911000077], [87.43391274900006, 26.268843661000062], [87.43516097100007, 26.26902291600004], [87.43530152700004, 26.269214953000073], [87.43588592000003, 26.269945908000068], [87.43647836500008, 26.271105241000043], [87.43700414900007, 26.272179875000063], [87.43730414400005, 26.273226393000073], [87.43712687500005, 26.273914685000022], [87.43672448600006, 26.274349442000073], [87.43628340900005, 26.27432457900005], [87.43590205200007, 26.274276240000063], [87.43558987900008, 26.274447874000032], [87.43559570800005, 26.274763526000072], [87.43577702400006, 26.275085558000058], [87.43635644400007, 26.275816562000045], [87.43696989800009, 26.27648837600003], [87.43705204600008, 26.27739835500006], [87.43716054200007, 26.278109416000063], [87.43773256000009, 26.27844359900007], [87.43812574500004, 26.279118716000028], [87.43829824700003, 26.279774685000064], [87.43763790200006, 26.280068923000044], [87.43679284300003, 26.280393048000064], [87.43613193300007, 26.28066031800006], [87.43599783100007, 26.28098714600003], [87.43600854900006, 26.28155530500004], [87.43570921000008, 26.28241694600007], [87.43517946200006, 26.282736270000044], [87.43414209000008, 26.282950533000076], [87.43360631300004, 26.28321588600005], [87.43295413500005, 26.283681401000024], [87.43292597000004, 26.284051722000072], [87.43296638600003, 26.28433523700005], [87.43341218200004, 26.28461271900005], [87.43401876500008, 26.28491920400006], [87.43430985700007, 26.28522606100006], [87.43444516500006, 26.285765353000045], [87.43426102100005, 26.28689137500004], [87.43399707900005, 26.288036669000064], [87.43335651300004, 26.28912454600004], [87.43292450900003, 26.289586760000077], [87.43226307500004, 26.28982686300003], [87.43125400600007, 26.289954926000064], [87.42958109700004, 26.289926209000043], [87.42901299800008, 26.290074725000068], [87.42901993600003, 26.29044447800004], [87.42944056200008, 26.290979407000066], [87.42961462100004, 26.291716542000074], [87.42949903100003, 26.29223258600007], [87.42873294100008, 26.292767509000043], [87.42895394200008, 26.29788867700006], [87.42925159000004, 26.298542745000077], [87.42950557400007, 26.298737347000042], [87.43077426800005, 26.298830895000037], [87.43144315300003, 26.299249189000022], [87.43151194800004, 26.299446705000037], [87.43151833100006, 26.299789403000034], [87.43127261000006, 26.300302887000043], [87.43095630200008, 26.30106104500004], [87.43099753900003, 26.30166034800004], [87.43145198400003, 26.302393253000048], [87.43196880000005, 26.302985398000033], [87.43302183200007, 26.30359190400003], [87.43267201400005, 26.30496406700007], [87.43256712900006, 26.306048255000064], [87.43229236300004, 26.306620778000024], [87.43171868200005, 26.307270062000043], [87.43173778400006, 26.308293822000053], [87.43117852000006, 26.30864510200007], [87.43108655400005, 26.30881793800006], [87.43135126700008, 26.30958077400004], [87.43157901600006, 26.309974278000027], [87.43158386000005, 26.310231389000023], [87.43108343800003, 26.31052313200007], [87.43109147200005, 26.31095158900007], [87.43132531100008, 26.311403658000074], [87.43183742000008, 26.311738685000023], [87.43144394800004, 26.31265588800005], [87.43149722900006, 26.31309260000006], [87.43207011100003, 26.31319668200007], [87.43239138800004, 26.31350311600005], [87.43238330800006, 26.314671571000076], [87.43251112100006, 26.314813961000027], [87.43430136900008, 26.315201718000026], [87.43430815000005, 26.315203187000066], [87.43444895800008, 26.31532575800003], [87.43404369000007, 26.315616111000054], [87.43411625600004, 26.31601202300004], [87.43465897700008, 26.316373674000033], [87.43492151500004, 26.31702377700003], [87.43483176100005, 26.31730933600005], [87.43329712700006, 26.318798756000035], [87.43308537500008, 26.319257564000054], [87.43316400400005, 26.32024873200004], [87.43367613400005, 26.322180742000057], [87.43389663300007, 26.324324559000047], [87.43523767700003, 26.326920505000032], [87.43660158200004, 26.328866479000055], [87.43785054300008, 26.33135100800007], [87.44057287500004, 26.334142333000045], [87.44090182500008, 26.334850045000053], [87.44081855200005, 26.33707526300003], [87.44033826200007, 26.337641914000073], [87.43952229000007, 26.337938569000073], [87.43924594000003, 26.338425507000068], [87.43926308900006, 26.339336416000037], [87.44110568400004, 26.339822557000048], [87.44240326700003, 26.339829825000038], [87.44341328200005, 26.339728655000044]]]]}}, {"type": "Feature", "properties": {"OBJECTID": 345, "BLOCK_CODE": "0001", "NEAR_TOWN": null, "BLK_NAME": "NARPATGANJ", "DIST_NAME": "ARARIA"}, "geometry": {"type": "MultiPolygon", "coordinates": [[[[87.07145725600003, 26.562991787000044], [87.07148317000008, 26.560189871000034], [87.07166603400003, 26.549229183000023], [87.07181200200006, 26.54068717800004], [87.07480168600006, 26.537143573000037], [87.07549892800006, 26.53618265500006], [87.07709854000007, 26.529787554000052], [87.07917747900007, 26.52230797200008], [87.07957458100003, 26.52045309400006], [87.08105422200003, 26.51253461500005], [87.08128633700005, 26.511354092000033], [87.08221589500005, 26.50512987600007], [87.08256252600006, 26.50231935900007], [87.08282649100005, 26.500387775000036], [87.08329500200006, 26.496959315000026], [87.08398328900006, 26.491342683000028], [87.08492228100005, 26.485727369000074], [87.08559657700005, 26.48113052800005], [87.08603678100008, 26.477908245000037], [87.08709570000008, 26.471014584000045], [87.08748242800004, 26.468523782000034], [87.08789866100005, 26.466001064000068], [87.08979937100008, 26.458135630000072], [87.09115109100009, 26.45075550300004], [87.09619486900004, 26.446657146000064], [87.10347770300007, 26.441198773000053], [87.10811819700007, 26.437637634000055], [87.11331659800004, 26.43387065400003], [87.11799289600003, 26.430078623000043], [87.12919095400008, 26.42166246900007], [87.13029002100006, 26.42081792600004], [87.13713943900007, 26.416329115000053], [87.14411713000004, 26.412672831000066], [87.14689839500005, 26.41079992500005], [87.14972742700007, 26.409399949000033], [87.15288701900005, 26.407990962000042], [87.15675037700004, 26.40640566600007], [87.16223227200004, 26.404500890000065], [87.16541530900008, 26.40422370700003], [87.17103472200006, 26.403981504000058], [87.17240320100007, 26.40399469600004], [87.17759441300007, 26.404524912000056], [87.18623984300007, 26.40570751200005], [87.18820965500004, 26.406014681000045], [87.18559840900008, 26.41141398800005], [87.18431496000005, 26.414399815000024], [87.19574789000006, 26.414077900000052], [87.20844703200004, 26.41393620100007], [87.21133230400005, 26.41382901700007], [87.21146632900007, 26.413159516000064], [87.21086211600004, 26.412400852000076], [87.21079989100008, 26.410800264000045], [87.21048909100006, 26.40990669000007], [87.21125893300007, 26.409494719000065], [87.21236311300004, 26.40928106000007], [87.21489550600006, 26.407879372000025], [87.21566723100005, 26.407570984000074], [87.21687347300008, 26.40658906300007], [87.21761958600007, 26.404778753000073], [87.21835775100004, 26.404565647000027], [87.21977334300004, 26.405281476000027], [87.22116271300007, 26.40622780800004], [87.22210178100005, 26.40721629600006], [87.22322895100007, 26.408066977000033], [87.22361003600008, 26.408661675000076], [87.22539518900004, 26.40930024200003], [87.22582390200006, 26.410629636000067], [87.22598496000006, 26.411258993000047], [87.22662894700005, 26.41198546800007], [87.22667020700004, 26.41235035400007], [87.22737971000004, 26.41280517100006], [87.22779744700006, 26.413200907000032], [87.22765970300009, 26.413938191000057], [87.22851787200005, 26.414291737000042], [87.23535066800008, 26.41522108600003], [87.23462603000007, 26.411834216000045], [87.23433127100003, 26.409839739000063], [87.23386062400004, 26.408114013000045], [87.23263422600007, 26.405866287000038], [87.23060941200004, 26.406160528000044], [87.22833333800008, 26.404955894000068], [87.22849944000006, 26.40382130200004], [87.22629893900006, 26.402922292000028], [87.22639042600008, 26.401820343000054], [87.22665891500003, 26.400815102000024], [87.22553893700007, 26.399499696000078], [87.22510635500004, 26.39794024200006], [87.22439521100006, 26.39531997000006], [87.22369013800005, 26.393060499000057], [87.22446741200008, 26.391615211000044], [87.22557679600004, 26.390837514000054], [87.22720556900003, 26.39084656800003], [87.22841787400006, 26.390229856000076], [87.23051189500006, 26.389600897000037], [87.23208695100004, 26.38851446500007], [87.23370392200007, 26.387824374000047], [87.23428717000007, 26.387351654000042], [87.23523830400006, 26.38670691200008], [87.23715127700007, 26.38604424500005], [87.23726344700003, 26.384111835000056], [87.23761932700006, 26.38324073800004], [87.23570084700003, 26.381237317000057], [87.23574365300004, 26.37963522600006], [87.23663487600004, 26.377836371000058], [87.23663961700004, 26.377822706000075], [87.23433896200004, 26.377489198000035], [87.23308377100005, 26.377641965000066], [87.23134994700007, 26.377932077000025], [87.22973663800008, 26.378820630000064], [87.22911095700005, 26.378860807000024], [87.22711769400007, 26.379222178000077], [87.22559818300005, 26.381210074000023], [87.22424911200005, 26.382324958000027], [87.22272724400005, 26.38211579500006], [87.22085986400003, 26.38104079900006], [87.21868380400008, 26.380078209000033], [87.21690882900003, 26.38030559400005], [87.21645834500004, 26.379743360000077], [87.21531951600008, 26.380259807000073], [87.21542366800008, 26.375462799000047], [87.21446349600006, 26.375575182000034], [87.21463761700005, 26.374905184000056], [87.21660651100007, 26.373114161000046], [87.21461350200008, 26.371409177000032], [87.21556220800005, 26.370327032000034], [87.21826906700005, 26.37069131800007], [87.21882057900007, 26.370417562000057], [87.21676806400006, 26.369042740000054], [87.21762085700004, 26.368512225000075], [87.21855043900007, 26.36807540700005], [87.21735936800007, 26.36727524400004], [87.21700949700005, 26.366143185000055], [87.21712538300005, 26.364409244000058], [87.21524089700006, 26.364371939000023], [87.21448259300007, 26.36338084600004], [87.21269871000004, 26.36277369100003], [87.21401875300006, 26.362020216000076], [87.21285987000005, 26.361336872000038], [87.21306108700009, 26.360201742000072], [87.21603883600005, 26.35941656800003], [87.21633120300004, 26.35892979700003], [87.21617187100009, 26.358395184000074], [87.21560521000004, 26.35777135400008], [87.21476039400005, 26.35788219500006], [87.21330257200003, 26.35936838400005], [87.21263129700003, 26.35907980500008], [87.21312799800006, 26.357638359000077], [87.21238103900004, 26.357314778000045], [87.21370000800005, 26.354432046000056], [87.21323911200005, 26.353242840000064], [87.21231745600005, 26.35355319300004], [87.21022508800007, 26.35454730300006], [87.20784229900005, 26.355847546000064], [87.20614659000006, 26.356303800000035], [87.20511364700008, 26.35625022100004], [87.20609841700008, 26.353439698000045], [87.20631140500006, 26.352701505000027], [87.20623632100006, 26.35181377600003], [87.20781228100003, 26.351981728000055], [87.20924012800003, 26.35109603500007], [87.21018268800003, 26.34995082200004], [87.21236191000008, 26.349654822000048], [87.21348970800005, 26.348507021000046], [87.21371974400006, 26.34670378100003], [87.21437689200008, 26.343798520000064], [87.21305332700007, 26.34225119200005], [87.21294482500008, 26.340569943000048], [87.21439627400008, 26.338718492000055], [87.21544943600009, 26.33790104600007], [87.21840756600005, 26.337179226000046], [87.22394625900006, 26.33444142700006], [87.22631283400005, 26.334575758000028], [87.22688006400006, 26.335235542000078], [87.22972887800006, 26.335160191000057], [87.23369577400007, 26.33367524700003], [87.23426534700008, 26.333590669000046], [87.24070506700008, 26.332608245000074], [87.24131903900008, 26.331602642000064], [87.24249226100005, 26.33108565400005], [87.24381421500004, 26.328432664000047], [87.24614847900006, 26.326401695000072], [87.24600179300006, 26.326322480000044], [87.24060866800005, 26.32346509100006], [87.23990821000007, 26.323506398000063], [87.23412685900007, 26.326942922000057], [87.23362095400006, 26.326940929000045], [87.23624608000006, 26.322573678000026], [87.23821221900005, 26.320981032000077], [87.23827370700008, 26.320181724000065], [87.23908812600007, 26.320071135000035], [87.23980938100004, 26.319194924000044], [87.24150101500004, 26.318539888000032], [87.24319387500003, 26.31825022000004], [87.24578560600008, 26.316346544000055], [87.24668908500007, 26.31500310200005], [87.24498039800005, 26.31465696300006], [87.24392036500006, 26.313007007000067], [87.24359897600004, 26.309447574000046], [87.23784598100008, 26.31039349100007], [87.23618818700004, 26.31067816700005], [87.23594863200003, 26.30954908900003], [87.23428697300005, 26.30960819200004], [87.23346169400008, 26.309082773000057], [87.23067223000004, 26.31025365100004], [87.22944837900008, 26.31013964300007], [87.22887837200005, 26.30901516800003], [87.22803175700005, 26.309293067000056], [87.22752737900004, 26.310265383000058], [87.22693549700006, 26.310205922000023], [87.22710831400008, 26.309472655000036], [87.22698569000005, 26.30873905800007], [87.22517607800006, 26.308930900000064], [87.22437629300003, 26.309609540000054], [87.22312076500003, 26.309694498000056], [87.22253845500006, 26.310203281000042], [87.22204307400006, 26.309343890000036], [87.22159290800005, 26.309079385000075], [87.21918408500005, 26.30878311300006], [87.21884805300004, 26.31023140700006], [87.21716937700006, 26.311061970000026], [87.21450727800004, 26.31089088400006], [87.21376384000007, 26.30986794200004], [87.21428154800003, 26.308493973000054], [87.21498911600008, 26.30798800100007], [87.21634384000004, 26.306954430000076], [87.21898151000005, 26.30568666000005], [87.22055666700004, 26.304663490000053], [87.22158634300007, 26.30218614900008], [87.22236239600005, 26.299811517000023], [87.22227823800006, 26.297209662000057], [87.22089739000006, 26.296393969000064], [87.22173214000009, 26.295417069000052], [87.22204168700006, 26.29388349100003], [87.22226983500008, 26.29227879800004], [87.22246359500008, 26.290412933000027], [87.22153357100007, 26.288124908000043], [87.22144317300007, 26.286926177000055], [87.22203345500003, 26.282754026000077], [87.22164796200008, 26.279795368000066], [87.22034426200008, 26.279082474000063], [87.21985078000006, 26.27832225700007], [87.21765542000009, 26.27758545100005], [87.21642222800006, 26.276600794000046], [87.21629306300008, 26.275470248000033], [87.21824622700007, 26.275213362000045], [87.21856477500006, 26.274509726000076], [87.21900116200004, 26.273966882000025], [87.21928509000008, 26.273588577000055], [87.21830526300005, 26.270114713000055], [87.22083696900006, 26.269732587000078], [87.22177334300005, 26.268853558000046], [87.22216126600006, 26.267815136000024], [87.22188047900005, 26.26719640300007], [87.22067612800004, 26.267028022000034], [87.22080662700006, 26.266160013000047], [87.22085469900009, 26.265446585000063], [87.22130979500008, 26.263942524000072], [87.22062228200008, 26.262652667000054], [87.22008482200005, 26.261360749000062], [87.21964785200004, 26.25949904600003], [87.22088565300004, 26.256319646000065], [87.22185631100007, 26.255404018000036], [87.22168961300008, 26.255316035000078], [87.22036152200008, 26.254626003000055], [87.22008887400006, 26.253596663000053], [87.21819775600005, 26.253356412000073], [87.21721005100005, 26.25296836700005], [87.21616114100004, 26.25038098600004], [87.21569448000008, 26.24885588400008], [87.21532806300007, 26.24749312800003], [87.21444571300003, 26.245444749000058], [87.21385593800005, 26.246550799000033], [87.21323190900006, 26.24852796500005], [87.21397391400006, 26.24974240000006], [87.21434484100007, 26.250467694000065], [87.21402732800004, 26.25152311900007], [87.21227842700006, 26.253784712000027], [87.21219181900005, 26.254886657000043], [87.21002936000008, 26.254884583000035], [87.20970308400007, 26.254234861000043], [87.20820289500006, 26.25462077800006], [87.20642297600006, 26.25295320300006], [87.20552816700007, 26.251530826000078], [87.20471010400007, 26.250378719000025], [87.20292163200008, 26.24773963900003], [87.20268579200007, 26.24675139900006], [87.20274503800005, 26.24562308700007], [87.20367000200008, 26.244268688000034], [87.20391349900007, 26.241835991000073], [87.20329804700003, 26.241940192000072], [87.20249264700004, 26.24243703700006], [87.20131210000005, 26.24312811200008], [87.20089696000008, 26.243530039000063], [87.20016640500006, 26.24371542800003], [87.19951084800005, 26.243769978000046], [87.19895011100004, 26.243454324000027], [87.19799388700005, 26.24275082500003], [87.19702262400006, 26.242187181000077], [87.19491527500008, 26.241398393000054], [87.19381918000005, 26.24129509900007], [87.19324356800007, 26.241069725000045], [87.19261719000008, 26.23958074500007], [87.19228667900006, 26.239246906000062], [87.19058039000004, 26.23956368900008], [87.189975, 26.239771542000028], [87.18942483500007, 26.240435148000074], [87.18882945400009, 26.240652114000056], [87.18786420700008, 26.24173565600006], [87.18737373500005, 26.241668163000043], [87.18659813300007, 26.241826459000038], [87.18621291500006, 26.242079329000035], [87.18447729800005, 26.24386724200008], [87.18363167100006, 26.24417445000006], [87.18199091600007, 26.24548843100007], [87.18199550600008, 26.244829511000034], [87.18222007900005, 26.243529667000075], [87.18246018200006, 26.24320464500005], [87.18313065600006, 26.243078010000033], [87.18399123500006, 26.242657937000047], [87.18427626300007, 26.242170404000035], [87.18406565900005, 26.24142136200004], [87.18275886400005, 26.240027302000044], [87.18254342600005, 26.239508458000046], [87.18165696200003, 26.238190926000073], [87.18143136900005, 26.23736069000006], [87.18113004800006, 26.235280244000023], [87.18083466000007, 26.234978015000024], [87.18024899200003, 26.234499868000057], [87.18014865900005, 26.234062117000065], [87.18003316700003, 26.233313020000026], [87.17958776800003, 26.233037859000035], [87.17907711900006, 26.23261833400005], [87.17908192900006, 26.23216708900003], [87.17892611200006, 26.230849271000068], [87.17824515600006, 26.229843147000054], [87.17760428300005, 26.229166469000063], [87.17692348600008, 26.228372351000075], [87.17586703700005, 26.22710008200005], [87.17589697100004, 26.226793201000078], [87.17605694400004, 26.226544906000072], [87.17564141000008, 26.225935778000064], [87.17527549500005, 26.224554942000054], [87.17545479000006, 26.222686499000076], [87.17544932000004, 26.22165750100004], [87.17564403500006, 26.220705138000028], [87.17625898800009, 26.21970305800005], [87.17684901000007, 26.21877313300007], [87.17720382200008, 26.21777564100006], [87.17812851400004, 26.215730879000034], [87.17870849900004, 26.214990584000077], [87.17938869000005, 26.214308860000074], [87.18052860300008, 26.212764890000074], [87.18136887600008, 26.212119263000034], [87.18254856000004, 26.209970530000078], [87.18272845800004, 26.20953719000005], [87.18267790600004, 26.20854433100004], [87.18242734300009, 26.207804293000038], [87.18218668400004, 26.206712236000044], [87.18106119100008, 26.207006080000042], [87.17896007100006, 26.207313761000023], [87.17792951500007, 26.207517189000043], [87.17768957200008, 26.20775194600003], [87.17696924500007, 26.20812236000006], [87.17607372200007, 26.208005307000064], [87.17516300100004, 26.207653621000077], [87.17403198000005, 26.206823631000077], [87.17339133200005, 26.206309298000065], [87.17209037500004, 26.20572758900005], [87.17079463800007, 26.205728003000047], [87.16916834200003, 26.204776224000057], [87.16649671600004, 26.204564967000067], [87.16380000300006, 26.204145924000045], [87.16197898900003, 26.20415545700007], [87.16050823700004, 26.204363408000063], [87.15968265200007, 26.20389425600007], [87.15880717900006, 26.20410656200005], [87.15795668200008, 26.203966894000075], [87.15736613500007, 26.203488607000054], [87.15553494900007, 26.202599968000072], [87.15508967700003, 26.202735422000046], [87.15340378900004, 26.202830580000068], [87.15285843000004, 26.202650187000074], [87.15251312600003, 26.202262140000073], [87.15242777700007, 26.200881088000074], [87.15179740400004, 26.200831599000026], [87.15128188200003, 26.19973054600007], [87.15011094900007, 26.198318094000058], [87.14967026800008, 26.19645881300005], [87.14941474400007, 26.194595006000043], [87.14863431900005, 26.193981335000046], [87.14810404900004, 26.194238650000045], [87.14762407600006, 26.19519549300003], [87.14662361100005, 26.19529943400005], [87.14619338700004, 26.195538713000076], [87.14507786800004, 26.195800621000046], [87.14383231200009, 26.195787282000026], [87.14230155500007, 26.19579647300003], [87.14203653800007, 26.196428369000046], [87.14141159900004, 26.199145291000036], [87.14075144200007, 26.20049027700003], [87.14027622900005, 26.20099574900007], [87.13841531400004, 26.20107720200008], [87.13664451800008, 26.203121741000075], [87.13560414900007, 26.20526557900007], [87.13474890500004, 26.20711597500008], [87.13335308500007, 26.207274004000055], [87.13152199100006, 26.207598999000027], [87.12949577200004, 26.207811220000053], [87.12756465300004, 26.20826258900007], [87.12658407100008, 26.20862816300007], [87.12583866100005, 26.208546888000058], [87.12407252800006, 26.207269749000034], [87.12349721500004, 26.20722463100003], [87.12244660200008, 26.20722459900003], [87.12173113000006, 26.207012443000053], [87.12057553700004, 26.206312882000077], [87.11935982900008, 26.204859619000047], [87.11886957000007, 26.20378550600003], [87.11870462100006, 26.202562449000027], [87.11768905500008, 26.202589524000075], [87.11693866500008, 26.201844837000067], [87.11616320200005, 26.20192597500005], [87.11339669000006, 26.20215148500006], [87.11249115900006, 26.202223613000058], [87.11133551700004, 26.20215581000008], [87.11017992400008, 26.201911989000052], [87.10906436400006, 26.201925419000077], [87.10838396200006, 26.20197943900007], [87.10788355700004, 26.202918096000076], [87.10588747100007, 26.20308037800004], [87.10468180300006, 26.20283198100003], [87.10351609400004, 26.202863404000027], [87.10151000300004, 26.202845013000058], [87.09974409400007, 26.20266867600003], [87.09944890300005, 26.202876256000025], [87.09813277400008, 26.20443756800006], [87.09697683400003, 26.206030447000046], [87.09636619700007, 26.20706829200003], [87.09615562900007, 26.20895470800008], [87.09605056000004, 26.20911716300003], [87.09389425500007, 26.209067094000034], [87.09271324800005, 26.210154423000063], [87.09158215300005, 26.21131858800004], [87.09056623300006, 26.212514258000056], [87.09035092700003, 26.212902390000067], [87.09059587300004, 26.21390427800003], [87.08966024000006, 26.214035015000036], [87.08795414600007, 26.213899110000057], [87.08667320700005, 26.214341061000027], [87.08520686500003, 26.215220791000036], [87.08335531500006, 26.216407184000047], [87.08104856900007, 26.216830708000032], [87.08019787200004, 26.217322342000045], [87.07966716100003, 26.218026207000037], [87.07945098900007, 26.220715937000023], [87.07955085000003, 26.22142453600003], [87.08022100500006, 26.222133238000026], [87.08088138700003, 26.22256221400005], [87.08140151300006, 26.223063309000054], [87.08171639400007, 26.224155600000074], [87.08231169500004, 26.22451227700003], [87.08334747700007, 26.224467486000037], [87.08328703700005, 26.225708508000025], [87.08324675500006, 26.22649824800004], [87.08357692900006, 26.22665631900003], [87.08454273700005, 26.226394855000024], [87.08515822900006, 26.226340853000067], [87.08559844000007, 26.226629865000064], [87.08498754900006, 26.227951962000077], [87.08374591900008, 26.229801950000024], [87.08301996000006, 26.230993226000066], [87.08278964300007, 26.23150313000008], [87.08214903100009, 26.23171501300004], [87.08134333500004, 26.231872769000063], [87.08022707000003, 26.23295104500005], [87.08015659200004, 26.233930306000047], [87.08013136200003, 26.234453835000068], [87.07914552400007, 26.234643049000056], [87.07590779700007, 26.234628490000034], [87.07542726800006, 26.23492619900003], [87.07522692400005, 26.235454164000032], [87.07520056900006, 26.23876666600006], [87.07525533000006, 26.23947978800004], [87.07501498100004, 26.23971890100006], [87.07388393000008, 26.239777158000038], [87.07296829700005, 26.23943837300004], [87.07144700400005, 26.239455811000028], [87.07115141600008, 26.24008754700003], [87.07104038200004, 26.24229436400003], [87.07087479000006, 26.24316988700008], [87.07067848500003, 26.24571063700006], [87.07044784800007, 26.24655898700007], [87.07026714300008, 26.24776839900005], [87.06949629500008, 26.248174276000043], [87.06952616200005, 26.24903873100004], [87.06967890500005, 26.249547652000047], [87.07022806500004, 26.250405628000067], [87.07146606800006, 26.252582455000038], [87.07175367700006, 26.253744588000075], [87.07098939600007, 26.25448522000005], [87.07089411700008, 26.255754118000027], [87.07088504600006, 26.257419087000073], [87.07127196000005, 26.258478912000044], [87.07044923600006, 26.260284979000062], [87.07053777800007, 26.261150084000064], [87.07141104600004, 26.26257367200003], [87.07083671500004, 26.263943460000064], [87.07132915200003, 26.264704253000048], [87.06908213400004, 26.265066540000078], [87.06805072600008, 26.265377364000074], [87.06776329300004, 26.265881800000045], [87.06816371700006, 26.267807728000037], [87.06858464000004, 26.268799425000054], [87.06956124400006, 26.27171065700003], [87.07124676900008, 26.273530033000043], [87.07152156300003, 26.274455858000067], [87.07147982700008, 26.276590402000068], [87.07167522600008, 26.279484394000065], [87.07161915600005, 26.282945468000037], [87.07152462000005, 26.283943820000047], [87.07169627200005, 26.285637957000063], [87.07150105000005, 26.28724205900005], [87.07240426000004, 26.288326922000067], [87.07572078600003, 26.29004879100006], [87.07666290100008, 26.29137223300006], [87.07726412300008, 26.293954296000038], [87.07628900100008, 26.294034397000075], [87.07569777900005, 26.29432613800003], [87.07527767600004, 26.29436303600005], [87.07391130600007, 26.294398407000074], [87.07200812500008, 26.29437297800007], [87.07078326300007, 26.294171955000024], [87.06880374400004, 26.294061718000023], [87.06679252700008, 26.29417290200007], [87.06589033000006, 26.29443244400005], [87.06470518700007, 26.295498628000075], [87.06318622200007, 26.296348006000073], [87.06169273100005, 26.29658342600004], [87.06025426400004, 26.29681809400006], [87.05859853800007, 26.297254029000044], [87.05710124000007, 26.29724129300007], [87.05507355100008, 26.29758265600003], [87.05491995400007, 26.298333523000053], [87.05409739400005, 26.29889431600003], [87.05415176200006, 26.30110881400003], [87.05381842800006, 26.302543203000027], [87.05381000700004, 26.303292205000048], [87.05353728000006, 26.304761979000034], [87.05324251900004, 26.306096540000055], [87.05367184800008, 26.307625134000034], [87.05327968800003, 26.308496262000062], [87.05324162700003, 26.309272752000027], [87.05393063800005, 26.312047777000032], [87.05367538400003, 26.312380336000047], [87.05183770100007, 26.313039527000058], [87.05123189000005, 26.313376488000074], [87.05069253900007, 26.314118688000065], [87.04850216000006, 26.31464696200004], [87.04691965700005, 26.315298445000053], [87.04537644900006, 26.315899698000067], [87.04429958500003, 26.316544830000055], [87.04437922500006, 26.31716193400007], [87.04655428500007, 26.318880704000037], [87.04745708900003, 26.31896863000003], [87.04947041900004, 26.318645625000045], [87.04990063000008, 26.318938032000062], [87.05087763600005, 26.321226701000057], [87.05232529600005, 26.322859700000038], [87.05294739200008, 26.324864064000053], [87.05312714300004, 26.325795737000078], [87.05283695100007, 26.327112292000038], [87.05247214300005, 26.328781605000074], [87.05230123800004, 26.32938385700004], [87.05184648400007, 26.331067907000033], [87.05245299800004, 26.333361207000053], [87.05283384400008, 26.334339879000026], [87.05318904900008, 26.33463317500008], [87.05490634100005, 26.333294186000046], [87.05566879400004, 26.333370355000056], [87.05768401200004, 26.33476162000005], [87.05962725200004, 26.33475062900004], [87.06115343400006, 26.33561564100006], [87.06184050100006, 26.335670140000047], [87.06368587600008, 26.335479802000066], [87.06560968800005, 26.335505070000067], [87.06911072000008, 26.33484720100006], [87.07018655800005, 26.335099657000058], [87.07096071200004, 26.334954481000068], [87.07165636100007, 26.334598284000037], [87.07220054000004, 26.333842450000077], [87.07203439400007, 26.332829419000063], [87.07215643200004, 26.332309106000025], [87.07277897600005, 26.332084586000065], [87.07365380900006, 26.33229003400004], [87.07410272600004, 26.333452801000078], [87.07438375500004, 26.334441842000047], [87.07473203400008, 26.335249456000042], [87.07522588700004, 26.336077827000054], [87.07602666000008, 26.336036037000042], [87.07605516200005, 26.33657255600008], [87.07609943000006, 26.337794622000047], [87.07627402800006, 26.33839239400004], [87.07508213700004, 26.34096118000008], [87.07445562400005, 26.34189396800008], [87.07435110300008, 26.342896867000036], [87.07429114300004, 26.343863122000073], [87.07410897000005, 26.345020470000065], [87.07385825500006, 26.345641733000036], [87.07338285700007, 26.34695159300003], [87.07314250000007, 26.348876560000065], [87.07310453900004, 26.349964385000078], [87.07273704600004, 26.35048788000006], [87.07134163400008, 26.351272557000073], [87.07031980900007, 26.351921705000052], [87.07021998800008, 26.352586134000035], [87.07136086300005, 26.354737193000062], [87.07147997700008, 26.355304137000076], [87.07074526100007, 26.355412713000078], [87.06914820400004, 26.355166801000053], [87.06804126000009, 26.35518086700006], [87.06741750000003, 26.355653501000063], [87.06668901200004, 26.35872611600007], [87.06632443600006, 26.361360958000034], [87.06658553300008, 26.362359178000077], [87.06732545700004, 26.362579882000034], [87.07013966100004, 26.363762362000045], [87.07240158500008, 26.364229856000065], [87.07296333900007, 26.36490844900004], [87.07430439500007, 26.365437299000064], [87.07619197700006, 26.36663131800003], [87.07746091100006, 26.36639861200007], [87.07757477700005, 26.36662726800006], [87.07719826100004, 26.367218583000067], [87.07592650800007, 26.36854763300005], [87.07568069900003, 26.36948461700007], [87.07603697800005, 26.37111327200006], [87.07647039100004, 26.371590556000058], [87.07745955700005, 26.372042579000038], [87.07831906500007, 26.372532423000052], [87.07883184800005, 26.373590587000024], [87.07904666200005, 26.374187901000028], [87.07823490800007, 26.37672917900005], [87.07800211100005, 26.378496201000075], [87.07825532800007, 26.37929602400004], [87.07832481400004, 26.380210989000034], [87.07764184800004, 26.381388221000066], [87.07728419100005, 26.382222888000058], [87.07711051800004, 26.384241750000058], [87.07661077500006, 26.384965435000026], [87.07527717600004, 26.385880282000073], [87.07341992400006, 26.386634825000044], [87.07209399100003, 26.387084809000044], [87.07167128600008, 26.387293172000057], [87.07140173300007, 26.387675555000044], [87.07134018400006, 26.388542572000063], [87.07094606500004, 26.389296540000032], [87.07062592900007, 26.389972847000024], [87.06972137800005, 26.391089605000047], [87.06923983200005, 26.392016131000048], [87.06923637700004, 26.393712513000025], [87.06910933200004, 26.394562319000045], [87.06861107200007, 26.39570102400006], [87.06742356700005, 26.395716133000064], [87.06579197300005, 26.39553831300003], [87.06207443300008, 26.395603446000052], [87.06176887100008, 26.39625245700006], [87.06181735300004, 26.39678869100004], [87.06242637200006, 26.396961463000025], [87.06226554300008, 26.398529026000062], [87.06220421000006, 26.39909830600004], [87.06184221900008, 26.400948077000066], [87.06153177700008, 26.402251292000074], [87.06152615200006, 26.402851481000027], [87.06132403300006, 26.404351835000057], [87.06128017400005, 26.406035193000037], [87.05929117700003, 26.408009347000075], [87.05929137200008, 26.408018362000064], [87.05922953500004, 26.408876344000078], [87.05931476000006, 26.408875258000023], [87.06157129200005, 26.409586640000043], [87.06327715800006, 26.40969586600005], [87.06377763900008, 26.408692461000044], [87.06362080600007, 26.407959094000034], [87.06315605700007, 26.40676485000006], [87.06470332400005, 26.40634823700003], [87.06522456300007, 26.40602586600005], [87.06529293600005, 26.405982796000046], [87.06536346100006, 26.405938370000058], [87.06563277100008, 26.405213093000043], [87.06586816900005, 26.40424458500007], [87.06635023000007, 26.403340712000045], [87.06679661300007, 26.402721428000063], [87.06701823700007, 26.401834389000044], [87.06721451700008, 26.40156574300005], [87.06742962700008, 26.400583965000067], [87.06831864200007, 26.400703539000062], [87.06965251100007, 26.400754277000033], [87.07098334000005, 26.40060200100004], [87.07268093100004, 26.40051719400003], [87.07519109400005, 26.400151383000036], [87.07614524500008, 26.40027450200006], [87.07694743700006, 26.400611688000026], [87.07707442800006, 26.401990632000036], [87.07679891800007, 26.402634719000048], [87.07678709300006, 26.40315369600006], [87.07777816800007, 26.40339374100006], [87.07903009900008, 26.404280011000026], [87.08026396600008, 26.404340990000037], [87.08019435200003, 26.405641167000056], [87.07966260500007, 26.405932204000067], [87.07911831800004, 26.406061], [87.07882381600007, 26.406132442000057], [87.07831360100005, 26.406197534000057], [87.07724023000009, 26.406784276000053], [87.07686529000006, 26.40938764400005], [87.07442487700007, 26.411647539000057], [87.07298095100003, 26.413533659000052], [87.07333202500007, 26.41514435700003], [87.07316341000006, 26.416211232000023], [87.07298095800007, 26.417675246000044], [87.07263450600004, 26.419231671000034], [87.07242065000008, 26.422843576000048], [87.07221161000007, 26.423897445000023], [87.07213517600007, 26.42476915900005], [87.07185167700004, 26.425232915000038], [87.07087310300005, 26.425480031000063], [87.06991144700004, 26.425537328000075], [87.06989204300004, 26.42557817000005], [87.06937078300007, 26.426541265000026], [87.06986250200003, 26.427202752000028], [87.06969165700008, 26.428138768000053], [87.06894967400007, 26.428130140000064], [87.06870273400006, 26.428127480000057], [87.06870233900008, 26.428127476000043], [87.06683886200005, 26.428107409000063], [87.06389566800004, 26.428072531000055], [87.06321639400005, 26.428550372000075], [87.06249670400007, 26.42869034100005], [87.06218541100003, 26.427376932000072], [87.06130310900005, 26.428976112000043], [87.06083806400005, 26.430015180000055], [87.06053245900006, 26.431950010000037], [87.06036784900004, 26.433287483000072], [87.05990697400006, 26.434267791000025], [87.06068723100003, 26.434474463000072], [87.06127548300003, 26.43426401200003], [87.06182565000006, 26.435141299000065], [87.06227223900004, 26.43644849800006], [87.06199746200008, 26.437787445000026], [87.06189782400008, 26.438469945000065], [87.06592517600006, 26.43825192500003], [87.06660845200008, 26.438026664000063], [87.06716967200003, 26.43736989300004], [87.06805669800008, 26.437029245000076], [87.06961975100006, 26.43759138000007], [87.07035648900006, 26.437582012000064], [87.07198315400007, 26.43741241400005], [87.07267751500007, 26.437886268000057], [87.07310109100007, 26.438995213000055], [87.07291046900008, 26.439945101000035], [87.07222470600004, 26.44096885600004], [87.06972741700008, 26.443486591000067], [87.06814576300008, 26.44556841600007], [87.06833090100008, 26.44873318300006], [87.06830548000005, 26.449667394000073], [87.06811068500008, 26.452584310000077], [87.06771775300007, 26.454384850000054], [87.06807700200005, 26.454912630000024], [87.06809020700007, 26.455747116000055], [87.06838181700004, 26.45675852200003], [87.06941975800004, 26.457394942000064], [87.06873363500006, 26.458405233000065], [87.06966770600008, 26.459128758000077], [87.06975540300004, 26.46024200900007], [87.07022062700008, 26.46048865800003], [87.07110645200004, 26.460702940000033], [87.07128999500009, 26.460890129000063], [87.07151957400004, 26.462096319000068], [87.07106736600008, 26.46267504700006], [87.07009430300008, 26.46138359100007], [87.06953074300003, 26.461580242000025], [87.06921589200005, 26.461967767000033], [87.06812301200006, 26.462301963000073], [87.06777357200008, 26.462716922000027], [87.06757752700008, 26.463644282000075], [87.06741954200004, 26.46476061900006], [87.06616862900006, 26.46493444500004], [87.06360171700004, 26.46528740100007], [87.06250623200003, 26.465463663000037], [87.06059450900005, 26.46570899200003], [87.05947594500003, 26.46664805000006], [87.05850370200005, 26.467964192000068], [87.05813001500007, 26.46908324700007], [87.05791479400006, 26.471030401000064], [87.05765785200003, 26.472563052000055], [87.05547919500003, 26.47370495900003], [87.05429480100008, 26.474933580000027], [87.05353444800005, 26.476341775000037], [87.05241573300003, 26.47728068200007], [87.05012813500008, 26.478202836000037], [87.04981865200006, 26.478296984000053], [87.04794184500008, 26.47886653000006], [87.04720176700005, 26.479002170000058], [87.04724935900003, 26.479484266000043], [87.04757467400003, 26.480084694000027], [87.04850078500004, 26.480298670000025], [87.05027426200007, 26.480497382000067], [87.05014777700006, 26.48139228200006], [87.05171258800004, 26.48204024000006], [87.05282070200008, 26.482666877000042], [87.05354560400008, 26.48380368000005], [87.05461315000008, 26.484074410000062], [87.05673579200004, 26.483826470000054], [87.05754613400006, 26.48368991800004], [87.05924297800004, 26.483474412000078], [87.06101902100005, 26.483835407000072], [87.06107636100006, 26.48525128600005], [87.06130444200005, 26.486042441000052], [87.06122355300005, 26.487415075000058], [87.06119349600004, 26.487925106000034], [87.06050994200007, 26.489431598000067], [87.06008605700003, 26.491828085000066], [87.05896220400007, 26.492446915000073], [87.05610219400006, 26.493024439000067], [87.05388252700004, 26.493815019000067], [87.05159123900006, 26.49451616500005], [87.05099640800006, 26.49497030300006], [87.05079578200008, 26.495608876000063], [87.05048074300004, 26.495991842000024], [87.04986382100003, 26.495999660000052], [87.04958304400003, 26.496323532000076], [87.04920145900007, 26.498877351000033], [87.04950809800005, 26.500529203000042], [87.04953761600007, 26.50242363700005], [87.04906154200006, 26.50373802200005], [87.04870873200008, 26.505880878000028], [87.04862425800007, 26.507542237000052], [87.04917034800008, 26.508139886000038], [87.05031279900004, 26.508702930000027], [87.05245885800008, 26.509920973000078], [87.05353153200008, 26.510191667000072], [87.05537574300007, 26.510393960000044], [87.05779020600005, 26.510489669000037], [87.05847239700006, 26.510801421000053], [87.05926883100005, 26.511684596000066], [87.05929475500005, 26.511738396000055], [87.05989068700006, 26.512953431000028], [87.05992721300004, 26.51528093400003], [87.06015143200005, 26.515823916000045], [87.06035402700007, 26.51754478500004], [87.05996884600006, 26.517933135000078], [87.05980075800005, 26.518413526000074], [87.05943305800008, 26.51991593500003], [87.05938124800008, 26.52109416600007], [87.05910689000007, 26.521833015000027], [87.05823152800008, 26.522322286000076], [87.05706681800007, 26.522914557000036], [87.05708077200006, 26.526040790000025], [87.05689455800007, 26.527924472000052], [87.05651727200006, 26.528822545000025], [87.05586213500004, 26.529918121000037], [87.05598090100005, 26.530778265000038], [87.05632496600003, 26.532560502000024], [87.05691884600003, 26.533955995000042], [87.05766578300006, 26.534235274000025], [87.05820717100005, 26.53483751600004], [87.05961367800006, 26.536222680000037], [87.06021971500007, 26.536467698000024], [87.06621191800008, 26.536540346000038], [87.06620588900006, 26.538385599000037], [87.06605180000008, 26.541347114000075], [87.06589745600007, 26.543009290000043], [87.06567383100008, 26.546652879000078], [87.06539293300006, 26.549210001000063], [87.06526305800008, 26.552112478000026], [87.06488629700004, 26.55304220000005], [87.06397271800006, 26.55366284300004], [87.06359289600005, 26.55439851700004], [87.06307308400005, 26.555172087000074], [87.06114090200003, 26.55420861700003], [87.05990061900008, 26.554161254000064], [87.05908770600007, 26.554487390000077], [87.05806066700006, 26.554599625000037], [87.05480541300005, 26.55310701800005], [87.05395239600006, 26.553117746000055], [87.05284807600003, 26.55277988100005], [87.05255703100005, 26.554380596000044], [87.05229553000004, 26.55594940900005], [87.05199330600004, 26.557162262000077], [87.05141820900008, 26.558892971000034], [87.05072469800007, 26.559799442000042], [87.04981244400005, 26.560510256000043], [87.04769431400007, 26.561461893000057], [87.04648608600007, 26.561224507000077], [87.04584631700004, 26.56139039800007], [87.04468467200007, 26.561883237000075], [87.04397313200008, 26.561955398000066], [87.04290184000007, 26.561490669000023], [87.04183610300004, 26.561377763000053], [87.04136956200006, 26.56106333300005], [87.04046502200003, 26.560023467000065], [87.03957238500004, 26.55974596300007], [87.03756151900006, 26.56113817000005], [87.04089151400007, 26.56840502600005], [87.04143853300008, 26.57387960500006], [87.04207705600004, 26.58393667000007], [87.04248394700005, 26.587500137000063], [87.06048677300004, 26.586956593000025], [87.07076034500005, 26.586505345000035], [87.07213900100004, 26.579422806000025], [87.07225825500007, 26.577765578000026], [87.07145725600003, 26.562991787000044]]]]}}, {"type": "Feature", "properties": {"OBJECTID": 346, "BLOCK_CODE": "0009", "NEAR_TOWN": "ARARIA", "BLK_NAME": "JOKIHAT", "DIST_NAME": "ARARIA"}, "geometry": {"type": "MultiPolygon", "coordinates": [[[[87.56778509700007, 26.177597898000045], [87.56871660100006, 26.17498063000005], [87.56969217500006, 26.17455228600005], [87.57035224700007, 26.17483235700007], [87.57063195700005, 26.175541003000035], [87.56973118800005, 26.176677994000045], [87.57027595100004, 26.177558202000057], [87.57181216800006, 26.175925070000062], [87.57188246600003, 26.17531136300005], [87.57182775100006, 26.174665954000034], [87.57223838900006, 26.173510734000047], [87.57328431700006, 26.171985668000048], [87.57464472000004, 26.172180224000044], [87.57458995800005, 26.17139046400007], [87.57382992100008, 26.17115100700005], [87.57371560900003, 26.169359195000027], [87.57579675000005, 26.167848046000074], [87.57588737100008, 26.166521252000052], [87.57635269800005, 26.165835473000072], [87.57812880800003, 26.16423841200003], [87.57818961100008, 26.16219847600007], [87.57909558900008, 26.15999190900004], [87.57569180400003, 26.155586017000076], [87.57537705400006, 26.154732874000047], [87.57543231900007, 26.154168800000036], [87.57575251300005, 26.153898163000065], [87.57637754200005, 26.153920865000032], [87.57733747200007, 26.154494396000075], [87.57852696100008, 26.156254901000068], [87.57954135500006, 26.158159693000073], [87.57999113400007, 26.159157252000057], [87.58088122900006, 26.159288380000078], [87.58180189000007, 26.15776323600005], [87.58274227200008, 26.15733475600007], [87.58333733000006, 26.157443272000023], [87.58387707300005, 26.15826482500006], [87.58460698700009, 26.158874277000052], [87.58818276800008, 26.158636055000045], [87.58862261000007, 26.159457571000075], [87.58896744700007, 26.160161646000063], [87.58855703400008, 26.161262753000074], [87.58965713000003, 26.161836208000068], [87.59262780800003, 26.16146234100006], [87.59400804000006, 26.16144001200007], [87.59398253500007, 26.163362637000034], [87.59312695900007, 26.164856309000072], [87.59335169600007, 26.166241838000076], [87.59397141400007, 26.167830610000067], [87.59514641300007, 26.169076459000053], [87.59708158300003, 26.17055261400003], [87.59734133300003, 26.17206005500003], [87.60239295100007, 26.171352323000065], [87.60511402400004, 26.169592635000072], [87.60667942600008, 26.16950709500003], [87.60677426100006, 26.171046060000037], [87.60834429300007, 26.173975230000053], [87.61004981600007, 26.174404140000036], [87.61201033300006, 26.174878258000035], [87.61231552900006, 26.174047813000072], [87.61228069500004, 26.172323892000065], [87.61274585500007, 26.17195831500004], [87.61339107500004, 26.172125348000066], [87.61377605700005, 26.173339422000026], [87.61504640500004, 26.17338915700003], [87.61590179800004, 26.172229316000028], [87.61474662300003, 26.170202928000037], [87.61274607200005, 26.169945536000057], [87.61300638300008, 26.166813490000038], [87.61594230400004, 26.164471398000046], [87.61650250600007, 26.162521725000033], [87.61782782600005, 26.161204044000044], [87.61724777100005, 26.16006665200007], [87.61629261300004, 26.160012421000033], [87.61602273900007, 26.158288441000025], [87.61609285700007, 26.155702443000052], [87.61668811400006, 26.15411843000004], [87.61867838900008, 26.15415913000004], [87.61992855500006, 26.152881938000064], [87.62085379100006, 26.149239953000063], [87.62087374700008, 26.148414010000067], [87.62170886200005, 26.148328337000066], [87.62196390200006, 26.14699242200004], [87.62243890800005, 26.146983394000074], [87.62260394500004, 26.14533165200004], [87.62490409800006, 26.144898343000023], [87.62559915800006, 26.145751330000053], [87.62662427400005, 26.145263889000034], [87.62699918400006, 26.144216896000046], [87.62769923200005, 26.143449625000073], [87.63147938500003, 26.142889928000045], [87.63025946400006, 26.145895664000022], [87.62703443400005, 26.15151000800006], [87.62700449100004, 26.153581582000072], [87.62570438800003, 26.15552216800006], [87.62552933700005, 26.156591803000026], [87.62485424700003, 26.157223608000038], [87.62776087200007, 26.15743210200003], [87.62803982200006, 26.159240940000075], [87.62935005700007, 26.158988188000023], [87.63037029300006, 26.159087428000078], [87.63125538600008, 26.15915964900006], [87.63166052100007, 26.15968759100008], [87.63153550200008, 26.16015699600007], [87.63111544200007, 26.160287912000058], [87.63079038400008, 26.160409757000025], [87.63074049400007, 26.16144323900005], [87.63442627800003, 26.161799589000054], [87.63556157800008, 26.16281043500004], [87.63529180800003, 26.165536388000078], [87.63509185400005, 26.166903883000032], [87.63450676700006, 26.167355180000072], [87.63666256600004, 26.17012609300008], [87.63911826800006, 26.169855046000066], [87.63936867300004, 26.172626085000047], [87.64136421700005, 26.17241825800005], [87.64245492300006, 26.17432261500005], [87.64491062400003, 26.174074052000037], [87.64518585000008, 26.17478262000003], [87.64437561400007, 26.17523853700004], [87.64398548000008, 26.175243099000056], [87.64391578900006, 26.17678210400004], [87.64487141600006, 26.178537558000073], [87.64523663700004, 26.179173820000074], [87.64611693600006, 26.17930460300005], [87.64678716400005, 26.179002109000066], [87.64776730600005, 26.178198658000042], [87.64810225500008, 26.177079346000028], [87.64857233400005, 26.176713695000046], [87.65024781200003, 26.17668634900008], [87.65034774200006, 26.17607251800007], [87.65082783500009, 26.175918987000045], [87.65092375000006, 26.17600906900003], [87.65094786700007, 26.175882884000032], [87.65109279200004, 26.175124606000054], [87.65031733900008, 26.174529018000044], [87.64971709000008, 26.174321606000035], [87.64938689800005, 26.173829741000077], [87.64982706000006, 26.17367614400007], [87.65058223900007, 26.173662508000064], [87.65076209300008, 26.172728220000067], [87.65038174500006, 26.171798652000064], [87.65009657700006, 26.171333874000027], [87.64929134200008, 26.17109929700007], [87.64897625800006, 26.171103877000064], [87.64886629400007, 26.17157320000007], [87.64892142500008, 26.172322404000056], [87.64845139100004, 26.172764795000035], [87.64793124600004, 26.172629451000034], [87.64739082500006, 26.171487735000028], [87.64733064800004, 26.170625743000073], [87.64681544600006, 26.170526541000072], [87.64609527400006, 26.170504083000026], [87.64526007700005, 26.170517751000034], [87.64442483800008, 26.17060364100007], [87.64382967300008, 26.17072106100005], [87.64330952800003, 26.17069403800008], [87.64289929000006, 26.17002165100007], [87.64328932200004, 26.169615348000036], [87.64447962800006, 26.16948884800007], [87.64518976800008, 26.169154829000036], [87.64549974900007, 26.168536506000066], [87.64601489500006, 26.168707846000075], [87.64667024300007, 26.169276456000034], [87.64715042500006, 26.169696121000072], [87.64802567400005, 26.169610188000036], [87.64822061800004, 26.169389023000065], [87.64913585200009, 26.169307665000076], [87.64997104900004, 26.169185639000034], [87.65053628000004, 26.169605268000055], [87.65106659600008, 26.17006548300003], [87.65153663700005, 26.169767532000037], [87.65179648300006, 26.168864875000054], [87.65218143300007, 26.168251058000067], [87.65254663800005, 26.16867515000007], [87.65299173500006, 26.168810475000043], [87.65394202000004, 26.16861626800005], [87.65425194400007, 26.16821451000004], [87.65439686900004, 26.167600674000028], [87.65445139800005, 26.165930838000065], [87.65743707400009, 26.16590764800003], [87.65804239900007, 26.16652132200005], [87.65854781400003, 26.167401254000026], [87.65807292200003, 26.168114391000074], [87.65798810500007, 26.16880036200007], [87.65839842500003, 26.16947280200003], [87.65903371300004, 26.170081868000068], [87.65863918000008, 26.171833067000023], [87.65998453300006, 26.17175153100004], [87.66026946800008, 26.17130465100007], [87.66113437000007, 26.17016710400003], [87.66132991400008, 26.171760172000063], [87.66274036400006, 26.17176431400003], [87.66281954300007, 26.16921892000005], [87.66432991000005, 26.16925010500006], [87.66523497800006, 26.16882110800003], [87.66542430800007, 26.166690928000037], [87.66669949200008, 26.166401724000025], [87.66800983600007, 26.16637876900006], [87.66856562900006, 26.16802589200006], [87.66933602500006, 26.168661994000047], [87.67028628900005, 26.168589475000033], [87.67248112600004, 26.166896352000037], [87.67349187300005, 26.168119051000076], [87.67366722200006, 26.168768836000027], [87.67265709100008, 26.169080619000056], [87.67239765500005, 26.170592605000024], [87.67387306700005, 26.17071395000005], [87.67541860900008, 26.170781069000043], [87.67657406100005, 26.17105594900005], [87.67694948700006, 26.17190426700006], [87.67766463400005, 26.17165580300008], [87.67817954600008, 26.171150216000058], [87.67900484000006, 26.171371038000075], [87.67951550000004, 26.17233660100004], [87.68017139200003, 26.173834673000044], [87.68140734200006, 26.17499409100003], [87.68185370000003, 26.17747161400007], [87.68183995900006, 26.17998533100007], [87.68211528000006, 26.18057195800003], [87.68381150000005, 26.181699568000056], [87.68535639900006, 26.180372060000025], [87.68846193800005, 26.179319169000053], [87.68715078900004, 26.178056096000034], [87.68933487200007, 26.17499071900005], [87.68945937300003, 26.17416025400007], [87.68947340900007, 26.172422743000027], [87.68999260300006, 26.170752727000036], [87.69052742800005, 26.170084528000075], [87.69194756000007, 26.169682211000065], [87.69455275900003, 26.168895674000055], [87.69650254600003, 26.16769877200005], [87.69985328800004, 26.167480432000048], [87.70244287300005, 26.165858859000025], [87.70461223500007, 26.164205854000045], [87.70573144200006, 26.162733950000074], [87.70575571700005, 26.161614713000063], [87.70457449000008, 26.16022991600005], [87.70424493500008, 26.159982951000075], [87.70326857600008, 26.159251278000056], [87.70160304500007, 26.15886857000004], [87.69894779300006, 26.159285157000056], [87.69335211700007, 26.159838472000047], [87.69109157300005, 26.15970868100004], [87.68887068500004, 26.158874723000054], [87.68644449800007, 26.15746318500004], [87.68638412100006, 26.156718563000027], [87.69116216800006, 26.151995756000076], [87.69049648400005, 26.150885852000044], [87.69006091500006, 26.150064653000072], [87.69023042500004, 26.14918902000005], [87.69433111800004, 26.149575264000077], [87.69463064900003, 26.148740194000027], [87.69482457500004, 26.146916842000053], [87.69497354500004, 26.145210771000052], [87.69409700900007, 26.14286443800006], [87.69266157600003, 26.142228732000035], [87.69158613800005, 26.14153877600006], [87.69215537200006, 26.14008070700004], [87.69303419000005, 26.138072012000066], [87.69294824400004, 26.136420267000062], [87.69236732300004, 26.134976364000067], [87.69193690100008, 26.134155184000065], [87.68724696700008, 26.134066957000073], [87.68679484700004, 26.130100135000077], [87.68673437400008, 26.129147939000063], [87.68708383000006, 26.12822712600007], [87.68927834500005, 26.127693571000066], [87.68954305700004, 26.12715188800007], [87.69189176600008, 26.125286905000053], [87.69032034400004, 26.122453449000034], [87.68887889900003, 26.119493429000045], [87.68623363300009, 26.118294169000023], [87.68607825900006, 26.11750888000006], [87.68638788800007, 26.116922052000064], [87.68703280400007, 26.11699399400004], [87.68944823100009, 26.118446137000035], [87.69063269200007, 26.117971758000067], [87.69180299000004, 26.11873848500005], [87.69212284400004, 26.11860745300004], [87.69222175200008, 26.116784049000046], [87.69047601800008, 26.11490294600003], [87.68894071200003, 26.113806886000077], [87.68846424200007, 26.11099549000005], [87.68750460900009, 26.111180912000066], [87.68712433300004, 26.11052214700004], [87.68738889800005, 26.109899209000048], [87.68875842500006, 26.109587256000054], [87.68874296100006, 26.10871620200004], [87.68749805800007, 26.108482043000038], [87.68682757800008, 26.107254778000026], [87.68514737600003, 26.10599639800006], [87.68452069100005, 26.102313930000037], [87.68285598700004, 26.10188586000004], [87.68052584700007, 26.100266528000077], [87.68033071900004, 26.09977468200003], [87.68635774200004, 26.097971495000024], [87.68650677300008, 26.09626545800006], [87.68702063900008, 26.094478043000038], [87.68757953600004, 26.09276735700007], [87.68839376200003, 26.091882459000033], [87.68760773600007, 26.089531459000057], [87.68700164600006, 26.086896016000026], [87.68580712000005, 26.08700034000003], [87.68509300800008, 26.087966435000055], [87.68413868900006, 26.08856258000003], [87.68241377000004, 26.08734469600006], [87.68184877700008, 26.086776274000044], [87.67905515600006, 26.087156504000063], [87.67894375800006, 26.084092118000058], [87.67891299600007, 26.082512490000056], [87.67897522200008, 26.076663452000048], [87.67852469100006, 26.07489001500005], [87.67773993600008, 26.074610454000037], [87.67539619500008, 26.074611281000045], [87.67508562200004, 26.07291450400004], [87.67452063300004, 26.072138390000077], [87.67363594400007, 26.071610646000067], [87.67174190100008, 26.071354068000062], [87.67032986300006, 26.071455807000063], [87.67023276900005, 26.07146280300003], [87.67050345600006, 26.07353431300004], [87.67062904700003, 26.07514539600004], [87.66898006700006, 26.07554761800003], [87.66751080500006, 26.07561124500006], [87.66379278400007, 26.07542724500007], [87.66381828300007, 26.076880454000047], [87.66168465400006, 26.077991230000066], [87.66075502400008, 26.077553702000046], [87.65986022500005, 26.07652942900006], [87.65939531600009, 26.07629035000008], [87.65884569700006, 26.076380744000062], [87.65885578800004, 26.076922343000035], [87.65960562100008, 26.07748627600006], [87.66216478000007, 26.078934350000054], [87.66204523000005, 26.080058227000052], [87.66118573400007, 26.080491660000064], [87.65602812700007, 26.080077693000078], [87.65441888600003, 26.079811703000075], [87.65407887400005, 26.079031017000034], [87.65478821700003, 26.07785745500007], [87.65601224100004, 26.07676050300006], [87.65617695700007, 26.076011317000052], [87.65580207200009, 26.075605196000026], [87.65548222000007, 26.075772276000066], [87.65435302100008, 26.07658034700006], [87.65375341800006, 26.07654889400004], [87.65339816300008, 26.074982899000076], [87.65252865100007, 26.07524477100003], [87.65176927200008, 26.076129558000048], [87.65154447200007, 26.076458995000053], [87.65089984500008, 26.076472675000048], [87.65084976000009, 26.076016879000065], [87.65160415700007, 26.075010268000028], [87.65158889400004, 26.074053509000066], [87.65080426800006, 26.073818953000057], [87.64984990000005, 26.074333635000073], [87.64866565600005, 26.07485286700006], [87.64699682100007, 26.076414637000028], [87.64551246700006, 26.075688230000026], [87.64380331700005, 26.075304870000025], [87.64243914000008, 26.075909805000038], [87.64176460800007, 26.07670875200006], [87.63737180700008, 26.07536873400005], [87.63525764900004, 26.07304018800005], [87.63489767400006, 26.071099513000036], [87.63636681800006, 26.071112941000024], [87.63766116800008, 26.071595755000033], [87.63889033700008, 26.070742644000063], [87.63968974100004, 26.069609786000058], [87.63985451300005, 26.06861232400007], [87.64102868600008, 26.067596791000028], [87.64208308000008, 26.067497369000023], [87.64351220100008, 26.067722840000044], [87.64392655400007, 26.065475264000042], [87.64200282700006, 26.065755342000045], [87.64021898400006, 26.066161666000028], [87.63855993100003, 26.065940710000064], [87.63795528700007, 26.065697086000057], [87.63756534100008, 26.064464975000078], [87.63705062300005, 26.063765501000034], [87.63531677000003, 26.064541895000048], [87.63375781000008, 26.06465032600005], [87.63366267700007, 26.062118455000075], [87.63414712500008, 26.059545935000074], [87.63479147000004, 26.05721257600004], [87.63387207500006, 26.057104311000046], [87.63268287600005, 26.057537625000066], [87.63173851700003, 26.056310169000028], [87.62978480400005, 26.055096198000058], [87.62713655100004, 26.053566287000024], [87.62592236700004, 26.049978343000078], [87.62517291400007, 26.049287828000047], [87.62337925300005, 26.04935550400006], [87.62300954800008, 26.046918392000066], [87.62511793500005, 26.046548329000075], [87.62486312400006, 26.04324020200005], [87.62510791600005, 26.04173735200004], [87.62706630400004, 26.040541267000037], [87.63149249800006, 26.039435470000058], [87.63221684600006, 26.038758476000055], [87.63419503600005, 26.036650689000055], [87.63450947800004, 26.034078150000028], [87.63491410400007, 26.033739636000064], [87.63569340700008, 26.033559101000037], [87.63550837200006, 26.031072299000073], [87.63489357100008, 26.028183940000076], [87.63332984900006, 26.02584622200004], [87.63360446000007, 26.02351737200007], [87.63366924600007, 26.022736594000037], [87.63337951600005, 26.02195135100004], [87.63281497400004, 26.02133758100007], [87.63148134800008, 26.021319627000025], [87.63152131000004, 26.020782560000043], [87.63228542100006, 26.020105538000053], [87.63282490800003, 26.019636129000048], [87.63378893900006, 26.01954126000004], [87.63418341600004, 26.018625103000034], [87.63438302500003, 26.016919143000052], [87.63386859700006, 26.01647235200005], [87.63307934900007, 26.015989458000035], [87.63036710600005, 26.016075343000068], [87.63006240000004, 26.014545372000043], [87.62958781700007, 26.01376465900006], [87.62893852300004, 26.01356603200003], [87.62839407100006, 26.013823305000074], [87.62749508300004, 26.014748583000028], [87.62667591400003, 26.015177309000023], [87.62528738600008, 26.014703445000066], [87.62422352700008, 26.014098698000055], [87.62364906700003, 26.013159964000067], [87.62338435700008, 26.011377237000033], [87.62292491600004, 26.01125986200003], [87.62220064900004, 26.011810513000057], [87.62162126200008, 26.012568651000038], [87.62093199900005, 26.01265894200003], [87.62068727200005, 26.011959368000078], [87.62022273200006, 26.011634382000068], [87.61930873600005, 26.01206310200007], [87.61885427000004, 26.012324877000026], [87.61828518000004, 26.012230550000027], [87.61771041400004, 26.01213528200003], [87.61614715900004, 26.01211709900008], [87.61483357800006, 26.01081276900004], [87.61156921300005, 26.011242398000036], [87.61089282200004, 26.011331416000075], [87.61011368500004, 26.01118235900003], [87.60964426300006, 26.010487297000054], [87.60969945500005, 26.00882648000004], [87.60917512200007, 26.007716182000024], [87.60805647200004, 26.007197016000077], [87.60607368600006, 26.006479204000073], [87.60440569200006, 26.005923816000063], [87.60318733400004, 26.00457871800006], [87.60226340800006, 26.004425174000062], [87.60140427300007, 26.00481315500008], [87.60089063000004, 26.00464998600006], [87.60066513000004, 26.004578351000077], [87.59866758000004, 26.00357610700007], [87.59599573600008, 26.00307908900004], [87.59286942400007, 26.003046880000056], [87.59209024600005, 26.003100798000048], [87.59087692900005, 26.001958701000035], [87.58971344800005, 26.001313066000023], [87.58799651100009, 26.000433834000034], [87.58790791800004, 26.00038775300004], [87.58704981600005, 25.999937009000064], [87.58525635200004, 25.99942014900006], [87.58423028200008, 25.999062240000057], [87.58313175700005, 25.99857481300006], [87.58231676400004, 25.998024100000066], [87.58192838600007, 25.99758372200006], [87.58174841100004, 25.996815248000075], [87.58179729700004, 25.99625518700003], [87.58178556700005, 25.99565993300007], [87.58161521900007, 25.995382980000045], [87.58129117900006, 25.994910078000032], [87.58057698200008, 25.99440282000006], [87.57995695100004, 25.993862415000024], [87.57983710900004, 25.993611748000035], [87.57970009800005, 25.992995963000055], [87.57975230100004, 25.992354571000078], [87.58018100400005, 25.99154928300004], [87.58038187000005, 25.990846848000047], [87.58027332400007, 25.989901313000075], [87.57916691200006, 25.98951770800005], [87.57786879300005, 25.98953858400006], [87.57677531700006, 25.989303498000027], [87.57563808400005, 25.989127839000048], [87.57475628400005, 25.988984065000068], [87.57375654200007, 25.98843630500005], [87.57262535800004, 25.987800401000072], [87.57151849300004, 25.987389586000063], [87.57108666200008, 25.987274682000077], [87.56947973600006, 25.987083944000062], [87.56796156200005, 25.986837652000077], [87.56443548400006, 25.98606854800005], [87.56288047200007, 25.985723478000068], [87.56109986000007, 25.985336923000034], [87.55866191400008, 25.984784902000058], [87.55763873800004, 25.984566634000032], [87.55582204700005, 25.984370090000027], [87.55284628600003, 25.98390322000006], [87.55121148500007, 25.98355923500003], [87.54952764200004, 25.98326128000008], [87.54796256300006, 25.983164298000077], [87.54726142700008, 25.98306265800005], [87.54625264100008, 25.982807963000027], [87.54519402500006, 25.982558625000024], [87.54359843400005, 25.982435069000076], [87.54207465100006, 25.982405036000046], [87.54135369100004, 25.982312713000056], [87.54105097600007, 25.982155083000066], [87.54073472400006, 25.981817251000052], [87.54047684800008, 25.981392844000027], [87.54012108400008, 25.980816550000043], [87.53981706800005, 25.98033421200006], [87.53893009000006, 25.979662570000073], [87.53846421200006, 25.979331608000052], [87.53792057300006, 25.979367228000058], [87.53738489500006, 25.979556138000078], [87.53707399500007, 25.97975047500006], [87.53621813600006, 25.980684290000056], [87.53586754600008, 25.981149940000023], [87.53537556500004, 25.98205084700004], [87.53481883000006, 25.98296179400006], [87.53431643500005, 25.983578695000062], [87.53332700500005, 25.98432510400005], [87.53265817000005, 25.984601789000067], [87.53177503500007, 25.98464735600004], [87.53146044200008, 25.984652251000057], [87.53124492300003, 25.98461052600004], [87.53106604400006, 25.983882579000067], [87.53107570300006, 25.983350141000074], [87.53149531000008, 25.982319527000072], [87.53146913900008, 25.98173805500005], [87.53124866100006, 25.981443759000058], [87.53098795000005, 25.981389294000053], [87.53045933200008, 25.98142913600003], [87.52965693300007, 25.981513998000025], [87.52961910600004, 25.981365743000026], [87.52955890800007, 25.980834378000054], [87.52913690600008, 25.980186913000068], [87.52644766800006, 25.98006233900003], [87.52540585100007, 25.97990280700003], [87.52392714000007, 25.979880923000053], [87.52315131300008, 25.97978932600006], [87.52101082300004, 25.97962893700003], [87.52073098600005, 25.979619786000058], [87.52069223700005, 25.979426429000057], [87.52071813100008, 25.978952357000026], [87.52075883400005, 25.97847360700007], [87.52097023600004, 25.97751839700004], [87.52105670400005, 25.97682239900007], [87.52091414800003, 25.97642316500003], [87.52072902800006, 25.97614188800003], [87.52053290600008, 25.97607277000003], [87.52015311100007, 25.976060614000062], [87.51891774600006, 25.975962718000062], [87.51911072900003, 25.974831965000078], [87.51908138900006, 25.974340749000078], [87.51894299600008, 25.97389625900007], [87.51848084500006, 25.973754668000026], [87.51771862200007, 25.973590709000064], [87.51725870900003, 25.973566291000054], [87.51682973100003, 25.973591052000074], [87.51636061500005, 25.973864571000036], [87.51584491600005, 25.974319258000037], [87.51565209500006, 25.97467857500004], [87.51561009400007, 25.97509427600005], [87.51566428100006, 25.975314437000065], [87.51589392200003, 25.97531090900003], [87.51625809900008, 25.97529167400006], [87.51656786200004, 25.975300309000033], [87.51676903500004, 25.975373887000046], [87.51682146000007, 25.975503842000023], [87.51683912300007, 25.975638885000023], [87.51675883800004, 25.97587926400007], [87.51626597400008, 25.976482472000043], [87.51504630900007, 25.977200722000077], [87.51436946500007, 25.978104491000067], [87.51364734900005, 25.97899090800007], [87.51326370100008, 25.979560826000068], [87.51315745600004, 25.980009014000075], [87.51313122100004, 25.980203388000064], [87.51298141600006, 25.98020573200006], [87.51281469500003, 25.980104598000025], [87.51259538700003, 25.979869001000054], [87.51246164800006, 25.979663550000055], [87.51224633100009, 25.979635333000033], [87.51196678500008, 25.97963969600005], [87.51172363700005, 25.979720154000063], [87.51149177600007, 25.979872667000052], [87.51131455400008, 25.980006238000044], [87.51126723800007, 25.980142295000064], [87.51124182900008, 25.980381774000023], [87.51128803300008, 25.981224670000074], [87.51102642500007, 25.98295194900004], [87.51090749800005, 25.98352217400003], [87.51043576300003, 25.983926532000055], [87.50996472700007, 25.984366970000053], [87.50992334100005, 25.98481414500003], [87.50979225000003, 25.985528957000042], [87.50991101600005, 25.985734579000052], [87.50954939400003, 25.985889107000048], [87.50896246100007, 25.986015526000074], [87.50781001300004, 25.986078639000027], [87.50717065700007, 25.986075093000068], [87.50694498300004, 25.98628608000007], [87.50676505500007, 25.98654157200008], [87.50685591700005, 25.98685136000006], [87.50715813500005, 25.987248159000046], [87.50744538100008, 25.987645126000075], [87.50829186000004, 25.988033376000033], [87.50934094000007, 25.988567371000045], [87.50947672900008, 25.988876557000026], [87.50989660100004, 25.988904541000068], [87.51031079400008, 25.988921035000033], [87.51072664300005, 25.988942691000034], [87.51077175200004, 25.989735976000077], [87.51078056200004, 25.990195930000027], [87.51078924800004, 25.990646862000062], [87.51079636700007, 25.991021215000046], [87.51091994400008, 25.99121324500004], [87.51118454600004, 25.991209146000074], [87.51167734300003, 25.991124757000023], [87.51199312900007, 25.991182956000046], [87.51234554400008, 25.991326266000044], [87.51270304200006, 25.991740288000074], [87.51308629000005, 25.99218982800005], [87.51341699200003, 25.99224334200005], [87.51394654700005, 25.992253082000047], [87.51429609300004, 25.99224764300004], [87.51471739100003, 25.99259740800005], [87.51515650400006, 25.99310026300003], [87.51529237600005, 25.99341395400006], [87.51515830000005, 25.993970906000072], [87.51487471200005, 25.994809805000045], [87.51451303500005, 25.99548313500003], [87.51378790300004, 25.996482357000048], [87.51337454500003, 25.997323366000046], [87.51290320100009, 25.99853071700005], [87.51267853000007, 25.999057484000048], [87.51222370000005, 25.999560802000076], [87.51185418800009, 26.000089855000056], [87.51157955500008, 26.00044573200006], [87.51052249700007, 26.004268883000066], [87.51530193600007, 26.00443498800007], [87.51615138900007, 26.003948277000063], [87.51746944600006, 26.004459198000063], [87.52074559700009, 26.004642123000053], [87.51843797800007, 26.010534686000028], [87.51837523700004, 26.01080124300006], [87.51831264700007, 26.011067165000043], [87.51668112300007, 26.014586206000047], [87.51824957700006, 26.01456026900007], [87.52036188100004, 26.01511694900006], [87.51882555900005, 26.024015805000033], [87.51893351500007, 26.026200223000046], [87.51732384400003, 26.027530481000042], [87.51616933700006, 26.028193032000047], [87.51518511100005, 26.02826897700004], [87.51461643400006, 26.03289002100007], [87.51374969900007, 26.035506987000076], [87.51210644000008, 26.035239451000052], [87.51128562800005, 26.03679130200004], [87.51093364200005, 26.039160476000063], [87.51592412200006, 26.039556993000076], [87.51559138200008, 26.042878400000063], [87.51230929400003, 26.042573450000077], [87.51222231900005, 26.044762260000027], [87.50901484100007, 26.044750752000027], [87.50873739000008, 26.047476436000068], [87.50892433900003, 26.050432717000035], [87.51086902400004, 26.049337579000053], [87.51161715600006, 26.050683054000046], [87.51045213100008, 26.051530669000044], [87.51079134700007, 26.05217625100005], [87.51315452200004, 26.05225487900003], [87.51315447800005, 26.052317988000027], [87.51322903600004, 26.052670095000053], [87.51349361300004, 26.052963661000035], [87.51447323400004, 26.05259435100004], [87.51523848600004, 26.05169228400007], [87.51642236400005, 26.052031700000043], [87.51834029700007, 26.052773298000034], [87.52142297600005, 26.052897330000064], [87.52403627600006, 26.052619443000026], [87.52599044100003, 26.05188055700006], [87.52752113100007, 26.04966567500003], [87.52976174000008, 26.046914189000063], [87.53177100100004, 26.045872959000064], [87.53320997500003, 26.045670736000034], [87.53328935300004, 26.046383838000054], [87.53257467600008, 26.046685834000073], [87.53437228900003, 26.048022857000035], [87.53386695400008, 26.048974833000045], [87.53283215700003, 26.049759393000045], [87.53395590800005, 26.050216007000074], [87.53462950000005, 26.051385337000056], [87.53593380400008, 26.05107472000003], [87.53689873800005, 26.050168133000057], [87.53840778800009, 26.049970490000078], [87.53862183600006, 26.051031214000034], [87.53967585000004, 26.051307090000023], [87.53962534400006, 26.052078893000044], [87.53937034800003, 26.052439750000076], [87.53728161800007, 26.052650606000043], [87.53656664000005, 26.053367759000025], [87.53627083400005, 26.054735050000033], [87.53705290700003, 26.05791735500003], [87.53621763700005, 26.05905415500007], [87.53714202700007, 26.059095314000047], [87.53730080300005, 26.060634357000026], [87.53679527100007, 26.061762396000063], [87.53554621500007, 26.061549455000034], [87.53470644600003, 26.061977727000055], [87.53505051700006, 26.062921147000054], [87.53631876800006, 26.06419916300007], [87.53674251000007, 26.06561207200008], [87.53622727600003, 26.066270635000024], [87.53590245800007, 26.066333602000043], [87.53557764000004, 26.066396568000073], [87.53510828400005, 26.06587276600004], [87.53431892000003, 26.065709816000037], [87.53350070100004, 26.063944699000047], [87.53222758200008, 26.062666620000073], [87.53214337200006, 26.061718836000068], [87.53148870500007, 26.061731957000063], [87.53064401500006, 26.06210148400004], [87.53013380900006, 26.06281423100006], [87.53350390200006, 26.066377241000055], [87.53226429800009, 26.066868399000043], [87.53193694900006, 26.070126698000024], [87.53115208400004, 26.070496279000054], [87.53003284900007, 26.070278861000077], [87.52852408200005, 26.06983105100005], [87.52675993200006, 26.070091664000074], [87.52645407500006, 26.071341567000047], [87.52875954600006, 26.075265057000024], [87.52762814300007, 26.07782773100007], [87.52545927800008, 26.07774507700003], [87.52235226800008, 26.07607751300003], [87.52217145600008, 26.077205655000057], [87.52056587900006, 26.078770586000076], [87.52024092800008, 26.078950892000023], [87.51768719600005, 26.078872234000073], [87.51765383700007, 26.077094077000027], [87.51600973000006, 26.077061249000053], [87.51508575500009, 26.07642868100004], [87.51403637700008, 26.07644592300005], [87.51340067000007, 26.077460925000025], [87.51123681500007, 26.07749538400003], [87.51094821400005, 26.07619531200004], [87.51009858000003, 26.07627135200005], [87.50953260900008, 26.077579711000055], [87.50946464000003, 26.08059896700007], [87.50704048600005, 26.080935453000052], [87.50673467200005, 26.081946232000064], [87.50758587700005, 26.085417479000057], [87.50993689900008, 26.088456722000046], [87.51179186500008, 26.092867513000044], [87.50869572800008, 26.095225433000053], [87.50766508000004, 26.096303170000056], [87.50767814900007, 26.097069068000053], [87.50780927800008, 26.09707052400006], [87.51220265600006, 26.09711922100007], [87.51684177800007, 26.09633742500006], [87.51692123600003, 26.096928714000057], [87.51323496200007, 26.099647366000056], [87.51320331100004, 26.101420977000032], [87.51255787900004, 26.102025180000055], [87.51296249000006, 26.102373069000066], [87.51545179000004, 26.102334342000063], [87.51739700900004, 26.101356450000026], [87.51832627400006, 26.10187165700006], [87.51915893700004, 26.10425968900006], [87.51738736000004, 26.10649684200007], [87.51685503400006, 26.10924944100003], [87.51614762900005, 26.11207864200003], [87.51537210400005, 26.11287686600008], [87.51391251100006, 26.11275394100005], [87.51269232200008, 26.113204260000032], [87.51152660600007, 26.114218866000044], [87.51300374900006, 26.116900771000076], [87.51295713300004, 26.118611238000028], [87.51287151900004, 26.119279102000064], [87.51381061400008, 26.120155348000026], [87.51605446900004, 26.121005550000064], [87.51819531700005, 26.119729903000064], [87.52140964300008, 26.11997147200003], [87.52522845900006, 26.120624056000054], [87.52436603700005, 26.12359755700004], [87.52316914300008, 26.126038320000077], [87.52254285700008, 26.127644555000074], [87.51972794400007, 26.127809527000068], [87.51918566200004, 26.130363491000026], [87.51971533700004, 26.13070689700004], [87.51954432800005, 26.13183506300004], [87.52073867700005, 26.13252641300005], [87.52179330300004, 26.13292436300003], [87.52200748900003, 26.133863249000058], [87.52568235000007, 26.133928965000052], [87.52587527300005, 26.130377304000035], [87.52731050000006, 26.129999147000035], [87.52810025900004, 26.130162217000077], [87.52856969900006, 26.130807897000068], [87.52866861900009, 26.132220505000078], [87.52722363900006, 26.132246687000077], [87.52683824100006, 26.132783473000075], [87.52872147200009, 26.134887820000074], [87.52927964400004, 26.13712669000006], [87.53118449500005, 26.137218216000065], [87.53120380400009, 26.138098240000033], [87.53225370300004, 26.13827046800003], [87.53181790600007, 26.13922240200003], [87.53307264400007, 26.139611349000063], [87.53334236200004, 26.140022171000055], [87.53362646000005, 26.141200311000034], [87.53402603300003, 26.141728577000038], [87.53487632000008, 26.141422281000075], [87.53516769900006, 26.13958106900003], [87.53551441800005, 26.139461787000073], [87.53588794400008, 26.13933328300004], [87.53720267200003, 26.139726761000077], [87.53839233600007, 26.140124616000037], [87.53850316100005, 26.13911826700007], [87.53915813600008, 26.13916380300003], [87.53951220700003, 26.140400551000027], [87.54036224000004, 26.140446232000045], [87.54065147700004, 26.141506935000052], [87.54366170300005, 26.141283053000052], [87.54337522500003, 26.14335435000004], [87.54016978700008, 26.143880608000075], [87.53897299300007, 26.146262772000057], [87.53766271200004, 26.14640643300004], [87.53709208400005, 26.14729967100004], [87.53680542100005, 26.149438658000065], [87.53598401900007, 26.151225323000062], [87.53583716900005, 26.15365334300003], [87.53421615300005, 26.154685837000045], [87.53205556700004, 26.15506802300007], [87.52942563300007, 26.15457890400006], [87.52547095600005, 26.15352015600007], [87.52537171800003, 26.158493516000078], [87.52604600100005, 26.159545507000075], [87.53059106900008, 26.160478280000063], [87.53262637100005, 26.160624029000076], [87.53484961600003, 26.16354535800008], [87.53313213900003, 26.16623409300007], [87.53327624900004, 26.167457202000037], [87.53473121500008, 26.167995193000024], [87.53560059100005, 26.16907438100003], [87.53581507200005, 26.169841689000066], [87.53708573000006, 26.16944084100004], [87.53835031600005, 26.170425472000034], [87.54050044500008, 26.171099223000056], [87.54302605200007, 26.17129474500007], [87.54462663100009, 26.171029326000053], [87.54494123900008, 26.171855436000044], [87.54548573700004, 26.172816986000043], [87.54526041900004, 26.173119258000042], [87.54460528100003, 26.17313242800003], [87.54385003000004, 26.173141041000065], [87.54284919400004, 26.17386706600007], [87.54214828600004, 26.174823435000064], [87.54213153000006, 26.177427433000048], [87.54377195200004, 26.17751862800003], [87.54392641300007, 26.17849811900004], [87.54569694400004, 26.17852616600004], [87.54581129400003, 26.179649919000042], [87.54276524600004, 26.17954896300006], [87.54270391600005, 26.181534689000046], [87.54411439800003, 26.18151291600003], [87.54406865900006, 26.182514798000057], [87.54695002500006, 26.182200505000026], [87.54748091900007, 26.181040933000077], [87.54856637500006, 26.181023421000077], [87.54943606600006, 26.182016753000028], [87.55102138400008, 26.18246436900006], [87.55134758500003, 26.180654842000024], [87.55326836300009, 26.180642185000067], [87.55522914000005, 26.18046267300008], [87.55536116300004, 26.177118526000072], [87.55597653100006, 26.176784912000073], [87.55873736900008, 26.176885425000023], [87.55985769300008, 26.177102614000034], [87.56007208300008, 26.178316675000076], [87.56041204400003, 26.178601154000035], [87.56068190300005, 26.179102285000056], [87.56020627900006, 26.179819639000073], [87.55983539500005, 26.18118688100003], [87.55962438400007, 26.182910797000034], [87.56041939700003, 26.183479797000075], [87.56166477600004, 26.183620259000065], [87.56302591400004, 26.182646077000072], [87.56314621200005, 26.181991727000025], [87.56379668200003, 26.181685123000022], [87.56422767900006, 26.180019988000026], [87.56617869100006, 26.17933931300007], [87.56668433400006, 26.178382723000027], [87.56778509700007, 26.177597898000045]]]]}}, {"type": "Feature", "properties": {"OBJECTID": 347, "BLOCK_CODE": "0008", "NEAR_TOWN": "ARARIA", "BLK_NAME": "PALASI", "DIST_NAME": "ARARIA"}, "geometry": {"type": "MultiPolygon", "coordinates": [[[[87.60956499500008, 26.348322298000028], [87.61044539400007, 26.348010182000053], [87.61115005700003, 26.348169926000025], [87.61118668900008, 26.347506252000073], [87.61117414700004, 26.346888540000066], [87.61091618100005, 26.346274772000072], [87.61090994300008, 26.345968171000038], [87.61144808700004, 26.34582856800006], [87.61183689100005, 26.345731885000077], [87.61207423300004, 26.345331071000032], [87.61184481800007, 26.34365684900007], [87.61187800900007, 26.342821833000073], [87.61205362000004, 26.34184917600004], [87.61281689000003, 26.340952516000073], [87.61416479700006, 26.339739518000044], [87.61640435000004, 26.337785585000063], [87.61754647200007, 26.33630975600005], [87.61819663500006, 26.334535433000042], [87.61851062600005, 26.33298308800005], [87.61873930400003, 26.332406474000038], [87.61951828200006, 26.33204176600003], [87.62078303000004, 26.331669015000045], [87.62293795800008, 26.331719075000024], [87.62337956700009, 26.33175684300005], [87.62381756200006, 26.331618856000034], [87.62370891200004, 26.33095755900007], [87.62319927000004, 26.33004134400005], [87.62237473400006, 26.32915283500006], [87.62166882300005, 26.328190189000054], [87.62169189700006, 26.32686820400005], [87.62180927400004, 26.325499613000034], [87.62232532700006, 26.324521274000062], [87.62310143100007, 26.324021280000068], [87.62470750500006, 26.32368801900003], [87.62598430300005, 26.32366686100005], [87.62686914400007, 26.323828052000067], [87.62745496100007, 26.323818421000055], [87.62813379400006, 26.32345533000006], [87.62807194000004, 26.322878975000037], [87.62762045200003, 26.322358675000032], [87.62722998700008, 26.322365215000048], [87.62707666500006, 26.321970823000072], [87.62701303700004, 26.321308798000075], [87.62660985200006, 26.32069752600006], [87.62598139300007, 26.319846434000056], [87.62616769800007, 26.319405798000048], [87.62670073700008, 26.31926159300008], [87.62753062200005, 26.31894114200003], [87.62790856200007, 26.31831696300003], [87.62808851500006, 26.31756520600004], [87.62881187300007, 26.31693529900008], [87.62944680900006, 26.31687959900006], [87.63057962800008, 26.31716755800005], [87.63205657000003, 26.31763019300007], [87.63294403900005, 26.317922202000034], [87.63357995500007, 26.31791157300006], [87.63489906500007, 26.317758854000033], [87.63571489100008, 26.316996542000027], [87.63594395500007, 26.31619889600006], [87.63621940700006, 26.31522452100006], [87.63609934300007, 26.314252257000078], [87.63624009000006, 26.314033427000027], [87.63750444000004, 26.31365602900007], [87.63798335400008, 26.313075241000035], [87.63811184200006, 26.312013078000064], [87.63848977700007, 26.311393380000027], [87.63968003800005, 26.31082320300004], [87.64060434200007, 26.31071765300004], [87.64144360600005, 26.311100585000077], [87.64145993700004, 26.311894161000055], [87.64156826300007, 26.312289271000054], [87.64196234700006, 26.31245863500004], [87.64234559800008, 26.31210044900007], [87.64248593000008, 26.31161542800004], [87.64320951300004, 26.31124703300003], [87.64360424400007, 26.31119989700005], [87.64388725900005, 26.31083887500006], [87.64377950100004, 26.31022266800005], [87.64400759000006, 26.309384428000044], [87.64477861400007, 26.308884376000037], [87.64584135700005, 26.30820359200004], [87.64582597900005, 26.307455102000063], [87.64574955400008, 26.306175346000032], [87.64574323500005, 26.305868736000036], [87.64623381000007, 26.30586056100003], [87.64760372300003, 26.305747520000068], [87.64892722400003, 26.30581562200007], [87.65010687100005, 26.30619279800004], [87.65163015800005, 26.30647400500004], [87.65280662200007, 26.30645431000005], [87.65397406700004, 26.305997236000053], [87.65475594500003, 26.304815976000043], [87.65565978300003, 26.303474718000075], [87.65687856300008, 26.303323498000054], [87.65854752600006, 26.30338563300006], [87.66021499200008, 26.30361924700003], [87.66060003300004, 26.303351194000072], [87.66068642300007, 26.30268668700006], [87.66077281100007, 26.302022179000062], [87.66075921600003, 26.30136386600003], [87.66113962600008, 26.300870359000044], [87.66157005600007, 26.300375962000032], [87.66195321500004, 26.300017725000032], [87.66312237100004, 26.299646249000034], [87.66423918400005, 26.299406477000048], [87.66515377800005, 26.298597226000027], [87.66534270800008, 26.298287293000044], [87.66537349900005, 26.29735764000003], [87.66482190800008, 26.296839216000023], [87.66478910000006, 26.296465369000032], [87.66512633000008, 26.296062766000034], [87.66540107900005, 26.295309419000034], [87.66534005600005, 26.29477815200005], [87.66566526100007, 26.293802909000078], [87.66520201800006, 26.292710145000058], [87.66494748100007, 26.292272384000057], [87.66463210300003, 26.29130795100008], [87.66481629300006, 26.290772567000033], [87.66484446400005, 26.289716657000042], [87.66468282800008, 26.288925496000047], [87.66481975300007, 26.288526275000038], [87.66593860800003, 26.288151158000062], [87.66647466900008, 26.287921082000025], [87.66693059100004, 26.28744880800008], [87.66692142800008, 26.287011436000057], [87.66681495100005, 26.28670199900006], [87.66622376200007, 26.286445838000077], [87.66515038400007, 26.286599215000024], [87.66509669100003, 26.286424253000064], [87.66493774600008, 26.285763854000038], [87.66448359100008, 26.285108458000025], [87.66362983400006, 26.28402223200004], [87.66313209900005, 26.28367875300006], [87.66201222100005, 26.284004252000045], [87.66142928100004, 26.284144868000055], [87.66112394300006, 26.283667403000038], [87.66110392400003, 26.28269795400007], [87.66039896900008, 26.281780625000067], [87.66024379200007, 26.28130058100004], [87.65916769900008, 26.281318643000077], [87.65838191300008, 26.281331856000065], [87.65759827400007, 26.281209641000032], [87.65724240900005, 26.280466869000065], [87.65860255300004, 26.280137354000033], [87.65908025900006, 26.279511396000032], [87.65995929700006, 26.27940637200004], [87.66063950400007, 26.279128895000042], [87.65993277800004, 26.276912545000073], [87.65996091400007, 26.27585202100005], [87.66006863000007, 26.274041547000024], [87.66039490900005, 26.273111382000025], [87.66027565200005, 26.272188707000055], [87.65987256500006, 26.271577490000027], [87.65937292500007, 26.271143911000024], [87.65985246100007, 26.27060812800005], [87.66066865100004, 26.269886239000073], [87.66047438500004, 26.268721292000066], [87.66055663200007, 26.26810192000005], [87.66089933900008, 26.26796535300008], [87.66105627000007, 26.268535589000066], [87.66137523400005, 26.269675901000028], [87.66158129600007, 26.270200154000065], [87.66222340100006, 26.270500628000036], [87.66280610800004, 26.27035550200003], [87.66279974900004, 26.27004888400006], [87.66273515100005, 26.26934635300006], [87.66233661700005, 26.268956089000028], [87.66233019100008, 26.268644959000028], [87.66232383900007, 26.268338432000064], [87.66256169200005, 26.26797809900006], [87.66299574500005, 26.267664049000075], [87.66373143600003, 26.267651702000023], [87.66500991100008, 26.26798199800004], [87.66594354900008, 26.268097176000026], [87.66755326600008, 26.267984411000043], [87.66785123200003, 26.268110162000028], [87.66843954400008, 26.26823556100004], [87.66898833300007, 26.268623220000052], [87.66992467200004, 26.26886913900006], [87.67041197600008, 26.26895113200004], [87.67045741600003, 26.268729294000025], [87.67040102900006, 26.268423566000024], [87.66956277800006, 26.268081360000053], [87.66916978400008, 26.26795714800005], [87.66857867800007, 26.267700992000073], [87.66827802000006, 26.267444477000026], [87.66880799900008, 26.26716936200006], [87.66984254400006, 26.26732792000007], [87.67052552400008, 26.26718557600003], [87.67148666500003, 26.266461200000037], [87.67250623900009, 26.266137325000045], [87.67290801700005, 26.26643722400007], [87.67334843000003, 26.26642985500007], [87.67382845300006, 26.266160125000056], [87.67387471100005, 26.26597896100003], [87.67351978300007, 26.26528130400004], [87.67315896800005, 26.26453861400006], [87.67314326500008, 26.26378559400007], [87.67367003100009, 26.263118199000075], [87.67439097400006, 26.26239787000003], [87.67461200100007, 26.261469517000023], [87.67464458800004, 26.260629926000036], [87.67441474600008, 26.260169216000065], [87.67378021500008, 26.260225096000056], [87.67304914200008, 26.260458439000047], [87.67222294300007, 26.260693321000076], [87.67168655100005, 26.26065731800003], [87.67137757400008, 26.259999402000062], [87.67155538400004, 26.259161978000066], [87.67119861200007, 26.25837413000005], [87.67045751800003, 26.258120469000062], [87.67010401000005, 26.25772957500004], [87.67009119000005, 26.257111821000024], [87.66954843300005, 26.256769098000063], [87.66856756200008, 26.256785597000032], [87.66715956200005, 26.25720627800007], [87.66637991100004, 26.257264466000038], [87.66588397500004, 26.257006666000052], [87.66587573700008, 26.256609861000072], [87.66547723900004, 26.25621969200006], [87.66487939000007, 26.25587790800006], [87.66424299900007, 26.255843475000063], [87.66418190400003, 26.255312287000038], [87.66456722800007, 26.25482310900003], [87.66514547600008, 26.25446162000003], [87.66617133600005, 26.25444440600006], [87.66940260900003, 26.25456590500005], [87.67023366900008, 26.254330888000027], [87.67114300500003, 26.253521720000037], [87.67175840300007, 26.252541559000065], [87.67203157100005, 26.251476978000028], [87.67218561200008, 26.25043759500005], [87.67210990700005, 26.248862598000073], [87.67307583000007, 26.24893441200004], [87.67427616000003, 26.247088219000034], [87.67596750500007, 26.246518946000037], [87.67631244500006, 26.24551696000003], [87.67626119700003, 26.243034860000023], [87.67737134000004, 26.241021631000024], [87.67729053500005, 26.23945111000006], [87.67480833200005, 26.23936619400007], [87.67484214500007, 26.236671987000022], [87.67444626800005, 26.235430988000076], [87.67298940400008, 26.23388353200005], [87.67310522900004, 26.23387617800006], [87.67749304200004, 26.233597571000075], [87.67886389600005, 26.233082614000068], [87.67925361800008, 26.23187297900006], [87.68076464600006, 26.23155653300006], [87.68116467200008, 26.23084327600003], [87.68183987400005, 26.23025179800004], [87.68667143900007, 26.226066192000076], [87.68820285600003, 26.22645366100005], [87.68798680800006, 26.22488324300008], [87.68647985200005, 26.223335877000068], [87.68539849100006, 26.22219451600006], [87.68906964500007, 26.219688274000077], [87.69190493400004, 26.216735447000076], [87.69176631400006, 26.215871480000033], [87.69176625200004, 26.215871091000054], [87.69105637800004, 26.211446487000046], [87.69488779100004, 26.209887653000067], [87.69713373400003, 26.209268277000035], [87.69826400500006, 26.208464395000078], [87.69717232200009, 26.206862818000047], [87.69563068300005, 26.205690144000073], [87.69532966700007, 26.204408647000037], [87.69625032000005, 26.204552550000074], [87.69709122600005, 26.20528775300005], [87.69833700100008, 26.205309757000066], [87.69851179900007, 26.204889899000023], [87.69915712900007, 26.204839909000043], [87.69852076800004, 26.203229135000072], [87.69664873700003, 26.201645968000037], [87.69662822600003, 26.200856200000032], [87.69933432800008, 26.20023655700004], [87.69829274700004, 26.198675528000024], [87.69610580400007, 26.197426542000073], [87.69605434700009, 26.19502108100005], [87.69707366100005, 26.193098028000065], [87.69987638800006, 26.195330520000027], [87.70197686200004, 26.194426846000056], [87.70375738400008, 26.19397910500004], [87.70315541900004, 26.19154683100004], [87.70348420600004, 26.189547361000052], [87.70291343800005, 26.188812115000076], [87.70174732300006, 26.18791915500003], [87.70173183000009, 26.187052667000046], [87.69874045200004, 26.186936842000023], [87.69770956800005, 26.18617011300006], [87.69600370100005, 26.185868645000028], [87.69232720000008, 26.185929102000046], [87.69086045700004, 26.184007219000023], [87.68867395400008, 26.182839269000056], [87.68905315800004, 26.18105189700003], [87.68907771300007, 26.180221481000046], [87.68846193800005, 26.179319169000053], [87.68535639900006, 26.180372060000025], [87.68381150000005, 26.181699568000056], [87.68211528000006, 26.18057195800003], [87.68183995900006, 26.17998533100007], [87.68185370000003, 26.17747161400007], [87.68140734200006, 26.17499409100003], [87.68017139200003, 26.173834673000044], [87.67951550000004, 26.17233660100004], [87.67900484000006, 26.171371038000075], [87.67817954600008, 26.171150216000058], [87.67766463400005, 26.17165580300008], [87.67694948700006, 26.17190426700006], [87.67657406100005, 26.17105594900005], [87.67541860900008, 26.170781069000043], [87.67387306700005, 26.17071395000005], [87.67239765500005, 26.170592605000024], [87.67265709100008, 26.169080619000056], [87.67366722200006, 26.168768836000027], [87.67349187300005, 26.168119051000076], [87.67248112600004, 26.166896352000037], [87.67028628900005, 26.168589475000033], [87.66933602500006, 26.168661994000047], [87.66856562900006, 26.16802589200006], [87.66800983600007, 26.16637876900006], [87.66669949200008, 26.166401724000025], [87.66542430800007, 26.166690928000037], [87.66523497800006, 26.16882110800003], [87.66432991000005, 26.16925010500006], [87.66281954300007, 26.16921892000005], [87.66274036400006, 26.17176431400003], [87.66132991400008, 26.171760172000063], [87.66113437000007, 26.17016710400003], [87.66026946800008, 26.17130465100007], [87.65998453300006, 26.17175153100004], [87.65863918000008, 26.171833067000023], [87.65903371300004, 26.170081868000068], [87.65839842500003, 26.16947280200003], [87.65798810500007, 26.16880036200007], [87.65807292200003, 26.168114391000074], [87.65854781400003, 26.167401254000026], [87.65804239900007, 26.16652132200005], [87.65743707400009, 26.16590764800003], [87.65445139800005, 26.165930838000065], [87.65439686900004, 26.167600674000028], [87.65425194400007, 26.16821451000004], [87.65394202000004, 26.16861626800005], [87.65299173500006, 26.168810475000043], [87.65254663800005, 26.16867515000007], [87.65218143300007, 26.168251058000067], [87.65179648300006, 26.168864875000054], [87.65153663700005, 26.169767532000037], [87.65106659600008, 26.17006548300003], [87.65053628000004, 26.169605268000055], [87.64997104900004, 26.169185639000034], [87.64913585200009, 26.169307665000076], [87.64822061800004, 26.169389023000065], [87.64802567400005, 26.169610188000036], [87.64715042500006, 26.169696121000072], [87.64667024300007, 26.169276456000034], [87.64601489500006, 26.168707846000075], [87.64549974900007, 26.168536506000066], [87.64518976800008, 26.169154829000036], [87.64447962800006, 26.16948884800007], [87.64328932200004, 26.169615348000036], [87.64289929000006, 26.17002165100007], [87.64330952800003, 26.17069403800008], [87.64382967300008, 26.17072106100005], [87.64442483800008, 26.17060364100007], [87.64526007700005, 26.170517751000034], [87.64609527400006, 26.170504083000026], [87.64681544600006, 26.170526541000072], [87.64733064800004, 26.170625743000073], [87.64739082500006, 26.171487735000028], [87.64793124600004, 26.172629451000034], [87.64845139100004, 26.172764795000035], [87.64892142500008, 26.172322404000056], [87.64886629400007, 26.17157320000007], [87.64897625800006, 26.171103877000064], [87.64929134200008, 26.17109929700007], [87.65009657700006, 26.171333874000027], [87.65038174500006, 26.171798652000064], [87.65076209300008, 26.172728220000067], [87.65058223900007, 26.173662508000064], [87.64982706000006, 26.17367614400007], [87.64938689800005, 26.173829741000077], [87.64971709000008, 26.174321606000035], [87.65031733900008, 26.174529018000044], [87.65109279200004, 26.175124606000054], [87.65094786700007, 26.175882884000032], [87.65092375000006, 26.17600906900003], [87.65082783500009, 26.175918987000045], [87.65034774200006, 26.17607251800007], [87.65024781200003, 26.17668634900008], [87.64857233400005, 26.176713695000046], [87.64810225500008, 26.177079346000028], [87.64776730600005, 26.178198658000042], [87.64678716400005, 26.179002109000066], [87.64611693600006, 26.17930460300005], [87.64523663700004, 26.179173820000074], [87.64487141600006, 26.178537558000073], [87.64391578900006, 26.17678210400004], [87.64398548000008, 26.175243099000056], [87.64437561400007, 26.17523853700004], [87.64518585000008, 26.17478262000003], [87.64491062400003, 26.174074052000037], [87.64245492300006, 26.17432261500005], [87.64136421700005, 26.17241825800005], [87.63936867300004, 26.172626085000047], [87.63911826800006, 26.169855046000066], [87.63666256600004, 26.17012609300008], [87.63450676700006, 26.167355180000072], [87.63509185400005, 26.166903883000032], [87.63529180800003, 26.165536388000078], [87.63556157800008, 26.16281043500004], [87.63442627800003, 26.161799589000054], [87.63074049400007, 26.16144323900005], [87.63079038400008, 26.160409757000025], [87.63111544200007, 26.160287912000058], [87.63153550200008, 26.16015699600007], [87.63166052100007, 26.15968759100008], [87.63125538600008, 26.15915964900006], [87.63037029300006, 26.159087428000078], [87.62935005700007, 26.158988188000023], [87.62803982200006, 26.159240940000075], [87.62776087200007, 26.15743210200003], [87.62485424700003, 26.157223608000038], [87.62552933700005, 26.156591803000026], [87.62570438800003, 26.15552216800006], [87.62700449100004, 26.153581582000072], [87.62703443400005, 26.15151000800006], [87.63025946400006, 26.145895664000022], [87.63147938500003, 26.142889928000045], [87.62769923200005, 26.143449625000073], [87.62699918400006, 26.144216896000046], [87.62662427400005, 26.145263889000034], [87.62559915800006, 26.145751330000053], [87.62490409800006, 26.144898343000023], [87.62260394500004, 26.14533165200004], [87.62243890800005, 26.146983394000074], [87.62196390200006, 26.14699242200004], [87.62170886200005, 26.148328337000066], [87.62087374700008, 26.148414010000067], [87.62085379100006, 26.149239953000063], [87.61992855500006, 26.152881938000064], [87.61867838900008, 26.15415913000004], [87.61668811400006, 26.15411843000004], [87.61609285700007, 26.155702443000052], [87.61602273900007, 26.158288441000025], [87.61629261300004, 26.160012421000033], [87.61724777100005, 26.16006665200007], [87.61782782600005, 26.161204044000044], [87.61650250600007, 26.162521725000033], [87.61594230400004, 26.164471398000046], [87.61300638300008, 26.166813490000038], [87.61274607200005, 26.169945536000057], [87.61474662300003, 26.170202928000037], [87.61590179800004, 26.172229316000028], [87.61504640500004, 26.17338915700003], [87.61377605700005, 26.173339422000026], [87.61339107500004, 26.172125348000066], [87.61274585500007, 26.17195831500004], [87.61228069500004, 26.172323892000065], [87.61231552900006, 26.174047813000072], [87.61201033300006, 26.174878258000035], [87.61004981600007, 26.174404140000036], [87.60834429300007, 26.173975230000053], [87.60677426100006, 26.171046060000037], [87.60667942600008, 26.16950709500003], [87.60511402400004, 26.169592635000072], [87.60239295100007, 26.171352323000065], [87.59734133300003, 26.17206005500003], [87.59708158300003, 26.17055261400003], [87.59514641300007, 26.169076459000053], [87.59397141400007, 26.167830610000067], [87.59335169600007, 26.166241838000076], [87.59312695900007, 26.164856309000072], [87.59398253500007, 26.163362637000034], [87.59400804000006, 26.16144001200007], [87.59262780800003, 26.16146234100006], [87.58965713000003, 26.161836208000068], [87.58855703400008, 26.161262753000074], [87.58896744700007, 26.160161646000063], [87.58862261000007, 26.159457571000075], [87.58818276800008, 26.158636055000045], [87.58460698700009, 26.158874277000052], [87.58387707300005, 26.15826482500006], [87.58333733000006, 26.157443272000023], [87.58274227200008, 26.15733475600007], [87.58180189000007, 26.15776323600005], [87.58088122900006, 26.159288380000078], [87.57999113400007, 26.159157252000057], [87.57954135500006, 26.158159693000073], [87.57852696100008, 26.156254901000068], [87.57733747200007, 26.154494396000075], [87.57637754200005, 26.153920865000032], [87.57575251300005, 26.153898163000065], [87.57543231900007, 26.154168800000036], [87.57537705400006, 26.154732874000047], [87.57569180400003, 26.155586017000076], [87.57909558900008, 26.15999190900004], [87.57818961100008, 26.16219847600007], [87.57812880800003, 26.16423841200003], [87.57635269800005, 26.165835473000072], [87.57588737100008, 26.166521252000052], [87.57579675000005, 26.167848046000074], [87.57371560900003, 26.169359195000027], [87.57382992100008, 26.17115100700005], [87.57458995800005, 26.17139046400007], [87.57464472000004, 26.172180224000044], [87.57328431700006, 26.171985668000048], [87.57223838900006, 26.173510734000047], [87.57182775100006, 26.174665954000034], [87.57188246600003, 26.17531136300005], [87.57181216800006, 26.175925070000062], [87.57027595100004, 26.177558202000057], [87.56973118800005, 26.176677994000045], [87.57063195700005, 26.175541003000035], [87.57035224700007, 26.17483235700007], [87.56969217500006, 26.17455228600005], [87.56871660100006, 26.17498063000005], [87.56778509700007, 26.177597898000045], [87.56668433400006, 26.178382723000027], [87.56617869100006, 26.17933931300007], [87.56422767900006, 26.180019988000026], [87.56379668200003, 26.181685123000022], [87.56314621200005, 26.181991727000025], [87.56302591400004, 26.182646077000072], [87.56166477600004, 26.183620259000065], [87.56041939700003, 26.183479797000075], [87.55962438400007, 26.182910797000034], [87.55904371500003, 26.183709324000063], [87.55821829800004, 26.18397076900004], [87.55696802500006, 26.183487282000044], [87.55623768700008, 26.183586219000063], [87.55626205800007, 26.184786728000063], [87.55648106900009, 26.186569487000042], [87.55453909000005, 26.188626486000032], [87.55465823300005, 26.190115890000072], [87.55437210300005, 26.19186230400004], [87.55329080800004, 26.193125363000036], [87.55146952600006, 26.193814961000044], [87.54801789400005, 26.193831182000054], [87.54724720100006, 26.194300128000066], [87.54673076100005, 26.19617280400007], [87.54623043600003, 26.196303399000044], [87.54582971900004, 26.19702075300006], [87.54461384600006, 26.197507527000027], [87.54461209800007, 26.19750822700007], [87.54451397900004, 26.19713283300007], [87.54257338600007, 26.196621812000046], [87.54101242500008, 26.19689614400005], [87.53697989500006, 26.197584275000054], [87.53494744700004, 26.19935666400005], [87.53439534200004, 26.20177080800005], [87.53569542700006, 26.20257945000003], [87.53675118400008, 26.202354451000076], [87.53800177800008, 26.20254929600003], [87.54181564700008, 26.20708709300004], [87.54434223100003, 26.206926085000077], [87.54582757600008, 26.20777082500007], [87.54795843500006, 26.208363249000058], [87.54926359500007, 26.209460598000078], [87.54836733000008, 26.21059286600007], [87.54696070600005, 26.211693342000046], [87.54603500500008, 26.211868822000042], [87.54443361200003, 26.212350827000023], [87.54414729100006, 26.214097191000064], [87.54261030800006, 26.215531488000067], [87.54112310300007, 26.217173385000024], [87.54001749600008, 26.21710954400004], [87.53853512900008, 26.218873323000025], [87.53642993300008, 26.217206659000055], [87.53358795100007, 26.217250015000047], [87.53300184000005, 26.21817035500004], [87.53158077600006, 26.218318347000036], [87.53056040200005, 26.217961176000074], [87.53111744400007, 26.215880949000052], [87.53023715100005, 26.215483301000063], [87.52862122400006, 26.215301686000032], [87.52892840800007, 26.21906580700005], [87.52390716100007, 26.216368024000076], [87.52305077600005, 26.217297116000054], [87.52373927600007, 26.219648876000065], [87.52437998800008, 26.219346983000037], [87.52533122000006, 26.218706790000056], [87.52665554400005, 26.22059410600008], [87.52761450400004, 26.222693396000068], [87.52735378200003, 26.223320470000033], [87.52629313100005, 26.223130191000052], [87.52547209600004, 26.22363966100005], [87.52550031000004, 26.225796915000046], [87.52628097800005, 26.22574324200008], [87.52874362100005, 26.224747531000048], [87.52867745500004, 26.22607883300003], [87.52974295000007, 26.226517297000044], [87.52890595400004, 26.228231767000068], [87.52851941400007, 26.22972525700004], [87.53000989300006, 26.230574775000036], [87.53032355900007, 26.23260126300005], [87.53112341200006, 26.233581177000076], [87.53183324800005, 26.23452932200007], [87.53380494500004, 26.23436811700003], [87.53517649400004, 26.233890618000032], [87.53460808300008, 26.237672171000042], [87.53373229100004, 26.23785215500004], [87.53238311800004, 26.24172801700007], [87.53337131900008, 26.24507277500004], [87.53448703000004, 26.245597029000066], [87.53299263700006, 26.249472784000034], [87.53310701700008, 26.25042054200003], [87.53267559900007, 26.25107390100004], [87.53243987200005, 26.25207447500003], [87.53208361300005, 26.25203050300007], [87.53167699500005, 26.251969339000027], [87.53163672400007, 26.251703878000058], [87.53162628600006, 26.25117169300006], [87.53162557500008, 26.251135619000024], [87.53128325600005, 26.250775670000053], [87.53021104300007, 26.250725058000057], [87.52977067700004, 26.25073202300007], [87.52921519600005, 26.25074085400007], [87.52903346100004, 26.25063567600006], [87.52891795100004, 26.250408755000024], [87.52696691800008, 26.24936045900006], [87.52657765800006, 26.248119124000027], [87.52506578600008, 26.24864152500004], [87.52371338600005, 26.24990878500006], [87.52377914700008, 26.250413249000076], [87.52319311400004, 26.250723450000066], [87.52167959500008, 26.25088269400004], [87.52138689000003, 26.251018110000075], [87.52139393000004, 26.251383365000038], [87.52104556100005, 26.252254954000023], [87.52119978900004, 26.252721718000032], [87.52222369700007, 26.25312050900004], [87.52256609900007, 26.253480473000025], [87.52305487900009, 26.25390578200006], [87.52360672600008, 26.253964667000048], [87.52412711600005, 26.25395644200006], [87.52463545500007, 26.25358301800003], [87.52489245000004, 26.253412105000052], [87.52536837300005, 26.253436140000076], [87.52567188100005, 26.253598273000023], [87.52578850400005, 26.253930151000077], [87.52594529800007, 26.254527678000045], [87.52624706100005, 26.254856709000023], [87.52673921600007, 26.255448844000057], [87.52660314600007, 26.25591559800006], [87.52568523700006, 26.256331616000068], [87.52568778200003, 26.256462385000077], [87.52595118300007, 26.25662506900005], [87.52676319600005, 26.25667987500003], [87.52746773400008, 26.256867158000034], [87.52788398700005, 26.257162847000075], [87.52880666700008, 26.25724740100003], [87.52951573200005, 26.25766925100004], [87.52993018100005, 26.25812723200005], [87.53052396500004, 26.25828474900004], [87.53181812500009, 26.258164930000078], [87.53234141900003, 26.258558149000066], [87.53256812700005, 26.258883789000038], [87.53221716100006, 26.259624633000044], [87.53166164100008, 26.259633473000065], [87.53066446800005, 26.259581636000064], [87.53016822000006, 26.259806010000034], [87.53018837000008, 26.260834206000027], [87.52987765400007, 26.26184050300003], [87.52962255700004, 26.262110720000067], [87.52862672200007, 26.26212650800005], [87.52837759200008, 26.262698838000063], [87.52827517000009, 26.26309737100007], [87.52828559600005, 26.263629551000065], [87.52826116500006, 26.26442832500004], [87.52792692800006, 26.267049911000072], [87.52794902000005, 26.268181725000034], [87.52801003000008, 26.269511451000028], [87.52829702600008, 26.27087375600007], [87.52864481000006, 26.27176584700004], [87.52899977000004, 26.27276158500007], [87.52919997500004, 26.27352529600006], [87.52931391800007, 26.273721985000066], [87.52945906500008, 26.273719683000024], [87.53012016200006, 26.273474563000036], [87.53066126100003, 26.273750222000047], [87.53066778400006, 26.27408390200003], [87.53068337900004, 26.274882029000025], [87.53057976700006, 26.27521752100006], [87.53010321100004, 26.275423529000022], [87.52921476000006, 26.275306839000052], [87.52858995600008, 26.27561449700005], [87.52859392500005, 26.27581741000006], [87.52875694700003, 26.276477906000025], [87.52870337700006, 26.27757937100006], [87.52853254500008, 26.278312888000073], [87.52827876200007, 26.27865064300005], [87.52814148700008, 26.27905435100007], [87.52815706700005, 26.27985247500004], [87.52817009900008, 26.28051983200004], [87.52774628700007, 26.28060778200006], [87.52707520800004, 26.280347775000052], [87.52670747900004, 26.280488929000057], [87.52626662300008, 26.280730508000033], [87.52589466800003, 26.280402561000074], [87.52526403100006, 26.280412600000034], [87.52508601500006, 26.280780778000064], [87.52498953700007, 26.281481505000045], [87.52488590000007, 26.281816899000034], [87.52451491000005, 26.28179121000005], [87.52407118300005, 26.28163131900004], [87.52309449300003, 26.28084386000006], [87.52310550400006, 26.281412111000066], [87.52218604600006, 26.281760464000058], [87.52100153400005, 26.281612301000052], [87.52019521500006, 26.28185958200004], [87.52017137500007, 26.28268990500004], [87.52081308200007, 26.285043450000046], [87.52022772000004, 26.28558497000006], [87.51930030400007, 26.285270404000073], [87.51902251100006, 26.284372630000064], [87.51824279900006, 26.284186439000052], [87.51800112000006, 26.284889451000026], [87.51820317100004, 26.285752371000058], [87.51761779500004, 26.286293882000052], [87.51669814900004, 26.286376011000073], [87.51617697000006, 26.287128580000058], [87.51633343900005, 26.287703457000077], [87.51668139400005, 26.28783334600007], [87.51757502500004, 26.28795004600005], [87.51875811500008, 26.288021577000052], [87.51921482700004, 26.28859166700005], [87.51957487800007, 26.289339299000062], [87.51974064400008, 26.29013966900004], [87.51925727000008, 26.290769762000025], [87.51882558400007, 26.291489290000072], [87.51933150500008, 26.29201362500004], [87.51879362500006, 26.292419014000075], [87.51850519700008, 26.292779968000048], [87.51856830700007, 26.293446564000078], [87.51862871500003, 26.29397788800003], [87.51863916000008, 26.29451447400004], [87.51834552300005, 26.29460487700004], [87.51775649400008, 26.294704343000035], [87.51766252000004, 26.295017064000035], [87.51806669800004, 26.29545732200006], [87.51778162500005, 26.29599404100003], [87.51734731200008, 26.296578286000056], [87.51735432400005, 26.29693459400005], [87.51795624200008, 26.297502484000063], [87.51869805900003, 26.297535852000067], [87.51958151300005, 26.297386561000053], [87.52013934100006, 26.296980330000054], [87.52070225500006, 26.296570390000056], [87.52149409400005, 26.296602994000068], [87.52253811500003, 26.296983408000074], [87.52387099400005, 26.29574885900007], [87.52520089300003, 26.295637619000047], [87.52605400300007, 26.29624661400004], [87.52664995800006, 26.296503247000032], [87.52758603300003, 26.296488432000046], [87.52777065300006, 26.295687116000067], [87.52781222200008, 26.29550596000007], [87.52855148100008, 26.295408517000055], [87.53028548600008, 26.29573737800007], [87.53084149300008, 26.296260827000026], [87.53184863400008, 26.29731388400006], [87.53235312100009, 26.298014084000044], [87.53281782300007, 26.29898552800006], [87.53302091700004, 26.299383775000024], [87.53341820100007, 26.299467589000074], [87.53364286400006, 26.30070906800006], [87.53405671800004, 26.301636169000062], [87.53435987300008, 26.30203281100006], [87.53480129400003, 26.302066411000055], [87.53498863100003, 26.303448219000074], [87.53494038600007, 26.304815785000073], [87.53471836400007, 26.306519825000066], [87.53456642300006, 26.308218362000048], [87.53473779300003, 26.309546313000055], [87.53464069800003, 26.310215467000035], [87.53398724900006, 26.31085739200006], [87.53392190200003, 26.31135912700006], [87.53426329900003, 26.31165591900003], [87.53559768700006, 26.31176544400006], [87.53597428700004, 26.31232783200005], [87.53566735100009, 26.313528074000033], [87.53579713700003, 26.31452735700003], [87.53602957700008, 26.315904027000045], [87.53637634300009, 26.316732939000076], [87.53705411100003, 26.317322056000023], [87.53774147200005, 26.316621011000052], [87.53832380700004, 26.316178696000065], [87.53913357700009, 26.316098071000056], [87.53944534200008, 26.316927561000057], [87.53956206600003, 26.31725950300006], [87.54030572400006, 26.31737843800005], [87.54322276000005, 26.317232615000023], [87.54444538300004, 26.31751528500007], [87.54556863000005, 26.31809279600003], [87.54634673300006, 26.318184064000036], [87.54720340800003, 26.318702598000073], [87.54717818000006, 26.319199267000045], [87.54619301200006, 26.319783304000055], [87.54579273500008, 26.32005584700005], [87.54508730100008, 26.320098767000047], [87.54420043800008, 26.320081366000068], [87.54253945700003, 26.320175582000047], [87.54120436300008, 26.320030041000052], [87.54072409500003, 26.319803155000045], [87.53976600400006, 26.31998526500007], [87.53931783800004, 26.31986164400007], [87.53891089700005, 26.319800507000025], [87.53879019300007, 26.32129995200006], [87.53880520100006, 26.322066577000044], [87.53929177800006, 26.32235653400005], [87.54025250800004, 26.322309607000022], [87.54143222800008, 26.322191494000037], [87.54247723200007, 26.322607839000057], [87.54288675300006, 26.322799819000068], [87.54336674000007, 26.322760521000077], [87.54424579700003, 26.322376623000025], [87.54516035100005, 26.32176653700003], [87.54696255400006, 26.32146707000004], [87.54833800300008, 26.321878095000045], [87.54876376200008, 26.322638135000034], [87.54876978700008, 26.323955171000023], [87.54899449700008, 26.324934838000047], [87.54878293500008, 26.32563743700007], [87.54808257200006, 26.325680216000023], [87.54694058400008, 26.325933058000032], [87.54580742800005, 26.326384233000056], [87.54518640900005, 26.32689484800005], [87.54493908300003, 26.32756195500008], [87.54494701200008, 26.327963252000075], [87.54543762200007, 26.328456093000057], [87.54689480700006, 26.329195138000046], [87.54794059800008, 26.32964742400003], [87.54941509000008, 26.329488483000034], [87.55137070700005, 26.329339891000075], [87.55503418800004, 26.328681118000077], [87.55556149700004, 26.327738957000065], [87.55557109200004, 26.32569535600004], [87.55502688000007, 26.32325484200004], [87.55476042800007, 26.32219457700006], [87.55493889000007, 26.321343615000046], [87.55518215200004, 26.32098340400006], [87.55631116100005, 26.32083447100007], [87.55720152900005, 26.320775], [87.55773433700006, 26.320365036000055], [87.55855963300007, 26.319553323000036], [87.55941046300006, 26.31876376500003], [87.56060442300009, 26.31936704000003], [87.56082235400004, 26.32025215400006], [87.56082768500005, 26.320518182000058], [87.56102747000006, 26.32074053300005], [87.56187208500006, 26.320902836000073], [87.56373944200004, 26.320606559000055], [87.56507041100008, 26.32053998300006], [87.56581761500007, 26.32083915900006], [87.56628190800006, 26.321765388000074], [87.56630229600006, 26.322789017000048], [87.56607370300009, 26.32363625100004], [87.56523335200006, 26.323694915000033], [87.56419690900003, 26.323711582000044], [87.56344081900005, 26.322970524000027], [87.56243939700005, 26.322228813000038], [87.56174223000005, 26.321928856000056], [87.56106096000008, 26.32242698300007], [87.56073412700005, 26.323370519000036], [87.56113256100008, 26.326029924000068], [87.56113642600008, 26.328745266000055], [87.56284474200004, 26.329011010000045], [87.56452136100006, 26.328938854000057], [87.56479114700005, 26.32882207600005], [87.56506261600003, 26.32870457000007], [87.56618109300007, 26.328023418000043], [87.56751009000004, 26.327600462000078], [87.56893715600006, 26.327577466000037], [87.57097222400006, 26.32790088400003], [87.57146203700006, 26.327847853000037], [87.57155064500006, 26.327268986000036], [87.57153823300007, 26.326646750000066], [87.57182382700006, 26.326150442000028], [87.57288155800006, 26.32594387100005], [87.57410515800007, 26.32601423400007], [87.57475053500008, 26.326224816000035], [87.57563618800003, 26.326431480000053], [87.57607500500006, 26.32633420800005], [87.57742877100009, 26.325649111000075], [87.57835122100005, 26.32519208100007], [87.57927739600007, 26.324915490000024], [87.58196181500006, 26.32465082500005], [87.58379900700004, 26.324598388000027], [87.58458980700004, 26.325068157000032], [87.58534268300008, 26.325894936000054], [87.58559691100004, 26.326332819000072], [87.58560671900005, 26.326819783000076], [87.58432102300009, 26.328649506000033], [87.58227095300003, 26.33132613500004], [87.58160711600004, 26.33244201100007], [87.58171373400006, 26.33301315800003], [87.58191515700008, 26.333316642000057], [87.58312281000008, 26.333585652000068], [87.58596822600003, 26.33384605200007], [87.58720752700003, 26.334443887000077], [87.58764759800005, 26.334657665000066], [87.58926690800007, 26.334721495000053], [87.59005661000003, 26.334884569000053], [87.59069966700008, 26.335225902000047], [87.59116435200008, 26.33640911200007], [87.59157367700004, 26.33733167400004], [87.59207318400007, 26.33776103200006], [87.59285886500004, 26.33796923600005], [87.59379301200005, 26.338089257000036], [87.59486969800008, 26.338071640000067], [87.59541174000003, 26.338369508000028], [87.59699867500007, 26.339313364000077], [87.59837477800005, 26.340725237000072], [87.59992779400005, 26.342463397000074], [87.60073229300008, 26.343600480000077], [87.60241988600006, 26.342575914000065], [87.60342816500008, 26.341161061000037], [87.60410319400006, 26.33887209900007], [87.60442292300007, 26.338334648000057], [87.60493629700005, 26.337956328000075], [87.60623778000007, 26.338404076000074], [87.60835604200008, 26.33886536600005], [87.60988476500006, 26.33964309600003], [87.61019598800004, 26.340170271000034], [87.60994152100005, 26.34243877600005], [87.60967304100006, 26.34377379500006], [87.60974285300006, 26.34523860200005], [87.60970619100004, 26.345406183000023], [87.60916203900007, 26.345748895000042], [87.60864258200007, 26.345825130000037], [87.60865608000006, 26.346487928000045], [87.60905984700008, 26.34811414400008], [87.60956499500008, 26.348322298000028]]]]}}, {"type": "Feature", "properties": {"OBJECTID": 348, "BLOCK_CODE": "0007", "NEAR_TOWN": "ARARIA", "BLK_NAME": "SIKTI", "DIST_NAME": "ARARIA"}, "geometry": {"type": "MultiPolygon", "coordinates": [[[[87.46205570700005, 26.326960561000078], [87.46382220000004, 26.326879113000075], [87.46483666100005, 26.327016873000048], [87.46483610600006, 26.328568586000074], [87.46536952200006, 26.330012899000053], [87.46603148200006, 26.330841703000033], [87.46737634500005, 26.331759162000026], [87.46757161000005, 26.332013247000077], [87.46735939400008, 26.332445137000036], [87.46650477900005, 26.332544012000028], [87.46641555300005, 26.332856642000024], [87.47024418100006, 26.336356486000057], [87.46841749300006, 26.337228367000023], [87.46769295600006, 26.33732526500006], [87.46696341200004, 26.33742221500006], [87.46502734300003, 26.336766488000023], [87.46285689000007, 26.33563618000005], [87.46147803000008, 26.334773360000042], [87.45922532500003, 26.334325368000066], [87.45744253700008, 26.33355437800003], [87.45649227900003, 26.333370583000033], [87.45582893800008, 26.333520598000064], [87.45511798400008, 26.33432995000004], [87.45485137300005, 26.335330946000056], [87.45502455200005, 26.336009498000067], [87.45573633100008, 26.336823989000038], [87.45679459900003, 26.33794899700007], [87.46059576300007, 26.338431768000078], [87.46216937400004, 26.338993876000075], [87.46255380400004, 26.33918643100003], [87.46249522200009, 26.339530197000045], [87.46215509900009, 26.33981962200005], [87.46146057000004, 26.339916070000072], [87.46070655300008, 26.34004040800005], [87.46033139600007, 26.34033039700006], [87.46031430400006, 26.341016371000023], [87.46066860800005, 26.341466508000053], [87.46236191500003, 26.342265867000037], [87.46626222100008, 26.342945384000075], [87.46735356300007, 26.34395250700004], [87.46758582700005, 26.344575906000046], [87.46714829100006, 26.345539036000048], [87.46539497200007, 26.34659009300003], [87.46477047600007, 26.346942569000078], [87.46414210900008, 26.34709214000003], [87.46303045200005, 26.34685668700007], [87.46169186700007, 26.346277375000057], [87.46070370700005, 26.34594979800005], [87.45922079400003, 26.34594554100005], [87.45820917800006, 26.345961139000053], [87.45705200600008, 26.346493192000025], [87.45635628900004, 26.347315902000048], [87.45624787900005, 26.348201670000037], [87.45646838600004, 26.349790693000045], [87.45597180900006, 26.352135005000036], [87.45576303400009, 26.354330464000043], [87.45552912600004, 26.356260297000063], [87.45562394000007, 26.35782408500006], [87.45681531500009, 26.359086870000056], [87.45790948800004, 26.359981180000034], [87.45881062400008, 26.36073420300005], [87.45952933100006, 26.361111037000057], [87.46035077100004, 26.361098345000073], [87.46123127900006, 26.36076903700007], [87.46201988000007, 26.360874137000053], [87.46247705200005, 26.361462479000068], [87.46288991500006, 26.36156894100003], [87.46415441300007, 26.36166668100003], [87.46530056800003, 26.362131566000073], [87.46507473000008, 26.362897407000048], [87.46465659300009, 26.36435638000006], [87.46454743500004, 26.366775947000065], [87.46296898100007, 26.367030385000078], [87.46215067600008, 26.36720991900006], [87.46174593600006, 26.367531892000045], [87.46175558300007, 26.368041488000074], [87.46161226200007, 26.36867075300006], [87.46094705200005, 26.369520005000027], [87.46108199300005, 26.370032184000024], [87.46141072200004, 26.370451114000048], [87.46141996000006, 26.37093816400005], [87.46071926300004, 26.374138233000053], [87.45991095600004, 26.376424169000074], [87.45991390200004, 26.37683912600005], [87.45974855700007, 26.378154386000062], [87.46007876500005, 26.378916135000054], [87.46075421200004, 26.379388325000036], [87.46132517700005, 26.37963663100004], [87.46363839000009, 26.37979943600004], [87.46500423400005, 26.380206860000044], [87.46679282700006, 26.380977581000025], [87.46763122900006, 26.381844251000075], [87.46788435600007, 26.382765041000027], [87.46680546000005, 26.384261276000075], [87.46593576600009, 26.38490175100003], [87.46493460700003, 26.385485688000074], [87.46405226700006, 26.385729345000072], [87.46284990100008, 26.385747896000055], [87.46154538200005, 26.385141076000025], [87.46066475600009, 26.383900624000034], [87.45948417600005, 26.38164084500005], [87.45859539600008, 26.38128465400007], [87.45740837700004, 26.381316525000045], [87.45653589000005, 26.381812577000062], [87.45560812900004, 26.382832823000058], [87.45504356600009, 26.38476769500005], [87.45503661200007, 26.38624733200004], [87.45523494600008, 26.38745321700003], [87.45698782000005, 26.38976289200008], [87.45910293000009, 26.391354199000034], [87.46040081900009, 26.392926464000027], [87.46138080000009, 26.39464808300005], [87.46147305100004, 26.396067532000075], [87.46107860100005, 26.39693072500006], [87.45972104100008, 26.39775460100003], [87.45860722100008, 26.39742895200004], [87.45538041700007, 26.39562929500005], [87.45109616100007, 26.39276761700006], [87.44970662900005, 26.39270325600006], [87.44863324400006, 26.392918257000076], [87.44758928500005, 26.39362890600006], [87.44697944000006, 26.394775028000026], [87.44684666900008, 26.39622960500003], [87.44697728100004, 26.396480762000067], [87.44711195100007, 26.39673971700006], [87.44871232200006, 26.397883489000037], [87.45027561400008, 26.39865343400004], [87.45243815200007, 26.399305828000024], [87.45311321400004, 26.39975098800005], [87.45386637000007, 26.40034843500007], [87.45406966800005, 26.401026439000077], [87.45416247600008, 26.40247753600005], [87.45423740400008, 26.404840058000048], [87.45434345500007, 26.405406838000033], [87.45520322200008, 26.40660243600007], [87.45535014300003, 26.407736984000053], [87.45501627800007, 26.408369133000065], [87.45522125900004, 26.409132795000062], [87.45530492900008, 26.41010135700003], [87.45486815800007, 26.410590780000064], [87.45498700400003, 26.412623324000037], [87.45441217100006, 26.414026028000023], [87.45383733100005, 26.415428819000056], [87.45316566800005, 26.416747255000075], [87.45288549700007, 26.41941300600007], [87.45267667000007, 26.421608510000056], [87.45300206200005, 26.422113253000077], [87.45324152200004, 26.42310642700005], [87.45320801100007, 26.424505314000044], [87.45356788200007, 26.425239573000056], [87.45407878600008, 26.425484321000056], [87.45569745200004, 26.42571649100006], [87.45675359600006, 26.425628086000074], [87.45822226700005, 26.424834060000023], [87.45935072600008, 26.424333923000063], [87.46000686600007, 26.42378254600004], [87.46340043100008, 26.420883641000046], [87.46437220900003, 26.420584439000038], [87.46541403200007, 26.42053672000003], [87.46598759100004, 26.42064517400007], [87.46665947000008, 26.420918941000025], [87.46714312100005, 26.421565480000027], [87.46714465100007, 26.42243158100007], [87.46662476500006, 26.42329670500004], [87.46600695400008, 26.424018963000037], [87.46375937900007, 26.425758879000057], [87.46091519800007, 26.428292919000057], [87.45858093200007, 26.43023249600003], [87.45818849000005, 26.43120837200007], [87.45771423200006, 26.432893788000058], [87.45797243600003, 26.433286787000043], [87.45864118900005, 26.433393675000048], [87.45924598800008, 26.433555830000046], [87.45954722000005, 26.434629204000032], [87.46002875900007, 26.434906002000048], [87.46183795700006, 26.435135100000025], [87.46358420200005, 26.435477974000037], [87.46524346300004, 26.436250742000027], [87.46685500500007, 26.43793540200005], [87.46794559200004, 26.439903256000036], [87.46908225600004, 26.43982695400007], [87.47560300500004, 26.43841745900005], [87.47820238300005, 26.438016136000044], [87.48643531900007, 26.437008063000064], [87.49132456500007, 26.436277395000047], [87.49748500200008, 26.435440954000057], [87.49750684600008, 26.435436683000034], [87.51592475200005, 26.430828717000054], [87.51717447800007, 26.42961805300007], [87.52353473400007, 26.42647235100003], [87.53462852500007, 26.421117338000045], [87.54711184800004, 26.418138827000064], [87.55262042500004, 26.405501511000068], [87.55341880000003, 26.405069199000025], [87.56492805000005, 26.399854085000072], [87.57323034300003, 26.395971291000023], [87.58427377800007, 26.39334238400005], [87.58648114800008, 26.385985567000034], [87.58808637400006, 26.381836618000023], [87.58827812700008, 26.38165755800003], [87.60526591400009, 26.380892096000025], [87.60671894400008, 26.38137336400007], [87.60812661000006, 26.38307326300003], [87.61214036300004, 26.39019703500003], [87.62196171300008, 26.39256966800008], [87.62689049500005, 26.393899710000028], [87.63678274200004, 26.393604378000077], [87.65135170900004, 26.393338262000043], [87.65127659000007, 26.391165474000047], [87.65112669700005, 26.388524757000027], [87.65135935100005, 26.387902978000056], [87.65193270600008, 26.387275386000056], [87.65212359700007, 26.38705115500005], [87.65208532000008, 26.38520251600005], [87.65227325800004, 26.38484303200005], [87.65369603600004, 26.384819136000033], [87.65540569300003, 26.384614553000063], [87.65681344200004, 26.384108264000076], [87.65739356100005, 26.383566252000037], [87.65752146900007, 26.382729640000036], [87.65700862400007, 26.381678314000055], [87.65665417800005, 26.381021272000055], [87.65654760700005, 26.380716276000044], [87.65664228800006, 26.380448579000074], [87.65756868900007, 26.380171446000077], [87.65824711300007, 26.380024724000066], [87.65833828400008, 26.379585602000077], [87.65803622700008, 26.379279503000078], [87.65766646800006, 26.37909176200003], [87.65712912300006, 26.379276701000038], [87.65649476900006, 26.379377600000055], [87.65590951800004, 26.379428010000026], [87.65512034200003, 26.37931045700003], [87.65467774300004, 26.379232201000036], [87.65442119700003, 26.378704190000065], [87.65382512800005, 26.378231585000037], [87.65327538600008, 26.377577744000064], [87.65296798800006, 26.37701012800005], [87.65281818100004, 26.376791617000038], [87.65217830600005, 26.376626395000073], [87.65036667600003, 26.37674245200003], [87.64840630000003, 26.376689660000068], [87.64743536600008, 26.37723363500004], [87.64652773700004, 26.378177936000043], [87.64541703500004, 26.378990412000064], [87.64395058100007, 26.379321614000048], [87.64346560700005, 26.37937481000006], [87.64337624300003, 26.379904097000065], [87.64298735100004, 26.380000764000044], [87.64061506300004, 26.380148638000037], [87.63899798600005, 26.380220692000023], [87.63869831200003, 26.379783650000036], [87.63848618200007, 26.37921439200005], [87.63755666200007, 26.37909909700005], [87.63687038100005, 26.379110531000038], [87.63662038600006, 26.378893679000043], [87.63635310000006, 26.377838119000046], [87.63616076400007, 26.375550006000026], [87.63620364100007, 26.375197444000037], [87.63659437000007, 26.375190877000023], [87.63752876500007, 26.37530612200004], [87.63801470500005, 26.375298029000078], [87.63816133200004, 26.375119728000072], [87.63813587100003, 26.37388425200004], [87.63943196900004, 26.372581592000074], [87.64085517300003, 26.370397315000048], [87.64212031000005, 26.36881106800007], [87.64199961400004, 26.367577202000064], [87.64132309200005, 26.36586991100006], [87.64076077900006, 26.364598320000027], [87.63992018400006, 26.36417031700006], [87.63780158800006, 26.363722994000057], [87.63730753700008, 26.363334316000078], [87.63684774800004, 26.362412776000042], [87.63706274200007, 26.36117327100004], [87.63702184500005, 26.360402667000074], [87.63667039200004, 26.35988082800003], [87.63578157700005, 26.359539256000062], [87.63440380700007, 26.35930059900005], [87.63244177800004, 26.359152736000055], [87.63067784200007, 26.35914153500005], [87.62979539900005, 26.359111034000023], [87.62939755800005, 26.358765806000065], [87.62918865700004, 26.35810619700004], [87.62838603700004, 26.357325717000037], [87.62690042100007, 26.356466295000075], [87.62644892100008, 26.355946001000063], [87.62623641600004, 26.35511054600005], [87.62622467100005, 26.35453793000005], [87.62615291100008, 26.353479148000076], [87.62638941100005, 26.35303764300005], [87.62671183800006, 26.352148257000067], [87.62654873200006, 26.35005356700003], [87.62603546600008, 26.348961436000025], [87.62580408800005, 26.347201665000057], [87.62562677500006, 26.34587842700006], [87.62482925400008, 26.345097768000073], [87.62413423800007, 26.344671788000028], [87.62330918300006, 26.344992153000078], [87.62244490400008, 26.34584543400007], [87.62195855900006, 26.346074473000044], [87.62157153700008, 26.346256847000063], [87.62058635200003, 26.346097201000077], [87.61984439800005, 26.34557723900008], [87.61978534700006, 26.345140668000056], [87.61943491200003, 26.344659360000037], [87.61880149900009, 26.344800597000074], [87.61784606800006, 26.34609737900007], [87.61766688300008, 26.34689419600005], [87.61854836900005, 26.346879674000036], [87.61938322000003, 26.347041783000066], [87.61939493300008, 26.347614403000023], [87.61920501400004, 26.347883688000024], [87.61866413200005, 26.347892657000045], [87.61758288500005, 26.347689503000026], [87.61713225700004, 26.347209760000055], [87.61639669400006, 26.347005403000026], [87.61561303500008, 26.34714916100006], [87.61527798000003, 26.347420818000046], [87.61509780800003, 26.348172546000058], [87.61535676200003, 26.348831301000075], [87.61511494800004, 26.34901118500005], [87.61476933500006, 26.349016885000026], [87.61363804300004, 26.34881457800003], [87.61251525900008, 26.34878795900005], [87.61167793400006, 26.34875663500003], [87.61115005700003, 26.348169926000025], [87.61044539400007, 26.348010182000053], [87.60956499500008, 26.348322298000028], [87.60905984700008, 26.34811414400008], [87.60865608000006, 26.346487928000045], [87.60864258200007, 26.345825130000037], [87.60916203900007, 26.345748895000042], [87.60970619100004, 26.345406183000023], [87.60974285300006, 26.34523860200005], [87.60967304100006, 26.34377379500006], [87.60994152100005, 26.34243877600005], [87.61019598800004, 26.340170271000034], [87.60988476500006, 26.33964309600003], [87.60835604200008, 26.33886536600005], [87.60623778000007, 26.338404076000074], [87.60493629700005, 26.337956328000075], [87.60442292300007, 26.338334648000057], [87.60410319400006, 26.33887209900007], [87.60342816500008, 26.341161061000037], [87.60241988600006, 26.342575914000065], [87.60073229300008, 26.343600480000077], [87.59992779400005, 26.342463397000074], [87.59837477800005, 26.340725237000072], [87.59699867500007, 26.339313364000077], [87.59541174000003, 26.338369508000028], [87.59486969800008, 26.338071640000067], [87.59379301200005, 26.338089257000036], [87.59285886500004, 26.33796923600005], [87.59207318400007, 26.33776103200006], [87.59157367700004, 26.33733167400004], [87.59116435200008, 26.33640911200007], [87.59069966700008, 26.335225902000047], [87.59005661000003, 26.334884569000053], [87.58926690800007, 26.334721495000053], [87.58764759800005, 26.334657665000066], [87.58720752700003, 26.334443887000077], [87.58596822600003, 26.33384605200007], [87.58312281000008, 26.333585652000068], [87.58191515700008, 26.333316642000057], [87.58171373400006, 26.33301315800003], [87.58160711600004, 26.33244201100007], [87.58227095300003, 26.33132613500004], [87.58432102300009, 26.328649506000033], [87.58560671900005, 26.326819783000076], [87.58559691100004, 26.326332819000072], [87.58534268300008, 26.325894936000054], [87.58458980700004, 26.325068157000032], [87.58379900700004, 26.324598388000027], [87.58196181500006, 26.32465082500005], [87.57927739600007, 26.324915490000024], [87.57835122100005, 26.32519208100007], [87.57742877100009, 26.325649111000075], [87.57607500500006, 26.32633420800005], [87.57563618800003, 26.326431480000053], [87.57475053500008, 26.326224816000035], [87.57410515800007, 26.32601423400007], [87.57288155800006, 26.32594387100005], [87.57182382700006, 26.326150442000028], [87.57153823300007, 26.326646750000066], [87.57155064500006, 26.327268986000036], [87.57146203700006, 26.327847853000037], [87.57097222400006, 26.32790088400003], [87.56893715600006, 26.327577466000037], [87.56751009000004, 26.327600462000078], [87.56618109300007, 26.328023418000043], [87.56506261600003, 26.32870457000007], [87.56479114700005, 26.32882207600005], [87.56452136100006, 26.328938854000057], [87.56284474200004, 26.329011010000045], [87.56113642600008, 26.328745266000055], [87.56113256100008, 26.326029924000068], [87.56073412700005, 26.323370519000036], [87.56106096000008, 26.32242698300007], [87.56174223000005, 26.321928856000056], [87.56243939700005, 26.322228813000038], [87.56344081900005, 26.322970524000027], [87.56419690900003, 26.323711582000044], [87.56523335200006, 26.323694915000033], [87.56607370300009, 26.32363625100004], [87.56630229600006, 26.322789017000048], [87.56628190800006, 26.321765388000074], [87.56581761500007, 26.32083915900006], [87.56507041100008, 26.32053998300006], [87.56373944200004, 26.320606559000055], [87.56187208500006, 26.320902836000073], [87.56102747000006, 26.32074053300005], [87.56082768500005, 26.320518182000058], [87.56082235400004, 26.32025215400006], [87.56060442300009, 26.31936704000003], [87.55941046300006, 26.31876376500003], [87.55855963300007, 26.319553323000036], [87.55773433700006, 26.320365036000055], [87.55720152900005, 26.320775], [87.55631116100005, 26.32083447100007], [87.55518215200004, 26.32098340400006], [87.55493889000007, 26.321343615000046], [87.55476042800007, 26.32219457700006], [87.55502688000007, 26.32325484200004], [87.55557109200004, 26.32569535600004], [87.55556149700004, 26.327738957000065], [87.55503418800004, 26.328681118000077], [87.55137070700005, 26.329339891000075], [87.54941509000008, 26.329488483000034], [87.54794059800008, 26.32964742400003], [87.54689480700006, 26.329195138000046], [87.54543762200007, 26.328456093000057], [87.54494701200008, 26.327963252000075], [87.54493908300003, 26.32756195500008], [87.54518640900005, 26.32689484800005], [87.54580742800005, 26.326384233000056], [87.54694058400008, 26.325933058000032], [87.54808257200006, 26.325680216000023], [87.54878293500008, 26.32563743700007], [87.54899449700008, 26.324934838000047], [87.54876978700008, 26.323955171000023], [87.54876376200008, 26.322638135000034], [87.54833800300008, 26.321878095000045], [87.54696255400006, 26.32146707000004], [87.54516035100005, 26.32176653700003], [87.54424579700003, 26.322376623000025], [87.54336674000007, 26.322760521000077], [87.54288675300006, 26.322799819000068], [87.54247723200007, 26.322607839000057], [87.54143222800008, 26.322191494000037], [87.54025250800004, 26.322309607000022], [87.53929177800006, 26.32235653400005], [87.53880520100006, 26.322066577000044], [87.53879019300007, 26.32129995200006], [87.53891089700005, 26.319800507000025], [87.53931783800004, 26.31986164400007], [87.53976600400006, 26.31998526500007], [87.54072409500003, 26.319803155000045], [87.54120436300008, 26.320030041000052], [87.54253945700003, 26.320175582000047], [87.54420043800008, 26.320081366000068], [87.54508730100008, 26.320098767000047], [87.54579273500008, 26.32005584700005], [87.54619301200006, 26.319783304000055], [87.54717818000006, 26.319199267000045], [87.54720340800003, 26.318702598000073], [87.54634673300006, 26.318184064000036], [87.54556863000005, 26.31809279600003], [87.54444538300004, 26.31751528500007], [87.54322276000005, 26.317232615000023], [87.54030572400006, 26.31737843800005], [87.53956206600003, 26.31725950300006], [87.53944534200008, 26.316927561000057], [87.53913357700009, 26.316098071000056], [87.53832380700004, 26.316178696000065], [87.53774147200005, 26.316621011000052], [87.53705411100003, 26.317322056000023], [87.53637634300009, 26.316732939000076], [87.53602957700008, 26.315904027000045], [87.53579713700003, 26.31452735700003], [87.53566735100009, 26.313528074000033], [87.53597428700004, 26.31232783200005], [87.53559768700006, 26.31176544400006], [87.53426329900003, 26.31165591900003], [87.53392190200003, 26.31135912700006], [87.53398724900006, 26.31085739200006], [87.53464069800003, 26.310215467000035], [87.53473779300003, 26.309546313000055], [87.53456642300006, 26.308218362000048], [87.53471836400007, 26.306519825000066], [87.53494038600007, 26.304815785000073], [87.53498863100003, 26.303448219000074], [87.53480129400003, 26.302066411000055], [87.53435987300008, 26.30203281100006], [87.53405671800004, 26.301636169000062], [87.53364286400006, 26.30070906800006], [87.53341820100007, 26.299467589000074], [87.53302091700004, 26.299383775000024], [87.53281782300007, 26.29898552800006], [87.53235312100009, 26.298014084000044], [87.53184863400008, 26.29731388400006], [87.53084149300008, 26.296260827000026], [87.53028548600008, 26.29573737800007], [87.52855148100008, 26.295408517000055], [87.52781222200008, 26.29550596000007], [87.52777065300006, 26.295687116000067], [87.52758603300003, 26.296488432000046], [87.52664995800006, 26.296503247000032], [87.52605400300007, 26.29624661400004], [87.52520089300003, 26.295637619000047], [87.52387099400005, 26.29574885900007], [87.52253811500003, 26.296983408000074], [87.52149409400005, 26.296602994000068], [87.52070225500006, 26.296570390000056], [87.52013934100006, 26.296980330000054], [87.51958151300005, 26.297386561000053], [87.51869805900003, 26.297535852000067], [87.51795624200008, 26.297502484000063], [87.51735432400005, 26.29693459400005], [87.51734731200008, 26.296578286000056], [87.51778162500005, 26.29599404100003], [87.51806669800004, 26.29545732200006], [87.51766252000004, 26.295017064000035], [87.51775649400008, 26.294704343000035], [87.51834552300005, 26.29460487700004], [87.51863916000008, 26.29451447400004], [87.51862871500003, 26.29397788800003], [87.51856830700007, 26.293446564000078], [87.51850519700008, 26.292779968000048], [87.51879362500006, 26.292419014000075], [87.51933150500008, 26.29201362500004], [87.51882558400007, 26.291489290000072], [87.51925727000008, 26.290769762000025], [87.51974064400008, 26.29013966900004], [87.51957487800007, 26.289339299000062], [87.51921482700004, 26.28859166700005], [87.51875811500008, 26.288021577000052], [87.51757502500004, 26.28795004600005], [87.51668139400005, 26.28783334600007], [87.51633343900005, 26.287703457000077], [87.51617697000006, 26.287128580000058], [87.51669814900004, 26.286376011000073], [87.51761779500004, 26.286293882000052], [87.51820317100004, 26.285752371000058], [87.51800112000006, 26.284889451000026], [87.51824279900006, 26.284186439000052], [87.51902251100006, 26.284372630000064], [87.51930030400007, 26.285270404000073], [87.52022772000004, 26.28558497000006], [87.52081308200007, 26.285043450000046], [87.52017137500007, 26.28268990500004], [87.52019521500006, 26.28185958200004], [87.52100153400005, 26.281612301000052], [87.52218604600006, 26.281760464000058], [87.52310550400006, 26.281412111000066], [87.52309449300003, 26.28084386000006], [87.52278240400005, 26.279991770000038], [87.52167357700006, 26.279873955000028], [87.52122557100006, 26.27975027800005], [87.52121527600008, 26.279218099000047], [87.52120217900006, 26.278550746000064], [87.52090037200009, 26.27822171200006], [87.52016355800004, 26.278436355000053], [87.51986953800008, 26.27850412400005], [87.51949656300008, 26.27837922300006], [87.51927114200004, 26.27811669500005], [87.51985526000004, 26.27777363900003], [87.52050276000006, 26.276829639000027], [87.52076152200004, 26.275977495000063], [87.52078099900007, 26.275178787000073], [87.52011023000006, 26.27492324900004], [87.51984844700007, 26.27459357400005], [87.51983417000008, 26.273863087000052], [87.51964505000007, 26.273663012000043], [87.51930910100003, 26.273636821000025], [87.51909866900007, 26.274140852000073], [87.51884676400005, 26.274577798000053], [87.51844521900006, 26.274782645000073], [87.51759673400005, 26.274660741000048], [87.51600509700006, 26.274685877000024], [87.51507975900006, 26.274470390000033], [87.51440630700006, 26.27407955500007], [87.51364618600007, 26.27309463000006], [87.51317508800008, 26.27255625500004], [87.51249417900004, 26.272810545000027], [87.51195466100006, 26.27338741600005], [87.51080713600004, 26.273337801000025], [87.51047948200005, 26.27373996500006], [87.51032196600005, 26.274910712000064], [87.51013869100007, 26.27501283500004], [87.50891235700004, 26.274766011000054], [87.50810212200008, 26.27481031700006], [87.50788718000007, 26.27534595700007], [87.50755757200005, 26.275387229000046], [87.50684202100007, 26.274631604000035], [87.50512480900005, 26.273860203000027], [87.50372145700004, 26.273782948000076], [87.50259966600004, 26.27402162900006], [87.50166398200008, 26.27353557300006], [87.50029440500003, 26.27339007000006], [87.49933651000003, 26.273305838000056], [87.49827055600008, 26.273588690000054], [87.49789503800008, 26.273328460000073], [87.49750849200007, 26.273146130000043], [87.49748584600007, 26.273136348000037], [87.49676138600006, 26.27269207100005], [87.49555523000004, 26.272453846000076], [87.49499349800004, 26.272661072000062], [87.49468691600003, 26.273121509000077], [87.49463341100005, 26.27372223800006], [87.49464709600005, 26.274434788000065], [87.49476905700004, 26.27582669900005], [87.49434228600006, 26.276546112000062], [87.49365366600006, 26.276926785000057], [87.49346566000008, 26.277042470000026], [87.49351319700008, 26.277952902000038], [87.49394613200008, 26.278334090000044], [87.49472455100005, 26.279233113000032], [87.49523181800004, 26.280095870000025], [87.49507821200007, 26.280441100000075], [87.49486018800008, 26.280557215000044], [87.49415016100005, 26.27982853700007], [87.49380483200008, 26.279833965000023], [87.49374355700007, 26.280033375000073], [87.49397208400006, 26.280458361000058], [87.49496732200004, 26.281182561000037], [87.49574621000005, 26.28236580400005], [87.49640326800005, 26.28346517800003], [87.49681590100005, 26.283571465000023], [87.49709780700005, 26.283652803000052], [87.49749072500003, 26.284291689000042], [87.49750832200004, 26.284295541000063], [87.49789743500008, 26.28435303200007], [87.49938300900004, 26.284794371000032], [87.50045748000008, 26.284944391000067], [87.50075861000005, 26.285241900000074], [87.50117879300007, 26.28599764300003], [87.50088857300005, 26.286268385000028], [87.50022933000008, 26.286612485000035], [87.50023765800006, 26.287045458000023], [87.50094668900005, 26.287201237000033], [87.50216554100007, 26.287312901000064], [87.50323940100003, 26.287431431000073], [87.50401136700003, 26.288253806000057], [87.50337424000008, 26.288705820000075], [87.50308577500005, 26.28906674800004], [87.50304586200008, 26.28933347900005], [87.50304937600004, 26.289513844000055], [87.50324791700007, 26.289686680000045], [87.50359420800004, 26.28972641100006], [87.50443958400007, 26.290200307000077], [87.50474771900008, 26.290596857000025], [87.50475887600004, 26.29117412000005], [87.50477530900008, 26.292021929000043], [87.50453876600005, 26.292733784000063], [87.50474407600007, 26.29299674300006], [87.50523729900004, 26.293124282000065], [87.50549702300003, 26.29360743600006], [87.50554984800004, 26.294008057000042], [87.50538218000008, 26.295431548000067], [87.50534161700006, 26.295923884000047], [87.50519820200003, 26.296016345000055], [87.50465412300008, 26.29611065200004], [87.50406435000008, 26.296164968000028], [87.50382078300004, 26.296259017000068], [87.50348739000003, 26.296886820000054], [87.50325165800007, 26.297643763000053], [87.50277483900004, 26.298364024000023], [87.50193389500004, 26.29837715900004], [87.50164112700008, 26.298517134000065], [87.50164447600008, 26.298692992000042], [87.50151136600005, 26.29931752400006], [87.50126448600008, 26.29949738700003], [87.50111930900005, 26.299499663000063], [87.50066521600007, 26.29906470900005], [87.49956688000003, 26.298459437000076], [87.49902444000008, 26.29837771900003], [87.49750113600004, 26.29884812100005], [87.49631432400008, 26.299624549000043], [87.49515222500008, 26.299868227000047], [87.49502871500005, 26.30021301900007], [87.49463404500005, 26.30104471900006], [87.49363160700005, 26.30151596500008], [87.49174638800008, 26.30191534000005], [87.48934007800005, 26.301781419000065], [87.48855864600006, 26.302032672000053], [87.48849910400008, 26.302322350000054], [87.48847947000007, 26.30286396200006], [87.48862982700007, 26.304169743000045], [87.48838659900008, 26.304543479000074], [87.48758143000003, 26.30538148100004], [87.48661484700006, 26.306163386000037], [87.48638261800005, 26.307109773000036], [87.48622296700006, 26.307919769000023], [87.48542389200009, 26.30725105600004], [87.48488316700008, 26.307259471000066], [87.48438625000006, 26.30772281800006], [87.48392865600005, 26.30841104700005], [87.48323663300005, 26.308624827000074], [87.48270148000006, 26.308660230000044], [87.48184041700006, 26.308416503000046], [87.48113699400005, 26.30777339800005], [87.48069142300005, 26.30778028000003], [87.47933413600003, 26.307774362000032], [87.47853486300005, 26.30735818200003], [87.47796697300004, 26.30725421300008], [87.47746677600009, 26.307546192000075], [87.47689818400005, 26.30766782300003], [87.47648390900008, 26.307475718000035], [87.47595194800004, 26.306897607000053], [87.47486963300008, 26.306603090000067], [87.47338329700005, 26.306396058000075], [87.47265904200003, 26.30649297700006], [87.47180832600003, 26.306790379000063], [87.47102393100005, 26.306888232000063], [87.47026732400008, 26.307130005000033], [87.47020896200007, 26.307216613000037], [87.47009066100009, 26.307845463000035], [87.46971894700005, 26.308049665000055], [87.46939855100004, 26.308054580000032], [87.46911541000009, 26.307914672000038], [87.46884546900003, 26.307151954000062], [87.46855147000008, 26.306700875000047], [87.46804920100004, 26.30662293100005], [87.46782878400006, 26.306883540000058], [87.46772309700003, 26.30790913100003], [87.46753779300008, 26.308169073000045], [87.46681289100007, 26.30823440200004], [87.46617986500007, 26.30813138700006], [87.46573605900005, 26.30796682400006], [87.46543826300007, 26.306532503000028], [87.46542040100007, 26.305590004000067], [87.46538062400003, 26.305080807000024], [87.46502150800006, 26.30463080900006], [87.46334776700007, 26.304570892000072], [87.45991259100003, 26.30511098900007], [87.45836054900008, 26.305662685000073], [87.45659476000003, 26.306032713000036], [87.45517025900006, 26.30591024200004], [87.45421698300004, 26.305554990000076], [87.45361306900008, 26.305397390000053], [87.45323858100005, 26.30545726300005], [87.45314841000004, 26.305715778000035], [87.45271691300007, 26.30805448900003], [87.45250001100004, 26.30982617500007], [87.45242312100004, 26.310792624000044], [87.45262890500004, 26.311872136000034], [87.45234915700007, 26.312972604000038], [87.45252125300004, 26.313596972000028], [87.45316349200004, 26.314187025000024], [87.45316884500005, 26.314471190000063], [87.45279696700004, 26.314932514000077], [87.45278441500005, 26.316119059000073], [87.45346733300005, 26.317272417000027], [87.45370223600008, 26.31804014000005], [87.45380787400006, 26.319387292000044], [87.45408418200003, 26.320749876000036], [87.45448742200006, 26.321943560000022], [87.45478410300007, 26.32253443700006], [87.45593420100005, 26.323229553000033], [87.45622219500007, 26.323622080000064], [87.45610298700007, 26.323939637000024], [87.45629645200006, 26.324108072000058], [87.45689952500004, 26.324211546000072], [87.45772775600005, 26.324568700000043], [87.45779936600007, 26.324910490000036], [87.45753397900006, 26.32518068400003], [87.45760345200006, 26.325409655000044], [87.45785430600006, 26.32543286300006], [87.45870444400003, 26.32536114100003], [87.46060225900004, 26.325331944000027], [87.46079469600005, 26.32544626500004], [87.46089690300005, 26.32581459200003], [87.46064744500006, 26.326129623000043], [87.45995575200004, 26.326370353000073], [87.45990164700004, 26.32668250000006], [87.46012514000006, 26.32685041800005], [87.46205570700005, 26.326960561000078]]]]}}]}