{"type": "FeatureCollection", "features": [{"type": "Feature", "properties": {"OBJECTID": 124, "BLOCK_CODE": "0016", "NEAR_TOWN": "BHAGALPUR", "BLK_NAME": "SANHAULA", "DIST_NAME": "BHAGALPUR"}, "geometry": {"type": "MultiPolygon", "coordinates": [[[[87.20021903100007, 25.188836907000052], [87.20173883000007, 25.188158147000024], [87.20392038300008, 25.188360639000052], [87.20469882900005, 25.18736171000006], [87.20554694300006, 25.186612898000078], [87.20733424200006, 25.186732320000033], [87.21011194400006, 25.18665349200006], [87.21246990200007, 25.186036942000044], [87.21281714600008, 25.184298153000043], [87.21373213500004, 25.183748757000046], [87.21545689600003, 25.183253019000063], [87.21578417400008, 25.18313646200005], [87.21801680600004, 25.18227285300003], [87.22003315700005, 25.181520504000048], [87.22455524900005, 25.18080311400007], [87.22703679900008, 25.18040872100005], [87.22951831500006, 25.18001429000003], [87.23452421200005, 25.179982857000027], [87.23676085200003, 25.180177237000066], [87.23754625000004, 25.180292388000055], [87.23782111800006, 25.177629628000034], [87.23801358400004, 25.175765068000032], [87.23937494600005, 25.175245778000033], [87.24103081200008, 25.175016476000053], [87.24276506600006, 25.175188383000034], [87.24374085600004, 25.17473770500004], [87.24615474700005, 25.174484095000025], [87.24755052300009, 25.174521844000026], [87.24993633200006, 25.174507654000024], [87.24993659200004, 25.174521191000053], [87.25010128700006, 25.174279824000052], [87.25050723100009, 25.17149951300007], [87.25073080400006, 25.170909937000033], [87.25105157100006, 25.170504105000077], [87.25165368600005, 25.170017708000046], [87.25257712500007, 25.169459282000048], [87.25347936600008, 25.169122220000077], [87.25508961400004, 25.168707891000054], [87.25536991100006, 25.16855520000007], [87.25533988800004, 25.16823973100003], [87.25528595700007, 25.167672010000047], [87.25540441400005, 25.166425118000063], [87.25513750800008, 25.165571431000046], [87.25504875900003, 25.164995111000053], [87.25509448000008, 25.162639238000054], [87.25522935000004, 25.16239382400005], [87.25553765900008, 25.16213695700003], [87.25668953800005, 25.161602533000064], [87.25723064200008, 25.161631250000028], [87.25909373300004, 25.16242266100005], [87.26058643300007, 25.162709204000066], [87.26237652400005, 25.162680376000026], [87.26421205500003, 25.162393807000058], [87.26481867500007, 25.16248476800007], [87.26530050800005, 25.16313248800003], [87.26597267700004, 25.163588031000074], [87.26666237600006, 25.163907996000034], [87.26686925600006, 25.164121788000045], [87.26740470300007, 25.16561245500003], [87.26885989100003, 25.16843507300007], [87.26939664100007, 25.16999793100007], [87.26969284600005, 25.170214988000055], [87.27084998300006, 25.170600712000066], [87.27175508100004, 25.17043945200004], [87.27315158400006, 25.16969847000007], [87.27361998500004, 25.169525195000062], [87.27539538900004, 25.169198557000072], [87.27546170100004, 25.16901266600007], [87.27542530000005, 25.168607172000065], [87.27502727200005, 25.167335699000034], [87.27509664400003, 25.167032515000074], [87.27531355600007, 25.16665050000006], [87.27544722600004, 25.16603506100006], [87.27557783600008, 25.165834716000063], [87.27604843200004, 25.165498926000055], [87.27687344500004, 25.164098027000023], [87.27724591200007, 25.163826667000023], [87.27752813100005, 25.163795784000058], [87.27777163600007, 25.16411733800004], [87.27828526000008, 25.165481897000063], [87.27869073800008, 25.16630654200003], [87.27907146400008, 25.166829204000067], [87.27944855100003, 25.167139860000077], [87.27994558200004, 25.167196196000077], [87.28085343700008, 25.166904053000053], [87.28219078400008, 25.167386470000054], [87.28328115400006, 25.167037608000044], [87.28391422800007, 25.16692521300007], [87.28478221300008, 25.166922312000054], [87.28520698900007, 25.16711494300006], [87.28551657700007, 25.167534852000074], [87.28571359900008, 25.16804651800004], [87.28591154900005, 25.169514590000063], [87.28676213700004, 25.17054968800005], [87.28701149500006, 25.171525360000032], [87.28725665500008, 25.17165280300003], [87.28836115400009, 25.17155182500005], [87.28975488400005, 25.171243927000035], [87.29071569400008, 25.170851716000072], [87.29179483400009, 25.17012395200004], [87.29227372300005, 25.169688730000075], [87.29247561200003, 25.169306936000055], [87.29246422400007, 25.168621264000024], [87.29267378400004, 25.168397365000033], [87.29385003500005, 25.167844184000046], [87.29605390300009, 25.167340043000024], [87.29687699300007, 25.167021848000047], [87.29706734200005, 25.16683424200005], [87.297294, 25.166149782000048], [87.29764830400006, 25.165684656000053], [87.29811772500005, 25.16528119800006], [87.29888454800005, 25.16486453500005], [87.29937235100005, 25.16466823500008], [87.30065811400004, 25.164145132000044], [87.30201024800004, 25.163729398000044], [87.30305468300008, 25.163597595000056], [87.30468792100004, 25.16367873100006], [87.30588211000008, 25.163310239000054], [87.30774362800008, 25.16310386200007], [87.30822938500006, 25.16279038700003], [87.30858363900006, 25.162325236000072], [87.30867696500007, 25.161976474000028], [87.30874357200008, 25.160919809000063], [87.30895504200004, 25.160515323000027], [87.30917037700004, 25.16034541500005], [87.30999333400007, 25.160022635000075], [87.31131004400004, 25.15976177700003], [87.31163453800008, 25.159697488000063], [87.31233645900005, 25.159525403000032], [87.31447918900005, 25.159395975000052], [87.31437379300007, 25.157849895000027], [87.31412495700005, 25.156914968000024], [87.31375158500003, 25.15477248800005], [87.31356976200004, 25.15398767100004], [87.31338794700008, 25.15320294600008], [87.31294720000005, 25.151774384000078], [87.31268577700007, 25.150677088000066], [87.31232479300007, 25.149265399000058], [87.31214289300004, 25.14877166200006], [87.31157939500008, 25.148296796000068], [87.31065637200004, 25.14796667300004], [87.30970490400006, 25.14771826300006], [87.30896742400006, 25.147507387000076], [87.30812760600008, 25.14741075200004], [87.30808504700008, 25.147239849000073], [87.30804249400006, 25.14706903700005], [87.30768027700003, 25.146167199000047], [87.30706769100004, 25.144831169000042], [87.30668862800007, 25.14440785200003], [87.30607897800007, 25.14442983300006], [87.30589841100004, 25.144310521000023], [87.30539041300005, 25.14329343600008], [87.30509105700008, 25.142891513000052], [87.30634142000008, 25.14203948900007], [87.30632909900004, 25.141899785000078], [87.30597754300004, 25.141340687000024], [87.30603893800009, 25.141154825000058], [87.30679669100005, 25.140796883000064], [87.30668423100008, 25.140302163000058], [87.30642255600009, 25.139633469000046], [87.30616091800005, 25.138964859000055], [87.30588599900005, 25.137949021000054], [87.30626762300005, 25.13793467800008], [87.30679546100004, 25.137769453000033], [87.30706965800005, 25.137558142000046], [87.30704430900005, 25.137229087000037], [87.30700571400007, 25.136408549000066], [87.30673222300004, 25.136069373000055], [87.30629014800007, 25.136021408000033], [87.30565537400008, 25.136021165000045], [87.30510801700007, 25.13591143700006], [87.30453500500005, 25.135454692000053], [87.30429546000005, 25.134767710000062], [87.30387570300007, 25.134281694000038], [87.30324745100006, 25.13437616400006], [87.30309653700004, 25.134247429000027], [87.30291328400006, 25.133370123000077], [87.30254522300004, 25.132414165000057], [87.30194809800008, 25.130807224000023], [87.30080572300005, 25.127151137000055], [87.30059636000004, 25.126481058000024], [87.30047023000003, 25.12604965400004], [87.30022278500007, 25.125191320000056], [87.29993701700005, 25.124410191000038], [87.29950764200004, 25.12274674300005], [87.29931564000003, 25.121644020000076], [87.29908434600009, 25.120262024000056], [87.29866471700007, 25.12007389100006], [87.29818234800007, 25.11969248200006], [87.29769167000006, 25.118219401000033], [87.29733930900005, 25.116712782000036], [87.29778227200006, 25.116219397000066], [87.29744585500003, 25.115371339000035], [87.29690088700005, 25.114210240000034], [87.29632661700003, 25.11336999400004], [87.29672176100007, 25.112980995000044], [87.29782228500005, 25.112374724000063], [87.29805993400004, 25.11205564900007], [87.29775950400006, 25.111288294000076], [87.29738440400007, 25.110201580000023], [87.29681547800004, 25.10819260200003], [87.29641092500003, 25.10711990300007], [87.29590544100006, 25.10534462800007], [87.29553736000008, 25.104081894000046], [87.29533219700005, 25.103074074000062], [87.29534511200006, 25.102365572000053], [87.29572434600004, 25.10191814800004], [87.29679397600006, 25.10094685300004], [87.29757550900007, 25.100548090000075], [87.29805406300005, 25.10010832200004], [87.29825166800003, 25.09976726000008], [87.29808006600007, 25.098993544000052], [87.29772919400006, 25.09816819400004], [87.29753574700004, 25.09726849200007], [87.29735701000004, 25.096657338000057], [87.29735690500007, 25.095759478000048], [87.29728006600004, 25.09442059400004], [87.29704665800006, 25.093201090000036], [87.29675911600003, 25.091711583000063], [87.29665398100008, 25.091054276000023], [87.29643289800003, 25.090579139000056], [87.29623197700005, 25.090123881000068], [87.29603106200005, 25.089668715000073], [87.29552154700008, 25.08854326000005], [87.29522607100006, 25.088660163000043], [87.29465381900008, 25.08882598300005], [87.29383234200003, 25.088909450000074], [87.29286906700008, 25.089112240000077], [87.29196893100004, 25.089232867000078], [87.29072460700007, 25.08952522000004], [87.28980804500009, 25.08985363200003], [87.28860190500006, 25.090361974000075], [87.28753740100007, 25.090737534000027], [87.28667459900004, 25.091020163000053], [87.28575226100008, 25.09129895500007], [87.28555786900006, 25.091233918000057], [87.28495409000004, 25.090998572000046], [87.28433300200004, 25.090610017000074], [87.28391640400008, 25.090597755000033], [87.28316222800004, 25.090558445000056], [87.28248545500009, 25.09069854100005], [87.28205477200004, 25.090887202000033], [87.28162417400006, 25.09107582400003], [87.28120357200004, 25.091271041000027], [87.28078296800004, 25.091466258000025], [87.27968516200008, 25.091630226000063], [87.27859336200004, 25.091857227000048], [87.27811364500008, 25.091922398000065], [87.27701841800007, 25.092244211000036], [87.27587277300006, 25.092512440000064], [87.27545912400007, 25.09268058300006], [87.27470356700007, 25.092857811000044], [87.27379295400004, 25.092951448000065], [87.27286530700007, 25.093212254000036], [87.27194424600003, 25.093269871000075], [87.27173475700005, 25.093347196000025], [87.27152537000006, 25.093424516000027], [87.27048008300005, 25.093763565000074], [87.26986897200004, 25.09398393200007], [87.26924234900008, 25.094466245000035], [87.26883999600005, 25.095017647000077], [87.26852473700006, 25.095748376000074], [87.26820089800003, 25.095951266000043], [87.26729066300004, 25.096369754000023], [87.26708163400008, 25.096923031000074], [87.26709296400008, 25.097915475000036], [87.26679452900004, 25.098154128000033], [87.26605568800005, 25.098448414000075], [87.26511770800005, 25.098686797000028], [87.26417812700004, 25.099132729000075], [87.26371073400009, 25.09965343600004], [87.26354282500006, 25.100598626000078], [87.26368325500005, 25.101002841000025], [87.26422618700008, 25.102064781000024], [87.26413668500004, 25.10235020400006], [87.26386121400003, 25.102787140000032], [87.26321062900007, 25.10331930800004], [87.26230066900007, 25.10345800700003], [87.26133689000005, 25.103940358000045], [87.26082986700004, 25.104466048000063], [87.26022023900003, 25.10447430800008], [87.25933295800007, 25.10448638500003], [87.25815888100004, 25.104542800000047], [87.25661407500007, 25.10466296900006], [87.25597194800008, 25.104807032000053], [87.25474893400008, 25.104900282000074], [87.25390588900007, 25.10519137600005], [87.25301082600004, 25.10533429800006], [87.25150675200007, 25.10552154100003], [87.25034038500007, 25.105744826000034], [87.24969084600008, 25.105437752000057], [87.24755167600006, 25.109743929000047], [87.24661075700004, 25.111790549000034], [87.24532182600007, 25.11305397500007], [87.24363124700005, 25.114376024000023], [87.24363537300007, 25.114449015000048], [87.24151445600006, 25.11481169600006], [87.24132265100008, 25.11690660200003], [87.23935491000003, 25.112913818000038], [87.23833605200008, 25.111353687000076], [87.23744726500007, 25.109982956000067], [87.23730018200007, 25.109490089000076], [87.23691078200005, 25.109356234000074], [87.23646224200007, 25.109442486000034], [87.23572556000005, 25.108651295000072], [87.23546699700006, 25.108192606000046], [87.23520841300007, 25.107733876000054], [87.23500142300009, 25.107026010000027], [87.23633563900006, 25.106610552000063], [87.23681693700007, 25.10631584300006], [87.23685080100006, 25.105739570000026], [87.23664774800005, 25.105083597000032], [87.23856874600006, 25.10441897900006], [87.23984808800003, 25.104147357000045], [87.24071470700005, 25.103622779000034], [87.24171036900003, 25.103031687000055], [87.24220187100008, 25.102917967000053], [87.24255238900008, 25.102659596000024], [87.24278661500006, 25.10210416500007], [87.24299103200008, 25.101610595000068], [87.24369484900006, 25.10172887400006], [87.24395454100005, 25.101625916000046], [87.24402435100006, 25.101376363000043], [87.24417511900003, 25.100728889000038], [87.24411875300007, 25.100560828000027], [87.24333748000004, 25.09999970000007], [87.24285193300005, 25.098869841000067], [87.24126905100007, 25.098218230000043], [87.24002226500005, 25.097294719000047], [87.23996694900006, 25.096315495000056], [87.24033083400008, 25.094462758000077], [87.23985359100004, 25.09264941300006], [87.23981751300005, 25.09201069200003], [87.23920769500006, 25.091996574000063], [87.23761915100005, 25.092070956000043], [87.23736141400008, 25.091656175000026], [87.23715532000006, 25.09132423400007], [87.23712859300008, 25.089190967000036], [87.23582126400004, 25.089534397000023], [87.23461456900003, 25.089706274000037], [87.23286344100006, 25.090111372000024], [87.23165413900006, 25.090237170000023], [87.23053160100005, 25.090105059000052], [87.23005455200007, 25.08973499700005], [87.22998840000008, 25.089461207000056], [87.22949158700004, 25.087926001000028], [87.22810674800007, 25.088289582000073], [87.22779760600008, 25.08779174600005], [87.22677207000004, 25.08788246100005], [87.21950869300008, 25.089502484000036], [87.21266788700007, 25.091145208000057], [87.21281651300006, 25.090455285000075], [87.21268648500006, 25.087729120000063], [87.21276680200003, 25.086658121000028], [87.21276443800008, 25.08495057300007], [87.21255235400008, 25.08367983900007], [87.21234755500006, 25.08253669800007], [87.21207554500006, 25.081866399000035], [87.21182279500005, 25.081536603000075], [87.21126099200006, 25.080709029000047], [87.20993841700005, 25.080514580000056], [87.20883631100008, 25.08090747800003], [87.20757848300008, 25.081862685000033], [87.20685005000007, 25.08223814300004], [87.20613733400006, 25.08205790200003], [87.20539819500004, 25.08140936800004], [87.20502566900007, 25.080615625000064], [87.20459923000004, 25.07969627600005], [87.20376913500007, 25.07909465000006], [87.20041324600004, 25.078140994000023], [87.19993772300006, 25.07718124400003], [87.19998336300006, 25.076325335000035], [87.19978108400005, 25.075224830000025], [87.19945654300005, 25.073617730000024], [87.19876551900006, 25.072155724000027], [87.19874160700004, 25.071729900000037], [87.19828057100005, 25.071025705000068], [87.19653664700007, 25.069996892000063], [87.19498171000004, 25.070667016000073], [87.19365802800007, 25.071283592000043], [87.19314416800006, 25.07130750700003], [87.19209484400005, 25.070972076000032], [87.19205901500004, 25.070333429000073], [87.19243650600004, 25.069547430000057], [87.19446276100007, 25.06851389800005], [87.19375137300005, 25.067522432000032], [87.19264485100007, 25.06616518100003], [87.19202799200008, 25.06602309300007], [87.19098214200005, 25.06658404500007], [87.18963563200003, 25.067628590000027], [87.18827852700008, 25.06764894500003], [87.18605797900005, 25.066471576000026], [87.18500404300005, 25.066050962000077], [87.18332222600003, 25.06612913600003], [87.18110281300005, 25.06580533500005], [87.18075433400008, 25.065437357000064], [87.18018087700005, 25.064396749000025], [87.17892956300005, 25.06296068900008], [87.17803866200006, 25.06210561200004], [87.17789513700006, 25.061215728000036], [87.17733693800005, 25.05919250000005], [87.17619317900005, 25.058385747000045], [87.17584094300008, 25.057893962000037], [87.17546959900005, 25.057953879000024], [87.17422905300003, 25.057888976000072], [87.17363384100008, 25.058297180000068], [87.17089681600004, 25.058765694000044], [87.16962463000004, 25.05946503000007], [87.16732997800005, 25.058632333000048], [87.16608898800007, 25.05789302900007], [87.16584619000008, 25.058060734000037], [87.16574418500005, 25.058748543000036], [87.16560345100004, 25.06041995100003], [87.16532166100006, 25.061244119000037], [87.16489491900006, 25.061989656000037], [87.16384432700005, 25.06246529200007], [87.16235422000005, 25.062619704000042], [87.15965949900004, 25.063427544000035], [87.15852648500004, 25.06326665100005], [87.15840211200003, 25.062717361000068], [87.15747018800005, 25.062803289000044], [87.15639816800007, 25.06289560600004], [87.15440609500007, 25.063286650000066], [87.15331506400008, 25.063038334000055], [87.15257945500008, 25.063285845000053], [87.15226669400005, 25.06355646000003], [87.15173700500009, 25.06413592900003], [87.15122554000004, 25.064202270000067], [87.15063884400007, 25.063759808000043], [87.14989771200004, 25.06306834700007], [87.14720411300004, 25.062637976000076], [87.14449237700006, 25.06272067900005], [87.14337826000008, 25.062900201000048], [87.14223886200006, 25.063465140000062], [87.14168581200005, 25.06404565100007], [87.14123828300006, 25.065261681000038], [87.14070696700009, 25.06665227800005], [87.14062369000004, 25.067680685000028], [87.14043518800008, 25.06850048700005], [87.14009225600006, 25.069071283000028], [87.14026328500006, 25.06961833500003], [87.14052126700005, 25.070887114000072], [87.14041189700004, 25.071447120000073], [87.14011105000003, 25.071930621000035], [87.13927715000005, 25.07209716400007], [87.13856053000006, 25.072685215000035], [87.13808222100005, 25.073347698000077], [87.13788079700004, 25.074146707000068], [87.13767937300008, 25.07494571500007], [87.13687230800008, 25.076434463000055], [87.13692445900006, 25.077371167000024], [87.13698281100005, 25.080100643000037], [87.13692252400006, 25.080701050000073], [87.13652579300003, 25.08114620200007], [87.13594685200007, 25.081685205000042], [87.13482384400004, 25.082548130000077], [87.13451574100003, 25.082903928000064], [87.13413140000006, 25.084415723000063], [87.13321599000005, 25.084799545000067], [87.13212809600003, 25.085874197000066], [87.13113813500007, 25.086602838000033], [87.13018059400008, 25.087073932000067], [87.12899592800005, 25.086829759000068], [87.12818745000004, 25.086610905000043], [87.12735827900008, 25.086862600000075], [87.12622806300004, 25.08759767300006], [87.12575839800007, 25.087576650000074], [87.12468141600004, 25.087583616000074], [87.12445254800008, 25.087679512000022], [87.12388063000003, 25.088346254000044], [87.12296800200005, 25.08962622000007], [87.12214765800007, 25.090880636000065], [87.12132730400003, 25.09213513900005], [87.12105708400009, 25.093172034000077], [87.12128180500008, 25.093844740000065], [87.12191527900006, 25.094285154000033], [87.12301598200008, 25.09470403800003], [87.12348625900006, 25.09557879600004], [87.12359418400007, 25.096256787000073], [87.12430045700006, 25.09716343300005], [87.12484047100008, 25.09760814300006], [87.12549587800004, 25.099285439000028], [87.12579825300008, 25.100509501000033], [87.12649972600008, 25.101330919000077], [87.12713562200008, 25.101813874000072], [87.12824660000007, 25.103256788000067], [87.12932196900005, 25.104060954000033], [87.13013840000008, 25.10526130200003], [87.13107342900008, 25.105858454000042], [87.13200855700006, 25.106455624000034], [87.13275922300005, 25.107317511000076], [87.13381171200007, 25.108549623000044], [87.13492679500007, 25.109223806000045], [87.13543040000008, 25.110694697000042], [87.13591494400004, 25.111824892000072], [87.13761089300004, 25.114094398000077], [87.13619299300007, 25.114714879000076], [87.13436324600008, 25.114671203000057], [87.13377703600008, 25.11508249600007], [87.13361751700006, 25.11726694200007], [87.13318339300008, 25.117884583000034], [87.13215280700007, 25.117889449000074], [87.13184187200005, 25.11798499100007], [87.13153093600005, 25.118080531000032], [87.13206763000005, 25.12014603800003], [87.13323601900004, 25.120092142000033], [87.13355319800007, 25.12242371800005], [87.13436664100004, 25.122727484000052], [87.13570784700005, 25.122409650000066], [87.13747159300004, 25.127316981000035], [87.13759307600003, 25.127654972000073], [87.13557923900004, 25.128515754000034], [87.13563310400008, 25.12864128800004], [87.13583023700005, 25.12965598200003], [87.13725887600003, 25.13517978400006], [87.13800585200005, 25.13487765600007], [87.14122405100005, 25.133587317000035], [87.14248744500009, 25.133065094000074], [87.14315499700007, 25.13239204100006], [87.14334448900007, 25.131223642000066], [87.14493963800004, 25.13032938500004], [87.14639034300006, 25.12965570600005], [87.14707373600004, 25.129267343000038], [87.14761470300004, 25.12913533300008], [87.14782985400007, 25.129482168000038], [87.14847207500009, 25.13116513400007], [87.14896791900009, 25.133033300000022], [87.14923020300006, 25.133520628000042], [87.14970493800007, 25.13360577900005], [87.15002805500006, 25.13448283400004], [87.15042998200005, 25.13606989300007], [87.15064579000006, 25.13713025100003], [87.15066167900005, 25.13741495800008], [87.15112649700006, 25.13732212800005], [87.15132921100007, 25.136741871000027], [87.15174103700008, 25.136401716000023], [87.15299116400007, 25.136343899000053], [87.15384868300004, 25.136268564000034], [87.15418508300007, 25.13668111900006], [87.15429974100005, 25.137322277000067], [87.15486850200006, 25.14050301000003], [87.15575129900003, 25.143334458000027], [87.15614799900004, 25.144710128000042], [87.15621090300004, 25.14495606500003], [87.15627378700003, 25.145201916000076], [87.15658350400008, 25.146220223000057], [87.15733023000007, 25.14880956500008], [87.16204995100009, 25.148448404000078], [87.16342341600006, 25.14849180300007], [87.16366778100007, 25.14865891900007], [87.16357505100007, 25.150414110000042], [87.16353457400004, 25.15118060100008], [87.16340135600007, 25.15370218700008], [87.16242248500004, 25.153711851000025], [87.16061194000008, 25.154259465000052], [87.15975828600006, 25.154406081000047], [87.15831072100008, 25.156542497000032], [87.15805112400005, 25.156804282000053], [87.15377486900007, 25.15739456500006], [87.15322323800007, 25.15768763500006], [87.15323582000008, 25.15861479800003], [87.15370745700005, 25.16127760100005], [87.15378019200006, 25.16205055200004], [87.15331461200003, 25.16353494300006], [87.15295436800005, 25.164800358000036], [87.15275371000007, 25.165416272000073], [87.15216754600004, 25.16544337600004], [87.15137211800004, 25.16523038200006], [87.15062571400006, 25.16519346000007], [87.15000507000008, 25.16600712500008], [87.14955699600006, 25.16692873900007], [87.14910889800007, 25.167850385000065], [87.14843136200005, 25.168345473000045], [87.14650923400006, 25.16900515900005], [87.14516533300008, 25.169495441000038], [87.14459701200008, 25.169842795000022], [87.14488765700008, 25.17154198700007], [87.14497010500008, 25.171966266000027], [87.14505257900004, 25.172390678000056], [87.14504326400004, 25.172926312000072], [87.14463527100008, 25.173337595000078], [87.14449003700008, 25.174949912000045], [87.14441578400005, 25.176077203000034], [87.14420177400007, 25.17715749200005], [87.14373145900004, 25.177857176000032], [87.14352278900003, 25.178330586000072], [87.14374914300004, 25.18028250900005], [87.14500347900008, 25.180127257000038], [87.14602661400005, 25.18164902600006], [87.14634123200005, 25.182116966000024], [87.14671847900007, 25.183363305000057], [87.14718880100008, 25.184810869000046], [87.14758852800009, 25.18499507300004], [87.14897123000009, 25.18584315700008], [87.14970772500004, 25.187075744000026], [87.15004449300005, 25.188124130000062], [87.15115449400008, 25.18807282800003], [87.15160980200005, 25.18825445300007], [87.15169446100003, 25.189770520000025], [87.15188635800007, 25.190217681000036], [87.15283552100004, 25.190275091000046], [87.15308288900007, 25.190719686000023], [87.15446484600005, 25.192711245000055], [87.15514679300009, 25.192802657000072], [87.15550192700005, 25.192684899000028], [87.15585706900004, 25.192567138000072], [87.15674221700004, 25.192475598000044], [87.15785507300006, 25.19247471600005], [87.16018607500007, 25.19236685900006], [87.16140431900004, 25.192259877000026], [87.16200637000009, 25.192079936000027], [87.16312205500003, 25.192129668000064], [87.16391312100006, 25.192346403000045], [87.16451516800004, 25.192166454000073], [87.16591861100005, 25.191392156000063], [87.16828252300007, 25.19087730800004], [87.16877424400008, 25.18872661300003], [87.17151574200005, 25.18849817800003], [87.17239943300007, 25.188381227000036], [87.17328322300006, 25.18826425800006], [87.17624005100004, 25.187653467000075], [87.17707869300006, 25.187480218000076], [87.17866549300004, 25.187001253000062], [87.18124625100006, 25.189364153000042], [87.18250685500004, 25.19001494300005], [87.18411474200008, 25.190902962000052], [87.18418400700006, 25.19312904900005], [87.18462190300005, 25.194983364000052], [87.18595391700006, 25.194921505000025], [87.18827359300008, 25.194611080000072], [87.18939145900003, 25.194204486000046], [87.19050941900008, 25.193797880000034], [87.19417343500004, 25.192158151000058], [87.19655295900003, 25.190932831000055], [87.20021903100007, 25.188836907000052]]]]}}, {"type": "Feature", "properties": {"OBJECTID": 125, "BLOCK_CODE": "0012", "NEAR_TOWN": "SULTANGAN", "BLK_NAME": "SULTANGANJ", "DIST_NAME": "BHAGALPUR"}, "geometry": {"type": "MultiPolygon", "coordinates": [[[[86.84147510100007, 25.294187426000065], [86.84355979700007, 25.29413779600003], [86.84436607200007, 25.294282593000048], [86.84575866300008, 25.294086961000062], [86.84811115200006, 25.294381960000067], [86.84926289800006, 25.293994954000027], [86.85012480100005, 25.29345756300006], [86.85070902000007, 25.292580346000022], [86.85145859500005, 25.292188628000076], [86.85199472500005, 25.291799256000047], [86.85247985500007, 25.291311233000044], [86.85291065700005, 25.290092650000076], [86.85328224000006, 25.289655448000076], [86.85483835100007, 25.288681842000074], [86.85413972600008, 25.287660592000066], [86.85295820500005, 25.286536308000052], [86.85258569500007, 25.286147792000065], [86.85285838200008, 25.285368664000032], [86.85489228400007, 25.285612779000076], [86.85585665400004, 25.285710616000074], [86.85638977700006, 25.28547018100005], [86.85595941000008, 25.283710453000026], [86.85593216000007, 25.282397683000056], [86.85598275300003, 25.28171122300006], [86.85705545900004, 25.28098650800007], [86.85957277100005, 25.28025520600005], [86.86198482500004, 25.279818249000073], [86.86353356300003, 25.279426803000035], [86.86594952800004, 25.278547467000067], [86.86553219900009, 25.27400420500004], [86.86500620700008, 25.273648969000078], [86.86425245300006, 25.273706807000053], [86.86104771200007, 25.275758866000047], [86.85894334400007, 25.27692805500004], [86.85839351400006, 25.277024288000064], [86.85805775400007, 25.276784269000075], [86.85802652800004, 25.276301767000064], [86.85761669700008, 25.27195167700006], [86.85704868900007, 25.26916013500005], [86.85644955100008, 25.26588156500003], [86.85596802100008, 25.264370592000034], [86.85596102700003, 25.263842689000057], [86.85600494600004, 25.263404499000046], [86.85632799700005, 25.263057986000035], [86.85724004400004, 25.262583282000037], [86.85856924800004, 25.26250118200005], [86.85933174400003, 25.262723031000064], [86.85983330500005, 25.26274458100005], [86.86044928400008, 25.262399455000036], [86.86179281700004, 25.261864734000028], [86.86260183400003, 25.26172196600004], [86.86341085100008, 25.26148402000007], [86.86400571600007, 25.261103306000052], [86.86433884100006, 25.260484646000066], [86.86476714400004, 25.259937370000046], [86.86590928500004, 25.259342505000063], [86.86657553400005, 25.25898558600005], [86.86682581100007, 25.25699605500006], [86.86700237000008, 25.256836172000078], [86.86724162000007, 25.256165657000054], [86.86752086200005, 25.25588741100006], [86.86792049000007, 25.255698003000077], [86.86811780000005, 25.255235583000058], [86.86796004400009, 25.25493940000007], [86.86775316700005, 25.25468898500003], [86.87023194300008, 25.252965133000032], [86.87116467400006, 25.25218329100005], [86.87144755200006, 25.25162952200003], [86.87155648700008, 25.25141632900005], [86.87164023000008, 25.250616781000076], [86.87172229500004, 25.250478780000037], [86.87143045700003, 25.249400645000037], [86.87264902600003, 25.248845792000054], [86.87273763500008, 25.247667093000075], [86.87397141100007, 25.248258212000053], [86.87517976800007, 25.246936249000044], [86.87586802700008, 25.24607132600005], [86.87640418900008, 25.24421983600007], [86.88113665800006, 25.241807624000046], [86.88037066000004, 25.239826093000033], [86.87928097300005, 25.23961704800007], [86.87878750200008, 25.236851794000074], [86.87916908300008, 25.233833205000053], [86.87937129600004, 25.23038798500005], [86.87899311600006, 25.228451774000064], [86.87926246500007, 25.22780808600004], [86.87963454900006, 25.226689385000043], [86.87973878800005, 25.221106285000076], [86.88045946200003, 25.220078519000026], [86.87911673200006, 25.220228703000032], [86.87855393600006, 25.220076965000032], [86.87837148000006, 25.219790180000075], [86.87850900400008, 25.219310302000054], [86.87913108100008, 25.21869876200003], [86.87999421700005, 25.217935691000037], [86.88014613800004, 25.21742411500003], [86.88012354900007, 25.217216757000074], [86.87994733700003, 25.217029223000054], [86.87963043800005, 25.217077776000053], [86.87910883000006, 25.217403967000052], [86.87874532500007, 25.21767870900004], [86.87841482400006, 25.21782674600007], [86.87820226200006, 25.217892223000035], [86.87788390400004, 25.217832556000076], [86.87737467100004, 25.21759899700004], [86.87601863000003, 25.216002958000047], [86.87530617200008, 25.215040633000058], [86.87507685400004, 25.21496189100003], [86.87479473100007, 25.215014695000036], [86.87460511200004, 25.215305572000034], [86.87457645200004, 25.215766143000053], [86.87484593600004, 25.217374155000073], [86.87471151900007, 25.217714002000037], [86.87460533400008, 25.217936295000072], [86.87439907200007, 25.218096498000023], [86.87420559700007, 25.21809864100004], [86.87394121100004, 25.217993256000057], [86.87367480900008, 25.217738946000054], [86.87336762100006, 25.217024846000072], [86.87304430000006, 25.21659520600008], [86.87269345200008, 25.216328334000025], [86.87241008300003, 25.21628627000007], [86.87159767800006, 25.216394500000035], [86.87082539700003, 25.216529329000025], [86.87051297800008, 25.21654624000007], [86.87035325800008, 25.216471313000056], [86.87017701600007, 25.216279162000035], [86.87006343600007, 25.215946458000076], [86.86990495600008, 25.21559630300004], [86.86944568900003, 25.215389161000076], [86.86893898200003, 25.21571963100007], [86.86827818700004, 25.216029200000037], [86.86791269600008, 25.216159599000036], [86.86761530400008, 25.216180906000034], [86.86719192000004, 25.216059158000064], [86.86683086400006, 25.215769779000027], [86.86662431100007, 25.215537408000046], [86.86663087400007, 25.21528009800005], [86.86685282600007, 25.214433858000064], [86.86758915500008, 25.21308107300007], [86.86758964500007, 25.21274266100005], [86.86701928000008, 25.212762441000052], [86.86632522000008, 25.21318065400004], [86.86606420600003, 25.21333240100006], [86.86524560300006, 25.21371586300006], [86.86493015700006, 25.213872695000077], [86.86428283600009, 25.21407834400003], [86.86346361200003, 25.214042153000037], [86.86312842400008, 25.213838244000044], [86.86286427600004, 25.213746377000064], [86.86240847900007, 25.21379644700005], [86.86192045200005, 25.214040915000055], [86.86134872700006, 25.21433599900007], [86.86092913600004, 25.214498454000022], [86.86046391000008, 25.214593815000057], [86.85971961200005, 25.214592895000067], [86.85920376800004, 25.21460755700008], [86.85769117500007, 25.21391551800008], [86.85683885300006, 25.21362245000006], [86.85625674200008, 25.213502361000053], [86.85552219400006, 25.21349232700004], [86.85457654400005, 25.213647011000035], [86.85361094300004, 25.213801835000027], [86.85271875300003, 25.213874704000034], [86.85215818800003, 25.213880817000074], [86.85163076600008, 25.21377367900004], [86.85143800300006, 25.21344631200003], [86.85118656000003, 25.21167564800004], [86.85092594500009, 25.210721781000075], [86.85109559500006, 25.21003408200005], [86.85192437000006, 25.209289554000065], [86.85244664900006, 25.209013189000075], [86.85267239300003, 25.208821189000048], [86.85258388600005, 25.20850173900004], [86.85210487400008, 25.208299384000043], [86.85180381000004, 25.20804537500004], [86.85155535000007, 25.207632927000077], [86.85119950900008, 25.20736604500007], [86.85061584200008, 25.207119661000036], [86.85008929600008, 25.20707569700005], [86.84961820300003, 25.207098853000048], [86.84951657300007, 25.207289503000027], [86.84948892800008, 25.207831302000045], [86.84964054700004, 25.208804373000078], [86.84980894600005, 25.209538114000054], [86.84988647400007, 25.210159947000022], [86.84975196400006, 25.210495351000077], [86.84950578100006, 25.21064245100007], [86.84917485300008, 25.210754320000035], [86.84850758800007, 25.210571988000027], [86.84722067400008, 25.20967882800005], [86.84602284900006, 25.209136784000066], [86.84549397900008, 25.208916801000044], [86.84524279200008, 25.208680387000072], [86.84507893500006, 25.208285015000058], [86.84536593600006, 25.207465143000036], [86.84588637400003, 25.20666535500004], [86.84588137000009, 25.20628184700007], [86.84568349900007, 25.205945576000033], [86.84541868400004, 25.20580846200005], [86.84508137500006, 25.205812140000035], [86.84477045100004, 25.205941823000046], [86.84456105200007, 25.20624643800005], [86.84439228000008, 25.206613764000053], [86.84423660100003, 25.20685462800003], [86.84399379300004, 25.206875319000062], [86.84360592600007, 25.20681626100003], [86.84286244500004, 25.206490384000062], [86.84247770400003, 25.20628696400007], [86.84223834500006, 25.20619018800005], [86.84176130000003, 25.206132212000057], [86.84148425500007, 25.20619837000004], [86.84132820000008, 25.206407639000076], [86.84153974200007, 25.207790639000052], [86.84157580300007, 25.209419337000043], [86.84133918900005, 25.209918212000048], [86.84111405300007, 25.210159839000028], [86.84070945100007, 25.210335676000057], [86.84037697100007, 25.210325675000036], [86.83998700600006, 25.210104233000038], [86.83980865300003, 25.209740645000068], [86.83973132800008, 25.209136862000037], [86.84014695500008, 25.207521376000045], [86.84019590900004, 25.207087656000056], [86.84013676500007, 25.206740823000075], [86.83995984100005, 25.20648545100005], [86.83962664900008, 25.206425902000035], [86.83937936600006, 25.20649175500006], [86.83846161400004, 25.207268714000065], [86.83793847500004, 25.20748194400005], [86.83715154400005, 25.207630247000054], [86.83633189800008, 25.207562324000037], [86.83599665500003, 25.207344814000066], [86.83590469300003, 25.207138213000064], [86.83619760400006, 25.206769561000044], [86.83659527100008, 25.20644493700007], [86.83710011200003, 25.20596112800007], [86.83753044700006, 25.20547821200006], [86.83794915800007, 25.205248126000072], [86.83814249900007, 25.205232486000057], [86.83785199900007, 25.20464448000007], [86.83760286500006, 25.20418237100006], [86.83738605200006, 25.203913922000027], [86.83707186800007, 25.203790956000034], [86.83654485600005, 25.203701812000077], [86.83591161800007, 25.203848480000033], [86.83483179000007, 25.20398188100006], [86.83454920400004, 25.20400302400003], [86.834253, 25.204114434000076], [86.83417426800008, 25.204548545000023], [86.83430697600005, 25.205598489000067], [86.83435054600005, 25.20628393900006], [86.83427180800004, 25.20671795800007], [86.83408306400008, 25.207085508000034], [86.83373459200004, 25.207373580000024], [86.83337033200007, 25.207603092000056], [86.83301850200007, 25.20763844100003], [86.83272050100004, 25.20761003700005], [86.83264937700005, 25.20748443900004], [86.83271553700007, 25.207226529000025], [86.83320916000008, 25.205881039000076], [86.83335979100008, 25.205256682000027], [86.83345924900004, 25.204890126000066], [86.83340226800004, 25.204701147000037], [86.83310329500006, 25.20460505500006], [86.83252308200008, 25.204629383000054], [86.83183865600006, 25.20465020100005], [86.83128042300007, 25.204832151000062], [86.83088191600007, 25.20509367300008], [86.83059019400008, 25.20555699700003], [86.83061211800003, 25.206102868000073], [86.83060157000006, 25.20643683700007], [86.83050210700009, 25.206803483000044], [86.83034701900004, 25.207093885000063], [86.83005168500006, 25.207273072000078], [86.82982324600005, 25.20725744400005], [86.82960743400008, 25.20707022000005], [86.82949914500006, 25.206750988000067], [86.82944338000004, 25.20627323700006], [86.82929457300008, 25.205891285000064], [86.82876396200004, 25.205531434000022], [86.82781495600005, 25.205428720000043], [86.82734192700008, 25.20529385100008], [86.82711124200006, 25.205106820000026], [86.82700358100004, 25.204837229000077], [86.82697506000005, 25.203781579000065], [86.82684635600003, 25.20341744500007], [86.82670637900009, 25.20333773300007], [86.82652805800006, 25.20335767200004], [86.82614188000008, 25.20342493100003], [86.82569230700005, 25.20357414500006], [86.82506159500008, 25.203914732000044], [86.82439835700006, 25.204034662000026], [86.82343097800003, 25.204044974000055], [86.82251073700007, 25.20424423700007], [86.82224737000007, 25.204215485000077], [86.82194746000005, 25.20404264900003], [86.82141891000003, 25.203840726000067], [86.82092699400005, 25.203782696000076], [86.82035361800007, 25.203946751000046], [86.81967535400008, 25.204450311000073], [86.81913391800003, 25.204790073000026], [86.81862868300004, 25.204858596000065], [86.81832431900006, 25.20472188900004], [86.81775862100005, 25.204326318000028], [86.81652118600005, 25.203396267000073], [86.81525305600007, 25.202777929000035], [86.81474436200006, 25.202575755000055], [86.81437150600004, 25.20251651600006], [86.81396888800003, 25.20245757400005], [86.81351326200007, 25.202525555000022], [86.81309415200008, 25.202723984000045], [86.81238579900008, 25.203593393000062], [86.81191105900007, 25.20410380900006], [86.81122988100003, 25.204381776000048], [86.81033901900008, 25.204549077000024], [86.80955345100006, 25.20481458200004], [86.80872923900006, 25.205157257000053], [86.80806957900006, 25.205565857000067], [86.80767123000004, 25.205840764000072], [86.80711188200007, 25.20594139600007], [86.80651202500007, 25.205979300000024], [86.80607385300004, 25.205857578000064], [86.80565527300007, 25.20571757600004], [86.80535193700007, 25.205274023000072], [86.80496193600004, 25.205038951000063], [86.80464799300006, 25.20492945600006], [86.80428070400006, 25.20491971100006], [86.80354433200006, 25.205148649000023], [86.80296754600005, 25.205443460000026], [86.80255302000006, 25.205623779000064], [86.80228950600008, 25.205576938000036], [86.80209296700008, 25.20533980600004], [86.80179046800004, 25.204959426000073], [86.80152530900006, 25.204786222000052], [86.80111977200005, 25.204889748000028], [86.80073604500006, 25.205146485000057], [86.80002352900004, 25.20529833100005], [86.79923082600004, 25.20538790100005], [86.79723811800005, 25.205147010000076], [86.79667798100007, 25.20518893700006], [86.79650115600003, 25.205330693000064], [86.79631337500007, 25.205779428000028], [86.79619058800006, 25.207057814000052], [86.79610593800004, 25.207428667000045], [86.79593371200008, 25.20753879600005], [86.79570588500007, 25.207572760000062], [86.79524869200003, 25.207514323000055], [86.79465072300007, 25.207313054000053], [86.79348679000003, 25.206688862000078], [86.79276599400004, 25.206186480000042], [86.79225732200007, 25.20598423200005], [86.79195887400004, 25.20592416200003], [86.79166181500005, 25.205972402000043], [86.79138166700005, 25.206182916000046], [86.79119258400004, 25.206536785000026], [86.79095212100003, 25.206746939000027], [86.79072500200004, 25.20683053500005], [86.79044296700005, 25.206896635000078], [86.79017980900005, 25.206881274000068], [86.78983164400006, 25.206808176000038], [86.78949305400005, 25.206716965000055], [86.78917912000009, 25.20660743800005], [86.78893038700005, 25.206560386000035], [86.78868757100008, 25.206580991000067], [86.78851122600008, 25.206758747000038], [86.78821807700007, 25.207127314000047], [86.78780701800008, 25.20797545000005], [86.78747831700008, 25.208267706000072], [86.78714784600004, 25.20842909000004], [86.78674689000007, 25.208500952000065], [86.78584030800005, 25.208609637000052], [86.78516293200005, 25.207614884000066], [86.78483535300006, 25.206819507000034], [86.78430273500004, 25.20628358700003], [86.78402168700006, 25.206033735000062], [86.78366783100006, 25.205906596000034], [86.78339053600007, 25.20594556700007], [86.78318155400007, 25.20629513700004], [86.78235183200007, 25.20699416800005], [86.78189455200004, 25.206935788000067], [86.78400836100008, 25.203782122000064], [86.78470886600007, 25.202669267000033], [86.78457312100005, 25.20173204100007], [86.78420243900007, 25.199872163000066], [86.78307990200005, 25.19977098000004], [86.78214093800005, 25.195705734000057], [86.78071050600005, 25.192011180000065], [86.77832400100004, 25.18682378500006], [86.77716352000004, 25.184868177000055], [86.77658149200005, 25.183141384000066], [86.77625905600007, 25.181154589000073], [86.77555727000004, 25.179776489000062], [86.77366981700004, 25.173198402000025], [86.77072435000008, 25.173269278000078], [86.77044467400003, 25.17272159500004], [86.76970990000007, 25.172665927000025], [86.76870731000008, 25.171020075000058], [86.76720595200004, 25.171143811000036], [86.76681152700007, 25.167334586000038], [86.76614485800008, 25.164760229000024], [86.76564946900004, 25.163208376000057], [86.76897711000004, 25.162772708000034], [86.76884696800005, 25.159479763000036], [86.76890652900005, 25.158684911000023], [86.76895696700007, 25.158345974000042], [86.76940111200008, 25.157768271000066], [86.77040836500004, 25.15660719300007], [86.77077503200007, 25.155376002000025], [86.77112977100006, 25.15438861900003], [86.77112650400005, 25.154131376000066], [86.77106928800004, 25.153910868000025], [86.77099846300007, 25.15379877500004], [86.77078834900004, 25.153656563000027], [86.77034704100004, 25.153661043000056], [86.76992511700007, 25.15363380100007], [86.76962469400007, 25.153397764000033], [86.76834349800004, 25.151668990000076], [86.76786715100008, 25.15124961300006], [86.76730464700006, 25.151079410000023], [86.76709418900003, 25.150905599000055], [86.76659410700006, 25.148961185000076], [86.76684442400006, 25.148751090000076], [86.76754709900007, 25.148631050000063], [86.76884395700006, 25.148428240000044], [86.76959389600006, 25.14811822000007], [86.77032775600009, 25.147709005000024], [86.77056663700006, 25.147372692000033], [86.77042077800007, 25.146810023000057], [86.77031139400003, 25.146391546000075], [86.76929220800008, 25.143780081000045], [86.76875001900004, 25.142445360000067], [86.76916668000007, 25.142057494000028], [86.76898129300008, 25.14110277700007], [86.76883723500003, 25.14067549500004], [86.76870992000005, 25.140406077000023], [86.76850027900008, 25.14029535800006], [86.76718963200005, 25.140981202000035], [86.76627778600005, 25.139424611000038], [86.76564488600008, 25.139570992000074], [86.76517383400005, 25.137973825000074], [86.76460788600008, 25.137514767000027], [86.76407043800003, 25.136960740000063], [86.76231921300007, 25.134483070000044], [86.76376815000003, 25.133759791000045], [86.76614428300007, 25.132634413000062], [86.76709604700005, 25.131807889000072], [86.76754686700008, 25.13097286800007], [86.76854304300008, 25.12933360900007], [86.76930606700006, 25.128481968000074], [86.77050821500006, 25.127860378000037], [86.77106567400006, 25.127231895000023], [86.77179879200008, 25.12557731000004], [86.77224126400006, 25.124868796000044], [86.77324700300005, 25.12401000500006], [86.77364942200006, 25.12367195400003], [86.77406185900008, 25.123347288000048], [86.77433435500006, 25.122527700000035], [86.77511855000006, 25.120601760000056], [86.77550852300004, 25.11806615200004], [86.77608335500008, 25.116444641000044], [86.77699444300004, 25.11475659900003], [86.77818469700009, 25.113593582000078], [86.77952949600007, 25.112893775000032], [86.78096275200005, 25.112527], [86.78153907000006, 25.11223226100003], [86.78211032100006, 25.111522394000076], [86.78254150600009, 25.110719232000065], [86.78257991600003, 25.11061497700007], [86.78315116200008, 25.109115418000044], [86.78351060000006, 25.107333656000037], [86.78310532000006, 25.107031007000046], [86.78229357100008, 25.10751246800004], [86.77976574900003, 25.10557858800007], [86.77889145400007, 25.105842582000037], [86.77707294900006, 25.106312579000075], [86.77585007500005, 25.106844094000053], [86.77544297200006, 25.10719581500007], [86.77532492600005, 25.108070205000047], [86.77520688100003, 25.108944594000036], [86.77482029600003, 25.109345731000076], [86.77398557600009, 25.10960024900004], [86.77315085500004, 25.109854765000023], [86.77250552400005, 25.110186316000068], [86.77151732300007, 25.11085975700007], [86.77033804700005, 25.111309600000027], [86.76952171300007, 25.111448831000075], [86.76907071900007, 25.111056361000067], [86.76799941600007, 25.109817312000075], [86.76742309400004, 25.108916185000055], [86.76641713500004, 25.10694531200005], [86.76515362500004, 25.105392385000073], [86.76373969400004, 25.105307529000072], [86.76135804000006, 25.10554393500007], [86.76007653700003, 25.105741979000072], [86.75875858700005, 25.106206646000032], [86.75797253100006, 25.106591496000078], [86.75718657400006, 25.106976288000055], [86.75663043400004, 25.107306823000044], [86.75564986300003, 25.107799663000037], [86.75487471600007, 25.108055714000045], [86.75421009700005, 25.10803535100007], [86.75278079100008, 25.107914481000023], [86.75203332200005, 25.107597115000033], [86.75151425300004, 25.107715161000044], [86.74969607500003, 25.10822997200006], [86.74845126800005, 25.10859901500004], [86.74774290000005, 25.10905301400004], [86.74761550600005, 25.109101701000043], [86.74658819200005, 25.109912982000026], [86.74559232300004, 25.109968133000052], [86.74538675000008, 25.110592974000042], [86.74504308800005, 25.11086719700006], [86.74441814900007, 25.11085095900006], [86.74339814100006, 25.110951474000046], [86.74210075900004, 25.111081863000038], [86.74080223500005, 25.111117463000028], [86.73996029400007, 25.11159973200006], [86.73899236200003, 25.11190732500006], [86.73844214800005, 25.111912871000072], [86.73772938400003, 25.11242092300006], [86.73769408200008, 25.114009735000025], [86.73778108000005, 25.116684973000076], [86.73804162800008, 25.11731861100003], [86.73864642600006, 25.11772317200007], [86.73945172300006, 25.118306344000075], [86.74027984100007, 25.118726693000042], [86.74050848300004, 25.121224437000023], [86.73787670100006, 25.12130502900004], [86.73513623500008, 25.121422748000043], [86.73256995100007, 25.12158831200003], [86.73004787000008, 25.121726383000066], [86.72851723400004, 25.121840907000035], [86.72785849700006, 25.121075752000024], [86.72769990500007, 25.120260544000075], [86.72738361300009, 25.118693307000058], [86.72712505900006, 25.117811303000053], [86.72687353400005, 25.115859819000036], [86.72627841700006, 25.11584322300007], [86.72550638000007, 25.115963704000023], [86.72503572300008, 25.116401632000077], [86.72389408100008, 25.11670626600005], [86.72359473000006, 25.116961924000066], [86.72272817900006, 25.117467004000048], [86.72158519300007, 25.117663306000054], [86.72067505800004, 25.11783934400006], [86.71987767300004, 25.11791491200006], [86.71874968600008, 25.117700456000023], [86.71809840100008, 25.117548959000032], [86.71687555800008, 25.11728580600004], [86.71535799600008, 25.11766632800004], [86.71430032400008, 25.116697548000047], [86.71343007700006, 25.116891163000048], [86.71257048500007, 25.11715683500006], [86.71065877400008, 25.117744255000048], [86.70914007800008, 25.118030030000057], [86.70860648600006, 25.117353825000066], [86.70820124300008, 25.116631226000038], [86.70746314400003, 25.115433636000034], [86.70708235900008, 25.115098862000025], [86.70625460400004, 25.114696294000055], [86.70597466100008, 25.11408538300003], [86.70477806200006, 25.11434977700003], [86.70378241000003, 25.114427224000053], [86.70344016400009, 25.114836755000056], [86.70337149400007, 25.11531579700005], [86.70326646300003, 25.116074996000066], [86.70357910400008, 25.116933861000064], [86.70323922200004, 25.11796154600006], [86.70261885900004, 25.118333181000025], [86.70217728700004, 25.118721118000053], [86.70220625700006, 25.11907281400005], [86.70223522600008, 25.119424502000072], [86.70226478400008, 25.119834870000034], [86.70204413300007, 25.12004016700007], [86.70132541400005, 25.12048038200004], [86.70077972800004, 25.12086932300008], [86.69968786800007, 25.121200461000058], [86.69826556700008, 25.121259492000036], [86.69787313400008, 25.120771398000045], [86.69752076600008, 25.120323589000066], [86.69688724300005, 25.119576108000047], [86.69602586900004, 25.118429239000022], [86.69533082400005, 25.11877449700006], [86.69527194800008, 25.117980750000072], [86.69509279400006, 25.11750414900007], [86.69456734000005, 25.117509296000037], [86.69411986200004, 25.117400850000024], [86.69376335700008, 25.117020668000066], [86.69370519800003, 25.11629471400005], [86.69347147000008, 25.115385418000074], [86.69296329100007, 25.11475404600003], [86.69263814400006, 25.114508984000054], [86.69146643700003, 25.114791179000065], [86.69064510300007, 25.114939052000068], [86.69068283700005, 25.115407920000052], [86.69072058400008, 25.11587694700006], [86.69096255800008, 25.11705700400006], [86.69100856200004, 25.118870707000042], [86.69104862900008, 25.120165474000032], [86.69005093100003, 25.12049551100006], [86.68942218000007, 25.11973001000007], [86.68903766600005, 25.119074847000036], [86.68900884900006, 25.118732178000073], [86.68863142800006, 25.11825741900003], [86.68818408900006, 25.118582162000052], [86.68781942900006, 25.119199508000065], [86.68752559300003, 25.11992888800006], [86.68740662200008, 25.120358766000038], [86.68692543600008, 25.120760533000066], [86.68590423900008, 25.12077040500003], [86.68538132800006, 25.121001093000075], [86.68439229100005, 25.12164698600003], [86.68391987700005, 25.121949392000033], [86.68317733400005, 25.122475605000034], [86.68283005300003, 25.12245633200007], [86.68264642700007, 25.12159618900006], [86.68236118800007, 25.12094003900006], [86.68235266400006, 25.120213598000078], [86.68210082400003, 25.119877617000043], [86.68150152700008, 25.11992848500006], [86.68130738100007, 25.12029138400004], [86.68083735300007, 25.120796874000064], [86.68051821100005, 25.121070716000077], [86.67964761800005, 25.121241575000056], [86.67815120900008, 25.121323618000076], [86.67825644300007, 25.121841579000034], [86.67879644700008, 25.12308646200006], [86.67937053200006, 25.124272275000067], [86.67971222700004, 25.125514569000075], [86.68019199700007, 25.12626359500007], [86.68118244400006, 25.12743187700005], [86.68117114500006, 25.128591734000054], [86.68144407500006, 25.128611644000046], [86.68253243600003, 25.12796489300007], [86.68343510600005, 25.129260346000024], [86.68266696200004, 25.129723522000063], [86.68259658400007, 25.130062734000035], [86.68285478400009, 25.130949233000024], [86.68176408100004, 25.13138846700008], [86.68059206400005, 25.131652521000035], [86.68095778300005, 25.13282686900004], [86.68165560900007, 25.133988895000073], [86.68238941700008, 25.135254418000045], [86.68310384000006, 25.13656528300004], [86.68363896900007, 25.13737687300005], [86.68359284700006, 25.137670711000055], [86.68330300600007, 25.138332354000056], [86.68250278000005, 25.139441237000028], [86.68169003300005, 25.14033354600008], [86.68249839600008, 25.14118770500005], [86.68277710900009, 25.14127527900007], [86.68329185800008, 25.140773848000038], [86.68420747600004, 25.140196391000075], [86.68476502700008, 25.140804734000028], [86.68533006500007, 25.14204933700006], [86.68634131100004, 25.143285062000075], [86.68745310600008, 25.14463715200003], [86.68676005600008, 25.145167314000048], [86.68666275700008, 25.145326243000056], [86.68664252500008, 25.145714524000027], [86.68722676800007, 25.146480573000076], [86.68760626100004, 25.146702563000076], [86.68834287100003, 25.146081680000066], [86.68828019500006, 25.144972117000066], [86.68916101200006, 25.14438139300006], [86.69054697100006, 25.143320956000025], [86.69156283900008, 25.142837261000068], [86.69300586300005, 25.142412576000027], [86.69344421300008, 25.14383882800007], [86.69384662500005, 25.143902600000047], [86.69618127900009, 25.142972729000064], [86.69687280600004, 25.14441916000004], [86.69705146700005, 25.144850622000035], [86.69666710700005, 25.145066496000027], [86.69650110400005, 25.14570437100008], [86.69773752000003, 25.147100298000055], [86.69935897500005, 25.147084449000033], [86.69967277400008, 25.148038086000042], [86.69927994100004, 25.148791026000026], [86.69885687300007, 25.148659786000053], [86.69871107300008, 25.148909381000067], [86.69884473000008, 25.149724943000024], [86.69940428700005, 25.14966080800008], [86.69936118100009, 25.15020729300005], [86.70193009500008, 25.150204659000053], [86.70196218300003, 25.150818107000077], [86.70207042600003, 25.15158869100003], [86.70025192200006, 25.151719353000033], [86.70031040300006, 25.152467858000023], [86.70059969800008, 25.153444300000046], [86.70078178000006, 25.154169112000034], [86.70216709600004, 25.15429994300007], [86.70222312200008, 25.156934808000074], [86.70325974500008, 25.15819724800008], [86.70404437900004, 25.159119228000066], [86.70455467100004, 25.159908416000064], [86.70509490000006, 25.160300237000058], [86.70657099400006, 25.160556478000046], [86.70634275500004, 25.160960413000055], [86.70593228700005, 25.16105920800004], [86.70554371600008, 25.160918657000025], [86.70500707700006, 25.16125329700003], [86.70408256600007, 25.16192128600005], [86.70406534400007, 25.162557694000043], [86.70310956400004, 25.162684443000046], [86.70292936100003, 25.16254176800004], [86.70166367800005, 25.16246399700003], [86.70182385300006, 25.163003885000023], [86.70221451300006, 25.163329488000045], [86.70273696800007, 25.163888512000028], [86.70297784000007, 25.16454046000007], [86.70406229700006, 25.164389890000052], [86.70437898100005, 25.165163047000078], [86.70510298800008, 25.165155905000063], [86.70523616600008, 25.165506574000062], [86.70576140400004, 25.16630017800003], [86.70633374600004, 25.166461514000048], [86.70652040000004, 25.16714114900003], [86.70687016000005, 25.16819365200007], [86.70744639500003, 25.169104099000037], [86.70802823500009, 25.17005954600006], [86.70852429100006, 25.170478889000037], [86.70927171400007, 25.170769375000077], [86.71024793900006, 25.17110725300006], [86.71086840300006, 25.171972088000075], [86.71281140000008, 25.17185812200006], [86.71333892600006, 25.17242150000004], [86.71365136000009, 25.17241844700004], [86.71426222300005, 25.172475519000045], [86.71487319400006, 25.17254622200005], [86.71548630900008, 25.17239124300005], [86.71590020400004, 25.172152482000058], [86.71626358800006, 25.171846522000067], [86.71685016900005, 25.171542851000027], [86.71742336400007, 25.171771842000055], [86.71775474800006, 25.17169184100004], [86.71842885700005, 25.171238395000046], [86.71835293800007, 25.170702145000064], [86.71902367900003, 25.17037960500005], [86.71967271400007, 25.17031897800007], [86.72032671400007, 25.17025841000003], [86.72103353100005, 25.17046342900005], [86.72160632100008, 25.170665330000077], [86.72171775300006, 25.17126445100007], [86.72349246100003, 25.171183648000067], [86.72382573500005, 25.17167222000006], [86.72471554600008, 25.17183480500006], [86.72481000100004, 25.172262615000022], [86.72510583300004, 25.172525842000027], [86.72634023700004, 25.17246840100006], [86.72688130200004, 25.17332501800007], [86.72721660900004, 25.173984989000076], [86.72748984400005, 25.174839703000032], [86.72785703700004, 25.174849539000036], [86.72877765800007, 25.17509305300007], [86.72948589600009, 25.17526194900006], [86.72961332800008, 25.175292338000077], [86.73015896500004, 25.175697570000068], [86.73054771700004, 25.17626222800004], [86.73070084700004, 25.176617170000043], [86.73074255500006, 25.177198952000026], [86.73022387600008, 25.177790737000066], [86.72963925200008, 25.178256928000053], [86.72932995700006, 25.17852628600008], [86.72857365700008, 25.17915208200003], [86.72777798200008, 25.179394669000033], [86.72816923500005, 25.180166933000066], [86.72963821500008, 25.180224502000044], [86.73057641500003, 25.180171297000072], [86.73099158000008, 25.18014775300003], [86.73208458400006, 25.179884104000053], [86.73308378500008, 25.179242375000058], [86.73338756400005, 25.17974474400006], [86.73511486700005, 25.17901436300008], [86.73593817900007, 25.18023353600006], [86.73627363300005, 25.18048294600004], [86.73576013200005, 25.18108825400003], [86.73668731500004, 25.181873197000073], [86.73802739300004, 25.183154913000067], [86.73781274800007, 25.183450392000054], [86.73701503500007, 25.183535074000076], [86.73581799600004, 25.183817846000068], [86.73491819200007, 25.184066107000035], [86.73436665600008, 25.18440103300003], [86.73281991800008, 25.184479681000028], [86.73197979000008, 25.184749840000052], [86.73160496300005, 25.184801295000057], [86.73109337300008, 25.184871525000062], [86.73017032300004, 25.18484919900004], [86.72990913200005, 25.18458106500003], [86.72973191000005, 25.184280435000062], [86.72882463000008, 25.18432109200006], [86.72784093800004, 25.184615257000075], [86.72714559100007, 25.184545506000063], [86.72658592900007, 25.184614255000042], [86.72638124100007, 25.184918590000052], [86.72631823000006, 25.185456267000063], [86.72627717600005, 25.186165220000078], [86.72626635400007, 25.18690990300007], [86.72600016300004, 25.187047906000032], [86.72499772900005, 25.18743695200004], [86.72442355300007, 25.187541985000053], [86.72338458400003, 25.18777346400003], [86.72246352000008, 25.187908952000043], [86.72216707800004, 25.187596077000023], [86.72133089700003, 25.187365164000028], [86.72080977900004, 25.187352322000038], [86.72038292100007, 25.186914347000027], [86.71973169200004, 25.186803482000073], [86.71902142400006, 25.187144415000034], [86.71901168000005, 25.187568732000045], [86.71878645000004, 25.18782363300005], [86.71837275200005, 25.188066997000078], [86.71794056600004, 25.188021625000033], [86.71720824100004, 25.187762591000023], [86.71656356700004, 25.187782559000027], [86.71544967900007, 25.18755887800006], [86.71480500700005, 25.187578838000036], [86.71471874800005, 25.187832402000026], [86.71497219300005, 25.188700890000064], [86.71494486700004, 25.189319393000062], [86.71503926300005, 25.189742599000056], [86.71464009100004, 25.189967722000063], [86.71458106100005, 25.190839263000044], [86.71472923200008, 25.19161399400008], [86.71447612500003, 25.19201357600008], [86.71233982600006, 25.19217463700005], [86.71090106400004, 25.19258592400007], [86.71050649800009, 25.19277941100006], [86.71008489200005, 25.192783503000044], [86.70976541500005, 25.192204554000057], [86.70935442800004, 25.19143688500003], [86.70948623200007, 25.191330519000076], [86.70961483900004, 25.191226733000065], [86.71013127400005, 25.190856102000055], [86.71078337000006, 25.190204332000064], [86.71105845600005, 25.18998054700006], [86.71155776800003, 25.189420547000054], [86.71177460000007, 25.188881368000068], [86.71160459700008, 25.188350583000044], [86.71114003400004, 25.187673706000055], [86.71101487700008, 25.18715599500007], [86.71086951000007, 25.186615939000035], [86.71087481700005, 25.18581261500003], [86.71066471200004, 25.185670232000064], [86.71016411600004, 25.185706779000043], [86.70938348500005, 25.185967229000028], [86.70905830400005, 25.186570540000048], [86.70853631200004, 25.18648093400003], [86.70776043000006, 25.186727807000068], [86.70736469500008, 25.187237139000047], [86.70693190500003, 25.187557231000028], [86.70674454200008, 25.18751601300005], [86.70655887300006, 25.18747516700006], [86.70549790900003, 25.187530733000074], [86.70459470600008, 25.187918661000026], [86.70404641100004, 25.18853780200004], [86.70378111600007, 25.189587369000037], [86.70371689700005, 25.19003026100006], [86.70394651700008, 25.19098475800007], [86.70434732600006, 25.19256472400008], [86.70465847000008, 25.193698881000046], [86.70495422800008, 25.195212256000048], [86.70512596200007, 25.19630269000004], [86.70478120800004, 25.196513632000062], [86.70383911000005, 25.19655444800003], [86.70335836800007, 25.197019530000034], [86.70264574900006, 25.197166415000027], [86.70170816900009, 25.197175600000037], [86.70090871600007, 25.19753090200004], [86.69976337900005, 25.197591829000032], [86.69958352000003, 25.198320135000074], [86.69820145400007, 25.198500589000048], [86.69819446000008, 25.199168608000036], [86.69829183300004, 25.20027323000005], [86.69837168100008, 25.201143444000024], [86.69857785200008, 25.202215435000028], [86.69829132200005, 25.20232201400006], [86.69721394800007, 25.202680109000028], [86.69679992100004, 25.202905271000077], [86.69626496400008, 25.20298721100005], [86.69618623600007, 25.202198225000075], [86.69604071400005, 25.20164462100007], [86.69563761600006, 25.201540241000032], [86.69542164300003, 25.200892467000074], [86.69491558600004, 25.200897406000024], [86.69467032100005, 25.200710264000065], [86.69441919900004, 25.200031297000066], [86.69432463400005, 25.19916577200007], [86.69416741300006, 25.19761496900003], [86.69400504500004, 25.196889956000064], [86.69367941000007, 25.195783042000073], [86.69462887700007, 25.19552099300006], [86.69464253000007, 25.194997452000052], [86.69509323100004, 25.19492985000005], [86.69582495300006, 25.19429995300004], [86.69576674200005, 25.193573935000074], [86.69535557100005, 25.19278375600004], [86.69501266600008, 25.191888981000034], [86.69588472400005, 25.19179927500005], [86.69692357300005, 25.191554444000076], [86.69876013900006, 25.19121609800004], [86.69851846600005, 25.190500971000063], [86.69737315200007, 25.19055727400007], [86.69659313100004, 25.190880754000034], [86.69547053500008, 25.19117601800008], [86.69501478600006, 25.19123011000005], [86.69471739800008, 25.190835950000064], [86.69461754200006, 25.18993886000004], [86.69438142900003, 25.188849080000068], [86.69418190600004, 25.18834111900003], [86.69232375900003, 25.188521664000064], [86.69216739900008, 25.18914592300007], [86.69086304800004, 25.18917219700006], [86.69008558000007, 25.18929261900007], [86.68970102900005, 25.189075184000046], [86.68923758100004, 25.188479475000065], [86.68889445700006, 25.18883028600004], [86.68831070000005, 25.189386580000075], [86.68779214000006, 25.189585645000022], [86.68718350200004, 25.189717922000057], [86.68671460700006, 25.189496845000065], [86.68658481700004, 25.18901074200005], [86.68652226500006, 25.188749529000063], [86.68621778300007, 25.18817034700004], [86.68581430800003, 25.18760567100003], [86.68498520900005, 25.187974707000023], [86.68511016800005, 25.188478988000043], [86.68537573000003, 25.189121686000078], [86.68494894300005, 25.18953655300004], [86.68516900100008, 25.190531754000062], [86.68456331200008, 25.190916659000038], [86.68375396200008, 25.191276448000053], [86.68312414400003, 25.19129609500004], [86.68286194100006, 25.190933108000024], [86.68257893700007, 25.190493613000058], [86.68193394600007, 25.190486358000044], [86.68192278300006, 25.190802360000077], [86.68139954600008, 25.19102851300005], [86.68053221100007, 25.19110005600004], [86.68058620300008, 25.191898320000064], [86.68078277300003, 25.192591367000034], [86.68067119600005, 25.193228790000035], [86.67962823500005, 25.193554779000067], [86.67886590600006, 25.19370204100005], [86.67887246500004, 25.194257050000033], [86.67899621400005, 25.19508612100003], [86.67899018200006, 25.195844401000045], [86.67894664700003, 25.19679246800007], [86.67876372600006, 25.197268112000074], [86.67847171000005, 25.19774929400006], [86.67807221600003, 25.198375825000028], [86.67806868900004, 25.199355153000056], [86.67821655000006, 25.20011637300007], [86.67837763800009, 25.20074663200006], [86.67844122100007, 25.20236607800007], [86.67838052100007, 25.203111326000055], [86.67800425900003, 25.203606829000023], [86.67751644900005, 25.20389584800006], [86.67733383800004, 25.204402989000073], [86.67746195800004, 25.20517796100006], [86.67736629300003, 25.20590545700003], [86.67703198600003, 25.206170433000068], [86.67652885300004, 25.206428041000038], [86.67528324500006, 25.20683258400004], [86.67421063200004, 25.20717694700005], [86.67320982900009, 25.207723513000076], [86.67267294700008, 25.208062639000048], [86.67223122700005, 25.20890632100003], [86.67174346600007, 25.209628506000058], [86.67164733400006, 25.210324408000076], [86.67148250700006, 25.211084089000053], [86.67126149800004, 25.21170446700006], [86.67093347600007, 25.21208673800004], [86.67013653100008, 25.21225230700003], [86.67003528700008, 25.21250602300006], [86.67013685400008, 25.21312779300007], [86.66866431600005, 25.213651898000023], [86.66713052000006, 25.21403662800003], [86.66584943000004, 25.214378298000042], [86.66479042500004, 25.214627645000064], [86.66373676800004, 25.214903938000077], [86.66257541100003, 25.215312208000057], [86.66074523300006, 25.215812560000074], [86.65992667600005, 25.215820326000028], [86.65840088900006, 25.21604244200006], [86.65763700300005, 25.21606332400006], [86.65638177800008, 25.21607520300006], [86.65542229100004, 25.21591281900004], [86.65514565000007, 25.216023774000064], [86.65492693700008, 25.21642296300007], [86.65493339800008, 25.216978058000052], [86.65468237000005, 25.21716089100005], [86.65388612200007, 25.217389556000057], [86.65319383000008, 25.217599282000037], [86.65261834900008, 25.217604668000035], [86.65207483100005, 25.217375177000065], [86.65184814200006, 25.217075028000068], [86.65136176700008, 25.217066075000048], [86.65047705800004, 25.217372242000067], [86.64982110800008, 25.217725983000037], [86.64958374200006, 25.217833295000048], [86.64935218100004, 25.217937981000034], [86.64911104000004, 25.21811632500004], [86.64926665800004, 25.218706017000045], [86.64943138900009, 25.219223442000043], [86.65015566300008, 25.220073988000024], [86.65068116700007, 25.220461648000025], [86.65134668900004, 25.220947231000025], [86.65204896100005, 25.22160391500006], [86.65227278600008, 25.222084703000064], [86.65139139800004, 25.22267970300004], [86.65032371400008, 25.223479530000077], [86.65030933000008, 25.223953507000033], [86.65057679400007, 25.224348107000026], [86.65004180100004, 25.22485864300006], [86.64890002700008, 25.225248546000046], [86.64806052100005, 25.225612925000064], [86.64712422400004, 25.225748141000054], [86.64575304100003, 25.226045404000047], [86.64472678500005, 25.226131851000048], [86.64375672300008, 25.226348571000074], [86.64311628300004, 25.226322983000045], [86.64265013700003, 25.22548805100007], [86.64235602800005, 25.22536438800006], [86.64204860100006, 25.22582762500008], [86.64190395900005, 25.226199010000073], [86.64203231000005, 25.227005590000033], [86.64223485500008, 25.227793414000075], [86.64243344300007, 25.22868064900007], [86.64238215000006, 25.22939864500006], [86.64253025100004, 25.230205022000064], [86.64275863300008, 25.230645172000038], [86.64219060500005, 25.230885171000068], [86.64135404300004, 25.231069054000045], [86.64121747600007, 25.231277912000053], [86.64158812400007, 25.231572266000057], [86.64200832000006, 25.231870667000067], [86.64210022600008, 25.232533126000078], [86.64196311500007, 25.232692433000068], [86.64139702100005, 25.233094891000064], [86.64114562000003, 25.23324610800006], [86.64149943100006, 25.233811450000076], [86.64150198100003, 25.23403249200004], [86.64157613200007, 25.234442494000064], [86.64191112000003, 25.23466051400004], [86.64192962600004, 25.234976242000073], [86.64189757400004, 25.235215724000057], [86.64129512000005, 25.235474057000033], [86.64110513000008, 25.235791728000038], [86.64123334200008, 25.236156102000052], [86.64143568600008, 25.236492600000076], [86.64162966300006, 25.23696463600004], [86.64177221200003, 25.23727918800006], [86.64130951900006, 25.23761298200003], [86.64035850900007, 25.238208591000046], [86.63975375700005, 25.23870622800007], [86.63953260100004, 25.238897794000025], [86.63939899100006, 25.239372916000036], [86.63939677900004, 25.24004530800005], [86.63938373800005, 25.24064564500003], [86.63938790300006, 25.241011194000066], [86.63902919600008, 25.24133047500004], [86.63865031400007, 25.241618278000033], [86.63830323700006, 25.242081820000067], [86.63815335100008, 25.242430753000065], [86.63812351900003, 25.242859773000077], [86.63875446800006, 25.24335923700005], [86.63935671700006, 25.243502497000065], [86.64025121700007, 25.24350929600007], [86.64041881600008, 25.24351057000007], [86.64130374000007, 25.243642157000068], [86.64292178900007, 25.243644975000052], [86.64465217900005, 25.243493217000037], [86.64647872700004, 25.243507597000075], [86.64762378800003, 25.243388492000065], [86.65076315400006, 25.243191727000067], [86.65242746600006, 25.242905239000038], [86.65404325400004, 25.242718400000058], [86.65569298800006, 25.242463556000075], [86.65729845000004, 25.242236122000065], [86.65816454200007, 25.242024809000043], [86.65997434800005, 25.241881165000052], [86.66139712200004, 25.241741254000033], [86.66326607400003, 25.241556417000027], [86.66449910100005, 25.24132346700003], [86.66600855000007, 25.240957063000053], [86.66758738700008, 25.24058083700004], [86.66953990900004, 25.24033196700003], [86.67098042300006, 25.24001575500006], [86.67263141000006, 25.239873552000063], [86.67557922600008, 25.239854179000076], [86.67719623300007, 25.23977540800007], [86.67883318300005, 25.239709951000066], [86.68078052000004, 25.23986706900007], [86.68244573600003, 25.240094672000055], [86.68413869100004, 25.240570134000052], [86.68607465700006, 25.241025130000025], [86.68741314100004, 25.241314432000024], [86.68893945100007, 25.241543267000054], [86.69220470500005, 25.242350892000047], [86.69412996400007, 25.24273364000004], [86.69719250700007, 25.24318207500005], [86.70071984700007, 25.243485932000056], [86.70195625900004, 25.243536996000046], [86.70415232100004, 25.243736502000047], [86.70704695100005, 25.243825267000034], [86.70885443600008, 25.24390221400006], [86.71075046400006, 25.24391513000006], [86.71314305900006, 25.243945559000053], [86.71458481900004, 25.24415237900007], [86.71716298700005, 25.244347936000054], [86.71963067800004, 25.244837867000058], [86.72178187700007, 25.245430242000054], [86.72354280800005, 25.245760145000077], [86.72551239600006, 25.246106027000053], [86.72686929500009, 25.246268411000074], [86.72803794900005, 25.246459791000063], [86.72785233300004, 25.24711151400004], [86.72730988200004, 25.248222530000078], [86.72675311900008, 25.249383372000068], [86.72629634400005, 25.250476561000028], [86.72544776400008, 25.25390005400004], [86.73069431500005, 25.255129184000054], [86.73485231500007, 25.256639738000047], [86.73677191200005, 25.25775313300005], [86.73844086000008, 25.25988883200006], [86.74036426200007, 25.26130002600007], [86.74275090200007, 25.263247874000058], [86.74520412500004, 25.26495596500007], [86.74761327300007, 25.26630342900006], [86.75349207900007, 25.269212313000025], [86.75810867400008, 25.271624571000075], [86.75729859700004, 25.267530949000047], [86.75743504300004, 25.26732641500007], [86.75946471600008, 25.26727412500003], [86.76118231800007, 25.267274600000064], [86.76202313900006, 25.267428444000075], [86.76342565300007, 25.26804585900004], [86.76531357300007, 25.268969640000023], [86.76804379100008, 25.27055709700005], [86.76946191200005, 25.27162548900003], [86.77038876300008, 25.27190481200006], [86.77140005900003, 25.272192231000076], [86.77235831100006, 25.272597519000044], [86.77357169300006, 25.27316257500007], [86.77539675900005, 25.274213204000034], [86.77677937800007, 25.27480815100006], [86.77769736900007, 25.273589298000047], [86.78026857800006, 25.275539108000032], [86.78256855400008, 25.278024255000048], [86.78450002000005, 25.280413922000037], [86.78723054200003, 25.280805134000047], [86.78862134400003, 25.27968510200003], [86.79355679400004, 25.272675237000044], [86.79703539800005, 25.27335633900003], [86.80227965300008, 25.274285002000056], [86.80562631600003, 25.27512071700005], [86.80701957900004, 25.275760270000035], [86.80915927900008, 25.276148410000076], [86.81173022800004, 25.276098637000075], [86.81451778700006, 25.27590668600004], [86.81558868500008, 25.27541695700006], [86.81676383300004, 25.272985824000045], [86.81698089400004, 25.271331944000053], [86.81741449800006, 25.270307495000054], [86.81816404600005, 25.270304071000055], [86.81757407200007, 25.269207016000053], [86.81698410700005, 25.268109958000025], [86.81697973100006, 25.267378939000025], [86.81794699000005, 25.26616834400005], [86.81880326500004, 25.26596974100005], [86.82258164500007, 25.26679593500006], [86.82482737400005, 25.267724160000057], [86.82600581100007, 25.26786950500008], [86.82643222400003, 25.26860053300004], [86.82664463500004, 25.269672185000047], [86.82702025300006, 25.270697107000046], [86.82739326200004, 25.27113532900006], [86.82857477000005, 25.271136213000034], [86.82911249000006, 25.272402971000076], [86.82948289600006, 25.272254674000067], [86.82973269000007, 25.27506327100008], [86.82946747100004, 25.276045311000075], [86.82910020700007, 25.277587976000063], [86.82891830300008, 25.278492434000043], [86.82897627000006, 25.27951615300003], [86.83052505600006, 25.28180549800004], [86.83074004100007, 25.282683142000053], [86.83058036200003, 25.28453944900008], [86.83031312400004, 25.28575167100007], [86.83062909300008, 25.288676940000073], [86.83060569000008, 25.289552564000076], [86.83017150400008, 25.29052739800005], [86.82936502500007, 25.291889826000045], [86.82899462700004, 25.29281429200006], [86.82904944200004, 25.29321088200004], [86.82951767400004, 25.293711245000054], [86.83076460500007, 25.29414012600006], [86.83365475600004, 25.293793212000026], [86.83493888100008, 25.29364853900006], [86.83611568800006, 25.294037531000072], [86.83675757100008, 25.294522468000025], [86.83772157100003, 25.29496341600003], [86.83944072500003, 25.29467408200003], [86.84023936400007, 25.29423233700004], [86.84147510100007, 25.294187426000065]]]]}}, {"type": "Feature", "properties": {"OBJECTID": 126, "BLOCK_CODE": "0015", "NEAR_TOWN": "BHAGALPUR", "BLK_NAME": "JAGDISHPUR", "DIST_NAME": "BHAGALPUR"}, "geometry": {"type": "MultiPolygon", "coordinates": [[[[86.93821605700003, 25.119151720000048], [86.93753196200004, 25.118497369000067], [86.93643146100004, 25.118794801000035], [86.93571762300007, 25.118943518000037], [86.93562839300006, 25.119568126000047], [86.93571762300007, 25.12013324800006], [86.93607454200009, 25.121055289000026], [86.93625300100007, 25.121590668000067], [86.93669915000004, 25.121709641000052], [86.93708581300007, 25.121709641000052], [86.93771042100008, 25.121531181000023], [86.93815657000005, 25.120817343000056], [86.93827554300003, 25.12028196400007], [86.93821605700003, 25.119151720000048]]], [[[87.00486784100008, 25.270839090000038], [87.00509691900004, 25.268819353000026], [87.00554537300007, 25.26893582200006], [87.00734675100006, 25.26958224400005], [87.01096385800008, 25.270825165000076], [87.01217717100008, 25.270968631000073], [87.01271006700006, 25.27074110600006], [87.01303584600004, 25.269582136000054], [87.01129002400006, 25.267288179000047], [87.01170862600009, 25.26568127300004], [87.01188774000008, 25.264677409000058], [87.01153301100004, 25.263833377000026], [87.01072764400004, 25.262371935000033], [87.01091194700007, 25.261390599000038], [87.00927793800008, 25.260295580000047], [87.00809648800004, 25.259601215000032], [87.00794174300006, 25.259201440000027], [87.00817858700003, 25.258751868000047], [87.00968374800004, 25.25779993900005], [87.00991919200004, 25.25726020600007], [87.00929418000004, 25.254533198000047], [87.00928316500006, 25.254485136000028], [87.00822505800005, 25.254564277000043], [87.00853429600005, 25.25233509800006], [87.00864903200005, 25.251718206000078], [87.00886756700004, 25.250543220000054], [87.00955668600005, 25.24924135300006], [87.01027126600007, 25.247808848000034], [87.01150948500003, 25.24656467500006], [87.01213554400005, 25.24606963000008], [87.01245890500007, 25.24601258900003], [87.01309654600004, 25.245729071000028], [87.01378764100008, 25.245570489000045], [87.01410414000009, 25.245386393000047], [87.01412290800005, 25.24487637200008], [87.01390657700006, 25.244334611000056], [87.01359483400006, 25.243754688000024], [87.01362056500005, 25.243371713000045], [87.01346010600008, 25.242997082000045], [87.01298084000007, 25.242764257000033], [87.01158234700006, 25.242785127000047], [87.01168044200006, 25.241168385000037], [87.01187370700006, 25.240438312000038], [87.01186151200005, 25.239790166000034], [87.00911655500005, 25.239957434000075], [87.00731431600008, 25.240304992000063], [87.00731426100003, 25.24030500300006], [87.00471260500007, 25.24078410900006], [87.00425869100008, 25.240454912000075], [87.00329855100006, 25.239775473000066], [87.00276029100007, 25.23931010000007], [87.00248421300006, 25.23894944400007], [87.00142409600005, 25.239253967000025], [86.99999301300005, 25.239808417000063], [86.99893923600007, 25.240229121000027], [86.99860810800004, 25.239801001000046], [86.99788789000007, 25.240140171000064], [86.99771946900006, 25.24040490400006], [86.99758242300004, 25.240500308000037], [86.99744361500007, 25.240509716000076], [86.99354265700003, 25.240510734000054], [86.99324196500004, 25.240311159000044], [86.99291993200006, 25.23999910300006], [86.99282058000006, 25.239643810000075], [86.99243211400005, 25.23850681500005], [86.99217944800006, 25.238193927000054], [86.99183549300005, 25.238085144000024], [86.99146465100006, 25.238179768000066], [86.99083149400008, 25.238679105000074], [86.99016614500005, 25.239002766000056], [86.98975341900007, 25.239300917000037], [86.98950533400006, 25.239303825000036], [86.98922988600003, 25.239126604000035], [86.98910286900008, 25.238925078000022], [86.98902353800008, 25.238231031000055], [86.98908763400004, 25.236461484000074], [86.98922563100007, 25.23499336200007], [86.98925908800004, 25.234212385000035], [86.98913585400004, 25.23392046600003], [86.98863390100007, 25.233524829000032], [86.98803709800006, 25.23308057500003], [86.98752940400004, 25.23227887200005], [86.98767094300007, 25.231762760000038], [86.98791582200005, 25.231534305000025], [86.98840316600007, 25.231257855000024], [86.98909296200009, 25.230911253000045], [86.98967807300005, 25.23052532400004], [86.98989366400008, 25.22998135000006], [86.98960319800005, 25.22875292200007], [86.98942598800005, 25.22676506700003], [86.98912369100003, 25.226091775000043], [86.98836838900007, 25.22498155900007], [86.98771125200005, 25.22413646900003], [86.98773716600004, 25.223161468000058], [86.98791236600005, 25.22222092100003], [86.98845416700004, 25.22019755200006], [86.98663812300003, 25.22020526700004], [86.98624649300007, 25.21865259200007], [86.98594906100004, 25.21761157800006], [86.98571111500007, 25.21642184700005], [86.98559214100004, 25.21517263000004], [86.98556239800007, 25.21389367000006], [86.98559013000005, 25.213498775000062], [86.98606308900008, 25.21360598600006], [86.98679686400004, 25.213565763000076], [86.98832132500007, 25.212595806000024], [86.98789910000005, 25.212217209000073], [86.98736066400005, 25.210991671000045], [86.98703870500003, 25.210332162000043], [86.98661663600006, 25.209958070000027], [86.98619219000005, 25.209421518000056], [86.98663152200004, 25.208563595000044], [86.98595910000006, 25.208034458000043], [86.98513507200005, 25.20870745700006], [86.98474500500004, 25.20814354500004], [86.98463282300008, 25.207576304000042], [86.98514469800006, 25.20693398700007], [86.98576484400007, 25.206579291000025], [86.98488523100008, 25.205434484000023], [86.98512199800007, 25.204989454000042], [86.98562940100004, 25.204031416000078], [86.98548645200003, 25.203748767000036], [86.98429687500004, 25.203130996000027], [86.98250975000008, 25.202362316000062], [86.98292008600004, 25.201910746000067], [86.98486337900005, 25.201445833000037], [86.98801348600006, 25.20071388100007], [86.98932987200004, 25.200824828000066], [86.99041353100006, 25.200969963000034], [86.99127933100004, 25.200801917000035], [86.99182509700006, 25.200100534000057], [86.99160903400008, 25.199566098000048], [86.99052678200007, 25.19916820800006], [86.99006135800005, 25.198537486000077], [86.98931819600006, 25.19756707600004], [86.98836337500006, 25.19601244200004], [86.98767171700007, 25.193768916000067], [86.98772094700007, 25.192346980000025], [86.98781922900008, 25.19228263800005], [86.98880785600005, 25.19237484300004], [86.98996792700007, 25.19231608000007], [86.99117380300004, 25.191990558000043], [86.99233323000004, 25.191886648000036], [86.99473556500004, 25.191623697000068], [86.99581962500008, 25.19145294200007], [86.99656994700007, 25.191534399000034], [86.99758291700005, 25.19241734900004], [86.99758294300005, 25.192417372000023], [86.99814713300003, 25.193233364000037], [86.99816225900008, 25.194359145000078], [86.99927628200004, 25.19444902200007], [86.99979416700006, 25.19434145300005], [87.00022602400009, 25.194350024000073], [87.00045337200004, 25.19456414600006], [87.00066835700005, 25.195115394000027], [87.00108011000003, 25.195321265000075], [87.00128002600007, 25.19503168600005], [87.00145536400004, 25.194294401000036], [87.00256632700007, 25.19432826800005], [87.00261255900006, 25.19404564100006], [87.00228848600005, 25.19319069000005], [87.00218421600005, 25.192409932000032], [87.00236095900004, 25.192261666000036], [87.00300169300004, 25.19214852500005], [87.00324843700008, 25.191870831000074], [87.00331314000005, 25.19136295900006], [87.00347775400007, 25.190429856000037], [87.00381745600004, 25.189881426000056], [87.00424011300004, 25.189722026000027], [87.00463491000005, 25.19018108000006], [87.00558890100007, 25.191288043000043], [87.00608227100008, 25.190732651000076], [87.00606084300006, 25.19034092800007], [87.00557379500003, 25.189886054000056], [87.00476430700007, 25.188604265000038], [87.00411932700007, 25.18695034700005], [87.00354578900004, 25.18519494900005], [87.00289964000007, 25.182390919000056], [87.00251193500009, 25.181216284000072], [87.00212423100004, 25.18004155500006], [87.00180643500005, 25.17873749300003], [87.00195091500007, 25.178562577000037], [87.00222752500008, 25.17855005800004], [87.00255014600003, 25.178815992000068], [87.00276205800003, 25.179311346000077], [87.00319835300007, 25.17940384800005], [87.00423552200004, 25.179216627000073], [87.00544481800006, 25.178797194000026], [87.00725109500007, 25.17830859600008], [87.00838660700003, 25.178229052000063], [87.00959588100005, 25.177809586000024], [87.01050712200004, 25.17757199400006], [87.01083118600008, 25.177865863000022], [87.01138116100003, 25.178345886000045], [87.01162858800006, 25.17836269000003], [87.01276093700005, 25.17822722300008], [87.01338637100008, 25.177834191000045], [87.01381663800004, 25.177814685000044], [87.01414530700004, 25.178192481000053], [87.01438347900006, 25.178602488000024], [87.01460616500003, 25.179293734000055], [87.01506704800005, 25.179272837000042], [87.01560784900005, 25.179584977000047], [87.01601047200006, 25.179622752000057], [87.01689090100007, 25.179386520000037], [87.01758541700008, 25.179130607000047], [87.01848423600006, 25.179230102000076], [87.01914264600003, 25.179158114000074], [87.01952216700005, 25.178776214000038], [87.02010456500005, 25.178721771000028], [87.02036264800006, 25.178653934000067], [87.02062083200008, 25.178586092000046], [87.02171172300007, 25.17825604500007], [87.02215571200009, 25.178207876000045], [87.02259980300005, 25.178159701000027], [87.02411424900004, 25.17788736500006], [87.02405963600006, 25.17617675400004], [87.02378601100008, 25.175475297000048], [87.02289182600003, 25.173106707000045], [87.02301892700007, 25.172565572000053], [87.02276874200004, 25.17229141400003], [87.02259674800007, 25.17201370600003], [87.02232503400006, 25.17206170700007], [87.02178746600003, 25.172264625000025], [87.02116975100006, 25.172435419000067], [87.02043474900006, 25.172611534000055], [87.02034290000006, 25.17236585300003], [87.02016310600004, 25.171945739000023], [87.02014164300004, 25.17155410600003], [87.01978003100004, 25.171392], [87.01880266100005, 25.171436347000054], [87.01873235500005, 25.170868506000033], [87.01823404400005, 25.169641961000025], [87.01705926100004, 25.169659495000076], [87.01665467200007, 25.169428090000054], [87.01651788600003, 25.169077354000024], [87.01625212200008, 25.168518377000055], [87.01557387500009, 25.16829928900006], [87.01397492100006, 25.168443128000035], [87.01379905400006, 25.16809425400004], [87.01361343900004, 25.167567305000034], [87.01302703400006, 25.167593891000024], [87.01254426600008, 25.167365928000038], [87.01247983300004, 25.166904817000045], [87.01241735300005, 25.16647937700003], [87.01204992200007, 25.166210517000025], [87.01119973300007, 25.16571368900003], [87.01075510200008, 25.16510917200003], [87.01046199100006, 25.16405172700007], [87.01082573900004, 25.163535543000023], [87.01156070200005, 25.16335947300007], [87.01300712100004, 25.163293905000046], [87.01421898500007, 25.16323895800008], [87.01432066700005, 25.16294883100005], [87.01388285500008, 25.16282592500005], [87.01409596500008, 25.162423655000055], [87.01406672500008, 25.161889615000064], [87.01399449700006, 25.161286191000045], [87.01389291800007, 25.160862430000066], [87.01368186700006, 25.160586484000078], [87.01381484300003, 25.16015218000007], [87.01379534900008, 25.159796122000046], [87.01319728800007, 25.159609148000072], [87.01300767400005, 25.159724744000073], [87.01227078700003, 25.15986524300007], [87.01213987100004, 25.15962132800007], [87.01212049900005, 25.158551473000045], [87.01209138600007, 25.157303635000062], [87.01251175000004, 25.156392270000026], [87.01244732700007, 25.15593124800006], [87.01170850900007, 25.15603607500003], [87.01097164100008, 25.156176567000045], [87.01051955900004, 25.156330876000027], [87.01006757800008, 25.15648517900007], [87.00839642800008, 25.15673933200003], [87.00600996200006, 25.15681177500005], [87.00584742100006, 25.15682435000008], [87.00378569100008, 25.15698383700004], [87.00342025100008, 25.156750534000025], [87.00321718100008, 25.155903181000042], [87.00311013800007, 25.153944989000024], [87.00242494500003, 25.15313936900003], [87.00240113900009, 25.152986197000075], [87.00240108000008, 25.152986171000066], [87.00154720200004, 25.152619591000075], [86.99991861900008, 25.15285338700005], [86.99889230100007, 25.153379991000065], [86.99917242500004, 25.155288049000035], [86.99929487900005, 25.15645627400005], [86.99831528100003, 25.156767312000056], [86.99796340800003, 25.156885991000024], [86.99758571100006, 25.156943445000024], [86.99704732400005, 25.156494921000046], [86.99689743700003, 25.155725059000076], [86.99521620800004, 25.155379371000038], [86.99491089900005, 25.15414209100004], [86.99492728300004, 25.15320333300008], [86.99538903400008, 25.15254358900006], [86.99622311900004, 25.151906539000038], [86.99656039200005, 25.15155968700003], [86.99649112200007, 25.151222007000058], [86.99589453400006, 25.15077334800003], [86.99550657900005, 25.14999729300007], [86.99582566200007, 25.148373538000044], [86.99635753500007, 25.14811013700006], [86.99634131300007, 25.146973137000032], [86.99723526500009, 25.146367009000073], [86.99635978400005, 25.14374212900003], [86.99598896500004, 25.14172941000004], [86.99590990700005, 25.140706119000072], [86.99634630300005, 25.140358006000042], [86.99678062800007, 25.140213018000054], [86.99711538900004, 25.13969466900005], [86.99716165000007, 25.13841714700004], [86.99740344300005, 25.137985580000077], [86.99758355100005, 25.137994757000058], [86.99806678700008, 25.138293155000042], [86.99888972200006, 25.138673502000074], [86.99960724400006, 25.138171279000062], [86.99931886500008, 25.137088248000055], [87.00022198200008, 25.13683853300006], [87.00056211300006, 25.13677097300007], [87.00072195100006, 25.13759881900006], [87.00047351200004, 25.13868126400007], [87.00085945800004, 25.13893143300004], [87.00167635700006, 25.13882311800006], [87.00222354900006, 25.138798345000055], [87.00338053300004, 25.138460439000028], [87.00586639500006, 25.13806233200006], [87.00853013500006, 25.137334845000055], [87.01278850500006, 25.136392251000075], [87.01512780700006, 25.13546526400006], [87.01524897300004, 25.13553115700006], [87.01537010700008, 25.135597033000067], [87.01585373700004, 25.13619968000006], [87.01643999800007, 25.136173083000074], [87.01667450300005, 25.136162444000036], [87.01745813300005, 25.136162555000055], [87.01786262400003, 25.13639405400005], [87.01889636700008, 25.136668420000035], [87.01911430600006, 25.136712076000038], [87.01933214500008, 25.136755735000065], [87.01998096700004, 25.13644067300004], [87.02088972300004, 25.13586404700004], [87.02105587900007, 25.135321129000033], [87.02091521900007, 25.134899234000045], [87.02053420500005, 25.134381157000064], [87.01960993100005, 25.13395916500008], [87.01959822700007, 25.13374551000004], [87.01978193800005, 25.133522984000024], [87.02232831700007, 25.13208677500006], [87.02312932500007, 25.13173390600008], [87.02558007500005, 25.130654236000055], [87.02576182100006, 25.13039612500006], [87.02600611300005, 25.12984965000004], [87.02629624900004, 25.12978292100007], [87.02658648500005, 25.129716187000042], [87.02813414200006, 25.129360336000047], [87.02779242400004, 25.128139494000038], [87.02593237200006, 25.122430157000053], [87.02230886000007, 25.12322109400003], [87.02162879900004, 25.123356396000077], [87.02134591700008, 25.12289939200008], [87.02082306000005, 25.121722611000052], [87.02028880000006, 25.121381531000054], [87.01804128400005, 25.121408005000035], [87.01778270300008, 25.121411048000027], [87.01636592700004, 25.121534232000045], [87.01502011200006, 25.12177206000007], [87.01245304400004, 25.123183018000077], [87.01096424100007, 25.12319836000006], [87.01001281500004, 25.122562897000023], [87.00952993600004, 25.122115031000078], [87.00941012300007, 25.120972110000025], [87.00909312200008, 25.120412303000023], [87.00829580400006, 25.120500697000068], [87.00840177600008, 25.11929537800006], [87.01182230700005, 25.118477195000025], [87.01434599100008, 25.12009430200004], [87.01486571200007, 25.118951494000044], [87.01386550100005, 25.118123617000037], [87.01423738900007, 25.11549686400008], [87.01544048600005, 25.11445051100003], [87.01523497700003, 25.112789554000074], [87.01413780500008, 25.11263057800005], [87.01406941000005, 25.11138090000003], [87.01322086100004, 25.11053203800003], [87.01244951900009, 25.110045099000047], [87.01226029800006, 25.108858594000026], [87.01163035000008, 25.108019625000054], [87.01228563100005, 25.107347873000037], [87.01334845500008, 25.10625833000006], [87.01383665400004, 25.106212406000054], [87.01337535300007, 25.10564560200004], [87.01277009600005, 25.10469353700006], [87.01130449900006, 25.104871985000045], [87.00899720000007, 25.105956114000037], [87.00701030700003, 25.106717768000067], [87.00448870200006, 25.107173029000023], [87.00374217400008, 25.107589233000056], [87.00161093600008, 25.10746613200007], [86.99954784700003, 25.10627220400005], [86.99928567800004, 25.105578838000042], [86.99892236600004, 25.104617982000036], [86.99758381500004, 25.10462824800004], [86.99750798700006, 25.104633523000075], [86.99604984500007, 25.10477473700007], [86.99549296800006, 25.10482866600006], [86.99362997900005, 25.104552771000044], [86.99313301900008, 25.104120884000054], [86.99216904200006, 25.103965317000075], [86.99240745900005, 25.103294645000062], [86.99193508500008, 25.103196380000043], [86.98954234800004, 25.10331922100005], [86.98714150500007, 25.10322101500003], [86.98673073600008, 25.101863121000065], [86.98495160900006, 25.10190645800003], [86.98403262000005, 25.102481229000034], [86.98354285200008, 25.102371894000044], [86.98305298200006, 25.10226253600007], [86.98154988200008, 25.10114298800005], [86.98071736400004, 25.100809807000076], [86.97923940300007, 25.10076833200003], [86.97637309000004, 25.10140182500004], [86.97333227200005, 25.10197419600007], [86.97228210800006, 25.10238799700005], [86.97148871000007, 25.10343055800007], [86.97022395000005, 25.10374757200003], [86.96990449000003, 25.103412830000025], [86.96958500400007, 25.10307805900004], [86.96881415500008, 25.102549993000025], [86.96804336300005, 25.102021964000073], [86.96621873600003, 25.100937592000037], [86.96521185700004, 25.101608002000035], [86.96369503200003, 25.102333998000063], [86.96138291400007, 25.102906672000074], [86.95876922200006, 25.10318045300005], [86.95720493600004, 25.102986437000027], [86.95487662000005, 25.102399511000044], [86.95314055800009, 25.10125524700004], [86.95271196600004, 25.099662697000042], [86.95275366100003, 25.09873717200003], [86.95236514800007, 25.098245262000034], [86.95148654600007, 25.098878109000054], [86.95084579500008, 25.10021663400005], [86.94999819200007, 25.101300224000056], [86.94917887500009, 25.10120138900004], [86.94843348000006, 25.101435526000046], [86.94806463500004, 25.102008300000023], [86.94727094200005, 25.10305074200005], [86.94618085000008, 25.103803191000054], [86.94553818000009, 25.104293424000048], [86.94429378500007, 25.10572907100004], [86.94370347800003, 25.106065154000078], [86.94300482400007, 25.10573020100003], [86.94196974300007, 25.10648206700006], [86.94119453800005, 25.107072972000026], [86.94052394000005, 25.107337811000036], [86.94017199000007, 25.107698292000066], [86.94032962800009, 25.108702780000044], [86.94109952900004, 25.110250816000075], [86.94175662500004, 25.111524848000045], [86.94295019400005, 25.112869531000058], [86.94409479000007, 25.113537820000033], [86.94466976900009, 25.113887740000052], [86.94542542000005, 25.114398012000038], [86.94582600800004, 25.115043212000046], [86.94611701100007, 25.115653611000027], [86.94612245400003, 25.116041642000027], [86.94591414700005, 25.116400475000034], [86.94592220700008, 25.116982480000047], [86.94582438600008, 25.11743938500007], [86.94554182100006, 25.117799064000053], [86.94519249400008, 25.117997141000046], [86.94472520300008, 25.117903204000072], [86.94411865900008, 25.11778372200007], [86.94340931100004, 25.117760279000038], [86.94276790800006, 25.11799321500007], [86.94227753600006, 25.118386917000066], [86.94203683500007, 25.118908572000066], [86.94214769000007, 25.119394629000055], [86.94311075100006, 25.11947838800006], [86.94435419200005, 25.119401079000056], [86.94535367900005, 25.119615255000042], [86.94631486000009, 25.11992008200008], [86.94643108600008, 25.120437691000063], [86.94685590700004, 25.121042077000027], [86.94702829700003, 25.12203732100005], [86.94616508300004, 25.12199757700006], [86.94582627800008, 25.121166665000032], [86.94515515000006, 25.121034421000047], [86.94415866300005, 25.121045810000055], [86.94263852300008, 25.121550541000033], [86.94182409500007, 25.121817045000057], [86.94011730600005, 25.122098160000064], [86.93851564300007, 25.122084877000077], [86.93707955700006, 25.122940506000077], [86.93478840600005, 25.124356374000058], [86.93235397900008, 25.125809961000073], [86.93073347600006, 25.12623898100003], [86.93006142500008, 25.126765566000074], [86.92953979800006, 25.127421253000023], [86.92879612900003, 25.127786167000068], [86.92822861800005, 25.127986605000046], [86.92770126100004, 25.128218235000077], [86.92745772600006, 25.128902374000063], [86.92743270900007, 25.129615616000024], [86.92787633000006, 25.13087409600007], [86.92784652100005, 25.131230892000076], [86.92757015200004, 25.131689788000074], [86.92724967500004, 25.131819712000038], [86.92707472300003, 25.132083477000037], [86.92734295600007, 25.133569522000073], [86.92788586600005, 25.13446588000005], [86.92950767600007, 25.135936623000077], [86.93129187700004, 25.13658878800004], [86.93134835400008, 25.135284037000076], [86.93151966500005, 25.13511959500005], [86.93183227000009, 25.135134153000024], [86.93210834400008, 25.135379182000065], [86.93236732900004, 25.135822936000068], [86.93253154800004, 25.136227253000072], [86.93263534400006, 25.136564514000042], [86.93277163600004, 25.136738946000037], [86.93289159200003, 25.136809785000025], [86.93308304300007, 25.136667663000026], [86.93313665600004, 25.136238374000072], [86.93304495500007, 25.135336921000032], [86.93286091900006, 25.134571949000076], [86.93304599600003, 25.133969680000064], [86.93299077900008, 25.132833149000078], [86.93309884900003, 25.132033239000066], [86.93317299300008, 25.131657864000033], [86.93342242600005, 25.131406881000032], [86.93378884800006, 25.131366583000045], [86.93408311800005, 25.131489602000045], [86.93428548700007, 25.13178511800004], [86.93440495900006, 25.132176326000035], [86.93450892300007, 25.13253164200006], [86.93482639000007, 25.132898028000056], [86.93535464700005, 25.133090639000045], [86.93565011700008, 25.13329931100003], [86.93561700500004, 25.133778001000053], [86.93560182400006, 25.134116633000076], [86.93570341200007, 25.134291421000057], [86.93593696100004, 25.134324907000064], [86.93613667600005, 25.134430966000025], [86.93631494600004, 25.134767373000045], [86.93621472400008, 25.135779270000057], [86.93626511300005, 25.136915832000057], [86.93625307400004, 25.13748453900007], [86.93612382000003, 25.137819900000068], [86.93583515500006, 25.138107482000066], [86.93517492100005, 25.138417348000075], [86.93424010200005, 25.138590408000027], [86.93356418100007, 25.138846227000045], [86.93296326700005, 25.13913738800005], [86.93255586800007, 25.139444294000043], [86.93242371900004, 25.139576661000035], [86.93251185100007, 25.140211931000067], [86.93281732300005, 25.14115163100007], [86.93307358100003, 25.141396901000064], [86.93372015200003, 25.141533895000066], [86.93512033800005, 25.14130145100006], [86.93562371000007, 25.141119719000073], [86.93606996300008, 25.140758162000054], [86.93653340100008, 25.14055886400007], [86.93690648000006, 25.14064479700005], [86.93726163900004, 25.140870971000027], [86.93763301000007, 25.14118710300005], [86.93776714000006, 25.14120357300004], [86.93795868100005, 25.141070565000064], [86.93809408800007, 25.140820820000044], [86.93831315900007, 25.14052502000004], [86.93859399700005, 25.140386438000064], [86.93896517500008, 25.140332553000064], [86.93935216300008, 25.14034624800007], [86.93974250700006, 25.140242472000068], [86.94009292500004, 25.14012122500003], [86.94041460700004, 25.140076930000077], [86.94067795300003, 25.140114510000046], [86.94098313800004, 25.140309556000034], [86.94122985100006, 25.140582060000042], [86.94147198700006, 25.14123354700007], [86.94146565300008, 25.142217363000043], [86.94135682000007, 25.142593099000067], [86.94096934900006, 25.142908902000045], [86.94038958800007, 25.14329904300007], [86.94034041600008, 25.14369219200006], [86.94044548300008, 25.144119707000073], [86.94063280400007, 25.14439284900004], [86.94128174400004, 25.144705824000027], [86.94284794700008, 25.14499928200007], [86.94322181500007, 25.145134932000076], [86.94346670900006, 25.145276463000073], [86.94357139100003, 25.145672382000043], [86.94376058600005, 25.146080820000066], [86.94393518200008, 25.146160072000043], [86.94434747500009, 25.146205060000057], [86.94622938900005, 25.146016505000034], [86.94622102500006, 25.145055468000066], [86.94658251400006, 25.143941238000025], [86.94700977800005, 25.143282088000035], [86.94760122200006, 25.143018117000054], [86.94819398600004, 25.143209816000024], [86.94860451700004, 25.14348941800006], [86.94862070800008, 25.144657926000036], [86.94876139200005, 25.148013604000027], [86.94858203700005, 25.14867000600003], [86.94753382000005, 25.149255031000052], [86.94766866600008, 25.149682217000077], [86.94767255300007, 25.149957416000063], [86.94759700600008, 25.150233511000067], [86.94742573700006, 25.15040248300005], [86.94721846700008, 25.150477042000034], [86.94702563000004, 25.15051528600003], [86.94685217500006, 25.15052630300005], [86.94675274000008, 25.150509387000056], [86.94670750700004, 25.151538816000027], [86.94664540900004, 25.152789447000032], [86.94658040100006, 25.153110594000054], [86.94645978700004, 25.153351110000074], [86.94636271500008, 25.15350108100006], [86.94619015000006, 25.153575278000062], [86.94595106900005, 25.15350583600008], [86.94563596800003, 25.153315391000035], [86.94535053500005, 25.15311559500003], [86.94520541100007, 25.153017971000054], [86.94505620400008, 25.152992599000072], [86.94490338700007, 25.15305752100005], [86.94468225800006, 25.153209007000044], [86.94445693100005, 25.153410078000036], [86.94410148400004, 25.15352695000007], [86.94382381800006, 25.153530200000034], [86.94303458300004, 25.153480565000052], [86.94199068600005, 25.153307434000055], [86.94135954300003, 25.153215398000043], [86.94104609000004, 25.153146797000034], [86.94070387400006, 25.153141602000062], [86.94028293200006, 25.153191548000052], [86.94003250000009, 25.153370422000023], [86.93963219700004, 25.153474275000065], [86.93939101400008, 25.15360333600006], [86.93921194100005, 25.15392572500008], [86.93899481800008, 25.15508791900004], [86.93887611300005, 25.156190308000077], [86.93864126100004, 25.156784119000065], [86.93843110700004, 25.157007631000056], [86.93814014500003, 25.157128232000048], [86.93785918600008, 25.157257784000024], [86.93771330900006, 25.157471593000025], [86.93782976200004, 25.15800273600007], [86.93816248700006, 25.158391470000026], [86.93839868700007, 25.158618922000073], [86.93875186600008, 25.158691645000033], [86.93916404900006, 25.15873204500008], [86.93941600600004, 25.15866148300006], [86.93961735900007, 25.158514764000074], [86.93988507300008, 25.158146282000075], [86.94027294500006, 25.15785756300005], [86.94083515500006, 25.157630047000055], [86.94238475300006, 25.15742733700006], [86.94303380100007, 25.157374797000045], [86.94358481900008, 25.157413561000055], [86.94403381000006, 25.157602515000065], [86.94437584800005, 25.157946029000072], [86.94453209600005, 25.158129231000032], [86.94468264100004, 25.158253891000072], [86.94499569500005, 25.15829992400006], [86.94558997400009, 25.158234442000037], [86.94615454700005, 25.158173886000043], [86.94644701700008, 25.158161489000065], [86.94669096500007, 25.158230897000067], [86.94681234200004, 25.158396494000044], [86.94684614900007, 25.158689425000034], [86.94694477000007, 25.15900866000004], [86.94704674800005, 25.159210517000076], [86.94716187500006, 25.15928137800006], [86.94738094800005, 25.15934204100006], [86.947575, 25.15938945000005], [86.94770509000006, 25.159469224000077], [86.94811787700007, 25.16098062100008], [86.94659842600004, 25.161575645000028], [86.94702039400005, 25.16231535000003], [86.94806293600004, 25.162389163000057], [86.94841123100008, 25.16389681900006], [86.94851825400008, 25.16446413600005], [86.94871562600008, 25.164746217000072], [86.94905032400004, 25.164918358000023], [86.94947803000008, 25.165003652000053], [86.94964396600005, 25.16444674400003], [86.95220460600007, 25.16454365100003], [86.95362788900007, 25.16452732500005], [86.95410653100004, 25.16434582000005], [86.95424563700004, 25.16400576500007], [86.95447278000006, 25.163222520000033], [86.95494650400008, 25.163045657000055], [86.95524049700003, 25.16172008700005], [86.95609653100007, 25.161570358000063], [86.95650023500008, 25.16135360000004], [86.95692675200007, 25.161001261000024], [86.95728609700006, 25.160803084000065], [86.95775185500008, 25.160770615000047], [86.96002279900006, 25.16107386300007], [86.96031782900008, 25.16124638200006], [86.96062836900006, 25.161463914000024], [86.96098526900005, 25.162163751000037], [86.96124020200006, 25.16407860000004], [86.96151592900009, 25.16570884500004], [86.96168754100006, 25.16698840600003], [86.96351569300003, 25.16683193500006], [86.96717443500006, 25.16599986600005], [86.96751543300007, 25.165905619000057], [86.96770883300007, 25.165903451000077], [86.96789825900004, 25.165973439000027], [86.96810378000004, 25.166128963000062], [86.96830502400007, 25.166686128000038], [86.96844190000007, 25.166892114000063], [86.96882558700008, 25.167018506000034], [86.96926152800006, 25.16697739400007], [86.96947070500005, 25.167038104000028], [86.96960622200004, 25.167153925000036], [86.96972862300004, 25.167391620000046], [86.96980116200007, 25.167611840000063], [86.96980400900009, 25.167814923000037], [86.96951040200008, 25.168454561000033], [86.96929198800007, 25.168795531000058], [86.96893327100008, 25.16903886500006], [86.96845315200005, 25.169107587000042], [86.96811539700008, 25.169075431000067], [86.96789800200008, 25.16914107100007], [86.96776777000008, 25.16939982300005], [86.96758307300007, 25.169668216000048], [86.96732325800008, 25.16989234600004], [86.96694818100008, 25.170023056000048], [86.96569023300003, 25.17016845300003], [86.96513333300004, 25.17007114000006], [86.96489683500005, 25.169830192000063], [86.96473531000004, 25.169628999000054], [86.96455048200005, 25.16953189000003], [86.96425762900003, 25.16951724200004], [86.96401562300008, 25.169592187000035], [86.96383664300004, 25.169567251000046], [86.96356141900003, 25.169394400000044], [86.96285536200008, 25.168915249000065], [86.96263590700005, 25.168827529000055], [86.96242284400006, 25.168848086000025], [86.96224112200008, 25.168972017000044], [86.96200301800008, 25.16933118700007], [86.96181803800005, 25.169581523000033], [86.96163608400008, 25.169691916000033], [86.96133429800005, 25.169749548000027], [86.96080868500007, 25.169760113000052], [86.95980186200006, 25.169767259000025], [86.95902495200005, 25.169898055000033], [86.95834538300005, 25.16989692100003], [86.95803376100008, 25.169963653000025], [86.95777304400008, 25.170115553000073], [86.95748516900005, 25.17045732500003], [86.95723200400005, 25.170798640000044], [86.95688696800005, 25.17096059800008], [86.95564386700005, 25.171448722000036], [86.95466575600005, 25.17174429100004], [86.95439511200004, 25.171896263000065], [86.95425813500003, 25.17203319400005], [86.95414626800004, 25.172192405000033], [86.95406107800005, 25.172486719000062], [86.95405867800008, 25.17302826100007], [86.95422676600003, 25.17370314300007], [86.95422123700007, 25.174019128000054], [86.95316549000006, 25.17407254400007], [86.95249131600008, 25.174106650000056], [86.95248907500007, 25.17451895100004], [86.95248575000005, 25.175131062000048], [86.95372448000006, 25.178600371000073], [86.95477310100006, 25.17838071400007], [86.95529830900006, 25.179764551000062], [86.95413741400006, 25.18046829900004], [86.95295103300003, 25.18076621000006], [86.95320466400005, 25.18223884100007], [86.95350486000007, 25.183850841000037], [86.95415301800006, 25.185864954000067], [86.95468548900004, 25.188836997000067], [86.95491031700004, 25.190405671000065], [86.95518007100009, 25.19228774800007], [86.95556431000006, 25.193154272000072], [86.95627879800008, 25.193872503000023], [86.95660194200008, 25.194635882000057], [86.95695480100005, 25.196102840000037], [86.95755617300006, 25.19759852800007], [86.95759985200004, 25.19788234600003], [86.95750288700003, 25.19804586300006], [86.95723016600004, 25.198058033000052], [86.95664736600008, 25.19788876900003], [86.95611416800006, 25.197718931000054], [86.95565562800004, 25.197575319000066], [86.95518289800003, 25.197472524000034], [86.95465694100005, 25.197469531000024], [86.95389246100007, 25.19743320400005], [86.95374133300004, 25.19762901200005], [86.95370135800005, 25.19831987200007], [86.95351394700003, 25.198759685000027], [86.95337315700004, 25.199334349000026], [86.95289684800008, 25.19969185100007], [86.95207287300008, 25.199660677000054], [86.95129957200004, 25.19971025500007], [86.95078103100008, 25.20095261000006], [86.95003161900007, 25.202721045000033], [86.94970713500004, 25.203649821000056], [86.94934156300008, 25.205197250000026], [86.94960268500006, 25.205771828000024], [86.95474627600004, 25.210992130000022], [86.95305335900008, 25.211999820000074], [86.95309825200007, 25.212725845000023], [86.95320239900008, 25.213433079000026], [86.95376666200008, 25.214757735000035], [86.95435141300004, 25.215062303000025], [86.95550330900005, 25.215112185000066], [86.95644995000004, 25.215385550000065], [86.95638358800005, 25.21631591000005], [86.95648178900007, 25.21766850800003], [86.95687156200006, 25.220348883000042], [86.95689992600006, 25.221050925000043], [86.95694736500008, 25.222225107000042], [86.95616636400007, 25.22279370700005], [86.95558620000008, 25.223540356000058], [86.95544448200008, 25.22476033600003], [86.95549591900004, 25.22559904600007], [86.95513851400005, 25.22630259600004], [86.95462524100003, 25.226863579000053], [86.95408307000008, 25.226775048000036], [86.95239064800006, 25.226402003000032], [86.95105243500007, 25.22616914500003], [86.95027692600007, 25.226065277000032], [86.94917337900006, 25.225933558000065], [86.94855108800004, 25.22578732200003], [86.94829702700008, 25.22572251500003], [86.94802872700006, 25.22569401100003], [86.94791137700008, 25.226539192000075], [86.94792237500008, 25.226967778000073], [86.94767191200003, 25.22822958200004], [86.94609222600008, 25.228477885000075], [86.94687426200005, 25.231185353000058], [86.94812864800008, 25.234316080000042], [86.94843982500004, 25.235634594000032], [86.94852623000008, 25.23613453200005], [86.94835546300004, 25.236704993000046], [86.94738039800006, 25.236179238000034], [86.94417399100007, 25.23579184400006], [86.94276775600008, 25.235668127000054], [86.93683803600004, 25.236092404000033], [86.93287274500005, 25.236096994000036], [86.92823308900006, 25.236506188000078], [86.92698212900007, 25.236484305000033], [86.92432197100004, 25.236478367000075], [86.92107732800008, 25.236199200000044], [86.91849621600005, 25.23579962900004], [86.91807227700008, 25.236372981000045], [86.91811300400008, 25.239359835000073], [86.91886737400006, 25.240447825000047], [86.92190226200006, 25.242439535000074], [86.92245526100004, 25.243083184000056], [86.92317322200006, 25.243918823000058], [86.92321675100004, 25.243982954000046], [86.92496651700003, 25.246560766000073], [86.92744236900006, 25.250476501000037], [86.92821687900005, 25.25156879700006], [86.92900133800003, 25.251947922000056], [86.92983450000008, 25.252258880000056], [86.93106505000009, 25.252587797000047], [86.93199404800004, 25.25301038400005], [86.93310489800007, 25.253295527000034], [86.93393578200005, 25.253434974000072], [86.93466554700007, 25.253449284000055], [86.93572938900007, 25.25356796400007], [86.93672434100006, 25.25372806000007], [86.93761796300004, 25.253740452000045], [86.93903616900008, 25.253638460000047], [86.93992796500004, 25.253519968000035], [86.94096512100003, 25.25314263300004], [86.94211252300005, 25.252488767000045], [86.94339970400006, 25.251891933000024], [86.94507049300006, 25.251389938000045], [86.94743149000004, 25.250920629000063], [86.95146665900006, 25.250553788000047], [86.95368227100005, 25.250686235000046], [86.95595541800003, 25.25103447300006], [86.95756007400007, 25.251494282000067], [86.95941671800006, 25.252221793000047], [86.96001574700006, 25.252463126000066], [86.96193323600005, 25.252928179000037], [86.96633374800007, 25.253829264000046], [86.96863626300006, 25.25449734400007], [86.97172925600006, 25.25559398300004], [86.97428727800008, 25.256421516000046], [86.97703180900004, 25.25744076500007], [86.97920842900004, 25.258317754000075], [86.98159482100004, 25.259634514000027], [86.98221154600003, 25.260064991000036], [86.98234971900007, 25.260708642000054], [86.98235982300008, 25.261421472000052], [86.98254280600008, 25.26556160800004], [86.98262416200004, 25.26570050400005], [86.98456060300003, 25.266431313000055], [86.99050002500007, 25.26867624600004], [86.99065822100005, 25.268976719000023], [86.99063619200007, 25.269870426000068], [86.99067016500004, 25.275726941000073], [86.99084616000005, 25.275887363000038], [86.99117979200008, 25.27595560700007], [86.99441877700008, 25.276449805000027], [86.99758200900004, 25.277035367000053], [86.99920745800006, 25.277336234000074], [87.00286545200004, 25.27831264300005], [87.00355244700006, 25.278444317000037], [87.00375571800004, 25.278419364000058], [87.00393231300006, 25.278277382000056], [87.00403226300006, 25.277973907000046], [87.00405424900003, 25.27605137300003], [87.00419382300004, 25.275057057000026], [87.00449272200007, 25.27305905000003], [87.00486784100008, 25.270839090000038]]]]}}, {"type": "Feature", "properties": {"OBJECTID": 127, "BLOCK_CODE": "0013", "NEAR_TOWN": "BHAGALPUR", "BLK_NAME": "SHAHKUND", "DIST_NAME": "BHAGALPUR"}, "geometry": {"type": "MultiPolygon", "coordinates": [[[[86.86758964500007, 25.21274266100005], [86.86788113600005, 25.211895635000076], [86.86791169400004, 25.211209387000054], [86.86768257900007, 25.21076965700007], [86.86735473100003, 25.210362599000064], [86.86706877500006, 25.210126563000074], [86.86689776800006, 25.20995242300006], [86.86673146400005, 25.209760196000047], [86.86661982900006, 25.20956738500007], [86.86654696500005, 25.20931553500003], [86.86653513400006, 25.20916667700004], [86.86664107200005, 25.208926430000076], [86.86685101900008, 25.208666914000048], [86.86706689600004, 25.208483992000026], [86.86744062100007, 25.208231768000076], [86.86748981000005, 25.208195120000028], [86.86812233500007, 25.20800319800003], [86.86870733800004, 25.20796967600006], [86.86944771300006, 25.208047306000026], [86.87008515200006, 25.208220827000048], [86.87055696200008, 25.208256280000057], [86.87117553400003, 25.208136661000026], [86.87178831300008, 25.207944955000073], [86.87220705000004, 25.207723804000068], [86.87274768500004, 25.207329793000042], [86.87350751000008, 25.20663557200004], [86.87414412900006, 25.206001283000035], [86.87466946200004, 25.20521490300007], [86.87578460400005, 25.202883231000044], [86.87727319600003, 25.199162111000078], [86.87765897100007, 25.198697551000066], [86.87804110300004, 25.19833682600006], [86.87866288600009, 25.198081840000043], [86.87944710800008, 25.198109273000057], [86.87999655300007, 25.198387575000027], [86.88098022100007, 25.199229543000058], [86.88178245100005, 25.200606057000073], [86.88245497700007, 25.201555297000027], [86.88320625800003, 25.202079421000064], [86.88403143300008, 25.202566709000052], [86.88469900900003, 25.202771453000025], [86.88547498700007, 25.20255077300004], [86.88578138200006, 25.202087144000075], [86.88572976700004, 25.201198758000032], [86.88516557900004, 25.199819597000044], [86.88503328400003, 25.19882836000005], [86.88506396800005, 25.198155641000028], [86.88536983100005, 25.197655910000037], [86.88583399100008, 25.19711826200006], [86.88633618700004, 25.196828477000054], [86.88692095300007, 25.19678586400005], [86.88766248300004, 25.19695366600007], [86.88835867700004, 25.197442342000045], [86.88923205400005, 25.19856978300004], [86.88975159000006, 25.199204828000063], [86.89014418300007, 25.19962462600006], [86.89104782500004, 25.200043322000056], [86.89179286700005, 25.20010275800007], [86.89327443900004, 25.200334428000076], [86.89445957000004, 25.201390724000078], [86.89513091300006, 25.201879648000045], [86.89576173000006, 25.202296835000027], [86.89639058900008, 25.202574122000044], [86.89732913900008, 25.202635874000066], [86.89825977800007, 25.20248113100007], [86.89884185500006, 25.20222645000007], [86.89973215400005, 25.202022442000043], [86.90009344600008, 25.201589787000046], [86.90022495500006, 25.20103771400005], [86.90031774100004, 25.20055842100004], [86.90017524700005, 25.200293744000078], [86.89978142400008, 25.20015823400007], [86.89939357700007, 25.20009037500006], [86.89903966300005, 25.199968013000046], [86.89884477700008, 25.199866391000057], [86.89864410000007, 25.199706139000057], [86.89850566000007, 25.199373730000048], [86.89844371000004, 25.199193931000025], [86.89824908900005, 25.19911035900003], [86.89783952200008, 25.19927293300003], [86.89727634500008, 25.19945516300004], [86.89679024300005, 25.199460518000024], [86.89627833300005, 25.19939855000007], [86.89519296200007, 25.19874275500007], [86.89425169300006, 25.198112510000044], [86.89385370600007, 25.197656652000035], [86.89372547700003, 25.196981148000077], [86.89370788100007, 25.19566824900005], [86.89342551500005, 25.194962933000056], [86.89252389900008, 25.194688661000043], [86.89174027700005, 25.19434084100004], [86.89122480900005, 25.19363816300006], [86.89128586500004, 25.192640158000074], [86.89123330700005, 25.19168407500007], [86.89068387200007, 25.191405904000078], [86.88967100900004, 25.191344936000064], [86.88857546900005, 25.19103670100003], [86.88817506000004, 25.19003030400006], [86.88796803900004, 25.189391847000024], [86.88729885700008, 25.18869083800007], [86.88623422400008, 25.188097923000043], [86.88540829100003, 25.187538430000075], [86.88415119300004, 25.18701986600007], [86.88305570300008, 25.18671159200005], [86.88234659100004, 25.186367416000053], [86.88203040100007, 25.18608658000005], [86.88191009600007, 25.185623134000025], [86.88213275900006, 25.18484004000004], [86.88372498900009, 25.18407785100004], [86.88503696200007, 25.183138368000073], [86.88635865200007, 25.18255517700004], [86.88752815900006, 25.182470034000062], [86.88861935900007, 25.182457947000046], [86.89052475400007, 25.182120960000077], [86.89122715300005, 25.181973282000058], [86.89195809900008, 25.181360505000043], [86.89269204100003, 25.180607790000067], [86.89308099600004, 25.180386887000054], [86.89374207600008, 25.180487834000076], [86.89436654500008, 25.180444802000068], [86.89494800900007, 25.180154123000023], [86.89529065400006, 25.17944177800007], [86.89520078500004, 25.178662174000067], [86.89527062400003, 25.177948440000023], [86.89596723600005, 25.177372099000024], [86.89662882900006, 25.177509136000026], [86.89756571800007, 25.17746257600004], [86.89791878400007, 25.177530882000042], [86.89839336000006, 25.177773752000064], [86.89859584300007, 25.178443920000063], [86.89833738100003, 25.17951174800004], [86.89718553600005, 25.180909882000037], [86.89684437000005, 25.181730448000053], [86.89685146300008, 25.182262798000068], [86.89704874900008, 25.18254494300004], [86.89732394800006, 25.182722333000072], [86.89786907200005, 25.182680152000046], [86.89828958700008, 25.181858718000058], [86.89871062400005, 25.181073384000058], [86.89909074400003, 25.180568279000056], [86.89955908100006, 25.18035100800006], [86.89983385200009, 25.18049228700005], [86.90022589900008, 25.180876054000066], [86.90051274100006, 25.181549645000075], [86.90086764800003, 25.182114312000067], [86.90149880800004, 25.182567494000068], [86.90224900600003, 25.18301941800007], [86.90295175100005, 25.183259744000054], [86.90463074900003, 25.183065020000072], [86.90579555500005, 25.182627817000025], [86.90725933900006, 25.181189979000067], [86.90768063100006, 25.178960688000075], [86.90798491500004, 25.178357111000025], [86.90868535800007, 25.178064936000055], [86.90954381900008, 25.178086962000066], [86.91028435200008, 25.17818696300003], [86.91087196200004, 25.17835636600006], [86.91130059200003, 25.17813944900007], [86.91225494700006, 25.176459082000065], [86.91231693700007, 25.175537871000074], [86.91198994700005, 25.17447211700005], [86.91131249400007, 25.173166559000038], [86.91090717100008, 25.17217839700004], [86.91050138000008, 25.171149521000075], [86.91053023500007, 25.170345999000062], [86.91083742200004, 25.16995452200007], [86.91153472900004, 25.169802275000052], [86.91235446100006, 25.169901398000036], [86.91372037700006, 25.16966940700007], [86.91461459500005, 25.169411211000067], [86.91547115800006, 25.16929781400006], [86.91573411800005, 25.16928376900006], [86.91632863600006, 25.16925201500004], [86.91687422900009, 25.169245869000065], [86.91734924000008, 25.169524788000047], [86.91766157000006, 25.169877795000048], [86.91813658600006, 25.17015671200005], [86.91925686000008, 25.170103476000065], [86.92042488200008, 25.169914375000076], [86.92089406100007, 25.16976464100003], [86.92147299600003, 25.16929785600007], [86.92204946300006, 25.168650548000073], [86.92270381500003, 25.167898655000045], [86.92339432300008, 25.167250016000025], [86.92409331800008, 25.166854061000038], [86.92483026700006, 25.166701360000047], [86.92572550500006, 25.166515212000036], [86.92646784400006, 25.166398573000038], [86.92697282900008, 25.166325182000037], [86.92755404900004, 25.166034291000074], [86.92793664200008, 25.165353063000055], [86.92830738100008, 25.164175631000035], [86.92891521000007, 25.162927857000057], [86.92960722300006, 25.162031028000058], [86.93001864400009, 25.161647280000068], [86.93056473600006, 25.16132523400006], [86.93056133700009, 25.161077110000065], [86.93039818800008, 25.160758547000057], [86.93031161800008, 25.160227075000023], [86.93053885900008, 25.159439349000024], [86.93048899100006, 25.158695373000057], [86.92989804800004, 25.158277919000056], [86.92895393800006, 25.157787719000055], [86.92809260800004, 25.15754926900007], [86.92703444200004, 25.157421374000023], [86.92598119600007, 25.157288919000052], [86.92485247600007, 25.157446081000046], [86.92414550600006, 25.157241987000077], [86.92439466600007, 25.15515440300004], [86.92441771300008, 25.154301271000065], [86.92456482000006, 25.15344673100003], [86.92498739300004, 25.15280122400003], [86.92599561200007, 25.15254162900004], [86.92638592600008, 25.152428951000047], [86.92641342500008, 25.151544191000028], [86.92515160600004, 25.14775442900003], [86.92497667400005, 25.145206982000047], [86.92486055700004, 25.14351596800003], [86.92473097200008, 25.142736848000027], [86.92503112700007, 25.141844484000046], [86.92541409400008, 25.141199362000066], [86.92610502500008, 25.14059141100006], [86.92657355600005, 25.14040555500003], [86.92774086400004, 25.140180289000057], [86.92808941900006, 25.14028466800005], [86.92843992700006, 25.14017238300005], [86.92874844300007, 25.13988457100004], [86.92941129800005, 25.139768797000045], [86.92991661000008, 25.139731503000064], [86.93053892900008, 25.13954390500004], [86.93111769200004, 25.139077076000035], [86.93122687400006, 25.138362921000066], [86.93129187700004, 25.13658878800004], [86.92950767600007, 25.135936623000077], [86.92788586600005, 25.13446588000005], [86.92734295600007, 25.133569522000073], [86.92707472300003, 25.132083477000037], [86.92724967500004, 25.131819712000038], [86.92757015200004, 25.131689788000074], [86.92784652100005, 25.131230892000076], [86.92787633000006, 25.13087409600007], [86.92743270900007, 25.129615616000024], [86.92745772600006, 25.128902374000063], [86.92770126100004, 25.128218235000077], [86.92822861800005, 25.127986605000046], [86.92879612900003, 25.127786167000068], [86.92953979800006, 25.127421253000023], [86.93006142500008, 25.126765566000074], [86.93073347600006, 25.12623898100003], [86.93235397900008, 25.125809961000073], [86.93478840600005, 25.124356374000058], [86.93707955700006, 25.122940506000077], [86.93851564300007, 25.122084877000077], [86.94011730600005, 25.122098160000064], [86.94182409500007, 25.121817045000057], [86.94263852300008, 25.121550541000033], [86.94415866300005, 25.121045810000055], [86.94515515000006, 25.121034421000047], [86.94582627800008, 25.121166665000032], [86.94616508300004, 25.12199757700006], [86.94702829700003, 25.12203732100005], [86.94685590700004, 25.121042077000027], [86.94643108600008, 25.120437691000063], [86.94631486000009, 25.11992008200008], [86.94535367900005, 25.119615255000042], [86.94435419200005, 25.119401079000056], [86.94311075100006, 25.11947838800006], [86.94214769000007, 25.119394629000055], [86.94203683500007, 25.118908572000066], [86.94227753600006, 25.118386917000066], [86.94276790800006, 25.11799321500007], [86.94340931100004, 25.117760279000038], [86.94411865900008, 25.11778372200007], [86.94472520300008, 25.117903204000072], [86.94519249400008, 25.117997141000046], [86.94554182100006, 25.117799064000053], [86.94582438600008, 25.11743938500007], [86.94592220700008, 25.116982480000047], [86.94591414700005, 25.116400475000034], [86.94612245400003, 25.116041642000027], [86.94611701100007, 25.115653611000027], [86.94582600800004, 25.115043212000046], [86.94542542000005, 25.114398012000038], [86.94466976900009, 25.113887740000052], [86.94409479000007, 25.113537820000033], [86.94295019400005, 25.112869531000058], [86.94175662500004, 25.111524848000045], [86.94109952900004, 25.110250816000075], [86.94032962800009, 25.108702780000044], [86.94017199000007, 25.107698292000066], [86.94052394000005, 25.107337811000036], [86.94119453800005, 25.107072972000026], [86.94196974300007, 25.10648206700006], [86.94300482400007, 25.10573020100003], [86.94230612500007, 25.105395216000034], [86.94106420700007, 25.104488899000046], [86.94219757600007, 25.102914674000033], [86.94225942300005, 25.101645963000067], [86.94185541100006, 25.10038701700006], [86.94146805300005, 25.099971801000038], [86.93956793400008, 25.10095014600006], [86.93694950000008, 25.102329158000032], [86.93550075600007, 25.10260280500006], [86.93479083200003, 25.102529676000074], [86.93408776600006, 25.102235326000027], [86.93303603200008, 25.10217503000007], [86.93224366100009, 25.102057656000056], [86.93145139000006, 25.101940288000037], [86.93106697000007, 25.099205580000046], [86.92991431100006, 25.099024633000056], [86.92920424400006, 25.099659839000026], [86.92834635200006, 25.09964252800006], [86.92843424300008, 25.09881568000003], [86.92757662300005, 25.098816416000034], [86.92653032900006, 25.097339128000044], [86.92590192100005, 25.09706194900008], [86.92412808300008, 25.096396], [86.92267370400003, 25.09625901800007], [86.92166633200009, 25.096906672000046], [86.92065736400008, 25.09816790800005], [86.91978114600005, 25.098624525000048], [86.91874860400009, 25.098523369000077], [86.91838360200006, 25.09828828700006], [86.91772824400005, 25.09748336800004], [86.91778735700007, 25.095632615000056], [86.91776333100006, 25.09496054400006], [86.91455299000006, 25.09510037800004], [86.91372471900007, 25.095434547000025], [86.91264191100004, 25.096191271000066], [86.91155911400006, 25.096947982000074], [86.90963093300007, 25.097696067000072], [86.90704297300005, 25.098780868000063], [86.90571750300006, 25.099007717000063], [86.90235355900006, 25.099898074000066], [86.89896297100006, 25.099908766000055], [86.89839717000007, 25.098755372000028], [86.89640347000005, 25.099801769000067], [86.89603737900006, 25.099485491000053], [86.89436998500008, 25.096020339000063], [86.89377324300006, 25.095882534000054], [86.89231559400008, 25.096237092000024], [86.89085803800003, 25.096591629000045], [86.88981048600004, 25.097221413000057], [86.89004222900007, 25.097868649000077], [86.88933684200003, 25.098129193000034], [86.88959904800004, 25.098834792000048], [86.88942738400004, 25.09897201900003], [86.88766971100006, 25.099880417000065], [86.88597694300006, 25.10007958800003], [86.88544362400006, 25.09948531400005], [86.88578175600009, 25.098818223000023], [86.88500751000004, 25.098009991000026], [86.88358452600005, 25.097245018000024], [86.88175841600008, 25.097851715000047], [86.88024025800007, 25.09813014300005], [86.87953432200004, 25.09797539300007], [86.87938215500003, 25.09771987700003], [86.87925694500007, 25.096872876000077], [86.87878518100007, 25.096440347000055], [86.87801265000007, 25.09649849400006], [86.87701008800008, 25.09677570300005], [86.87612499400007, 25.096952388000034], [86.87513963700007, 25.097035376000065], [86.87479564500006, 25.096513381000022], [86.87445171100006, 25.095991474000073], [86.87376450700003, 25.09463622000004], [86.87359295300007, 25.093275273000074], [86.87327414300006, 25.092782383000042], [86.87250037700005, 25.09312477900005], [86.87185636300006, 25.093533473000036], [86.87062154800003, 25.09386732100006], [86.86874881100005, 25.094325440000034], [86.86603078300004, 25.09533882900007], [86.86346056300005, 25.096661899000026], [86.86277723300003, 25.096718958000054], [86.86152866300006, 25.097152228000027], [86.86058747800007, 25.097956613000065], [86.85896177700005, 25.09911594500005], [86.85754480800006, 25.100692697000056], [86.85780820400004, 25.10149754400004], [86.85876869300006, 25.103680213000075], [86.85799966200005, 25.104008957000076], [86.85675480000003, 25.104342856000073], [86.85461465300006, 25.10445627200005], [86.85474302700004, 25.105934983000054], [86.85408128400007, 25.106131679000043], [86.85399058100006, 25.106782469000052], [86.85351693100006, 25.106959120000056], [86.85270681900005, 25.107937993000064], [86.85082395900008, 25.10877961600005], [86.85009422400003, 25.108706333000043], [86.84902324900008, 25.107937158000027], [86.84873592300005, 25.107759789000056], [86.84844851900004, 25.107582369000056], [86.84724844300007, 25.106029378000073], [86.84514859600006, 25.104671134000057], [86.84467570300006, 25.10414372500003], [86.84431416100006, 25.103019544000063], [86.84369169900003, 25.102805088000025], [86.84326100500004, 25.103238403000034], [86.84328560000006, 25.103987209000024], [86.84294091500004, 25.10646383200003], [86.84259696000004, 25.105930527000055], [86.84110519900008, 25.106348120000064], [86.83906923300003, 25.106857322000053], [86.83750171700007, 25.10717197100007], [86.83699520500005, 25.106721597000046], [86.83641382400003, 25.105852355000025], [86.83576613200006, 25.10559751200003], [86.83504062800006, 25.105853529000058], [86.83491318800003, 25.106346771000062], [86.83505975800006, 25.10695434200005], [86.83118599500006, 25.107956889000036], [86.83103663900005, 25.109452114000078], [86.83000924800007, 25.109747430000027], [86.82884753500008, 25.11039601500005], [86.82809869300007, 25.110372407000057], [86.82788538300008, 25.109982046000027], [86.82734682700004, 25.109351506000053], [86.82672610900005, 25.10927237800007], [86.82541659600008, 25.11076646400005], [86.82449558000008, 25.110081282000067], [86.82366949500005, 25.109061152000038], [86.82412419600007, 25.10585694300005], [86.82384088200007, 25.105029612000067], [86.82195485200003, 25.105243608000023], [86.82148607100004, 25.105027445000076], [86.81968904400009, 25.105226981000044], [86.81920134800004, 25.104695175000074], [86.81866546200007, 25.10349145200007], [86.81791588400006, 25.10146865100006], [86.81751043300005, 25.09883312000005], [86.81710134500008, 25.09784912400005], [86.81661479600007, 25.095846142000028], [86.81616423600008, 25.093558553000037], [86.81569317900005, 25.092381172000046], [86.81468798100008, 25.092852083000025], [86.81385104700007, 25.092915051000034], [86.81355601900003, 25.092322483000032], [86.81061826000007, 25.092854286000033], [86.80884396600004, 25.092872902000067], [86.80777068800006, 25.09306476100005], [86.80735957900004, 25.093479695000042], [86.80701678200006, 25.09381273200006], [86.80626918200005, 25.09584224300005], [86.80574305500005, 25.09696920300007], [86.80521699400003, 25.098096010000063], [86.80622319100007, 25.09925879900004], [86.80734026800008, 25.098213673000032], [86.80871340300007, 25.09703948500004], [86.81032171900006, 25.09721213100005], [86.81070217500007, 25.097505944000034], [86.81115853200004, 25.097925341000064], [86.81143100700007, 25.098689582000077], [86.81147378000009, 25.099713505000068], [86.81113126600007, 25.100069116000043], [86.81082772200006, 25.100758188000043], [86.81029787400007, 25.101580625000054], [86.80847101300003, 25.103725223000026], [86.80843051400007, 25.104835752000042], [86.80886069300004, 25.105133554000076], [86.80950709400008, 25.104896628000063], [86.80993341200008, 25.105289336000055], [86.80974168900008, 25.105801235000058], [86.80830622200006, 25.10637140500006], [86.80596654200008, 25.107176645000038], [86.80564930800006, 25.107572508000032], [86.80539000200008, 25.108626679000054], [86.80487690800004, 25.108826109000063], [86.80329195100006, 25.109727201000055], [86.80239068800006, 25.110594053000057], [86.80141208400005, 25.111222481000027], [86.80077710100005, 25.11138933500007], [86.80014211900004, 25.111556188000066], [86.79892402400003, 25.11167721000004], [86.79830285200006, 25.11194993500004], [86.79798333400004, 25.113740302000053], [86.79468459700007, 25.11321060800003], [86.79457800700004, 25.112620513000024], [86.79428106900008, 25.111477455000056], [86.79333738900004, 25.110548600000072], [86.79162694000007, 25.110548352000023], [86.79139298700005, 25.110081440000044], [86.79036489300006, 25.108345757000052], [86.78970076600007, 25.107576476000077], [86.78852677900005, 25.10685759200004], [86.78775815100005, 25.106048747000045], [86.78703113100005, 25.105004824000048], [86.78679574100005, 25.104019034000032], [86.78691980100007, 25.102835457000026], [86.78696644800004, 25.10220544200007], [86.78701309300004, 25.10157544900005], [86.78540391600006, 25.102526173000058], [86.78396780900005, 25.10384067700005], [86.78352613000004, 25.104204071000026], [86.78308455100006, 25.104567376000034], [86.78240032900004, 25.104962515000068], [86.78197470100008, 25.105021088000058], [86.78063987900003, 25.105314629000077], [86.77976574900003, 25.10557858800007], [86.78229357100008, 25.10751246800004], [86.78310532000006, 25.107031007000046], [86.78351060000006, 25.107333656000037], [86.78315116200008, 25.109115418000044], [86.78257991600003, 25.11061497700007], [86.78254150600009, 25.110719232000065], [86.78211032100006, 25.111522394000076], [86.78153907000006, 25.11223226100003], [86.78096275200005, 25.112527], [86.77952949600007, 25.112893775000032], [86.77818469700009, 25.113593582000078], [86.77699444300004, 25.11475659900003], [86.77608335500008, 25.116444641000044], [86.77550852300004, 25.11806615200004], [86.77511855000006, 25.120601760000056], [86.77433435500006, 25.122527700000035], [86.77406185900008, 25.123347288000048], [86.77364942200006, 25.12367195400003], [86.77324700300005, 25.12401000500006], [86.77224126400006, 25.124868796000044], [86.77179879200008, 25.12557731000004], [86.77106567400006, 25.127231895000023], [86.77050821500006, 25.127860378000037], [86.76930606700006, 25.128481968000074], [86.76854304300008, 25.12933360900007], [86.76754686700008, 25.13097286800007], [86.76709604700005, 25.131807889000072], [86.76614428300007, 25.132634413000062], [86.76376815000003, 25.133759791000045], [86.76231921300007, 25.134483070000044], [86.76407043800003, 25.136960740000063], [86.76460788600008, 25.137514767000027], [86.76517383400005, 25.137973825000074], [86.76564488600008, 25.139570992000074], [86.76627778600005, 25.139424611000038], [86.76718963200005, 25.140981202000035], [86.76850027900008, 25.14029535800006], [86.76870992000005, 25.140406077000023], [86.76883723500003, 25.14067549500004], [86.76898129300008, 25.14110277700007], [86.76916668000007, 25.142057494000028], [86.76875001900004, 25.142445360000067], [86.76929220800008, 25.143780081000045], [86.77031139400003, 25.146391546000075], [86.77042077800007, 25.146810023000057], [86.77056663700006, 25.147372692000033], [86.77032775600009, 25.147709005000024], [86.76959389600006, 25.14811822000007], [86.76884395700006, 25.148428240000044], [86.76754709900007, 25.148631050000063], [86.76684442400006, 25.148751090000076], [86.76659410700006, 25.148961185000076], [86.76709418900003, 25.150905599000055], [86.76730464700006, 25.151079410000023], [86.76786715100008, 25.15124961300006], [86.76834349800004, 25.151668990000076], [86.76962469400007, 25.153397764000033], [86.76992511700007, 25.15363380100007], [86.77034704100004, 25.153661043000056], [86.77078834900004, 25.153656563000027], [86.77099846300007, 25.15379877500004], [86.77106928800004, 25.153910868000025], [86.77112650400005, 25.154131376000066], [86.77112977100006, 25.15438861900003], [86.77077503200007, 25.155376002000025], [86.77040836500004, 25.15660719300007], [86.76940111200008, 25.157768271000066], [86.76895696700007, 25.158345974000042], [86.76890652900005, 25.158684911000023], [86.76884696800005, 25.159479763000036], [86.76897711000004, 25.162772708000034], [86.76564946900004, 25.163208376000057], [86.76614485800008, 25.164760229000024], [86.76681152700007, 25.167334586000038], [86.76720595200004, 25.171143811000036], [86.76870731000008, 25.171020075000058], [86.76970990000007, 25.172665927000025], [86.77044467400003, 25.17272159500004], [86.77072435000008, 25.173269278000078], [86.77366981700004, 25.173198402000025], [86.77555727000004, 25.179776489000062], [86.77625905600007, 25.181154589000073], [86.77658149200005, 25.183141384000066], [86.77716352000004, 25.184868177000055], [86.77832400100004, 25.18682378500006], [86.78071050600005, 25.192011180000065], [86.78214093800005, 25.195705734000057], [86.78307990200005, 25.19977098000004], [86.78420243900007, 25.199872163000066], [86.78457312100005, 25.20173204100007], [86.78470886600007, 25.202669267000033], [86.78400836100008, 25.203782122000064], [86.78189455200004, 25.206935788000067], [86.78235183200007, 25.20699416800005], [86.78318155400007, 25.20629513700004], [86.78339053600007, 25.20594556700007], [86.78366783100006, 25.205906596000034], [86.78402168700006, 25.206033735000062], [86.78430273500004, 25.20628358700003], [86.78483535300006, 25.206819507000034], [86.78516293200005, 25.207614884000066], [86.78584030800005, 25.208609637000052], [86.78674689000007, 25.208500952000065], [86.78714784600004, 25.20842909000004], [86.78747831700008, 25.208267706000072], [86.78780701800008, 25.20797545000005], [86.78821807700007, 25.207127314000047], [86.78851122600008, 25.206758747000038], [86.78868757100008, 25.206580991000067], [86.78893038700005, 25.206560386000035], [86.78917912000009, 25.20660743800005], [86.78949305400005, 25.206716965000055], [86.78983164400006, 25.206808176000038], [86.79017980900005, 25.206881274000068], [86.79044296700005, 25.206896635000078], [86.79072500200004, 25.20683053500005], [86.79095212100003, 25.206746939000027], [86.79119258400004, 25.206536785000026], [86.79138166700005, 25.206182916000046], [86.79166181500005, 25.205972402000043], [86.79195887400004, 25.20592416200003], [86.79225732200007, 25.20598423200005], [86.79276599400004, 25.206186480000042], [86.79348679000003, 25.206688862000078], [86.79465072300007, 25.207313054000053], [86.79524869200003, 25.207514323000055], [86.79570588500007, 25.207572760000062], [86.79593371200008, 25.20753879600005], [86.79610593800004, 25.207428667000045], [86.79619058800006, 25.207057814000052], [86.79631337500007, 25.205779428000028], [86.79650115600003, 25.205330693000064], [86.79667798100007, 25.20518893700006], [86.79723811800005, 25.205147010000076], [86.79923082600004, 25.20538790100005], [86.80002352900004, 25.20529833100005], [86.80073604500006, 25.205146485000057], [86.80111977200005, 25.204889748000028], [86.80152530900006, 25.204786222000052], [86.80179046800004, 25.204959426000073], [86.80209296700008, 25.20533980600004], [86.80228950600008, 25.205576938000036], [86.80255302000006, 25.205623779000064], [86.80296754600005, 25.205443460000026], [86.80354433200006, 25.205148649000023], [86.80428070400006, 25.20491971100006], [86.80464799300006, 25.20492945600006], [86.80496193600004, 25.205038951000063], [86.80535193700007, 25.205274023000072], [86.80565527300007, 25.20571757600004], [86.80607385300004, 25.205857578000064], [86.80651202500007, 25.205979300000024], [86.80711188200007, 25.20594139600007], [86.80767123000004, 25.205840764000072], [86.80806957900006, 25.205565857000067], [86.80872923900006, 25.205157257000053], [86.80955345100006, 25.20481458200004], [86.81033901900008, 25.204549077000024], [86.81122988100003, 25.204381776000048], [86.81191105900007, 25.20410380900006], [86.81238579900008, 25.203593393000062], [86.81309415200008, 25.202723984000045], [86.81351326200007, 25.202525555000022], [86.81396888800003, 25.20245757400005], [86.81437150600004, 25.20251651600006], [86.81474436200006, 25.202575755000055], [86.81525305600007, 25.202777929000035], [86.81652118600005, 25.203396267000073], [86.81775862100005, 25.204326318000028], [86.81832431900006, 25.20472188900004], [86.81862868300004, 25.204858596000065], [86.81913391800003, 25.204790073000026], [86.81967535400008, 25.204450311000073], [86.82035361800007, 25.203946751000046], [86.82092699400005, 25.203782696000076], [86.82141891000003, 25.203840726000067], [86.82194746000005, 25.20404264900003], [86.82224737000007, 25.204215485000077], [86.82251073700007, 25.20424423700007], [86.82343097800003, 25.204044974000055], [86.82439835700006, 25.204034662000026], [86.82506159500008, 25.203914732000044], [86.82569230700005, 25.20357414500006], [86.82614188000008, 25.20342493100003], [86.82652805800006, 25.20335767200004], [86.82670637900009, 25.20333773300007], [86.82684635600003, 25.20341744500007], [86.82697506000005, 25.203781579000065], [86.82700358100004, 25.204837229000077], [86.82711124200006, 25.205106820000026], [86.82734192700008, 25.20529385100008], [86.82781495600005, 25.205428720000043], [86.82876396200004, 25.205531434000022], [86.82929457300008, 25.205891285000064], [86.82944338000004, 25.20627323700006], [86.82949914500006, 25.206750988000067], [86.82960743400008, 25.20707022000005], [86.82982324600005, 25.20725744400005], [86.83005168500006, 25.207273072000078], [86.83034701900004, 25.207093885000063], [86.83050210700009, 25.206803483000044], [86.83060157000006, 25.20643683700007], [86.83061211800003, 25.206102868000073], [86.83059019400008, 25.20555699700003], [86.83088191600007, 25.20509367300008], [86.83128042300007, 25.204832151000062], [86.83183865600006, 25.20465020100005], [86.83252308200008, 25.204629383000054], [86.83310329500006, 25.20460505500006], [86.83340226800004, 25.204701147000037], [86.83345924900004, 25.204890126000066], [86.83335979100008, 25.205256682000027], [86.83320916000008, 25.205881039000076], [86.83271553700007, 25.207226529000025], [86.83264937700005, 25.20748443900004], [86.83272050100004, 25.20761003700005], [86.83301850200007, 25.20763844100003], [86.83337033200007, 25.207603092000056], [86.83373459200004, 25.207373580000024], [86.83408306400008, 25.207085508000034], [86.83427180800004, 25.20671795800007], [86.83435054600005, 25.20628393900006], [86.83430697600005, 25.205598489000067], [86.83417426800008, 25.204548545000023], [86.834253, 25.204114434000076], [86.83454920400004, 25.20400302400003], [86.83483179000007, 25.20398188100006], [86.83591161800007, 25.203848480000033], [86.83654485600005, 25.203701812000077], [86.83707186800007, 25.203790956000034], [86.83738605200006, 25.203913922000027], [86.83760286500006, 25.20418237100006], [86.83785199900007, 25.20464448000007], [86.83814249900007, 25.205232486000057], [86.83794915800007, 25.205248126000072], [86.83753044700006, 25.20547821200006], [86.83710011200003, 25.20596112800007], [86.83659527100008, 25.20644493700007], [86.83619760400006, 25.206769561000044], [86.83590469300003, 25.207138213000064], [86.83599665500003, 25.207344814000066], [86.83633189800008, 25.207562324000037], [86.83715154400005, 25.207630247000054], [86.83793847500004, 25.20748194400005], [86.83846161400004, 25.207268714000065], [86.83937936600006, 25.20649175500006], [86.83962664900008, 25.206425902000035], [86.83995984100005, 25.20648545100005], [86.84013676500007, 25.206740823000075], [86.84019590900004, 25.207087656000056], [86.84014695500008, 25.207521376000045], [86.83973132800008, 25.209136862000037], [86.83980865300003, 25.209740645000068], [86.83998700600006, 25.210104233000038], [86.84037697100007, 25.210325675000036], [86.84070945100007, 25.210335676000057], [86.84111405300007, 25.210159839000028], [86.84133918900005, 25.209918212000048], [86.84157580300007, 25.209419337000043], [86.84153974200007, 25.207790639000052], [86.84132820000008, 25.206407639000076], [86.84148425500007, 25.20619837000004], [86.84176130000003, 25.206132212000057], [86.84223834500006, 25.20619018800005], [86.84247770400003, 25.20628696400007], [86.84286244500004, 25.206490384000062], [86.84360592600007, 25.20681626100003], [86.84399379300004, 25.206875319000062], [86.84423660100003, 25.20685462800003], [86.84439228000008, 25.206613764000053], [86.84456105200007, 25.20624643800005], [86.84477045100004, 25.205941823000046], [86.84508137500006, 25.205812140000035], [86.84541868400004, 25.20580846200005], [86.84568349900007, 25.205945576000033], [86.84588137000009, 25.20628184700007], [86.84588637400003, 25.20666535500004], [86.84536593600006, 25.207465143000036], [86.84507893500006, 25.208285015000058], [86.84524279200008, 25.208680387000072], [86.84549397900008, 25.208916801000044], [86.84602284900006, 25.209136784000066], [86.84722067400008, 25.20967882800005], [86.84850758800007, 25.210571988000027], [86.84917485300008, 25.210754320000035], [86.84950578100006, 25.21064245100007], [86.84975196400006, 25.210495351000077], [86.84988647400007, 25.210159947000022], [86.84980894600005, 25.209538114000054], [86.84964054700004, 25.208804373000078], [86.84948892800008, 25.207831302000045], [86.84951657300007, 25.207289503000027], [86.84961820300003, 25.207098853000048], [86.85008929600008, 25.20707569700005], [86.85061584200008, 25.207119661000036], [86.85119950900008, 25.20736604500007], [86.85155535000007, 25.207632927000077], [86.85180381000004, 25.20804537500004], [86.85210487400008, 25.208299384000043], [86.85258388600005, 25.20850173900004], [86.85267239300003, 25.208821189000048], [86.85244664900006, 25.209013189000075], [86.85192437000006, 25.209289554000065], [86.85109559500006, 25.21003408200005], [86.85092594500009, 25.210721781000075], [86.85118656000003, 25.21167564800004], [86.85143800300006, 25.21344631200003], [86.85163076600008, 25.21377367900004], [86.85215818800003, 25.213880817000074], [86.85271875300003, 25.213874704000034], [86.85361094300004, 25.213801835000027], [86.85457654400005, 25.213647011000035], [86.85552219400006, 25.21349232700004], [86.85625674200008, 25.213502361000053], [86.85683885300006, 25.21362245000006], [86.85769117500007, 25.21391551800008], [86.85920376800004, 25.21460755700008], [86.85971961200005, 25.214592895000067], [86.86046391000008, 25.214593815000057], [86.86092913600004, 25.214498454000022], [86.86134872700006, 25.21433599900007], [86.86192045200005, 25.214040915000055], [86.86240847900007, 25.21379644700005], [86.86286427600004, 25.213746377000064], [86.86312842400008, 25.213838244000044], [86.86346361200003, 25.214042153000037], [86.86428283600009, 25.21407834400003], [86.86493015700006, 25.213872695000077], [86.86524560300006, 25.21371586300006], [86.86606420600003, 25.21333240100006], [86.86632522000008, 25.21318065400004], [86.86701928000008, 25.212762441000052], [86.86758964500007, 25.21274266100005]], [[86.93821605700003, 25.119151720000048], [86.93827554300003, 25.12028196400007], [86.93815657000005, 25.120817343000056], [86.93771042100008, 25.121531181000023], [86.93708581300007, 25.121709641000052], [86.93669915000004, 25.121709641000052], [86.93625300100007, 25.121590668000067], [86.93607454200009, 25.121055289000026], [86.93571762300007, 25.12013324800006], [86.93562839300006, 25.119568126000047], [86.93571762300007, 25.118943518000037], [86.93643146100004, 25.118794801000035], [86.93753196200004, 25.118497369000067], [86.93821605700003, 25.119151720000048]]]]}}, {"type": "Feature", "properties": {"OBJECTID": 128, "BLOCK_CODE": "0014", "NEAR_TOWN": "BHAGALPUR", "BLK_NAME": "GORADIH", "DIST_NAME": "BHAGALPUR"}, "geometry": {"type": "MultiPolygon", "coordinates": [[[[86.99770118900005, 25.229774897000027], [86.99794925600008, 25.229623694000054], [86.99836229400006, 25.229675058000055], [86.99852474100004, 25.229364329000077], [86.99872039500008, 25.229192178000062], [86.99922031800008, 25.229426231000048], [86.99956672300004, 25.22966722500007], [87.00003344500004, 25.229762789000063], [87.00086844500004, 25.22956171800007], [87.00113698500007, 25.229316227000027], [87.00129826600005, 25.22851554300007], [87.00114241700004, 25.228009273000055], [87.00155301500007, 25.227547327000025], [87.00224221800005, 25.227492831000063], [87.00304133700007, 25.227573347000032], [87.00326626300006, 25.227936502000034], [87.00333522800008, 25.228260082000077], [87.00324695400008, 25.228520736000064], [87.00307295900006, 25.22862196500006], [87.00284919800004, 25.228748762000066], [87.00260113900003, 25.22889997300007], [87.00273524500005, 25.22947726600006], [87.00286426000008, 25.22996143200004], [87.00318902100008, 25.230273345000057], [87.00352906900008, 25.23039794700003], [87.00398169000005, 25.23023747700006], [87.00419791400003, 25.229971032000037], [87.00433987200006, 25.229754580000076], [87.00471069000008, 25.229504546000044], [87.00492181600004, 25.229144974000064], [87.00517369100004, 25.229063534000034], [87.00540636300008, 25.22909963500007], [87.00564805600004, 25.229298723000056], [87.00592795500006, 25.229729426000063], [87.00589337000008, 25.230034284000055], [87.00544065100007, 25.230194764000032], [87.00514400200007, 25.230394903000047], [87.00494963300008, 25.230590412000026], [87.00493552100005, 25.230800986000077], [87.00497255400006, 25.231009338000035], [87.00503260700003, 25.231169924000028], [87.00559770000007, 25.23119107200006], [87.00612967800004, 25.231073636000076], [87.00648393700004, 25.230987559000027], [87.00678823200008, 25.23092715200005], [87.00714621300006, 25.230910945000062], [87.00733294700007, 25.231042479000052], [87.00752595100005, 25.231290401000024], [87.00757063100008, 25.23163839500006], [87.00777383100007, 25.232072567000046], [87.00773925000004, 25.23237742400005], [87.00760366500003, 25.232710263000058], [87.00717651000008, 25.232869590000064], [87.00676474400007, 25.233308287000057], [87.00660740400008, 25.233712057000048], [87.00653842100007, 25.23416039500006], [87.00667091000008, 25.234876178000036], [87.00695248800008, 25.23490591600006], [87.00848805300006, 25.234836392000034], [87.00989563000007, 25.234984890000078], [87.01037951300003, 25.235302669000077], [87.01118683000004, 25.235563311000078], [87.01146192000004, 25.235402383000064], [87.01176249800005, 25.235272095000028], [87.01219347800009, 25.23518253000003], [87.01265395600007, 25.235161668000046], [87.01324601400006, 25.23520488300005], [87.01388931000008, 25.235245681000038], [87.01501100900003, 25.235124899000027], [87.01619522300007, 25.235211211000035], [87.01635646000005, 25.234877202000064], [87.01633732000005, 25.234527960000037], [87.01631052700003, 25.234039078000023], [87.01611101900005, 25.233674696000037], [87.01608550200007, 25.233209072000022], [87.01612261200006, 25.232950729000038], [87.01635290000007, 25.232473508000055], [87.01608338100004, 25.230361937000055], [87.01589663900006, 25.23023041400006], [87.01559224900006, 25.230290844000024], [87.01513189000008, 25.230311710000024], [87.01500665200007, 25.22989732900004], [87.01479306200008, 25.22974361300004], [87.01386969900005, 25.229738827000062], [87.01374701400005, 25.229370962000075], [87.01380459600006, 25.229018335000035], [87.01399267000005, 25.228706334000037], [87.01433671900008, 25.228434081000046], [87.01448578400004, 25.22834770000003], [87.014459, 25.227858816000037], [87.01449483300007, 25.22757712200007], [87.01530830900003, 25.226980113000025], [87.01542340100008, 25.226741551000032], [87.01540687500005, 25.22597213100005], [87.01519988800004, 25.225001315000043], [87.01543526700004, 25.224617219000038], [87.01584962500004, 25.224225009000065], [87.01622050100008, 25.223974850000047], [87.01690084800003, 25.223757292000073], [87.01773470500007, 25.223532770000077], [87.01822958700006, 25.223206942000047], [87.01868236600006, 25.22304642000006], [87.01907241600009, 25.222678619000078], [87.01921438300008, 25.221995366000044], [87.01890893200004, 25.22109905800005], [87.01889616700004, 25.220866199000056], [87.01913653600008, 25.220575318000044], [87.02028880900008, 25.220079584000075], [87.02108547900008, 25.219646699000066], [87.02237632300006, 25.218873806000033], [87.02272671100008, 25.21871791600006], [87.02282652500008, 25.218666662000032], [87.02295947100004, 25.218753986000024], [87.02298117700008, 25.219149746000028], [87.02372278700005, 25.220049662000065], [87.02400793600003, 25.22057345500008], [87.02459617600005, 25.221013542000037], [87.02584289800006, 25.221306969000068], [87.02641709700004, 25.221491023000056], [87.02719329800004, 25.22115239200008], [87.02748999200008, 25.22095220600005], [87.02767930300007, 25.220663538000053], [87.02768314900004, 25.22026661800004], [87.02752847800008, 25.21978353800006], [87.02704633800005, 25.219408686000065], [87.02665122100007, 25.21921650300004], [87.02620625600008, 25.21905008300007], [87.02611677600004, 25.21882070600003], [87.02609378300008, 25.21840168800003], [87.02626382800008, 25.217763783000066], [87.02625362900005, 25.217110837000064], [87.02620634600004, 25.21671623700007], [87.02603122800008, 25.21632744200008], [87.02674004800008, 25.21560517000006], [87.02689099900005, 25.215527722000047], [87.02716573500004, 25.215350373000035], [87.02760301200004, 25.214836081000044], [87.02786883000005, 25.21449444700005], [87.02796942700007, 25.214442785000074], [87.02806615500003, 25.21432061300004], [87.02858342600007, 25.214320713000063], [87.02903360000005, 25.214512141000057], [87.02943342900005, 25.214729447000025], [87.02946566300005, 25.215316606000044], [87.02948113100007, 25.215598372000045], [87.03028476600008, 25.21610339600005], [87.03097364500007, 25.216872597000076], [87.03224296300004, 25.217850888000044], [87.03340909200006, 25.21836301600007], [87.03433335700004, 25.218474085000025], [87.03527116300006, 25.218125393000037], [87.03649666000007, 25.21736336600003], [87.03788072800006, 25.216664711000078], [87.03852700300007, 25.216187975000025], [87.03900684000007, 25.21550693200004], [87.03944788900003, 25.214592182000047], [87.03941565500008, 25.21353408600004], [87.03943104200005, 25.212874166000063], [87.03966966100006, 25.212510155000075], [87.04078215500004, 25.212282964000053], [87.04225265700006, 25.21221605200003], [87.04243581900005, 25.212254811000037], [87.04378384100005, 25.21231123900003], [87.04462612600008, 25.212578962000066], [87.04514992200006, 25.213167244000033], [87.04600645500005, 25.213222435000034], [87.04654811800003, 25.212726925000027], [87.04691058900005, 25.212263074000077], [87.04734656600004, 25.212196126000038], [87.04777745400008, 25.21250606800004], [87.04805612300004, 25.21287012700003], [87.04846116200008, 25.212710397000023], [87.04896022500003, 25.21238160100006], [87.04911245800008, 25.21185663400007], [87.04937681600006, 25.21149143300005], [87.04937414200003, 25.210973614000068], [87.04923994200004, 25.21041469200003], [87.04913797300009, 25.209971990000042], [87.04960101200004, 25.209456456000055], [87.04920164200007, 25.208073811000077], [87.04911639000005, 25.207465472000024], [87.04896030400005, 25.206978141000036], [87.04897185100003, 25.206718644000034], [87.04944522300008, 25.206391015000065], [87.04993788500008, 25.206415664000076], [87.05033643800004, 25.206138534000047], [87.05049511800007, 25.206201900000053], [87.05100847400007, 25.206131415000073], [87.05118396400007, 25.206971019000036], [87.05128593700005, 25.207413720000034], [87.05149366800003, 25.20789869600003], [87.05175820900007, 25.208475270000065], [87.05215805800003, 25.208692519000067], [87.05220322500008, 25.20880814900005], [87.05441538500008, 25.208825192000063], [87.05601875800005, 25.20882268500003], [87.05682104300007, 25.20883319400008], [87.05825395400007, 25.20808502400007], [87.05990740200008, 25.207114899000032], [87.06068753300008, 25.206255294000073], [87.06171927700007, 25.205737270000043], [87.06144931500006, 25.203654124000025], [87.06116724500004, 25.202525120000075], [87.06095689600005, 25.201993180000045], [87.06065892600003, 25.201747804000036], [87.06018676400004, 25.201628065000023], [87.05883765700008, 25.201548333000062], [87.05868144100003, 25.20106101500005], [87.05836134500004, 25.199945445000026], [87.05808783300006, 25.199204503000033], [87.05772270900007, 25.198679619000075], [87.05757036400007, 25.197791867000035], [87.05772052000003, 25.19746724600003], [87.05893804100003, 25.197034950000045], [87.05940995300006, 25.196683759000052], [87.05936606700004, 25.196356193000042], [87.05904610100004, 25.19571146800007], [87.05879952800007, 25.194521946000066], [87.05877958900004, 25.191815244000054], [87.05882501000008, 25.19005915200006], [87.05880805500004, 25.189282911000078], [87.05976768000005, 25.18886273800007], [87.06100556500007, 25.187864448000028], [87.06244469600006, 25.187233717000026], [87.06459983200006, 25.18657608700005], [87.06459991300005, 25.18657606200003], [87.06469305400003, 25.186507040000038], [87.06454211700003, 25.186113673000023], [87.06396801000005, 25.185551248000024], [87.06294633900006, 25.18437361200006], [87.06192209200003, 25.18314890000005], [87.06112600600005, 25.18137222400003], [87.06020219800007, 25.17915401600004], [87.05971445900008, 25.17828156400003], [87.05933654900008, 25.177521881000075], [87.05861159500006, 25.176566059000038], [87.05829999700006, 25.17630931900004], [87.05808672600006, 25.173846796000078], [87.05806199400007, 25.17245876100003], [87.05768814300006, 25.169662190000054], [87.06295296300004, 25.16902163800006], [87.06743772600004, 25.168769713000074], [87.06772154000004, 25.169227698000043], [87.06834953900005, 25.16936379200007], [87.06931783800007, 25.169107662000044], [87.07018681400007, 25.168455710000046], [87.07046010000005, 25.168254930000046], [87.07081723800007, 25.168167917000062], [87.07540592900006, 25.16454714200006], [87.07586666100008, 25.16295698500005], [87.07936800600004, 25.161085119000063], [87.08048200500008, 25.16139071200007], [87.08196725600004, 25.161322718000065], [87.08486734000007, 25.161332583000046], [87.08560225200006, 25.161869507000063], [87.08610675700004, 25.16248822500006], [87.08718196300003, 25.16350880300007], [87.09535612500008, 25.160763427000063], [87.09537780600004, 25.16115486700005], [87.09496006600006, 25.162101661000065], [87.09439995500009, 25.16330474600005], [87.09364832000006, 25.164588039000023], [87.09282998500004, 25.165374764000035], [87.09156912600008, 25.16630665400004], [87.09152147800006, 25.166861822000044], [87.09157850700007, 25.167537072000073], [87.09169324700008, 25.168548654000062], [87.09225454000006, 25.17072609300004], [87.09223261700004, 25.17210070400006], [87.09339748800005, 25.171378556000036], [87.09497803800008, 25.170913548000044], [87.09676183200008, 25.17058196100004], [87.09789513700008, 25.17052996500007], [87.09829977600003, 25.170761162000076], [87.09870082200007, 25.171634721000032], [87.09950015100009, 25.17191923000007], [87.10095561600008, 25.171317231000046], [87.10243069800003, 25.17107108400006], [87.10344682600004, 25.171024427000077], [87.10454696400006, 25.171081], [87.10513464700006, 25.170376050000073], [87.10544729200006, 25.17036169000005], [87.10761793300009, 25.16994087200004], [87.10787461800004, 25.171035140000072], [87.10850935800005, 25.172236917000077], [87.10901819300005, 25.173640695000074], [87.10998578300007, 25.174131424000052], [87.11030873000004, 25.175008544000036], [87.11152015700009, 25.174952860000076], [87.11170617500005, 25.175479505000055], [87.11270333200008, 25.176504055000066], [87.11341845400005, 25.179503830000044], [87.11646753900004, 25.179024713000047], [87.12118057100008, 25.17852240700006], [87.12514501900006, 25.177947431000064], [87.12720248800008, 25.177602706000073], [87.12940106600007, 25.176627220000057], [87.13251842800008, 25.174913590000074], [87.13339945500007, 25.17455186500007], [87.13400152200006, 25.174809536000055], [87.13423058900008, 25.17540550900003], [87.13496713400008, 25.175264536000043], [87.13614352400003, 25.17528161000007], [87.13707383400003, 25.17791469900004], [87.13767961000008, 25.180348563000052], [87.13792467600007, 25.18122931700003], [87.13847380300007, 25.18123964800003], [87.13951114000008, 25.180870678000076], [87.14037293200005, 25.18086657200007], [87.14197526000004, 25.180792609000036], [87.14345434100005, 25.18061722500005], [87.14374914300004, 25.18028250900005], [87.14352278900003, 25.178330586000072], [87.14373145900004, 25.177857176000032], [87.14420177400007, 25.17715749200005], [87.14441578400005, 25.176077203000034], [87.14449003700008, 25.174949912000045], [87.14463527100008, 25.173337595000078], [87.14504326400004, 25.172926312000072], [87.14505257900004, 25.172390678000056], [87.14497010500008, 25.171966266000027], [87.14488765700008, 25.17154198700007], [87.14459701200008, 25.169842795000022], [87.14516533300008, 25.169495441000038], [87.14650923400006, 25.16900515900005], [87.14843136200005, 25.168345473000045], [87.14910889800007, 25.167850385000065], [87.14955699600006, 25.16692873900007], [87.15000507000008, 25.16600712500008], [87.15062571400006, 25.16519346000007], [87.15137211800004, 25.16523038200006], [87.15216754600004, 25.16544337600004], [87.15275371000007, 25.165416272000073], [87.15295436800005, 25.164800358000036], [87.15331461200003, 25.16353494300006], [87.15378019200006, 25.16205055200004], [87.15370745700005, 25.16127760100005], [87.15323582000008, 25.15861479800003], [87.15322323800007, 25.15768763500006], [87.15377486900007, 25.15739456500006], [87.15805112400005, 25.156804282000053], [87.15831072100008, 25.156542497000032], [87.15975828600006, 25.154406081000047], [87.16061194000008, 25.154259465000052], [87.16242248500004, 25.153711851000025], [87.16340135600007, 25.15370218700008], [87.16353457400004, 25.15118060100008], [87.16357505100007, 25.150414110000042], [87.16366778100007, 25.14865891900007], [87.16342341600006, 25.14849180300007], [87.16204995100009, 25.148448404000078], [87.15733023000007, 25.14880956500008], [87.15658350400008, 25.146220223000057], [87.15627378700003, 25.145201916000076], [87.15621090300004, 25.14495606500003], [87.15614799900004, 25.144710128000042], [87.15575129900003, 25.143334458000027], [87.15486850200006, 25.14050301000003], [87.15429974100005, 25.137322277000067], [87.15418508300007, 25.13668111900006], [87.15384868300004, 25.136268564000034], [87.15299116400007, 25.136343899000053], [87.15174103700008, 25.136401716000023], [87.15132921100007, 25.136741871000027], [87.15112649700006, 25.13732212800005], [87.15066167900005, 25.13741495800008], [87.15064579000006, 25.13713025100003], [87.15042998200005, 25.13606989300007], [87.15002805500006, 25.13448283400004], [87.14970493800007, 25.13360577900005], [87.14923020300006, 25.133520628000042], [87.14896791900009, 25.133033300000022], [87.14847207500009, 25.13116513400007], [87.14782985400007, 25.129482168000038], [87.14761470300004, 25.12913533300008], [87.14707373600004, 25.129267343000038], [87.14639034300006, 25.12965570600005], [87.14493963800004, 25.13032938500004], [87.14334448900007, 25.131223642000066], [87.14315499700007, 25.13239204100006], [87.14248744500009, 25.133065094000074], [87.14122405100005, 25.133587317000035], [87.13800585200005, 25.13487765600007], [87.13725887600003, 25.13517978400006], [87.13583023700005, 25.12965598200003], [87.13563310400008, 25.12864128800004], [87.13557923900004, 25.128515754000034], [87.13759307600003, 25.127654972000073], [87.13747159300004, 25.127316981000035], [87.13570784700005, 25.122409650000066], [87.13436664100004, 25.122727484000052], [87.13355319800007, 25.12242371800005], [87.13323601900004, 25.120092142000033], [87.13206763000005, 25.12014603800003], [87.13153093600005, 25.118080531000032], [87.13184187200005, 25.11798499100007], [87.13215280700007, 25.117889449000074], [87.13318339300008, 25.117884583000034], [87.13361751700006, 25.11726694200007], [87.13377703600008, 25.11508249600007], [87.13436324600008, 25.114671203000057], [87.13619299300007, 25.114714879000076], [87.13761089300004, 25.114094398000077], [87.13591494400004, 25.111824892000072], [87.13543040000008, 25.110694697000042], [87.13492679500007, 25.109223806000045], [87.13381171200007, 25.108549623000044], [87.13275922300005, 25.107317511000076], [87.13200855700006, 25.106455624000034], [87.13107342900008, 25.105858454000042], [87.13013840000008, 25.10526130200003], [87.12932196900005, 25.104060954000033], [87.12824660000007, 25.103256788000067], [87.12713562200008, 25.101813874000072], [87.12649972600008, 25.101330919000077], [87.12579825300008, 25.100509501000033], [87.12549587800004, 25.099285439000028], [87.12484047100008, 25.09760814300006], [87.12430045700006, 25.09716343300005], [87.12359418400007, 25.096256787000073], [87.12348625900006, 25.09557879600004], [87.12301598200008, 25.09470403800003], [87.12191527900006, 25.094285154000033], [87.12128180500008, 25.093844740000065], [87.12105708400009, 25.093172034000077], [87.12132730400003, 25.09213513900005], [87.12214765800007, 25.090880636000065], [87.12015057100007, 25.090715113000044], [87.11781363400007, 25.090701069000033], [87.11619038300006, 25.09031956800004], [87.11456724300007, 25.089938046000043], [87.10876411500004, 25.08880599500003], [87.10911128500004, 25.093260808000025], [87.10894591800007, 25.09509323700007], [87.10474316700004, 25.095742667000025], [87.10144434800009, 25.096441706000064], [87.10123050800007, 25.094991692000065], [87.09979192100008, 25.094327801000077], [87.09792093700008, 25.09429205300006], [87.09554081900006, 25.09470546400007], [87.09442568100008, 25.095060792000027], [87.09344265000004, 25.092976934000035], [87.09209761500006, 25.092795323000075], [87.08974435500005, 25.093694054000025], [87.08694454000005, 25.096035721000078], [87.08452814100008, 25.097269707000066], [87.08409233100008, 25.09707897800007], [87.08365654900007, 25.096888259000025], [87.08346839000006, 25.09459713800004], [87.08208860000008, 25.09373702700003], [87.07963931400008, 25.09447271700003], [87.07893617400003, 25.094703348000053], [87.07823303200007, 25.094933979000075], [87.07611953300005, 25.096392028000025], [87.07634124800006, 25.09817681900006], [87.07472942000004, 25.097970124000028], [87.07293727300004, 25.09823737800008], [87.07080454300007, 25.099071802000026], [87.06970881700005, 25.099499969000078], [87.06955469300004, 25.09956019400005], [87.06756350200004, 25.100338247000025], [87.06395936500007, 25.10083946000003], [87.06422283300003, 25.10164014000003], [87.06405187300004, 25.102517904000024], [87.06225468200006, 25.103203876000066], [87.06009773500006, 25.103371603000028], [87.05872564900005, 25.103063562000045], [87.05908775200004, 25.104034675000037], [87.05683748700005, 25.10453002400004], [87.05458710300007, 25.105025345000058], [87.05175450300004, 25.10440434000003], [87.05154471900005, 25.105669013000067], [87.05141279200006, 25.105658878000042], [87.04867046300006, 25.10544818900007], [87.04796541200005, 25.10556871600005], [87.04690735500003, 25.105257592000044], [87.04675943900008, 25.102882143000045], [87.04646928700004, 25.101805883000054], [87.04560138300008, 25.10135723800005], [87.04464562600003, 25.101103742000078], [87.04284043300004, 25.10185906600003], [87.04219194100006, 25.09726302200005], [87.04133737300003, 25.094436436000024], [87.04009235400008, 25.09441212300004], [87.03992636600003, 25.094354403000068], [87.03991995000007, 25.09435217300006], [87.03852358200004, 25.093866599000023], [87.03699209700005, 25.09410322800005], [87.03642712400006, 25.094001571000035], [87.03542906700005, 25.093558703000042], [87.03500724900005, 25.09376941800008], [87.03483091200007, 25.095660664000036], [87.03481510300008, 25.09583021700007], [87.03211013100008, 25.096236500000032], [87.03220137800008, 25.09683151400003], [87.03079788400004, 25.09718990600004], [87.03045899400007, 25.096558320000042], [87.02583158500005, 25.09801935400003], [87.02612258700003, 25.10224035500005], [87.02167406300003, 25.10374528500006], [87.02087158300003, 25.10106748900006], [87.01923035500005, 25.100490593000075], [87.01753180400004, 25.10240655900003], [87.01619947900008, 25.103334566000058], [87.01617015700003, 25.10448334000006], [87.01677080100006, 25.10647106400006], [87.01563478200006, 25.10649459700005], [87.01461654600007, 25.10734823300004], [87.01402959600006, 25.10784029900003], [87.01358798500007, 25.108406587000047], [87.01306816000005, 25.109017894000033], [87.01226029800006, 25.108858594000026], [87.01244951900009, 25.110045099000047], [87.01322086100004, 25.11053203800003], [87.01406941000005, 25.11138090000003], [87.01413780500008, 25.11263057800005], [87.01523497700003, 25.112789554000074], [87.01544048600005, 25.11445051100003], [87.01423738900007, 25.11549686400008], [87.01386550100005, 25.118123617000037], [87.01486571200007, 25.118951494000044], [87.01434599100008, 25.12009430200004], [87.01182230700005, 25.118477195000025], [87.00840177600008, 25.11929537800006], [87.00829580400006, 25.120500697000068], [87.00909312200008, 25.120412303000023], [87.00941012300007, 25.120972110000025], [87.00952993600004, 25.122115031000078], [87.01001281500004, 25.122562897000023], [87.01096424100007, 25.12319836000006], [87.01245304400004, 25.123183018000077], [87.01502011200006, 25.12177206000007], [87.01636592700004, 25.121534232000045], [87.01778270300008, 25.121411048000027], [87.01804128400005, 25.121408005000035], [87.02028880000006, 25.121381531000054], [87.02082306000005, 25.121722611000052], [87.02134591700008, 25.12289939200008], [87.02162879900004, 25.123356396000077], [87.02230886000007, 25.12322109400003], [87.02593237200006, 25.122430157000053], [87.02779242400004, 25.128139494000038], [87.02813414200006, 25.129360336000047], [87.02658648500005, 25.129716187000042], [87.02629624900004, 25.12978292100007], [87.02600611300005, 25.12984965000004], [87.02576182100006, 25.13039612500006], [87.02558007500005, 25.130654236000055], [87.02312932500007, 25.13173390600008], [87.02232831700007, 25.13208677500006], [87.01978193800005, 25.133522984000024], [87.01959822700007, 25.13374551000004], [87.01960993100005, 25.13395916500008], [87.02053420500005, 25.134381157000064], [87.02091521900007, 25.134899234000045], [87.02105587900007, 25.135321129000033], [87.02088972300004, 25.13586404700004], [87.01998096700004, 25.13644067300004], [87.01933214500008, 25.136755735000065], [87.01911430600006, 25.136712076000038], [87.01889636700008, 25.136668420000035], [87.01786262400003, 25.13639405400005], [87.01745813300005, 25.136162555000055], [87.01667450300005, 25.136162444000036], [87.01643999800007, 25.136173083000074], [87.01585373700004, 25.13619968000006], [87.01537010700008, 25.135597033000067], [87.01524897300004, 25.13553115700006], [87.01512780700006, 25.13546526400006], [87.01278850500006, 25.136392251000075], [87.00853013500006, 25.137334845000055], [87.00586639500006, 25.13806233200006], [87.00338053300004, 25.138460439000028], [87.00222354900006, 25.138798345000055], [87.00167635700006, 25.13882311800006], [87.00085945800004, 25.13893143300004], [87.00047351200004, 25.13868126400007], [87.00072195100006, 25.13759881900006], [87.00056211300006, 25.13677097300007], [87.00022198200008, 25.13683853300006], [86.99931886500008, 25.137088248000055], [86.99960724400006, 25.138171279000062], [86.99888972200006, 25.138673502000074], [86.99806678700008, 25.138293155000042], [86.99758355100005, 25.137994757000058], [86.99740344300005, 25.137985580000077], [86.99716165000007, 25.13841714700004], [86.99711538900004, 25.13969466900005], [86.99678062800007, 25.140213018000054], [86.99634630300005, 25.140358006000042], [86.99590990700005, 25.140706119000072], [86.99598896500004, 25.14172941000004], [86.99635978400005, 25.14374212900003], [86.99723526500009, 25.146367009000073], [86.99634131300007, 25.146973137000032], [86.99635753500007, 25.14811013700006], [86.99582566200007, 25.148373538000044], [86.99550657900005, 25.14999729300007], [86.99589453400006, 25.15077334800003], [86.99649112200007, 25.151222007000058], [86.99656039200005, 25.15155968700003], [86.99622311900004, 25.151906539000038], [86.99538903400008, 25.15254358900006], [86.99492728300004, 25.15320333300008], [86.99491089900005, 25.15414209100004], [86.99521620800004, 25.155379371000038], [86.99689743700003, 25.155725059000076], [86.99704732400005, 25.156494921000046], [86.99758571100006, 25.156943445000024], [86.99796340800003, 25.156885991000024], [86.99831528100003, 25.156767312000056], [86.99929487900005, 25.15645627400005], [86.99917242500004, 25.155288049000035], [86.99889230100007, 25.153379991000065], [86.99991861900008, 25.15285338700005], [87.00154720200004, 25.152619591000075], [87.00240108000008, 25.152986171000066], [87.00240113900009, 25.152986197000075], [87.00242494500003, 25.15313936900003], [87.00311013800007, 25.153944989000024], [87.00321718100008, 25.155903181000042], [87.00342025100008, 25.156750534000025], [87.00378569100008, 25.15698383700004], [87.00584742100006, 25.15682435000008], [87.00600996200006, 25.15681177500005], [87.00839642800008, 25.15673933200003], [87.01006757800008, 25.15648517900007], [87.01051955900004, 25.156330876000027], [87.01097164100008, 25.156176567000045], [87.01170850900007, 25.15603607500003], [87.01244732700007, 25.15593124800006], [87.01251175000004, 25.156392270000026], [87.01209138600007, 25.157303635000062], [87.01212049900005, 25.158551473000045], [87.01213987100004, 25.15962132800007], [87.01227078700003, 25.15986524300007], [87.01300767400005, 25.159724744000073], [87.01319728800007, 25.159609148000072], [87.01379534900008, 25.159796122000046], [87.01381484300003, 25.16015218000007], [87.01368186700006, 25.160586484000078], [87.01389291800007, 25.160862430000066], [87.01399449700006, 25.161286191000045], [87.01406672500008, 25.161889615000064], [87.01409596500008, 25.162423655000055], [87.01388285500008, 25.16282592500005], [87.01432066700005, 25.16294883100005], [87.01421898500007, 25.16323895800008], [87.01300712100004, 25.163293905000046], [87.01156070200005, 25.16335947300007], [87.01082573900004, 25.163535543000023], [87.01046199100006, 25.16405172700007], [87.01075510200008, 25.16510917200003], [87.01119973300007, 25.16571368900003], [87.01204992200007, 25.166210517000025], [87.01241735300005, 25.16647937700003], [87.01247983300004, 25.166904817000045], [87.01254426600008, 25.167365928000038], [87.01302703400006, 25.167593891000024], [87.01361343900004, 25.167567305000034], [87.01379905400006, 25.16809425400004], [87.01397492100006, 25.168443128000035], [87.01557387500009, 25.16829928900006], [87.01625212200008, 25.168518377000055], [87.01651788600003, 25.169077354000024], [87.01665467200007, 25.169428090000054], [87.01705926100004, 25.169659495000076], [87.01823404400005, 25.169641961000025], [87.01873235500005, 25.170868506000033], [87.01880266100005, 25.171436347000054], [87.01978003100004, 25.171392], [87.02014164300004, 25.17155410600003], [87.02016310600004, 25.171945739000023], [87.02034290000006, 25.17236585300003], [87.02043474900006, 25.172611534000055], [87.02116975100006, 25.172435419000067], [87.02178746600003, 25.172264625000025], [87.02232503400006, 25.17206170700007], [87.02259674800007, 25.17201370600003], [87.02276874200004, 25.17229141400003], [87.02301892700007, 25.172565572000053], [87.02289182600003, 25.173106707000045], [87.02378601100008, 25.175475297000048], [87.02405963600006, 25.17617675400004], [87.02411424900004, 25.17788736500006], [87.02259980300005, 25.178159701000027], [87.02215571200009, 25.178207876000045], [87.02171172300007, 25.17825604500007], [87.02062083200008, 25.178586092000046], [87.02036264800006, 25.178653934000067], [87.02010456500005, 25.178721771000028], [87.01952216700005, 25.178776214000038], [87.01914264600003, 25.179158114000074], [87.01848423600006, 25.179230102000076], [87.01758541700008, 25.179130607000047], [87.01689090100007, 25.179386520000037], [87.01601047200006, 25.179622752000057], [87.01560784900005, 25.179584977000047], [87.01506704800005, 25.179272837000042], [87.01460616500003, 25.179293734000055], [87.01438347900006, 25.178602488000024], [87.01414530700004, 25.178192481000053], [87.01381663800004, 25.177814685000044], [87.01338637100008, 25.177834191000045], [87.01276093700005, 25.17822722300008], [87.01162858800006, 25.17836269000003], [87.01138116100003, 25.178345886000045], [87.01083118600008, 25.177865863000022], [87.01050712200004, 25.17757199400006], [87.00959588100005, 25.177809586000024], [87.00838660700003, 25.178229052000063], [87.00725109500007, 25.17830859600008], [87.00544481800006, 25.178797194000026], [87.00423552200004, 25.179216627000073], [87.00319835300007, 25.17940384800005], [87.00276205800003, 25.179311346000077], [87.00255014600003, 25.178815992000068], [87.00222752500008, 25.17855005800004], [87.00195091500007, 25.178562577000037], [87.00180643500005, 25.17873749300003], [87.00212423100004, 25.18004155500006], [87.00251193500009, 25.181216284000072], [87.00289964000007, 25.182390919000056], [87.00354578900004, 25.18519494900005], [87.00411932700007, 25.18695034700005], [87.00476430700007, 25.188604265000038], [87.00557379500003, 25.189886054000056], [87.00606084300006, 25.19034092800007], [87.00608227100008, 25.190732651000076], [87.00558890100007, 25.191288043000043], [87.00463491000005, 25.19018108000006], [87.00424011300004, 25.189722026000027], [87.00381745600004, 25.189881426000056], [87.00347775400007, 25.190429856000037], [87.00331314000005, 25.19136295900006], [87.00324843700008, 25.191870831000074], [87.00300169300004, 25.19214852500005], [87.00236095900004, 25.192261666000036], [87.00218421600005, 25.192409932000032], [87.00228848600005, 25.19319069000005], [87.00261255900006, 25.19404564100006], [87.00256632700007, 25.19432826800005], [87.00145536400004, 25.194294401000036], [87.00128002600007, 25.19503168600005], [87.00108011000003, 25.195321265000075], [87.00066835700005, 25.195115394000027], [87.00045337200004, 25.19456414600006], [87.00022602400009, 25.194350024000073], [86.99979416700006, 25.19434145300005], [86.99927628200004, 25.19444902200007], [86.99816225900008, 25.194359145000078], [86.99814713300003, 25.193233364000037], [86.99758294300005, 25.192417372000023], [86.99758291700005, 25.19241734900004], [86.99656994700007, 25.191534399000034], [86.99581962500008, 25.19145294200007], [86.99473556500004, 25.191623697000068], [86.99233323000004, 25.191886648000036], [86.99117380300004, 25.191990558000043], [86.98996792700007, 25.19231608000007], [86.98880785600005, 25.19237484300004], [86.98781922900008, 25.19228263800005], [86.98772094700007, 25.192346980000025], [86.98767171700007, 25.193768916000067], [86.98836337500006, 25.19601244200004], [86.98931819600006, 25.19756707600004], [86.99006135800005, 25.198537486000077], [86.99052678200007, 25.19916820800006], [86.99160903400008, 25.199566098000048], [86.99182509700006, 25.200100534000057], [86.99127933100004, 25.200801917000035], [86.99041353100006, 25.200969963000034], [86.98932987200004, 25.200824828000066], [86.98801348600006, 25.20071388100007], [86.98486337900005, 25.201445833000037], [86.98292008600004, 25.201910746000067], [86.98250975000008, 25.202362316000062], [86.98429687500004, 25.203130996000027], [86.98548645200003, 25.203748767000036], [86.98562940100004, 25.204031416000078], [86.98512199800007, 25.204989454000042], [86.98488523100008, 25.205434484000023], [86.98576484400007, 25.206579291000025], [86.98514469800006, 25.20693398700007], [86.98463282300008, 25.207576304000042], [86.98474500500004, 25.20814354500004], [86.98513507200005, 25.20870745700006], [86.98595910000006, 25.208034458000043], [86.98663152200004, 25.208563595000044], [86.98619219000005, 25.209421518000056], [86.98661663600006, 25.209958070000027], [86.98703870500003, 25.210332162000043], [86.98736066400005, 25.210991671000045], [86.98789910000005, 25.212217209000073], [86.98832132500007, 25.212595806000024], [86.98679686400004, 25.213565763000076], [86.98606308900008, 25.21360598600006], [86.98559013000005, 25.213498775000062], [86.98556239800007, 25.21389367000006], [86.98559214100004, 25.21517263000004], [86.98571111500007, 25.21642184700005], [86.98594906100004, 25.21761157800006], [86.98624649300007, 25.21865259200007], [86.98663812300003, 25.22020526700004], [86.98845416700004, 25.22019755200006], [86.98791236600005, 25.22222092100003], [86.98773716600004, 25.223161468000058], [86.98771125200005, 25.22413646900003], [86.98836838900007, 25.22498155900007], [86.98912369100003, 25.226091775000043], [86.98942598800005, 25.22676506700003], [86.98960319800005, 25.22875292200007], [86.98989366400008, 25.22998135000006], [86.98967807300005, 25.23052532400004], [86.98909296200009, 25.230911253000045], [86.98840316600007, 25.231257855000024], [86.98791582200005, 25.231534305000025], [86.98767094300007, 25.231762760000038], [86.98752940400004, 25.23227887200005], [86.98803709800006, 25.23308057500003], [86.98863390100007, 25.233524829000032], [86.98913585400004, 25.23392046600003], [86.98925908800004, 25.234212385000035], [86.98922563100007, 25.23499336200007], [86.98908763400004, 25.236461484000074], [86.99031547400006, 25.236248540000076], [86.99115541900005, 25.235990440000023], [86.99204931100007, 25.235677554000063], [86.99267389900007, 25.235277667000048], [86.99343284900004, 25.23490774000004], [86.99407647500004, 25.234800877000055], [86.99493846400009, 25.23468690800007], [86.99570180600006, 25.234623747000057], [86.99630656600004, 25.234571438000046], [86.99758247400007, 25.234554401000025], [86.99793462700006, 25.234514795000052], [86.99820700700008, 25.23433926900003], [86.99843092600008, 25.233746156000052], [86.99847217200005, 25.232624944000065], [86.99854149900005, 25.232015596000053], [86.99843214500004, 25.231421884000042], [86.99801159300006, 25.230764185000055], [86.99776746800006, 25.230518563000032], [86.99758860400004, 25.23005996300003], [86.99759313600003, 25.230048483000076], [86.99770118900005, 25.229774897000027]]]]}}, {"type": "Feature", "properties": {"OBJECTID": 129, "BLOCK_CODE": "0008", "NEAR_TOWN": "COLGONG", "BLK_NAME": "KAHALGAON", "DIST_NAME": "BHAGALPUR"}, "geometry": {"type": "MultiPolygon", "coordinates": [[[[87.37455254600007, 25.299612781000064], [87.36952291300008, 25.30018145100007], [87.36783973000007, 25.301056946000074], [87.36638986500003, 25.301246478000053], [87.36500965000005, 25.30089885500007], [87.36391244000004, 25.30006374800007], [87.36356984600008, 25.299147498000025], [87.36319758600007, 25.29865994200003], [87.35994049300007, 25.29877248200006], [87.35856031900005, 25.29819908500008], [87.35720005500008, 25.297039011000038], [87.35609305400004, 25.295869844000038], [87.35482695700006, 25.295851553000034], [87.35352618900004, 25.295905590000075], [87.35236447100004, 25.295463056000074], [87.35150573500005, 25.294158474000028], [87.35015549600007, 25.293223950000026], [87.34928707700004, 25.29129649400005], [87.34894510500004, 25.28831297800008], [87.34841912500008, 25.28713479700008], [87.34729212800005, 25.28705334800003], [87.34714330100007, 25.28672833400003], [87.34795282000005, 25.28540151900006], [87.34845964800007, 25.283226014000036], [87.34867842500006, 25.281411646000038], [87.34972104300005, 25.280676064000033], [87.35108635800003, 25.28036488200007], [87.35121541300003, 25.28013921200005], [87.35140416900003, 25.279832273000068], [87.35120578100003, 25.27881218500005], [87.35068954000008, 25.278329131000078], [87.34908606400006, 25.278586177000022], [87.34764635100004, 25.27913202800005], [87.34609255700008, 25.279091105000077], [87.34553188700005, 25.277881378000075], [87.34386396800005, 25.277840410000067], [87.34376945300005, 25.278463241000054], [87.34423070300005, 25.280268849000038], [87.34417087600008, 25.281153447000065], [87.34353038700004, 25.281622726000023], [87.33875953400008, 25.281955666000044], [87.33834774500008, 25.281138587000044], [87.33728080700007, 25.28006859100003], [87.33699130000008, 25.279772473000037], [87.33636269900006, 25.27912950900003], [87.33562813800006, 25.278709564000053], [87.33651701200006, 25.27761296600005], [87.33674576100003, 25.276295108000056], [87.33755539100008, 25.274900595000076], [87.33750594300005, 25.27415131600003], [87.33883146100004, 25.273569403000067], [87.33957089300009, 25.27421952000003], [87.34042983700004, 25.273777409000047], [87.33991919100004, 25.271416703000057], [87.34008323900008, 25.270532046000028], [87.33970630300007, 25.269385476000025], [87.33985573000007, 25.26764324800007], [87.33979632800003, 25.266966238000066], [87.33903203300008, 25.266514631000064], [87.33823292200003, 25.266433248000055], [87.33830355500004, 25.265519098000027], [87.33835254400003, 25.264885064000055], [87.33791147000005, 25.262456620000023], [87.33726674700006, 25.260628436000047], [87.33806591100006, 25.260398477000024], [87.33823967900008, 25.260353373000044], [87.33910822200005, 25.260340032000045], [87.33958459700006, 25.260723813000027], [87.34060216700004, 25.260778238000057], [87.34134682700005, 25.26007876400007], [87.34218550700007, 25.260589045000074], [87.34297966700007, 25.260706586000026], [87.34356047600005, 25.260539676000064], [87.34373420000009, 25.26017410000003], [87.34375434200007, 25.25925330900003], [87.34433012300008, 25.259244426000066], [87.34424107000007, 25.25793092500004], [87.34533831100003, 25.25646878400005], [87.34542782300008, 25.25571502500003], [87.34632621800006, 25.255570729000056], [87.34676298200003, 25.255403821000073], [87.34663445800004, 25.253228206000074], [87.34660476600004, 25.252709141000025], [87.34717073900003, 25.251779489000057], [87.34722563600008, 25.25079547300004], [87.34713214800007, 25.25048921100006], [87.34658781100006, 25.249134733000062], [87.34704784200005, 25.248469561000036], [87.34727829400003, 25.24714881400007], [87.34836016600008, 25.247133493000035], [87.34845770200008, 25.244438642000034], [87.34885936600006, 25.242393608000043], [87.34921434700004, 25.241964481000025], [87.35123089200005, 25.24147561500007], [87.35345807200008, 25.24081680200004], [87.35349267900006, 25.240523073000077], [87.35327689100006, 25.23894700200003], [87.35253042400007, 25.23767633500006], [87.35152442900005, 25.238051600000063], [87.34908853700006, 25.239268244000073], [87.34833959400004, 25.23987442300006], [87.34575305000004, 25.24099392100004], [87.34506950700006, 25.24107133900003], [87.34551380500005, 25.23977915200004], [87.34528589700005, 25.238929664000068], [87.34466212600006, 25.238446715000066], [87.34507856300007, 25.23755208400007], [87.34488752600004, 25.236832923000065], [87.34485932700005, 25.23681508900006], [87.34411993200007, 25.236347488000035], [87.34424517800005, 25.235262890000058], [87.34381255400007, 25.234556011000052], [87.34197305300006, 25.231550285000026], [87.34089006800008, 25.229458632000046], [87.34123933300003, 25.228700287000038], [87.34123910800008, 25.22868223200004], [87.34114988400006, 25.228110499000024], [87.34034817700007, 25.227661596000075], [87.33972826600007, 25.22536943700004], [87.33870895000007, 25.22495969600004], [87.33808462700006, 25.224440709000078], [87.33756459600005, 25.223626902000035], [87.33693929200007, 25.223044637000044], [87.33648965100008, 25.219965005000063], [87.33507001100008, 25.219357898000055], [87.33428015300007, 25.219599123000023], [87.33360889200009, 25.219950948000076], [87.33367308000004, 25.220220728000072], [87.33409233900005, 25.22094577100006], [87.33396520500008, 25.22163781300003], [87.33350664800008, 25.222681979000072], [87.33306273000005, 25.222846154000024], [87.33177638300003, 25.22307181000008], [87.32973027000008, 25.223272058000077], [87.32753776200008, 25.22362317900007], [87.32726161200009, 25.22226450200003], [87.32705430000004, 25.221455303000027], [87.32660973000003, 25.219237286000066], [87.32632562600008, 25.217996037000034], [87.32576231200005, 25.216091021000068], [87.32547704800004, 25.21507536200005], [87.32434475400004, 25.21326391300005], [87.32362956200006, 25.21205578100006], [87.32328803900003, 25.21123043700004], [87.32340496200004, 25.210222652000027], [87.32352360600004, 25.208736609000027], [87.32334140100005, 25.207354116000033], [87.32302560100004, 25.20628920200005], [87.32243585900005, 25.204573998000058], [87.32218644400007, 25.20390973600007], [87.32132435500006, 25.201638911000032], [87.32020519100007, 25.199132491000057], [87.31969821000007, 25.197903334000046], [87.31912521000004, 25.19658946000004], [87.31842309400008, 25.195263717000046], [87.31836536600008, 25.194781818000024], [87.31878484800006, 25.194356334000076], [87.31937156200007, 25.193847358000028], [87.32012899500006, 25.193159972000046], [87.32002597500008, 25.19264251800007], [87.31984641400004, 25.191999922000036], [87.32010366600008, 25.191662390000033], [87.32075586000008, 25.191211141000053], [87.32107925900004, 25.19067876300005], [87.32103721600004, 25.18995749100003], [87.32054487200008, 25.188714551000032], [87.32001173300006, 25.187991170000032], [87.31885145400008, 25.18626579200003], [87.31830378500007, 25.185271834000048], [87.31745361600008, 25.183682194000028], [87.31741760800008, 25.183614865000038], [87.31681752000009, 25.182454708000023], [87.31601189200006, 25.181455337000045], [87.31569716700005, 25.180733317000033], [87.31557784600005, 25.180130357000053], [87.31624568200004, 25.17972852400004], [87.31646412200007, 25.179148025000075], [87.31633614500004, 25.178035401000045], [87.31598386200005, 25.17714694500006], [87.31560614500006, 25.17504524700007], [87.31543601800007, 25.174077571000055], [87.31515545600007, 25.173030243000028], [87.31487489100004, 25.171982884000045], [87.31460160200004, 25.171070779000047], [87.31441701800009, 25.16953932800004], [87.31439490500009, 25.168813328000056], [87.31467816000008, 25.168552178000027], [87.31508540000004, 25.16833863200003], [87.31555334000006, 25.16809325400004], [87.31625673800005, 25.167740612000046], [87.31665847100004, 25.167153006000035], [87.31755973000008, 25.16617934900006], [87.31850787400003, 25.16534052700007], [87.31917782900007, 25.16477165200007], [87.31905645800003, 25.164340225000046], [87.31869401400007, 25.163736232000076], [87.31817273100006, 25.162823051000032], [87.31753397900007, 25.16171310900006], [87.31696621500004, 25.160696863000055], [87.31665136000004, 25.16025901000006], [87.31620991100004, 25.15996291400006], [87.31562266100008, 25.16014258900003], [87.31454376700003, 25.160283943000024], [87.31447918900005, 25.159395975000052], [87.31233645900005, 25.159525403000032], [87.31163453800008, 25.159697488000063], [87.31131004400004, 25.15976177700003], [87.30999333400007, 25.160022635000075], [87.30917037700004, 25.16034541500005], [87.30895504200004, 25.160515323000027], [87.30874357200008, 25.160919809000063], [87.30867696500007, 25.161976474000028], [87.30858363900006, 25.162325236000072], [87.30822938500006, 25.16279038700003], [87.30774362800008, 25.16310386200007], [87.30588211000008, 25.163310239000054], [87.30468792100004, 25.16367873100006], [87.30305468300008, 25.163597595000056], [87.30201024800004, 25.163729398000044], [87.30065811400004, 25.164145132000044], [87.29937235100005, 25.16466823500008], [87.29888454800005, 25.16486453500005], [87.29811772500005, 25.16528119800006], [87.29764830400006, 25.165684656000053], [87.297294, 25.166149782000048], [87.29706734200005, 25.16683424200005], [87.29687699300007, 25.167021848000047], [87.29605390300009, 25.167340043000024], [87.29385003500005, 25.167844184000046], [87.29267378400004, 25.168397365000033], [87.29246422400007, 25.168621264000024], [87.29247561200003, 25.169306936000055], [87.29227372300005, 25.169688730000075], [87.29179483400009, 25.17012395200004], [87.29071569400008, 25.170851716000072], [87.28975488400005, 25.171243927000035], [87.28836115400009, 25.17155182500005], [87.28725665500008, 25.17165280300003], [87.28701149500006, 25.171525360000032], [87.28676213700004, 25.17054968800005], [87.28591154900005, 25.169514590000063], [87.28571359900008, 25.16804651800004], [87.28551657700007, 25.167534852000074], [87.28520698900007, 25.16711494300006], [87.28478221300008, 25.166922312000054], [87.28391422800007, 25.16692521300007], [87.28328115400006, 25.167037608000044], [87.28219078400008, 25.167386470000054], [87.28085343700008, 25.166904053000053], [87.27994558200004, 25.167196196000077], [87.27944855100003, 25.167139860000077], [87.27907146400008, 25.166829204000067], [87.27869073800008, 25.16630654200003], [87.27828526000008, 25.165481897000063], [87.27777163600007, 25.16411733800004], [87.27752813100005, 25.163795784000058], [87.27724591200007, 25.163826667000023], [87.27687344500004, 25.164098027000023], [87.27604843200004, 25.165498926000055], [87.27557783600008, 25.165834716000063], [87.27544722600004, 25.16603506100006], [87.27531355600007, 25.16665050000006], [87.27509664400003, 25.167032515000074], [87.27502727200005, 25.167335699000034], [87.27542530000005, 25.168607172000065], [87.27546170100004, 25.16901266600007], [87.27539538900004, 25.169198557000072], [87.27361998500004, 25.169525195000062], [87.27315158400006, 25.16969847000007], [87.27175508100004, 25.17043945200004], [87.27084998300006, 25.170600712000066], [87.26969284600005, 25.170214988000055], [87.26939664100007, 25.16999793100007], [87.26885989100003, 25.16843507300007], [87.26740470300007, 25.16561245500003], [87.26686925600006, 25.164121788000045], [87.26666237600006, 25.163907996000034], [87.26597267700004, 25.163588031000074], [87.26530050800005, 25.16313248800003], [87.26481867500007, 25.16248476800007], [87.26421205500003, 25.162393807000058], [87.26237652400005, 25.162680376000026], [87.26058643300007, 25.162709204000066], [87.25909373300004, 25.16242266100005], [87.25723064200008, 25.161631250000028], [87.25668953800005, 25.161602533000064], [87.25553765900008, 25.16213695700003], [87.25522935000004, 25.16239382400005], [87.25509448000008, 25.162639238000054], [87.25504875900003, 25.164995111000053], [87.25513750800008, 25.165571431000046], [87.25540441400005, 25.166425118000063], [87.25528595700007, 25.167672010000047], [87.25533988800004, 25.16823973100003], [87.25536991100006, 25.16855520000007], [87.25508961400004, 25.168707891000054], [87.25347936600008, 25.169122220000077], [87.25257712500007, 25.169459282000048], [87.25165368600005, 25.170017708000046], [87.25105157100006, 25.170504105000077], [87.25073080400006, 25.170909937000033], [87.25050723100009, 25.17149951300007], [87.25010128700006, 25.174279824000052], [87.24993659200004, 25.174521191000053], [87.24993633200006, 25.174507654000024], [87.24755052300009, 25.174521844000026], [87.24615474700005, 25.174484095000025], [87.24374085600004, 25.17473770500004], [87.24276506600006, 25.175188383000034], [87.24103081200008, 25.175016476000053], [87.23937494600005, 25.175245778000033], [87.23801358400004, 25.175765068000032], [87.23782111800006, 25.177629628000034], [87.23754625000004, 25.180292388000055], [87.23676085200003, 25.180177237000066], [87.23452421200005, 25.179982857000027], [87.22951831500006, 25.18001429000003], [87.22703679900008, 25.18040872100005], [87.22455524900005, 25.18080311400007], [87.22003315700005, 25.181520504000048], [87.21801680600004, 25.18227285300003], [87.21578417400008, 25.18313646200005], [87.21545689600003, 25.183253019000063], [87.21373213500004, 25.183748757000046], [87.21281714600008, 25.184298153000043], [87.21246990200007, 25.186036942000044], [87.21011194400006, 25.18665349200006], [87.20733424200006, 25.186732320000033], [87.20554694300006, 25.186612898000078], [87.20469882900005, 25.18736171000006], [87.20392038300008, 25.188360639000052], [87.20173883000007, 25.188158147000024], [87.20021903100007, 25.188836907000052], [87.19655295900003, 25.190932831000055], [87.19417343500004, 25.192158151000058], [87.19050941900008, 25.193797880000034], [87.18939145900003, 25.194204486000046], [87.18827359300008, 25.194611080000072], [87.18595391700006, 25.194921505000025], [87.18462190300005, 25.194983364000052], [87.18418400700006, 25.19312904900005], [87.18411474200008, 25.190902962000052], [87.18250685500004, 25.19001494300005], [87.18124625100006, 25.189364153000042], [87.17866549300004, 25.187001253000062], [87.17707869300006, 25.187480218000076], [87.17624005100004, 25.187653467000075], [87.17328322300006, 25.18826425800006], [87.17239943300007, 25.188381227000036], [87.17151574200005, 25.18849817800003], [87.16877424400008, 25.18872661300003], [87.16828252300007, 25.19087730800004], [87.16591861100005, 25.191392156000063], [87.16451516800004, 25.192166454000073], [87.16391312100006, 25.192346403000045], [87.16312205500003, 25.192129668000064], [87.16200637000009, 25.192079936000027], [87.16140431900004, 25.192259877000026], [87.16018607500007, 25.19236685900006], [87.15785507300006, 25.19247471600005], [87.15674221700004, 25.192475598000044], [87.15585706900004, 25.192567138000072], [87.15550192700005, 25.192684899000028], [87.15514679300009, 25.192802657000072], [87.15446484600005, 25.192711245000055], [87.15308288900007, 25.190719686000023], [87.15283552100004, 25.190275091000046], [87.15188635800007, 25.190217681000036], [87.15169446100003, 25.189770520000025], [87.15160980200005, 25.18825445300007], [87.15115449400008, 25.18807282800003], [87.15004449300005, 25.188124130000062], [87.14970772500004, 25.187075744000026], [87.14897123000009, 25.18584315700008], [87.14758852800009, 25.18499507300004], [87.14718880100008, 25.184810869000046], [87.14671847900007, 25.183363305000057], [87.14634123200005, 25.182116966000024], [87.14602661400005, 25.18164902600006], [87.14500347900008, 25.180127257000038], [87.14374914300004, 25.18028250900005], [87.14345434100005, 25.18061722500005], [87.14197526000004, 25.180792609000036], [87.14037293200005, 25.18086657200007], [87.13951114000008, 25.180870678000076], [87.13847380300007, 25.18123964800003], [87.13792467600007, 25.18122931700003], [87.13767961000008, 25.180348563000052], [87.13707383400003, 25.17791469900004], [87.13614352400003, 25.17528161000007], [87.13496713400008, 25.175264536000043], [87.13423058900008, 25.17540550900003], [87.13400152200006, 25.174809536000055], [87.13339945500007, 25.17455186500007], [87.13251842800008, 25.174913590000074], [87.12940106600007, 25.176627220000057], [87.12720248800008, 25.177602706000073], [87.12514501900006, 25.177947431000064], [87.12118057100008, 25.17852240700006], [87.11646753900004, 25.179024713000047], [87.11341845400005, 25.179503830000044], [87.11168355800004, 25.180011785000033], [87.10963514200006, 25.180873014000042], [87.11097349500005, 25.183808483000064], [87.11100803100004, 25.185840669000072], [87.11027223100007, 25.187408640000058], [87.10883917000007, 25.18982926600006], [87.10777442500006, 25.190413376000038], [87.10611829600003, 25.190578664000043], [87.10535043200008, 25.19086369100006], [87.10360585400008, 25.19190708800005], [87.10275187900004, 25.19205329500005], [87.10143285500004, 25.192292268000074], [87.10116159700004, 25.193054003000043], [87.10045684600004, 25.194477821000078], [87.10009849300008, 25.195645655000078], [87.09934753700009, 25.19737664400003], [87.09913146600007, 25.19848015900004], [87.09960559400008, 25.200365156000032], [87.09948797300007, 25.20157631400008], [87.09977401900005, 25.20229219400005], [87.10076974000003, 25.204419693000034], [87.10147414700003, 25.20601375600006], [87.10185277400006, 25.207286190000048], [87.10247674800007, 25.20798664700004], [87.10323424800004, 25.208316378000063], [87.10360327900008, 25.20886024500004], [87.10370568000008, 25.209318291000045], [87.10384096600006, 25.209536403000072], [87.10420813200005, 25.209491438000043], [87.10455502900004, 25.209082993000038], [87.10476084400005, 25.208905255000047], [87.10680086100007, 25.20903590000006], [87.10763201000003, 25.209025836000023], [87.10817129300005, 25.209309440000027], [87.10974133300004, 25.209293439000078], [87.11106386800003, 25.20926068600005], [87.11224610300007, 25.215571639000075], [87.11257205100009, 25.217281197000034], [87.11317172900004, 25.21809489000003], [87.11400904500005, 25.21819658000004], [87.11526759000003, 25.218671509000046], [87.11859253000006, 25.216976356000032], [87.12040520800008, 25.216892963000078], [87.12113208700003, 25.217224018000024], [87.12241475000008, 25.217024811000044], [87.12298998700004, 25.217951663000065], [87.12363561700005, 25.21848284600003], [87.12523638100004, 25.21846518600006], [87.12598679500007, 25.218388607000065], [87.12630457700004, 25.220224689000077], [87.12291821300005, 25.221922833000065], [87.11933965000009, 25.223489468000025], [87.11812312700005, 25.223769748000052], [87.11419434300007, 25.225688941000044], [87.11109887800006, 25.226962025000034], [87.11177196000006, 25.227690233000033], [87.11204632600004, 25.228489016000026], [87.11249550700006, 25.228808727000057], [87.11442387200003, 25.227879581000025], [87.11782916500005, 25.226517253000054], [87.11987503000006, 25.225638020000076], [87.12146305200008, 25.224835953000024], [87.12202819800007, 25.224473463000038], [87.12313126600003, 25.22436657000003], [87.12368892600006, 25.22442504600008], [87.12489113000004, 25.223332233000065], [87.12600155700005, 25.222804351000036], [87.12897739100003, 25.22175599600007], [87.13070386700008, 25.221227809000027], [87.13133976100005, 25.22103031100005], [87.13176941500006, 25.220449702000053], [87.13232983700004, 25.220003244000054], [87.13267209900005, 25.219510805000027], [87.13312199600006, 25.219293762000063], [87.13645588000009, 25.219420416000048], [87.13797385200007, 25.21957473300006], [87.13872114800006, 25.21944220100005], [87.13957626700005, 25.218757796000034], [87.13941604500008, 25.216634748000047], [87.16856104900006, 25.218618109000033], [87.16905893100005, 25.21870720800007], [87.16922827300004, 25.223915560000023], [87.17153202800006, 25.223607720000075], [87.17338997300004, 25.229151710000053], [87.17107122200008, 25.231925086000047], [87.16998256700003, 25.233938326000043], [87.16897942800006, 25.235141443000032], [87.17311544200004, 25.23775175800006], [87.17516122500007, 25.240880249000043], [87.17629976300003, 25.242752476000078], [87.17685835300006, 25.243935296000075], [87.17765184900009, 25.246674174000077], [87.17852397700005, 25.250515740000026], [87.17877573700008, 25.25218306800008], [87.17859885200005, 25.253273721000028], [87.17795194700005, 25.25400129800005], [87.17793485800007, 25.255077259000075], [87.17644741300006, 25.256676397000035], [87.17625218300003, 25.257283028000074], [87.17631396100006, 25.258992264000028], [87.17652760700008, 25.26120485200005], [87.17654203400008, 25.263063647000024], [87.17689849900006, 25.263947822000034], [87.17926037000007, 25.264508052000053], [87.18179030000005, 25.264705165000066], [87.18321835300009, 25.26460075500006], [87.18505440300004, 25.263935943000035], [87.18750735700007, 25.26241033200006], [87.18834950300004, 25.261988664000057], [87.18939176500004, 25.26166368400004], [87.19168434800008, 25.261304211000038], [87.19376231900009, 25.26128944100003], [87.19416841300006, 25.26126808300006], [87.19597029300007, 25.26111693300004], [87.19864925500008, 25.261329790000048], [87.20292355600003, 25.261652338000033], [87.20942969100008, 25.26123685700003], [87.20927415900007, 25.26051241500005], [87.20934741500008, 25.259509861000026], [87.20973886400003, 25.25792549700003], [87.20990624100006, 25.25721937900005], [87.21007959900004, 25.25596276500005], [87.21093858500006, 25.25156230500005], [87.21081594600008, 25.250484448000066], [87.21194999100004, 25.249560667000026], [87.21259459200007, 25.248768897000048], [87.21352887500007, 25.247873949000052], [87.21529035400005, 25.24680615400007], [87.21753093800004, 25.245939865000025], [87.21851681100009, 25.24508736100006], [87.21931750200008, 25.243571332000045], [87.21990839400007, 25.242687235000062], [87.22226761400003, 25.24437470600003], [87.22325783400004, 25.244910978000064], [87.22407010200004, 25.246217382000054], [87.22480803500008, 25.247079056000075], [87.22544521800006, 25.247900729000037], [87.22574622400003, 25.248872469000048], [87.22587726200004, 25.249448831000052], [87.22653984400006, 25.250481292000075], [87.22714780700005, 25.252441630000078], [87.22729883600005, 25.25257494400006], [87.22723235900008, 25.25275629400005], [87.22638232800006, 25.253602416000035], [87.22603961400006, 25.25420255100005], [87.22598014900007, 25.25481692900007], [87.22611839500007, 25.25569497400005], [87.22645616100004, 25.25631753500005], [87.22707032600005, 25.256850788000065], [87.22788654700008, 25.257286495000074], [87.22930011200003, 25.25783162700003], [87.22945119800005, 25.257960421000064], [87.22947864500009, 25.258126970000035], [87.22934326800004, 25.258349878000047], [87.22856878200008, 25.25895128700006], [87.22706214600004, 25.259715996000068], [87.22647731200004, 25.259768920000056], [87.22584990000007, 25.259344116000022], [87.22561636300009, 25.259329210000033], [87.22544883300003, 25.259408181000026], [87.22531912800008, 25.259676072000047], [87.22524337200008, 25.26051184800008], [87.22544233600007, 25.26176345500005], [87.22531924400005, 25.262130574000025], [87.22497993600007, 25.262333687000023], [87.22306208600008, 25.262842067000065], [87.22283896200008, 25.26316085700006], [87.22284650000006, 25.26332317400005], [87.22300978500004, 25.263596286000052], [87.22378518600004, 25.26426718500005], [87.22525617800005, 25.264982943000064], [87.22602457500005, 25.26552761800008], [87.22669491500005, 25.266150320000065], [87.22811020900008, 25.26771508300004], [87.22916352100003, 25.268684585000074], [87.23202618400006, 25.271019396000042], [87.23468536700005, 25.27304118400008], [87.23888044100005, 25.275786588000074], [87.24308980900008, 25.278326379000077], [87.24729934800007, 25.280866054000057], [87.24755036400006, 25.281033102000038], [87.24954642800003, 25.282377960000076], [87.24978419300004, 25.28256043600004], [87.25117559700004, 25.283628273000033], [87.25190335900004, 25.28440347800006], [87.25190363700005, 25.284403773000065], [87.25190110200003, 25.284404782000024], [87.25264996200008, 25.285190791000048], [87.25334409400006, 25.286080557000048], [87.25554563400004, 25.288885262000065], [87.25641808000006, 25.290235494000058], [87.25844028400007, 25.293861536000065], [87.25863821000007, 25.294525235000037], [87.25865801700007, 25.294588452000028], [87.25864695800004, 25.295807093000064], [87.25843681000003, 25.29751753900007], [87.25795282000007, 25.300035725000043], [87.25795774800008, 25.30004931900004], [87.25794772700004, 25.30017231200003], [87.25783713100003, 25.301529672000072], [87.25794980000006, 25.30317272600007], [87.25828571600005, 25.304969364000044], [87.25871111400005, 25.30666678600005], [87.25919154200005, 25.307949015000077], [87.25964275400008, 25.308662585000036], [87.26111083500007, 25.310473600000023], [87.26252380200003, 25.312866889000077], [87.26387029200004, 25.317534995000074], [87.26387518600006, 25.317580109000062], [87.26404297800008, 25.318767309000066], [87.26398748500009, 25.31970609600006], [87.26334419900007, 25.32268462600007], [87.26283551600005, 25.325035755000044], [87.26258682800005, 25.325468873000034], [87.26163242200005, 25.326447590000043], [87.26117028800007, 25.32675412800006], [87.26036542900005, 25.327114608000045], [87.26002244300008, 25.32749804200006], [87.25988785300007, 25.327985343000023], [87.25946787400005, 25.331027191000032], [87.25873057400008, 25.33340974300006], [87.25850614100005, 25.334361965000028], [87.25848063000007, 25.33514726900006], [87.25902387700006, 25.338329761000068], [87.25946196700005, 25.342532236000068], [87.25945689800005, 25.342703801000027], [87.25944133300004, 25.343403387000023], [87.25919605900003, 25.34542527800005], [87.25927482700007, 25.34615196200008], [87.25961708100004, 25.346585576000052], [87.26105657700003, 25.34760671400005], [87.26165706600005, 25.348203049000062], [87.26189010800005, 25.34866352800003], [87.26203792800004, 25.349986201000036], [87.26233541300007, 25.35049195000005], [87.26303982600007, 25.35150347600006], [87.26583074600006, 25.352227765000066], [87.26744447800007, 25.35296465400006], [87.26866619600008, 25.35322280400004], [87.26995917600004, 25.357285957000045], [87.27027667100003, 25.357764578000058], [87.27081282900008, 25.358198284000025], [87.27134849700008, 25.359101386000077], [87.27279943400004, 25.358646484000076], [87.27338579200006, 25.358389662000036], [87.27486162000008, 25.35779486900003], [87.27524901400005, 25.357763499000043], [87.28126777600005, 25.36668179800006], [87.28331106200005, 25.371286867000038], [87.28437079000008, 25.36914814200003], [87.28553915800006, 25.36795723700004], [87.28714898200008, 25.367542934000028], [87.29044316400007, 25.366840809000053], [87.29265931000003, 25.366128898000056], [87.29665922600003, 25.364673178000032], [87.30245738500008, 25.363349183000025], [87.30455915200008, 25.36254230700007], [87.30888661700004, 25.361307577000048], [87.31143039400007, 25.360586566000052], [87.31452973400008, 25.36126032800007], [87.31636268200003, 25.36152740700004], [87.31844909000006, 25.36142886500005], [87.32007818300008, 25.362192329000038], [87.32133974200008, 25.362531320000073], [87.32284504800003, 25.362251985000057], [87.32525921700005, 25.36267258600003], [87.32725638800008, 25.361991717000024], [87.33197552500008, 25.36244898800004], [87.33524904400008, 25.362824617000058], [87.33871610300008, 25.36394932500008], [87.34053940500007, 25.363304352000057], [87.34276494700003, 25.363372527000024], [87.34195549400005, 25.362307146000035], [87.34117597800008, 25.360785888000066], [87.33974585600004, 25.358944032000068], [87.34070465800005, 25.35857419200005], [87.34595522300003, 25.35882807100006], [87.35062951600008, 25.358923683000057], [87.35439492300009, 25.35870765800007], [87.35788701000007, 25.358947275000048], [87.35946671100004, 25.35882560700003], [87.36077947300004, 25.357914709000056], [87.36070374500008, 25.35791395700005], [87.36090743700004, 25.357264018000023], [87.36053501400005, 25.356252982000058], [87.36066428700008, 25.35540446300007], [87.36124560400003, 25.353766095000026], [87.36104693300007, 25.353052878000028], [87.36106199800008, 25.351617630000078], [87.36135544000007, 25.348250481000036], [87.36141532800008, 25.34534381700007], [87.36093363900005, 25.344472621000023], [87.36052150400008, 25.34317268700005], [87.36221534200007, 25.341615626000078], [87.36234458400008, 25.340798712000037], [87.36079524200005, 25.338605002000065], [87.36144088500004, 25.338365843000076], [87.36149555600008, 25.33774749300005], [87.36101890000003, 25.336903336000034], [87.35927102800008, 25.333531593000032], [87.35976277600008, 25.332678560000033], [87.35926632100006, 25.331121336000024], [87.35864567100003, 25.330475808000074], [87.35761292700005, 25.32876055500003], [87.35674878000003, 25.328805566000028], [87.35564613900004, 25.329473412000027], [87.35443952400004, 25.328024366000022], [87.35368010900004, 25.32558699200007], [87.35294524600005, 25.324878201000047], [87.35243909000008, 25.322603264000065], [87.35309988600005, 25.321095868000043], [87.35440149600004, 25.317810122000026], [87.35679043500005, 25.314678053000023], [87.35921412500005, 25.31135184200008], [87.36234766000007, 25.308043634000057], [87.36435883500008, 25.306057859000077], [87.36599241200008, 25.304925042000036], [87.37078401400004, 25.301689002000046], [87.37403120900007, 25.30049743400008], [87.37459232100008, 25.299973932000057], [87.37455254600007, 25.299612781000064]]]]}}, {"type": "Feature", "properties": {"OBJECTID": 130, "BLOCK_CODE": "0010", "NEAR_TOWN": "BHAGALPUR", "BLK_NAME": "SABOUR", "DIST_NAME": "BHAGALPUR"}, "geometry": {"type": "MultiPolygon", "coordinates": [[[[86.98908763400004, 25.236461484000074], [86.98902353800008, 25.238231031000055], [86.98910286900008, 25.238925078000022], [86.98922988600003, 25.239126604000035], [86.98950533400006, 25.239303825000036], [86.98975341900007, 25.239300917000037], [86.99016614500005, 25.239002766000056], [86.99083149400008, 25.238679105000074], [86.99146465100006, 25.238179768000066], [86.99183549300005, 25.238085144000024], [86.99217944800006, 25.238193927000054], [86.99243211400005, 25.23850681500005], [86.99282058000006, 25.239643810000075], [86.99291993200006, 25.23999910300006], [86.99324196500004, 25.240311159000044], [86.99354265700003, 25.240510734000054], [86.99744361500007, 25.240509716000076], [86.99758242300004, 25.240500308000037], [86.99771946900006, 25.24040490400006], [86.99788789000007, 25.240140171000064], [86.99860810800004, 25.239801001000046], [86.99893923600007, 25.240229121000027], [86.99999301300005, 25.239808417000063], [87.00142409600005, 25.239253967000025], [87.00248421300006, 25.23894944400007], [87.00276029100007, 25.23931010000007], [87.00329855100006, 25.239775473000066], [87.00425869100008, 25.240454912000075], [87.00471260500007, 25.24078410900006], [87.00731426100003, 25.24030500300006], [87.00731431600008, 25.240304992000063], [87.00911655500005, 25.239957434000075], [87.01186151200005, 25.239790166000034], [87.01187370700006, 25.240438312000038], [87.01168044200006, 25.241168385000037], [87.01158234700006, 25.242785127000047], [87.01298084000007, 25.242764257000033], [87.01346010600008, 25.242997082000045], [87.01362056500005, 25.243371713000045], [87.01359483400006, 25.243754688000024], [87.01390657700006, 25.244334611000056], [87.01412290800005, 25.24487637200008], [87.01410414000009, 25.245386393000047], [87.01378764100008, 25.245570489000045], [87.01309654600004, 25.245729071000028], [87.01245890500007, 25.24601258900003], [87.01213554400005, 25.24606963000008], [87.01150948500003, 25.24656467500006], [87.01027126600007, 25.247808848000034], [87.00955668600005, 25.24924135300006], [87.00886756700004, 25.250543220000054], [87.00864903200005, 25.251718206000078], [87.00853429600005, 25.25233509800006], [87.00822505800005, 25.254564277000043], [87.00928316500006, 25.254485136000028], [87.00929418000004, 25.254533198000047], [87.00991919200004, 25.25726020600007], [87.00968374800004, 25.25779993900005], [87.00817858700003, 25.258751868000047], [87.00794174300006, 25.259201440000027], [87.00809648800004, 25.259601215000032], [87.00927793800008, 25.260295580000047], [87.01091194700007, 25.261390599000038], [87.01072764400004, 25.262371935000033], [87.01153301100004, 25.263833377000026], [87.01188774000008, 25.264677409000058], [87.01170862600009, 25.26568127300004], [87.01129002400006, 25.267288179000047], [87.01303584600004, 25.269582136000054], [87.01271006700006, 25.27074110600006], [87.01217717100008, 25.270968631000073], [87.01096385800008, 25.270825165000076], [87.00734675100006, 25.26958224400005], [87.00749519800007, 25.271268065000072], [87.00752792500003, 25.271475225000074], [87.00883816300006, 25.272822313000063], [87.00912609300008, 25.273166383000046], [87.00915691200004, 25.27358107300006], [87.00882447300006, 25.275313265000023], [87.00892010800004, 25.278506838000055], [87.00880146200006, 25.279225679000035], [87.00856233500008, 25.280198702000064], [87.00848530000007, 25.282090182000047], [87.00827520900003, 25.285079818000042], [87.00804041200007, 25.286350578000054], [87.00799282300005, 25.296639092000078], [87.00837237400003, 25.296620994000023], [87.04195167400007, 25.285780935000048], [87.04698227000006, 25.284037201000046], [87.05302484500004, 25.282053027000075], [87.05194844700009, 25.278023639000025], [87.08551156100003, 25.263867348000076], [87.08927709900007, 25.26956337300004], [87.09113926500004, 25.27045488500005], [87.09331603600003, 25.270965631000024], [87.09548955700006, 25.271415579000063], [87.09686931800007, 25.272152925000057], [87.09846384700006, 25.27298860700006], [87.10469968400008, 25.274045708000074], [87.11405427400007, 25.268396237000047], [87.10947054600007, 25.26323425100003], [87.10966464000006, 25.263103134000062], [87.11219594200008, 25.26170993100004], [87.11264963200006, 25.261460218000025], [87.11413813200005, 25.260439716000064], [87.11525191200008, 25.259586459000047], [87.11712132600007, 25.258159593000073], [87.11847180400008, 25.25688356200004], [87.11954641300008, 25.256066815000054], [87.12062458300005, 25.255489237000063], [87.12244460800008, 25.254182168000057], [87.12575286400005, 25.252106796000078], [87.12796042000008, 25.25136408900005], [87.12884911000003, 25.25104843200006], [87.12933581000004, 25.250531204000026], [87.12962777800004, 25.249752727000043], [87.12927688700006, 25.248983767000027], [87.12897489200003, 25.247988234000047], [87.12939171900007, 25.24745026100004], [87.13050191100007, 25.246361663000073], [87.13241676300004, 25.244787246000044], [87.13508322900003, 25.243430588000024], [87.13639685800007, 25.243229851000024], [87.13770517100005, 25.24403879500005], [87.13955877300003, 25.24468230800005], [87.14142035800006, 25.244638457000065], [87.14502520700006, 25.24464038600007], [87.14741435200006, 25.244389906000038], [87.14994003400005, 25.24382461400006], [87.15323384100003, 25.243223784000065], [87.15723138000004, 25.242534216000024], [87.15772611500006, 25.242567374000032], [87.15785123700005, 25.243150506000063], [87.15765794600009, 25.243551964000062], [87.15712096600004, 25.24441805200007], [87.15619758800005, 25.24608713300006], [87.15483662500003, 25.24819696800006], [87.15504287600004, 25.24858004500004], [87.15559242200004, 25.248764864000066], [87.15683571100004, 25.24730541400004], [87.15859818900003, 25.245765815000027], [87.15986900300004, 25.244248844000026], [87.16232982500009, 25.24114865000007], [87.16397395000007, 25.239698599000064], [87.16797617400005, 25.236344648000056], [87.16897942800006, 25.235141443000032], [87.16998256700003, 25.233938326000043], [87.17107122200008, 25.231925086000047], [87.17338997300004, 25.229151710000053], [87.17153202800006, 25.223607720000075], [87.16922827300004, 25.223915560000023], [87.16905893100005, 25.21870720800007], [87.16856104900006, 25.218618109000033], [87.13941604500008, 25.216634748000047], [87.13957626700005, 25.218757796000034], [87.13872114800006, 25.21944220100005], [87.13797385200007, 25.21957473300006], [87.13645588000009, 25.219420416000048], [87.13312199600006, 25.219293762000063], [87.13267209900005, 25.219510805000027], [87.13232983700004, 25.220003244000054], [87.13176941500006, 25.220449702000053], [87.13133976100005, 25.22103031100005], [87.13070386700008, 25.221227809000027], [87.12897739100003, 25.22175599600007], [87.12600155700005, 25.222804351000036], [87.12489113000004, 25.223332233000065], [87.12368892600006, 25.22442504600008], [87.12313126600003, 25.22436657000003], [87.12202819800007, 25.224473463000038], [87.12146305200008, 25.224835953000024], [87.11987503000006, 25.225638020000076], [87.11782916500005, 25.226517253000054], [87.11442387200003, 25.227879581000025], [87.11249550700006, 25.228808727000057], [87.11204632600004, 25.228489016000026], [87.11177196000006, 25.227690233000033], [87.11109887800006, 25.226962025000034], [87.11419434300007, 25.225688941000044], [87.11812312700005, 25.223769748000052], [87.11933965000009, 25.223489468000025], [87.12291821300005, 25.221922833000065], [87.12630457700004, 25.220224689000077], [87.12598679500007, 25.218388607000065], [87.12523638100004, 25.21846518600006], [87.12363561700005, 25.21848284600003], [87.12298998700004, 25.217951663000065], [87.12241475000008, 25.217024811000044], [87.12113208700003, 25.217224018000024], [87.12040520800008, 25.216892963000078], [87.11859253000006, 25.216976356000032], [87.11526759000003, 25.218671509000046], [87.11400904500005, 25.21819658000004], [87.11317172900004, 25.21809489000003], [87.11257205100009, 25.217281197000034], [87.11224610300007, 25.215571639000075], [87.11106386800003, 25.20926068600005], [87.10974133300004, 25.209293439000078], [87.10817129300005, 25.209309440000027], [87.10763201000003, 25.209025836000023], [87.10680086100007, 25.20903590000006], [87.10476084400005, 25.208905255000047], [87.10455502900004, 25.209082993000038], [87.10420813200005, 25.209491438000043], [87.10384096600006, 25.209536403000072], [87.10370568000008, 25.209318291000045], [87.10360327900008, 25.20886024500004], [87.10323424800004, 25.208316378000063], [87.10247674800007, 25.20798664700004], [87.10185277400006, 25.207286190000048], [87.10147414700003, 25.20601375600006], [87.10076974000003, 25.204419693000034], [87.09977401900005, 25.20229219400005], [87.09948797300007, 25.20157631400008], [87.09960559400008, 25.200365156000032], [87.09913146600007, 25.19848015900004], [87.09934753700009, 25.19737664400003], [87.10009849300008, 25.195645655000078], [87.10045684600004, 25.194477821000078], [87.10116159700004, 25.193054003000043], [87.10143285500004, 25.192292268000074], [87.10275187900004, 25.19205329500005], [87.10360585400008, 25.19190708800005], [87.10535043200008, 25.19086369100006], [87.10611829600003, 25.190578664000043], [87.10777442500006, 25.190413376000038], [87.10883917000007, 25.18982926600006], [87.11027223100007, 25.187408640000058], [87.11100803100004, 25.185840669000072], [87.11097349500005, 25.183808483000064], [87.10963514200006, 25.180873014000042], [87.11168355800004, 25.180011785000033], [87.11341845400005, 25.179503830000044], [87.11270333200008, 25.176504055000066], [87.11170617500005, 25.175479505000055], [87.11152015700009, 25.174952860000076], [87.11030873000004, 25.175008544000036], [87.10998578300007, 25.174131424000052], [87.10901819300005, 25.173640695000074], [87.10850935800005, 25.172236917000077], [87.10787461800004, 25.171035140000072], [87.10761793300009, 25.16994087200004], [87.10544729200006, 25.17036169000005], [87.10513464700006, 25.170376050000073], [87.10454696400006, 25.171081], [87.10344682600004, 25.171024427000077], [87.10243069800003, 25.17107108400006], [87.10095561600008, 25.171317231000046], [87.09950015100009, 25.17191923000007], [87.09870082200007, 25.171634721000032], [87.09829977600003, 25.170761162000076], [87.09789513700008, 25.17052996500007], [87.09676183200008, 25.17058196100004], [87.09497803800008, 25.170913548000044], [87.09339748800005, 25.171378556000036], [87.09223261700004, 25.17210070400006], [87.09225454000006, 25.17072609300004], [87.09169324700008, 25.168548654000062], [87.09157850700007, 25.167537072000073], [87.09152147800006, 25.166861822000044], [87.09156912600008, 25.16630665400004], [87.09282998500004, 25.165374764000035], [87.09364832000006, 25.164588039000023], [87.09439995500009, 25.16330474600005], [87.09496006600006, 25.162101661000065], [87.09537780600004, 25.16115486700005], [87.09535612500008, 25.160763427000063], [87.08718196300003, 25.16350880300007], [87.08610675700004, 25.16248822500006], [87.08560225200006, 25.161869507000063], [87.08486734000007, 25.161332583000046], [87.08196725600004, 25.161322718000065], [87.08048200500008, 25.16139071200007], [87.07936800600004, 25.161085119000063], [87.07586666100008, 25.16295698500005], [87.07540592900006, 25.16454714200006], [87.07081723800007, 25.168167917000062], [87.07046010000005, 25.168254930000046], [87.07018681400007, 25.168455710000046], [87.06931783800007, 25.169107662000044], [87.06834953900005, 25.16936379200007], [87.06772154000004, 25.169227698000043], [87.06743772600004, 25.168769713000074], [87.06295296300004, 25.16902163800006], [87.05768814300006, 25.169662190000054], [87.05806199400007, 25.17245876100003], [87.05808672600006, 25.173846796000078], [87.05829999700006, 25.17630931900004], [87.05861159500006, 25.176566059000038], [87.05933654900008, 25.177521881000075], [87.05971445900008, 25.17828156400003], [87.06020219800007, 25.17915401600004], [87.06112600600005, 25.18137222400003], [87.06192209200003, 25.18314890000005], [87.06294633900006, 25.18437361200006], [87.06396801000005, 25.185551248000024], [87.06454211700003, 25.186113673000023], [87.06469305400003, 25.186507040000038], [87.06459991300005, 25.18657606200003], [87.06459983200006, 25.18657608700005], [87.06244469600006, 25.187233717000026], [87.06100556500007, 25.187864448000028], [87.05976768000005, 25.18886273800007], [87.05880805500004, 25.189282911000078], [87.05882501000008, 25.19005915200006], [87.05877958900004, 25.191815244000054], [87.05879952800007, 25.194521946000066], [87.05904610100004, 25.19571146800007], [87.05936606700004, 25.196356193000042], [87.05940995300006, 25.196683759000052], [87.05893804100003, 25.197034950000045], [87.05772052000003, 25.19746724600003], [87.05757036400007, 25.197791867000035], [87.05772270900007, 25.198679619000075], [87.05808783300006, 25.199204503000033], [87.05836134500004, 25.199945445000026], [87.05868144100003, 25.20106101500005], [87.05883765700008, 25.201548333000062], [87.06018676400004, 25.201628065000023], [87.06065892600003, 25.201747804000036], [87.06095689600005, 25.201993180000045], [87.06116724500004, 25.202525120000075], [87.06144931500006, 25.203654124000025], [87.06171927700007, 25.205737270000043], [87.06068753300008, 25.206255294000073], [87.05990740200008, 25.207114899000032], [87.05825395400007, 25.20808502400007], [87.05682104300007, 25.20883319400008], [87.05601875800005, 25.20882268500003], [87.05441538500008, 25.208825192000063], [87.05220322500008, 25.20880814900005], [87.05215805800003, 25.208692519000067], [87.05175820900007, 25.208475270000065], [87.05149366800003, 25.20789869600003], [87.05128593700005, 25.207413720000034], [87.05118396400007, 25.206971019000036], [87.05100847400007, 25.206131415000073], [87.05049511800007, 25.206201900000053], [87.05033643800004, 25.206138534000047], [87.04993788500008, 25.206415664000076], [87.04944522300008, 25.206391015000065], [87.04897185100003, 25.206718644000034], [87.04896030400005, 25.206978141000036], [87.04911639000005, 25.207465472000024], [87.04920164200007, 25.208073811000077], [87.04960101200004, 25.209456456000055], [87.04913797300009, 25.209971990000042], [87.04923994200004, 25.21041469200003], [87.04937414200003, 25.210973614000068], [87.04937681600006, 25.21149143300005], [87.04911245800008, 25.21185663400007], [87.04896022500003, 25.21238160100006], [87.04846116200008, 25.212710397000023], [87.04805612300004, 25.21287012700003], [87.04777745400008, 25.21250606800004], [87.04734656600004, 25.212196126000038], [87.04691058900005, 25.212263074000077], [87.04654811800003, 25.212726925000027], [87.04600645500005, 25.213222435000034], [87.04514992200006, 25.213167244000033], [87.04462612600008, 25.212578962000066], [87.04378384100005, 25.21231123900003], [87.04243581900005, 25.212254811000037], [87.04225265700006, 25.21221605200003], [87.04078215500004, 25.212282964000053], [87.03966966100006, 25.212510155000075], [87.03943104200005, 25.212874166000063], [87.03941565500008, 25.21353408600004], [87.03944788900003, 25.214592182000047], [87.03900684000007, 25.21550693200004], [87.03852700300007, 25.216187975000025], [87.03788072800006, 25.216664711000078], [87.03649666000007, 25.21736336600003], [87.03527116300006, 25.218125393000037], [87.03433335700004, 25.218474085000025], [87.03340909200006, 25.21836301600007], [87.03224296300004, 25.217850888000044], [87.03097364500007, 25.216872597000076], [87.03028476600008, 25.21610339600005], [87.02948113100007, 25.215598372000045], [87.02946566300005, 25.215316606000044], [87.02943342900005, 25.214729447000025], [87.02903360000005, 25.214512141000057], [87.02858342600007, 25.214320713000063], [87.02806615500003, 25.21432061300004], [87.02796942700007, 25.214442785000074], [87.02786883000005, 25.21449444700005], [87.02760301200004, 25.214836081000044], [87.02716573500004, 25.215350373000035], [87.02689099900005, 25.215527722000047], [87.02674004800008, 25.21560517000006], [87.02603122800008, 25.21632744200008], [87.02620634600004, 25.21671623700007], [87.02625362900005, 25.217110837000064], [87.02626382800008, 25.217763783000066], [87.02609378300008, 25.21840168800003], [87.02611677600004, 25.21882070600003], [87.02620625600008, 25.21905008300007], [87.02665122100007, 25.21921650300004], [87.02704633800005, 25.219408686000065], [87.02752847800008, 25.21978353800006], [87.02768314900004, 25.22026661800004], [87.02767930300007, 25.220663538000053], [87.02748999200008, 25.22095220600005], [87.02719329800004, 25.22115239200008], [87.02641709700004, 25.221491023000056], [87.02584289800006, 25.221306969000068], [87.02459617600005, 25.221013542000037], [87.02400793600003, 25.22057345500008], [87.02372278700005, 25.220049662000065], [87.02298117700008, 25.219149746000028], [87.02295947100004, 25.218753986000024], [87.02282652500008, 25.218666662000032], [87.02272671100008, 25.21871791600006], [87.02237632300006, 25.218873806000033], [87.02108547900008, 25.219646699000066], [87.02028880900008, 25.220079584000075], [87.01913653600008, 25.220575318000044], [87.01889616700004, 25.220866199000056], [87.01890893200004, 25.22109905800005], [87.01921438300008, 25.221995366000044], [87.01907241600009, 25.222678619000078], [87.01868236600006, 25.22304642000006], [87.01822958700006, 25.223206942000047], [87.01773470500007, 25.223532770000077], [87.01690084800003, 25.223757292000073], [87.01622050100008, 25.223974850000047], [87.01584962500004, 25.224225009000065], [87.01543526700004, 25.224617219000038], [87.01519988800004, 25.225001315000043], [87.01540687500005, 25.22597213100005], [87.01542340100008, 25.226741551000032], [87.01530830900003, 25.226980113000025], [87.01449483300007, 25.22757712200007], [87.014459, 25.227858816000037], [87.01448578400004, 25.22834770000003], [87.01433671900008, 25.228434081000046], [87.01399267000005, 25.228706334000037], [87.01380459600006, 25.229018335000035], [87.01374701400005, 25.229370962000075], [87.01386969900005, 25.229738827000062], [87.01479306200008, 25.22974361300004], [87.01500665200007, 25.22989732900004], [87.01513189000008, 25.230311710000024], [87.01559224900006, 25.230290844000024], [87.01589663900006, 25.23023041400006], [87.01608338100004, 25.230361937000055], [87.01635290000007, 25.232473508000055], [87.01612261200006, 25.232950729000038], [87.01608550200007, 25.233209072000022], [87.01611101900005, 25.233674696000037], [87.01631052700003, 25.234039078000023], [87.01633732000005, 25.234527960000037], [87.01635646000005, 25.234877202000064], [87.01619522300007, 25.235211211000035], [87.01501100900003, 25.235124899000027], [87.01388931000008, 25.235245681000038], [87.01324601400006, 25.23520488300005], [87.01265395600007, 25.235161668000046], [87.01219347800009, 25.23518253000003], [87.01176249800005, 25.235272095000028], [87.01146192000004, 25.235402383000064], [87.01118683000004, 25.235563311000078], [87.01037951300003, 25.235302669000077], [87.00989563000007, 25.234984890000078], [87.00848805300006, 25.234836392000034], [87.00695248800008, 25.23490591600006], [87.00667091000008, 25.234876178000036], [87.00653842100007, 25.23416039500006], [87.00660740400008, 25.233712057000048], [87.00676474400007, 25.233308287000057], [87.00717651000008, 25.232869590000064], [87.00760366500003, 25.232710263000058], [87.00773925000004, 25.23237742400005], [87.00777383100007, 25.232072567000046], [87.00757063100008, 25.23163839500006], [87.00752595100005, 25.231290401000024], [87.00733294700007, 25.231042479000052], [87.00714621300006, 25.230910945000062], [87.00678823200008, 25.23092715200005], [87.00648393700004, 25.230987559000027], [87.00612967800004, 25.231073636000076], [87.00559770000007, 25.23119107200006], [87.00503260700003, 25.231169924000028], [87.00497255400006, 25.231009338000035], [87.00493552100005, 25.230800986000077], [87.00494963300008, 25.230590412000026], [87.00514400200007, 25.230394903000047], [87.00544065100007, 25.230194764000032], [87.00589337000008, 25.230034284000055], [87.00592795500006, 25.229729426000063], [87.00564805600004, 25.229298723000056], [87.00540636300008, 25.22909963500007], [87.00517369100004, 25.229063534000034], [87.00492181600004, 25.229144974000064], [87.00471069000008, 25.229504546000044], [87.00433987200006, 25.229754580000076], [87.00419791400003, 25.229971032000037], [87.00398169000005, 25.23023747700006], [87.00352906900008, 25.23039794700003], [87.00318902100008, 25.230273345000057], [87.00286426000008, 25.22996143200004], [87.00273524500005, 25.22947726600006], [87.00260113900003, 25.22889997300007], [87.00284919800004, 25.228748762000066], [87.00307295900006, 25.22862196500006], [87.00324695400008, 25.228520736000064], [87.00333522800008, 25.228260082000077], [87.00326626300006, 25.227936502000034], [87.00304133700007, 25.227573347000032], [87.00224221800005, 25.227492831000063], [87.00155301500007, 25.227547327000025], [87.00114241700004, 25.228009273000055], [87.00129826600005, 25.22851554300007], [87.00113698500007, 25.229316227000027], [87.00086844500004, 25.22956171800007], [87.00003344500004, 25.229762789000063], [86.99956672300004, 25.22966722500007], [86.99922031800008, 25.229426231000048], [86.99872039500008, 25.229192178000062], [86.99852474100004, 25.229364329000077], [86.99836229400006, 25.229675058000055], [86.99794925600008, 25.229623694000054], [86.99770118900005, 25.229774897000027], [86.99759313600003, 25.230048483000076], [86.99758860400004, 25.23005996300003], [86.99776746800006, 25.230518563000032], [86.99801159300006, 25.230764185000055], [86.99843214500004, 25.231421884000042], [86.99854149900005, 25.232015596000053], [86.99847217200005, 25.232624944000065], [86.99843092600008, 25.233746156000052], [86.99820700700008, 25.23433926900003], [86.99793462700006, 25.234514795000052], [86.99758247400007, 25.234554401000025], [86.99630656600004, 25.234571438000046], [86.99570180600006, 25.234623747000057], [86.99493846400009, 25.23468690800007], [86.99407647500004, 25.234800877000055], [86.99343284900004, 25.23490774000004], [86.99267389900007, 25.235277667000048], [86.99204931100007, 25.235677554000063], [86.99115541900005, 25.235990440000023], [86.99031547400006, 25.236248540000076], [86.98908763400004, 25.236461484000074]]]]}}, {"type": "Feature", "properties": {"OBJECTID": 131, "BLOCK_CODE": "0007", "NEAR_TOWN": "SAHIBGANJ", "BLK_NAME": "PIRPAINTI", "DIST_NAME": "BHAGALPUR"}, "geometry": {"type": "MultiPolygon", "coordinates": [[[[87.36884778900009, 25.41857203400008], [87.36800799000008, 25.41743911700007], [87.36768494700004, 25.41730821400006], [87.36617904700006, 25.418057352000062], [87.36437519200007, 25.415349121000077], [87.36523498100007, 25.414216254000053], [87.36653724800004, 25.411092961000065], [87.36711879600006, 25.409386881000046], [87.37205353000007, 25.408150355000032], [87.37262008800008, 25.40796986500004], [87.37907047300007, 25.40682790900007], [87.38206198000006, 25.405577573000073], [87.38760109800006, 25.401668443000062], [87.39052401300006, 25.39960546900005], [87.39500563900003, 25.396842648000074], [87.40212571100005, 25.394350075000034], [87.40595597500004, 25.391284572000075], [87.40595593100005, 25.39137489500007], [87.40899728000005, 25.392868184000065], [87.40714802700006, 25.38957372300007], [87.40654622900007, 25.387786495000057], [87.40632223900008, 25.386161663000053], [87.40641129800008, 25.38457283400004], [87.40657981200007, 25.38311043300007], [87.40749853200003, 25.38140415500004], [87.40805978600008, 25.380812726000045], [87.41033504200004, 25.380229932000077], [87.41559612300006, 25.37888360200003], [87.42066306300006, 25.377121782000074], [87.42181067900003, 25.376900275000025], [87.42454777900008, 25.376177170000062], [87.42610271300003, 25.375779524000052], [87.42642105200008, 25.376668497000026], [87.42749420600006, 25.37682618100007], [87.42898397500005, 25.375245834000054], [87.42955530300009, 25.375105722000058], [87.43016130700005, 25.37495657100004], [87.43090704800005, 25.376152319000028], [87.43220898400006, 25.376688949000027], [87.43352711000006, 25.379884031000074], [87.43375883800007, 25.381005359000028], [87.43435264500005, 25.381463487000076], [87.43507810900007, 25.381485729000076], [87.43554483300005, 25.38094389200006], [87.43589740900006, 25.380677482000067], [87.43652774900005, 25.379250929000023], [87.43661640300007, 25.37790585500005], [87.43691203900005, 25.373053629000026], [87.43768631100005, 25.37166771300008], [87.43786991800005, 25.371306550000043], [87.43919506600008, 25.36883703600006], [87.43963668100008, 25.36786643100004], [87.44025180300008, 25.366263805000074], [87.44094798700007, 25.36501260600005], [87.44106565900006, 25.364801123000063], [87.44174065800007, 25.36370851500004], [87.44220757400007, 25.36350968100004], [87.44349390600007, 25.36306677700003], [87.44548565400004, 25.362519733000056], [87.44834634700004, 25.361565909000035], [87.44978183900008, 25.36128988200005], [87.45148025200007, 25.360557783000047], [87.45405802400006, 25.359897458000034], [87.45520059000006, 25.36005031600007], [87.45610495900007, 25.36045149800003], [87.45649264700006, 25.360740216000067], [87.45699463200003, 25.361164170000052], [87.45746710500003, 25.36192217200005], [87.45898843400005, 25.363627477000023], [87.46102217100008, 25.366370497000048], [87.46157895600004, 25.367020187000037], [87.46245320700007, 25.366902319000076], [87.46431609700005, 25.36677027500008], [87.46711756900004, 25.36632624500004], [87.46828985700006, 25.36612688200006], [87.47024710500006, 25.36605786800004], [87.47204065400007, 25.366381706000027], [87.47310875000005, 25.366399105000028], [87.47417185700004, 25.366416421000054], [87.47497161500007, 25.366334610000024], [87.47611929100003, 25.366491772000074], [87.47925906500006, 25.366620512000054], [87.48031245700008, 25.36684090500006], [87.48184283100005, 25.36719641600007], [87.48277218800007, 25.367597439000065], [87.48413883000006, 25.368138074000058], [87.48718517600008, 25.369255149000026], [87.48832957400003, 25.365941258000078], [87.49009328200003, 25.36608890900004], [87.49462297400004, 25.36014990800004], [87.49606707500004, 25.35868636400005], [87.49639450800004, 25.35831594900003], [87.49748672700008, 25.35722159100004], [87.49751795100008, 25.35717630000005], [87.49883535400005, 25.355151559000035], [87.49904814700005, 25.354300220000027], [87.49954199900003, 25.35333628500007], [87.50019714000007, 25.352500672000076], [87.50090086800003, 25.35160122600007], [87.50196747100006, 25.35125104100007], [87.50371226500005, 25.351846926000064], [87.50609968900005, 25.352802911000026], [87.51016915800005, 25.35331504800007], [87.51031750600004, 25.353333716000066], [87.51206189300007, 25.35390243200004], [87.51400884600008, 25.35387704200008], [87.51538048900005, 25.35336873800003], [87.51595568900007, 25.352777954000032], [87.51734844000003, 25.352603182000053], [87.51869252900008, 25.351423070000067], [87.51896515000004, 25.35085497800003], [87.52048679100005, 25.35013675600004], [87.52150456200008, 25.349836825000068], [87.52293857900008, 25.34921924100007], [87.52374876400006, 25.348444378000067], [87.52573179700005, 25.348490452000078], [87.52524919200005, 25.350045298000055], [87.52463098500004, 25.353109], [87.52441811500006, 25.354213023000057], [87.52438293700004, 25.35525117800006], [87.52542215700004, 25.355830584000046], [87.52665600600005, 25.356190474000073], [87.52760689600007, 25.355765270000063], [87.52875358500006, 25.354921957000045], [87.52898562600006, 25.354047695000077], [87.52906445700006, 25.352688601000068], [87.52915385700004, 25.35136088200005], [87.52964630900004, 25.349810337000065], [87.52984626500006, 25.347759145000055], [87.52944112900008, 25.346818057000064], [87.52874487200006, 25.345714521000048], [87.52786180900006, 25.343923622000034], [87.52711311500008, 25.342676536000056], [87.52896686800005, 25.34165994800003], [87.53073133900006, 25.340653668000073], [87.53384244700004, 25.33862053400003], [87.53555103800005, 25.337551930000075], [87.53940072600005, 25.333066660000043], [87.54097771500005, 25.33135043900006], [87.54152821400004, 25.33051630700004], [87.54229502400005, 25.330612616000053], [87.54333881000008, 25.330650544000036], [87.54369719400006, 25.33095624200007], [87.54417910800004, 25.33201338600003], [87.54472171900005, 25.33233877300006], [87.54684491000006, 25.33245912500007], [87.54839216800008, 25.332588346000023], [87.55187506500005, 25.332637841000064], [87.55171670900006, 25.331359124000073], [87.55181130800008, 25.330058394000048], [87.55020856000004, 25.32988038900004], [87.55008916400004, 25.32907924700004], [87.55019072100004, 25.32709721300006], [87.55024518100004, 25.324727954000025], [87.54957170700004, 25.324305364000054], [87.54833063900008, 25.32433820500006], [87.54757470100003, 25.324025163000044], [87.54792575000005, 25.322891945000038], [87.54845463600003, 25.32196786000003], [87.54826117100004, 25.320400965000033], [87.54704989100009, 25.317541646000052], [87.54620292200008, 25.314239005000047], [87.54639037200008, 25.311542862000067], [87.54658897800005, 25.30943303400005], [87.54619406400008, 25.306403027000044], [87.54530083300006, 25.303277103000028], [87.54365628200009, 25.299278583000046], [87.54292017500006, 25.296317071000033], [87.54260176900004, 25.293908522000038], [87.54245820900007, 25.29076632600004], [87.54261224900006, 25.288133817000073], [87.54316334300006, 25.28496735400006], [87.54322683500004, 25.282800945000076], [87.54299016500005, 25.28104071300004], [87.53991210900006, 25.28052912000004], [87.53468995300005, 25.280055098000048], [87.53163527300006, 25.280783505000045], [87.52897912500003, 25.28265164000004], [87.52571693000004, 25.284772704000034], [87.52441617500006, 25.286371711000072], [87.52305194100006, 25.28803480700003], [87.52191459000005, 25.289351633000024], [87.52058396100006, 25.29095103700007], [87.51941731500006, 25.292299865000075], [87.51849868900007, 25.292828288000067], [87.51783067700006, 25.293222040000046], [87.51688212900007, 25.293484697000054], [87.51585790600006, 25.293410170000072], [87.51503020900003, 25.29295823700005], [87.51326010600008, 25.29283205300004], [87.51125933900005, 25.29338602300004], [87.50921845700003, 25.29338113800003], [87.50667227800005, 25.293713371000024], [87.50455870500008, 25.293808821000027], [87.50329531800008, 25.29261909400003], [87.50203106600009, 25.292453428000044], [87.50124334900005, 25.292817327000023], [87.50119382400004, 25.293900808000046], [87.50033822200004, 25.295429630000058], [87.49904038300008, 25.297213425000052], [87.49841278400004, 25.298183875000063], [87.49751851800005, 25.29934116100003], [87.49615564800007, 25.300897185000053], [87.49538379500007, 25.30239315700004], [87.49475470400006, 25.304901992000055], [87.49412844200003, 25.306756732000053], [87.49412802500007, 25.30675481700007], [87.49388927200005, 25.306281092000063], [87.49369046100009, 25.306118814000058], [87.49350549300004, 25.30482354800006], [87.49353894300003, 25.30353715800004], [87.49311528500004, 25.301831297000035], [87.49222441600006, 25.29970617300006], [87.49179603500005, 25.298216953000065], [87.49148258300005, 25.29757180400003], [87.49112974400003, 25.29726517000006], [87.49059351300008, 25.29719783400003], [87.48831482600008, 25.297438842000076], [87.48772394100007, 25.297430272000042], [87.48741604400004, 25.29730413900006], [87.48727187200006, 25.29708759600004], [87.48727617700007, 25.296464680000042], [87.48791443700009, 25.294044924000048], [87.48939559400009, 25.290496123000025], [87.48952403000004, 25.28980996200005], [87.48963154600006, 25.28810825200003], [87.48990325100004, 25.28660497000004], [87.49045345800005, 25.285751480000044], [87.49054751600005, 25.285467096000048], [87.49066000800008, 25.283670572000062], [87.49048537900006, 25.282772511000076], [87.49041969900009, 25.281544825000026], [87.49061140000003, 25.279572287000065], [87.49093315300007, 25.27864218800005], [87.49120088300003, 25.27830801400006], [87.49202949800008, 25.277833418000057], [87.49360739300005, 25.277200238000034], [87.49482825200005, 25.276878817000068], [87.49560273200007, 25.276954877000037], [87.49658060900003, 25.276863839000043], [87.49751718300007, 25.27697794200003], [87.49779857600004, 25.277012244000048], [87.49826572000006, 25.276495298000043], [87.49840586900007, 25.27574882600004], [87.49751726800008, 25.274901385000078], [87.49620477000008, 25.27331192300005], [87.49594640200007, 25.273045796000076], [87.49530977700005, 25.27180961700003], [87.49517512700004, 25.27122752200006], [87.49535342700005, 25.270812040000067], [87.49623077000007, 25.269538500000067], [87.49751883600004, 25.26884123600007], [87.49752377000004, 25.268837218000044], [87.49879872600008, 25.267978721000077], [87.49980682000006, 25.26719194900005], [87.50037778500007, 25.266655399000058], [87.49963917600007, 25.265367303000062], [87.49914781800004, 25.26456726500004], [87.49861806400008, 25.263298634000023], [87.49893426400007, 25.26268022800008], [87.49901653400008, 25.26175414200003], [87.49989959200008, 25.260648971000023], [87.50012241900004, 25.260077116000048], [87.49986265900003, 25.25918327000005], [87.49978526500007, 25.25848521200004], [87.49871317400005, 25.25876325400003], [87.49751781700007, 25.259619009000062], [87.49712438600005, 25.259874120000063], [87.49668267400006, 25.259910629000046], [87.48964033200008, 25.260701613000037], [87.48900985500006, 25.260616348000042], [87.48862244800006, 25.260368435000032], [87.48766846200004, 25.259195598000076], [87.48286219200008, 25.251819418000025], [87.48145740000007, 25.250476432000028], [87.47879452500007, 25.246965944000067], [87.47784299200003, 25.245779748000075], [87.47723081200007, 25.245006957000044], [87.47395419800006, 25.240150718000052], [87.47395415400007, 25.240150724000046], [87.47395407100004, 25.240150534000065], [87.47327680800004, 25.238263551000045], [87.47327684900006, 25.238263586000073], [87.47327680300003, 25.23826336600007], [87.47327679800009, 25.23826332400006], [87.47321454700005, 25.23611734900004], [87.47336680600006, 25.233330411000054], [87.47356727000005, 25.23082770900004], [87.47384355000008, 25.228006106000066], [87.47435314600006, 25.22540255900003], [87.47444068500005, 25.222045776000073], [87.47444069300008, 25.22204558900006], [87.47503144500007, 25.219753438000055], [87.47503141000004, 25.21975345800007], [87.47503143400007, 25.21975324300007], [87.47497879400004, 25.217234183000073], [87.47502238600003, 25.212045507000028], [87.47540778800004, 25.209204312000054], [87.47557369300006, 25.207190387000026], [87.475485, 25.205131520000066], [87.47542651700007, 25.200893277000034], [87.47545321100006, 25.199731409000037], [87.47554987000007, 25.19815063300007], [87.47601325300008, 25.194258348000062], [87.47556557400009, 25.19436754800006], [87.47468618200008, 25.19441003700007], [87.47414273500004, 25.194426707000048], [87.47287492800007, 25.194283321000057], [87.47241512700003, 25.19409629200004], [87.47177833000006, 25.194547921000037], [87.47111712500003, 25.19529319700007], [87.47075202700006, 25.195411483000044], [87.47034458800005, 25.195377050000047], [87.46934487800007, 25.19524308900003], [87.46803727100007, 25.195091261000073], [87.46690509000007, 25.195036036000033], [87.46556506900004, 25.19501101800006], [87.46397171800004, 25.194976181000072], [87.46328539200005, 25.19488273500008], [87.46306244800007, 25.195449951000057], [87.46290417100005, 25.19657576000003], [87.46258119300006, 25.197370034000073], [87.46180957100006, 25.197774107000043], [87.46083356100007, 25.198127012000043], [87.46077141300003, 25.19798363600006], [87.46041402800006, 25.19742947800006], [87.45994488700006, 25.196723734000045], [87.45953051300006, 25.196860683000068], [87.45905942200005, 25.197147477000044], [87.45786309400006, 25.19766611600005], [87.45647185400009, 25.198381623000046], [87.45451587000008, 25.199416797000026], [87.45318781100008, 25.200059174000046], [87.45168854700006, 25.200839475000066], [87.45059568700003, 25.20132486500006], [87.45041235100007, 25.201471944000048], [87.45022893700008, 25.201619048000055], [87.44963103100008, 25.20203404800003], [87.44863129700008, 25.202450417000023], [87.44782021700007, 25.202877516000058], [87.44731099600006, 25.203255054000067], [87.44674363200005, 25.20370780500008], [87.44617617600005, 25.204160624000053], [87.44535971500005, 25.204565201000037], [87.44470806800007, 25.204471108000064], [87.44396436100004, 25.204504771000074], [87.44319520800008, 25.204498083000033], [87.44211534800007, 25.204599802000075], [87.44151239300004, 25.204735079000045], [87.44130760100006, 25.204936650000036], [87.44069287600007, 25.205523220000032], [87.43947032000005, 25.20624510500005], [87.43859424600004, 25.206646058000047], [87.43744894600007, 25.20696980100007], [87.43648535100004, 25.207191522000073], [87.43579633800005, 25.207513047000077], [87.43481859500008, 25.207775626000057], [87.43353107500008, 25.208196134000048], [87.43269391300004, 25.20855582400003], [87.43203425700005, 25.209125065000023], [87.43135719000009, 25.209834321000073], [87.43064068400008, 25.210007268000027], [87.42977665800004, 25.210250065000025], [87.42856124300005, 25.210543186000052], [87.42725163600005, 25.210842201000048], [87.42661133100006, 25.211113322000074], [87.42595962800004, 25.211574034000023], [87.42501331900007, 25.212494813000035], [87.42401066800005, 25.21331256600007], [87.42311359300004, 25.21393481800004], [87.42260576900009, 25.213978350000048], [87.42209794500008, 25.214021882000054], [87.42148263100006, 25.214021899000045], [87.42100210000007, 25.214349300000038], [87.42014512300005, 25.214988966000078], [87.41964553600008, 25.21508205200007], [87.41848687400005, 25.21494109300005], [87.41775313900007, 25.214703714000052], [87.41671533300007, 25.21466027400004], [87.41546773500005, 25.21482744900004], [87.41364374900007, 25.21494434400006], [87.41236580900005, 25.21507580100007], [87.41202753400006, 25.215310914000042], [87.41202434600007, 25.215689895000025], [87.41219564600004, 25.216679916000032], [87.41229039700005, 25.217544746000044], [87.41238450400004, 25.218937477000054], [87.41146857500007, 25.219338884000024], [87.40987829900007, 25.22004789600004], [87.40837979700007, 25.220620137000026], [87.40764282000004, 25.22104143400003], [87.40683431000008, 25.221341995000046], [87.40627394800003, 25.221647912000037], [87.40602215400008, 25.222003487000052], [87.40567535400004, 25.222035661000064], [87.40507143400004, 25.222121155000025], [87.40399481000009, 25.22241655700003], [87.40387186900006, 25.22276117000007], [87.40378362200005, 25.223385063000023], [87.40382526200005, 25.224336402000063], [87.40369840800008, 25.225303729000075], [87.40340032100005, 25.225290062000056], [87.40292537000005, 25.225373708000063], [87.40289171900008, 25.225716998000053], [87.40272218800004, 25.22623380300007], [87.40210628700004, 25.22676615100005], [87.40148355500008, 25.226910505000035], [87.40063568200009, 25.226674724000077], [87.40040750700007, 25.226680290000047], [87.40017933200005, 25.226685855000028], [87.39927550900006, 25.22693360100004], [87.39838996300006, 25.227090877000023], [87.39818784100004, 25.226886241000045], [87.39792417900009, 25.226565278000066], [87.39741298100006, 25.226563630000044], [87.39675296700005, 25.226848465000046], [87.39618948700007, 25.226978444000054], [87.39399943000006, 25.227456852000046], [87.39186293100005, 25.22788031700003], [87.39174638900005, 25.227746705000072], [87.39148253200005, 25.226848197000038], [87.39094560800004, 25.22594457200006], [87.39007271000008, 25.22625954600005], [87.38982401600003, 25.225658576000058], [87.38946067500007, 25.22503220300007], [87.38917176000007, 25.224120509000045], [87.38846755100008, 25.224148786000057], [87.38798485200005, 25.222937568000077], [87.38745286600005, 25.22316187000007], [87.38576270100003, 25.223849493000046], [87.38454637400008, 25.224390423000045], [87.38358798700006, 25.224354582000046], [87.38319345500008, 25.223931723000078], [87.38279907900005, 25.22351327900003], [87.38207890700005, 25.223194344000035], [87.38167541700005, 25.222536872000035], [87.38110167100007, 25.221223244000043], [87.38050193900006, 25.22012653200005], [87.37965029300005, 25.21852816300003], [87.37939263100003, 25.217981433000034], [87.37883545800008, 25.217330822000065], [87.37850571800004, 25.216920438000045], [87.37763445000007, 25.21646831100003], [87.37629065200008, 25.215666519000024], [87.37550593000003, 25.21505964800008], [87.37537537300005, 25.21411411200006], [87.37508046400006, 25.213134839000077], [87.37477850300007, 25.212318031000052], [87.37451265800007, 25.21158641900007], [87.37414873100005, 25.21005768200007], [87.37378059800005, 25.20914715300006], [87.37305279100008, 25.208097347000034], [87.37232246300005, 25.206903226000065], [87.37189934800006, 25.206255051000028], [87.37117593400006, 25.206310530000053], [87.37092704800006, 25.206548760000032], [87.37098354900007, 25.206949502000043], [87.37091328300005, 25.207189638000045], [87.36997464600006, 25.20742413000005], [87.36885684000003, 25.207918407000022], [87.36739693700008, 25.20843108500003], [87.36572812900005, 25.208910557000024], [87.36469803900007, 25.20931334200003], [87.36317866800005, 25.210115552000048], [87.36219726300004, 25.210752144000026], [87.36115509900009, 25.211606192000033], [87.36023202200005, 25.211890115000074], [87.35928237100006, 25.212066074000063], [87.35843623200003, 25.212204476000068], [87.35700177700005, 25.212468546000025], [87.35612761600004, 25.21270652100003], [87.35523083000004, 25.21278703400003], [87.35374283400006, 25.21311048800004], [87.35248208400003, 25.213381007000066], [87.35209327500007, 25.213567047000026], [87.35053734400003, 25.213981627000067], [87.34963058300008, 25.214350981000052], [87.34900011500008, 25.214621581000074], [87.34876522500008, 25.21452563500003], [87.34842663700005, 25.21387624600004], [87.34761040800004, 25.214027730000055], [87.34656495300004, 25.21440798200007], [87.34569528200007, 25.214618770000072], [87.34543297500005, 25.21436982700004], [87.34515720700006, 25.213624819000074], [87.34479204200005, 25.21374280200007], [87.34390897700007, 25.214048597000044], [87.34251152400003, 25.21473604700003], [87.34171657700006, 25.215257105000035], [87.34125116400008, 25.215317897000034], [87.34070422100007, 25.214675889000034], [87.34025967900004, 25.214794953000023], [87.33942450800004, 25.21499623400007], [87.33798998200007, 25.215260128000068], [87.33613837000007, 25.21580066000007], [87.33455119000007, 25.216134342000032], [87.334183, 25.216369590000056], [87.33408921200004, 25.216686767000056], [87.33436362300006, 25.21735959500006], [87.33471555700004, 25.217914089000033], [87.33474459900003, 25.218166363000023], [87.33443844900006, 25.21825193600006], [87.33409435100003, 25.218446224000047], [87.33401251300006, 25.218591768000067], [87.33422116600008, 25.218900140000073], [87.33422265400003, 25.219274554000037], [87.33396402900007, 25.21953539200007], [87.33363382800007, 25.219666345000064], [87.33360889200009, 25.219950948000076], [87.33428015300007, 25.219599123000023], [87.33507001100008, 25.219357898000055], [87.33648965100008, 25.219965005000063], [87.33693929200007, 25.223044637000044], [87.33756459600005, 25.223626902000035], [87.33808462700006, 25.224440709000078], [87.33870895000007, 25.22495969600004], [87.33972826600007, 25.22536943700004], [87.34034817700007, 25.227661596000075], [87.34114988400006, 25.228110499000024], [87.34123910800008, 25.22868223200004], [87.34123933300003, 25.228700287000038], [87.34089006800008, 25.229458632000046], [87.34197305300006, 25.231550285000026], [87.34381255400007, 25.234556011000052], [87.34424517800005, 25.235262890000058], [87.34411993200007, 25.236347488000035], [87.34485932700005, 25.23681508900006], [87.34488752600004, 25.236832923000065], [87.34507856300007, 25.23755208400007], [87.34466212600006, 25.238446715000066], [87.34528589700005, 25.238929664000068], [87.34551380500005, 25.23977915200004], [87.34506950700006, 25.24107133900003], [87.34575305000004, 25.24099392100004], [87.34833959400004, 25.23987442300006], [87.34908853700006, 25.239268244000073], [87.35152442900005, 25.238051600000063], [87.35253042400007, 25.23767633500006], [87.35327689100006, 25.23894700200003], [87.35349267900006, 25.240523073000077], [87.35345807200008, 25.24081680200004], [87.35123089200005, 25.24147561500007], [87.34921434700004, 25.241964481000025], [87.34885936600006, 25.242393608000043], [87.34845770200008, 25.244438642000034], [87.34836016600008, 25.247133493000035], [87.34727829400003, 25.24714881400007], [87.34704784200005, 25.248469561000036], [87.34658781100006, 25.249134733000062], [87.34713214800007, 25.25048921100006], [87.34722563600008, 25.25079547300004], [87.34717073900003, 25.251779489000057], [87.34660476600004, 25.252709141000025], [87.34663445800004, 25.253228206000074], [87.34676298200003, 25.255403821000073], [87.34632621800006, 25.255570729000056], [87.34542782300008, 25.25571502500003], [87.34533831100003, 25.25646878400005], [87.34424107000007, 25.25793092500004], [87.34433012300008, 25.259244426000066], [87.34375434200007, 25.25925330900003], [87.34373420000009, 25.26017410000003], [87.34356047600005, 25.260539676000064], [87.34297966700007, 25.260706586000026], [87.34218550700007, 25.260589045000074], [87.34134682700005, 25.26007876400007], [87.34060216700004, 25.260778238000057], [87.33958459700006, 25.260723813000027], [87.33910822200005, 25.260340032000045], [87.33823967900008, 25.260353373000044], [87.33806591100006, 25.260398477000024], [87.33726674700006, 25.260628436000047], [87.33791147000005, 25.262456620000023], [87.33835254400003, 25.264885064000055], [87.33830355500004, 25.265519098000027], [87.33823292200003, 25.266433248000055], [87.33903203300008, 25.266514631000064], [87.33979632800003, 25.266966238000066], [87.33985573000007, 25.26764324800007], [87.33970630300007, 25.269385476000025], [87.34008323900008, 25.270532046000028], [87.33991919100004, 25.271416703000057], [87.34042983700004, 25.273777409000047], [87.33957089300009, 25.27421952000003], [87.33883146100004, 25.273569403000067], [87.33750594300005, 25.27415131600003], [87.33755539100008, 25.274900595000076], [87.33674576100003, 25.276295108000056], [87.33651701200006, 25.27761296600005], [87.33562813800006, 25.278709564000053], [87.33636269900006, 25.27912950900003], [87.33699130000008, 25.279772473000037], [87.33728080700007, 25.28006859100003], [87.33834774500008, 25.281138587000044], [87.33875953400008, 25.281955666000044], [87.34353038700004, 25.281622726000023], [87.34417087600008, 25.281153447000065], [87.34423070300005, 25.280268849000038], [87.34376945300005, 25.278463241000054], [87.34386396800005, 25.277840410000067], [87.34553188700005, 25.277881378000075], [87.34609255700008, 25.279091105000077], [87.34764635100004, 25.27913202800005], [87.34908606400006, 25.278586177000022], [87.35068954000008, 25.278329131000078], [87.35120578100003, 25.27881218500005], [87.35140416900003, 25.279832273000068], [87.35121541300003, 25.28013921200005], [87.35108635800003, 25.28036488200007], [87.34972104300005, 25.280676064000033], [87.34867842500006, 25.281411646000038], [87.34845964800007, 25.283226014000036], [87.34795282000005, 25.28540151900006], [87.34714330100007, 25.28672833400003], [87.34729212800005, 25.28705334800003], [87.34841912500008, 25.28713479700008], [87.34894510500004, 25.28831297800008], [87.34928707700004, 25.29129649400005], [87.35015549600007, 25.293223950000026], [87.35150573500005, 25.294158474000028], [87.35236447100004, 25.295463056000074], [87.35352618900004, 25.295905590000075], [87.35482695700006, 25.295851553000034], [87.35609305400004, 25.295869844000038], [87.35720005500008, 25.297039011000038], [87.35856031900005, 25.29819908500008], [87.35994049300007, 25.29877248200006], [87.36319758600007, 25.29865994200003], [87.36356984600008, 25.299147498000025], [87.36391244000004, 25.30006374800007], [87.36500965000005, 25.30089885500007], [87.36638986500003, 25.301246478000053], [87.36783973000007, 25.301056946000074], [87.36952291300008, 25.30018145100007], [87.37455254600007, 25.299612781000064], [87.37459232100008, 25.299973932000057], [87.37403120900007, 25.30049743400008], [87.37078401400004, 25.301689002000046], [87.36599241200008, 25.304925042000036], [87.36435883500008, 25.306057859000077], [87.36234766000007, 25.308043634000057], [87.35921412500005, 25.31135184200008], [87.35679043500005, 25.314678053000023], [87.35440149600004, 25.317810122000026], [87.35309988600005, 25.321095868000043], [87.35243909000008, 25.322603264000065], [87.35294524600005, 25.324878201000047], [87.35368010900004, 25.32558699200007], [87.35443952400004, 25.328024366000022], [87.35564613900004, 25.329473412000027], [87.35674878000003, 25.328805566000028], [87.35761292700005, 25.32876055500003], [87.35864567100003, 25.330475808000074], [87.35926632100006, 25.331121336000024], [87.35976277600008, 25.332678560000033], [87.35927102800008, 25.333531593000032], [87.36101890000003, 25.336903336000034], [87.36149555600008, 25.33774749300005], [87.36144088500004, 25.338365843000076], [87.36079524200005, 25.338605002000065], [87.36234458400008, 25.340798712000037], [87.36221534200007, 25.341615626000078], [87.36052150400008, 25.34317268700005], [87.36093363900005, 25.344472621000023], [87.36141532800008, 25.34534381700007], [87.36135544000007, 25.348250481000036], [87.36106199800008, 25.351617630000078], [87.36104693300007, 25.353052878000028], [87.36124560400003, 25.353766095000026], [87.36066428700008, 25.35540446300007], [87.36053501400005, 25.356252982000058], [87.36090743700004, 25.357264018000023], [87.36070374500008, 25.35791395700005], [87.36077947300004, 25.357914709000056], [87.35946671100004, 25.35882560700003], [87.35788701000007, 25.358947275000048], [87.35439492300009, 25.35870765800007], [87.35062951600008, 25.358923683000057], [87.34595522300003, 25.35882807100006], [87.34070465800005, 25.35857419200005], [87.33974585600004, 25.358944032000068], [87.34117597800008, 25.360785888000066], [87.34195549400005, 25.362307146000035], [87.34276494700003, 25.363372527000024], [87.34053940500007, 25.363304352000057], [87.33871610300008, 25.36394932500008], [87.33524904400008, 25.362824617000058], [87.33197552500008, 25.36244898800004], [87.32725638800008, 25.361991717000024], [87.32525921700005, 25.36267258600003], [87.32284504800003, 25.362251985000057], [87.32133974200008, 25.362531320000073], [87.32007818300008, 25.362192329000038], [87.31844909000006, 25.36142886500005], [87.31636268200003, 25.36152740700004], [87.31452973400008, 25.36126032800007], [87.31143039400007, 25.360586566000052], [87.30888661700004, 25.361307577000048], [87.30455915200008, 25.36254230700007], [87.30245738500008, 25.363349183000025], [87.29665922600003, 25.364673178000032], [87.29265931000003, 25.366128898000056], [87.29044316400007, 25.366840809000053], [87.28714898200008, 25.367542934000028], [87.28553915800006, 25.36795723700004], [87.28437079000008, 25.36914814200003], [87.28331106200005, 25.371286867000038], [87.28443698000007, 25.373828711000044], [87.28504466300006, 25.37838778200006], [87.28650327300005, 25.381236709000063], [87.28886515300007, 25.385733532000074], [87.28997598800004, 25.388762824000025], [87.29304294300005, 25.394356837000032], [87.29311194500008, 25.395146714000077], [87.29310624500005, 25.396202853000034], [87.29245872800004, 25.398563110000055], [87.29213500400004, 25.399709320000056], [87.29949750300005, 25.402511720000064], [87.30183748900004, 25.403451649000033], [87.30852197800004, 25.401956384000073], [87.30908839900007, 25.402042383000037], [87.30930187700005, 25.40239901900003], [87.30953934200005, 25.404452839000044], [87.30982731900008, 25.404877199000055], [87.31037378000008, 25.405288169000073], [87.31487944800006, 25.408535345000075], [87.31629080500005, 25.408368921000033], [87.31653938400007, 25.408292306000078], [87.31843293800006, 25.407746902000042], [87.31910887200007, 25.40768392600006], [87.32173255200007, 25.408190379000075], [87.32294982900004, 25.408628690000057], [87.32425662200006, 25.409265513000037], [87.32600050700006, 25.410159805000035], [87.33732448700005, 25.415895359000046], [87.33916800300005, 25.41666756400008], [87.34152876000007, 25.416632075000052], [87.34253786700003, 25.415404628000033], [87.34588270000006, 25.415107442000078], [87.34741322200006, 25.41558159300007], [87.34986308900005, 25.416674310000076], [87.35017622500004, 25.41653449200004], [87.35366023000006, 25.415803836000066], [87.35466414400008, 25.41556930300004], [87.35585199400003, 25.41542049800006], [87.35740748500007, 25.415416160000063], [87.36111952100003, 25.419081538000057], [87.36189977000004, 25.419641314000046], [87.36085098100006, 25.42083271300004], [87.36541325300004, 25.42463797000005], [87.36620350700008, 25.423988105000035], [87.36790835900007, 25.42202027700006], [87.36768482300005, 25.419348290000073], [87.36884778900009, 25.41857203400008]]]]}}, {"type": "Feature", "properties": {"OBJECTID": 132, "BLOCK_CODE": "0002", "NEAR_TOWN": null, "BLK_NAME": "BIHPUR", "DIST_NAME": "BHAGALPUR"}, "geometry": {"type": "MultiPolygon", "coordinates": [[[[86.92511194900004, 25.484348864000026], [86.92552871000004, 25.483924460000026], [86.92614435100006, 25.484206293000057], [86.92680835600004, 25.48474912300003], [86.92751548400008, 25.484817793000047], [86.92807825900007, 25.48487899500003], [86.92840454800006, 25.48509643500006], [86.92850040500008, 25.485555539000075], [86.92833987300008, 25.48688403400007], [86.92795023700006, 25.48819244500004], [86.92758275200003, 25.48965862700004], [86.92758374700009, 25.490448334000064], [86.92780805700005, 25.49120374200004], [86.92850402600004, 25.49189523700005], [86.92929503300007, 25.492274267000028], [86.93016849000009, 25.492494350000072], [86.93150648000005, 25.492506069000058], [86.93534394900007, 25.49201084500004], [86.93701914300004, 25.49159906400007], [86.94114316200006, 25.490261042000043], [86.94285493900009, 25.48926217500008], [86.94471054000007, 25.48789159300003], [86.94482293400006, 25.487389449000034], [86.94456296000004, 25.486584794000066], [86.94351353500008, 25.485513896000043], [86.94231870100003, 25.48471100200004], [86.94130323400003, 25.484285045000036], [86.94048072700008, 25.484150097000054], [86.93947413900008, 25.48436025600006], [86.93851022800004, 25.485133887000075], [86.93749321500007, 25.48566451100004], [86.93660614700008, 25.485886811000057], [86.93554377100008, 25.485664340000028], [86.93430074300005, 25.48496572700003], [86.93358819000008, 25.484509132000028], [86.93299228100005, 25.483500637000077], [86.93276683700003, 25.482668528000033], [86.93313957800007, 25.481581258000062], [86.93454187900005, 25.48050932600006], [86.93647485300005, 25.48004492000007], [86.93828312500005, 25.47955934600003], [86.93982897000006, 25.478797084000064], [86.94229784600003, 25.476837369000066], [86.94447464700005, 25.475332239000068], [86.94573142100006, 25.47488011100006], [86.94672775300006, 25.474656453000023], [86.94763568800005, 25.474862544000075], [86.94800268200004, 25.47550355000004], [86.94847059000006, 25.476951082000028], [86.94876506500003, 25.478793202000077], [86.94910337600004, 25.47951123100006], [86.94944355600006, 25.47966074200008], [86.95060778400006, 25.479701361000025], [86.95270156800007, 25.479717721000043], [86.95354119900009, 25.479658334000078], [86.95412247800004, 25.479272543000036], [86.95502293700008, 25.47788585400008], [86.95593749100004, 25.47680131000004], [86.95671309900007, 25.476088434000076], [86.95783644000005, 25.47534889800005], [86.95911504000009, 25.47468881700007], [86.96204951000004, 25.474031895000053], [86.96377522000006, 25.473695861000067], [86.96511377900003, 25.473062061000064], [86.96661170000004, 25.472097018000056], [86.96745029300007, 25.470923111000047], [86.96811336200005, 25.469994818000032], [86.96846597600006, 25.46891682200004], [86.96856165300005, 25.46795007000003], [86.96840238000004, 25.466887056000076], [86.96799240100006, 25.46568262200003], [86.96788252900006, 25.464948372000038], [86.96789672600005, 25.463851762000047], [86.96849361400007, 25.463167947000045], [86.96918137200004, 25.462577812000063], [86.96975227100006, 25.462169568000036], [86.97005564600005, 25.462175006000052], [86.97053890800004, 25.462936427000045], [86.97202246500007, 25.466212945000052], [86.97374765400008, 25.46898118300004], [86.97422369500003, 25.469936696000048], [86.97469973900007, 25.470892209000056], [86.97504220300004, 25.472241841000027], [86.97533489700004, 25.473235635000037], [86.97617619900007, 25.474349235000034], [86.97668936900004, 25.475110303000065], [86.97751447800005, 25.475781962000042], [86.97820657200003, 25.476188879000063], [86.97969224700006, 25.47645568300004], [86.98225457400008, 25.476551822000033], [86.98506439900007, 25.476568216000032], [86.98754509300005, 25.476520881000056], [86.98844547100003, 25.476546289000055], [86.98894630300003, 25.476445582000053], [86.98906120900006, 25.47613743100004], [86.98897233300005, 25.475488773000052], [86.98912271600005, 25.475229795000075], [86.98897715700008, 25.47369891200003], [86.98885561700007, 25.47285204600007], [86.98896217900005, 25.47127607500005], [86.98909776700003, 25.469293631000028], [86.98908937600004, 25.467330849000064], [86.98889889600008, 25.46652993500004], [86.98847346600007, 25.466336435000073], [86.98774215600008, 25.466309033000073], [86.98720778500007, 25.466148358000055], [86.98677993500007, 25.465787995000028], [86.98653530800004, 25.465375791000042], [86.98645451400006, 25.46459610200003], [86.98644586500006, 25.463996070000064], [86.98663640900008, 25.463411760000042], [86.98731308900005, 25.462063588000035], [86.98734786300008, 25.461715738000066], [86.98713204200004, 25.460883526000032], [86.98690242000004, 25.460123717000045], [86.98660466800004, 25.45843519700003], [86.98630552600008, 25.45699028100006], [86.98607055100007, 25.455864983000026], [86.98553357700007, 25.454129644000034], [86.98498614700009, 25.453053158000046], [86.98415866300007, 25.45151528300005], [86.98352157100004, 25.45077372700007], [86.98306410800006, 25.45041818800007], [86.98247180600004, 25.450028084000053], [86.98140281200006, 25.449675198000023], [86.98052250300003, 25.44964949900003], [86.97988174600005, 25.449693179000064], [86.97936743300005, 25.449532221000027], [86.97879767500007, 25.449322340000037], [86.97812838800007, 25.448761712000078], [86.97779300100007, 25.44825120400003], [86.97754106100007, 25.44732467700004], [86.97753268700006, 25.446738174000075], [86.97760063800007, 25.446272634000024], [86.97786847800006, 25.445876976000022], [86.97840425800007, 25.44510804400005], [86.97902321100008, 25.44458185800005], [86.98000470900007, 25.44403787500005], [86.98088963100008, 25.443346099000053], [86.98159304600006, 25.442471470000044], [86.98160822900007, 25.442141915000036], [86.98147564500005, 25.441908857000044], [86.98130844700006, 25.441694220000045], [86.98077282900005, 25.441434340000058], [86.97989020000006, 25.441246197000055], [86.97875540200005, 25.441151227000034], [86.97712224000009, 25.440967362000038], [86.97669640700008, 25.440742243000045], [86.97643841000007, 25.440429404000042], [86.97628432700003, 25.440079269000023], [86.97615835200008, 25.438916610000035], [86.97594670200004, 25.43802116100005], [86.97529525600004, 25.43590805900004], [86.97481471600008, 25.43428025000003], [86.97471482600008, 25.432503637000025], [86.97434585400003, 25.431032523000056], [86.97417827800007, 25.430786288000036], [86.97388346800005, 25.430672387000072], [86.97246885600003, 25.430472381000072], [86.97208505400005, 25.430395652000072], [86.97187891500005, 25.430231133000063], [86.97174530800004, 25.429930384000045], [86.97151823700005, 25.429337401000055], [86.97137027500008, 25.429072958000063], [86.97121812200004, 25.42885818600007], [86.97094241600007, 25.42869439800006], [86.97057203100007, 25.428513765000048], [86.97026226700007, 25.428404584000077], [86.96984945300005, 25.428039443000046], [86.96921457300004, 25.427785094000058], [86.96888060000003, 25.427721321000035], [86.96860825500005, 25.427792168000053], [86.96824420500008, 25.428062673000056], [86.96800637000007, 25.428115106000064], [86.96780588200005, 25.428000087000044], [86.96761828000007, 25.427736132000064], [86.96757332000004, 25.42737113100003], [86.96727680200007, 25.427139992000036], [86.96689128700007, 25.426945931000034], [86.96650604600006, 25.426769919000037], [86.96631789700007, 25.426469773000065], [86.96623788800008, 25.42608718100007], [86.96625784200006, 25.425040139000032], [86.96618347500004, 25.42470705200003], [86.96593841900005, 25.42424516400007], [86.96507661200008, 25.423064043000068], [86.96423994400004, 25.422243465000065], [86.96407027800007, 25.42184840400006], [86.96381949500005, 25.42098500900005], [86.96347570500006, 25.419874505000053], [86.96313002700003, 25.418628629000068], [86.96321571400006, 25.41836133100003], [86.96341461100008, 25.418011636000074], [86.96398939600004, 25.41718818800007], [86.96358036700008, 25.414620998000032], [86.96304336400004, 25.410385689000066], [86.96288986500008, 25.408668316000046], [86.96291448800008, 25.407950576000076], [86.96305979500005, 25.407682717000057], [86.96337239000007, 25.407647481000026], [86.96458857900006, 25.40789950900006], [86.96614768300003, 25.40814754300004], [86.96714275400006, 25.40822169100005], [86.96782255300008, 25.408146074000058], [86.96840622800005, 25.40795424600003], [86.96878512300003, 25.407683528000064], [86.96901329500008, 25.407301913000026], [86.96908691000004, 25.405834554000023], [86.96911575600006, 25.405414536000023], [86.96925589000006, 25.405137688000025], [86.97038074300008, 25.40420405100008], [86.97074136200007, 25.403698895000048], [86.97158083100004, 25.40192478800003], [86.97207401700007, 25.40095789800006], [86.97238238600005, 25.400620401000026], [86.97336480200005, 25.40016218100004], [86.97398963700005, 25.40006919500007], [86.97574739300006, 25.399967335000042], [86.97692121700004, 25.399687354000037], [86.97850505800005, 25.39888807500006], [86.97879330300003, 25.39853727900004], [86.98009299400007, 25.396987876000026], [86.98127339500007, 25.395078830000045], [86.98173056100006, 25.393688163000036], [86.98199366600005, 25.39297210600006], [86.98222669200004, 25.392585824000037], [86.98238816000008, 25.39206509400003], [86.98239904100006, 25.391437712000027], [86.98181919400008, 25.390501519000054], [86.98051459100003, 25.388919473000044], [86.97961757800005, 25.387693648000038], [86.97948068500006, 25.387153828000066], [86.97955142200004, 25.38688681800005], [86.98028165100004, 25.385479428000053], [86.98056215800005, 25.384591741000065], [86.98055782600005, 25.384289409000075], [86.98044572200007, 25.384092190000047], [86.97982280000008, 25.38396414500005], [86.97960277700008, 25.38386743700005], [86.97945134500009, 25.383702306000032], [86.97943188400006, 25.383386649000045], [86.97958538600005, 25.382649357000048], [86.97954041300005, 25.38228444300006], [86.97931661800004, 25.381921592000026], [86.97903654900006, 25.38144203300004], [86.97899344100006, 25.381207887000073], [86.97899706600003, 25.38006626400005], [86.97887163300004, 25.378935153000043], [86.97788602900005, 25.379158767000035], [86.97715525000007, 25.37948323300003], [86.97612363700006, 25.38031202700006], [86.97575814800007, 25.380469745000028], [86.97528211300005, 25.380538537000064], [86.97433681700005, 25.380802242000073], [86.97351284500007, 25.38086153000006], [86.97252417800007, 25.380873119000057], [86.97198935300008, 25.38099670200006], [86.97151548500005, 25.38121881400008], [86.97097207600007, 25.381441749000032], [86.97065887000008, 25.381427363000057], [86.97047295300007, 25.381280638000078], [86.97011736400003, 25.380734336000046], [86.96972515500005, 25.379006204000063], [86.96924225100008, 25.377536296000073], [86.96899717300005, 25.37567105900007], [86.96881589800006, 25.374797799000078], [86.96883201300005, 25.374531407000063], [86.96932236300006, 25.373722487000066], [86.96985519500004, 25.372755184000027], [86.96986484100006, 25.372385045000044], [86.96940059800005, 25.370477320000077], [86.96905710400006, 25.368676400000027], [86.96855752800008, 25.36672842200005], [86.96857269200007, 25.366394341000046], [86.96877996300003, 25.36559326500003], [86.96902392400006, 25.364579606000063], [86.96912568000005, 25.364045994000037], [86.96896559600003, 25.361863886000037], [86.96877620000004, 25.35865792000004], [86.96880318400008, 25.358107120000057], [86.96912317400006, 25.357552817000055], [86.96941274800008, 25.357305821000068], [86.97018256200005, 25.356940371000064], [86.97076451700008, 25.356635710000035], [86.97154781200004, 25.356175376000067], [86.97211554100005, 25.355920559000026], [86.97265896900007, 25.35571115700003], [86.97410977500004, 25.354674405000026], [86.97511070400003, 25.354143803000056], [86.97560191600007, 25.353754467000044], [86.97611003600008, 25.35350038200005], [86.97671386200005, 25.353344365000055], [86.97753901500005, 25.353384337000023], [86.97809103100008, 25.353427483000075], [86.97900968600004, 25.353398638000044], [86.97990678300005, 25.353257228000075], [86.98114519300003, 25.35265608000003], [86.97989204800007, 25.351524711000025], [86.97906003700007, 25.351002005000055], [86.97800724800004, 25.350328526000055], [86.97625498900004, 25.349717316000067], [86.97482004800008, 25.34941829400003], [86.97358706600005, 25.349346997000055], [86.96901983800007, 25.35025322300004], [86.96674295000008, 25.350830202000054], [86.96479014400006, 25.35114625800003], [86.96385706500007, 25.351202300000068], [86.96438425400004, 25.348782035000056], [86.96553813200006, 25.34817753300007], [86.96674576300006, 25.347865671000022], [86.96774458900006, 25.347542641000075], [86.96832288500008, 25.346985380000035], [86.96877517800004, 25.346298783000066], [86.96929634000008, 25.345214218000024], [86.96682320200006, 25.344904691000067], [86.96576308000004, 25.34475911900006], [86.96333964800004, 25.344805309000037], [86.96242656300007, 25.344870121000042], [86.95982589000005, 25.34502660100003], [86.95957186400005, 25.344979958000067], [86.95949535900007, 25.344831898000052], [86.95956597000009, 25.344560383000044], [86.95962028500009, 25.343476827000075], [86.95946786600007, 25.342878426000027], [86.95924298100005, 25.342429800000048], [86.95870781700006, 25.342169738000052], [86.95849182500007, 25.34270470100006], [86.95842057200008, 25.342940214000066], [86.95837234000004, 25.34339198500004], [86.95823035100005, 25.34354257900003], [86.95766113500008, 25.343680015000075], [86.95676335000007, 25.343776176000063], [86.95632112700008, 25.343763227000068], [86.95615608600008, 25.34368392400006], [86.95609840400004, 25.343467932000067], [86.95595052300007, 25.342134052000063], [86.95572803800007, 25.34185238400005], [86.95535863400005, 25.341725766000025], [86.95465689100007, 25.341630102000067], [86.95403618100005, 25.34163723200004], [86.95370576700003, 25.341808074000028], [86.95334246800007, 25.342114564000042], [86.95309142500008, 25.342631924000045], [86.95274424700006, 25.343736913000043], [86.95267191400006, 25.343891194000037], [86.95256410600007, 25.34399168500005], [86.95234054600007, 25.343994253000062], [86.94937763800004, 25.343112425000072], [86.94928691900003, 25.343014207000067], [86.94924454700003, 25.342829687000062], [86.95036345300008, 25.341499241000065], [86.95097780700007, 25.340675402000045], [86.95097408800007, 25.340409161000025], [86.95065493300007, 25.339966135000054], [86.94925922100003, 25.338547332000076], [86.94702857700008, 25.33602808100005], [86.94491292000004, 25.33426554700003], [86.94459496700006, 25.333903733000056], [86.94451611900007, 25.333588794000036], [86.94458681100008, 25.33046990300005], [86.94484954400008, 25.32865297400008], [86.94516869600005, 25.326248719000034], [86.94575059600004, 25.32345338300007], [86.94595900400003, 25.32273354800003], [86.94605186200005, 25.321198284000047], [86.94576219500004, 25.321084289000055], [86.94527366300008, 25.32095451300006], [86.94369902000005, 25.320932038000024], [86.94266739000005, 25.32102509400005], [86.94123820100003, 25.32110472000005], [86.94006279200005, 25.321221895000065], [86.93956182100004, 25.321268300000042], [86.93938277300003, 25.32124775400007], [86.93913833300007, 25.321169318000045], [86.93833376400005, 25.320452114000034], [86.93766014100004, 25.319507693000048], [86.93686718400005, 25.318194662000053], [86.93670284500007, 25.317803928000046], [86.93666045300006, 25.31725393000005], [86.93651400900006, 25.316366710000068], [86.93573803800007, 25.31376739600006], [86.93533731100007, 25.31279728900006], [86.93524280100007, 25.312428398000065], [86.93508108100008, 25.311509698000066], [86.93463298100005, 25.310346164000066], [86.93411116000004, 25.309603008000067], [86.93377269600006, 25.309182743000065], [86.93280235800006, 25.308322908000036], [86.93200756200008, 25.30758744900004], [86.93105595900005, 25.306998152000062], [86.93067889000008, 25.306664020000028], [86.93033937300004, 25.306171548000066], [86.92980643600004, 25.305690310000045], [86.92940344000004, 25.30527974300003], [86.92919561700006, 25.304970748000073], [86.92861269200006, 25.304110971000057], [86.92836188500007, 25.303836922000073], [86.92738678300003, 25.304552756000078], [86.92642339700006, 25.30455022900003], [86.92567096000005, 25.30436022600003], [86.92425392400008, 25.303139912000063], [86.92189423800005, 25.300901512000053], [86.91862164200006, 25.29725191800003], [86.91712497400005, 25.296370900000056], [86.91535466700003, 25.296178759000043], [86.91383959500007, 25.296489227000052], [86.91155535800004, 25.297205289000033], [86.90919747700008, 25.297980906000078], [86.90696385400008, 25.299504098000057], [86.90735679100004, 25.300980717000073], [86.90847152000003, 25.302844520000065], [86.90893922900005, 25.303413056000068], [86.90932527900009, 25.304410420000067], [86.91046856100007, 25.307411831000024], [86.91220906300003, 25.310140259000036], [86.91295875700007, 25.311219340000036], [86.91482326100004, 25.312831782000046], [86.91594787900004, 25.31445254600004], [86.91693495700008, 25.31582215700007], [86.91712612700007, 25.316361550000067], [86.91694818400003, 25.316783162000036], [86.91173632900006, 25.319517807000068], [86.91064221100004, 25.318677371000035], [86.90756848400008, 25.316157866000026], [86.90547400400004, 25.314421608000032], [86.90453834800007, 25.313177633000066], [86.90358643300004, 25.31109460700003], [86.90213669000008, 25.309287821000055], [86.89883108600003, 25.306481940000026], [86.89649904900006, 25.304414265000048], [86.89339332400004, 25.302779271000077], [86.89117435800006, 25.302091053000026], [86.88876781500005, 25.30111156600003], [86.88460222400005, 25.301148713000032], [86.88110561800005, 25.301458187000037], [86.87903785300006, 25.301670579000074], [86.87793758900006, 25.30182707800003], [86.87927909200005, 25.303369071000077], [86.88110797500008, 25.305334300000027], [86.88514251000004, 25.309215511000048], [86.88697273600008, 25.311266405000026], [86.88679041900008, 25.311742175000063], [86.88655506300006, 25.311961452000048], [86.88575586900004, 25.312358305000032], [86.88401041300006, 25.312919221000072], [86.87956493200005, 25.313961109000047], [86.87336826600006, 25.315148502000056], [86.87069601200005, 25.315484812000022], [86.87110664700003, 25.317975643000068], [86.87170976900006, 25.32000861100005], [86.87383948600007, 25.323662843000022], [86.87540784100008, 25.32507601100008], [86.87735752000003, 25.32713921100003], [86.87942417300007, 25.329404252000074], [86.88187242200007, 25.332341772000063], [86.88373178800003, 25.335064730000056], [86.88543330100003, 25.337487088000046], [86.88655819400003, 25.339509701000054], [86.88984853000005, 25.344084834000057], [86.89139774700004, 25.346247035000033], [86.89265967300008, 25.347365610000054], [86.89636600400007, 25.349250985000026], [86.89966962900007, 25.351100209000037], [86.90050080700007, 25.35121726400007], [86.90123977500008, 25.35112325600005], [86.90302055900008, 25.349844330000053], [86.90347853600008, 25.349545911000064], [86.90416890600005, 25.349538093000035], [86.90510071600005, 25.35011424100003], [86.90580078400006, 25.350819401000024], [86.90623142200008, 25.35180269400007], [86.90244934000003, 25.355324247000055], [86.89979946800008, 25.35736651800005], [86.89748409600008, 25.35953124100007], [86.89487747400005, 25.361112685000023], [86.89241398500008, 25.363360209000064], [86.88918749200008, 25.36687980100004], [86.88851365700003, 25.36775364400006], [86.88838315700008, 25.368386878000024], [86.88861958500007, 25.368970811000054], [86.88839448000004, 25.369226022000078], [86.88747219000004, 25.369362575000025], [86.88673930400006, 25.369537700000024], [86.88642202200003, 25.36996093500005], [86.88633330900007, 25.370381567000038], [86.88611385200005, 25.371056346000046], [86.88584019800004, 25.37139332600003], [86.88533460200006, 25.37148011000005], [86.88463904400004, 25.37148788500008], [86.88380947900004, 25.371497095000052], [86.88362906100008, 25.37175178700005], [86.88365119000008, 25.373389548000034], [86.88390654200003, 25.37464559600005], [86.88434245000008, 25.376026128000035], [86.88495715600004, 25.377025520000075], [86.88790452600006, 25.379677661000073], [86.89110827200005, 25.382904401000076], [86.88960446400006, 25.383769528000073], [86.88955958900004, 25.384126472000048], [86.88968404800005, 25.38450860100005], [86.88983344200005, 25.38526502600007], [86.89115176700005, 25.38868430200006], [86.89202965500004, 25.39186928600003], [86.89342176700006, 25.396325493000063], [86.89452136800008, 25.396425953000062], [86.89600878800007, 25.39653568800003], [86.89806781200008, 25.396661529000028], [86.89840183500007, 25.396743601000026], [86.89868836200003, 25.39697945900008], [86.89885956400008, 25.397514581000053], [86.89903348400009, 25.400066570000035], [86.89930723700007, 25.40119165300007], [86.90006689600006, 25.403331011000034], [86.90081926300007, 25.404567935000046], [86.90167915300003, 25.40531187700003], [86.90289028400008, 25.405929967000077], [86.90234618800008, 25.407574122000028], [86.90273320400007, 25.40825563100003], [86.90335695100003, 25.40880809600003], [86.90379144600007, 25.409322177000035], [86.90394311400007, 25.40988], [86.90396334600007, 25.414635752000038], [86.90391796100005, 25.41859357900006], [86.90374773200006, 25.423595248000026], [86.90364340700006, 25.42978733500007], [86.90389120200007, 25.437369752000052], [86.90445330700004, 25.440310018000048], [86.90596564600008, 25.443654581000033], [86.90772701900005, 25.446667003000073], [86.90856140700004, 25.448421938000024], [86.90953734300007, 25.450346740000043], [86.90939917500003, 25.45078145800005], [86.90831935500006, 25.45143891600003], [86.90718694800006, 25.451880328000072], [86.90609336100005, 25.451892732000033], [86.90391314400006, 25.451700669000047], [86.90187432200008, 25.451303990000042], [86.89977115800008, 25.45020405200006], [86.89809803300005, 25.449275232000048], [86.89560430800003, 25.447236531000044], [86.89317673800008, 25.444930767000074], [86.89460336800005, 25.443457355000078], [86.89425862600007, 25.442599345000076], [86.89339179500007, 25.441363628000033], [86.89223834800003, 25.440252971000064], [86.89005498700004, 25.439081557000065], [86.88877032300007, 25.438924405000023], [86.88833873900006, 25.438626974000044], [86.88761861200004, 25.437944574000028], [86.88708980800004, 25.437436026000057], [86.88637954900008, 25.437484620000077], [86.88595618700003, 25.437791649000076], [86.88549220300007, 25.438401421000037], [86.88445602300004, 25.43897246800003], [86.88374752000004, 25.43915181600005], [86.88279991900004, 25.43929321400003], [86.88171782900008, 25.43977902000006], [86.88110783700006, 25.44025962300003], [86.88030691700004, 25.440954359000045], [86.87922308200007, 25.441313895000064], [86.87780437100008, 25.441541677000032], [86.87652600400008, 25.441858129000025], [86.87605964100004, 25.44229649600004], [86.87574337400008, 25.443549939000036], [86.87585571600005, 25.44487983500005], [86.87675157500007, 25.447536765000052], [86.87657874700005, 25.447998879000068], [86.87596415000007, 25.448136521000038], [86.87525396800004, 25.448189572000047], [86.87435130500006, 25.447982926000066], [86.87282847900008, 25.44786890900008], [86.87107850500007, 25.448235700000055], [86.86999675300007, 25.448762036000062], [86.86901187500007, 25.44946328900005], [86.86873618000004, 25.450413882000078], [86.86865325700006, 25.45127669200008], [86.86953141100008, 25.45299071100004], [86.86973118400005, 25.45380524600006], [86.86936553300006, 25.454711816000042], [86.86838538700005, 25.455773957000076], [86.86829517400008, 25.45646533400003], [86.86854012400005, 25.456936480000024], [86.86916637800005, 25.457660529000066], [86.87085102500004, 25.459451408000064], [86.87157164200005, 25.460174491000032], [86.87270040800007, 25.462238437000053], [86.87371558400008, 25.462121163000063], [86.87528476400007, 25.46197300600005], [86.87679857900008, 25.461771173000045], [86.87842396600007, 25.461739631000057], [86.88018662300004, 25.461927639000066], [86.88171795100004, 25.462294237000037], [86.88293991200004, 25.46293946000003], [86.88369840700005, 25.46350858900007], [86.88433962900007, 25.464602419000073], [86.88474811900005, 25.466127576000076], [86.88503921300008, 25.467798367000057], [86.88542624400003, 25.468836397000075], [86.88592633900004, 25.469787490000044], [86.88725187600005, 25.470729294000023], [86.88866614700004, 25.47125499400005], [86.89016823100008, 25.47164888800006], [86.89208329400003, 25.472060627000076], [86.89368022600007, 25.47248501000007], [86.89448831100003, 25.473039997000058], [86.89656710400004, 25.474519242000042], [86.89813202100004, 25.476229927000077], [86.89933800600005, 25.477150411000025], [86.90008201200004, 25.477737706000028], [86.90129237800005, 25.478252003000023], [86.90204912100006, 25.478315631000044], [86.90454938800008, 25.477150424000058], [86.90838954600008, 25.475067559000024], [86.90972460600005, 25.474520006000034], [86.91030088800005, 25.473750924000058], [86.91048411600008, 25.47333816200006], [86.91059362300007, 25.47298498300006], [86.91117442500007, 25.472915243000045], [86.91356204300007, 25.47296943300006], [86.91422563400005, 25.47313344300005], [86.91514388300004, 25.473732159000065], [86.91588612300006, 25.47455396400005], [86.91656543400006, 25.47549384200005], [86.91713931200007, 25.476719178000053], [86.91722035700008, 25.477904942000066], [86.91709173500004, 25.47939546400005], [86.91658116100007, 25.480958027000042], [86.91597836700004, 25.482323090000023], [86.91554670300008, 25.48347412100003], [86.91488872300005, 25.48444266300004], [86.91430483000005, 25.485013345000027], [86.91325743600004, 25.48587346200003], [86.91130050600003, 25.487136494000026], [86.91006310700004, 25.48792664000007], [86.90914496000005, 25.48878981300004], [86.90887012500008, 25.48942014200003], [86.90898682600005, 25.489946786000075], [86.90988491200005, 25.490884221000044], [86.91096697900008, 25.49145401000004], [86.91234045600004, 25.49187618600007], [86.91445379200007, 25.492213220000053], [86.91671677300008, 25.492580042000043], [86.92065994300003, 25.493248186000073], [86.92127523800008, 25.493146374000048], [86.92251942000007, 25.49213506600006], [86.92444991300005, 25.490759371000024], [86.92467766600004, 25.48997161500006], [86.92468103600004, 25.487701908000076], [86.92469315800008, 25.486063812000054], [86.92485019300005, 25.48520015300005], [86.92511194900004, 25.484348864000026]]]]}}, {"type": "Feature", "properties": {"OBJECTID": 133, "BLOCK_CODE": "0003", "NEAR_TOWN": "NAUGACHHI", "BLK_NAME": "KHARIK", "DIST_NAME": "BHAGALPUR"}, "geometry": {"type": "MultiPolygon", "coordinates": [[[[86.94937763800004, 25.343112425000072], [86.95234054600007, 25.343994253000062], [86.95256410600007, 25.34399168500005], [86.95267191400006, 25.343891194000037], [86.95274424700006, 25.343736913000043], [86.95309142500008, 25.342631924000045], [86.95334246800007, 25.342114564000042], [86.95370576700003, 25.341808074000028], [86.95403618100005, 25.34163723200004], [86.95465689100007, 25.341630102000067], [86.95535863400005, 25.341725766000025], [86.95572803800007, 25.34185238400005], [86.95595052300007, 25.342134052000063], [86.95609840400004, 25.343467932000067], [86.95615608600008, 25.34368392400006], [86.95632112700008, 25.343763227000068], [86.95676335000007, 25.343776176000063], [86.95766113500008, 25.343680015000075], [86.95823035100005, 25.34354257900003], [86.95837234000004, 25.34339198500004], [86.95842057200008, 25.342940214000066], [86.95849182500007, 25.34270470100006], [86.95870781700006, 25.342169738000052], [86.95924298100005, 25.342429800000048], [86.95946786600007, 25.342878426000027], [86.95962028500009, 25.343476827000075], [86.95956597000009, 25.344560383000044], [86.95949535900007, 25.344831898000052], [86.95957186400005, 25.344979958000067], [86.95982589000005, 25.34502660100003], [86.96242656300007, 25.344870121000042], [86.96333964800004, 25.344805309000037], [86.96576308000004, 25.34475911900006], [86.96682320200006, 25.344904691000067], [86.96929634000008, 25.345214218000024], [86.96877517800004, 25.346298783000066], [86.96832288500008, 25.346985380000035], [86.96774458900006, 25.347542641000075], [86.96674576300006, 25.347865671000022], [86.96553813200006, 25.34817753300007], [86.96438425400004, 25.348782035000056], [86.96385706500007, 25.351202300000068], [86.96479014400006, 25.35114625800003], [86.96674295000008, 25.350830202000054], [86.96901983800007, 25.35025322300004], [86.97358706600005, 25.349346997000055], [86.97482004800008, 25.34941829400003], [86.97625498900004, 25.349717316000067], [86.97800724800004, 25.350328526000055], [86.97906003700007, 25.351002005000055], [86.97989204800007, 25.351524711000025], [86.98114519300003, 25.35265608000003], [86.97990678300005, 25.353257228000075], [86.97900968600004, 25.353398638000044], [86.97809103100008, 25.353427483000075], [86.97753901500005, 25.353384337000023], [86.97671386200005, 25.353344365000055], [86.97611003600008, 25.35350038200005], [86.97560191600007, 25.353754467000044], [86.97511070400003, 25.354143803000056], [86.97410977500004, 25.354674405000026], [86.97265896900007, 25.35571115700003], [86.97211554100005, 25.355920559000026], [86.97154781200004, 25.356175376000067], [86.97076451700008, 25.356635710000035], [86.97018256200005, 25.356940371000064], [86.96941274800008, 25.357305821000068], [86.96912317400006, 25.357552817000055], [86.96880318400008, 25.358107120000057], [86.96877620000004, 25.35865792000004], [86.96896559600003, 25.361863886000037], [86.96912568000005, 25.364045994000037], [86.96902392400006, 25.364579606000063], [86.96877996300003, 25.36559326500003], [86.96857269200007, 25.366394341000046], [86.96855752800008, 25.36672842200005], [86.96905710400006, 25.368676400000027], [86.96940059800005, 25.370477320000077], [86.96986484100006, 25.372385045000044], [86.96985519500004, 25.372755184000027], [86.96932236300006, 25.373722487000066], [86.96883201300005, 25.374531407000063], [86.96881589800006, 25.374797799000078], [86.96899717300005, 25.37567105900007], [86.96924225100008, 25.377536296000073], [86.96972515500005, 25.379006204000063], [86.97011736400003, 25.380734336000046], [86.97047295300007, 25.381280638000078], [86.97065887000008, 25.381427363000057], [86.97097207600007, 25.381441749000032], [86.97151548500005, 25.38121881400008], [86.97198935300008, 25.38099670200006], [86.97252417800007, 25.380873119000057], [86.97351284500007, 25.38086153000006], [86.97433681700005, 25.380802242000073], [86.97528211300005, 25.380538537000064], [86.97575814800007, 25.380469745000028], [86.97612363700006, 25.38031202700006], [86.97715525000007, 25.37948323300003], [86.97788602900005, 25.379158767000035], [86.97887163300004, 25.378935153000043], [86.97899706600003, 25.38006626400005], [86.97899344100006, 25.381207887000073], [86.97903654900006, 25.38144203300004], [86.97931661800004, 25.381921592000026], [86.97954041300005, 25.38228444300006], [86.97958538600005, 25.382649357000048], [86.97943188400006, 25.383386649000045], [86.97945134500009, 25.383702306000032], [86.97960277700008, 25.38386743700005], [86.97982280000008, 25.38396414500005], [86.98044572200007, 25.384092190000047], [86.98055782600005, 25.384289409000075], [86.98056215800005, 25.384591741000065], [86.98028165100004, 25.385479428000053], [86.97955142200004, 25.38688681800005], [86.97948068500006, 25.387153828000066], [86.97961757800005, 25.387693648000038], [86.98051459100003, 25.388919473000044], [86.98181919400008, 25.390501519000054], [86.98239904100006, 25.391437712000027], [86.98238816000008, 25.39206509400003], [86.98222669200004, 25.392585824000037], [86.98199366600005, 25.39297210600006], [86.98173056100006, 25.393688163000036], [86.98127339500007, 25.395078830000045], [86.98009299400007, 25.396987876000026], [86.97879330300003, 25.39853727900004], [86.97850505800005, 25.39888807500006], [86.97692121700004, 25.399687354000037], [86.97574739300006, 25.399967335000042], [86.97398963700005, 25.40006919500007], [86.97336480200005, 25.40016218100004], [86.97238238600005, 25.400620401000026], [86.97207401700007, 25.40095789800006], [86.97158083100004, 25.40192478800003], [86.97074136200007, 25.403698895000048], [86.97038074300008, 25.40420405100008], [86.96925589000006, 25.405137688000025], [86.96911575600006, 25.405414536000023], [86.96908691000004, 25.405834554000023], [86.96901329500008, 25.407301913000026], [86.96878512300003, 25.407683528000064], [86.96840622800005, 25.40795424600003], [86.96782255300008, 25.408146074000058], [86.96714275400006, 25.40822169100005], [86.96614768300003, 25.40814754300004], [86.96458857900006, 25.40789950900006], [86.96337239000007, 25.407647481000026], [86.96305979500005, 25.407682717000057], [86.96291448800008, 25.407950576000076], [86.96288986500008, 25.408668316000046], [86.96304336400004, 25.410385689000066], [86.96358036700008, 25.414620998000032], [86.96398939600004, 25.41718818800007], [86.96341461100008, 25.418011636000074], [86.96321571400006, 25.41836133100003], [86.96313002700003, 25.418628629000068], [86.96347570500006, 25.419874505000053], [86.96381949500005, 25.42098500900005], [86.96407027800007, 25.42184840400006], [86.96423994400004, 25.422243465000065], [86.96507661200008, 25.423064043000068], [86.96593841900005, 25.42424516400007], [86.96618347500004, 25.42470705200003], [86.96625784200006, 25.425040139000032], [86.96623788800008, 25.42608718100007], [86.96631789700007, 25.426469773000065], [86.96650604600006, 25.426769919000037], [86.96689128700007, 25.426945931000034], [86.96727680200007, 25.427139992000036], [86.96757332000004, 25.42737113100003], [86.96761828000007, 25.427736132000064], [86.96780588200005, 25.428000087000044], [86.96800637000007, 25.428115106000064], [86.96824420500008, 25.428062673000056], [86.96860825500005, 25.427792168000053], [86.96888060000003, 25.427721321000035], [86.96921457300004, 25.427785094000058], [86.96984945300005, 25.428039443000046], [86.97026226700007, 25.428404584000077], [86.97057203100007, 25.428513765000048], [86.97094241600007, 25.42869439800006], [86.97121812200004, 25.42885818600007], [86.97137027500008, 25.429072958000063], [86.97151823700005, 25.429337401000055], [86.97174530800004, 25.429930384000045], [86.97187891500005, 25.430231133000063], [86.97208505400005, 25.430395652000072], [86.97246885600003, 25.430472381000072], [86.97388346800005, 25.430672387000072], [86.97417827800007, 25.430786288000036], [86.97434585400003, 25.431032523000056], [86.97471482600008, 25.432503637000025], [86.97481471600008, 25.43428025000003], [86.97529525600004, 25.43590805900004], [86.97594670200004, 25.43802116100005], [86.97615835200008, 25.438916610000035], [86.97628432700003, 25.440079269000023], [86.97643841000007, 25.440429404000042], [86.97669640700008, 25.440742243000045], [86.97712224000009, 25.440967362000038], [86.97875540200005, 25.441151227000034], [86.97989020000006, 25.441246197000055], [86.98077282900005, 25.441434340000058], [86.98130844700006, 25.441694220000045], [86.98147564500005, 25.441908857000044], [86.98160822900007, 25.442141915000036], [86.98159304600006, 25.442471470000044], [86.98088963100008, 25.443346099000053], [86.98000470900007, 25.44403787500005], [86.97902321100008, 25.44458185800005], [86.97840425800007, 25.44510804400005], [86.97786847800006, 25.445876976000022], [86.97760063800007, 25.446272634000024], [86.97753268700006, 25.446738174000075], [86.97754106100007, 25.44732467700004], [86.97779300100007, 25.44825120400003], [86.97812838800007, 25.448761712000078], [86.97879767500007, 25.449322340000037], [86.97936743300005, 25.449532221000027], [86.97988174600005, 25.449693179000064], [86.98052250300003, 25.44964949900003], [86.98140281200006, 25.449675198000023], [86.98247180600004, 25.450028084000053], [86.98306410800006, 25.45041818800007], [86.98352157100004, 25.45077372700007], [86.98415866300007, 25.45151528300005], [86.98498614700009, 25.453053158000046], [86.98553357700007, 25.454129644000034], [86.98607055100007, 25.455864983000026], [86.98630552600008, 25.45699028100006], [86.98660466800004, 25.45843519700003], [86.98690242000004, 25.460123717000045], [86.98713204200004, 25.460883526000032], [86.98734786300008, 25.461715738000066], [86.98731308900005, 25.462063588000035], [86.98663640900008, 25.463411760000042], [86.98644586500006, 25.463996070000064], [86.98645451400006, 25.46459610200003], [86.98653530800004, 25.465375791000042], [86.98677993500007, 25.465787995000028], [86.98720778500007, 25.466148358000055], [86.98774215600008, 25.466309033000073], [86.98847346600007, 25.466336435000073], [86.98889889600008, 25.46652993500004], [86.98908937600004, 25.467330849000064], [86.98909776700003, 25.469293631000028], [86.98896217900005, 25.47127607500005], [86.98885561700007, 25.47285204600007], [86.98897715700008, 25.47369891200003], [86.98912271600005, 25.475229795000075], [86.98940960900006, 25.475122601000066], [86.99010890400007, 25.474992490000034], [86.99087778800003, 25.474861542000042], [86.99107373400005, 25.474656164000066], [86.99112079300005, 25.474132224000073], [86.99131112300006, 25.473881763000065], [86.99243709000007, 25.47334051200005], [86.99485150400005, 25.472152152000035], [86.99754364600005, 25.470567987000038], [87.00062441000006, 25.470699767000042], [87.00150293200005, 25.47058998500006], [87.00322615400006, 25.470438647000037], [87.00385587000005, 25.470543544000066], [87.00415367500005, 25.47105799800005], [87.00431330800006, 25.47137394400005], [87.00397532100004, 25.471693105000043], [87.00313997200004, 25.47203693700004], [87.00182466300004, 25.472548945000028], [87.00101531900003, 25.472969269000032], [87.00094389000003, 25.47318664000005], [87.00109186900005, 25.47345114500007], [87.00190870600005, 25.47388808100004], [87.00328102900005, 25.47490495900007], [87.00414914000004, 25.475788042000033], [87.00494975200007, 25.476811742000052], [87.00588255200006, 25.47769852700003], [87.00673319500004, 25.478401227000063], [87.00712348500008, 25.47856355400006], [87.00741607900005, 25.47851043600008], [87.00763003300005, 25.478178444000037], [87.00798168800009, 25.477055241000073], [87.00867674600005, 25.475950428000033], [87.01015678500005, 25.476853187000074], [87.01235689300006, 25.47802248200003], [87.01333770800005, 25.478443930000026], [87.01417116700009, 25.478984362000062], [87.01506451100005, 25.479885042000035], [87.01565820500008, 25.480360751000035], [87.01604302000004, 25.480491422000057], [87.01646645600005, 25.480536032000032], [87.01677744200003, 25.480383376000077], [87.01903531200009, 25.47835729700006], [87.02010114400008, 25.477112635000026], [87.02044044500008, 25.476512978000073], [87.02064919400004, 25.475824596000052], [87.02082731900003, 25.473047448000045], [87.02081920500007, 25.472497057000055], [87.02074026400004, 25.472200233000024], [87.01938068400005, 25.470700540000053], [87.01858334800005, 25.469902426000033], [87.01680150400006, 25.468425875000037], [87.01652031300006, 25.46789686900007], [87.01605915200008, 25.466620956000042], [87.01562591600003, 25.465899698000044], [87.01554545500005, 25.465499092000073], [87.01557987300004, 25.46513318700005], [87.01604230500004, 25.464112384000032], [87.01688192300008, 25.463041893000025], [87.01733770600003, 25.46258974600005], [87.01773765500008, 25.462399977000075], [87.01912851500003, 25.461963558000036], [87.01998217300007, 25.462196934000076], [87.02054003100005, 25.462605323000048], [87.02133505000006, 25.463245502000063], [87.02196705600005, 25.46362141000003], [87.02316123200006, 25.46402207700004], [87.02417317200008, 25.46419481600003], [87.02547734800004, 25.464291927000033], [87.02626951400003, 25.46439960300006], [87.02671338000005, 25.46449356900007], [87.02646157200007, 25.463598713000067], [87.02633142000008, 25.463203218000046], [87.02592073400007, 25.46266221700006], [87.02512692200008, 25.461088003000043], [87.02504825900007, 25.460809228000073], [87.02526103900004, 25.460062136000033], [87.02563957800004, 25.45841066400004], [87.02594246800004, 25.45669230900006], [87.02592887000003, 25.45576748900004], [87.02585364500004, 25.454369704000044], [87.02559775900005, 25.45217989500003], [87.02565520300004, 25.452030317000037], [87.02576453800003, 25.45202895600005], [87.02643123400009, 25.452733808000062], [87.02665558100006, 25.45278077300003], [87.02690751100005, 25.452664862000063], [87.02744655600009, 25.451792030000036], [87.02776086600005, 25.45085418900004], [87.02784771400007, 25.450338741000053], [87.02761164000003, 25.449493388000064], [87.02733114000006, 25.449013940000043], [87.02696417300007, 25.447727877000034], [87.02670163700003, 25.44745135200003], [87.02635267200003, 25.447387827000057], [87.02607975800004, 25.44742277000006], [87.02581006300005, 25.447678721000045], [87.02537424200005, 25.448130642000024], [87.02497557000004, 25.448401742000044], [87.02461018400004, 25.448573104000047], [87.02437055400009, 25.448508307000054], [87.02405695700008, 25.448146550000047], [87.02279158200008, 25.446948078000048], [87.02260401400008, 25.446702154000036], [87.02264032000005, 25.446467099000074], [87.02299397200005, 25.445831111000075], [87.02376427700005, 25.444459153000025], [87.02384916100004, 25.44414228200003], [87.02375695200004, 25.44395838500003], [87.02349386700007, 25.44364575700007], [87.02345492900008, 25.443361955000057], [87.02363203900006, 25.44289503500005], [87.02405872800006, 25.442158978000066], [87.02445714600003, 25.44187434400004], [87.02482373000004, 25.441784202000065], [87.02560929200007, 25.44179274700008], [87.02611929100004, 25.441651226000033], [87.02648343800007, 25.441398640000045], [87.02693269500008, 25.44084271500003], [87.02853680400005, 25.441409975000056], [87.02936872000004, 25.44186460900005], [87.02988634600007, 25.442241893000073], [87.03052061000005, 25.443114067000067], [87.03118126600003, 25.44443260500003], [87.03134995300007, 25.444746460000033], [87.03157063500004, 25.444874582000068], [87.03214087800006, 25.445115858000065], [87.03241599100005, 25.44522980800008], [87.03279022300006, 25.44565846200004], [87.03295961200007, 25.44602186000003], [87.03313825100008, 25.44666948300005], [87.03336207300003, 25.44701870800003], [87.03377063400006, 25.447410786000034], [87.03446753200006, 25.447808397000074], [87.03494932500007, 25.44811845600003], [87.03524263700007, 25.448114823000026], [87.03545990100008, 25.448012909000056], [87.03580093300008, 25.447539551000034], [87.03610669700004, 25.447039503000042], [87.03629158700005, 25.446089726000025], [87.03648866800006, 25.44563607500004], [87.03697409300008, 25.44517901300003], [87.03733390600007, 25.444628591000026], [87.03747191600007, 25.444211806000055], [87.03752238300007, 25.443593043000078], [87.03773352800005, 25.443076090000034], [87.03787388400008, 25.44282174800003], [87.03799500700006, 25.44126354800005], [87.03815049900004, 25.44067964000004], [87.03861952300008, 25.44012794100007], [87.03901645400003, 25.439739575000033], [87.04012790400003, 25.439256750000027], [87.04196388700007, 25.438697423000065], [87.04258247900003, 25.438504932000058], [87.04318313300007, 25.43811402800003], [87.04428889100006, 25.437252236000063], [87.04693716500003, 25.43481498400007], [87.04927595600003, 25.43297247600003], [87.05158089700006, 25.43152743400003], [87.05567417800006, 25.428675216000045], [87.05806962500003, 25.42698082900006], [87.05911995400004, 25.42608347500004], [87.06078256400008, 25.424912463000055], [87.06134306300004, 25.42450395700007], [87.06137857900006, 25.424219254000036], [87.06132888000008, 25.423556562000044], [87.06137312000004, 25.42285669300003], [87.06149135900006, 25.422124241000063], [87.06149195700004, 25.421826476000035], [87.06128547600008, 25.421648540000035], [87.06080638300006, 25.421519052000065], [87.05917116900008, 25.42119174800007], [87.05744709200007, 25.42091067900003], [87.05420831900005, 25.420372866000037], [87.05440042700008, 25.416589372000033], [87.05449413900004, 25.415536897000038], [87.05465359400006, 25.415232639000067], [87.05489615400006, 25.41516197900006], [87.05538689300005, 25.415074677000064], [87.05737329500005, 25.41496462500004], [87.05834578500009, 25.41485335300007], [87.06069428700005, 25.414355217000036], [87.06178974100004, 25.41416119200005], [87.06300578000008, 25.414046996000025], [87.06539651100007, 25.414049085000045], [87.06609247500006, 25.414058553000075], [87.06670340000005, 25.414032914000074], [87.06737061000007, 25.41378105700005], [87.06760326900007, 25.413390142000026], [87.06762070900004, 25.413222922000045], [87.06728305500008, 25.412911274000066], [87.06609222900005, 25.41205511100003], [87.06562731900004, 25.41154652700004], [87.06421344300009, 25.410386283000037], [87.06352635400003, 25.409975178000025], [87.06264001200003, 25.409534906000033], [87.06086426500008, 25.40910556700004], [87.05998426100007, 25.409084739000036], [87.05875417600004, 25.40924876200006], [87.05754453800006, 25.409448705000045], [87.05651587700004, 25.409795212000063], [87.05624659400007, 25.409730801000023], [87.05555758900005, 25.409188803000063], [87.05464296800005, 25.408180283000036], [87.05389472400003, 25.408658779000064], [87.05336472400006, 25.408782512000073], [87.05130796400005, 25.409173276000047], [87.04933678400005, 25.409635039000023], [87.04738830500008, 25.40995668900007], [87.04668356400003, 25.41001941500008], [87.04581554200007, 25.409799931000066], [87.04520582300006, 25.409572757000035], [87.04472329700008, 25.409208577000072], [87.04427588800007, 25.40886666700004], [87.04370137300003, 25.40867060100004], [87.04322140200009, 25.408477885000025], [87.04266366200005, 25.40806505200004], [87.04201171300008, 25.407671426000036], [87.04136611200005, 25.40736348400003], [87.04086448300006, 25.407053701000052], [87.04009146000004, 25.406196797000064], [87.03965034500004, 25.405602096000052], [87.03944483900005, 25.405153349000045], [87.03937594700005, 25.40418410600006], [87.03911758200007, 25.40284712500005], [87.03886755500008, 25.402065063000066], [87.03874768900005, 25.401691951000032], [87.03836135300008, 25.401439494000044], [87.03815933900006, 25.401225387000068], [87.03766259600008, 25.400229678000073], [87.03752529400003, 25.399342511000043], [87.03695623800007, 25.398162649000028], [87.03602814800007, 25.396558603000074], [87.03564401200003, 25.395444244000032], [87.03484027600007, 25.395869144000073], [87.03405448100006, 25.396162923000077], [87.03307404700007, 25.397077227000068], [87.03260538300003, 25.397651489000054], [87.03195121800007, 25.398110592000023], [87.03080643300007, 25.399008838000043], [87.02961483900003, 25.399081870000032], [87.02919341100005, 25.399150192000036], [87.02886084800008, 25.399172277000048], [87.02861980800003, 25.399008214000048], [87.02853650900005, 25.398404628000037], [87.02831174700003, 25.39799221800007], [87.02778541500004, 25.397344308000072], [87.02766854100008, 25.395816038000078], [87.02772100300007, 25.39430837900005], [87.02767721400005, 25.393690744000025], [87.02678611600004, 25.390872356000045], [87.02666697500007, 25.39020146300004], [87.02675915100008, 25.38937013700007], [87.02739644200005, 25.387417683000024], [87.02788220200006, 25.386658262000026], [87.02848566800003, 25.386132081000028], [87.02895847300005, 25.385842109000066], [87.02952803700003, 25.38571795000007], [87.03035894200008, 25.38579360400007], [87.03102574700006, 25.38585320100003], [87.03128978300003, 25.384884416000034], [87.03135057300005, 25.383949639000036], [87.03137714700006, 25.383394328000065], [87.03139243200008, 25.38307829200005], [87.03151867700007, 25.38287821700004], [87.03162529100007, 25.382691934000036], [87.03165635700003, 25.382443374000047], [87.03162885900008, 25.38192488800007], [87.03166147900004, 25.381437125000048], [87.03176663400006, 25.381156083000064], [87.03207643700006, 25.380931275000023], [87.03258693300006, 25.380843879000054], [87.03371209300008, 25.380997207000064], [87.03579757500006, 25.381576533000043], [87.03712668100007, 25.378361278000057], [87.03767365600004, 25.37670313900003], [87.03847257500007, 25.37494729900004], [87.03899148400006, 25.37408818600005], [87.03917314500006, 25.373937006000062], [87.03950325000005, 25.373748027000033], [87.03995042500009, 25.373074814000063], [87.04080975400007, 25.371715230000063], [87.04087616300006, 25.37116390700004], [87.04077688300004, 25.370497365000062], [87.04016411000003, 25.369033814000034], [87.03960202000007, 25.36798033900004], [87.03851334600006, 25.366256322000027], [87.03763460200008, 25.36528338900007], [87.03744154200007, 25.364654001000076], [87.03693577700005, 25.36404646400007], [87.03661762600007, 25.363698385000077], [87.03645293000005, 25.363650757000073], [87.03517045300003, 25.363937070000077], [87.03482321700005, 25.36397283200006], [87.03465781900007, 25.363875564000068], [87.03419873100006, 25.36272597800007], [87.03426962300006, 25.362476989000072], [87.03450590500006, 25.36232517700006], [87.03492580000005, 25.362166686000023], [87.03597466400004, 25.362208172000066], [87.03641222400006, 25.36223437800004], [87.03665389500009, 25.362114202000043], [87.03696802300004, 25.361176382000053], [87.03701904700006, 25.359578441000053], [87.03714568000004, 25.359409948000064], [87.03743658300004, 25.35925749200004], [87.03952847900007, 25.358947839000052], [87.04027510500003, 25.358704083000077], [87.04025300600006, 25.35822156100005], [87.04034071000007, 25.35810321400004], [87.04076016400006, 25.357913118000056], [87.04085114200007, 25.357677403000025], [87.04079011300007, 25.357244938000065], [87.04044783000006, 25.356603902000074], [87.04016969900005, 25.35627336300007], [87.04012578300006, 25.35598959200007], [87.04016494500007, 25.354937820000032], [87.04006515400005, 25.354239595000024], [87.03995002800008, 25.353839445000062], [87.03974364200008, 25.353656960000023], [87.03926651500007, 25.353644726000027], [87.03829334500006, 25.353674563000027], [87.03620799000004, 25.353749470000025], [87.03458804200005, 25.353719451000075], [87.03313994900003, 25.35388591700007], [87.03123406900005, 25.354008269000076], [87.02963674700004, 25.354162952000024], [87.02741036700007, 25.354104066000048], [87.02767390300005, 25.355138690000047], [87.02756754300003, 25.355338510000024], [87.02707278600008, 25.355479827000067], [87.02619381400007, 25.355504024000027], [87.02602720200008, 25.355659393000053], [87.02609078900008, 25.35627227300006], [87.02635084900004, 25.357406211000068], [87.02620850800008, 25.357525277000036], [87.02582184000005, 25.35757958000005], [87.02512618500003, 25.357569931000057], [87.02370980900008, 25.357537386000047], [87.02288335600008, 25.35741192300003], [87.02207105200006, 25.357241213000066], [87.02090916400005, 25.356939358000034], [87.01985941600003, 25.356834595000066], [87.01789481700007, 25.356673217000036], [87.01687533200004, 25.35660420100004], [87.01744842600004, 25.354332217000035], [87.01847731200007, 25.35232553000003], [87.01901061000007, 25.351421129000073], [87.01931096700008, 25.350555755000073], [87.01935414900004, 25.349770040000067], [87.01948010400008, 25.34955201400004], [87.01998764300004, 25.349270621000073], [87.02012831300004, 25.349034326000037], [87.02008462100008, 25.348421187000042], [87.01989139100004, 25.347773723000046], [87.01939973300006, 25.34676444100006], [87.01949143400003, 25.346578285000078], [87.01968700300006, 25.34635931500003], [87.01972305500004, 25.346110804000034], [87.01950122900007, 25.344859006000036], [87.01962758900004, 25.344672476000028], [87.02044484800007, 25.34416638500005], [87.02084321000007, 25.343895372000077], [87.02083934600006, 25.343629133000036], [87.02054958700006, 25.34283399000003], [87.02053176000004, 25.342631140000037], [87.02087508300008, 25.34232926100003], [87.02114721300006, 25.34225822600007], [87.02135230100004, 25.342355092000048], [87.02152058900003, 25.34265534800005], [87.02176182800008, 25.342851021000058], [87.02198111500007, 25.34289803200005], [87.02223741700004, 25.342764035000073], [87.02272180500006, 25.342257352000047], [87.02275738400004, 25.341972645000055], [87.02260297100008, 25.34160006600007], [87.02219241100005, 25.341040969000062], [87.02211336800008, 25.340726070000073], [87.02212885000006, 25.340428082000074], [87.02303697800005, 25.34070595000003], [87.02324585700006, 25.34072596900006], [87.02333397600006, 25.340639128000078], [87.02386586700004, 25.339306160000035], [87.02379425800007, 25.33915809100006], [87.02335085600004, 25.338730329000043], [87.02316354700008, 25.33848438600006], [87.02320719000005, 25.33807324600008], [87.02367064800006, 25.337156227000037], [87.02379239100009, 25.335968009000055], [87.02390718800007, 25.33430616000004], [87.02399386700006, 25.334115619000045], [87.02448245400006, 25.333220769000036], [87.02490173500007, 25.330639329000064], [87.02544886800007, 25.32729365800003], [87.02574603900007, 25.326220684000077], [87.02607406600004, 25.32385237400007], [87.02618447500004, 25.318828919000055], [87.02522253200004, 25.31723413900005], [87.02501072600006, 25.316672665000056], [87.02500112400008, 25.31601401100005], [87.02634156000005, 25.31564135700006], [87.02817120200007, 25.31510494300005], [87.02763340200005, 25.313649526000063], [87.02636846400009, 25.310343729000067], [87.02608527200005, 25.308628027000054], [87.02501582200006, 25.305784626000047], [87.02778289100007, 25.30585961500003], [87.03175761000006, 25.30464751900007], [87.03287048200008, 25.304349733000038], [87.03571142300007, 25.304044678000025], [87.03770970500005, 25.30418740400006], [87.04030544100004, 25.304435742000067], [87.04396784300008, 25.30528918600004], [87.04601612700003, 25.305453769000053], [87.04730996100005, 25.305298135000044], [87.04772199000007, 25.305293117000076], [87.04697567000005, 25.302166225000065], [87.04606267900004, 25.299185696000052], [87.04512888700003, 25.29545650700004], [87.04195167400007, 25.285780935000048], [87.00837237400003, 25.296620994000023], [87.00799282300005, 25.296639092000078], [87.00761317000007, 25.296657194000034], [87.00691412600008, 25.29673315200006], [87.00613356200006, 25.29700871500006], [87.00501903400004, 25.297540828000024], [87.00482333700006, 25.29774173000004], [87.00428381300009, 25.298546776000023], [87.00401734700006, 25.299353109000037], [87.00389759000007, 25.300004345000048], [87.00411537000008, 25.30236618600003], [87.00246174000006, 25.302015856000025], [87.00091825000004, 25.30172734200005], [86.99758174000004, 25.30284326900005], [86.99733639200008, 25.30270755300006], [86.99508649400008, 25.301637636000066], [86.99195215100008, 25.300862520000067], [86.98992056200007, 25.300471342000037], [86.98842094400004, 25.30047101100007], [86.98659455100005, 25.300185631000033], [86.98306284300008, 25.29974886800005], [86.97974539100005, 25.299359136000078], [86.97548413900006, 25.29824485300003], [86.97183909600005, 25.297515840000074], [86.96980347700008, 25.29717858600003], [86.96637647100005, 25.297466685000074], [86.96149968500004, 25.297762473000034], [86.95861352400004, 25.29766963700007], [86.95855923600004, 25.298401193000075], [86.95791285400009, 25.298692964000054], [86.95796647600008, 25.299328624000054], [86.95815704200004, 25.300883163000037], [86.95665885800008, 25.30098170900004], [86.95606783700003, 25.301322498000047], [86.95633887000008, 25.305073573000072], [86.95451496300007, 25.305320255000026], [86.95370979700004, 25.305270891000077], [86.95355406000004, 25.30478541900004], [86.95274872000005, 25.303305570000077], [86.95134387800005, 25.30262238000006], [86.94803619500004, 25.301866331000042], [86.94200667400008, 25.301768664000065], [86.93686514100006, 25.301967440000055], [86.93477977700007, 25.302699724000036], [86.93322392600004, 25.30294309100003], [86.93209673200005, 25.302942404000078], [86.93011503600007, 25.302549875000068], [86.92836188500007, 25.303836922000073], [86.92861269200006, 25.304110971000057], [86.92919561700006, 25.304970748000073], [86.92940344000004, 25.30527974300003], [86.92980643600004, 25.305690310000045], [86.93033937300004, 25.306171548000066], [86.93067889000008, 25.306664020000028], [86.93105595900005, 25.306998152000062], [86.93200756200008, 25.30758744900004], [86.93280235800006, 25.308322908000036], [86.93377269600006, 25.309182743000065], [86.93411116000004, 25.309603008000067], [86.93463298100005, 25.310346164000066], [86.93508108100008, 25.311509698000066], [86.93524280100007, 25.312428398000065], [86.93533731100007, 25.31279728900006], [86.93573803800007, 25.31376739600006], [86.93651400900006, 25.316366710000068], [86.93666045300006, 25.31725393000005], [86.93670284500007, 25.317803928000046], [86.93686718400005, 25.318194662000053], [86.93766014100004, 25.319507693000048], [86.93833376400005, 25.320452114000034], [86.93913833300007, 25.321169318000045], [86.93938277300003, 25.32124775400007], [86.93956182100004, 25.321268300000042], [86.94006279200005, 25.321221895000065], [86.94123820100003, 25.32110472000005], [86.94266739000005, 25.32102509400005], [86.94369902000005, 25.320932038000024], [86.94527366300008, 25.32095451300006], [86.94576219500004, 25.321084289000055], [86.94605186200005, 25.321198284000047], [86.94595900400003, 25.32273354800003], [86.94575059600004, 25.32345338300007], [86.94516869600005, 25.326248719000034], [86.94484954400008, 25.32865297400008], [86.94458681100008, 25.33046990300005], [86.94451611900007, 25.333588794000036], [86.94459496700006, 25.333903733000056], [86.94491292000004, 25.33426554700003], [86.94702857700008, 25.33602808100005], [86.94925922100003, 25.338547332000076], [86.95065493300007, 25.339966135000054], [86.95097408800007, 25.340409161000025], [86.95097780700007, 25.340675402000045], [86.95036345300008, 25.341499241000065], [86.94924454700003, 25.342829687000062], [86.94928691900003, 25.343014207000067], [86.94937763800004, 25.343112425000072]]]]}}, {"type": "Feature", "properties": {"OBJECTID": 134, "BLOCK_CODE": "0004", "NEAR_TOWN": "NAUGACHHI", "BLK_NAME": "NAUGACHHIA", "DIST_NAME": "BHAGALPUR"}, "geometry": {"type": "MultiPolygon", "coordinates": [[[[87.09802434800008, 25.500142668000024], [87.09727387400005, 25.49920457500008], [87.09721186500008, 25.498722625000028], [87.09712685500006, 25.496742949000065], [87.09719657300008, 25.49642618100006], [87.09737848700007, 25.49628857500005], [87.09764974000007, 25.496136191000062], [87.09803679100008, 25.495427466000024], [87.098178, 25.492962136000074], [87.09816453700006, 25.492407378000053], [87.09806706900008, 25.492210035000028], [87.09743685700005, 25.491654011000037], [87.09737829000005, 25.49140208600005], [87.09735486000005, 25.491172236000068], [87.09758999400003, 25.490934609000078], [87.09806531300006, 25.490793343000064], [87.09819102300008, 25.490561643000035], [87.09801641700005, 25.49019837000003], [87.09667375100008, 25.488261488000035], [87.09582173300004, 25.48685549700008], [87.09542164000004, 25.48638228300007], [87.09488928600007, 25.48572114700005], [87.09456930400006, 25.484953631000053], [87.09353737700008, 25.483166254000025], [87.09264471700004, 25.48234724400004], [87.09141362900004, 25.480864756000074], [87.09107133100008, 25.480268911000053], [87.08995426900003, 25.47843306200008], [87.08968221400005, 25.47819725100004], [87.08940697900005, 25.478083405000064], [87.08907851100008, 25.47806948500005], [87.08709999100006, 25.47844169700005], [87.08598520200007, 25.47870835300006], [87.08545191100006, 25.478629235000028], [87.08523082700003, 25.47848314400005], [87.08500656400008, 25.478120466000064], [87.08504986500003, 25.47737089000003], [87.08484297200005, 25.47717494400007], [87.08421896500005, 25.47701583500003], [87.08074902300007, 25.476756865000027], [87.08021550000007, 25.476664194000023], [87.08002932000005, 25.47651760800005], [87.07989670900008, 25.476302691000058], [87.08001136200005, 25.474022689000037], [87.08005628000006, 25.473376892000033], [87.08008525900004, 25.472993062000057], [87.07993730600003, 25.47274668500006], [87.07883817400005, 25.471745171000066], [87.07863425900007, 25.471413899000027], [87.07861182800008, 25.471247213000026], [87.07928916800006, 25.470002425000075], [87.07939566100004, 25.46948227000007], [87.07926191800004, 25.468202444000042], [87.07900820000003, 25.467208502000062], [87.07855806300006, 25.466379348000032], [87.07831342900005, 25.465985337000063], [87.07823632800006, 25.46581939500004], [87.07828677400005, 25.46553898800005], [87.07857604000003, 25.46526915100003], [87.07944311700004, 25.464410092000037], [87.07986633200005, 25.463461820000077], [87.08005732700008, 25.462611137000067], [87.07978344400004, 25.46159940800004], [87.07965242200004, 25.460170724000022], [87.07882328800008, 25.45695940400003], [87.07836399200005, 25.45585062400005], [87.07802679300005, 25.455254699000022], [87.07794744100005, 25.45493985300004], [87.07807239200008, 25.454654109000046], [87.07836043700007, 25.45429853400003], [87.07861246900006, 25.454196170000046], [87.07929291900007, 25.45415607500007], [87.08039374100008, 25.45429130900004], [87.08094063700008, 25.454284490000077], [87.08156396900006, 25.454078175000063], [87.08179795300003, 25.45377288800006], [87.08191174600006, 25.453410520000034], [87.08209361500008, 25.453272928000047], [87.08260364400007, 25.453135736000036], [87.08287921400006, 25.452947236000057], [87.08291073000004, 25.452730259000077], [87.08275750800004, 25.452132112000072], [87.08196029500004, 25.45103204700007], [87.08036016700004, 25.449770613000055], [87.08017094300004, 25.449425492000046], [87.08015233900005, 25.449177630000065], [87.08093239100003, 25.447502945000053], [87.08120091800004, 25.446191095000074], [87.08148133600008, 25.445339357000023], [87.08241948700004, 25.442945304000034], [87.08258164700004, 25.44282593400004], [87.08276561900004, 25.44282361200004], [87.08415456100005, 25.443604895000078], [87.08609726700007, 25.44484409300003], [87.08641372900007, 25.445056687000033], [87.08645222700005, 25.44530437800006], [87.08627703200005, 25.445875052000076], [87.08630317600006, 25.44628982100005], [87.08651103400007, 25.446553454000025], [87.08678561800008, 25.446631210000078], [87.08795567000004, 25.446418124000047], [87.08926186600007, 25.446004644000027], [87.09005946500008, 25.445493877000047], [87.09045857200005, 25.44525870500007], [87.09157234100007, 25.44494246800008], [87.09279499800004, 25.44459322800003], [87.09376323500004, 25.444184017000055], [87.09408421100005, 25.443715308000037], [87.09459116600004, 25.443059223000034], [87.09491537400004, 25.44280240100005], [87.09493026500007, 25.442472835000046], [87.09436247300005, 25.440449577000038], [87.09424602900003, 25.43998632000006], [87.09421956800009, 25.439553502000024], [87.09432200200007, 25.438771618000033], [87.09474114900007, 25.437570699000048], [87.09593191700003, 25.437745198000073], [87.09699555200007, 25.437731899000028], [87.09798187700005, 25.437534421000066], [87.09845393400008, 25.43719912800003], [87.09922464100003, 25.43590800800007], [87.09977288600004, 25.434700976000045], [87.10003848800005, 25.43386286300006], [87.10028662100007, 25.433512292000046], [87.10086875600007, 25.433220696000035], [87.10231591000007, 25.43293628400005], [87.10318940700006, 25.432844016000047], [87.10383237400004, 25.432953243000043], [87.10619227400008, 25.433839402000046], [87.10903208800005, 25.435549653000066], [87.10972170800005, 25.436104940000064], [87.11003629300006, 25.43652058300006], [87.11041968800004, 25.437530946000038], [87.11064937300006, 25.43824094100006], [87.11083538800005, 25.438373954000042], [87.11189916700005, 25.438374], [87.11372104300006, 25.43885171000005], [87.11467415600004, 25.439087838000034], [87.11570234800007, 25.439354519000062], [87.11620383900004, 25.43963237500003], [87.11656890700004, 25.43977669900005], [87.11695661600004, 25.43977171100005], [87.11733603000005, 25.43955036400007], [87.11844552800005, 25.437036590000048], [87.11806238600008, 25.435723976000077], [87.11814679600008, 25.434427952000078], [87.11813292600004, 25.433530203000032], [87.11850787400004, 25.43270426500004], [87.11984925500008, 25.43233073400006], [87.12007201300008, 25.43162402100006], [87.12016221400006, 25.42910072500007], [87.11983867400005, 25.42842803900004], [87.12097292800007, 25.42462351100005], [87.12059519200005, 25.423662759000024], [87.12019296300008, 25.422724879000043], [87.12001615600008, 25.421576490000064], [87.11992270000007, 25.42035045700004], [87.12004320300008, 25.41978491200007], [87.11982501100005, 25.419174104000035], [87.11920686700006, 25.417769708000037], [87.11891698600004, 25.415729403000057], [87.11863985600007, 25.414519174000077], [87.11843472600003, 25.41282524500008], [87.11762074900008, 25.412249071000076], [87.11738513900008, 25.410510371000044], [87.11789784500007, 25.40991280800006], [87.11866313400003, 25.409266874000025], [87.11931300900005, 25.408866111000066], [87.12059394800008, 25.408136950000028], [87.12200606500005, 25.407207492000055], [87.12210489800003, 25.406854335000048], [87.12173162600004, 25.406173242000023], [87.12075301600004, 25.404917831000034], [87.12053190000006, 25.404117503000066], [87.12208837300005, 25.400636961000032], [87.12291977200005, 25.39911941400004], [87.12304398100008, 25.398477109000055], [87.12280283600006, 25.397983835000048], [87.12250449500004, 25.397328880000032], [87.12244426200004, 25.396648328000026], [87.12280670500007, 25.395019443000024], [87.12289536000009, 25.394003059000056], [87.12263012200003, 25.393559733000075], [87.12050671500003, 25.39217455200003], [87.11895789000005, 25.390993980000076], [87.11764227600008, 25.38978342300004], [87.11659568500005, 25.388289660000055], [87.11565451000007, 25.386866801000053], [87.11477064100006, 25.384969385000034], [87.11400667900006, 25.382790733000036], [87.11330830700007, 25.380999246000044], [87.11271066800003, 25.379287729000055], [87.11238264200006, 25.37798792800004], [87.11169812200006, 25.375474319000034], [87.11044694100008, 25.375210394000078], [87.10957617100007, 25.372536770000067], [87.10766588900003, 25.369781440000054], [87.10556159500004, 25.367660253000054], [87.10451628200008, 25.36720419200003], [87.10154275200006, 25.366063887000053], [87.10004452800007, 25.364905141000065], [87.09928798600004, 25.36449046100006], [87.09858329900004, 25.36421504300006], [87.09770161400007, 25.364063660000056], [87.09740706500008, 25.363643197000044], [87.09732467300006, 25.363125377000074], [87.09659336900006, 25.362737451000044], [87.09516384800008, 25.362493740000048], [87.09489670600004, 25.362239831000068], [87.09463163000004, 25.361796449000053], [87.09255639700007, 25.361560809000025], [87.09057991300006, 25.361287723000032], [87.09002390800003, 25.360658409000052], [87.08838862600004, 25.36027725100007], [87.08776310800005, 25.360307618000036], [87.08679288200005, 25.360545338000065], [87.08633515800005, 25.360501397000064], [87.08622378300004, 25.360358399000063], [87.08635012200006, 25.35951761000007], [87.08536382200003, 25.35407925000004], [87.08477518400008, 25.353590288000078], [87.08414946800008, 25.353277743000035], [87.08303622900007, 25.35258771900004], [87.08182214000004, 25.351799637000056], [87.08032498300008, 25.350681207000036], [87.07957568600006, 25.35008133300005], [87.07840168900003, 25.348981477000052], [87.07896050500005, 25.34716058600003], [87.07891420600004, 25.346723492000024], [87.07794496800005, 25.345368407000024], [87.07614473300004, 25.343581378000067], [87.07600930100006, 25.343158859000027], [87.07673387300008, 25.34245505900003], [87.07662550100008, 25.341856303000043], [87.07900605200007, 25.339954202000058], [87.07966826900008, 25.339729400000067], [87.08023097800003, 25.33949679400007], [87.08027090800005, 25.338521718000038], [87.08038050400006, 25.338213519000078], [87.08115350800006, 25.33775722000007], [87.08205041700006, 25.336956490000034], [87.08280916600006, 25.33687480100008], [87.08359827300006, 25.335845283000026], [87.08419399800005, 25.335165580000023], [87.08638759000007, 25.33438467800005], [87.08890588000008, 25.33373062000004], [87.09071541900005, 25.333509565000043], [87.09209297700005, 25.333623164000073], [87.09406078500007, 25.33367977000006], [87.09529353500005, 25.333745601000032], [87.09599131900006, 25.333574390000024], [87.09589744300007, 25.33164442800006], [87.09559838500007, 25.330267399000036], [87.09490489100006, 25.330064075000053], [87.09447079200004, 25.329934112000046], [87.09425935300004, 25.32974722700004], [87.09392912500005, 25.32925954700005], [87.09318271100005, 25.32654360400005], [87.09098498800006, 25.326710951000052], [87.08523791900006, 25.327324041000054], [87.07483924300004, 25.328748086000076], [87.06889391900006, 25.329737592000072], [87.06630214800003, 25.329792074000068], [87.05943650900008, 25.329691530000048], [87.05420638200007, 25.330012830000044], [87.05264995000005, 25.329891928000052], [87.04931949800005, 25.329368588000023], [87.04817808100006, 25.32909826300005], [87.04599334300008, 25.328466133000063], [87.04346840000005, 25.32767112500005], [87.04175111000006, 25.327412286000026], [87.04109377100008, 25.32864303200006], [87.03867806200003, 25.32817602700004], [87.03608457100006, 25.328117287000055], [87.03138165800004, 25.327136336000024], [87.03068978000005, 25.32703190600006], [87.02945970300004, 25.32680758500004], [87.02574603900007, 25.326220684000077], [87.02544886800007, 25.32729365800003], [87.02490173500007, 25.330639329000064], [87.02448245400006, 25.333220769000036], [87.02399386700006, 25.334115619000045], [87.02390718800007, 25.33430616000004], [87.02379239100009, 25.335968009000055], [87.02367064800006, 25.337156227000037], [87.02320719000005, 25.33807324600008], [87.02316354700008, 25.33848438600006], [87.02335085600004, 25.338730329000043], [87.02379425800007, 25.33915809100006], [87.02386586700004, 25.339306160000035], [87.02333397600006, 25.340639128000078], [87.02324585700006, 25.34072596900006], [87.02303697800005, 25.34070595000003], [87.02212885000006, 25.340428082000074], [87.02211336800008, 25.340726070000073], [87.02219241100005, 25.341040969000062], [87.02260297100008, 25.34160006600007], [87.02275738400004, 25.341972645000055], [87.02272180500006, 25.342257352000047], [87.02223741700004, 25.342764035000073], [87.02198111500007, 25.34289803200005], [87.02176182800008, 25.342851021000058], [87.02152058900003, 25.34265534800005], [87.02135230100004, 25.342355092000048], [87.02114721300006, 25.34225822600007], [87.02087508300008, 25.34232926100003], [87.02053176000004, 25.342631140000037], [87.02054958700006, 25.34283399000003], [87.02083934600006, 25.343629133000036], [87.02084321000007, 25.343895372000077], [87.02044484800007, 25.34416638500005], [87.01962758900004, 25.344672476000028], [87.01950122900007, 25.344859006000036], [87.01972305500004, 25.346110804000034], [87.01968700300006, 25.34635931500003], [87.01949143400003, 25.346578285000078], [87.01939973300006, 25.34676444100006], [87.01989139100004, 25.347773723000046], [87.02008462100008, 25.348421187000042], [87.02012831300004, 25.349034326000037], [87.01998764300004, 25.349270621000073], [87.01948010400008, 25.34955201400004], [87.01935414900004, 25.349770040000067], [87.01931096700008, 25.350555755000073], [87.01901061000007, 25.351421129000073], [87.01847731200007, 25.35232553000003], [87.01744842600004, 25.354332217000035], [87.01687533200004, 25.35660420100004], [87.01789481700007, 25.356673217000036], [87.01985941600003, 25.356834595000066], [87.02090916400005, 25.356939358000034], [87.02207105200006, 25.357241213000066], [87.02288335600008, 25.35741192300003], [87.02370980900008, 25.357537386000047], [87.02512618500003, 25.357569931000057], [87.02582184000005, 25.35757958000005], [87.02620850800008, 25.357525277000036], [87.02635084900004, 25.357406211000068], [87.02609078900008, 25.35627227300006], [87.02602720200008, 25.355659393000053], [87.02619381400007, 25.355504024000027], [87.02707278600008, 25.355479827000067], [87.02756754300003, 25.355338510000024], [87.02767390300005, 25.355138690000047], [87.02741036700007, 25.354104066000048], [87.02963674700004, 25.354162952000024], [87.03123406900005, 25.354008269000076], [87.03313994900003, 25.35388591700007], [87.03458804200005, 25.353719451000075], [87.03620799000004, 25.353749470000025], [87.03829334500006, 25.353674563000027], [87.03926651500007, 25.353644726000027], [87.03974364200008, 25.353656960000023], [87.03995002800008, 25.353839445000062], [87.04006515400005, 25.354239595000024], [87.04016494500007, 25.354937820000032], [87.04012578300006, 25.35598959200007], [87.04016969900005, 25.35627336300007], [87.04044783000006, 25.356603902000074], [87.04079011300007, 25.357244938000065], [87.04085114200007, 25.357677403000025], [87.04076016400006, 25.357913118000056], [87.04034071000007, 25.35810321400004], [87.04025300600006, 25.35822156100005], [87.04027510500003, 25.358704083000077], [87.03952847900007, 25.358947839000052], [87.03743658300004, 25.35925749200004], [87.03714568000004, 25.359409948000064], [87.03701904700006, 25.359578441000053], [87.03696802300004, 25.361176382000053], [87.03665389500009, 25.362114202000043], [87.03641222400006, 25.36223437800004], [87.03597466400004, 25.362208172000066], [87.03492580000005, 25.362166686000023], [87.03450590500006, 25.36232517700006], [87.03426962300006, 25.362476989000072], [87.03419873100006, 25.36272597800007], [87.03465781900007, 25.363875564000068], [87.03482321700005, 25.36397283200006], [87.03517045300003, 25.363937070000077], [87.03645293000005, 25.363650757000073], [87.03661762600007, 25.363698385000077], [87.03693577700005, 25.36404646400007], [87.03744154200007, 25.364654001000076], [87.03763460200008, 25.36528338900007], [87.03851334600006, 25.366256322000027], [87.03960202000007, 25.36798033900004], [87.04016411000003, 25.369033814000034], [87.04077688300004, 25.370497365000062], [87.04087616300006, 25.37116390700004], [87.04080975400007, 25.371715230000063], [87.03995042500009, 25.373074814000063], [87.03950325000005, 25.373748027000033], [87.03917314500006, 25.373937006000062], [87.03899148400006, 25.37408818600005], [87.03847257500007, 25.37494729900004], [87.03767365600004, 25.37670313900003], [87.03712668100007, 25.378361278000057], [87.03579757500006, 25.381576533000043], [87.03371209300008, 25.380997207000064], [87.03258693300006, 25.380843879000054], [87.03207643700006, 25.380931275000023], [87.03176663400006, 25.381156083000064], [87.03166147900004, 25.381437125000048], [87.03162885900008, 25.38192488800007], [87.03165635700003, 25.382443374000047], [87.03162529100007, 25.382691934000036], [87.03151867700007, 25.38287821700004], [87.03139243200008, 25.38307829200005], [87.03137714700006, 25.383394328000065], [87.03135057300005, 25.383949639000036], [87.03128978300003, 25.384884416000034], [87.03102574700006, 25.38585320100003], [87.03035894200008, 25.38579360400007], [87.02952803700003, 25.38571795000007], [87.02895847300005, 25.385842109000066], [87.02848566800003, 25.386132081000028], [87.02788220200006, 25.386658262000026], [87.02739644200005, 25.387417683000024], [87.02675915100008, 25.38937013700007], [87.02666697500007, 25.39020146300004], [87.02678611600004, 25.390872356000045], [87.02767721400005, 25.393690744000025], [87.02772100300007, 25.39430837900005], [87.02766854100008, 25.395816038000078], [87.02778541500004, 25.397344308000072], [87.02831174700003, 25.39799221800007], [87.02853650900005, 25.398404628000037], [87.02861980800003, 25.399008214000048], [87.02886084800008, 25.399172277000048], [87.02919341100005, 25.399150192000036], [87.02961483900003, 25.399081870000032], [87.03080643300007, 25.399008838000043], [87.03195121800007, 25.398110592000023], [87.03260538300003, 25.397651489000054], [87.03307404700007, 25.397077227000068], [87.03405448100006, 25.396162923000077], [87.03484027600007, 25.395869144000073], [87.03564401200003, 25.395444244000032], [87.03602814800007, 25.396558603000074], [87.03695623800007, 25.398162649000028], [87.03752529400003, 25.399342511000043], [87.03766259600008, 25.400229678000073], [87.03815933900006, 25.401225387000068], [87.03836135300008, 25.401439494000044], [87.03874768900005, 25.401691951000032], [87.03886755500008, 25.402065063000066], [87.03911758200007, 25.40284712500005], [87.03937594700005, 25.40418410600006], [87.03944483900005, 25.405153349000045], [87.03965034500004, 25.405602096000052], [87.04009146000004, 25.406196797000064], [87.04086448300006, 25.407053701000052], [87.04136611200005, 25.40736348400003], [87.04201171300008, 25.407671426000036], [87.04266366200005, 25.40806505200004], [87.04322140200009, 25.408477885000025], [87.04370137300003, 25.40867060100004], [87.04427588800007, 25.40886666700004], [87.04472329700008, 25.409208577000072], [87.04520582300006, 25.409572757000035], [87.04581554200007, 25.409799931000066], [87.04668356400003, 25.41001941500008], [87.04738830500008, 25.40995668900007], [87.04933678400005, 25.409635039000023], [87.05130796400005, 25.409173276000047], [87.05336472400006, 25.408782512000073], [87.05389472400003, 25.408658779000064], [87.05464296800005, 25.408180283000036], [87.05555758900005, 25.409188803000063], [87.05624659400007, 25.409730801000023], [87.05651587700004, 25.409795212000063], [87.05754453800006, 25.409448705000045], [87.05875417600004, 25.40924876200006], [87.05998426100007, 25.409084739000036], [87.06086426500008, 25.40910556700004], [87.06264001200003, 25.409534906000033], [87.06352635400003, 25.409975178000025], [87.06421344300009, 25.410386283000037], [87.06562731900004, 25.41154652700004], [87.06609222900005, 25.41205511100003], [87.06728305500008, 25.412911274000066], [87.06762070900004, 25.413222922000045], [87.06760326900007, 25.413390142000026], [87.06737061000007, 25.41378105700005], [87.06670340000005, 25.414032914000074], [87.06609247500006, 25.414058553000075], [87.06539651100007, 25.414049085000045], [87.06300578000008, 25.414046996000025], [87.06178974100004, 25.41416119200005], [87.06069428700005, 25.414355217000036], [87.05834578500009, 25.41485335300007], [87.05737329500005, 25.41496462500004], [87.05538689300005, 25.415074677000064], [87.05489615400006, 25.41516197900006], [87.05465359400006, 25.415232639000067], [87.05449413900004, 25.415536897000038], [87.05440042700008, 25.416589372000033], [87.05420831900005, 25.420372866000037], [87.05744709200007, 25.42091067900003], [87.05917116900008, 25.42119174800007], [87.06080638300006, 25.421519052000065], [87.06128547600008, 25.421648540000035], [87.06149195700004, 25.421826476000035], [87.06149135900006, 25.422124241000063], [87.06137312000004, 25.42285669300003], [87.06132888000008, 25.423556562000044], [87.06137857900006, 25.424219254000036], [87.06134306300004, 25.42450395700007], [87.06078256400008, 25.424912463000055], [87.05911995400004, 25.42608347500004], [87.05806962500003, 25.42698082900006], [87.05567417800006, 25.428675216000045], [87.05158089700006, 25.43152743400003], [87.04927595600003, 25.43297247600003], [87.04693716500003, 25.43481498400007], [87.04428889100006, 25.437252236000063], [87.04318313300007, 25.43811402800003], [87.04258247900003, 25.438504932000058], [87.04196388700007, 25.438697423000065], [87.04012790400003, 25.439256750000027], [87.03901645400003, 25.439739575000033], [87.03861952300008, 25.44012794100007], [87.03815049900004, 25.44067964000004], [87.03799500700006, 25.44126354800005], [87.03787388400008, 25.44282174800003], [87.03773352800005, 25.443076090000034], [87.03752238300007, 25.443593043000078], [87.03747191600007, 25.444211806000055], [87.03733390600007, 25.444628591000026], [87.03697409300008, 25.44517901300003], [87.03648866800006, 25.44563607500004], [87.03629158700005, 25.446089726000025], [87.03610669700004, 25.447039503000042], [87.03580093300008, 25.447539551000034], [87.03545990100008, 25.448012909000056], [87.03524263700007, 25.448114823000026], [87.03494932500007, 25.44811845600003], [87.03446753200006, 25.447808397000074], [87.03377063400006, 25.447410786000034], [87.03336207300003, 25.44701870800003], [87.03313825100008, 25.44666948300005], [87.03295961200007, 25.44602186000003], [87.03279022300006, 25.44565846200004], [87.03241599100005, 25.44522980800008], [87.03214087800006, 25.445115858000065], [87.03157063500004, 25.444874582000068], [87.03134995300007, 25.444746460000033], [87.03118126600003, 25.44443260500003], [87.03052061000005, 25.443114067000067], [87.02988634600007, 25.442241893000073], [87.02936872000004, 25.44186460900005], [87.02853680400005, 25.441409975000056], [87.02693269500008, 25.44084271500003], [87.02648343800007, 25.441398640000045], [87.02611929100004, 25.441651226000033], [87.02560929200007, 25.44179274700008], [87.02482373000004, 25.441784202000065], [87.02445714600003, 25.44187434400004], [87.02405872800006, 25.442158978000066], [87.02363203900006, 25.44289503500005], [87.02345492900008, 25.443361955000057], [87.02349386700007, 25.44364575700007], [87.02375695200004, 25.44395838500003], [87.02384916100004, 25.44414228200003], [87.02376427700005, 25.444459153000025], [87.02299397200005, 25.445831111000075], [87.02264032000005, 25.446467099000074], [87.02260401400008, 25.446702154000036], [87.02279158200008, 25.446948078000048], [87.02405695700008, 25.448146550000047], [87.02437055400009, 25.448508307000054], [87.02461018400004, 25.448573104000047], [87.02497557000004, 25.448401742000044], [87.02537424200005, 25.448130642000024], [87.02581006300005, 25.447678721000045], [87.02607975800004, 25.44742277000006], [87.02635267200003, 25.447387827000057], [87.02670163700003, 25.44745135200003], [87.02696417300007, 25.447727877000034], [87.02733114000006, 25.449013940000043], [87.02761164000003, 25.449493388000064], [87.02784771400007, 25.450338741000053], [87.02776086600005, 25.45085418900004], [87.02744655600009, 25.451792030000036], [87.02690751100005, 25.452664862000063], [87.02665558100006, 25.45278077300003], [87.02643123400009, 25.452733808000062], [87.02576453800003, 25.45202895600005], [87.02565520300004, 25.452030317000037], [87.02559775900005, 25.45217989500003], [87.02585364500004, 25.454369704000044], [87.02592887000003, 25.45576748900004], [87.02594246800004, 25.45669230900006], [87.02563957800004, 25.45841066400004], [87.02526103900004, 25.460062136000033], [87.02504825900007, 25.460809228000073], [87.02512692200008, 25.461088003000043], [87.02592073400007, 25.46266221700006], [87.02633142000008, 25.463203218000046], [87.02646157200007, 25.463598713000067], [87.02671338000005, 25.46449356900007], [87.02776203100007, 25.465130609000028], [87.02926786400008, 25.46609597300005], [87.03099586000008, 25.46694592700004], [87.03202513100007, 25.46728535400007], [87.03311551500008, 25.46771885000004], [87.03359874500006, 25.46811454400006], [87.03410392600006, 25.468988221000075], [87.03423795800006, 25.46964541500006], [87.03446759400003, 25.470044131000066], [87.03472358400006, 25.47020796700008], [87.03553591900004, 25.470328964000032], [87.03730056400008, 25.470627900000068], [87.03875366400007, 25.471038816000032], [87.04045069200004, 25.471803271000056], [87.04258217400007, 25.472688688000062], [87.04332208900007, 25.47295944800004], [87.04359586000004, 25.47297410500005], [87.04379796500007, 25.472854350000034], [87.04382973500003, 25.472655436000025], [87.04373677000007, 25.472421919000055], [87.04365956800007, 25.47224232900004], [87.04369238400005, 25.47210658000006], [87.04398442500008, 25.472021810000058], [87.04503773500005, 25.472293163000074], [87.04544239600006, 25.472419082000044], [87.04613740100007, 25.47234290800003], [87.04698039600004, 25.472183708000045], [87.04751433900003, 25.472312502000023], [87.04782526800005, 25.47248920900006], [87.04814144900007, 25.47268383000005], [87.04849049400008, 25.47274730500004], [87.04878362200003, 25.47273011200008], [87.04910899700008, 25.472541165000052], [87.05095754000007, 25.471119799000064], [87.05183279800008, 25.47079314800004], [87.05298073200004, 25.470413638000025], [87.05352271200007, 25.470077530000026], [87.05388518500007, 25.46970765800006], [87.05413825700003, 25.469672925000054], [87.05499907700005, 25.46971200100006], [87.05643132700004, 25.469725993000054], [87.05770406200008, 25.47004422400005], [87.05834817000004, 25.47022122800007], [87.05891515600007, 25.47022776500006], [87.05950107700005, 25.470170962000054], [87.06150801000007, 25.469379177000064], [87.06359334900003, 25.468509614000027], [87.06511067200006, 25.468224685000052], [87.06590132400004, 25.468228470000042], [87.06647359600004, 25.468591352000033], [87.06721616800007, 25.469028851000076], [87.06765735100004, 25.469271551000077], [87.06830573000008, 25.469398928000032], [87.06924311400007, 25.46957228900004], [87.06955464200007, 25.469785048000062], [87.06968937200008, 25.470148789000064], [87.06961444100006, 25.471115335000036], [87.06968876400003, 25.47142571100005], [87.06978521400004, 25.47155990500005], [87.07070479800007, 25.471864365000044], [87.07181097400007, 25.472346912000035], [87.07226351900005, 25.47300909200004], [87.07279792000008, 25.47579541600004], [87.07283054600003, 25.47664334700005], [87.07258590200007, 25.47756225100005], [87.07270646000006, 25.479288945000064], [87.07291146000006, 25.480685124000047], [87.07311729400004, 25.481142740000053], [87.07333980900006, 25.481388210000034], [87.07374581700003, 25.481599693000078], [87.07444296900007, 25.481658753000033], [87.07505049100007, 25.481714342000032], [87.07536731400006, 25.48194500200003], [87.07569996100005, 25.482243221000033], [87.07676798400007, 25.483809102000066], [87.07752014100004, 25.484873641000036], [87.07754881300008, 25.485455350000052], [87.07824296400008, 25.48662886900007], [87.07957369900004, 25.488462225000035], [87.08034748400007, 25.490293441000063], [87.08072243400005, 25.490753463000033], [87.08091331000008, 25.491202353000062], [87.08084200700006, 25.491419758000063], [87.08047599900004, 25.49155524400004], [87.07971356800005, 25.491781251000077], [87.07921959700008, 25.492004032000068], [87.07909303000008, 25.49218608600006], [87.07909730400007, 25.492470257000036], [87.07968963600007, 25.494141402000025], [87.08025112800004, 25.49509096500003], [87.08049230900008, 25.495254851000027], [87.08100601900009, 25.495347691000063], [87.08172004800008, 25.495207927000024], [87.08210408100007, 25.494950534000054], [87.08222341000004, 25.494619622000073], [87.08238743900006, 25.494283721000045], [87.08252703500006, 25.493979619000072], [87.08274390800005, 25.493846055000063], [87.08303621600004, 25.49377474700003], [87.08332992600003, 25.49378916300003], [87.08348176400006, 25.493967722000036], [87.08367067400007, 25.494285664000074], [87.08371227000004, 25.49473187600006], [87.08366741100008, 25.495382180000036], [87.08387635600008, 25.49571349000007], [87.08480395200007, 25.496532056000035], [87.08508380600006, 25.496948218000057], [87.08518333000006, 25.49727632300005], [87.08540564900005, 25.497508147000076], [87.08562551500006, 25.497573111000065], [87.08587940400008, 25.497592475000033], [87.08642339200009, 25.497387108000055], [87.08683044300005, 25.497332390000054], [87.08706923000005, 25.497663346000024], [87.08725771500008, 25.49795872800007], [87.08749771200007, 25.498036961000025], [87.08806912000006, 25.49799822700004], [87.08854441600005, 25.497861416000035], [87.08883880800005, 25.49792085100006], [87.08906113900008, 25.49815276100003], [87.08906751900008, 25.498567777000062], [87.08903503500005, 25.499050914000065], [87.08926287000008, 25.49931427100006], [87.08998054700004, 25.499404579000043], [87.09111405000004, 25.49937681600005], [87.09258632900008, 25.499701224000034], [87.09347412400007, 25.500190935000035], [87.09369933100004, 25.500463436000075], [87.09360885500007, 25.502414181000063], [87.09369279600008, 25.505041047000077], [87.09366240300005, 25.507166883000025], [87.09390593400008, 25.507979354000042], [87.09411956400004, 25.50894081200005], [87.09457189100004, 25.509802984000032], [87.09516851200004, 25.51074185600004], [87.09537226400005, 25.511612998000032], [87.09498885100004, 25.513260330000037], [87.09525732000003, 25.514018673000066], [87.09554069200004, 25.51430306900005], [87.09621198800005, 25.515088598000034], [87.09669942300008, 25.51536845000004], [87.09754800700006, 25.51581792500008], [87.09777362000005, 25.51593742700004], [87.09820651600006, 25.515562857000077], [87.09824636600007, 25.515192725000077], [87.09824170800005, 25.513513751000062], [87.09845086400009, 25.512570459000074], [87.09829690800007, 25.511378860000036], [87.09892885900007, 25.510097115000065], [87.09938651600004, 25.509406633000026], [87.09962063500006, 25.507628449000038], [87.09925781200008, 25.506427792000068], [87.09896462700004, 25.50541671800005], [87.09854222700005, 25.50343065000004], [87.09845304300006, 25.501968300000044], [87.09813314700006, 25.500463430000025], [87.09802434800008, 25.500142668000024]]]]}}, {"type": "Feature", "properties": {"OBJECTID": 135, "BLOCK_CODE": "0001", "NEAR_TOWN": null, "BLK_NAME": "NARAYANPUR", "DIST_NAME": "BHAGALPUR"}, "geometry": {"type": "MultiPolygon", "coordinates": [[[[86.87270040800007, 25.462238437000053], [86.87157164200005, 25.460174491000032], [86.87085102500004, 25.459451408000064], [86.86916637800005, 25.457660529000066], [86.86854012400005, 25.456936480000024], [86.86829517400008, 25.45646533400003], [86.86838538700005, 25.455773957000076], [86.86936553300006, 25.454711816000042], [86.86973118400005, 25.45380524600006], [86.86953141100008, 25.45299071100004], [86.86865325700006, 25.45127669200008], [86.86873618000004, 25.450413882000078], [86.86901187500007, 25.44946328900005], [86.86999675300007, 25.448762036000062], [86.87107850500007, 25.448235700000055], [86.87282847900008, 25.44786890900008], [86.87435130500006, 25.447982926000066], [86.87525396800004, 25.448189572000047], [86.87596415000007, 25.448136521000038], [86.87657874700005, 25.447998879000068], [86.87675157500007, 25.447536765000052], [86.87585571600005, 25.44487983500005], [86.87574337400008, 25.443549939000036], [86.87605964100004, 25.44229649600004], [86.87652600400008, 25.441858129000025], [86.87780437100008, 25.441541677000032], [86.87922308200007, 25.441313895000064], [86.88030691700004, 25.440954359000045], [86.88110783700006, 25.44025962300003], [86.88171782900008, 25.43977902000006], [86.88279991900004, 25.43929321400003], [86.88374752000004, 25.43915181600005], [86.88445602300004, 25.43897246800003], [86.88549220300007, 25.438401421000037], [86.88595618700003, 25.437791649000076], [86.88637954900008, 25.437484620000077], [86.88708980800004, 25.437436026000057], [86.88761861200004, 25.437944574000028], [86.88833873900006, 25.438626974000044], [86.88877032300007, 25.438924405000023], [86.89005498700004, 25.439081557000065], [86.89223834800003, 25.440252971000064], [86.89339179500007, 25.441363628000033], [86.89425862600007, 25.442599345000076], [86.89460336800005, 25.443457355000078], [86.89317673800008, 25.444930767000074], [86.89560430800003, 25.447236531000044], [86.89809803300005, 25.449275232000048], [86.89977115800008, 25.45020405200006], [86.90187432200008, 25.451303990000042], [86.90391314400006, 25.451700669000047], [86.90609336100005, 25.451892732000033], [86.90718694800006, 25.451880328000072], [86.90831935500006, 25.45143891600003], [86.90939917500003, 25.45078145800005], [86.90953734300007, 25.450346740000043], [86.90856140700004, 25.448421938000024], [86.90772701900005, 25.446667003000073], [86.90596564600008, 25.443654581000033], [86.90445330700004, 25.440310018000048], [86.90389120200007, 25.437369752000052], [86.90364340700006, 25.42978733500007], [86.90374773200006, 25.423595248000026], [86.90391796100005, 25.41859357900006], [86.90396334600007, 25.414635752000038], [86.90394311400007, 25.40988], [86.90379144600007, 25.409322177000035], [86.90335695100003, 25.40880809600003], [86.90273320400007, 25.40825563100003], [86.90234618800008, 25.407574122000028], [86.90289028400008, 25.405929967000077], [86.90167915300003, 25.40531187700003], [86.90081926300007, 25.404567935000046], [86.90006689600006, 25.403331011000034], [86.89930723700007, 25.40119165300007], [86.89903348400009, 25.400066570000035], [86.89885956400008, 25.397514581000053], [86.89868836200003, 25.39697945900008], [86.89840183500007, 25.396743601000026], [86.89806781200008, 25.396661529000028], [86.89600878800007, 25.39653568800003], [86.89452136800008, 25.396425953000062], [86.89342176700006, 25.396325493000063], [86.89202965500004, 25.39186928600003], [86.89115176700005, 25.38868430200006], [86.88983344200005, 25.38526502600007], [86.88968404800005, 25.38450860100005], [86.88955958900004, 25.384126472000048], [86.88960446400006, 25.383769528000073], [86.89110827200005, 25.382904401000076], [86.88790452600006, 25.379677661000073], [86.88495715600004, 25.377025520000075], [86.88434245000008, 25.376026128000035], [86.88390654200003, 25.37464559600005], [86.88365119000008, 25.373389548000034], [86.88362906100008, 25.37175178700005], [86.88380947900004, 25.371497095000052], [86.88463904400004, 25.37148788500008], [86.88533460200006, 25.37148011000005], [86.88584019800004, 25.37139332600003], [86.88611385200005, 25.371056346000046], [86.88633330900007, 25.370381567000038], [86.88642202200003, 25.36996093500005], [86.88673930400006, 25.369537700000024], [86.88747219000004, 25.369362575000025], [86.88839448000004, 25.369226022000078], [86.88861958500007, 25.368970811000054], [86.88838315700008, 25.368386878000024], [86.88851365700003, 25.36775364400006], [86.88918749200008, 25.36687980100004], [86.89241398500008, 25.363360209000064], [86.89487747400005, 25.361112685000023], [86.89748409600008, 25.35953124100007], [86.89979946800008, 25.35736651800005], [86.90244934000003, 25.355324247000055], [86.90623142200008, 25.35180269400007], [86.90580078400006, 25.350819401000024], [86.90510071600005, 25.35011424100003], [86.90416890600005, 25.349538093000035], [86.90347853600008, 25.349545911000064], [86.90302055900008, 25.349844330000053], [86.90123977500008, 25.35112325600005], [86.90050080700007, 25.35121726400007], [86.89966962900007, 25.351100209000037], [86.89636600400007, 25.349250985000026], [86.89265967300008, 25.347365610000054], [86.89139774700004, 25.346247035000033], [86.88984853000005, 25.344084834000057], [86.88655819400003, 25.339509701000054], [86.88543330100003, 25.337487088000046], [86.88373178800003, 25.335064730000056], [86.88187242200007, 25.332341772000063], [86.87942417300007, 25.329404252000074], [86.87735752000003, 25.32713921100003], [86.87540784100008, 25.32507601100008], [86.87383948600007, 25.323662843000022], [86.87170976900006, 25.32000861100005], [86.87110664700003, 25.317975643000068], [86.87069601200005, 25.315484812000022], [86.87336826600006, 25.315148502000056], [86.87956493200005, 25.313961109000047], [86.88401041300006, 25.312919221000072], [86.88575586900004, 25.312358305000032], [86.88655506300006, 25.311961452000048], [86.88679041900008, 25.311742175000063], [86.88697273600008, 25.311266405000026], [86.88514251000004, 25.309215511000048], [86.88110797500008, 25.305334300000027], [86.87927909200005, 25.303369071000077], [86.87793758900006, 25.30182707800003], [86.87903785300006, 25.301670579000074], [86.88110561800005, 25.301458187000037], [86.88460222400005, 25.301148713000032], [86.88876781500005, 25.30111156600003], [86.89117435800006, 25.302091053000026], [86.89339332400004, 25.302779271000077], [86.89649904900006, 25.304414265000048], [86.89883108600003, 25.306481940000026], [86.90213669000008, 25.309287821000055], [86.90358643300004, 25.31109460700003], [86.90453834800007, 25.313177633000066], [86.90547400400004, 25.314421608000032], [86.90756848400008, 25.316157866000026], [86.91064221100004, 25.318677371000035], [86.91173632900006, 25.319517807000068], [86.91694818400003, 25.316783162000036], [86.91712612700007, 25.316361550000067], [86.91693495700008, 25.31582215700007], [86.91594787900004, 25.31445254600004], [86.91482326100004, 25.312831782000046], [86.91295875700007, 25.311219340000036], [86.91220906300003, 25.310140259000036], [86.91046856100007, 25.307411831000024], [86.90932527900009, 25.304410420000067], [86.90893922900005, 25.303413056000068], [86.90847152000003, 25.302844520000065], [86.90735679100004, 25.300980717000073], [86.90696385400008, 25.299504098000057], [86.90590610300006, 25.29949339800004], [86.89229850400005, 25.29969062600003], [86.88960415700006, 25.294662217000052], [86.88803881300004, 25.290875596000035], [86.88643597600003, 25.287612938000052], [86.88477330600006, 25.28765839500005], [86.88182943400005, 25.28805197500003], [86.88006337900003, 25.28668164800007], [86.87807805000006, 25.285611594000045], [86.87577541400003, 25.284202021000056], [86.87387486300008, 25.28278792900005], [86.87130228700005, 25.281232327000055], [86.87022968700006, 25.28083805500006], [86.86900278300004, 25.280788356000073], [86.86755720100007, 25.280348409000055], [86.86669581700005, 25.279035673000067], [86.86594952800004, 25.278547467000067], [86.86353356300003, 25.279426803000035], [86.86198482500004, 25.279818249000073], [86.85957277100005, 25.28025520600005], [86.85705545900004, 25.28098650800007], [86.85598275300003, 25.28171122300006], [86.85593216000007, 25.282397683000056], [86.85595941000008, 25.283710453000026], [86.85638977700006, 25.28547018100005], [86.85585665400004, 25.285710616000074], [86.85489228400007, 25.285612779000076], [86.85285838200008, 25.285368664000032], [86.85258569500007, 25.286147792000065], [86.85295820500005, 25.286536308000052], [86.85413972600008, 25.287660592000066], [86.85483835100007, 25.288681842000074], [86.85328224000006, 25.289655448000076], [86.85291065700005, 25.290092650000076], [86.85247985500007, 25.291311233000044], [86.85199472500005, 25.291799256000047], [86.85145859500005, 25.292188628000076], [86.85070902000007, 25.292580346000022], [86.85012480100005, 25.29345756300006], [86.84926289800006, 25.293994954000027], [86.84811115200006, 25.294381960000067], [86.84575866300008, 25.294086961000062], [86.84436607200007, 25.294282593000048], [86.84355979700007, 25.29413779600003], [86.84147510100007, 25.294187426000065], [86.84023936400007, 25.29423233700004], [86.83944072500003, 25.29467408200003], [86.83772157100003, 25.29496341600003], [86.83675757100008, 25.294522468000025], [86.83611568800006, 25.294037531000072], [86.83493888100008, 25.29364853900006], [86.83365475600004, 25.293793212000026], [86.83076460500007, 25.29414012600006], [86.82951767400004, 25.293711245000054], [86.82904944200004, 25.29321088200004], [86.82899462700004, 25.29281429200006], [86.82936502500007, 25.291889826000045], [86.83017150400008, 25.29052739800005], [86.83060569000008, 25.289552564000076], [86.83062909300008, 25.288676940000073], [86.83031312400004, 25.28575167100007], [86.83058036200003, 25.28453944900008], [86.83074004100007, 25.282683142000053], [86.83052505600006, 25.28180549800004], [86.82897627000006, 25.27951615300003], [86.82891830300008, 25.278492434000043], [86.82910020700007, 25.277587976000063], [86.82946747100004, 25.276045311000075], [86.82973269000007, 25.27506327100008], [86.82948289600006, 25.272254674000067], [86.82911249000006, 25.272402971000076], [86.82857477000005, 25.271136213000034], [86.82739326200004, 25.27113532900006], [86.82702025300006, 25.270697107000046], [86.82664463500004, 25.269672185000047], [86.82643222400003, 25.26860053300004], [86.82600581100007, 25.26786950500008], [86.82482737400005, 25.267724160000057], [86.82258164500007, 25.26679593500006], [86.81880326500004, 25.26596974100005], [86.81794699000005, 25.26616834400005], [86.81697973100006, 25.267378939000025], [86.81698410700005, 25.268109958000025], [86.81757407200007, 25.269207016000053], [86.81816404600005, 25.270304071000055], [86.81741449800006, 25.270307495000054], [86.81698089400004, 25.271331944000053], [86.81676383300004, 25.272985824000045], [86.81558868500008, 25.27541695700006], [86.81451778700006, 25.27590668600004], [86.81173022800004, 25.276098637000075], [86.80915927900008, 25.276148410000076], [86.80701957900004, 25.275760270000035], [86.80562631600003, 25.27512071700005], [86.80227965300008, 25.274285002000056], [86.79703539800005, 25.27335633900003], [86.79355679400004, 25.272675237000044], [86.78862134400003, 25.27968510200003], [86.78723054200003, 25.280805134000047], [86.78450002000005, 25.280413922000037], [86.78256855400008, 25.278024255000048], [86.78026857800006, 25.275539108000032], [86.77769736900007, 25.273589298000047], [86.77677937800007, 25.27480815100006], [86.77846096400003, 25.275494679000076], [86.77851842000007, 25.275724194000077], [86.77846052600006, 25.27585573600004], [86.77519720700008, 25.281670104000057], [86.77384310800005, 25.284152471000027], [86.77285143500006, 25.28663555600008], [86.77305142400007, 25.28714339000004], [86.77355511700006, 25.287724835000063], [86.77544044000007, 25.289997750000055], [86.77805586600005, 25.29307539000007], [86.77951809400008, 25.294459118000077], [86.78114550700008, 25.295944887000076], [86.78165316600007, 25.29643149700007], [86.78165228000006, 25.296760963000054], [86.78164999900008, 25.29696848800006], [86.78143041300007, 25.297277675000032], [86.78052676500005, 25.29806769100003], [86.77965353000008, 25.298911566000072], [86.77925065400007, 25.299258721000058], [86.77928743900009, 25.299813405000066], [86.77997501800007, 25.300397377000024], [86.78121475300009, 25.30145402900007], [86.78282507700004, 25.302754943000025], [86.78559488500008, 25.30464851000005], [86.78799492300004, 25.306351826000025], [86.78844761800008, 25.306811889000073], [86.78833042500008, 25.306966488000057], [86.78754451500004, 25.30764706900004], [86.78596631900007, 25.308899947000043], [86.78391076200006, 25.310893384000053], [86.78376926800007, 25.31108885100008], [86.78400983700004, 25.31126684700007], [86.78440423600006, 25.311434235000036], [86.78588187300005, 25.312046140000064], [86.78678121300004, 25.312478989000056], [86.78709114500003, 25.312638185000026], [86.78715026800006, 25.31299404600003], [86.78699634700007, 25.31378081500003], [86.78697039100007, 25.315265703000023], [86.78733218600007, 25.316782713000066], [86.78722298100007, 25.317573511000035], [86.78659892700006, 25.31849154500003], [86.78620638000007, 25.320043446000057], [86.78564419400004, 25.321145822000062], [86.78476843900006, 25.32298260700003], [86.78392410500004, 25.324160083000038], [86.78431921700007, 25.324774165000065], [86.78488027300006, 25.325156418000063], [86.78595124800006, 25.32579959000003], [86.78724358300008, 25.326670609000075], [86.78845376600003, 25.327718453000045], [86.78972203800004, 25.328255739000042], [86.79085068400008, 25.328744769000025], [86.79185414500006, 25.32915395300006], [86.79357823500004, 25.32998424400006], [86.79492249800006, 25.330638039000064], [86.79700241800003, 25.331329209000046], [86.80008722200006, 25.332149664000042], [86.80171057700005, 25.332475548000048], [86.80234542100004, 25.33240565400007], [86.80371828300008, 25.331786588000057], [86.80518853100006, 25.33102197000005], [86.80724131400007, 25.329980456000044], [86.80880722000006, 25.328926034000062], [86.81004831600006, 25.327726091000045], [86.81064243400004, 25.32757538800007], [86.81119961800005, 25.327650778000077], [86.81190385200006, 25.32795918900007], [86.81438405200004, 25.329264011000078], [86.81553693400008, 25.33008214700004], [86.81601005300007, 25.33095248500007], [86.81666297600003, 25.332285781000053], [86.81730725200003, 25.333722935000026], [86.81766890000006, 25.335573732000057], [86.81797809600005, 25.336057810000057], [86.81839902800004, 25.336342079000076], [86.81893548000005, 25.336345374000075], [86.82003378900004, 25.33600879100004], [86.82138446300007, 25.33560183800006], [86.82197520500006, 25.335577483000066], [86.82272845700004, 25.33659828900005], [86.82346288500008, 25.338079548000053], [86.82413747400005, 25.339927052000064], [86.82478286300005, 25.34104824600007], [86.82478453500005, 25.341946235000023], [86.82494914200004, 25.342382118000046], [86.82553990100007, 25.34274135800007], [86.82610549900005, 25.34307369100003], [86.82682695800008, 25.343932408000057], [86.82809409000004, 25.345498166000027], [86.83011979400004, 25.347723694000024], [86.83251143200005, 25.350184434000028], [86.83585429000004, 25.352833356000076], [86.84018983700008, 25.35616192300006], [86.84162726000005, 25.35705337400003], [86.84233275900004, 25.357054841000036], [86.84312026500004, 25.356879355000046], [86.84362759400005, 25.356927993000056], [86.84399060600003, 25.356955636000066], [86.84499481400007, 25.35738251400005], [86.84938820700006, 25.359789575000036], [86.85305224900009, 25.36150514600007], [86.85305134600009, 25.361811943000077], [86.85307450900007, 25.36206441400003], [86.85653521300009, 25.363416534000066], [86.85687511700007, 25.363570766000066], [86.85543844000006, 25.370264828000074], [86.85445194900007, 25.374566911000045], [86.85400389200004, 25.376002183000026], [86.85358095200007, 25.37633169700007], [86.85330309200003, 25.376357254000027], [86.85273270500005, 25.37643564600006], [86.85220787500003, 25.376576800000066], [86.85153277100005, 25.377373764000026], [86.84959148500008, 25.379366811000068], [86.84916590100005, 25.379497762000028], [86.84866047100007, 25.37959805500003], [86.84840502800006, 25.379826438000066], [86.84795442500007, 25.380314173000045], [86.84773066700006, 25.38105661700007], [86.84741580200006, 25.381673714000044], [86.84705334800003, 25.38169571800006], [86.84668857100007, 25.381541733000063], [86.84601140200004, 25.381052685000043], [86.84539157000006, 25.380391646000078], [86.84462928200008, 25.380237430000022], [86.84396110300008, 25.380429669000023], [86.84232528200005, 25.381480761000034], [86.84058173200003, 25.382659235000062], [86.83945464200008, 25.383858214000043], [86.83872537000008, 25.384700904000056], [86.83734448700005, 25.38625900200003], [86.83621704200004, 25.387435393000032], [86.83621614200007, 25.38774679000005], [86.83644372400005, 25.388434748000066], [86.83669600800005, 25.389487892000034], [86.83655196300003, 25.391005603000053], [86.83649670700004, 25.392102719000036], [86.83655524300008, 25.392774451000037], [86.83717374200006, 25.393336341000065], [86.83795830400004, 25.394049943000027], [86.83804293500003, 25.39482059200003], [86.83782077800004, 25.395689364000077], [86.83750876600004, 25.396532060000027], [86.83700294300007, 25.39698874100003], [86.83587556300006, 25.397420589000035], [86.83461080400008, 25.39836832000003], [86.83353911900008, 25.399643301000026], [86.83288668500006, 25.401049157000045], [86.83229741300005, 25.402359619000038], [86.83227001500006, 25.403302998000072], [86.83246553200007, 25.40495693200006], [86.83232351000004, 25.405500021000023], [86.83193127800007, 25.40590578700005], [86.83125495900003, 25.40625607000004], [86.82982211200004, 25.406898701000046], [86.82889081500008, 25.407508810000024], [86.82790088300004, 25.408200832000034], [86.82719751900004, 25.40914698100005], [86.82641031300005, 25.409760033000055], [86.82464305000008, 25.410676998000042], [86.82348072600007, 25.411109086000067], [86.82224611800007, 25.41133886700004], [86.82066705000005, 25.411825024000052], [86.81954021000007, 25.411931822000042], [86.81956838800005, 25.41257226600004], [86.81971185500004, 25.413283748000026], [86.82125854300006, 25.417193046000023], [86.82252702000005, 25.42033817400005], [86.82291541100005, 25.42154335400005], [86.82288629700008, 25.42197687600003], [86.82271728500007, 25.423129370000026], [86.82246900400008, 25.42391263500008], [86.82218515400007, 25.42540023500004], [86.82241344900007, 25.42613783200005], [86.82224416600008, 25.426884263000034], [86.82201317500005, 25.427468843000042], [86.82210106100007, 25.42772960800005], [86.82232604800004, 25.427831016000027], [86.82289044500004, 25.42803699500007], [86.82364959300008, 25.428317698000058], [86.824104, 25.428854329000046], [86.82469383800003, 25.429876853000053], [86.82544714700003, 25.430847950000043], [86.82598265200005, 25.431510096000068], [86.82643508700005, 25.432664897000052], [86.82677254000004, 25.433762287000036], [86.82705335100007, 25.435478508000074], [86.82705086700008, 25.43833492600004], [86.82716234300005, 25.43964681700004], [86.82688007300004, 25.440489166000077], [86.82617453700004, 25.440898378000043], [86.82547061700006, 25.44105477100004], [86.82431439400006, 25.44120711200003], [86.82330150000007, 25.441687242000057], [86.82262779800004, 25.442253980000032], [86.82225346800004, 25.443286771000032], [86.82295901100008, 25.443635718000053], [86.82475276600007, 25.443954922000046], [86.82642794200007, 25.444320512000047], [86.82810265800003, 25.44465450000007], [86.82874761300008, 25.44493643100003], [86.82908703100009, 25.44542006100005], [86.82882888600005, 25.446212514000024], [86.82853729800007, 25.447104661000026], [86.82834467200007, 25.447585], [86.82774928600008, 25.447672676000025], [86.82679374600008, 25.447597175000055], [86.82598684700008, 25.44786305100007], [86.82510464000006, 25.44845003200004], [86.82424906700004, 25.449176720000025], [86.82387621000004, 25.44993882700004], [86.82368694300004, 25.450676361000035], [86.82405631900008, 25.45193589200005], [86.82490820500004, 25.45360079900007], [86.82574999100007, 25.455243386000063], [86.82637593300007, 25.456730261000075], [86.82708684900007, 25.457489718000033], [86.82758772500006, 25.457773114000076], [86.82829476600006, 25.457855777000077], [86.83007484200004, 25.45748014000003], [86.83155542700007, 25.457209264000028], [86.83303590500003, 25.456938378000075], [86.83509937200006, 25.45657323000006], [86.83838668000004, 25.455883379000056], [86.84051899200006, 25.455458730000032], [86.84267057300008, 25.455367675000048], [86.84456062200007, 25.455428373000075], [86.84659410400008, 25.455428905000076], [86.84808790700004, 25.45522758900006], [86.84947761700005, 25.45467104200003], [86.85118547300004, 25.453731859000072], [86.85202166400006, 25.453429452000023], [86.85330848800004, 25.452991303000033], [86.85381293200004, 25.453166284000076], [86.85426613800007, 25.453973503000043], [86.85458808300007, 25.455377889000033], [86.85492398200006, 25.45709337200003], [86.85531114700007, 25.458542140000077], [86.85624796600007, 25.460192446000065], [86.85700777500006, 25.461244556000054], [86.85790607000007, 25.461875534000058], [86.85848732900007, 25.46221203700003], [86.85922909100003, 25.46228067800007], [86.86030693000004, 25.462196606000077], [86.86234201400003, 25.46156514100005], [86.86297233700003, 25.461476987000026], [86.86345720600008, 25.46167021900004], [86.86372930400006, 25.462312475000033], [86.86413073800009, 25.463336923000043], [86.86435771700008, 25.464318137000078], [86.86496583100006, 25.465182321000043], [86.86535301500004, 25.465502881000077], [86.86596817500003, 25.465766907000045], [86.86659983000004, 25.465782524000076], [86.86717300100008, 25.465514444000064], [86.86805976000005, 25.464900027000056], [86.86889363700004, 25.46405160200004], [86.86952486700005, 25.463291022000078], [86.87028318700004, 25.462736644000074], [86.87168517800006, 25.462355716000047], [86.87270040800007, 25.462238437000053]]]]}}, {"type": "Feature", "properties": {"OBJECTID": 136, "BLOCK_CODE": "0006", "NEAR_TOWN": "NAUGACHHI", "BLK_NAME": "GOPALPUR", "DIST_NAME": "BHAGALPUR"}, "geometry": {"type": "MultiPolygon", "coordinates": [[[[87.13683063700006, 25.315401722000047], [87.13493598100007, 25.315236411000058], [87.13250340000008, 25.31529002700006], [87.13228813000006, 25.315820726000027], [87.13179301200006, 25.31624210900003], [87.13129524900006, 25.316812540000058], [87.13015622000006, 25.317982119000078], [87.12937625300003, 25.31925091100004], [87.12855811800006, 25.319978737000042], [87.12786197400004, 25.32024476400005], [87.12728184000008, 25.320631244000026], [87.12836452000005, 25.321912360000056], [87.13106932200003, 25.320826556000043], [87.13379881000003, 25.319731456000056], [87.13431161700004, 25.31917442500003], [87.13536666500005, 25.318028406000053], [87.13599784500008, 25.317099863000067], [87.13633529200007, 25.316445844000043], [87.13683063700006, 25.315401722000047]]], [[[87.10243655500005, 25.33345742000006], [87.10201568200006, 25.333219048000046], [87.10123562100006, 25.33287245500003], [87.10061360200007, 25.33279904400007], [87.10025723400008, 25.332555314000047], [87.09982863500005, 25.331477840000048], [87.09953813600004, 25.33033984700006], [87.09940448800006, 25.330043792000026], [87.09855856900003, 25.329937046000055], [87.09723977500005, 25.330098019000047], [87.09641267800004, 25.330248251000057], [87.09559838500007, 25.330267399000036], [87.09589744300007, 25.33164442800006], [87.09599131900006, 25.333574390000024], [87.09786125100004, 25.33340209200003], [87.09895594000005, 25.333532739000077], [87.10078728800005, 25.33376692400003], [87.10272701000008, 25.33393658500006], [87.10243655500005, 25.33345742000006]]], [[[87.12804468700006, 25.38155199700003], [87.13003811900006, 25.38129192400004], [87.13244909400004, 25.381355884000072], [87.13626741300004, 25.381816792000052], [87.13800027100007, 25.381415638000078], [87.14326815400005, 25.380197343000077], [87.14533549700008, 25.379579696000064], [87.14826890400008, 25.378107140000054], [87.14957738900006, 25.377575859000046], [87.15265304000008, 25.37694503700004], [87.15960237400003, 25.37556016800005], [87.16394342400008, 25.374515659000053], [87.16847694400008, 25.372760165000045], [87.16785366000005, 25.369474591000028], [87.16789197600008, 25.368440849000024], [87.16709490200003, 25.36578914200004], [87.16684501400005, 25.36317994700005], [87.16809248000004, 25.363208867000026], [87.16866818200003, 25.363485612000034], [87.16925132500006, 25.364231550000056], [87.16951294200004, 25.364440160000072], [87.16942462200007, 25.365451982000025], [87.17000742600004, 25.366175354000063], [87.16899777400005, 25.366423067000028], [87.16869728700004, 25.36689627800007], [87.16908259700006, 25.368330564000075], [87.16930893400007, 25.36976243500004], [87.16934245200008, 25.36999662000005], [87.17094592200004, 25.369908044000056], [87.17224050200008, 25.369773848000023], [87.17425974900004, 25.369589501000064], [87.17431086400006, 25.367797633000066], [87.17437391000004, 25.366759055000045], [87.17478899900004, 25.365363931000047], [87.17647708700008, 25.36529672000006], [87.17864567700008, 25.364821643000028], [87.17895889500005, 25.365146914000036], [87.17983999500007, 25.364945918000046], [87.18016246000008, 25.36397613400004], [87.18067835600004, 25.36392421000005], [87.18184929800003, 25.364143461000026], [87.18241305400005, 25.363666864000038], [87.18328891800007, 25.363443327000027], [87.18358141900006, 25.36371923200005], [87.18453375500007, 25.363309671000025], [87.18456729200005, 25.36385064700005], [87.18516335900006, 25.36384282000006], [87.18557217400007, 25.363625354000078], [87.18563963400004, 25.36287095700004], [87.18587047000005, 25.36270100400003], [87.18729525400005, 25.365745876000062], [87.18978004600007, 25.365474019000033], [87.18984739100006, 25.365026510000064], [87.19056771400005, 25.364710159000026], [87.19150988300004, 25.366773245000047], [87.19462203700004, 25.366587756000058], [87.19696973400005, 25.36613267300004], [87.19842404000008, 25.366045762000056], [87.19920207000007, 25.366224986000077], [87.19951225300008, 25.366053905000058], [87.20130315000006, 25.36125209900007], [87.20132073300005, 25.36080062900004], [87.20499949600008, 25.360634574000073], [87.20707307500004, 25.36075138600006], [87.20870036400004, 25.360612460000027], [87.21247837300007, 25.36013803900005], [87.21475951000008, 25.36632505400007], [87.21547113000008, 25.36885566600006], [87.21688182300005, 25.37404353000005], [87.21776081500008, 25.376468274000047], [87.21867622200006, 25.378071202000058], [87.21974298700007, 25.379812129000072], [87.22103107600003, 25.381410120000055], [87.22287458400007, 25.382937517000073], [87.22350380100005, 25.38282524600004], [87.22473615800004, 25.384049525000023], [87.22512200900007, 25.382113271000037], [87.22691612000006, 25.380911550000064], [87.22888486700003, 25.38005941700004], [87.22953431200006, 25.37662175500003], [87.23364879300004, 25.37603391500005], [87.23368119000008, 25.374624993000054], [87.23403810900004, 25.372412095000072], [87.23396672500007, 25.370341964000033], [87.23353842200004, 25.36734384300007], [87.23360980600006, 25.36270389400005], [87.23232489700007, 25.358563632000028], [87.23175382600004, 25.354780289000075], [87.23103998800008, 25.35263877400007], [87.22946954400004, 25.349069582000027], [87.22818463500005, 25.347856057000058], [87.22661419000008, 25.34692806700008], [87.22390160500004, 25.346499764000043], [87.22096953400006, 25.34663649500004], [87.22322590300007, 25.344642846000056], [87.22592807000007, 25.337326693000023], [87.23202187400005, 25.325773370000036], [87.23749004800004, 25.316071971000042], [87.24079007600005, 25.309951719000026], [87.24601103000003, 25.305564464000042], [87.24815811500008, 25.30414062500006], [87.24815839800004, 25.304140438000047], [87.24876609400008, 25.303633752000053], [87.25083944700003, 25.302895696000064], [87.25304332400003, 25.301350418000027], [87.25794772700004, 25.30017231200003], [87.25795774800008, 25.30004931900004], [87.25795282000007, 25.300035725000043], [87.25843681000003, 25.29751753900007], [87.25864695800004, 25.295807093000064], [87.25865801700007, 25.294588452000028], [87.25863821000007, 25.294525235000037], [87.25844028400007, 25.293861536000065], [87.25641808000006, 25.290235494000058], [87.25554563400004, 25.288885262000065], [87.25334409400006, 25.286080557000048], [87.25264996200008, 25.285190791000048], [87.25190110200003, 25.284404782000024], [87.25190363700005, 25.284403773000065], [87.25190335900004, 25.28440347800006], [87.25117559700004, 25.283628273000033], [87.24978419300004, 25.28256043600004], [87.24954642800003, 25.282377960000076], [87.24755036400006, 25.281033102000038], [87.24729934800007, 25.280866054000057], [87.24308980900008, 25.278326379000077], [87.23888044100005, 25.275786588000074], [87.23468536700005, 25.27304118400008], [87.23202618400006, 25.271019396000042], [87.22916352100003, 25.268684585000074], [87.22811020900008, 25.26771508300004], [87.22669491500005, 25.266150320000065], [87.22602457500005, 25.26552761800008], [87.22525617800005, 25.264982943000064], [87.22378518600004, 25.26426718500005], [87.22300978500004, 25.263596286000052], [87.22284650000006, 25.26332317400005], [87.22283896200008, 25.26316085700006], [87.22306208600008, 25.262842067000065], [87.22228348400006, 25.261354467000046], [87.22080229800008, 25.260927630000026], [87.21984558600008, 25.261012528000037], [87.21835627300004, 25.26192573700007], [87.21642870500006, 25.262754571000073], [87.21315254400008, 25.26369147400004], [87.21054842300003, 25.264434428000072], [87.20882223700005, 25.265138671000045], [87.20671584900003, 25.266276524000034], [87.20463460400003, 25.270540811000046], [87.19969384400008, 25.281015228000058], [87.19659280700006, 25.287981944000023], [87.19558921600003, 25.290115858000036], [87.19431384000006, 25.29295710100007], [87.19332865500007, 25.292830252000044], [87.19308015600006, 25.293749399000035], [87.19099643200008, 25.291985630000056], [87.18858385200008, 25.29046068400004], [87.18669599400005, 25.288834118000068], [87.18402401000003, 25.287222254000028], [87.18048061100006, 25.285761630000025], [87.17735454200005, 25.28462488200006], [87.17666819000004, 25.283925398000065], [87.17620013000004, 25.283841291000044], [87.17555261500007, 25.28559139300006], [87.17418620300003, 25.287725288000047], [87.17298568200005, 25.289365334000024], [87.17251249300006, 25.290526543000055], [87.17266226300006, 25.29184211100005], [87.17250705300006, 25.29332856900004], [87.17197885800005, 25.296042643000078], [87.17147524800004, 25.298427021000066], [87.17023774600005, 25.300563735000026], [87.16938965900005, 25.302835300000027], [87.16903875900005, 25.305145496000023], [87.16819734300003, 25.307841040000028], [87.16758484000007, 25.308363365000048], [87.16717235300007, 25.30834614400004], [87.16600305100008, 25.308198978000064], [87.16426460900004, 25.308171858000037], [87.16416219600006, 25.306715867000037], [87.16428585900007, 25.306050929000037], [87.16399378100004, 25.305797546000065], [87.16282410400004, 25.30562327900003], [87.16245691700004, 25.30532120500004], [87.16092515900004, 25.305178600000033], [87.16019919400009, 25.305115768000064], [87.15908633000004, 25.305085103000067], [87.15662122300006, 25.304954542000075], [87.15397730500007, 25.311486], [87.15296342300007, 25.311431364000043], [87.15002807000008, 25.31109026200005], [87.14613664100006, 25.310576282000056], [87.14524956400004, 25.31037566300006], [87.14476429300004, 25.31078345900005], [87.14457235900005, 25.31153492800007], [87.14315030000006, 25.31173811700006], [87.14194749400008, 25.312628913000026], [87.14349396300008, 25.312757944000055], [87.14445671100003, 25.31303885500006], [87.14583315600004, 25.31340923600004], [87.14592787600003, 25.313750921000064], [87.14572333400008, 25.314646924000044], [87.14535828600003, 25.315441216000067], [87.14530818000009, 25.31700754900004], [87.14555431300005, 25.318782131000034], [87.14581822900004, 25.319780379000065], [87.14593092600006, 25.320636214000046], [87.14612911600005, 25.322203898000055], [87.14573044000008, 25.32243462400004], [87.14500820300003, 25.322619819000067], [87.14366313000005, 25.322989117000077], [87.14262709300004, 25.32375591400006], [87.14180355500008, 25.324131924000028], [87.14033150800003, 25.32432678500004], [87.13957674200003, 25.32433641800003], [87.13810910900008, 25.32449962900006], [87.13748664900004, 25.324710694000032], [87.13547485700008, 25.325972682000042], [87.13280998200008, 25.327721358000076], [87.13136008100008, 25.328705453000055], [87.13057668800008, 25.32911696700006], [87.12893989100007, 25.32990486700004], [87.12670283700004, 25.33106144100003], [87.12846847700007, 25.334752370000047], [87.12916871800007, 25.336674517000063], [87.12814157700006, 25.33706212000004], [87.12533105100005, 25.33808608000004], [87.12464320400005, 25.338898008000058], [87.12472439700008, 25.34061603600003], [87.12477098100004, 25.342027667000025], [87.12208486800006, 25.342747711000072], [87.12149394100004, 25.343084523000073], [87.12225601600005, 25.34547531900006], [87.12055313000008, 25.346182749000036], [87.11998770300005, 25.346564459000035], [87.12002337600006, 25.34694296300006], [87.11971837300007, 25.347461259000056], [87.11766035100004, 25.34833555700004], [87.11696628400006, 25.348745928000028], [87.11663751100008, 25.349336729000072], [87.11549843600005, 25.349563224000065], [87.11472449200005, 25.34962263700004], [87.11431121200008, 25.34988499900004], [87.11439897300005, 25.350425333000032], [87.11276381700009, 25.350373884000078], [87.11234441800008, 25.349909874000048], [87.11143765800006, 25.35006125700005], [87.11111070600003, 25.34914945500003], [87.11096676100004, 25.34818566200005], [87.10866338800008, 25.348286947000076], [87.10539498300005, 25.347976198000026], [87.10474791600006, 25.347889574000078], [87.10454841200004, 25.345234504000075], [87.10446133100004, 25.344409834000032], [87.10263423400005, 25.344793856000024], [87.10079006900008, 25.345367465000038], [87.09997883900007, 25.34558969400007], [87.09930339800007, 25.345598162000044], [87.09898343600008, 25.345791698000028], [87.09846378000003, 25.34591559100005], [87.09698693100006, 25.346146184000077], [87.09566908100004, 25.34637473300006], [87.09386183400005, 25.34676280900004], [87.09286463000007, 25.346843026000045], [87.09198307100007, 25.34669160900006], [87.09059278500007, 25.346731471000055], [87.08670015100006, 25.348169804000065], [87.08477516800008, 25.348654020000026], [87.08237228200005, 25.34908099200004], [87.08009014200007, 25.348946899000055], [87.07957568600006, 25.35008133300005], [87.08032498300008, 25.350681207000036], [87.08182214000004, 25.351799637000056], [87.08303622900007, 25.35258771900004], [87.08414946800008, 25.353277743000035], [87.08477518400008, 25.353590288000078], [87.08536382200003, 25.35407925000004], [87.08635012200006, 25.35951761000007], [87.08622378300004, 25.360358399000063], [87.08633515800005, 25.360501397000064], [87.08679288200005, 25.360545338000065], [87.08776310800005, 25.360307618000036], [87.08838862600004, 25.36027725100007], [87.09002390800003, 25.360658409000052], [87.09057991300006, 25.361287723000032], [87.09255639700007, 25.361560809000025], [87.09463163000004, 25.361796449000053], [87.09489670600004, 25.362239831000068], [87.09516384800008, 25.362493740000048], [87.09659336900006, 25.362737451000044], [87.09732467300006, 25.363125377000074], [87.09740706500008, 25.363643197000044], [87.09770161400007, 25.364063660000056], [87.09858329900004, 25.36421504300006], [87.09928798600004, 25.36449046100006], [87.10004452800007, 25.364905141000065], [87.10154275200006, 25.366063887000053], [87.10451628200008, 25.36720419200003], [87.10556159500004, 25.367660253000054], [87.10766588900003, 25.369781440000054], [87.10957617100007, 25.372536770000067], [87.11044694100008, 25.375210394000078], [87.11169812200006, 25.375474319000034], [87.11238264200006, 25.37798792800004], [87.11271066800003, 25.379287729000055], [87.11330830700007, 25.380999246000044], [87.11429688200008, 25.381302576000053], [87.11497385400008, 25.383319897000035], [87.11706894400004, 25.384493576000068], [87.11703053100007, 25.38522501600005], [87.11779405400006, 25.38608614700007], [87.11921119300007, 25.38550415900005], [87.12175036600007, 25.383892657000047], [87.12388796400006, 25.38266523900006], [87.12491627300005, 25.38232279300007], [87.12675313500006, 25.381897817000038], [87.12804468700006, 25.38155199700003]]]]}}, {"type": "Feature", "properties": {"OBJECTID": 137, "BLOCK_CODE": "0011", "NEAR_TOWN": "BHAGALPUR", "BLK_NAME": "NATHNAGAR", "DIST_NAME": "BHAGALPUR"}, "geometry": {"type": "MultiPolygon", "coordinates": [[[[86.86682581100007, 25.25699605500006], [86.86657553400005, 25.25898558600005], [86.86590928500004, 25.259342505000063], [86.86476714400004, 25.259937370000046], [86.86433884100006, 25.260484646000066], [86.86400571600007, 25.261103306000052], [86.86341085100008, 25.26148402000007], [86.86260183400003, 25.26172196600004], [86.86179281700004, 25.261864734000028], [86.86044928400008, 25.262399455000036], [86.85983330500005, 25.26274458100005], [86.85933174400003, 25.262723031000064], [86.85856924800004, 25.26250118200005], [86.85724004400004, 25.262583282000037], [86.85632799700005, 25.263057986000035], [86.85600494600004, 25.263404499000046], [86.85596102700003, 25.263842689000057], [86.85596802100008, 25.264370592000034], [86.85644955100008, 25.26588156500003], [86.85704868900007, 25.26916013500005], [86.85761669700008, 25.27195167700006], [86.85802652800004, 25.276301767000064], [86.85805775400007, 25.276784269000075], [86.85839351400006, 25.277024288000064], [86.85894334400007, 25.27692805500004], [86.86104771200007, 25.275758866000047], [86.86425245300006, 25.273706807000053], [86.86500620700008, 25.273648969000078], [86.86553219900009, 25.27400420500004], [86.86594952800004, 25.278547467000067], [86.86669581700005, 25.279035673000067], [86.86755720100007, 25.280348409000055], [86.86900278300004, 25.280788356000073], [86.87022968700006, 25.28083805500006], [86.87130228700005, 25.281232327000055], [86.87387486300008, 25.28278792900005], [86.87577541400003, 25.284202021000056], [86.87807805000006, 25.285611594000045], [86.88006337900003, 25.28668164800007], [86.88182943400005, 25.28805197500003], [86.88477330600006, 25.28765839500005], [86.88643597600003, 25.287612938000052], [86.88803881300004, 25.290875596000035], [86.88960415700006, 25.294662217000052], [86.89229850400005, 25.29969062600003], [86.90590610300006, 25.29949339800004], [86.90696385400008, 25.299504098000057], [86.90919747700008, 25.297980906000078], [86.91155535800004, 25.297205289000033], [86.91383959500007, 25.296489227000052], [86.91535466700003, 25.296178759000043], [86.91712497400005, 25.296370900000056], [86.91862164200006, 25.29725191800003], [86.92189423800005, 25.300901512000053], [86.92425392400008, 25.303139912000063], [86.92567096000005, 25.30436022600003], [86.92642339700006, 25.30455022900003], [86.92738678300003, 25.304552756000078], [86.92836188500007, 25.303836922000073], [86.93011503600007, 25.302549875000068], [86.93209673200005, 25.302942404000078], [86.93322392600004, 25.30294309100003], [86.93477977700007, 25.302699724000036], [86.93686514100006, 25.301967440000055], [86.94200667400008, 25.301768664000065], [86.94803619500004, 25.301866331000042], [86.95134387800005, 25.30262238000006], [86.95274872000005, 25.303305570000077], [86.95355406000004, 25.30478541900004], [86.95370979700004, 25.305270891000077], [86.95451496300007, 25.305320255000026], [86.95633887000008, 25.305073573000072], [86.95606783700003, 25.301322498000047], [86.95665885800008, 25.30098170900004], [86.95815704200004, 25.300883163000037], [86.95796647600008, 25.299328624000054], [86.95791285400009, 25.298692964000054], [86.95855923600004, 25.298401193000075], [86.95861352400004, 25.29766963700007], [86.96149968500004, 25.297762473000034], [86.96637647100005, 25.297466685000074], [86.96980347700008, 25.29717858600003], [86.97183909600005, 25.297515840000074], [86.97548413900006, 25.29824485300003], [86.97974539100005, 25.299359136000078], [86.98306284300008, 25.29974886800005], [86.98659455100005, 25.300185631000033], [86.98842094400004, 25.30047101100007], [86.98992056200007, 25.300471342000037], [86.99195215100008, 25.300862520000067], [86.99508649400008, 25.301637636000066], [86.99733639200008, 25.30270755300006], [86.99758174000004, 25.30284326900005], [87.00091825000004, 25.30172734200005], [87.00246174000006, 25.302015856000025], [87.00411537000008, 25.30236618600003], [87.00389759000007, 25.300004345000048], [87.00401734700006, 25.299353109000037], [87.00428381300009, 25.298546776000023], [87.00482333700006, 25.29774173000004], [87.00501903400004, 25.297540828000024], [87.00613356200006, 25.29700871500006], [87.00691412600008, 25.29673315200006], [87.00761317000007, 25.296657194000034], [87.00799282300005, 25.296639092000078], [87.00804041200007, 25.286350578000054], [87.00827520900003, 25.285079818000042], [87.00848530000007, 25.282090182000047], [87.00856233500008, 25.280198702000064], [87.00880146200006, 25.279225679000035], [87.00892010800004, 25.278506838000055], [87.00882447300006, 25.275313265000023], [87.00915691200004, 25.27358107300006], [87.00912609300008, 25.273166383000046], [87.00883816300006, 25.272822313000063], [87.00752792500003, 25.271475225000074], [87.00749519800007, 25.271268065000072], [87.00734675100006, 25.26958224400005], [87.00554537300007, 25.26893582200006], [87.00509691900004, 25.268819353000026], [87.00486784100008, 25.270839090000038], [87.00449272200007, 25.27305905000003], [87.00419382300004, 25.275057057000026], [87.00405424900003, 25.27605137300003], [87.00403226300006, 25.277973907000046], [87.00393231300006, 25.278277382000056], [87.00375571800004, 25.278419364000058], [87.00355244700006, 25.278444317000037], [87.00286545200004, 25.27831264300005], [86.99920745800006, 25.277336234000074], [86.99758200900004, 25.277035367000053], [86.99441877700008, 25.276449805000027], [86.99117979200008, 25.27595560700007], [86.99084616000005, 25.275887363000038], [86.99067016500004, 25.275726941000073], [86.99063619200007, 25.269870426000068], [86.99065822100005, 25.268976719000023], [86.99050002500007, 25.26867624600004], [86.98456060300003, 25.266431313000055], [86.98262416200004, 25.26570050400005], [86.98254280600008, 25.26556160800004], [86.98235982300008, 25.261421472000052], [86.98234971900007, 25.260708642000054], [86.98221154600003, 25.260064991000036], [86.98159482100004, 25.259634514000027], [86.97920842900004, 25.258317754000075], [86.97703180900004, 25.25744076500007], [86.97428727800008, 25.256421516000046], [86.97172925600006, 25.25559398300004], [86.96863626300006, 25.25449734400007], [86.96633374800007, 25.253829264000046], [86.96193323600005, 25.252928179000037], [86.96001574700006, 25.252463126000066], [86.95941671800006, 25.252221793000047], [86.95756007400007, 25.251494282000067], [86.95595541800003, 25.25103447300006], [86.95368227100005, 25.250686235000046], [86.95146665900006, 25.250553788000047], [86.94743149000004, 25.250920629000063], [86.94507049300006, 25.251389938000045], [86.94339970400006, 25.251891933000024], [86.94211252300005, 25.252488767000045], [86.94096512100003, 25.25314263300004], [86.93992796500004, 25.253519968000035], [86.93903616900008, 25.253638460000047], [86.93761796300004, 25.253740452000045], [86.93672434100006, 25.25372806000007], [86.93572938900007, 25.25356796400007], [86.93466554700007, 25.253449284000055], [86.93393578200005, 25.253434974000072], [86.93310489800007, 25.253295527000034], [86.93199404800004, 25.25301038400005], [86.93106505000009, 25.252587797000047], [86.92983450000008, 25.252258880000056], [86.92900133800003, 25.251947922000056], [86.92821687900005, 25.25156879700006], [86.92744236900006, 25.250476501000037], [86.92496651700003, 25.246560766000073], [86.92321675100004, 25.243982954000046], [86.92317322200006, 25.243918823000058], [86.92245526100004, 25.243083184000056], [86.92190226200006, 25.242439535000074], [86.91886737400006, 25.240447825000047], [86.91811300400008, 25.239359835000073], [86.91807227700008, 25.236372981000045], [86.91849621600005, 25.23579962900004], [86.92107732800008, 25.236199200000044], [86.92432197100004, 25.236478367000075], [86.92698212900007, 25.236484305000033], [86.92823308900006, 25.236506188000078], [86.93287274500005, 25.236096994000036], [86.93683803600004, 25.236092404000033], [86.94276775600008, 25.235668127000054], [86.94417399100007, 25.23579184400006], [86.94738039800006, 25.236179238000034], [86.94835546300004, 25.236704993000046], [86.94852623000008, 25.23613453200005], [86.94843982500004, 25.235634594000032], [86.94812864800008, 25.234316080000042], [86.94687426200005, 25.231185353000058], [86.94609222600008, 25.228477885000075], [86.94767191200003, 25.22822958200004], [86.94792237500008, 25.226967778000073], [86.94791137700008, 25.226539192000075], [86.94802872700006, 25.22569401100003], [86.94829702700008, 25.22572251500003], [86.94855108800004, 25.22578732200003], [86.94917337900006, 25.225933558000065], [86.95027692600007, 25.226065277000032], [86.95105243500007, 25.22616914500003], [86.95239064800006, 25.226402003000032], [86.95408307000008, 25.226775048000036], [86.95462524100003, 25.226863579000053], [86.95513851400005, 25.22630259600004], [86.95549591900004, 25.22559904600007], [86.95544448200008, 25.22476033600003], [86.95558620000008, 25.223540356000058], [86.95616636400007, 25.22279370700005], [86.95694736500008, 25.222225107000042], [86.95689992600006, 25.221050925000043], [86.95687156200006, 25.220348883000042], [86.95648178900007, 25.21766850800003], [86.95638358800005, 25.21631591000005], [86.95644995000004, 25.215385550000065], [86.95550330900005, 25.215112185000066], [86.95435141300004, 25.215062303000025], [86.95376666200008, 25.214757735000035], [86.95320239900008, 25.213433079000026], [86.95309825200007, 25.212725845000023], [86.95305335900008, 25.211999820000074], [86.95474627600004, 25.210992130000022], [86.94960268500006, 25.205771828000024], [86.94934156300008, 25.205197250000026], [86.94970713500004, 25.203649821000056], [86.95003161900007, 25.202721045000033], [86.95078103100008, 25.20095261000006], [86.95129957200004, 25.19971025500007], [86.95207287300008, 25.199660677000054], [86.95289684800008, 25.19969185100007], [86.95337315700004, 25.199334349000026], [86.95351394700003, 25.198759685000027], [86.95370135800005, 25.19831987200007], [86.95374133300004, 25.19762901200005], [86.95389246100007, 25.19743320400005], [86.95465694100005, 25.197469531000024], [86.95518289800003, 25.197472524000034], [86.95565562800004, 25.197575319000066], [86.95611416800006, 25.197718931000054], [86.95664736600008, 25.19788876900003], [86.95723016600004, 25.198058033000052], [86.95750288700003, 25.19804586300006], [86.95759985200004, 25.19788234600003], [86.95755617300006, 25.19759852800007], [86.95695480100005, 25.196102840000037], [86.95660194200008, 25.194635882000057], [86.95627879800008, 25.193872503000023], [86.95556431000006, 25.193154272000072], [86.95518007100009, 25.19228774800007], [86.95491031700004, 25.190405671000065], [86.95468548900004, 25.188836997000067], [86.95415301800006, 25.185864954000067], [86.95350486000007, 25.183850841000037], [86.95320466400005, 25.18223884100007], [86.95295103300003, 25.18076621000006], [86.95413741400006, 25.18046829900004], [86.95529830900006, 25.179764551000062], [86.95477310100006, 25.17838071400007], [86.95372448000006, 25.178600371000073], [86.95248575000005, 25.175131062000048], [86.95248907500007, 25.17451895100004], [86.95249131600008, 25.174106650000056], [86.95316549000006, 25.17407254400007], [86.95422123700007, 25.174019128000054], [86.95422676600003, 25.17370314300007], [86.95405867800008, 25.17302826100007], [86.95406107800005, 25.172486719000062], [86.95414626800004, 25.172192405000033], [86.95425813500003, 25.17203319400005], [86.95439511200004, 25.171896263000065], [86.95466575600005, 25.17174429100004], [86.95564386700005, 25.171448722000036], [86.95688696800005, 25.17096059800008], [86.95723200400005, 25.170798640000044], [86.95748516900005, 25.17045732500003], [86.95777304400008, 25.170115553000073], [86.95803376100008, 25.169963653000025], [86.95834538300005, 25.16989692100003], [86.95902495200005, 25.169898055000033], [86.95980186200006, 25.169767259000025], [86.96080868500007, 25.169760113000052], [86.96133429800005, 25.169749548000027], [86.96163608400008, 25.169691916000033], [86.96181803800005, 25.169581523000033], [86.96200301800008, 25.16933118700007], [86.96224112200008, 25.168972017000044], [86.96242284400006, 25.168848086000025], [86.96263590700005, 25.168827529000055], [86.96285536200008, 25.168915249000065], [86.96356141900003, 25.169394400000044], [86.96383664300004, 25.169567251000046], [86.96401562300008, 25.169592187000035], [86.96425762900003, 25.16951724200004], [86.96455048200005, 25.16953189000003], [86.96473531000004, 25.169628999000054], [86.96489683500005, 25.169830192000063], [86.96513333300004, 25.17007114000006], [86.96569023300003, 25.17016845300003], [86.96694818100008, 25.170023056000048], [86.96732325800008, 25.16989234600004], [86.96758307300007, 25.169668216000048], [86.96776777000008, 25.16939982300005], [86.96789800200008, 25.16914107100007], [86.96811539700008, 25.169075431000067], [86.96845315200005, 25.169107587000042], [86.96893327100008, 25.16903886500006], [86.96929198800007, 25.168795531000058], [86.96951040200008, 25.168454561000033], [86.96980400900009, 25.167814923000037], [86.96980116200007, 25.167611840000063], [86.96972862300004, 25.167391620000046], [86.96960622200004, 25.167153925000036], [86.96947070500005, 25.167038104000028], [86.96926152800006, 25.16697739400007], [86.96882558700008, 25.167018506000034], [86.96844190000007, 25.166892114000063], [86.96830502400007, 25.166686128000038], [86.96810378000004, 25.166128963000062], [86.96789825900004, 25.165973439000027], [86.96770883300007, 25.165903451000077], [86.96751543300007, 25.165905619000057], [86.96717443500006, 25.16599986600005], [86.96351569300003, 25.16683193500006], [86.96168754100006, 25.16698840600003], [86.96151592900009, 25.16570884500004], [86.96124020200006, 25.16407860000004], [86.96098526900005, 25.162163751000037], [86.96062836900006, 25.161463914000024], [86.96031782900008, 25.16124638200006], [86.96002279900006, 25.16107386300007], [86.95775185500008, 25.160770615000047], [86.95728609700006, 25.160803084000065], [86.95692675200007, 25.161001261000024], [86.95650023500008, 25.16135360000004], [86.95609653100007, 25.161570358000063], [86.95524049700003, 25.16172008700005], [86.95494650400008, 25.163045657000055], [86.95447278000006, 25.163222520000033], [86.95424563700004, 25.16400576500007], [86.95410653100004, 25.16434582000005], [86.95362788900007, 25.16452732500005], [86.95220460600007, 25.16454365100003], [86.94964396600005, 25.16444674400003], [86.94947803000008, 25.165003652000053], [86.94905032400004, 25.164918358000023], [86.94871562600008, 25.164746217000072], [86.94851825400008, 25.16446413600005], [86.94841123100008, 25.16389681900006], [86.94806293600004, 25.162389163000057], [86.94702039400005, 25.16231535000003], [86.94659842600004, 25.161575645000028], [86.94811787700007, 25.16098062100008], [86.94770509000006, 25.159469224000077], [86.947575, 25.15938945000005], [86.94738094800005, 25.15934204100006], [86.94716187500006, 25.15928137800006], [86.94704674800005, 25.159210517000076], [86.94694477000007, 25.15900866000004], [86.94684614900007, 25.158689425000034], [86.94681234200004, 25.158396494000044], [86.94669096500007, 25.158230897000067], [86.94644701700008, 25.158161489000065], [86.94615454700005, 25.158173886000043], [86.94558997400009, 25.158234442000037], [86.94499569500005, 25.15829992400006], [86.94468264100004, 25.158253891000072], [86.94453209600005, 25.158129231000032], [86.94437584800005, 25.157946029000072], [86.94403381000006, 25.157602515000065], [86.94358481900008, 25.157413561000055], [86.94303380100007, 25.157374797000045], [86.94238475300006, 25.15742733700006], [86.94083515500006, 25.157630047000055], [86.94027294500006, 25.15785756300005], [86.93988507300008, 25.158146282000075], [86.93961735900007, 25.158514764000074], [86.93941600600004, 25.15866148300006], [86.93916404900006, 25.15873204500008], [86.93875186600008, 25.158691645000033], [86.93839868700007, 25.158618922000073], [86.93816248700006, 25.158391470000026], [86.93782976200004, 25.15800273600007], [86.93771330900006, 25.157471593000025], [86.93785918600008, 25.157257784000024], [86.93814014500003, 25.157128232000048], [86.93843110700004, 25.157007631000056], [86.93864126100004, 25.156784119000065], [86.93887611300005, 25.156190308000077], [86.93899481800008, 25.15508791900004], [86.93921194100005, 25.15392572500008], [86.93939101400008, 25.15360333600006], [86.93963219700004, 25.153474275000065], [86.94003250000009, 25.153370422000023], [86.94028293200006, 25.153191548000052], [86.94070387400006, 25.153141602000062], [86.94104609000004, 25.153146797000034], [86.94135954300003, 25.153215398000043], [86.94199068600005, 25.153307434000055], [86.94303458300004, 25.153480565000052], [86.94382381800006, 25.153530200000034], [86.94410148400004, 25.15352695000007], [86.94445693100005, 25.153410078000036], [86.94468225800006, 25.153209007000044], [86.94490338700007, 25.15305752100005], [86.94505620400008, 25.152992599000072], [86.94520541100007, 25.153017971000054], [86.94535053500005, 25.15311559500003], [86.94563596800003, 25.153315391000035], [86.94595106900005, 25.15350583600008], [86.94619015000006, 25.153575278000062], [86.94636271500008, 25.15350108100006], [86.94645978700004, 25.153351110000074], [86.94658040100006, 25.153110594000054], [86.94664540900004, 25.152789447000032], [86.94670750700004, 25.151538816000027], [86.94675274000008, 25.150509387000056], [86.94685217500006, 25.15052630300005], [86.94702563000004, 25.15051528600003], [86.94721846700008, 25.150477042000034], [86.94742573700006, 25.15040248300005], [86.94759700600008, 25.150233511000067], [86.94767255300007, 25.149957416000063], [86.94766866600008, 25.149682217000077], [86.94753382000005, 25.149255031000052], [86.94858203700005, 25.14867000600003], [86.94876139200005, 25.148013604000027], [86.94862070800008, 25.144657926000036], [86.94860451700004, 25.14348941800006], [86.94819398600004, 25.143209816000024], [86.94760122200006, 25.143018117000054], [86.94700977800005, 25.143282088000035], [86.94658251400006, 25.143941238000025], [86.94622102500006, 25.145055468000066], [86.94622938900005, 25.146016505000034], [86.94434747500009, 25.146205060000057], [86.94393518200008, 25.146160072000043], [86.94376058600005, 25.146080820000066], [86.94357139100003, 25.145672382000043], [86.94346670900006, 25.145276463000073], [86.94322181500007, 25.145134932000076], [86.94284794700008, 25.14499928200007], [86.94128174400004, 25.144705824000027], [86.94063280400007, 25.14439284900004], [86.94044548300008, 25.144119707000073], [86.94034041600008, 25.14369219200006], [86.94038958800007, 25.14329904300007], [86.94096934900006, 25.142908902000045], [86.94135682000007, 25.142593099000067], [86.94146565300008, 25.142217363000043], [86.94147198700006, 25.14123354700007], [86.94122985100006, 25.140582060000042], [86.94098313800004, 25.140309556000034], [86.94067795300003, 25.140114510000046], [86.94041460700004, 25.140076930000077], [86.94009292500004, 25.14012122500003], [86.93974250700006, 25.140242472000068], [86.93935216300008, 25.14034624800007], [86.93896517500008, 25.140332553000064], [86.93859399700005, 25.140386438000064], [86.93831315900007, 25.14052502000004], [86.93809408800007, 25.140820820000044], [86.93795868100005, 25.141070565000064], [86.93776714000006, 25.14120357300004], [86.93763301000007, 25.14118710300005], [86.93726163900004, 25.140870971000027], [86.93690648000006, 25.14064479700005], [86.93653340100008, 25.14055886400007], [86.93606996300008, 25.140758162000054], [86.93562371000007, 25.141119719000073], [86.93512033800005, 25.14130145100006], [86.93372015200003, 25.141533895000066], [86.93307358100003, 25.141396901000064], [86.93281732300005, 25.14115163100007], [86.93251185100007, 25.140211931000067], [86.93242371900004, 25.139576661000035], [86.93255586800007, 25.139444294000043], [86.93296326700005, 25.13913738800005], [86.93356418100007, 25.138846227000045], [86.93424010200005, 25.138590408000027], [86.93517492100005, 25.138417348000075], [86.93583515500006, 25.138107482000066], [86.93612382000003, 25.137819900000068], [86.93625307400004, 25.13748453900007], [86.93626511300005, 25.136915832000057], [86.93621472400008, 25.135779270000057], [86.93631494600004, 25.134767373000045], [86.93613667600005, 25.134430966000025], [86.93593696100004, 25.134324907000064], [86.93570341200007, 25.134291421000057], [86.93560182400006, 25.134116633000076], [86.93561700500004, 25.133778001000053], [86.93565011700008, 25.13329931100003], [86.93535464700005, 25.133090639000045], [86.93482639000007, 25.132898028000056], [86.93450892300007, 25.13253164200006], [86.93440495900006, 25.132176326000035], [86.93428548700007, 25.13178511800004], [86.93408311800005, 25.131489602000045], [86.93378884800006, 25.131366583000045], [86.93342242600005, 25.131406881000032], [86.93317299300008, 25.131657864000033], [86.93309884900003, 25.132033239000066], [86.93299077900008, 25.132833149000078], [86.93304599600003, 25.133969680000064], [86.93286091900006, 25.134571949000076], [86.93304495500007, 25.135336921000032], [86.93313665600004, 25.136238374000072], [86.93308304300007, 25.136667663000026], [86.93289159200003, 25.136809785000025], [86.93277163600004, 25.136738946000037], [86.93263534400006, 25.136564514000042], [86.93253154800004, 25.136227253000072], [86.93236732900004, 25.135822936000068], [86.93210834400008, 25.135379182000065], [86.93183227000009, 25.135134153000024], [86.93151966500005, 25.13511959500005], [86.93134835400008, 25.135284037000076], [86.93129187700004, 25.13658878800004], [86.93122687400006, 25.138362921000066], [86.93111769200004, 25.139077076000035], [86.93053892900008, 25.13954390500004], [86.92991661000008, 25.139731503000064], [86.92941129800005, 25.139768797000045], [86.92874844300007, 25.13988457100004], [86.92843992700006, 25.14017238300005], [86.92808941900006, 25.14028466800005], [86.92774086400004, 25.140180289000057], [86.92657355600005, 25.14040555500003], [86.92610502500008, 25.14059141100006], [86.92541409400008, 25.141199362000066], [86.92503112700007, 25.141844484000046], [86.92473097200008, 25.142736848000027], [86.92486055700004, 25.14351596800003], [86.92497667400005, 25.145206982000047], [86.92515160600004, 25.14775442900003], [86.92641342500008, 25.151544191000028], [86.92638592600008, 25.152428951000047], [86.92599561200007, 25.15254162900004], [86.92498739300004, 25.15280122400003], [86.92456482000006, 25.15344673100003], [86.92441771300008, 25.154301271000065], [86.92439466600007, 25.15515440300004], [86.92414550600006, 25.157241987000077], [86.92485247600007, 25.157446081000046], [86.92598119600007, 25.157288919000052], [86.92703444200004, 25.157421374000023], [86.92809260800004, 25.15754926900007], [86.92895393800006, 25.157787719000055], [86.92989804800004, 25.158277919000056], [86.93048899100006, 25.158695373000057], [86.93053885900008, 25.159439349000024], [86.93031161800008, 25.160227075000023], [86.93039818800008, 25.160758547000057], [86.93056133700009, 25.161077110000065], [86.93056473600006, 25.16132523400006], [86.93001864400009, 25.161647280000068], [86.92960722300006, 25.162031028000058], [86.92891521000007, 25.162927857000057], [86.92830738100008, 25.164175631000035], [86.92793664200008, 25.165353063000055], [86.92755404900004, 25.166034291000074], [86.92697282900008, 25.166325182000037], [86.92646784400006, 25.166398573000038], [86.92572550500006, 25.166515212000036], [86.92483026700006, 25.166701360000047], [86.92409331800008, 25.166854061000038], [86.92339432300008, 25.167250016000025], [86.92270381500003, 25.167898655000045], [86.92204946300006, 25.168650548000073], [86.92147299600003, 25.16929785600007], [86.92089406100007, 25.16976464100003], [86.92042488200008, 25.169914375000076], [86.91925686000008, 25.170103476000065], [86.91813658600006, 25.17015671200005], [86.91766157000006, 25.169877795000048], [86.91734924000008, 25.169524788000047], [86.91687422900009, 25.169245869000065], [86.91632863600006, 25.16925201500004], [86.91573411800005, 25.16928376900006], [86.91547115800006, 25.16929781400006], [86.91461459500005, 25.169411211000067], [86.91372037700006, 25.16966940700007], [86.91235446100006, 25.169901398000036], [86.91153472900004, 25.169802275000052], [86.91083742200004, 25.16995452200007], [86.91053023500007, 25.170345999000062], [86.91050138000008, 25.171149521000075], [86.91090717100008, 25.17217839700004], [86.91131249400007, 25.173166559000038], [86.91198994700005, 25.17447211700005], [86.91231693700007, 25.175537871000074], [86.91225494700006, 25.176459082000065], [86.91130059200003, 25.17813944900007], [86.91087196200004, 25.17835636600006], [86.91028435200008, 25.17818696300003], [86.90954381900008, 25.178086962000066], [86.90868535800007, 25.178064936000055], [86.90798491500004, 25.178357111000025], [86.90768063100006, 25.178960688000075], [86.90725933900006, 25.181189979000067], [86.90579555500005, 25.182627817000025], [86.90463074900003, 25.183065020000072], [86.90295175100005, 25.183259744000054], [86.90224900600003, 25.18301941800007], [86.90149880800004, 25.182567494000068], [86.90086764800003, 25.182114312000067], [86.90051274100006, 25.181549645000075], [86.90022589900008, 25.180876054000066], [86.89983385200009, 25.18049228700005], [86.89955908100006, 25.18035100800006], [86.89909074400003, 25.180568279000056], [86.89871062400005, 25.181073384000058], [86.89828958700008, 25.181858718000058], [86.89786907200005, 25.182680152000046], [86.89732394800006, 25.182722333000072], [86.89704874900008, 25.18254494300004], [86.89685146300008, 25.182262798000068], [86.89684437000005, 25.181730448000053], [86.89718553600005, 25.180909882000037], [86.89833738100003, 25.17951174800004], [86.89859584300007, 25.178443920000063], [86.89839336000006, 25.177773752000064], [86.89791878400007, 25.177530882000042], [86.89756571800007, 25.17746257600004], [86.89662882900006, 25.177509136000026], [86.89596723600005, 25.177372099000024], [86.89527062400003, 25.177948440000023], [86.89520078500004, 25.178662174000067], [86.89529065400006, 25.17944177800007], [86.89494800900007, 25.180154123000023], [86.89436654500008, 25.180444802000068], [86.89374207600008, 25.180487834000076], [86.89308099600004, 25.180386887000054], [86.89269204100003, 25.180607790000067], [86.89195809900008, 25.181360505000043], [86.89122715300005, 25.181973282000058], [86.89052475400007, 25.182120960000077], [86.88861935900007, 25.182457947000046], [86.88752815900006, 25.182470034000062], [86.88635865200007, 25.18255517700004], [86.88503696200007, 25.183138368000073], [86.88372498900009, 25.18407785100004], [86.88213275900006, 25.18484004000004], [86.88191009600007, 25.185623134000025], [86.88203040100007, 25.18608658000005], [86.88234659100004, 25.186367416000053], [86.88305570300008, 25.18671159200005], [86.88415119300004, 25.18701986600007], [86.88540829100003, 25.187538430000075], [86.88623422400008, 25.188097923000043], [86.88729885700008, 25.18869083800007], [86.88796803900004, 25.189391847000024], [86.88817506000004, 25.19003030400006], [86.88857546900005, 25.19103670100003], [86.88967100900004, 25.191344936000064], [86.89068387200007, 25.191405904000078], [86.89123330700005, 25.19168407500007], [86.89128586500004, 25.192640158000074], [86.89122480900005, 25.19363816300006], [86.89174027700005, 25.19434084100004], [86.89252389900008, 25.194688661000043], [86.89342551500005, 25.194962933000056], [86.89370788100007, 25.19566824900005], [86.89372547700003, 25.196981148000077], [86.89385370600007, 25.197656652000035], [86.89425169300006, 25.198112510000044], [86.89519296200007, 25.19874275500007], [86.89627833300005, 25.19939855000007], [86.89679024300005, 25.199460518000024], [86.89727634500008, 25.19945516300004], [86.89783952200008, 25.19927293300003], [86.89824908900005, 25.19911035900003], [86.89844371000004, 25.199193931000025], [86.89850566000007, 25.199373730000048], [86.89864410000007, 25.199706139000057], [86.89884477700008, 25.199866391000057], [86.89903966300005, 25.199968013000046], [86.89939357700007, 25.20009037500006], [86.89978142400008, 25.20015823400007], [86.90017524700005, 25.200293744000078], [86.90031774100004, 25.20055842100004], [86.90022495500006, 25.20103771400005], [86.90009344600008, 25.201589787000046], [86.89973215400005, 25.202022442000043], [86.89884185500006, 25.20222645000007], [86.89825977800007, 25.20248113100007], [86.89732913900008, 25.202635874000066], [86.89639058900008, 25.202574122000044], [86.89576173000006, 25.202296835000027], [86.89513091300006, 25.201879648000045], [86.89445957000004, 25.201390724000078], [86.89327443900004, 25.200334428000076], [86.89179286700005, 25.20010275800007], [86.89104782500004, 25.200043322000056], [86.89014418300007, 25.19962462600006], [86.88975159000006, 25.199204828000063], [86.88923205400005, 25.19856978300004], [86.88835867700004, 25.197442342000045], [86.88766248300004, 25.19695366600007], [86.88692095300007, 25.19678586400005], [86.88633618700004, 25.196828477000054], [86.88583399100008, 25.19711826200006], [86.88536983100005, 25.197655910000037], [86.88506396800005, 25.198155641000028], [86.88503328400003, 25.19882836000005], [86.88516557900004, 25.199819597000044], [86.88572976700004, 25.201198758000032], [86.88578138200006, 25.202087144000075], [86.88547498700007, 25.20255077300004], [86.88469900900003, 25.202771453000025], [86.88403143300008, 25.202566709000052], [86.88320625800003, 25.202079421000064], [86.88245497700007, 25.201555297000027], [86.88178245100005, 25.200606057000073], [86.88098022100007, 25.199229543000058], [86.87999655300007, 25.198387575000027], [86.87944710800008, 25.198109273000057], [86.87866288600009, 25.198081840000043], [86.87804110300004, 25.19833682600006], [86.87765897100007, 25.198697551000066], [86.87727319600003, 25.199162111000078], [86.87578460400005, 25.202883231000044], [86.87466946200004, 25.20521490300007], [86.87414412900006, 25.206001283000035], [86.87350751000008, 25.20663557200004], [86.87274768500004, 25.207329793000042], [86.87220705000004, 25.207723804000068], [86.87178831300008, 25.207944955000073], [86.87117553400003, 25.208136661000026], [86.87055696200008, 25.208256280000057], [86.87008515200006, 25.208220827000048], [86.86944771300006, 25.208047306000026], [86.86870733800004, 25.20796967600006], [86.86812233500007, 25.20800319800003], [86.86748981000005, 25.208195120000028], [86.86744062100007, 25.208231768000076], [86.86706689600004, 25.208483992000026], [86.86685101900008, 25.208666914000048], [86.86664107200005, 25.208926430000076], [86.86653513400006, 25.20916667700004], [86.86654696500005, 25.20931553500003], [86.86661982900006, 25.20956738500007], [86.86673146400005, 25.209760196000047], [86.86689776800006, 25.20995242300006], [86.86706877500006, 25.210126563000074], [86.86735473100003, 25.210362599000064], [86.86768257900007, 25.21076965700007], [86.86791169400004, 25.211209387000054], [86.86788113600005, 25.211895635000076], [86.86758964500007, 25.21274266100005], [86.86758915500008, 25.21308107300007], [86.86685282600007, 25.214433858000064], [86.86663087400007, 25.21528009800005], [86.86662431100007, 25.215537408000046], [86.86683086400006, 25.215769779000027], [86.86719192000004, 25.216059158000064], [86.86761530400008, 25.216180906000034], [86.86791269600008, 25.216159599000036], [86.86827818700004, 25.216029200000037], [86.86893898200003, 25.21571963100007], [86.86944568900003, 25.215389161000076], [86.86990495600008, 25.21559630300004], [86.87006343600007, 25.215946458000076], [86.87017701600007, 25.216279162000035], [86.87035325800008, 25.216471313000056], [86.87051297800008, 25.21654624000007], [86.87082539700003, 25.216529329000025], [86.87159767800006, 25.216394500000035], [86.87241008300003, 25.21628627000007], [86.87269345200008, 25.216328334000025], [86.87304430000006, 25.21659520600008], [86.87336762100006, 25.217024846000072], [86.87367480900008, 25.217738946000054], [86.87394121100004, 25.217993256000057], [86.87420559700007, 25.21809864100004], [86.87439907200007, 25.218096498000023], [86.87460533400008, 25.217936295000072], [86.87471151900007, 25.217714002000037], [86.87484593600004, 25.217374155000073], [86.87457645200004, 25.215766143000053], [86.87460511200004, 25.215305572000034], [86.87479473100007, 25.215014695000036], [86.87507685400004, 25.21496189100003], [86.87530617200008, 25.215040633000058], [86.87601863000003, 25.216002958000047], [86.87737467100004, 25.21759899700004], [86.87788390400004, 25.217832556000076], [86.87820226200006, 25.217892223000035], [86.87841482400006, 25.21782674600007], [86.87874532500007, 25.21767870900004], [86.87910883000006, 25.217403967000052], [86.87963043800005, 25.217077776000053], [86.87994733700003, 25.217029223000054], [86.88012354900007, 25.217216757000074], [86.88014613800004, 25.21742411500003], [86.87999421700005, 25.217935691000037], [86.87913108100008, 25.21869876200003], [86.87850900400008, 25.219310302000054], [86.87837148000006, 25.219790180000075], [86.87855393600006, 25.220076965000032], [86.87911673200006, 25.220228703000032], [86.88045946200003, 25.220078519000026], [86.87973878800005, 25.221106285000076], [86.87963454900006, 25.226689385000043], [86.87926246500007, 25.22780808600004], [86.87899311600006, 25.228451774000064], [86.87937129600004, 25.23038798500005], [86.87916908300008, 25.233833205000053], [86.87878750200008, 25.236851794000074], [86.87928097300005, 25.23961704800007], [86.88037066000004, 25.239826093000033], [86.88113665800006, 25.241807624000046], [86.87640418900008, 25.24421983600007], [86.87586802700008, 25.24607132600005], [86.87517976800007, 25.246936249000044], [86.87397141100007, 25.248258212000053], [86.87273763500008, 25.247667093000075], [86.87264902600003, 25.248845792000054], [86.87143045700003, 25.249400645000037], [86.87172229500004, 25.250478780000037], [86.87164023000008, 25.250616781000076], [86.87155648700008, 25.25141632900005], [86.87144755200006, 25.25162952200003], [86.87116467400006, 25.25218329100005], [86.87023194300008, 25.252965133000032], [86.86775316700005, 25.25468898500003], [86.86796004400009, 25.25493940000007], [86.86811780000005, 25.255235583000058], [86.86792049000007, 25.255698003000077], [86.86752086200005, 25.25588741100006], [86.86724162000007, 25.256165657000054], [86.86700237000008, 25.256836172000078], [86.86682581100007, 25.25699605500006]]]]}}, {"type": "Feature", "properties": {"OBJECTID": 138, "BLOCK_CODE": "0005", "NEAR_TOWN": "NAUGACHHI", "BLK_NAME": "RANGRA CHOWK", "DIST_NAME": "BHAGALPUR"}, "geometry": {"type": "MultiPolygon", "coordinates": [[[[87.25961708100004, 25.346585576000052], [87.25927482700007, 25.34615196200008], [87.25919605900003, 25.34542527800005], [87.25944133300004, 25.343403387000023], [87.25945689800005, 25.342703801000027], [87.25946196700005, 25.342532236000068], [87.25902387700006, 25.338329761000068], [87.25848063000007, 25.33514726900006], [87.25850614100005, 25.334361965000028], [87.25873057400008, 25.33340974300006], [87.25946787400005, 25.331027191000032], [87.25988785300007, 25.327985343000023], [87.26002244300008, 25.32749804200006], [87.26036542900005, 25.327114608000045], [87.26117028800007, 25.32675412800006], [87.26163242200005, 25.326447590000043], [87.26258682800005, 25.325468873000034], [87.26283551600005, 25.325035755000044], [87.26334419900007, 25.32268462600007], [87.26398748500009, 25.31970609600006], [87.26404297800008, 25.318767309000066], [87.26387518600006, 25.317580109000062], [87.26387029200004, 25.317534995000074], [87.26252380200003, 25.312866889000077], [87.26111083500007, 25.310473600000023], [87.25964275400008, 25.308662585000036], [87.25919154200005, 25.307949015000077], [87.25871111400005, 25.30666678600005], [87.25828571600005, 25.304969364000044], [87.25794980000006, 25.30317272600007], [87.25783713100003, 25.301529672000072], [87.25794772700004, 25.30017231200003], [87.25304332400003, 25.301350418000027], [87.25083944700003, 25.302895696000064], [87.24876609400008, 25.303633752000053], [87.24815839800004, 25.304140438000047], [87.24815811500008, 25.30414062500006], [87.24601103000003, 25.305564464000042], [87.24079007600005, 25.309951719000026], [87.23749004800004, 25.316071971000042], [87.23202187400005, 25.325773370000036], [87.22592807000007, 25.337326693000023], [87.22322590300007, 25.344642846000056], [87.22096953400006, 25.34663649500004], [87.22390160500004, 25.346499764000043], [87.22661419000008, 25.34692806700008], [87.22818463500005, 25.347856057000058], [87.22946954400004, 25.349069582000027], [87.23103998800008, 25.35263877400007], [87.23175382600004, 25.354780289000075], [87.23232489700007, 25.358563632000028], [87.23360980600006, 25.36270389400005], [87.23353842200004, 25.36734384300007], [87.23396672500007, 25.370341964000033], [87.23403810900004, 25.372412095000072], [87.23368119000008, 25.374624993000054], [87.23364879300004, 25.37603391500005], [87.23827945300008, 25.37663023600004], [87.24076920500005, 25.377557609000064], [87.24260349800005, 25.378818599000056], [87.24375543000008, 25.379976086000056], [87.24460820200005, 25.381376750000072], [87.24754934600008, 25.380584432000035], [87.25559813400008, 25.378401918000066], [87.25951617200008, 25.377658176000068], [87.27484991600005, 25.372295654000027], [87.27670435700009, 25.371476087000076], [87.27294582900004, 25.365973739000026], [87.27060081800005, 25.362094272000036], [87.26507722400004, 25.35407129500004], [87.26303982600007, 25.35150347600006], [87.26233541300007, 25.35049195000005], [87.26203792800004, 25.349986201000036], [87.26189010800005, 25.34866352800003], [87.26165706600005, 25.348203049000062], [87.26105657700003, 25.34760671400005], [87.25961708100004, 25.346585576000052]]], [[[87.22604629900007, 25.44670578800003], [87.22378020300005, 25.443113277000066], [87.22251440700006, 25.43773866300006], [87.22251440000008, 25.43773862300003], [87.21974140500004, 25.434134775000075], [87.21811495400004, 25.43377305100006], [87.21595517900005, 25.433328222000057], [87.21426692200004, 25.430995563000067], [87.21271216100007, 25.42983874600003], [87.20952304200006, 25.42966924900003], [87.20704110200006, 25.429273656000078], [87.20548448900007, 25.42768815100004], [87.20423309700004, 25.426531711000052], [87.20320169200005, 25.425151241000037], [87.20151720000007, 25.423030506000032], [87.20041410300007, 25.42058167700003], [87.19963944500006, 25.416310146000058], [87.20074140000008, 25.414684495000074], [87.20725206500003, 25.41310489700004], [87.21173600200007, 25.413153454000053], [87.21373158300008, 25.412698144000046], [87.21563520300003, 25.41024536900005], [87.21659315600004, 25.40741267900006], [87.21724113500005, 25.403550831000075], [87.21672398600003, 25.400773999000023], [87.21454224300004, 25.395253558000036], [87.21612828800005, 25.39377045300006], [87.21531853800008, 25.391945019000048], [87.21664469200005, 25.390375212000038], [87.22202866400005, 25.386535700000024], [87.224012, 25.38504734600008], [87.22473615800004, 25.384049525000023], [87.22350380100005, 25.38282524600004], [87.22287458400007, 25.382937517000073], [87.22103107600003, 25.381410120000055], [87.21974298700007, 25.379812129000072], [87.21867622200006, 25.378071202000058], [87.21776081500008, 25.376468274000047], [87.21688182300005, 25.37404353000005], [87.21547113000008, 25.36885566600006], [87.21475951000008, 25.36632505400007], [87.21247837300007, 25.36013803900005], [87.20870036400004, 25.360612460000027], [87.20707307500004, 25.36075138600006], [87.20499949600008, 25.360634574000073], [87.20132073300005, 25.36080062900004], [87.20130315000006, 25.36125209900007], [87.19951225300008, 25.366053905000058], [87.19920207000007, 25.366224986000077], [87.19842404000008, 25.366045762000056], [87.19696973400005, 25.36613267300004], [87.19462203700004, 25.366587756000058], [87.19150988300004, 25.366773245000047], [87.19056771400005, 25.364710159000026], [87.18984739100006, 25.365026510000064], [87.18978004600007, 25.365474019000033], [87.18729525400005, 25.365745876000062], [87.18587047000005, 25.36270100400003], [87.18563963400004, 25.36287095700004], [87.18557217400007, 25.363625354000078], [87.18516335900006, 25.36384282000006], [87.18456729200005, 25.36385064700005], [87.18453375500007, 25.363309671000025], [87.18358141900006, 25.36371923200005], [87.18328891800007, 25.363443327000027], [87.18241305400005, 25.363666864000038], [87.18184929800003, 25.364143461000026], [87.18067835600004, 25.36392421000005], [87.18016246000008, 25.36397613400004], [87.17983999500007, 25.364945918000046], [87.17895889500005, 25.365146914000036], [87.17864567700008, 25.364821643000028], [87.17647708700008, 25.36529672000006], [87.17478899900004, 25.365363931000047], [87.17437391000004, 25.366759055000045], [87.17431086400006, 25.367797633000066], [87.17425974900004, 25.369589501000064], [87.17224050200008, 25.369773848000023], [87.17094592200004, 25.369908044000056], [87.16934245200008, 25.36999662000005], [87.16930893400007, 25.36976243500004], [87.16908259700006, 25.368330564000075], [87.16869728700004, 25.36689627800007], [87.16899777400005, 25.366423067000028], [87.17000742600004, 25.366175354000063], [87.16942462200007, 25.365451982000025], [87.16951294200004, 25.364440160000072], [87.16925132500006, 25.364231550000056], [87.16866818200003, 25.363485612000034], [87.16809248000004, 25.363208867000026], [87.16684501400005, 25.36317994700005], [87.16709490200003, 25.36578914200004], [87.16789197600008, 25.368440849000024], [87.16785366000005, 25.369474591000028], [87.16847694400008, 25.372760165000045], [87.16394342400008, 25.374515659000053], [87.15960237400003, 25.37556016800005], [87.15265304000008, 25.37694503700004], [87.14957738900006, 25.377575859000046], [87.14826890400008, 25.378107140000054], [87.14533549700008, 25.379579696000064], [87.14326815400005, 25.380197343000077], [87.13800027100007, 25.381415638000078], [87.13626741300004, 25.381816792000052], [87.13244909400004, 25.381355884000072], [87.13003811900006, 25.38129192400004], [87.12804468700006, 25.38155199700003], [87.12675313500006, 25.381897817000038], [87.12491627300005, 25.38232279300007], [87.12388796400006, 25.38266523900006], [87.12175036600007, 25.383892657000047], [87.11921119300007, 25.38550415900005], [87.11779405400006, 25.38608614700007], [87.11703053100007, 25.38522501600005], [87.11706894400004, 25.384493576000068], [87.11497385400008, 25.383319897000035], [87.11429688200008, 25.381302576000053], [87.11330830700007, 25.380999246000044], [87.11400667900006, 25.382790733000036], [87.11477064100006, 25.384969385000034], [87.11565451000007, 25.386866801000053], [87.11659568500005, 25.388289660000055], [87.11764227600008, 25.38978342300004], [87.11895789000005, 25.390993980000076], [87.12050671500003, 25.39217455200003], [87.12263012200003, 25.393559733000075], [87.12289536000009, 25.394003059000056], [87.12280670500007, 25.395019443000024], [87.12244426200004, 25.396648328000026], [87.12250449500004, 25.397328880000032], [87.12280283600006, 25.397983835000048], [87.12304398100008, 25.398477109000055], [87.12291977200005, 25.39911941400004], [87.12208837300005, 25.400636961000032], [87.12053190000006, 25.404117503000066], [87.12075301600004, 25.404917831000034], [87.12173162600004, 25.406173242000023], [87.12210489800003, 25.406854335000048], [87.12200606500005, 25.407207492000055], [87.12059394800008, 25.408136950000028], [87.11931300900005, 25.408866111000066], [87.11866313400003, 25.409266874000025], [87.11789784500007, 25.40991280800006], [87.11738513900008, 25.410510371000044], [87.11762074900008, 25.412249071000076], [87.11843472600003, 25.41282524500008], [87.11863985600007, 25.414519174000077], [87.11891698600004, 25.415729403000057], [87.11920686700006, 25.417769708000037], [87.11982501100005, 25.419174104000035], [87.12004320300008, 25.41978491200007], [87.11992270000007, 25.42035045700004], [87.12001615600008, 25.421576490000064], [87.12019296300008, 25.422724879000043], [87.12059519200005, 25.423662759000024], [87.12097292800007, 25.42462351100005], [87.11983867400005, 25.42842803900004], [87.12016221400006, 25.42910072500007], [87.12007201300008, 25.43162402100006], [87.11984925500008, 25.43233073400006], [87.11850787400004, 25.43270426500004], [87.11813292600004, 25.433530203000032], [87.11814679600008, 25.434427952000078], [87.11806238600008, 25.435723976000077], [87.11844552800005, 25.437036590000048], [87.12059982900007, 25.437149057000056], [87.12211416400004, 25.437671204000026], [87.12319199200005, 25.43857342800004], [87.12453455200006, 25.43827656800005], [87.12569781500008, 25.437954854000054], [87.12799446500009, 25.436987110000075], [87.12915913700004, 25.43676012900005], [87.12969393200007, 25.437903836000032], [87.13147406800005, 25.438896268000065], [87.13388977800008, 25.43919465500005], [87.13676025600006, 25.43868408000003], [87.14087007500007, 25.437643172000037], [87.14290714600008, 25.436935599000037], [87.14390392200005, 25.437414571000033], [87.14638333900007, 25.436701312000025], [87.14714502900006, 25.436639502000048], [87.14949134400007, 25.43644909300008], [87.15192075800007, 25.437617869000064], [87.15418284600008, 25.437945051000042], [87.15535448600008, 25.439739101000043], [87.15660115400004, 25.441563866000024], [87.15750387900005, 25.44300944200006], [87.15763623300006, 25.44477643500005], [87.15778538700005, 25.446042356000078], [87.15847630500008, 25.44697639800006], [87.15973428700005, 25.447618762000047], [87.16235824600005, 25.44975032600007], [87.16446879500006, 25.451798306000057], [87.16918845300006, 25.451569836000033], [87.17244000800008, 25.45063395300008], [87.17338284700008, 25.449583847000042], [87.17441012500007, 25.448839459000055], [87.17784840700006, 25.44839281000003], [87.17963868700008, 25.446862383000052], [87.18114404100004, 25.44524542000005], [87.18130500300003, 25.443803970000033], [87.18058049600006, 25.442329072000064], [87.18216878500004, 25.440923059000056], [87.18276095000004, 25.44096041000006], [87.18532005800006, 25.44182003800006], [87.18613234800006, 25.442562837000025], [87.18615379000005, 25.443902582000078], [87.18531135200004, 25.444694241000036], [87.18599795400007, 25.44534398600007], [87.18831172900008, 25.445782646000055], [87.18880495900004, 25.447400474000062], [87.18950859800003, 25.449110188000077], [87.19162591700007, 25.450002642000072], [87.19283653000008, 25.449539999000024], [87.19385758800007, 25.44841655500005], [87.19487150000003, 25.446851005000042], [87.19830043700006, 25.447067283000024], [87.20321517500008, 25.446316242000023], [87.20433839300006, 25.448137632000055], [87.20645790600008, 25.452535586000067], [87.20705194700008, 25.455446749000032], [87.20768962400007, 25.45798293300004], [87.20842416300007, 25.458514609000076], [87.21818020500007, 25.455203358000063], [87.22047148900003, 25.45423420900005], [87.22602028100005, 25.453631810000047], [87.22776589300008, 25.451537372000075], [87.22776588900007, 25.451537332000044], [87.22747406900004, 25.449195142000065], [87.22604629900007, 25.44670578800003]]]]}}, {"type": "Feature", "properties": {"OBJECTID": 139, "BLOCK_CODE": "0009", "NEAR_TOWN": "NAUGACHHI", "BLK_NAME": "ISMAILPUR", "DIST_NAME": "BHAGALPUR"}, "geometry": {"type": "MultiPolygon", "coordinates": [[[[87.11439897300005, 25.350425333000032], [87.11431121200008, 25.34988499900004], [87.11472449200005, 25.34962263700004], [87.11549843600005, 25.349563224000065], [87.11663751100008, 25.349336729000072], [87.11696628400006, 25.348745928000028], [87.11766035100004, 25.34833555700004], [87.11971837300007, 25.347461259000056], [87.12002337600006, 25.34694296300006], [87.11998770300005, 25.346564459000035], [87.12055313000008, 25.346182749000036], [87.12225601600005, 25.34547531900006], [87.12149394100004, 25.343084523000073], [87.12208486800006, 25.342747711000072], [87.12477098100004, 25.342027667000025], [87.12472439700008, 25.34061603600003], [87.12464320400005, 25.338898008000058], [87.12533105100005, 25.33808608000004], [87.12814157700006, 25.33706212000004], [87.12916871800007, 25.336674517000063], [87.12846847700007, 25.334752370000047], [87.12670283700004, 25.33106144100003], [87.12893989100007, 25.32990486700004], [87.13057668800008, 25.32911696700006], [87.13136008100008, 25.328705453000055], [87.13280998200008, 25.327721358000076], [87.13547485700008, 25.325972682000042], [87.13748664900004, 25.324710694000032], [87.13810910900008, 25.32449962900006], [87.13957674200003, 25.32433641800003], [87.14033150800003, 25.32432678500004], [87.14180355500008, 25.324131924000028], [87.14262709300004, 25.32375591400006], [87.14366313000005, 25.322989117000077], [87.14500820300003, 25.322619819000067], [87.14573044000008, 25.32243462400004], [87.14612911600005, 25.322203898000055], [87.14593092600006, 25.320636214000046], [87.14581822900004, 25.319780379000065], [87.14555431300005, 25.318782131000034], [87.14530818000009, 25.31700754900004], [87.14535828600003, 25.315441216000067], [87.14572333400008, 25.314646924000044], [87.14592787600003, 25.313750921000064], [87.14583315600004, 25.31340923600004], [87.14445671100003, 25.31303885500006], [87.14349396300008, 25.312757944000055], [87.14194749400008, 25.312628913000026], [87.14315030000006, 25.31173811700006], [87.14457235900005, 25.31153492800007], [87.14476429300004, 25.31078345900005], [87.14524956400004, 25.31037566300006], [87.14613664100006, 25.310576282000056], [87.15002807000008, 25.31109026200005], [87.15296342300007, 25.311431364000043], [87.15397730500007, 25.311486], [87.15662122300006, 25.304954542000075], [87.15908633000004, 25.305085103000067], [87.16019919400009, 25.305115768000064], [87.16092515900004, 25.305178600000033], [87.16245691700004, 25.30532120500004], [87.16282410400004, 25.30562327900003], [87.16399378100004, 25.305797546000065], [87.16428585900007, 25.306050929000037], [87.16416219600006, 25.306715867000037], [87.16426460900004, 25.308171858000037], [87.16600305100008, 25.308198978000064], [87.16717235300007, 25.30834614400004], [87.16758484000007, 25.308363365000048], [87.16819734300003, 25.307841040000028], [87.16903875900005, 25.305145496000023], [87.16938965900005, 25.302835300000027], [87.17023774600005, 25.300563735000026], [87.17147524800004, 25.298427021000066], [87.17197885800005, 25.296042643000078], [87.17250705300006, 25.29332856900004], [87.17266226300006, 25.29184211100005], [87.17251249300006, 25.290526543000055], [87.17298568200005, 25.289365334000024], [87.17418620300003, 25.287725288000047], [87.17555261500007, 25.28559139300006], [87.17620013000004, 25.283841291000044], [87.17666819000004, 25.283925398000065], [87.17735454200005, 25.28462488200006], [87.18048061100006, 25.285761630000025], [87.18402401000003, 25.287222254000028], [87.18669599400005, 25.288834118000068], [87.18858385200008, 25.29046068400004], [87.19099643200008, 25.291985630000056], [87.19308015600006, 25.293749399000035], [87.19332865500007, 25.292830252000044], [87.19431384000006, 25.29295710100007], [87.19558921600003, 25.290115858000036], [87.19659280700006, 25.287981944000023], [87.19969384400008, 25.281015228000058], [87.20463460400003, 25.270540811000046], [87.20671584900003, 25.266276524000034], [87.20882223700005, 25.265138671000045], [87.21054842300003, 25.264434428000072], [87.21315254400008, 25.26369147400004], [87.21642870500006, 25.262754571000073], [87.21835627300004, 25.26192573700007], [87.21984558600008, 25.261012528000037], [87.22080229800008, 25.260927630000026], [87.22228348400006, 25.261354467000046], [87.22306208600008, 25.262842067000065], [87.22497993600007, 25.262333687000023], [87.22531924400005, 25.262130574000025], [87.22544233600007, 25.26176345500005], [87.22524337200008, 25.26051184800008], [87.22531912800008, 25.259676072000047], [87.22544883300003, 25.259408181000026], [87.22561636300009, 25.259329210000033], [87.22584990000007, 25.259344116000022], [87.22647731200004, 25.259768920000056], [87.22706214600004, 25.259715996000068], [87.22856878200008, 25.25895128700006], [87.22934326800004, 25.258349878000047], [87.22947864500009, 25.258126970000035], [87.22945119800005, 25.257960421000064], [87.22930011200003, 25.25783162700003], [87.22788654700008, 25.257286495000074], [87.22707032600005, 25.256850788000065], [87.22645616100004, 25.25631753500005], [87.22611839500007, 25.25569497400005], [87.22598014900007, 25.25481692900007], [87.22603961400006, 25.25420255100005], [87.22638232800006, 25.253602416000035], [87.22723235900008, 25.25275629400005], [87.22729883600005, 25.25257494400006], [87.22714780700005, 25.252441630000078], [87.22653984400006, 25.250481292000075], [87.22587726200004, 25.249448831000052], [87.22574622400003, 25.248872469000048], [87.22544521800006, 25.247900729000037], [87.22480803500008, 25.247079056000075], [87.22407010200004, 25.246217382000054], [87.22325783400004, 25.244910978000064], [87.22226761400003, 25.24437470600003], [87.21990839400007, 25.242687235000062], [87.21931750200008, 25.243571332000045], [87.21851681100009, 25.24508736100006], [87.21753093800004, 25.245939865000025], [87.21529035400005, 25.24680615400007], [87.21352887500007, 25.247873949000052], [87.21259459200007, 25.248768897000048], [87.21194999100004, 25.249560667000026], [87.21081594600008, 25.250484448000066], [87.21093858500006, 25.25156230500005], [87.21007959900004, 25.25596276500005], [87.20990624100006, 25.25721937900005], [87.20973886400003, 25.25792549700003], [87.20934741500008, 25.259509861000026], [87.20927415900007, 25.26051241500005], [87.20942969100008, 25.26123685700003], [87.20292355600003, 25.261652338000033], [87.19864925500008, 25.261329790000048], [87.19597029300007, 25.26111693300004], [87.19416841300006, 25.26126808300006], [87.19376231900009, 25.26128944100003], [87.19168434800008, 25.261304211000038], [87.18939176500004, 25.26166368400004], [87.18834950300004, 25.261988664000057], [87.18750735700007, 25.26241033200006], [87.18505440300004, 25.263935943000035], [87.18321835300009, 25.26460075500006], [87.18179030000005, 25.264705165000066], [87.17926037000007, 25.264508052000053], [87.17689849900006, 25.263947822000034], [87.17654203400008, 25.263063647000024], [87.17652760700008, 25.26120485200005], [87.17631396100006, 25.258992264000028], [87.17625218300003, 25.257283028000074], [87.17644741300006, 25.256676397000035], [87.17793485800007, 25.255077259000075], [87.17795194700005, 25.25400129800005], [87.17859885200005, 25.253273721000028], [87.17877573700008, 25.25218306800008], [87.17852397700005, 25.250515740000026], [87.17765184900009, 25.246674174000077], [87.17685835300006, 25.243935296000075], [87.17629976300003, 25.242752476000078], [87.17516122500007, 25.240880249000043], [87.17311544200004, 25.23775175800006], [87.16897942800006, 25.235141443000032], [87.16797617400005, 25.236344648000056], [87.16397395000007, 25.239698599000064], [87.16232982500009, 25.24114865000007], [87.15986900300004, 25.244248844000026], [87.15859818900003, 25.245765815000027], [87.15683571100004, 25.24730541400004], [87.15559242200004, 25.248764864000066], [87.15504287600004, 25.24858004500004], [87.15483662500003, 25.24819696800006], [87.15619758800005, 25.24608713300006], [87.15712096600004, 25.24441805200007], [87.15765794600009, 25.243551964000062], [87.15785123700005, 25.243150506000063], [87.15772611500006, 25.242567374000032], [87.15723138000004, 25.242534216000024], [87.15323384100003, 25.243223784000065], [87.14994003400005, 25.24382461400006], [87.14741435200006, 25.244389906000038], [87.14502520700006, 25.24464038600007], [87.14142035800006, 25.244638457000065], [87.13955877300003, 25.24468230800005], [87.13770517100005, 25.24403879500005], [87.13639685800007, 25.243229851000024], [87.13508322900003, 25.243430588000024], [87.13241676300004, 25.244787246000044], [87.13050191100007, 25.246361663000073], [87.12939171900007, 25.24745026100004], [87.12897489200003, 25.247988234000047], [87.12927688700006, 25.248983767000027], [87.12962777800004, 25.249752727000043], [87.12933581000004, 25.250531204000026], [87.12884911000003, 25.25104843200006], [87.12796042000008, 25.25136408900005], [87.12575286400005, 25.252106796000078], [87.12244460800008, 25.254182168000057], [87.12062458300005, 25.255489237000063], [87.11954641300008, 25.256066815000054], [87.11847180400008, 25.25688356200004], [87.11712132600007, 25.258159593000073], [87.11525191200008, 25.259586459000047], [87.11413813200005, 25.260439716000064], [87.11264963200006, 25.261460218000025], [87.11219594200008, 25.26170993100004], [87.10966464000006, 25.263103134000062], [87.10947054600007, 25.26323425100003], [87.11405427400007, 25.268396237000047], [87.10469968400008, 25.274045708000074], [87.09846384700006, 25.27298860700006], [87.09686931800007, 25.272152925000057], [87.09548955700006, 25.271415579000063], [87.09331603600003, 25.270965631000024], [87.09113926500004, 25.27045488500005], [87.08927709900007, 25.26956337300004], [87.08551156100003, 25.263867348000076], [87.05194844700009, 25.278023639000025], [87.05302484500004, 25.282053027000075], [87.04698227000006, 25.284037201000046], [87.04195167400007, 25.285780935000048], [87.04512888700003, 25.29545650700004], [87.04606267900004, 25.299185696000052], [87.04697567000005, 25.302166225000065], [87.04772199000007, 25.305293117000076], [87.04730996100005, 25.305298135000044], [87.04601612700003, 25.305453769000053], [87.04396784300008, 25.30528918600004], [87.04030544100004, 25.304435742000067], [87.03770970500005, 25.30418740400006], [87.03571142300007, 25.304044678000025], [87.03287048200008, 25.304349733000038], [87.03175761000006, 25.30464751900007], [87.02778289100007, 25.30585961500003], [87.02501582200006, 25.305784626000047], [87.02608527200005, 25.308628027000054], [87.02636846400009, 25.310343729000067], [87.02763340200005, 25.313649526000063], [87.02817120200007, 25.31510494300005], [87.02634156000005, 25.31564135700006], [87.02500112400008, 25.31601401100005], [87.02501072600006, 25.316672665000056], [87.02522253200004, 25.31723413900005], [87.02618447500004, 25.318828919000055], [87.02607406600004, 25.32385237400007], [87.02574603900007, 25.326220684000077], [87.02945970300004, 25.32680758500004], [87.03068978000005, 25.32703190600006], [87.03138165800004, 25.327136336000024], [87.03608457100006, 25.328117287000055], [87.03867806200003, 25.32817602700004], [87.04109377100008, 25.32864303200006], [87.04175111000006, 25.327412286000026], [87.04346840000005, 25.32767112500005], [87.04599334300008, 25.328466133000063], [87.04817808100006, 25.32909826300005], [87.04931949800005, 25.329368588000023], [87.05264995000005, 25.329891928000052], [87.05420638200007, 25.330012830000044], [87.05943650900008, 25.329691530000048], [87.06630214800003, 25.329792074000068], [87.06889391900006, 25.329737592000072], [87.07483924300004, 25.328748086000076], [87.08523791900006, 25.327324041000054], [87.09098498800006, 25.326710951000052], [87.09318271100005, 25.32654360400005], [87.09392912500005, 25.32925954700005], [87.09425935300004, 25.32974722700004], [87.09447079200004, 25.329934112000046], [87.09490489100006, 25.330064075000053], [87.09559838500007, 25.330267399000036], [87.09641267800004, 25.330248251000057], [87.09723977500005, 25.330098019000047], [87.09855856900003, 25.329937046000055], [87.09940448800006, 25.330043792000026], [87.09953813600004, 25.33033984700006], [87.09982863500005, 25.331477840000048], [87.10025723400008, 25.332555314000047], [87.10061360200007, 25.33279904400007], [87.10123562100006, 25.33287245500003], [87.10201568200006, 25.333219048000046], [87.10243655500005, 25.33345742000006], [87.10272701000008, 25.33393658500006], [87.10078728800005, 25.33376692400003], [87.09895594000005, 25.333532739000077], [87.09786125100004, 25.33340209200003], [87.09599131900006, 25.333574390000024], [87.09529353500005, 25.333745601000032], [87.09406078500007, 25.33367977000006], [87.09209297700005, 25.333623164000073], [87.09071541900005, 25.333509565000043], [87.08890588000008, 25.33373062000004], [87.08638759000007, 25.33438467800005], [87.08419399800005, 25.335165580000023], [87.08359827300006, 25.335845283000026], [87.08280916600006, 25.33687480100008], [87.08205041700006, 25.336956490000034], [87.08115350800006, 25.33775722000007], [87.08038050400006, 25.338213519000078], [87.08027090800005, 25.338521718000038], [87.08023097800003, 25.33949679400007], [87.07966826900008, 25.339729400000067], [87.07900605200007, 25.339954202000058], [87.07662550100008, 25.341856303000043], [87.07673387300008, 25.34245505900003], [87.07600930100006, 25.343158859000027], [87.07614473300004, 25.343581378000067], [87.07794496800005, 25.345368407000024], [87.07891420600004, 25.346723492000024], [87.07896050500005, 25.34716058600003], [87.07840168900003, 25.348981477000052], [87.07957568600006, 25.35008133300005], [87.08009014200007, 25.348946899000055], [87.08237228200005, 25.34908099200004], [87.08477516800008, 25.348654020000026], [87.08670015100006, 25.348169804000065], [87.09059278500007, 25.346731471000055], [87.09198307100007, 25.34669160900006], [87.09286463000007, 25.346843026000045], [87.09386183400005, 25.34676280900004], [87.09566908100004, 25.34637473300006], [87.09698693100006, 25.346146184000077], [87.09846378000003, 25.34591559100005], [87.09898343600008, 25.345791698000028], [87.09930339800007, 25.345598162000044], [87.09997883900007, 25.34558969400007], [87.10079006900008, 25.345367465000038], [87.10263423400005, 25.344793856000024], [87.10446133100004, 25.344409834000032], [87.10454841200004, 25.345234504000075], [87.10474791600006, 25.347889574000078], [87.10539498300005, 25.347976198000026], [87.10866338800008, 25.348286947000076], [87.11096676100004, 25.34818566200005], [87.11111070600003, 25.34914945500003], [87.11143765800006, 25.35006125700005], [87.11234441800008, 25.349909874000048], [87.11276381700009, 25.350373884000078], [87.11439897300005, 25.350425333000032]], [[87.13250340000008, 25.31529002700006], [87.13493598100007, 25.315236411000058], [87.13683063700006, 25.315401722000047], [87.13633529200007, 25.316445844000043], [87.13599784500008, 25.317099863000067], [87.13536666500005, 25.318028406000053], [87.13431161700004, 25.31917442500003], [87.13379881000003, 25.319731456000056], [87.13106932200003, 25.320826556000043], [87.12836452000005, 25.321912360000056], [87.12728184000008, 25.320631244000026], [87.12786197400004, 25.32024476400005], [87.12855811800006, 25.319978737000042], [87.12937625300003, 25.31925091100004], [87.13015622000006, 25.317982119000078], [87.13129524900006, 25.316812540000058], [87.13179301200006, 25.31624210900003], [87.13228813000006, 25.315820726000027], [87.13250340000008, 25.31529002700006]]]]}}]}