{"type": "FeatureCollection", "features": [{"type": "Feature", "properties": {"OBJECTID": 42, "BLOCK_CODE": "0015", "NEAR_TOWN": "SHERGHATI", "BLK_NAME": "IMAMGANJ", "DIST_NAME": "GAYA"}, "geometry": {"type": "MultiPolygon", "coordinates": [[[[84.51521524000003, 24.25897683200003], [84.51421586600009, 24.258905448000064], [84.51193158400008, 24.259405135000065], [84.50957591700006, 24.259833438000044], [84.50664918000007, 24.260333125000045], [84.50522150300003, 24.260475893000034], [84.50507873600003, 24.26183218600005], [84.50479320100004, 24.264330620000067], [84.50443628100004, 24.26704320500005], [84.50450766500006, 24.268256730000076], [84.50500735200006, 24.269327488000044], [84.50529288700005, 24.270612397000036], [84.50557842300003, 24.27225422500004], [84.50564980600006, 24.273824669000078], [84.50522150300003, 24.275537881000048], [84.50579257400005, 24.277036941000063], [84.50779132100007, 24.27618033500005], [84.50850516000008, 24.275180962000036], [84.50914761400009, 24.274110204000067], [84.51007560400006, 24.27253976000003], [84.51128912900003, 24.270612397000036], [84.51250265400006, 24.269398872000068], [84.51450140100008, 24.26847088200003], [84.51592907800006, 24.26797119500003], [84.51635738100003, 24.267899811000063], [84.51688307000006, 24.267874778000078], [84.51785644100005, 24.26782842700004], [84.51899858300004, 24.26768566000004], [84.51956965300008, 24.26640075100005], [84.52021210800007, 24.265329993000023], [84.51941725300009, 24.263911456000073], [84.51849889600004, 24.26261740800004], [84.51728537100007, 24.26118973100006], [84.51699983500004, 24.260547277000057], [84.51650014900008, 24.259833438000044], [84.51564354300007, 24.259405135000065], [84.51521524000003, 24.25897683200003]]], [[[84.53676534200008, 24.525862364000034], [84.53797460900006, 24.524049036000065], [84.53839594600004, 24.523698913000032], [84.53873406500009, 24.523244569000042], [84.53882541600007, 24.521913442000027], [84.53912052800007, 24.521201698000027], [84.53945791400008, 24.52087827300005], [84.54137848300007, 24.520657112000038], [84.54205517100007, 24.520524859000034], [84.54314008700004, 24.519739968000067], [84.54350350500005, 24.51917294200007], [84.54409498000007, 24.51839486600005], [84.54435699300006, 24.517416575000027], [84.54475487800005, 24.51684511900004], [84.54581422300004, 24.516227143000037], [84.54739087100006, 24.51572901800006], [84.54913515800007, 24.515254112000036], [84.55051098500007, 24.514484151000033], [84.55105294300006, 24.51372832800007], [84.55134774800007, 24.513061610000022], [84.55167780100004, 24.512264147000053], [84.55428087500007, 24.512619293000057], [84.55507446800004, 24.512753798000062], [84.55610392600005, 24.51306104300005], [84.55884087000004, 24.513294791000078], [84.56143185600007, 24.514069407000022], [84.56260528100006, 24.514219242000024], [84.56469644200007, 24.514355126000055], [84.56600312100005, 24.514491957000075], [84.56756134500006, 24.51465254200008], [84.56926724100003, 24.514885925000044], [84.57080149100005, 24.51491536700007], [84.57308605200006, 24.514871475000064], [84.57498638200008, 24.514722068000026], [84.57748599300004, 24.514150878000066], [84.57987788200006, 24.513407734000054], [84.58181583700008, 24.51265797900004], [84.58422953100006, 24.50871453700006], [84.58476606600004, 24.50799918900003], [84.58602172800005, 24.507512706000057], [84.58745383500008, 24.507257150000044], [84.59155347700005, 24.50917095500006], [84.59846870000007, 24.51237426600005], [84.60274970100005, 24.513634025000044], [84.60305996100004, 24.512773195000022], [84.60299044700008, 24.51189267500007], [84.60218277700005, 24.50871593900007], [84.60258384300005, 24.507471847000033], [84.60454379800007, 24.505272925000043], [84.60709017700003, 24.50319386800004], [84.60735019000003, 24.50250882000006], [84.60692450700003, 24.501820896000027], [84.60398087900006, 24.500535453000055], [84.60400452400006, 24.499777151000046], [84.60443352900006, 24.498840079000047], [84.60563754600008, 24.49781155900007], [84.60724719100006, 24.496559104000028], [84.60792361400007, 24.495478646000038], [84.60846753100003, 24.494248587000072], [84.60910347200007, 24.493348508000054], [84.60995449900008, 24.492855605000045], [84.61145530600004, 24.492618211000035], [84.61316909000004, 24.492205655000078], [84.61470851900003, 24.491146831000037], [84.61510253600005, 24.49029543100005], [84.61677824200007, 24.49059136900007], [84.62040077300009, 24.491211347000046], [84.62262207000003, 24.491915703000075], [84.62349264700003, 24.49242947500005], [84.62491460800004, 24.490155779000077], [84.62477810200005, 24.489830272000063], [84.62403724000006, 24.489037262000068], [84.62397291300005, 24.48806649200003], [84.62492082000006, 24.486901243000034], [84.62512386700007, 24.485737552000046], [84.62546053900007, 24.485495198000024], [84.62759664000004, 24.48544075500007], [84.62881109400007, 24.48523814300006], [84.63172217100004, 24.485074110000028], [84.63396149900007, 24.485096801000054], [84.63655523000006, 24.48526981300006], [84.63630494800003, 24.483973286000037], [84.63626093800008, 24.48187415800004], [84.63596022000007, 24.479796487000044], [84.63581601300007, 24.47901955100008], [84.63471799300004, 24.477615713000034], [84.63385275100006, 24.476014260000056], [84.63330297500005, 24.474454709000042], [84.63320617700003, 24.473064013000055], [84.63362672800008, 24.471765706000042], [84.63426465500004, 24.471429785000055], [84.63627857600005, 24.47109948900004], [84.63857904000008, 24.470657354000025], [84.64014273600003, 24.470609571000068], [84.64220951400006, 24.470568246000028], [84.64342834100006, 24.470446725000045], [84.64289958500007, 24.469618567000055], [84.64174149400003, 24.468399634000036], [84.64188596400004, 24.468093302000057], [84.64241499400003, 24.46782004800008], [84.64524158200004, 24.467705], [84.64541620700004, 24.46626124900007], [84.64644449000008, 24.46573274800005], [84.64730907000006, 24.46542917100004], [84.64904041500006, 24.465368402000024], [84.65140642500006, 24.465653143000054], [84.65370909100005, 24.465752571000053], [84.65526182300005, 24.465921174000073], [84.65678212800003, 24.465651782000066], [84.65751872600003, 24.46515171300007], [84.65756881000004, 24.46511771100006], [84.65852532100007, 24.463855515000034], [84.65877960900008, 24.463519960000042], [84.65991415800005, 24.46241404500006], [84.66027921400007, 24.46134561100007], [84.66035983500007, 24.459914999000034], [84.66002378700006, 24.459001835000038], [84.66100080200005, 24.457818506000024], [84.66118518200005, 24.457403990000046], [84.66122460700007, 24.456356839000023], [84.66213221100008, 24.45523640400006], [84.66225185900004, 24.452826449000042], [84.66538869700008, 24.452725756000063], [84.66701167300005, 24.452614634000042], [84.67345188500008, 24.45265739900003], [84.67506388000004, 24.452776372000073], [84.67705167400004, 24.452671102000068], [84.67957670600003, 24.45264454000005], [84.68053353100004, 24.452787085000068], [84.68128673000007, 24.452899295000066], [84.68179493600007, 24.452837956000053], [84.68261612800006, 24.452163360000043], [84.68309667900007, 24.451768594000043], [84.68374335400006, 24.451613030000033], [84.68351097500005, 24.450646088000042], [84.68312003400007, 24.44985467400005], [84.68224229800006, 24.448740995000037], [84.68143617300007, 24.447063275000062], [84.68066687900006, 24.44597254300004], [84.68072290300006, 24.445575447000067], [84.68152030000005, 24.44480204300004], [84.68109094900007, 24.44376674500006], [84.68051798700003, 24.442888923000055], [84.67985783600005, 24.44166313100004], [84.67921442100004, 24.43998597600006], [84.67915996300007, 24.439723342000036], [84.67889593800004, 24.43845002000006], [84.67868210800003, 24.437754083000073], [84.67917562200006, 24.436568742000077], [84.67761069200003, 24.435872248000067], [84.67577209200005, 24.434659968000062], [84.67477130500004, 24.43355026300003], [84.67347487900008, 24.432389745000023], [84.67204099600008, 24.431097785000077], [84.67184195600004, 24.430419907000044], [84.67141607100007, 24.430124945000045], [84.67097685400006, 24.429820750000033], [84.67062018200005, 24.42912425700007], [84.67040773100007, 24.42812582600004], [84.67150809100008, 24.42793147900005], [84.67192330700004, 24.42770284100004], [84.67252621400007, 24.427502365000066], [84.67349353700007, 24.42718071400003], [84.67526554500006, 24.426740508000023], [84.67611647500007, 24.426102763000074], [84.67623332300008, 24.42550176900005], [84.67626292100005, 24.42534953200004], [84.67615724300003, 24.42472169900003], [84.67554893400006, 24.424042261000068], [84.67497588400005, 24.42321398300004], [84.67492686000008, 24.42206724600004], [84.67455588300004, 24.421239826000033], [84.67430244700006, 24.420593358000076], [84.67421766400008, 24.419717261000073], [84.67407610100008, 24.419400788000075], [84.67353853500003, 24.418351527000027], [84.67315035600006, 24.41698229600007], [84.67346065100008, 24.415972315000033], [84.67385896500008, 24.415098121000028], [84.67336026000004, 24.414193418000025], [84.67324001600008, 24.413529451000045], [84.67326059700008, 24.41224296400003], [84.67355765400004, 24.410876404000078], [84.67359592800005, 24.410050458000057], [84.67292333200004, 24.410526351000044], [84.67228001700005, 24.411074683000038], [84.67146214800005, 24.410967694000078], [84.67034946900003, 24.410642935000055], [84.66951296900004, 24.41031024600005], [84.66870059200005, 24.410076866000054], [84.66826406800004, 24.409587672000043], [84.66860158500003, 24.409078948000058], [84.66904245300003, 24.408615634000057], [84.66974689700004, 24.40873575200004], [84.67005465800008, 24.408258421000028], [84.67006235600007, 24.407662607000077], [84.66998873200004, 24.40651578300003], [84.67028450100008, 24.405438076000053], [84.67027704100008, 24.404909880000048], [84.67008107000004, 24.404629233000037], [84.66926307100005, 24.404567470000075], [84.66745843800004, 24.404659827000046], [84.66814770500008, 24.40377773800003], [84.66841125500008, 24.403268678000074], [84.66815756900007, 24.402707974000066], [84.66812745100003, 24.401750892000052], [84.66813093200005, 24.400974459000054], [84.66790760100008, 24.400237798000035], [84.66786640100008, 24.399547014000063], [84.66779081800007, 24.398828991000073], [84.66745388000004, 24.398118992000036], [84.66716620800008, 24.397449873000028], [84.66689944400008, 24.396482837000065], [84.66654281100006, 24.395795358000044], [84.66650064400005, 24.395316672000035], [84.66632315400005, 24.394250656000054], [84.66611823500006, 24.393780407000065], [84.66485921200007, 24.393170691000023], [84.66469868000007, 24.392723231000048], [84.66468327600006, 24.391766162000067], [84.66337029600004, 24.39111560200007], [84.66230539500003, 24.39116106000006], [84.66082310400003, 24.39193173900003], [84.66017482000007, 24.392488926000055], [84.65946637700006, 24.393271609000067], [84.65862852400005, 24.39430657400004], [84.65752354100005, 24.39554363600007], [84.65647370200008, 24.396586757000023], [84.65479543600009, 24.397094767000056], [84.65279243500004, 24.39746601300004], [84.65039035700005, 24.397795130000077], [84.65006471500004, 24.397861539000075], [84.64950599200006, 24.398206850000065], [84.64906998700008, 24.398697137000056], [84.64812365100005, 24.40074729400004], [84.64752766900006, 24.40168377300006], [84.64662447500007, 24.401928472000066], [84.64629848200008, 24.402058080000074], [84.64654515300003, 24.403052193000065], [84.64591381900004, 24.403130867000073], [84.64543718300007, 24.40310553300003], [84.64530905200007, 24.402941252000062], [84.64521537700006, 24.402821147000054], [84.64489310300007, 24.40217431600007], [84.64496861600009, 24.401827034000064], [84.64508019800007, 24.40116848400004], [84.64457866500004, 24.40091822200003], [84.64430918600004, 24.40056956500007], [84.64418250500006, 24.40025307700006], [84.64460035700006, 24.399464782000052], [84.64458745600007, 24.399067475000038], [84.64292528400006, 24.399272978000056], [84.64216825400007, 24.398841107000067], [84.64130502800003, 24.398955043000058], [84.64102954400005, 24.39987030900005], [84.64054489300008, 24.40019787500006], [84.63985868100008, 24.400411759000065], [84.63890236500004, 24.400421442000038], [84.63638053300008, 24.400018530000068], [84.63583552900008, 24.400575996000043], [84.63556009700005, 24.40146867900006], [84.63539539700008, 24.401887828000042], [84.63335247800006, 24.403346519000024], [84.63216120300007, 24.404018784000073], [84.63071210000004, 24.40499691100007], [84.63008389100008, 24.40443461900003], [84.62906452700008, 24.40320717700007], [84.62874273500006, 24.402479048000032], [84.62849278500005, 24.402180077000025], [84.62791717600004, 24.401947559000064], [84.62694139800004, 24.40190294000007], [84.62585874200005, 24.401537348000033], [84.62535563800003, 24.401598447000026], [84.62390856100006, 24.40215673800003], [84.62222644600007, 24.403404616000046], [84.62177758100006, 24.40345237300005], [84.62132511100003, 24.40323391100003], [84.62086088100006, 24.402414883000063], [84.62028960100008, 24.401320123000062], [84.61910157100004, 24.400340151000023], [84.61832711100004, 24.40043627500006], [84.61709652100006, 24.40107662300005], [84.61558165100007, 24.40139983800003], [84.61540523000008, 24.401186893000045], [84.61528005200006, 24.400581534000025], [84.61463894600007, 24.399653472000068], [84.61465850400003, 24.398710101000063], [84.61252955800006, 24.399576900000056], [84.61182403700008, 24.39970482600006], [84.61115748000003, 24.39993217800003], [84.60960144800003, 24.400575681000078], [84.60862493200005, 24.40068435200004], [84.60685941200006, 24.400825863000023], [84.60554368300006, 24.40075702100006], [84.60456730400006, 24.400816100000043], [84.60416259100003, 24.400922687000048], [84.60375788000005, 24.401029272000073], [84.60321249500004, 24.401636376000056], [84.60288226300008, 24.402600923000023], [84.60264334400006, 24.40306030100004], [84.60195621400004, 24.403436544000044], [84.60080102800003, 24.403765616000044], [84.59929848300004, 24.40454909500005], [84.59857847500007, 24.404604707000033], [84.59778334700007, 24.40488116800003], [84.59677789300008, 24.404845167000076], [84.59493465500003, 24.404769518000023], [84.59446666200006, 24.40470427200006], [84.59389138600005, 24.40441745100003], [84.59391785100007, 24.40311304000005], [84.59370328000006, 24.402669708000076], [84.59302097300008, 24.402111556000023], [84.59110013000003, 24.400843816000076], [84.59002159500005, 24.400658504000035], [84.58762293800004, 24.40026890100006], [84.58594716200008, 24.40022997500006], [84.58635502300007, 24.401427930000068], [84.58692605500005, 24.402518302000033], [84.58765459300008, 24.404611420000037], [84.58793708800005, 24.40621512900003], [84.58796189200007, 24.408065949000047], [84.58781644300007, 24.408552821000058], [84.58663467500008, 24.41018167900006], [84.58580169400005, 24.41108987000007], [84.58305136000007, 24.41287433900004], [84.58157715500005, 24.41196958300003], [84.57975987200007, 24.410706634000064], [84.57817611000007, 24.41000446000004], [84.57576160500008, 24.409804174000044], [84.57269495000008, 24.409871690000045], [84.57013552400008, 24.41004982100003], [84.56896272700004, 24.40994518800005], [84.56825960800006, 24.409612509000056], [84.56756180600007, 24.40919408700006], [84.56743724000006, 24.408534511000028], [84.56728265500004, 24.407021675000067], [84.56705906900004, 24.405517521000036], [84.56659627500005, 24.404490748000057], [84.56584441300004, 24.403124150000053], [84.56526164100006, 24.40150103900004], [84.56497635100004, 24.400475072000063], [84.56440350600008, 24.399745703000065], [84.56361377500008, 24.39902442500005], [84.56222919400005, 24.398011535000023], [84.56156723000004, 24.397381066000037], [84.56151876100006, 24.396306523000078], [84.56220896300005, 24.395375245000025], [84.56375108700007, 24.393680517000064], [84.56505340100006, 24.392580534000047], [84.56532755500007, 24.391999491000036], [84.56666423400003, 24.39183397000005], [84.56785317000003, 24.391640676000065], [84.56828909600006, 24.391245422000054], [84.56863255900004, 24.39061957000007], [84.56932091500005, 24.390013225000075], [84.57040312600003, 24.390410819000067], [84.57230198300005, 24.38927277600004], [84.57309930700006, 24.388563130000023], [84.57384490400005, 24.38737929800004], [84.57388719200009, 24.385916984000062], [84.57363950900003, 24.385220721000053], [84.57283124800006, 24.384273695000047], [84.57267405700009, 24.38325286500003], [84.57226234200004, 24.38281766800003], [84.57141685400006, 24.38240310300006], [84.56943509300004, 24.38248447500007], [84.56793961300008, 24.381963179000024], [84.56714921600008, 24.381368330000043], [84.56607187300006, 24.38099783800004], [84.56432694300008, 24.380114228000025], [84.56312501900004, 24.37909316300005], [84.56195365600007, 24.378776376000076], [84.56114821500006, 24.378258129000073], [84.56022885600004, 24.377843115000076], [84.55906191900004, 24.37673189900005], [84.55850874000004, 24.37603426000004], [84.55686742200004, 24.376067334000027], [84.55616529500008, 24.37558570400006], [84.55413288600005, 24.37503016200003], [84.55375610400006, 24.374536398000032], [84.55324156400007, 24.373103108000066], [84.55131108000006, 24.372832392000078], [84.54958074200005, 24.37292375800007], [84.54855072600003, 24.37382625400005], [84.54838292100004, 24.37476892500007], [84.54761923100006, 24.375609461000067], [84.54692911300003, 24.376531647000036], [84.54681774200003, 24.377072747000057], [84.54320038800006, 24.376148627000077], [84.54159542800005, 24.37584320700006], [84.54011633300007, 24.375944641000046], [84.53921500500007, 24.375836566000032], [84.53799623900005, 24.376110761000064], [84.53715639300003, 24.376472430000035], [84.53550155200008, 24.37715071100007], [84.53469686500006, 24.377377108000076], [84.53368499300007, 24.377652261000037], [84.53228797700007, 24.378060911000034], [84.53135087200008, 24.37818285800006], [84.53040944100007, 24.378187379000053], [84.52977966800006, 24.377999302000035], [84.52890980200004, 24.377552799000057], [84.52808571800006, 24.37687178400006], [84.52779231300008, 24.37646412600003], [84.52746143500008, 24.375722341000028], [84.52701691000004, 24.375020565000057], [84.52683741400006, 24.37451411400008], [84.52690432200006, 24.374013400000024], [84.52713793300006, 24.372809312000072], [84.52740341800006, 24.372052180000026], [84.52775637500008, 24.37151218200006], [84.52802045500005, 24.37099884400004], [84.52854707300008, 24.370252076000043], [84.52941045800003, 24.369218009000065], [84.53067830100008, 24.368109102000062], [84.53107083000003, 24.36755116300003], [84.53223972100005, 24.366500522000024], [84.53266643100005, 24.365996936000045], [84.53382428400005, 24.365153789000033], [84.53403406100006, 24.364667281000038], [84.53440744100004, 24.36398295300006], [84.53460989100006, 24.363044986000034], [84.53448788900005, 24.361943030000077], [84.53430288000004, 24.36154038600006], [84.53420752600005, 24.36098475500006], [84.53367806500006, 24.360481167000046], [84.53321401600004, 24.359761282000022], [84.53233612100007, 24.359025866000025], [84.53111627000004, 24.35775617400003], [84.53051754700004, 24.357315509000045], [84.53022948700004, 24.356835658000023], [84.52956598400004, 24.356534529000044], [84.52897277900007, 24.355990060000067], [84.52848715100004, 24.355599579000057], [84.52808666000004, 24.35497020500003], [84.52751105800007, 24.35480945200004], [84.52692772700004, 24.354265052000073], [84.52614822400005, 24.353566133000072], [84.52544303400003, 24.352795379000042], [84.52500325800008, 24.35214329400003], [84.52444065500003, 24.35144093100007], [84.52411054100008, 24.35056369600005], [84.52402671400006, 24.349710165000033], [84.52408794100006, 24.34848258900007], [84.52443856400004, 24.347473209000043], [84.52475860500005, 24.346644182000034], [84.52529559100003, 24.345802596000055], [84.52610454900008, 24.344777325000052], [84.52712012900008, 24.343798107000055], [84.52831403800008, 24.342666233000045], [84.52919977400006, 24.34199335200003], [84.53028038600007, 24.34084296700007], [84.53102864900006, 24.340092689000073], [84.53142199200005, 24.339354252000078], [84.53126343600007, 24.33863576500005], [84.53047634900008, 24.337544189000027], [84.52931330900003, 24.336735170000054], [84.52836028200005, 24.33624312200004], [84.52755705700008, 24.336266411000054], [84.52671227200005, 24.33579290600005], [84.52561721700005, 24.335146665000025], [84.52465514400006, 24.334519165000074], [84.52391872900006, 24.334073317000048], [84.52319265400007, 24.333523615000047], [84.52277165300006, 24.333052175000034], [84.52236123300008, 24.332440766000047], [84.52183383700003, 24.33162128300006], [84.52108261800004, 24.33031313200007], [84.52068825300006, 24.329485127000055], [84.52030303700008, 24.327939496000056], [84.52009126100006, 24.327062823000063], [84.51998812600004, 24.326150528000028], [84.51961970400004, 24.32509246500007], [84.51938742800007, 24.324373646000026], [84.51901812500006, 24.322606909000058], [84.51848156100004, 24.321678888000065], [84.51834352400004, 24.32084315800006], [84.51761119200006, 24.319684041000073], [84.51713038400004, 24.318490077000035], [84.51643575400004, 24.317629061000048], [84.51546384300008, 24.317028510000057], [84.51478016900006, 24.31685366100004], [84.51276028300003, 24.31687999500008], [84.51088899200005, 24.31677158800005], [84.51017089700008, 24.316569447000063], [84.50961145600007, 24.316201066000076], [84.50922116700008, 24.31555826300007], [84.50884623700006, 24.31480252700004], [84.50863742000007, 24.313429304000067], [84.50862691200007, 24.311853859000053], [84.50881955200003, 24.31005375600006], [84.50918796700006, 24.30854337900007], [84.50932423000006, 24.307126682000046], [84.50954522000006, 24.306382942000027], [84.50928446400007, 24.304639251000026], [84.50905229800009, 24.303897843000072], [84.50855637000006, 24.302784995000025], [84.50780787900004, 24.301056989000074], [84.50709566400008, 24.299866372000054], [84.50683557900004, 24.298005291000038], [84.50656709600008, 24.29759326900006], [84.50600774900005, 24.29722487300006], [84.50444702900006, 24.296278278000045], [84.50357348600005, 24.294892744000038], [84.50309444800007, 24.293423330000053], [84.50308386600005, 24.292696515000046], [84.50293851800006, 24.292298567000046], [84.50258078400003, 24.29198090700004], [84.50183137300007, 24.291268459000037], [84.50181433400007, 24.29082603200004], [84.50167330000005, 24.289669786000047], [84.50161080000004, 24.28856356500006], [84.50114605800007, 24.288033100000064], [84.50055249500008, 24.287632984000027], [84.49907756600004, 24.287196857000026], [84.49792763200008, 24.28676235000006], [84.49623120500007, 24.286311583000042], [84.49421285500006, 24.286166109000078], [84.49167077700008, 24.286288886000023], [84.49129739500006, 24.286973123000053], [84.49068512700006, 24.288888463000035], [84.49007944600004, 24.290528529000028], [84.48962473600005, 24.291623147000053], [84.48961662700003, 24.292990848000045], [84.49005911900008, 24.293954511000038], [84.49076410300006, 24.29467126000003], [84.49191755900006, 24.29532699600003], [84.49559628300005, 24.297913829000038], [84.49630066800006, 24.298738815000036], [84.49637650300008, 24.299253772000043], [84.49637427600004, 24.299628407000057], [84.49611117800004, 24.29997023100003], [84.49308788800005, 24.302302375000068], [84.49138101800008, 24.303575830000057], [84.49063127300008, 24.303743659000077], [84.49018369800007, 24.30363752900007], [84.48992368100005, 24.303464750000046], [84.48981658100007, 24.303261064000026], [84.48959527500006, 24.302366205000055], [84.48952541600005, 24.301684239000053], [84.48922706300004, 24.301339665000057], [84.48885411100008, 24.30109860300007], [84.48829735600003, 24.30112739200007], [84.48769489000006, 24.301399702000026], [84.48666803400005, 24.30178729900007], [84.48479842000006, 24.302260836000073], [84.48497637900005, 24.30380099200005], [84.48533385500008, 24.306610508000063], [84.48724633500007, 24.311346228000048], [84.48883231400004, 24.314676467000027], [84.48964631000007, 24.31529892900005], [84.49069354600005, 24.31564723500003], [84.49255926900008, 24.315859687000057], [84.49577664000003, 24.316463444000078], [84.49790873100005, 24.317427218000034], [84.49925146600003, 24.319612394000046], [84.50128481500008, 24.31982103200005], [84.50250961800003, 24.320125], [84.50324639100006, 24.320507834000068], [84.50405336400007, 24.32150490400005], [84.50451636600008, 24.32236474700005], [84.50461978600003, 24.323204910000072], [84.50481295100008, 24.323882887000025], [84.50538605600008, 24.32443190500004], [84.50642951600008, 24.324599566000074], [84.50735103700003, 24.324554401000057], [84.50776166600008, 24.32510264700005], [84.50777755100006, 24.325761683000053], [84.50732334900005, 24.326775171000065], [84.50648715000005, 24.327398479000067], [84.50608860000006, 24.32815487700003], [84.50575673900005, 24.32929530900003], [84.50542205500005, 24.330936690000044], [84.50504026600004, 24.331350083000075], [84.50427302300005, 24.330271984000035], [84.50378689500008, 24.33000332000006], [84.50285095900006, 24.32998513700005], [84.50194890100005, 24.330061947000047], [84.50114170400008, 24.329927042000065], [84.50040475200007, 24.32958943400007], [84.49965122200007, 24.328709987000025], [84.49884334200004, 24.32785736900007], [84.49789296600005, 24.327784950000023], [84.49740345000004, 24.327245343000072], [84.49687812300004, 24.326935798000022], [84.49630491200008, 24.326400294000052], [84.49571202900006, 24.32585117700006], [84.49548847100004, 24.325335476000078], [84.49541921700006, 24.32454516100006], [84.49542226100004, 24.32403517800003], [84.49520444500007, 24.323384073000057], [84.49475872400006, 24.322934931000077], [84.49375317000005, 24.32221224700004], [84.49262021000004, 24.32136698100004], [84.49188077600007, 24.320609423000064], [84.49158319100007, 24.32012950400008], [84.49151310500008, 24.31947914500006], [84.49106975200004, 24.31865535600008], [84.48999432600004, 24.317246170000033], [84.48886429300006, 24.31592240300006], [84.48760338600005, 24.314236909000044], [84.48697661400007, 24.313615327000036], [84.48596927900007, 24.313199504000067], [84.48507393400007, 24.312991918000023], [84.48369516400004, 24.312917175000052], [84.48305912700005, 24.31301780700005], [84.48189824500008, 24.313558146000048], [84.48125946900007, 24.31410112800006], [84.48077181100007, 24.314920120000068], [84.48050559400008, 24.315776413000037], [84.48016338200006, 24.316149347000078], [84.47913623200003, 24.316573009000024], [84.47838664700004, 24.316704567000045], [84.47764111400005, 24.31697611900006], [84.47640985500004, 24.31693828300007], [84.47570212100004, 24.31665931200007], [84.47492288200004, 24.31600536600007], [84.47380396600005, 24.31531349200003], [84.47298786200008, 24.31503397800003], [84.47216626700003, 24.314862770000047], [84.47134267600006, 24.31502555700007], [84.47038867800006, 24.315553340000065], [84.46937782200007, 24.315719628000068], [84.46802738900004, 24.316638002000047], [84.46690556800007, 24.317214583000066], [84.46604216400004, 24.318234766000046], [84.46566336900008, 24.31895501300005], [84.46511213200006, 24.320473341000024], [84.46492196700007, 24.320950894000077], [84.46503255000005, 24.32139833900004], [84.46543932000003, 24.32173897900003], [84.46569871200006, 24.32201563800004], [84.46581118800003, 24.322151658000053], [84.46569686700008, 24.322322548000045], [84.46543427000006, 24.32256048000005], [84.46528520100009, 24.322767292000037], [84.46535800300006, 24.32293919500006], [84.46573123500008, 24.32314428500007], [84.46639862500007, 24.323558510000055], [84.46725801100007, 24.32400980600005], [84.46743899600006, 24.324213846000077], [84.46743689700008, 24.324556874000052], [84.46725213300004, 24.324966748000065], [84.46685432400005, 24.325565028000028], [84.46610687100008, 24.326143433000027], [84.46494353700007, 24.327062787000045], [84.46404201000007, 24.327843533000078], [84.46381544500008, 24.32863231300007], [84.46399479900003, 24.329111754000053], [84.46433308100006, 24.329384282000035], [84.46544698200006, 24.330112298000074], [84.46579881900004, 24.33057005300003], [84.46598273600006, 24.331117160000076], [84.46590609500004, 24.331563595000034], [84.46556342800005, 24.33200421500004], [84.46496386400008, 24.332551786000067], [84.46391210300004, 24.333742593000068], [84.46053137200005, 24.337078861000066], [84.46004191000003, 24.337351644000023], [84.45974647700007, 24.337318484000036], [84.45567566700004, 24.337500357000067], [84.45231515900008, 24.33755045500004], [84.45201527700004, 24.33744951600005], [84.45128328900006, 24.338686980000034], [84.45080665300009, 24.340052188000072], [84.45055847600008, 24.341919655000027], [84.45039422600007, 24.342961503000026], [84.45043073700003, 24.343431182000074], [84.45011223300008, 24.343930482000076], [84.45011017200005, 24.34425554300003], [84.45050095300007, 24.344799258000023], [84.45045866400005, 24.345263940000052], [84.45005856100005, 24.346196173000067], [84.44934178900007, 24.348133389000054], [84.44892227500003, 24.349033938000048], [84.44844600100004, 24.350326901000074], [84.44808620200007, 24.351119504000053], [84.44753365700006, 24.352014775000043], [84.44669813700006, 24.35323364800007], [84.44579032600006, 24.354199341000026], [84.44544887200004, 24.355204111000035], [84.44544455800008, 24.355890162000037], [84.44559565600008, 24.35693375200003], [84.44614186600006, 24.357834831000048], [84.44664602500006, 24.358379237000065], [84.44683974800006, 24.35891742000007], [84.44679575000004, 24.35963934800003], [84.44691917300008, 24.361942096000064], [84.44713467600008, 24.365288019000047], [84.44738341600004, 24.366476542000044], [84.44741694200007, 24.367411051000033], [84.44737337300006, 24.36806083500005], [84.44839907300008, 24.367962446000035], [84.45020561800004, 24.367507060000037], [84.45122727500006, 24.367259627000067], [84.45252408400006, 24.367158153000048], [84.45413595900004, 24.367094432000044], [84.45507627500007, 24.367243787000064], [84.45589567500008, 24.367825828000036], [84.45671298300005, 24.368728411000063], [84.45757586400003, 24.369450679000067], [84.45855211200006, 24.370173433000048], [84.45925545700004, 24.370393750000062], [84.45968960700003, 24.37032386100003], [84.46013415500005, 24.370159154000078], [84.46099835600006, 24.369874769000035], [84.46166881900007, 24.369842145000064], [84.46245118500008, 24.37002671500005], [84.46358800700006, 24.37028546700003], [84.46597506500007, 24.37079882300003], [84.46748529600006, 24.371239970000033], [84.46815291700005, 24.37167675300003], [84.46905411100005, 24.37178976000007], [84.46972022300008, 24.371648710000045], [84.47066394500007, 24.371256389000052], [84.47144865500007, 24.37108434000004], [84.47223756800008, 24.37101616800004], [84.47294161200006, 24.37112816000007], [84.47407758400004, 24.37152669900007], [84.47501862100006, 24.371567579000043], [84.47600134500004, 24.37124760200004], [84.47658997600007, 24.370894044000067], [84.47722344700009, 24.370450375000075], [84.47769332800004, 24.37098996900005], [84.47815946600008, 24.371317334000025], [84.47843260900004, 24.371783616000073], [84.47870530100005, 24.372326647000023], [84.47889185300005, 24.373262040000043], [84.47896795000008, 24.37372733500007], [84.47881316300004, 24.374051501000054], [84.47669231200007, 24.374329644000056], [84.47606033800008, 24.374506947000043], [84.47584044700005, 24.375015863000044], [84.47595238100007, 24.37605918500003], [84.47634208100004, 24.376815020000038], [84.47684423100003, 24.377715803000058], [84.47695699400003, 24.378614654000046], [84.47726953800003, 24.379085686000053], [84.47761622300004, 24.379624630000023], [84.47769094600005, 24.380311145000064], [84.47766754000008, 24.380920373000038], [84.47774507800005, 24.381137454000054], [84.47817925100009, 24.381067422000058], [84.47864962100005, 24.380713248000063], [84.47900548900003, 24.380534488000023], [84.47923582900006, 24.380752277000056], [84.47974559900007, 24.38121986300007], [84.48009998600008, 24.38129383000006], [84.48068711600007, 24.381188474000055], [84.48120184400005, 24.38083456700008], [84.48127842600007, 24.380401581000058], [84.48101022500003, 24.37993073800004], [84.48109077800007, 24.37964677900004], [84.48148312900008, 24.379143240000076], [84.48180057300004, 24.378819858000043], [84.48164519000005, 24.37842633400004], [84.48110229300005, 24.377737525000043], [84.48067073500005, 24.37737867000004], [84.48055534500008, 24.37690871700005], [84.48055743800006, 24.376552058000073], [84.48071608200007, 24.37640842600007], [84.48118762800004, 24.37665907300004], [84.48157503200008, 24.376986050000028], [84.48193032600005, 24.376915633000067], [84.48216814100005, 24.376700234000054], [84.48224944900005, 24.376307918000066], [84.48244223700004, 24.376200506000032], [84.48283563900003, 24.376346934000026], [84.48315043200006, 24.376456869000037], [84.48358285700004, 24.37584520300004], [84.48370521700008, 24.37516418200005], [84.48376787300003, 24.374591300000077], [84.48349515100006, 24.37404818600004], [84.48314743600008, 24.373685327000032], [84.48271604100006, 24.37329045300004], [84.48267843800005, 24.373001370000054], [84.48283722800005, 24.372821620000025], [84.48338447900005, 24.372788256000035], [84.48471801500006, 24.37312006600007], [84.48569378500008, 24.373950999000044], [84.48624035000006, 24.374852024000063], [84.48634571800005, 24.37618414600007], [84.48598629700007, 24.377766759000053], [84.48455537800004, 24.38049039400005], [84.48346548000006, 24.382245282000042], [84.48239843100004, 24.383463171000074], [84.48177308600003, 24.384191274000045], [84.48145394200003, 24.384798987000067], [84.48145170200007, 24.38516007100003], [84.48172076700007, 24.386312485000076], [84.48245746800006, 24.38757563200005], [84.48354920100007, 24.388799961000075], [84.48397984300004, 24.38930761000006], [84.48576370100005, 24.389388891000067], [84.48702076400008, 24.38935913200004], [84.48808130500004, 24.389220039000065], [84.48886392600008, 24.389404471000034], [84.49113716000005, 24.390061437000043], [84.49231129200007, 24.39071731300004], [84.49321138000005, 24.391042276000064], [84.49383667600006, 24.39115371300005], [84.49568544800007, 24.391090749000057], [84.49697763700004, 24.39095726100004], [84.49790146200007, 24.390609760000075], [84.49897990700003, 24.390782081000054], [84.50048583300008, 24.391173200000026], [84.50168451200005, 24.391856293000046], [84.50214858800007, 24.392567237000037], [84.50232796300008, 24.393922329000077], [84.50275229000005, 24.394687220000037], [84.50302888200008, 24.39625944900007], [84.50372260100005, 24.396488600000055], [84.50464844100009, 24.396633016000067], [84.50490242700005, 24.397036066000055], [84.50514385200006, 24.397885807000023], [84.50503946600008, 24.399718007000047], [84.50511182100007, 24.400833216000024], [84.50444683200004, 24.402432463000025], [84.50430065700004, 24.403817442000047], [84.50485427500007, 24.405255625000052], [84.50515932600007, 24.40618696200005], [84.50557119700005, 24.40655913200004], [84.50717724000003, 24.407578190000038], [84.50795921500008, 24.40790699100006], [84.50812300600006, 24.408557810000048], [84.50786947700004, 24.40975727600005], [84.50791589000005, 24.411093593000032], [84.50833817300008, 24.412237694000055], [84.50904226400007, 24.413229643000022], [84.50970505200007, 24.414541903000043], [84.50982516900007, 24.41507967900003], [84.50960421200006, 24.415769227000055], [84.50906426300008, 24.416217927000048], [84.50830709400003, 24.416715273000023], [84.50733220600006, 24.417333408000047], [84.50619085000005, 24.417765725000038], [84.50475290500003, 24.41833642200004], [84.50384664900008, 24.419013507000045], [84.50340503200005, 24.41949882600005], [84.50298297300003, 24.420855394000057], [84.50273241600007, 24.421531241000025], [84.50224557200005, 24.423009457000035], [84.50205857800006, 24.42377132400003], [84.50135701800008, 24.424869285000057], [84.49932068700008, 24.426542880000056], [84.49845005100008, 24.427865567000026], [84.49744651500004, 24.429151601000058], [84.49716256500005, 24.430463669000062], [84.49736678200009, 24.432608781000056], [84.49781972100004, 24.433568045000072], [84.49996635400004, 24.43493285200003], [84.50204976400005, 24.43614840300006], [84.50319030300005, 24.436736280000048], [84.50325951000008, 24.439210240000023], [84.50331035000005, 24.440636879000067], [84.50332721100006, 24.441954982000027], [84.50276142100006, 24.443419195000047], [84.50231546100008, 24.44378266600006], [84.50088018700006, 24.443847778000077], [84.50040058000008, 24.444057560000033], [84.50020426800006, 24.444738167000025], [84.49996240500008, 24.446443181000063], [84.49990292600006, 24.447336634000067], [84.50007637800007, 24.449693771000057], [84.50155380000007, 24.450012494000077], [84.50161385500007, 24.450703472000043], [84.50264060600006, 24.451372063000065], [84.50266437100004, 24.45236072700004], [84.50238768500003, 24.45327564200005], [84.50085365500007, 24.45418441000004], [84.50065736100004, 24.454851474000066], [84.50081783000007, 24.456066527000075], [84.50088784900004, 24.45757900600006], [84.50155315800004, 24.45848957800007], [84.50231433800008, 24.459865583000067], [84.50269633600004, 24.46200252600005], [84.50282510200003, 24.463573990000043], [84.50274413200003, 24.465609328000028], [84.50265097200008, 24.468010272000072], [84.50287609200007, 24.469153326000026], [84.50349091900006, 24.469440802000065], [84.50598062200004, 24.469611029000077], [84.50707293900007, 24.47005428500006], [84.50802925900007, 24.470131199000036], [84.51046686800004, 24.469930997000063], [84.51137715800007, 24.471154184000056], [84.51191314800008, 24.472285258000056], [84.50857777200008, 24.474164761000054], [84.50727556500004, 24.47503408800003], [84.50612971600003, 24.476129768000078], [84.50506567800005, 24.477582489000042], [84.50478346900007, 24.478596775000028], [84.50456443000007, 24.480617907000067], [84.50421696800004, 24.48183040500004], [84.50356205300005, 24.482477171000028], [84.50277727500008, 24.482558995000034], [84.50249958900008, 24.48281040200004], [84.50259157500005, 24.48309521300007], [84.50295008000006, 24.48336789600006], [84.50317965000005, 24.483761711000056], [84.50431842300009, 24.485536764000074], [84.50546120800004, 24.486648255000034], [84.50860680800008, 24.48944433300005], [84.50903204100007, 24.49010996000004], [84.50880626400004, 24.490763335000054], [84.50850411800008, 24.491809068000066], [84.50870501900005, 24.492035690000023], [84.50900726200007, 24.492655635000062], [84.50908307500004, 24.493179593000036], [84.50857279600007, 24.493556288000036], [84.50854088400007, 24.493953331000057], [84.50870825200008, 24.494861411000045], [84.50799012700008, 24.497029071000043], [84.50742752400004, 24.497901967000075], [84.50680382200005, 24.498260051000045], [84.50543869400008, 24.498871696000037], [84.50474787800005, 24.49889983500003], [84.50417469900003, 24.499050546000035], [84.50314310900006, 24.49914474800005], [84.50189581000006, 24.49901210200005], [84.50119816800003, 24.499360719000038], [84.50122426400003, 24.499952181000026], [84.50105455200008, 24.500289873000042], [84.50070305600008, 24.50049580800004], [84.49790606600004, 24.50637756100008], [84.49750394600005, 24.506699930000025], [84.49607156500008, 24.50779421200008], [84.49440577200005, 24.509153499000035], [84.49241842900005, 24.510655720000045], [84.49101370000005, 24.512074963000032], [84.49022864000005, 24.512991860000056], [84.49043403100006, 24.513295291000077], [84.49164671000005, 24.514285458000074], [84.49275274800004, 24.514977135000038], [84.49371621900008, 24.51557320300003], [84.49503622000003, 24.51595002700003], [84.49675116200007, 24.516288037000038], [84.49789450000003, 24.51569346100007], [84.50131201900007, 24.517628822000063], [84.50205857600008, 24.517366199000037], [84.50285267300006, 24.517415288000052], [84.50399974900006, 24.517849785000067], [84.50531118700007, 24.518023284000037], [84.50647735900003, 24.51855715100004], [84.50727916600005, 24.518967369000052], [84.50881632200003, 24.519358537000073], [84.51125241300008, 24.520431277000057], [84.51241290300004, 24.521100494000052], [84.51428135200007, 24.522215523000057], [84.51558917500006, 24.52302529800005], [84.51698992800004, 24.523966552000047], [84.51831586000003, 24.52505627100004], [84.51885735300004, 24.525271042000043], [84.51934109400008, 24.525237315000027], [84.52050966200005, 24.52453875200007], [84.52280448000005, 24.524464082000065], [84.52417455700004, 24.524750572000073], [84.52511011900003, 24.525084548000052], [84.52685196600004, 24.525070378000066], [84.52772920300004, 24.525268706000077], [84.52924838600006, 24.526232898000046], [84.52983929100003, 24.526443322000034], [84.53064332500009, 24.526492346000055], [84.53406933700006, 24.526197129000025], [84.53491320000006, 24.52618766100005], [84.53676534200008, 24.525862364000034]]]]}}, {"type": "Feature", "properties": {"OBJECTID": 43, "BLOCK_CODE": "0016", "NEAR_TOWN": "SHERGHATI", "BLK_NAME": "DUMARIA", "DIST_NAME": "GAYA"}, "geometry": {"type": "MultiPolygon", "coordinates": [[[[84.40822352600009, 24.567895218000046], [84.40708257800009, 24.56726593600007], [84.40648077800006, 24.566477156000076], [84.40637893300004, 24.56546101200007], [84.40674177100004, 24.564352631000077], [84.40707298700005, 24.56353301100006], [84.40814841300005, 24.562884518000033], [84.41267464500004, 24.56137052300005], [84.41403558600007, 24.560822870000038], [84.41511776700008, 24.559876511000027], [84.41691824100008, 24.558545878000075], [84.41842930500007, 24.557669544000078], [84.41983355200006, 24.556530785000064], [84.42080908000008, 24.555290374000037], [84.42085071700006, 24.554211805000023], [84.42085914500007, 24.552934485000037], [84.42138286400007, 24.552093273000025], [84.42190363100008, 24.55244825500006], [84.42265256300004, 24.55264644300007], [84.42315288100008, 24.55310959800005], [84.42372061700007, 24.553834907000066], [84.42424471200007, 24.555209956000056], [84.42509781400008, 24.556821496000055], [84.42566260900009, 24.55800266700004], [84.42640752700004, 24.55957751400007], [84.42732401500007, 24.561320326000043], [84.42845991900003, 24.56348865600006], [84.42894583300006, 24.565423184000053], [84.42870554700005, 24.569741511000075], [84.42911382500006, 24.57146797000007], [84.43012410500006, 24.57171728700007], [84.43109048800005, 24.57188504800007], [84.43366296400006, 24.57252187000006], [84.43544431000004, 24.572621838000032], [84.43613570800005, 24.572566831000074], [84.43699874500004, 24.572684382000034], [84.43782308400006, 24.57192150800006], [84.43843417900007, 24.571301839000057], [84.43865727300005, 24.57038679200008], [84.43906313200006, 24.568687280000063], [84.43932433900005, 24.567212641000026], [84.44019046000005, 24.566070876000026], [84.44126782700005, 24.565097111000057], [84.44220422500007, 24.564542473000074], [84.44299681500007, 24.56409081700008], [84.44367981200008, 24.563796611000043], [84.44411428500007, 24.56301353400005], [84.44433342700006, 24.56193591400006], [84.44459793600004, 24.559152304000065], [84.44475593700008, 24.556828563000067], [84.44495227700008, 24.554667494000057], [84.44496423100009, 24.55279886900007], [84.44450877700007, 24.550702021000063], [84.44420283000005, 24.548375820000047], [84.44449674500004, 24.54716320600005], [84.44511527800006, 24.54536550000006], [84.44505601200007, 24.543826027000023], [84.44516890800008, 24.543140469000036], [84.44556268000008, 24.542519665000043], [84.44571308100006, 24.542159389000062], [84.44596394400008, 24.541506232000074], [84.44615147300004, 24.539963501000045], [84.44673785900005, 24.53777291700004], [84.44782646400006, 24.535747540000045], [84.44930230400007, 24.534121433000053], [84.45088475600005, 24.532816293000053], [84.45228552600008, 24.532137618000036], [84.45307663700004, 24.531880030000025], [84.45421878400003, 24.53231033800006], [84.45503747500004, 24.533167743000035], [84.45621692400005, 24.533927747000064], [84.45735943400007, 24.53429492300006], [84.45817897400008, 24.53423600900004], [84.45903803900006, 24.534172815000034], [84.46036497700004, 24.534247502000028], [84.46154230300004, 24.53457863500006], [84.46389808700008, 24.535836740000036], [84.46457534700005, 24.536431520000065], [84.46532548100004, 24.536435469000025], [84.46597314600007, 24.536240192000037], [84.46779983500005, 24.536087257000077], [84.46781460500006, 24.536100830000066], [84.46927329400006, 24.534817419000035], [84.47085508200007, 24.53357979200007], [84.47230146600003, 24.531885591000048], [84.47381267700007, 24.529284355000073], [84.47467798100007, 24.528178500000024], [84.47569324300008, 24.526775350000037], [84.47716809300005, 24.52524368400003], [84.47896335800004, 24.524562314000036], [84.48049574900006, 24.52329727500006], [84.48124983000008, 24.522614944000054], [84.48225745200006, 24.521002690000046], [84.48238587500003, 24.520797204000075], [84.48294726000006, 24.520168097000067], [84.48366801600008, 24.519287106000036], [84.48389012500007, 24.518471206000072], [84.48393017400008, 24.517550528000072], [84.48383176400006, 24.51587999700007], [84.48340872000006, 24.51486217200005], [84.48352159900008, 24.51414506900005], [84.48427529600008, 24.51352601600007], [84.48664247100004, 24.51288352800003], [84.48807395800003, 24.512759820000042], [84.49022864000005, 24.512991860000056], [84.49101370000005, 24.512074963000032], [84.49241842900005, 24.510655720000045], [84.49440577200005, 24.509153499000035], [84.49607156500008, 24.50779421200008], [84.49750394600005, 24.506699930000025], [84.49790606600004, 24.50637756100008], [84.50070305600008, 24.50049580800004], [84.50105455200008, 24.500289873000042], [84.50122426400003, 24.499952181000026], [84.50119816800003, 24.499360719000038], [84.50189581000006, 24.49901210200005], [84.50314310900006, 24.49914474800005], [84.50417469900003, 24.499050546000035], [84.50474787800005, 24.49889983500003], [84.50543869400008, 24.498871696000037], [84.50680382200005, 24.498260051000045], [84.50742752400004, 24.497901967000075], [84.50799012700008, 24.497029071000043], [84.50870825200008, 24.494861411000045], [84.50854088400007, 24.493953331000057], [84.50857279600007, 24.493556288000036], [84.50908307500004, 24.493179593000036], [84.50900726200007, 24.492655635000062], [84.50870501900005, 24.492035690000023], [84.50850411800008, 24.491809068000066], [84.50880626400004, 24.490763335000054], [84.50903204100007, 24.49010996000004], [84.50860680800008, 24.48944433300005], [84.50546120800004, 24.486648255000034], [84.50431842300009, 24.485536764000074], [84.50317965000005, 24.483761711000056], [84.50295008000006, 24.48336789600006], [84.50259157500005, 24.48309521300007], [84.50249958900008, 24.48281040200004], [84.50277727500008, 24.482558995000034], [84.50356205300005, 24.482477171000028], [84.50421696800004, 24.48183040500004], [84.50456443000007, 24.480617907000067], [84.50478346900007, 24.478596775000028], [84.50506567800005, 24.477582489000042], [84.50612971600003, 24.476129768000078], [84.50727556500004, 24.47503408800003], [84.50857777200008, 24.474164761000054], [84.51191314800008, 24.472285258000056], [84.51137715800007, 24.471154184000056], [84.51046686800004, 24.469930997000063], [84.50802925900007, 24.470131199000036], [84.50707293900007, 24.47005428500006], [84.50598062200004, 24.469611029000077], [84.50349091900006, 24.469440802000065], [84.50287609200007, 24.469153326000026], [84.50265097200008, 24.468010272000072], [84.50274413200003, 24.465609328000028], [84.50282510200003, 24.463573990000043], [84.50269633600004, 24.46200252600005], [84.50231433800008, 24.459865583000067], [84.50155315800004, 24.45848957800007], [84.50088784900004, 24.45757900600006], [84.50081783000007, 24.456066527000075], [84.50065736100004, 24.454851474000066], [84.50085365500007, 24.45418441000004], [84.50238768500003, 24.45327564200005], [84.50266437100004, 24.45236072700004], [84.50264060600006, 24.451372063000065], [84.50161385500007, 24.450703472000043], [84.50155380000007, 24.450012494000077], [84.50007637800007, 24.449693771000057], [84.49990292600006, 24.447336634000067], [84.49996240500008, 24.446443181000063], [84.50020426800006, 24.444738167000025], [84.50040058000008, 24.444057560000033], [84.50088018700006, 24.443847778000077], [84.50231546100008, 24.44378266600006], [84.50276142100006, 24.443419195000047], [84.50332721100006, 24.441954982000027], [84.50331035000005, 24.440636879000067], [84.50325951000008, 24.439210240000023], [84.50319030300005, 24.436736280000048], [84.50204976400005, 24.43614840300006], [84.49996635400004, 24.43493285200003], [84.49781972100004, 24.433568045000072], [84.49736678200009, 24.432608781000056], [84.49716256500005, 24.430463669000062], [84.49744651500004, 24.429151601000058], [84.49845005100008, 24.427865567000026], [84.49932068700008, 24.426542880000056], [84.50135701800008, 24.424869285000057], [84.50205857800006, 24.42377132400003], [84.50224557200005, 24.423009457000035], [84.50273241600007, 24.421531241000025], [84.50298297300003, 24.420855394000057], [84.50340503200005, 24.41949882600005], [84.50384664900008, 24.419013507000045], [84.50475290500003, 24.41833642200004], [84.50619085000005, 24.417765725000038], [84.50733220600006, 24.417333408000047], [84.50830709400003, 24.416715273000023], [84.50906426300008, 24.416217927000048], [84.50960421200006, 24.415769227000055], [84.50982516900007, 24.41507967900003], [84.50970505200007, 24.414541903000043], [84.50904226400007, 24.413229643000022], [84.50833817300008, 24.412237694000055], [84.50791589000005, 24.411093593000032], [84.50786947700004, 24.40975727600005], [84.50812300600006, 24.408557810000048], [84.50795921500008, 24.40790699100006], [84.50717724000003, 24.407578190000038], [84.50557119700005, 24.40655913200004], [84.50515932600007, 24.40618696200005], [84.50485427500007, 24.405255625000052], [84.50430065700004, 24.403817442000047], [84.50444683200004, 24.402432463000025], [84.50511182100007, 24.400833216000024], [84.50503946600008, 24.399718007000047], [84.50514385200006, 24.397885807000023], [84.50490242700005, 24.397036066000055], [84.50464844100009, 24.396633016000067], [84.50372260100005, 24.396488600000055], [84.50302888200008, 24.39625944900007], [84.50275229000005, 24.394687220000037], [84.50232796300008, 24.393922329000077], [84.50214858800007, 24.392567237000037], [84.50168451200005, 24.391856293000046], [84.50048583300008, 24.391173200000026], [84.49897990700003, 24.390782081000054], [84.49790146200007, 24.390609760000075], [84.49697763700004, 24.39095726100004], [84.49568544800007, 24.391090749000057], [84.49383667600006, 24.39115371300005], [84.49321138000005, 24.391042276000064], [84.49231129200007, 24.39071731300004], [84.49113716000005, 24.390061437000043], [84.48886392600008, 24.389404471000034], [84.48808130500004, 24.389220039000065], [84.48702076400008, 24.38935913200004], [84.48576370100005, 24.389388891000067], [84.48397984300004, 24.38930761000006], [84.48354920100007, 24.388799961000075], [84.48245746800006, 24.38757563200005], [84.48172076700007, 24.386312485000076], [84.48145170200007, 24.38516007100003], [84.48145394200003, 24.384798987000067], [84.48177308600003, 24.384191274000045], [84.48239843100004, 24.383463171000074], [84.48346548000006, 24.382245282000042], [84.48455537800004, 24.38049039400005], [84.48598629700007, 24.377766759000053], [84.48634571800005, 24.37618414600007], [84.48624035000006, 24.374852024000063], [84.48569378500008, 24.373950999000044], [84.48471801500006, 24.37312006600007], [84.48338447900005, 24.372788256000035], [84.48283722800005, 24.372821620000025], [84.48267843800005, 24.373001370000054], [84.48271604100006, 24.37329045300004], [84.48314743600008, 24.373685327000032], [84.48349515100006, 24.37404818600004], [84.48376787300003, 24.374591300000077], [84.48370521700008, 24.37516418200005], [84.48358285700004, 24.37584520300004], [84.48315043200006, 24.376456869000037], [84.48283563900003, 24.376346934000026], [84.48244223700004, 24.376200506000032], [84.48224944900005, 24.376307918000066], [84.48216814100005, 24.376700234000054], [84.48193032600005, 24.376915633000067], [84.48157503200008, 24.376986050000028], [84.48118762800004, 24.37665907300004], [84.48071608200007, 24.37640842600007], [84.48055743800006, 24.376552058000073], [84.48055534500008, 24.37690871700005], [84.48067073500005, 24.37737867000004], [84.48110229300005, 24.377737525000043], [84.48164519000005, 24.37842633400004], [84.48180057300004, 24.378819858000043], [84.48148312900008, 24.379143240000076], [84.48109077800007, 24.37964677900004], [84.48101022500003, 24.37993073800004], [84.48127842600007, 24.380401581000058], [84.48120184400005, 24.38083456700008], [84.48068711600007, 24.381188474000055], [84.48009998600008, 24.38129383000006], [84.47974559900007, 24.38121986300007], [84.47923582900006, 24.380752277000056], [84.47900548900003, 24.380534488000023], [84.47864962100005, 24.380713248000063], [84.47817925100009, 24.381067422000058], [84.47774507800005, 24.381137454000054], [84.47766754000008, 24.380920373000038], [84.47769094600005, 24.380311145000064], [84.47761622300004, 24.379624630000023], [84.47726953800003, 24.379085686000053], [84.47695699400003, 24.378614654000046], [84.47684423100003, 24.377715803000058], [84.47634208100004, 24.376815020000038], [84.47595238100007, 24.37605918500003], [84.47584044700005, 24.375015863000044], [84.47606033800008, 24.374506947000043], [84.47669231200007, 24.374329644000056], [84.47881316300004, 24.374051501000054], [84.47896795000008, 24.37372733500007], [84.47889185300005, 24.373262040000043], [84.47870530100005, 24.372326647000023], [84.47843260900004, 24.371783616000073], [84.47815946600008, 24.371317334000025], [84.47769332800004, 24.37098996900005], [84.47722344700009, 24.370450375000075], [84.47658997600007, 24.370894044000067], [84.47600134500004, 24.37124760200004], [84.47501862100006, 24.371567579000043], [84.47407758400004, 24.37152669900007], [84.47294161200006, 24.37112816000007], [84.47223756800008, 24.37101616800004], [84.47144865500007, 24.37108434000004], [84.47066394500007, 24.371256389000052], [84.46972022300008, 24.371648710000045], [84.46905411100005, 24.37178976000007], [84.46815291700005, 24.37167675300003], [84.46748529600006, 24.371239970000033], [84.46597506500007, 24.37079882300003], [84.46358800700006, 24.37028546700003], [84.46245118500008, 24.37002671500005], [84.46166881900007, 24.369842145000064], [84.46099835600006, 24.369874769000035], [84.46013415500005, 24.370159154000078], [84.45968960700003, 24.37032386100003], [84.45925545700004, 24.370393750000062], [84.45855211200006, 24.370173433000048], [84.45757586400003, 24.369450679000067], [84.45671298300005, 24.368728411000063], [84.45589567500008, 24.367825828000036], [84.45507627500007, 24.367243787000064], [84.45413595900004, 24.367094432000044], [84.45252408400006, 24.367158153000048], [84.45122727500006, 24.367259627000067], [84.45020561800004, 24.367507060000037], [84.44839907300008, 24.367962446000035], [84.44737337300006, 24.36806083500005], [84.44741694200007, 24.367411051000033], [84.44738341600004, 24.366476542000044], [84.44713467600008, 24.365288019000047], [84.44691917300008, 24.361942096000064], [84.44679575000004, 24.35963934800003], [84.44683974800006, 24.35891742000007], [84.44664602500006, 24.358379237000065], [84.44614186600006, 24.357834831000048], [84.44559565600008, 24.35693375200003], [84.44544455800008, 24.355890162000037], [84.44544887200004, 24.355204111000035], [84.44579032600006, 24.354199341000026], [84.44669813700006, 24.35323364800007], [84.44753365700006, 24.352014775000043], [84.44808620200007, 24.351119504000053], [84.44844600100004, 24.350326901000074], [84.44892227500003, 24.349033938000048], [84.44934178900007, 24.348133389000054], [84.45005856100005, 24.346196173000067], [84.45045866400005, 24.345263940000052], [84.45050095300007, 24.344799258000023], [84.45011017200005, 24.34425554300003], [84.45011223300008, 24.343930482000076], [84.45043073700003, 24.343431182000074], [84.45039422600007, 24.342961503000026], [84.45055847600008, 24.341919655000027], [84.45080665300009, 24.340052188000072], [84.45128328900006, 24.338686980000034], [84.45201527700004, 24.33744951600005], [84.45177503300005, 24.337258689000066], [84.45181873000007, 24.336572783000065], [84.45183012600006, 24.33475832000005], [84.45168363300007, 24.333764434000045], [84.45139163500005, 24.333180644000038], [84.45087094300004, 24.332938703000025], [84.44986207000005, 24.332761834000053], [84.44822208400007, 24.33265388700005], [84.44631617300007, 24.332539980000035], [84.44439642800006, 24.332272423000063], [84.44193271300009, 24.332327046000046], [84.43973204900004, 24.332076116000053], [84.43678271500005, 24.331784949000053], [84.43452844100005, 24.331447885000046], [84.43300338800003, 24.331096580000064], [84.43218140100004, 24.330988364000063], [84.43083659300004, 24.330949471000054], [84.42870949000007, 24.330766460000063], [84.42773959200008, 24.33065741400003], [84.42610146400006, 24.330273831000056], [84.42505815900006, 24.330096687000037], [84.42468329800005, 24.330162288000054], [84.42439992900006, 24.33055348000005], [84.42432302400005, 24.33103158600005], [84.42409327000007, 24.331508748000033], [84.42344646100008, 24.333252127000037], [84.42321869500006, 24.334171683000022], [84.42311639800005, 24.335525292000057], [84.42310615200006, 24.337100564000025], [84.42342765300003, 24.339187783000057], [84.42375248500008, 24.340764836000062], [84.42413964500008, 24.34184577800005], [84.42473087200005, 24.34260284900006], [84.42502316600007, 24.34311906000005], [84.42506037400005, 24.343462242000044], [84.42483580200008, 24.34390341900007], [84.42464660800005, 24.344209359000047], [84.42460315300008, 24.344827445000078], [84.42452636300004, 24.345273949000045], [84.42468143200006, 24.347206769000024], [84.42497197300008, 24.348747496000044], [84.42562654900007, 24.351148], [84.42641593500008, 24.353291843000022], [84.42667287700004, 24.353943195000056], [84.42707536100005, 24.354938477000076], [84.42759284200008, 24.355695080000032], [84.42878732400004, 24.35614845500004], [84.43001772800005, 24.35639434500007], [84.43098684200004, 24.356638820000057], [84.43117323300004, 24.356775221000078], [84.43102456300005, 24.356914369000037], [84.43042293000008, 24.35697877800004], [84.43001376700005, 24.357008162000056], [84.42904257600009, 24.357075198000075], [84.42833213200004, 24.35720675600004], [84.42657661200008, 24.357400365000046], [84.42248167200006, 24.358149858000047], [84.42038435400008, 24.358616873000074], [84.41814566200009, 24.358843895000064], [84.41664520700004, 24.359210247000078], [84.41477786700005, 24.359922248000032], [84.41269597400003, 24.36102111200006], [84.41051807200006, 24.362480583000035], [84.40984656000006, 24.36268454100008], [84.40861442700003, 24.36270927700008], [84.40797876100004, 24.36270576000004], [84.40741584300008, 24.362874168000076], [84.40663096700007, 24.363077400000066], [84.406069, 24.363105939000036], [84.40506410100005, 24.36303256900004], [84.40450236200007, 24.36302949900005], [84.40383111000006, 24.363197220000075], [84.40326750500003, 24.36346945100007], [84.40236785100007, 24.363875200000052], [84.40162266700008, 24.36404254100006], [84.40060805400003, 24.364686842000026], [84.40041768200007, 24.36516421600004], [84.40045141700006, 24.366017562000025], [84.40048108800005, 24.36673993900007], [84.40092589500006, 24.36728858300006], [84.40170575200005, 24.367839151000055], [84.40282432900005, 24.36859916800006], [84.40457119700005, 24.369737388000033], [84.40550121000007, 24.370699553000065], [84.40590358000009, 24.371694794000064], [84.40623303500007, 24.372554313000023], [84.40659441000008, 24.374542387000076], [84.40663107900008, 24.374953384000037], [84.40614322000005, 24.37495068900006], [84.40558585200006, 24.375015296000072], [84.40502456200005, 24.374944414000026], [84.40420194000006, 24.374872079000056], [84.40386796000007, 24.374698695000063], [84.40280747100007, 24.37409242600006], [84.40154573500007, 24.373367733000066], [84.40001534700008, 24.373016061000044], [84.39863657100005, 24.37283681300005], [84.39725109200003, 24.372932811000055], [84.39534744700006, 24.373125225000024], [84.39426170300004, 24.373358361000044], [84.39403733200004, 24.37373619400006], [84.39391644500006, 24.37486395700006], [84.39388741300007, 24.376249606000044], [84.39362268500008, 24.376762624000037], [84.39324657900005, 24.376999796000064], [84.39253506600005, 24.377266536000036], [84.39186132700007, 24.377777323000032], [84.39099894800006, 24.378490165000073], [84.38934201400008, 24.380092146000038], [84.38856988400005, 24.381297534000055], [84.38807704900006, 24.382012433000057], [84.38792386100005, 24.382801468000025], [84.38787846900004, 24.383690415000046], [84.38802370200005, 24.384065891000034], [84.38854992400007, 24.38424036500004], [84.38880973900007, 24.384445007000068], [84.38876851000003, 24.384720144000028], [84.38850592200004, 24.38492173000003], [84.38790878700007, 24.385022134000053], [84.38719837900004, 24.385121898000023], [84.38689635500003, 24.38532331700003], [84.38689306900005, 24.385806294000076], [84.38703637000003, 24.38648867200004], [84.38740696900004, 24.387073093000026], [84.38732858500003, 24.387722643000075], [84.38740090700009, 24.387962299000037], [84.38799643700008, 24.38810108200005], [84.38814735000005, 24.38837727600003], [84.38795813600007, 24.388651567000068], [84.38739563800004, 24.38874766500004], [84.38691255400005, 24.388744863000056], [84.38620194500004, 24.38888073800007], [84.38504293900007, 24.388977992000036], [84.38369689300004, 24.389038010000036], [84.38324976100006, 24.388832341000068], [84.38220823000006, 24.38834339400006], [84.38153383300005, 24.388204072000065], [84.37974546600003, 24.388090024000064], [84.37899695200008, 24.387986425000065], [84.37847622000004, 24.38773963500006], [84.37821683500005, 24.38746734800003], [84.37807250800006, 24.38695191100004], [84.37807577900008, 24.38647344900005], [84.37787047600006, 24.386215006000043], [84.37700968400009, 24.385970796000038], [84.37630244000007, 24.38559205100006], [84.37548836400003, 24.38500511500007], [84.37459560900004, 24.38438153800007], [84.37351743600004, 24.383486138000023], [84.37261548200007, 24.38419861600005], [84.37205077500005, 24.384606079000037], [84.37137997700006, 24.384669916000064], [84.37089654000005, 24.384739294000042], [84.37007015300009, 24.385212958000068], [84.36907790800007, 24.38542833100007], [84.36852152400007, 24.38535745200005], [84.36795916300008, 24.385421878000045], [84.36620548600007, 24.385276198000042], [84.36414975700006, 24.385331964000045], [84.36355246400007, 24.38546387400004], [84.36342261300007, 24.38564973700005], [84.36328864900008, 24.38584148800004], [84.36313056200004, 24.386594337000076], [84.36308868700007, 24.38765478700003], [84.36293231000008, 24.38816393600007], [84.36274736100006, 24.388542075000032], [84.36237272700004, 24.388539897000044], [84.36162051200006, 24.388977786000055], [84.36057343200008, 24.38928309100004], [84.35995692000006, 24.389329125000074], [84.35812768600005, 24.389422143000047], [84.35737755700006, 24.389553200000023], [84.35554697000003, 24.38981774900003], [84.35401411100008, 24.389808642000048], [84.35322975900004, 24.389903340000046], [84.35236997000004, 24.390209644000038], [84.35143226900004, 24.390371127000037], [84.35048016300004, 24.39048732200007], [84.34763611400007, 24.391188150000062], [84.34400405900004, 24.392470885000023], [84.34303066000007, 24.39280364900003], [84.34198253000005, 24.393244175000063], [84.34158592800009, 24.393566819000057], [84.34162293200006, 24.393910108000057], [84.34180255100006, 24.394285850000074], [84.34224773900007, 24.39476693900008], [84.34335643400004, 24.396895047000044], [84.34429645900008, 24.398485064000056], [84.34451973200004, 24.398964860000035], [84.34459154300004, 24.399272160000066], [84.34432827400008, 24.399545999000054], [84.34395297900005, 24.399647517000062], [84.34305415100005, 24.399881359000062], [84.34204193300008, 24.400114527000028], [84.34088363000006, 24.40078918200004], [84.33761932100003, 24.402308710000057], [84.33623287300009, 24.403157967000027], [84.33570628500007, 24.403732604000027], [84.33506786500004, 24.404071716000033], [84.33398145700005, 24.404340543000046], [84.33312310000008, 24.40443012700007], [84.33273064400004, 24.405524566000054], [84.33234809300006, 24.406614580000053], [84.33215366900004, 24.407606440000052], [84.33192566300005, 24.40845812300006], [84.33154733200007, 24.408970444000033], [84.33075782000003, 24.40975106800005], [84.33049208300008, 24.410363294000035], [84.33048833900006, 24.410877871000025], [84.33070748900008, 24.411253801000043], [84.33104028600007, 24.411598896000044], [84.33165548200003, 24.41172896100005], [84.33295890900007, 24.412147679000043], [84.33351771800005, 24.412593350000066], [84.33373555700007, 24.41314544000005], [84.33384581400009, 24.413588454000035], [84.33368624100007, 24.414512733000038], [84.33323489300005, 24.415570785000057], [84.33304119800005, 24.416458809000062], [84.33292091600003, 24.417414957000062], [84.33300992700003, 24.418052014000068], [84.33308147600007, 24.41839092200007], [84.33330597200006, 24.418703782000023], [84.33378616800007, 24.41911740000006], [84.33419260400007, 24.419494497000073], [84.33441740000006, 24.419771237000077], [84.33444921500006, 24.420146084000066], [84.33433858400008, 24.420452356000055], [84.33355225900004, 24.42079055800008], [84.33253986000005, 24.42102366200004], [84.33171526500007, 24.421190215000024], [84.33119074700005, 24.421457841000063], [84.33092868400007, 24.421560098000043], [84.33048458300004, 24.42162510600008], [84.33018499300005, 24.421451701000024], [84.32996538500004, 24.42114348900003], [84.32985725900005, 24.420425169000055], [84.33000862800003, 24.41994761500007], [84.32986490000008, 24.419364419000033], [84.32967926400005, 24.419124061000048], [84.32908523300006, 24.418777379000062], [84.32837558400007, 24.41874152400004], [84.32762752700006, 24.418565440000066], [84.32729126100008, 24.41869879500007], [84.32676743500008, 24.418867086000034], [84.32568928300003, 24.41865744100005], [84.32382457900007, 24.418131462000076], [84.32317056000005, 24.41790628700005], [84.32261341100008, 24.41790287400005], [84.32231145800006, 24.41807256100003], [84.32156053200003, 24.418957154000054], [84.32072547800004, 24.42055892700006], [84.32053801400008, 24.42125736500003], [84.32045075600007, 24.42240334400003], [84.32044696800006, 24.42291782700005], [84.32063229300007, 24.423194313000067], [84.32139028400007, 24.424038547000066], [84.32258110100008, 24.425038913000037], [84.32346716500007, 24.425897409000072], [84.32398576200006, 24.426451283000063], [84.32435031600005, 24.42717566300007], [84.32514366600003, 24.42656216100005], [84.32585638200004, 24.42618738500005], [84.32690280500003, 24.42602227200007], [84.32794873000006, 24.42592929400007], [84.32817747300004, 24.42565535400007], [84.32836263100006, 24.425281865000045], [84.32866459300004, 24.425112166000076], [84.32944923000008, 24.425013171000046], [84.33049243300007, 24.42529479600006], [84.33138777000005, 24.425571089000073], [84.33202325200006, 24.425647155000036], [84.33288012900005, 24.425787730000025], [84.33336251400004, 24.42589454000006], [84.33407328900006, 24.425795023000035], [84.33441147700006, 24.425386263000064], [84.33456722500006, 24.424976472000026], [84.33505289600004, 24.42463642000007], [84.33561514700006, 24.42460814100008], [84.33549689000006, 24.425289081000074], [84.33560505100007, 24.426007396000045], [84.33586124000004, 24.426726605000056], [84.33637911000005, 24.427379760000065], [84.33644793000008, 24.428097801000035], [84.33685703300006, 24.428795381000043], [84.33656483900006, 24.42898324400005], [84.33594818000006, 24.429033693000065], [84.33540597200005, 24.429012310000076], [84.33512491000005, 24.429010650000066], [84.33505011200003, 24.429132048000042], [84.33514193500008, 24.429385359000037], [84.33534693000007, 24.42968006600006], [84.33545261300003, 24.43005531700004], [84.33562103300005, 24.43063864100003], [84.33559625800007, 24.43133804000007], [84.33489561300007, 24.431410564000032], [84.33416464500004, 24.43157771400007], [84.33341637600006, 24.432101284000055], [84.33249201900009, 24.43310669300007], [84.33181341800008, 24.434212953000042], [84.33066688800005, 24.43524873900003], [84.33014097700004, 24.43569234000006], [84.32957349600008, 24.436438235000026], [84.32934808600004, 24.43691980400007], [84.32889519700007, 24.43749482100003], [84.32848279300003, 24.437939183000026], [84.32817797900003, 24.43848341100005], [84.32776631000007, 24.438823936000063], [84.32724186200005, 24.439060040000072], [84.32677314100005, 24.439106843000047], [84.32614099100005, 24.439242895000064], [84.32520661400008, 24.438894067000035], [84.324946, 24.43878873500006], [84.32479741500003, 24.43889156700004], [84.32483384200003, 24.439302577000035], [84.32497647500008, 24.440021124000054], [84.32485809600007, 24.44070647600006], [84.32447810200006, 24.44142184100008], [84.32413884600004, 24.441965922000065], [84.32346345300004, 24.44261626100007], [84.32281195600007, 24.442707060000032], [84.32240538800005, 24.443002474000025], [84.32207722800007, 24.443370666000078], [84.32212524700003, 24.44355143000007], [84.32232669300004, 24.443647467000062], [84.32257670800004, 24.443856639000046], [84.32262428400009, 24.44408715700007], [84.32254931600005, 24.444222094000054], [84.32234662800005, 24.44429309800006], [84.32201576900007, 24.44435876600005], [84.32179235800004, 24.444565023000052], [84.32176142300005, 24.444749847000026], [84.32181333400007, 24.445070701000077], [84.32188228500007, 24.44576175000003], [84.32180711700005, 24.44592377400005], [84.32163849600005, 24.446053602000063], [84.32062991100008, 24.446412988000077], [84.31962261900009, 24.44659187600007], [84.31821337600007, 24.44644775100005], [84.31715946500003, 24.44625624500003], [84.31670485700005, 24.446388841000044], [84.31594762000003, 24.446754317000057], [84.31483585100005, 24.44706792100004], [84.31347568600006, 24.44761462300005], [84.31259674900008, 24.44777171900006], [84.31166396100008, 24.44788324900003], [84.31074048200009, 24.44806258600005], [84.30761949500004, 24.44799357200003], [84.30409899200004, 24.447926366000047], [84.30359499900004, 24.44806315900007], [84.30238278000007, 24.44860626800005], [84.30052205400006, 24.448824733000038], [84.29938842600006, 24.448749925000072], [84.29875502800007, 24.44904387300005], [84.29742361900009, 24.449030950000065], [84.29723624700006, 24.449688817000037], [84.29712042700004, 24.45131299700006], [84.29698848100008, 24.453126646000044], [84.29692488600006, 24.45437657800005], [84.29681738300008, 24.454894962000026], [84.29632498200004, 24.45545605500007], [84.29625739200003, 24.455916029000036], [84.29620240100007, 24.456669497000064], [84.29596579100007, 24.457308930000067], [84.29523413500004, 24.458198087000028], [84.29416976000005, 24.459391935000042], [84.29342913700003, 24.46015458200003], [84.29270401800005, 24.46083610000005], [84.29231489600005, 24.461420366000027], [84.29201882300003, 24.46274107100004], [84.29186936800005, 24.463602180000066], [84.29175881200007, 24.464522355000042], [84.29142264600006, 24.465273987000046], [84.29131521300008, 24.46579236300005], [84.29133669000004, 24.466216780000025], [84.29152669300004, 24.466515920000063], [84.29229512200004, 24.46729708400005], [84.29336952900007, 24.46805773400007], [84.29419012200003, 24.46846464600003], [84.29488375700004, 24.468703765000043], [84.29578159000005, 24.46932323200008], [84.29628905000004, 24.47005768100007], [84.29632467600004, 24.470567922000043], [84.29623390000006, 24.472147177000068], [84.29615953100006, 24.472841861000063], [84.29630988600007, 24.473185856000043], [84.29735059900008, 24.47384231700005], [84.29805565100008, 24.47452841000006], [84.29808732100008, 24.474907681000047], [84.29823845200008, 24.475147932000027], [84.29931580900006, 24.475529317000053], [84.30017481100003, 24.476080851000063], [84.30112866300004, 24.477797554000063], [84.30175523700007, 24.479101424000078], [84.30229318000005, 24.479709634000073], [84.30277426700007, 24.48001959900006], [84.30586951600003, 24.48100037100005], [84.30847629900006, 24.482009678000054], [84.31100505000006, 24.48356460100007], [84.31385336000005, 24.485279467000055], [84.31489401200008, 24.48596750100006], [84.31573990300006, 24.486306718000037], [84.31697461700008, 24.486765736000052], [84.31828035200004, 24.486967871000047], [84.31954797400005, 24.48698471800003], [84.32384814400007, 24.487151108000035], [84.32679708100005, 24.48726841000007], [84.32736928100007, 24.487276459000043], [84.32801019600004, 24.487325499000065], [84.32871874300008, 24.48756902300005], [84.32953991900007, 24.487917150000044], [84.32998064700007, 24.488362103000043], [84.33023934800008, 24.48874290400005], [84.33061200300006, 24.489052058000027], [84.33150477700008, 24.489739077000024], [84.33213860900008, 24.490086014000042], [84.33295571000008, 24.490330149000044], [84.33489765500008, 24.490549607000048], [84.33608901000008, 24.490895289000036], [84.33856703200007, 24.492025169000044], [84.34120814700003, 24.49313346100007], [84.34250965100006, 24.493926705000035], [84.34321806900005, 24.494206277000046], [84.34414985200004, 24.49427956100004], [84.34486070300005, 24.49421611300005], [84.34585057500004, 24.494447750000063], [84.34621854400007, 24.49472079800006], [84.34666506800005, 24.495066517000055], [84.34684885600007, 24.49558214500007], [84.34706552800003, 24.49701881900006], [84.34688259100005, 24.49776698200003], [84.34695871600007, 24.498155583000027], [84.34719409400003, 24.49844898300006], [84.34742812700006, 24.498740705000046], [84.34936805300003, 24.499957460000076], [84.35028180200004, 24.50050008100004], [84.35049615900004, 24.500626392000072], [84.35097299600005, 24.500685318000023], [84.35261369200003, 24.50073059300007], [84.35320074600008, 24.50072053300005], [84.35412592500006, 24.501055551000036], [84.35544799200005, 24.50174945200007], [84.35776234000008, 24.503076641000064], [84.36011538900004, 24.50449886800004], [84.36211606100005, 24.50552619900003], [84.36385493900008, 24.506610669000054], [84.36610223500008, 24.50767102900005], [84.36892350900007, 24.508472993000055], [84.37135635800007, 24.509109995000074], [84.37206646000004, 24.509867925000037], [84.37255905200004, 24.510692366000058], [84.37280558900005, 24.51163150700006], [84.37284741700006, 24.511790844000075], [84.37308387200005, 24.51256406400006], [84.37390297300004, 24.513254870000026], [84.37453168100006, 24.51366930300003], [84.37456372800006, 24.51402607400007], [84.37477509900003, 24.51484882500006], [84.37537721900009, 24.51553842000004], [84.37516232200005, 24.51593435700005], [84.37444262800005, 24.516553092000038], [84.37472148200004, 24.517601910000053], [84.37424426500007, 24.51883589600004], [84.37413175200004, 24.520112578000067], [84.37373140500006, 24.52092728300005], [84.37267898200008, 24.522559600000022], [84.37256372300004, 24.524233555000023], [84.37337961200006, 24.524694169000043], [84.37356012200007, 24.52499311200006], [84.37327076200006, 24.525447349000046], [84.37294286700006, 24.525774917000035], [84.37251429600008, 24.526381779000076], [84.37171907900006, 24.527916325000035], [84.37103181600008, 24.528828609000072], [84.37149403200004, 24.52906152500003], [84.37242519000006, 24.52926555600004], [84.37339348700004, 24.529104215000075], [84.37431886600007, 24.528716841000062], [84.37528941200009, 24.528230536000024], [84.37600508700007, 24.528203106000035], [84.37693488300005, 24.52860114200007], [84.37782390000007, 24.52919755000005], [84.37886644800005, 24.529005047000055], [84.37955000600004, 24.528616227000043], [84.38001625500004, 24.528271353000036], [84.38112105800008, 24.529054123000037], [84.38340771200006, 24.52949153000003], [84.38502007700004, 24.52966328900004], [84.38580703800005, 24.530028955000034], [84.38605043700005, 24.53051778300005], [84.38618728400007, 24.53143484700007], [84.38643307000007, 24.532289393000042], [84.38607157600006, 24.532481433000044], [84.38556780100004, 24.53254626000006], [84.38492361700008, 24.532935274000067], [84.38463210000003, 24.533718995000072], [84.38412097300005, 24.534857990000035], [84.38418620900006, 24.536135787000035], [84.38446741400008, 24.536859537000055], [84.38453651600008, 24.537582142000076], [84.38481355600004, 24.538928888000044], [84.38448425200005, 24.539445998000076], [84.38426874300006, 24.53993674800006], [84.38418481100007, 24.541376213000035], [84.38364533400005, 24.541603249000048], [84.38264227800005, 24.54179613100007], [84.38217435500007, 24.54238018700005], [84.38227612400004, 24.543364755000027], [84.38284750700006, 24.54353060400007], [84.38391883800006, 24.543464554000025], [84.38546022300005, 24.54321156700007], [84.38667961500005, 24.543155375000026], [84.38763399900006, 24.543585165000025], [84.38809771700005, 24.54434156700006], [84.38892159100004, 24.54437787100005], [84.39002563000008, 24.54459179500003], [84.39038119300005, 24.545270858000038], [84.39077265600008, 24.545765128000028], [84.39066070700005, 24.546256526000036], [84.39019036600007, 24.54647949500003], [84.38947144900004, 24.546967375000065], [84.38979050300009, 24.547231031000024], [84.39043131300008, 24.548056162000023], [84.39121651900007, 24.548715144000028], [84.39238969300004, 24.549638110000046], [84.39285456800008, 24.55023206800007], [84.39271056000007, 24.55036209600007], [84.39220689700005, 24.550390831000072], [84.39177644600005, 24.55055537100003], [84.39188129900003, 24.55111114600004], [84.39212720700004, 24.551961163000044], [84.39283853900008, 24.552588069000024], [84.39376124300009, 24.55334711300003], [84.39400489700006, 24.553799904000073], [84.39418551500006, 24.554825600000072], [84.39432290900004, 24.555679446000056], [84.39388124400006, 24.556755689000056], [84.39348786800008, 24.55727252500003], [84.39351418200005, 24.558486850000065], [84.39307941700008, 24.559269785000026], [84.39253965300009, 24.559528545000035], [84.39235730700005, 24.560218060000068], [84.39214161000007, 24.56073590400007], [84.39181159300006, 24.56135695100005], [84.39130752300008, 24.56217557000008], [84.39105006300008, 24.563013685000044], [84.39158597100004, 24.563323660000037], [84.39193864600009, 24.563718352000024], [84.39247046400004, 24.56463768100008], [84.39267506200008, 24.56574918700005], [84.39188472800004, 24.56656169200005], [84.39180603200003, 24.56725184100003], [84.39221496100004, 24.56809370700006], [84.39366865200003, 24.567718334000062], [84.39555165100006, 24.567367911000076], [84.39798738500008, 24.56774283200008], [84.39901772900004, 24.568664944000034], [84.39987376400006, 24.56982074900003], [84.40115739500004, 24.57051407800003], [84.40175538700004, 24.57113589200003], [84.40232285300004, 24.57189287800003], [84.40311224300007, 24.57269169400007], [84.40402008700005, 24.572750945000053], [84.40565069500008, 24.57250286200008], [84.40683561200007, 24.572464361000073], [84.40690902600005, 24.571819306000066], [84.40716689700008, 24.570904421000023], [84.40802744700005, 24.570647485000052], [84.40960816100005, 24.57047576800005], [84.40918347300004, 24.56901539100005], [84.40822352600009, 24.567895218000046]]]]}}, {"type": "Feature", "properties": {"OBJECTID": 44, "BLOCK_CODE": "0024", "NEAR_TOWN": "SHERGHATI", "BLK_NAME": "BARACHATTI", "DIST_NAME": "GAYA"}, "geometry": {"type": "MultiPolygon", "coordinates": [[[[84.98093991500008, 24.558469905000038], [84.98192284400005, 24.55808793600005], [84.98260498400003, 24.557619696000074], [84.98299632400006, 24.556943260000025], [84.98329395400003, 24.55620352300008], [84.98337059900007, 24.554966818000025], [84.98321635100007, 24.553206012000032], [84.98314736600008, 24.550845094000067], [84.98295226800008, 24.549756846000037], [84.98311246400004, 24.548664746000043], [84.98312540200004, 24.547197663000077], [84.98275805000003, 24.545892501000026], [84.98254464600006, 24.544140698000035], [84.98251129500005, 24.543549307000035], [84.98270437500008, 24.543278746000055], [84.98297629000007, 24.54303096900003], [84.98324974400003, 24.54206546900008], [84.98449374400008, 24.541882591000046], [84.98552579100004, 24.541568374000065], [84.98602018900004, 24.541099835000068], [84.98695440800003, 24.540379178000023], [84.98718984100003, 24.53868230300003], [84.98768047000004, 24.53767207900006], [84.98844716000008, 24.536797641000078], [84.98929295900007, 24.53582859900007], [84.98995569900006, 24.535089448000065], [84.99072372000006, 24.53353790700004], [84.99089263200005, 24.532987496000032], [84.99052855500008, 24.53247232700005], [84.99035683400007, 24.531975428000067], [84.99035836700006, 24.531235132000063], [84.99001504500006, 24.530223457000034], [84.98946558200004, 24.528678685000045], [84.98976330600004, 24.527871209000068], [84.99018046600008, 24.526567346000036], [84.99119367900005, 24.52571594500006], [84.99170803500004, 24.525161610000055], [84.99212400200008, 24.52439939900006], [84.99289100100003, 24.523299300000076], [84.99340558100005, 24.522600495000063], [84.99394967500007, 24.521951400000034], [84.99505690200004, 24.52094214600004], [84.99532409700004, 24.520558883000035], [84.99591240000007, 24.520027191000054], [84.99652513300003, 24.519554312000025], [84.99694564200007, 24.518972692000034], [84.99724271900004, 24.51845404100004], [84.99734220600004, 24.518075020000026], [84.99744219200005, 24.517420704000074], [84.99759169100008, 24.516667032000043], [84.99784317600006, 24.51572348800005], [84.99854003500008, 24.515608090000057], [84.99953716800007, 24.51506725300004], [85.00034127900005, 24.515216917000032], [85.00136729700006, 24.515389310000046], [85.00211680300004, 24.51578709000006], [85.00305979300003, 24.51515143900008], [85.00424436800006, 24.514633223000033], [85.00502411700006, 24.514484882000033], [85.00574922700008, 24.514661500000045], [85.00674594900005, 24.514535945000034], [85.00749602000008, 24.514346914000043], [85.00879390900008, 24.513977818000058], [85.00992383200008, 24.51390640900007], [85.01094550000005, 24.51353707000004], [85.01260853700006, 24.51300109400006], [85.01435541700005, 24.512681911000072], [85.01688707700004, 24.511871239000072], [85.01825895000007, 24.51146141600003], [85.01853411300004, 24.51280231900006], [85.01869626600006, 24.513614953000058], [85.01839427500005, 24.514842557000065], [85.01785541200007, 24.51609262200003], [85.01696505500007, 24.518822948000036], [85.01574408400006, 24.521530503000065], [85.01477557400005, 24.523150351000027], [85.01636424200007, 24.523228311000025], [85.01870348300008, 24.522643153000047], [85.02179713000004, 24.522672357000033], [85.02268546500005, 24.522523979000027], [85.02542858300006, 24.522801224000034], [85.02718019000008, 24.522752697000044], [85.02774287000005, 24.52250925100003], [85.02825610600007, 24.522410310000055], [85.02892726700009, 24.522216659000037], [85.03069374200004, 24.522136466000063], [85.03112807100007, 24.52186597000008], [85.03172091100004, 24.520904760000064], [85.03408995700005, 24.519899572000043], [85.03608396500005, 24.518948349000027], [85.03667672900008, 24.51793755400007], [85.03839885200006, 24.517189474000077], [85.04004303400006, 24.516652589000046], [85.04137989800006, 24.516396324000027], [85.04385647500004, 24.516397744000074], [85.04557990100005, 24.513798682000072], [85.04557994000004, 24.513798674000043], [85.04826921000006, 24.513258248000056], [85.05168855500006, 24.512772491000078], [85.05306027800003, 24.512502304000066], [85.05526578400008, 24.51228211600005], [85.05601071100006, 24.512341121000077], [85.05618245400007, 24.511950101000025], [85.05704807200004, 24.50988145100007], [85.05758743400008, 24.506902398000022], [85.05740083500007, 24.50519601600007], [85.05765075100004, 24.503844763000075], [85.05724437600009, 24.500675788000024], [85.05449555200005, 24.50050574900007], [85.05457119700003, 24.49838399600003], [85.05473033900006, 24.49753098900004], [85.05507241400005, 24.49647518300003], [85.05544800500007, 24.496019700000033], [85.05610476400005, 24.495591741000055], [85.05672682600004, 24.495249494000063], [85.05725966200004, 24.49519145000005], [85.05878937900007, 24.49490901200005], [85.05978622400005, 24.49465301400005], [85.06037886900003, 24.49419784500003], [85.06066090900003, 24.493570746000046], [85.06087865900008, 24.493142182000042], [85.06147109200003, 24.492799783000066], [85.06159488200007, 24.492488550000076], [85.06141338000003, 24.49180215800004], [85.06159632400005, 24.491518], [85.06234686900007, 24.49097720000003], [85.06356655200005, 24.490121078000072], [85.06431730800006, 24.48948103600003], [85.06469863300003, 24.488465831000042], [85.06640602600004, 24.48799845700006], [85.07213544100006, 24.486208696000062], [85.07474327100005, 24.485507532000042], [85.07735113800004, 24.484806307000042], [85.08183755000005, 24.482775532000062], [85.08543054000006, 24.481136406000076], [85.08970852200008, 24.479890604000047], [85.09064463500005, 24.480749263000064], [85.09166634100006, 24.484117877000074], [85.09191931100008, 24.487011645000052], [85.09221512800008, 24.491083642000035], [85.09264809800004, 24.49362485100005], [85.09295719800008, 24.496885647000056], [85.09341451300008, 24.49857475400006], [85.09346311700006, 24.49964638000006], [85.09376592500007, 24.500887960000057], [85.09445561400008, 24.500918386000023], [85.09514229700005, 24.500870229000043], [85.09694290500005, 24.50094282200007], [85.09839819300004, 24.50074896600006], [85.10009026300008, 24.500920750000034], [85.10091168000008, 24.501282509000077], [85.10152086800008, 24.50097072400007], [85.10308687200006, 24.49980236700003], [85.10339261200005, 24.499933560000045], [85.10403890000003, 24.499879976000045], [85.10509500200004, 24.499542485000063], [85.10605153800003, 24.499281663000033], [85.10788312400007, 24.49878221700004], [85.10949655500008, 24.498517409000044], [85.11017245000005, 24.498481980000065], [85.11101122000008, 24.498311234000028], [85.11163276300005, 24.498311784000066], [85.11480461300005, 24.49845913100006], [85.11656046600007, 24.49881730000004], [85.11765513900008, 24.499251608000066], [85.11836001900008, 24.499857060000068], [85.12247724200006, 24.502516382000067], [85.12338007500006, 24.502854952000064], [85.12425327000005, 24.503410184000074], [85.12467252100004, 24.50430851400006], [85.12581215100005, 24.504425809000054], [85.12608350000005, 24.500525682000045], [85.12633315000005, 24.498694724000075], [85.12768604600006, 24.49738671600005], [85.12852085400004, 24.496294963000025], [85.12863942000007, 24.49607394900005], [85.12848257000007, 24.495021961000077], [85.12840449300006, 24.49411006100007], [85.12971680100009, 24.493966734000026], [85.13051124800006, 24.49374613200007], [85.13106911200003, 24.493204870000056], [85.13190451100007, 24.49134570700005], [85.13234534100008, 24.489418527000055], [85.13262806800003, 24.48770796900004], [85.13292652500007, 24.485040367000067], [85.13292844900008, 24.482927708000034], [85.13313233900004, 24.481108755000037], [85.13329188800003, 24.479212967000024], [85.13347035900006, 24.478287624000075], [85.13360527300006, 24.478065093000055], [85.13431011800003, 24.476902496000037], [85.13530296800008, 24.475264603000028], [85.13538297000008, 24.474063932000035], [85.13582317800007, 24.47264679700004], [85.13610124200005, 24.470606634000035], [85.13636046000005, 24.467424467000058], [85.13664274400008, 24.466187742000045], [85.13716251900007, 24.463967215000025], [85.13803673900009, 24.46254589700004], [85.13907337700005, 24.461386610000034], [85.14034683800008, 24.460078441000064], [85.14139761900003, 24.459754128000043], [85.14266967800006, 24.460043942000027], [85.14386353100008, 24.459539224000025], [85.14600970900005, 24.458448284000042], [85.14736088600006, 24.45852148000006], [85.14959037400007, 24.458012840000038], [85.15181539400004, 24.456921941000076], [85.15265998900009, 24.455157495000037], [85.15368830900007, 24.451786067000057], [85.15321613200007, 24.45011104500003], [85.15321710500007, 24.44887411700006], [85.15353345100004, 24.447781963000068], [85.15401266800006, 24.44661764700004], [85.15473314100007, 24.445886751000046], [85.15663689400003, 24.44537785600005], [85.15846633800004, 24.445378995000056], [85.15997537800007, 24.445235427000057], [85.16093181600007, 24.445457176000048], [85.16180462100004, 24.445457747000034], [85.16227813100005, 24.445309002000045], [85.16259917200006, 24.444582440000033], [85.16252072800006, 24.443860162000078], [85.16331563600005, 24.442325803000074], [85.16347907900007, 24.44130573700005], [85.16466958900008, 24.438101333000077], [85.16630299300004, 24.43602579900005], [85.16726042800008, 24.434717213000056], [85.16924889500007, 24.432461201000024], [85.17092429400003, 24.43180748900005], [85.17092429400003, 24.430451197000025], [85.17078152600004, 24.428952136000078], [85.17385103100008, 24.426096783000048], [85.17556424300005, 24.424454955000044], [85.17592116200007, 24.42331281400004], [85.17535009100004, 24.42138545000006], [85.17399379900007, 24.420386077000046], [85.17263750600006, 24.420671612000035], [85.17042460700003, 24.42109991500007], [85.16785478900005, 24.42124268300006], [85.16568645200005, 24.421390571000074], [85.16262158700005, 24.418874446000075], [85.16238560000005, 24.417926376000025], [85.16246562700007, 24.41632386300006], [85.16198859000008, 24.41450445600003], [85.16151099600006, 24.413628435000078], [85.15913062800007, 24.412606824000022], [85.15499501600004, 24.411949718000074], [85.14998648900007, 24.411874263000072], [85.14653135800006, 24.411104499000032], [85.14335313600003, 24.409355315000028], [85.13953949800003, 24.40709550200006], [85.13651828000008, 24.406438716000025], [85.13254479600005, 24.406724585000063], [85.13000232400003, 24.405485715000054], [85.12896787800008, 24.404609099000027], [85.12738157200005, 24.40358761400006], [85.12158046100006, 24.402783826000075], [85.12058489100008, 24.40259788000003], [85.11947205700005, 24.401432301000057], [85.11860128600006, 24.39975680300006], [85.11756678800003, 24.399101330000065], [85.11733106300005, 24.398297564000075], [85.11725436900008, 24.396184901000026], [85.11510936000008, 24.39231890600007], [85.11185424000007, 24.389553292000073], [85.11082511100005, 24.38860894000004], [85.10903606200003, 24.388494346000073], [85.10571079400006, 24.386992529000054], [85.10247869900007, 24.385964713000078], [85.10214456800009, 24.385048010000048], [85.10270441400007, 24.38259285600003], [85.10359801000004, 24.381266597000035], [85.10404775400008, 24.380143020000048], [85.10349235800004, 24.378815281000072], [85.10103577700005, 24.376461041000027], [85.09936692000008, 24.37492449900003], [85.09814104700007, 24.37379928100006], [85.09713597100006, 24.373595172000023], [85.09412435700006, 24.373899051000024], [85.09278353700006, 24.374204573000043], [85.09099982000004, 24.37389574900004], [85.08999488000006, 24.373587754000027], [85.08753868400004, 24.375115451000056], [85.08396348500008, 24.376750221000066], [85.08162152800008, 24.37746086800007], [85.07916565400006, 24.37858210400003], [85.07715460600008, 24.378787455000065], [85.07581915700007, 24.378682101000038], [85.07402919900005, 24.379293976000042], [85.07269152800006, 24.380822656000078], [85.07291190200004, 24.381847649000065], [85.07391585800008, 24.382869086000028], [85.07492018100004, 24.383687257000076], [85.07580968900004, 24.38563388500006], [85.07741372900006, 24.38761293500005], [85.07835326700007, 24.38900435900007], [85.07859328100005, 24.390133175000074], [85.07991841200004, 24.390680905000067], [85.08012308400004, 24.392459689000077], [85.08012134200004, 24.39378683500007], [85.07758256700004, 24.39401422000003], [85.07613255200005, 24.394626403000075], [85.07690918400004, 24.396261468000034], [85.07735465600007, 24.398510013000077], [85.07958730900003, 24.398720152000067], [85.08172202900005, 24.398433671000078], [85.08152868500008, 24.39930473000004], [85.08150768000007, 24.400234587000057], [85.08159009200006, 24.401322537000055], [85.08120463000006, 24.402085052000075], [85.08093604600003, 24.403845284000056], [85.08067895100004, 24.40447245000007], [85.08047373200003, 24.406778962000033], [85.08098235700004, 24.409831019000023], [85.08165914100005, 24.412495165000053], [85.08165831400004, 24.413122618000045], [85.08268151000004, 24.414843666000024], [85.08285205300007, 24.416329016000077], [85.08105732000007, 24.41648495900006], [85.08080309800005, 24.414918254000042], [85.07952218600008, 24.414293886000053], [85.07884065300004, 24.415150838000045], [85.07908949200004, 24.417110209000043], [85.07891863500004, 24.41953415000006], [85.07947435900007, 24.420550450000064], [85.07870307800005, 24.422192660000064], [85.07964214500004, 24.424076169000045], [85.08031878200006, 24.42689371800003], [85.08057345400005, 24.428221137000037], [85.08031506500004, 24.429710516000057], [85.07971477200005, 24.432449904000066], [85.07954094300004, 24.433465415000057], [85.07719576800008, 24.43207691400005], [85.07458028600007, 24.430177945000025], [85.07214813200005, 24.427665276000027], [85.07008034100005, 24.425595326000064], [85.06783041500006, 24.423308483000028], [85.06734312200007, 24.422802330000025], [85.06533807400007, 24.418281282000066], [85.06348957300008, 24.411363295000058], [85.06276385700005, 24.408739755000056], [85.06245941200007, 24.40795835700004], [85.06185385900005, 24.40739785200003], [85.05960115700003, 24.40728217900005], [85.05567696400004, 24.407493861000034], [85.05423700800003, 24.40783508800007], [85.05107111500007, 24.408499068000026], [85.04692868300003, 24.409441574000027], [85.04598657000008, 24.409832997000024], [85.04561640700007, 24.41010790100006], [85.04549880100006, 24.409660772000052], [85.04537636100008, 24.40915953600006], [85.04501182800004, 24.408992020000028], [85.04482826500004, 24.40971860600007], [85.04379051300003, 24.411279084000057], [85.04342399600006, 24.41233938000005], [85.04244518200005, 24.414008288000048], [85.04098386400005, 24.415234093000038], [85.03879243100005, 24.413836208000077], [85.03806378900003, 24.41322123300006], [85.03727050500004, 24.412998919000074], [85.03647639100006, 24.41321895300007], [85.03513804900007, 24.41467063500005], [85.03354935200008, 24.41539067900004], [85.03147816500007, 24.415780351000024], [85.02971346600003, 24.415664949000075], [85.02819059300003, 24.41538288000004], [85.02700333000007, 24.41488004400003], [85.02554694600008, 24.413257289000057], [85.02371896500006, 24.41269935300005], [85.02251285400007, 24.411745102000054], [85.02115308000003, 24.41131419000004], [85.02024150900007, 24.41107353900003], [85.01948748100006, 24.410927980000054], [85.01841859400008, 24.410447843000043], [85.01742409500008, 24.40973310100003], [85.01638560100008, 24.408846673000028], [85.01607070700004, 24.408485100000064], [85.01437771800005, 24.40697922700008], [85.01273310000005, 24.405997093000053], [85.01130903300003, 24.405687871000055], [85.01086558800006, 24.40558789100004], [85.00971899400008, 24.40451174100008], [85.00862606900006, 24.40374708300004], [85.00740034400008, 24.40286033600006], [85.00656803900006, 24.402497899000025], [85.00534145300009, 24.402044458000034], [85.00471670500008, 24.40137085500004], [85.00436843400007, 24.400490079000065], [85.00213841700008, 24.398933557000078], [85.00135562500003, 24.398453766000046], [84.99784287400007, 24.395053330000053], [84.99724711900006, 24.394653164000033], [84.99650890600003, 24.394157303000043], [84.99534594300007, 24.393992853000043], [84.99433102100005, 24.39375190900006], [84.99389381600008, 24.393006299000035], [84.99340220200008, 24.392396045000055], [84.99296912300008, 24.392047754000032], [84.99203796600005, 24.391834018000054], [84.99156092600003, 24.39131403500005], [84.99077878000008, 24.39056791200005], [84.98970517900005, 24.390114637000067], [84.98909524600003, 24.389477068000076], [84.98843071900006, 24.389074176000065], [84.98758832200008, 24.38886057600007], [84.98634272200007, 24.38816769500005], [84.98613625300004, 24.387901036000073], [84.98564385900005, 24.387688054000023], [84.98515103200003, 24.387632997000026], [84.98445596100004, 24.387685930000032], [84.98398808300004, 24.38749554900005], [84.98381651500006, 24.387043770000048], [84.98381714800007, 24.386750404000054], [84.98372904900003, 24.38645678000006], [84.98335497000005, 24.38624401000004], [84.98299165600008, 24.385539186000074], [84.98302283300006, 24.38479440100008], [84.98259023400004, 24.38423840200005], [84.98183781500006, 24.383465106000074], [84.98166235200006, 24.38250332000007], [84.98166371900004, 24.38186683200007], [84.98166505300009, 24.38125291800003], [84.98114398700005, 24.38058839400003], [84.98040636800005, 24.37980162200006], [84.97974227500004, 24.37918650200004], [84.97910180800005, 24.379081574000054], [84.97849115600008, 24.378868252000075], [84.97802864900007, 24.378492773000062], [84.97768111700003, 24.37737716500004], [84.97602809700004, 24.376042523000024], [84.97511895500008, 24.374831116000053], [84.97335901400004, 24.375062636000052], [84.97154551500006, 24.37498252900008], [84.96953047300008, 24.374712490000036], [84.96685526000005, 24.37429220300004], [84.96290391500008, 24.373797253000077], [84.96002199500003, 24.37329968000006], [84.95763406200007, 24.372315523000054], [84.95520620100007, 24.371516326000062], [84.95405305900005, 24.371514142000024], [84.95145888700006, 24.372339629000066], [84.94815851400006, 24.373768588000075], [84.94453246100005, 24.375341260000027], [84.94280088300007, 24.376046449000057], [84.94154865200005, 24.37624700200007], [84.94062967500008, 24.377188623000052], [84.93939001700005, 24.378269428000067], [84.93787930800005, 24.37932262700008], [84.93742479900004, 24.379741489000025], [84.93652260600004, 24.37986157000006], [84.93516785000008, 24.37964202200004], [84.93304441300006, 24.379317127000036], [84.93154179800007, 24.37909731600007], [84.92980280400008, 24.378795701000058], [84.92853126600005, 24.378765888000032], [84.92686685300004, 24.378207110000062], [84.92527546600007, 24.378014129000064], [84.92273838400007, 24.37760238000004], [84.92232579800003, 24.37705976600006], [84.92158749300006, 24.376706125000055], [84.92035206300005, 24.37608499600003], [84.91985084200007, 24.375515086000064], [84.91902873400005, 24.37513417200006], [84.91758215400006, 24.37423721300007], [84.91661371300006, 24.37329160300004], [84.91289364900007, 24.373012501000062], [84.91114880100008, 24.373089888000038], [84.90864495100004, 24.373219679000044], [84.90761193200007, 24.372486039000023], [84.90610882900006, 24.372482595000065], [84.90422204400005, 24.372207522000053], [84.90365925900005, 24.372558335000065], [84.90346522500005, 24.373248494000052], [84.90294817100005, 24.374230709000074], [84.90272705500007, 24.374650751000047], [84.90177853100005, 24.375515223000036], [84.90078994100008, 24.376551222000046], [84.90179353400003, 24.377230659000077], [84.90287970000008, 24.378343598000072], [84.90449921000004, 24.379047049000064], [84.90719519200007, 24.38084979100006], [84.90740679300006, 24.380993729000068], [84.90819392200007, 24.381529158000035], [84.90839852500005, 24.382396293000056], [84.90920841800005, 24.383653069000047], [84.90890233000005, 24.38383291100007], [84.90830331300003, 24.38482915700007], [84.90732792500006, 24.386461127000075], [84.90655664000008, 24.387366679000024], [84.90592653300007, 24.38888194900005], [84.90489711200007, 24.39045960900006], [84.90486978200005, 24.391439078000076], [84.90479668700004, 24.392955647000065], [84.90449703600007, 24.394408499000065], [84.90433660100007, 24.395387698000036], [84.90565076900003, 24.396108431000073], [84.90701344800004, 24.397091096000054], [84.90847980800004, 24.398037827000053], [84.91001995500005, 24.399075054000036], [84.91154884300005, 24.400595200000055], [84.91235965800007, 24.40157655400003], [84.91297312600005, 24.402566512000078], [84.91436253400008, 24.402826980000043], [84.91502747800007, 24.403031542000065], [84.91597214500007, 24.403733318000036], [84.91697619300004, 24.40434041700007], [84.91763625200008, 24.404508917000044], [84.91968176000006, 24.404603716000054], [84.92215557600008, 24.40492054200007], [84.92221841400004, 24.405399170000067], [84.92251272300007, 24.40596408600004], [84.92241666400008, 24.40687122500003], [84.92205540100008, 24.407443670000077], [84.92187171600006, 24.407939860000056], [84.92220954200008, 24.408843433000072], [84.92241016900005, 24.409394579000036], [84.92303426400008, 24.410172353000064], [84.92356377400006, 24.411329039000066], [84.92370536500005, 24.411862081000038], [84.92426622300007, 24.412287545000027], [84.92464736700003, 24.41359749000003], [84.92471502000006, 24.41414386200006], [84.92521561600006, 24.41501162900005], [84.92559449800007, 24.415305827000054], [84.92605721800004, 24.41558223000004], [84.92654045000006, 24.415529073000073], [84.92694618900003, 24.41495666900005], [84.92703657500005, 24.414320385000053], [84.92719561200005, 24.413806093000062], [84.92769964900003, 24.413328655000043], [84.92834557800006, 24.41327590000003], [84.92918780900004, 24.41358914600005], [84.92977217900005, 24.41448415800005], [84.92979404300007, 24.415590207000037], [84.92974049400004, 24.41730543500006], [84.92986157800004, 24.41814076000003], [84.93005769400008, 24.41857006200007], [84.93040231000003, 24.418796434000058], [84.93096919300007, 24.41882027400004], [84.93169036300003, 24.418234890000065], [84.93250487500006, 24.417830399000024], [84.93342261100008, 24.417538861000025], [84.93330541900008, 24.419046354000045], [84.93247402300005, 24.420322104000036], [84.93116363400009, 24.42188120800006], [84.93042110800008, 24.423053306000043], [84.92959594000007, 24.42378278800004], [84.92781246100003, 24.425255124000046], [84.92681997600005, 24.42584890100005], [84.92593557300006, 24.42655123800006], [84.92587418000005, 24.427435799000023], [84.92530485400005, 24.42837356700005], [84.92504585500006, 24.42936155700005], [84.92515081300007, 24.43076565000007], [84.92408340800006, 24.43168876900006], [84.92325368500008, 24.43221963700006], [84.92270001200006, 24.43279620800007], [84.92241688300004, 24.433603654000024], [84.92257642300007, 24.43484081300005], [84.92285577600006, 24.435505059000036], [84.92363787400006, 24.436224431000028], [84.92440067800004, 24.436799406000034], [84.92421630600006, 24.437570896000068], [84.92386505000007, 24.438030621000053], [84.92386201900007, 24.439181680000047], [84.92375564500009, 24.44031448900006], [84.92356083600004, 24.44125297200003], [84.92418883600004, 24.442500194000047], [84.92481197700005, 24.443706849000023], [84.92559766800008, 24.44500853200003], [84.92645859000004, 24.445800360000078], [84.92651555600008, 24.446653672000025], [84.92603060800008, 24.447320732000037], [84.92527849900006, 24.448339244000067], [84.92476872100008, 24.44904689300006], [84.92459391000006, 24.44992678600005], [84.92455235600005, 24.450743728000077], [84.92487597800005, 24.451448563000042], [84.92621495200007, 24.454322390000073], [84.92803774000004, 24.458921659000055], [84.92984119800008, 24.46343050100006], [84.93010481200008, 24.464527962000034], [84.93070886800007, 24.465531414000054], [84.93135729700003, 24.466571031000058], [84.93140477800006, 24.467306902000075], [84.93390017500008, 24.46736630500004], [84.93506890500004, 24.46742740600007], [84.93569958900008, 24.467631879000066], [84.93591455000006, 24.468471918000034], [84.93679621600006, 24.47092943800004], [84.93802183000008, 24.473942872000066], [84.93849231000007, 24.47518523100007], [84.93917299000003, 24.475177574000043], [84.93964700700008, 24.474975433000054], [84.93989935000008, 24.474628394000035], [84.93986639400003, 24.47399183300007], [84.93930282100007, 24.47248750500006], [84.93883277400005, 24.471096163000027], [84.93842572500006, 24.47014289300006], [84.93787581700008, 24.469144089000054], [84.94005500700007, 24.46946910300005], [84.94011826000008, 24.469816791000028], [84.94068417100004, 24.470337113000028], [84.94086933800008, 24.471262860000024], [84.94128071200004, 24.472477997000055], [84.94127844500008, 24.473403405000056], [84.94089635200004, 24.474327926000058], [84.94089495200006, 24.474905799000055], [84.94095650600008, 24.47597573300004], [84.94116076800003, 24.47714979600005], [84.94166132300006, 24.478193565000026], [84.94172318800008, 24.479119123000032], [84.94115429600004, 24.479840142000057], [84.94127395200007, 24.481343606000053], [84.94193817800004, 24.48200853900005], [84.94207912400003, 24.482862001000058], [84.94226478700006, 24.483616186000063], [84.94334007400005, 24.483591326000067], [84.94539181400006, 24.483681200000035], [84.94681245300006, 24.483684097000037], [84.94706491200003, 24.485359345000063], [84.94712733900008, 24.48605456300004], [84.94759916200007, 24.486777802000063], [84.94873377000005, 24.48675293200006], [84.95018936000008, 24.486579815000027], [84.95018826300003, 24.48701773500005], [84.95002896800008, 24.487622243000033], [84.95088112700006, 24.488143088000072], [84.95187579600008, 24.48888533300004], [84.95196704800009, 24.489955319000046], [84.95229950300006, 24.49121092100006], [84.95316344800005, 24.493009189000077], [84.95357996900003, 24.49421979600004], [84.95414877900004, 24.49565185800003], [84.95230370700006, 24.495715932000053], [84.95100205700004, 24.495451573000025], [84.94983228700005, 24.49571103900007], [84.94889921900005, 24.496020650000048], [84.94844378500005, 24.496674291000033], [84.94867236200008, 24.498051529000065], [84.94890689900006, 24.499004512000056], [84.94942251400005, 24.500030173000027], [84.94949854700008, 24.500497211000038], [84.94955891300003, 24.500734618000024], [84.94980151500005, 24.502468581000073], [84.94989606900003, 24.504175060000023], [84.95074173700004, 24.505404576000046], [84.95177033000004, 24.506462834000047], [84.95265199900007, 24.50706950500006], [84.95311969500005, 24.507499248000045], [84.95315310500007, 24.507959732000074], [84.95263712500008, 24.50921812100006], [84.95188253300006, 24.509099322000054], [84.95124625200003, 24.509030333000055], [84.95056063200008, 24.508961270000043], [84.94982042200007, 24.50907259400003], [84.94893627200008, 24.50949965700005], [84.94829897100004, 24.50985502700007], [84.94790434300006, 24.509854261000044], [84.94729277000005, 24.509762719000037], [84.94687405800005, 24.50947298400007], [84.94599044700004, 24.509715020000044], [84.94542375500004, 24.509402398000077], [84.94421079100005, 24.509138078000035], [84.94264352600004, 24.50848041000006], [84.94136751700006, 24.50773746400006], [84.94071096600004, 24.507916721000072], [84.94031589500008, 24.50805128500008], [84.93919889600005, 24.508866064000074], [84.93833917700005, 24.50940596600003], [84.93748086900007, 24.50933648800003], [84.93706235100007, 24.509019636000062], [84.93671798100007, 24.508617121000043], [84.93610743100004, 24.508141885000043], [84.93566529800006, 24.507355569000026], [84.93520211700007, 24.50712886200006], [84.93456110300008, 24.50701463000007], [84.93399920500008, 24.506810339000026], [84.93282198500003, 24.506044995000025], [84.93123561700008, 24.507129580000026], [84.93233616900005, 24.508951049000075], [84.93311714700008, 24.510324972000035], [84.93397202800008, 24.51176672400004], [84.93453659500005, 24.51289192400003], [84.93569743100005, 24.514302669000074], [84.93570622600004, 24.514745149000078], [84.93521732200009, 24.514920111000038], [84.93506859200005, 24.515190665000034], [84.93523972400004, 24.51582297400006], [84.93538551500006, 24.516721604000054], [84.93572412700007, 24.517480652000074], [84.93690097900009, 24.518403985000077], [84.93737830900005, 24.51893305400006], [84.93766232300004, 24.51977777700006], [84.93808837700004, 24.521096819000036], [84.93808740200006, 24.52147595200006], [84.93801248200003, 24.52185948400006], [84.93798597600005, 24.522599744000047], [84.93818033500008, 24.523818980000044], [84.93813919500008, 24.52648663100007], [84.93798646200008, 24.528418359000057], [84.93771538100003, 24.530286628000056], [84.93879688100003, 24.529927747000045], [84.93987735600007, 24.53002021800006], [84.94115214500005, 24.529287072000045], [84.94215539700008, 24.528634582000052], [84.94304925400007, 24.528338443000052], [84.94398287100006, 24.527916005000066], [84.94538038000007, 24.527458486000057], [84.94566397900007, 24.528542369000036], [84.94551931000007, 24.52919660200007], [84.94581890000006, 24.529784052000025], [84.94638733900007, 24.529360894000035], [84.94734490100006, 24.529249976000074], [84.94795664600008, 24.529296373000022], [84.94874665300006, 24.529049601000054], [84.94930885400004, 24.529208781000023], [84.95169156300005, 24.529461798000057], [84.95393771200008, 24.529028311000047], [84.95455402500005, 24.52923271700007], [84.95543672000008, 24.529437574000042], [84.95597186900005, 24.532720245000064], [84.95584623400003, 24.533726630000046], [84.95596803200004, 24.534376902000076], [84.95588260200003, 24.535035780000044], [84.95698950000008, 24.534360879000076], [84.95757640600004, 24.534519972000055], [84.95799469300005, 24.53499477500003], [84.95814139100008, 24.535577360000048], [84.95839463800007, 24.53704940800003], [84.95975371700007, 24.53832047000003], [84.96031416500006, 24.539219907000074], [84.96075489200007, 24.540723867000054], [84.96120542100005, 24.542241512000032], [84.96178811800007, 24.544219768000062], [84.96236085900006, 24.546297287000073], [84.96250522600008, 24.547895547000053], [84.96279401500004, 24.54895232900003], [84.96303835200007, 24.550031641000032], [84.96303666500006, 24.550772024000025], [84.96263152300008, 24.55093819600006], [84.96162422500004, 24.551202630000034], [84.96076584700006, 24.55104750600003], [84.96019798400005, 24.551154793000023], [84.95835782000006, 24.55088037400003], [84.95634422200004, 24.550899042000026], [84.95532243600007, 24.550978266000072], [84.95488308200004, 24.55102252900008], [84.95465949200008, 24.551672121000024], [84.95495387100004, 24.55241753200005], [84.95509765800006, 24.554259486000035], [84.95553234200008, 24.556237545000045], [84.95576152500007, 24.55739805500008], [84.95575935100004, 24.55834149700007], [84.95509360400007, 24.558109941000055], [84.95445692600003, 24.558131255000035], [84.95275868400006, 24.558285931000057], [84.95245303100006, 24.558158954000078], [84.95176482600004, 24.55696584800006], [84.95306888500005, 24.556517081000038], [84.95177291400006, 24.55357138200003], [84.95106354500007, 24.552987632000054], [84.94939477400004, 24.553273250000075], [84.94743951500004, 24.553639452000027], [84.94530129500004, 24.554154208000057], [84.94412088300004, 24.554531043000054], [84.94365611200004, 24.554868682000063], [84.94367925000006, 24.55551871700004], [84.94320927600006, 24.555946621000032], [84.94235014800006, 24.556102804000034], [84.94146563800007, 24.556547874000046], [84.94058097300007, 24.557065171000033], [84.94096991800006, 24.557449663000057], [84.94256771900007, 24.557990115000052], [84.94364649000005, 24.558845424000026], [84.94491756200006, 24.559768898000073], [84.94612851700003, 24.561111991000075], [84.94757509600004, 24.562979255000073], [84.94897358700007, 24.564354257000048], [84.94927838500007, 24.564864974000045], [84.94941985600008, 24.56554234300006], [84.95012816400003, 24.566600030000075], [84.95039797600003, 24.567295752000064], [84.95127942300007, 24.568150627000023], [84.95285020200004, 24.569751753000048], [84.95401307600008, 24.57062068600004], [84.95509225700005, 24.57139022800004], [84.95631895300005, 24.57240375500004], [84.95757009900007, 24.57350759800005], [84.95879788900004, 24.574069746000077], [84.96090824700008, 24.57507588200008], [84.96208752900003, 24.575303860000076], [84.96400176800006, 24.575731826000037], [84.96480024500005, 24.576238945000057], [84.96682768100004, 24.576861206000046], [84.96832185100004, 24.577518516000055], [84.96945194100005, 24.577655992000075], [84.97019518000008, 24.57637089700006], [84.97080981100004, 24.575225465000074], [84.97105769900008, 24.57473398700006], [84.97067828700006, 24.574448849000078], [84.97125609900007, 24.57432803200004], [84.97184470900004, 24.57376935700006], [84.97194413500006, 24.573453563000044], [84.97226612400004, 24.57293509300007], [84.97251379300008, 24.57251123900005], [84.97302802400003, 24.57210595500004], [84.97317677500007, 24.571812797000064], [84.97347525100008, 24.570779636000054], [84.97330414200007, 24.570016460000033], [84.97339099000004, 24.568657832000042], [84.97373799400003, 24.56796332500005], [84.97472257100009, 24.566886259000057], [84.97553332900003, 24.566300952000063], [84.97642285900008, 24.565833137000027], [84.97688342200007, 24.565080136000063], [84.97695931200008, 24.56424965100007], [84.97664627100005, 24.562944568000034], [84.97637742200004, 24.561729815000035], [84.97636874000005, 24.56116102900006], [84.97668594800007, 24.560574803000065], [84.97700767900005, 24.56012394800007], [84.97826300300005, 24.55934074000004], [84.97872715900007, 24.559228725000025], [84.98020401400004, 24.558694266000032], [84.98093991500008, 24.558469905000038]]]]}}, {"type": "Feature", "properties": {"OBJECTID": 45, "BLOCK_CODE": "0018", "NEAR_TOWN": "SHERGHATI", "BLK_NAME": "DOBHI", "DIST_NAME": "GAYA"}, "geometry": {"type": "MultiPolygon", "coordinates": [[[[84.97026120900006, 24.59785774000005], [84.97069613600007, 24.597637346000056], [84.97204310400008, 24.598000979000062], [84.97365744900009, 24.598040070000025], [84.97432880300005, 24.598081867000076], [84.97570171400008, 24.59788579800005], [84.97681360800004, 24.597391278000032], [84.97854715000005, 24.597110015000055], [84.97963400300006, 24.596773451000047], [84.98085456700005, 24.596215874000052], [84.98102527200007, 24.594911658000058], [84.98112796600003, 24.593047580000075], [84.98150617000005, 24.589315123000063], [84.98186778600007, 24.586386166000068], [84.98196941800006, 24.585036733000038], [84.98139379600008, 24.58410580700007], [84.98016716200004, 24.58291190400007], [84.97847668600008, 24.58164942600007], [84.97765347900008, 24.58110171800007], [84.97691448800003, 24.58042332100007], [84.97603223800007, 24.57979423000006], [84.97487785100003, 24.57945361900005], [84.97362487700008, 24.579072147000034], [84.97237715100005, 24.57857331200006], [84.97132120600008, 24.578368238000053], [84.97048290800006, 24.57799196600007], [84.96945194100005, 24.577655992000075], [84.96832185100004, 24.577518516000055], [84.96682768100004, 24.576861206000046], [84.96480024500005, 24.576238945000057], [84.96400176800006, 24.575731826000037], [84.96208752900003, 24.575303860000076], [84.96090824700008, 24.57507588200008], [84.95879788900004, 24.574069746000077], [84.95757009900007, 24.57350759800005], [84.95631895300005, 24.57240375500004], [84.95509225700005, 24.57139022800004], [84.95401307600008, 24.57062068600004], [84.95285020200004, 24.569751753000048], [84.95127942300007, 24.568150627000023], [84.95039797600003, 24.567295752000064], [84.95012816400003, 24.566600030000075], [84.94941985600008, 24.56554234300006], [84.94927838500007, 24.564864974000045], [84.94897358700007, 24.564354257000048], [84.94757509600004, 24.562979255000073], [84.94612851700003, 24.561111991000075], [84.94491756200006, 24.559768898000073], [84.94364649000005, 24.558845424000026], [84.94256771900007, 24.557990115000052], [84.94096991800006, 24.557449663000057], [84.94058097300007, 24.557065171000033], [84.94146563800007, 24.556547874000046], [84.94235014800006, 24.556102804000034], [84.94320927600006, 24.555946621000032], [84.94367925000006, 24.55551871700004], [84.94365611200004, 24.554868682000063], [84.94412088300004, 24.554531043000054], [84.94530129500004, 24.554154208000057], [84.94743951500004, 24.553639452000027], [84.94939477400004, 24.553273250000075], [84.95106354500007, 24.552987632000054], [84.95177291400006, 24.55357138200003], [84.95306888500005, 24.556517081000038], [84.95176482600004, 24.55696584800006], [84.95245303100006, 24.558158954000078], [84.95275868400006, 24.558285931000057], [84.95445692600003, 24.558131255000035], [84.95509360400007, 24.558109941000055], [84.95575935100004, 24.55834149700007], [84.95576152500007, 24.55739805500008], [84.95553234200008, 24.556237545000045], [84.95509765800006, 24.554259486000035], [84.95495387100004, 24.55241753200005], [84.95465949200008, 24.551672121000024], [84.95488308200004, 24.55102252900008], [84.95532243600007, 24.550978266000072], [84.95634422200004, 24.550899042000026], [84.95835782000006, 24.55088037400003], [84.96019798400005, 24.551154793000023], [84.96076584700006, 24.55104750600003], [84.96162422500004, 24.551202630000034], [84.96263152300008, 24.55093819600006], [84.96303666500006, 24.550772024000025], [84.96303835200007, 24.550031641000032], [84.96279401500004, 24.54895232900003], [84.96250522600008, 24.547895547000053], [84.96236085900006, 24.546297287000073], [84.96178811800007, 24.544219768000062], [84.96120542100005, 24.542241512000032], [84.96075489200007, 24.540723867000054], [84.96031416500006, 24.539219907000074], [84.95975371700007, 24.53832047000003], [84.95839463800007, 24.53704940800003], [84.95814139100008, 24.535577360000048], [84.95799469300005, 24.53499477500003], [84.95757640600004, 24.534519972000055], [84.95698950000008, 24.534360879000076], [84.95588260200003, 24.535035780000044], [84.95596803200004, 24.534376902000076], [84.95584623400003, 24.533726630000046], [84.95597186900005, 24.532720245000064], [84.95543672000008, 24.529437574000042], [84.95455402500005, 24.52923271700007], [84.95393771200008, 24.529028311000047], [84.95169156300005, 24.529461798000057], [84.94930885400004, 24.529208781000023], [84.94874665300006, 24.529049601000054], [84.94795664600008, 24.529296373000022], [84.94734490100006, 24.529249976000074], [84.94638733900007, 24.529360894000035], [84.94581890000006, 24.529784052000025], [84.94551931000007, 24.52919660200007], [84.94566397900007, 24.528542369000036], [84.94538038000007, 24.527458486000057], [84.94398287100006, 24.527916005000066], [84.94304925400007, 24.528338443000052], [84.94215539700008, 24.528634582000052], [84.94115214500005, 24.529287072000045], [84.93987735600007, 24.53002021800006], [84.93879688100003, 24.529927747000045], [84.93771538100003, 24.530286628000056], [84.93798646200008, 24.528418359000057], [84.93813919500008, 24.52648663100007], [84.93818033500008, 24.523818980000044], [84.93798597600005, 24.522599744000047], [84.93801248200003, 24.52185948400006], [84.93808740200006, 24.52147595200006], [84.93808837700004, 24.521096819000036], [84.93766232300004, 24.51977777700006], [84.93737830900005, 24.51893305400006], [84.93690097900009, 24.518403985000077], [84.93572412700007, 24.517480652000074], [84.93538551500006, 24.516721604000054], [84.93523972400004, 24.51582297400006], [84.93506859200005, 24.515190665000034], [84.93521732200009, 24.514920111000038], [84.93570622600004, 24.514745149000078], [84.93569743100005, 24.514302669000074], [84.93453659500005, 24.51289192400003], [84.93397202800008, 24.51176672400004], [84.93311714700008, 24.510324972000035], [84.93233616900005, 24.508951049000075], [84.93123561700008, 24.507129580000026], [84.93282198500003, 24.506044995000025], [84.93399920500008, 24.506810339000026], [84.93456110300008, 24.50701463000007], [84.93520211700007, 24.50712886200006], [84.93566529800006, 24.507355569000026], [84.93610743100004, 24.508141885000043], [84.93671798100007, 24.508617121000043], [84.93706235100007, 24.509019636000062], [84.93748086900007, 24.50933648800003], [84.93833917700005, 24.50940596600003], [84.93919889600005, 24.508866064000074], [84.94031589500008, 24.50805128500008], [84.94071096600004, 24.507916721000072], [84.94136751700006, 24.50773746400006], [84.94264352600004, 24.50848041000006], [84.94421079100005, 24.509138078000035], [84.94542375500004, 24.509402398000077], [84.94599044700004, 24.509715020000044], [84.94687405800005, 24.50947298400007], [84.94729277000005, 24.509762719000037], [84.94790434300006, 24.509854261000044], [84.94829897100004, 24.50985502700007], [84.94893627200008, 24.50949965700005], [84.94982042200007, 24.50907259400003], [84.95056063200008, 24.508961270000043], [84.95124625200003, 24.509030333000055], [84.95188253300006, 24.509099322000054], [84.95263712500008, 24.50921812100006], [84.95315310500007, 24.507959732000074], [84.95311969500005, 24.507499248000045], [84.95265199900007, 24.50706950500006], [84.95177033000004, 24.506462834000047], [84.95074173700004, 24.505404576000046], [84.94989606900003, 24.504175060000023], [84.94980151500005, 24.502468581000073], [84.94955891300003, 24.500734618000024], [84.94949854700008, 24.500497211000038], [84.94942251400005, 24.500030173000027], [84.94890689900006, 24.499004512000056], [84.94867236200008, 24.498051529000065], [84.94844378500005, 24.496674291000033], [84.94889921900005, 24.496020650000048], [84.94983228700005, 24.49571103900007], [84.95100205700004, 24.495451573000025], [84.95230370700006, 24.495715932000053], [84.95414877900004, 24.49565185800003], [84.95357996900003, 24.49421979600004], [84.95316344800005, 24.493009189000077], [84.95229950300006, 24.49121092100006], [84.95196704800009, 24.489955319000046], [84.95187579600008, 24.48888533300004], [84.95088112700006, 24.488143088000072], [84.95002896800008, 24.487622243000033], [84.95018826300003, 24.48701773500005], [84.95018936000008, 24.486579815000027], [84.94873377000005, 24.48675293200006], [84.94759916200007, 24.486777802000063], [84.94712733900008, 24.48605456300004], [84.94706491200003, 24.485359345000063], [84.94681245300006, 24.483684097000037], [84.94539181400006, 24.483681200000035], [84.94334007400005, 24.483591326000067], [84.94226478700006, 24.483616186000063], [84.94207912400003, 24.482862001000058], [84.94193817800004, 24.48200853900005], [84.94127395200007, 24.481343606000053], [84.94115429600004, 24.479840142000057], [84.94172318800008, 24.479119123000032], [84.94166132300006, 24.478193565000026], [84.94116076800003, 24.47714979600005], [84.94095650600008, 24.47597573300004], [84.94089495200006, 24.474905799000055], [84.94089635200004, 24.474327926000058], [84.94127844500008, 24.473403405000056], [84.94128071200004, 24.472477997000055], [84.94086933800008, 24.471262860000024], [84.94068417100004, 24.470337113000028], [84.94011826000008, 24.469816791000028], [84.94005500700007, 24.46946910300005], [84.93787581700008, 24.469144089000054], [84.93842572500006, 24.47014289300006], [84.93883277400005, 24.471096163000027], [84.93930282100007, 24.47248750500006], [84.93986639400003, 24.47399183300007], [84.93989935000008, 24.474628394000035], [84.93964700700008, 24.474975433000054], [84.93917299000003, 24.475177574000043], [84.93849231000007, 24.47518523100007], [84.93802183000008, 24.473942872000066], [84.93679621600006, 24.47092943800004], [84.93591455000006, 24.468471918000034], [84.93569958900008, 24.467631879000066], [84.93506890500004, 24.46742740600007], [84.93390017500008, 24.46736630500004], [84.93140477800006, 24.467306902000075], [84.93135729700003, 24.466571031000058], [84.93070886800007, 24.465531414000054], [84.93010481200008, 24.464527962000034], [84.92984119800008, 24.46343050100006], [84.92803774000004, 24.458921659000055], [84.92621495200007, 24.454322390000073], [84.92487597800005, 24.451448563000042], [84.92455235600005, 24.450743728000077], [84.92459391000006, 24.44992678600005], [84.92476872100008, 24.44904689300006], [84.92527849900006, 24.448339244000067], [84.92603060800008, 24.447320732000037], [84.92651555600008, 24.446653672000025], [84.92645859000004, 24.445800360000078], [84.92559766800008, 24.44500853200003], [84.92481197700005, 24.443706849000023], [84.92418883600004, 24.442500194000047], [84.92356083600004, 24.44125297200003], [84.92375564500009, 24.44031448900006], [84.92386201900007, 24.439181680000047], [84.92386505000007, 24.438030621000053], [84.92421630600006, 24.437570896000068], [84.92440067800004, 24.436799406000034], [84.92363787400006, 24.436224431000028], [84.92285577600006, 24.435505059000036], [84.92257642300007, 24.43484081300005], [84.92241688300004, 24.433603654000024], [84.92270001200006, 24.43279620800007], [84.92325368500008, 24.43221963700006], [84.92408340800006, 24.43168876900006], [84.92515081300007, 24.43076565000007], [84.92504585500006, 24.42936155700005], [84.92530485400005, 24.42837356700005], [84.92587418000005, 24.427435799000023], [84.92593557300006, 24.42655123800006], [84.92681997600005, 24.42584890100005], [84.92781246100003, 24.425255124000046], [84.92959594000007, 24.42378278800004], [84.93042110800008, 24.423053306000043], [84.93116363400009, 24.42188120800006], [84.93247402300005, 24.420322104000036], [84.93330541900008, 24.419046354000045], [84.93342261100008, 24.417538861000025], [84.93250487500006, 24.417830399000024], [84.93169036300003, 24.418234890000065], [84.93096919300007, 24.41882027400004], [84.93040231000003, 24.418796434000058], [84.93005769400008, 24.41857006200007], [84.92986157800004, 24.41814076000003], [84.92974049400004, 24.41730543500006], [84.92979404300007, 24.415590207000037], [84.92977217900005, 24.41448415800005], [84.92918780900004, 24.41358914600005], [84.92834557800006, 24.41327590000003], [84.92769964900003, 24.413328655000043], [84.92719561200005, 24.413806093000062], [84.92703657500005, 24.414320385000053], [84.92694618900003, 24.41495666900005], [84.92654045000006, 24.415529073000073], [84.92605721800004, 24.41558223000004], [84.92559449800007, 24.415305827000054], [84.92521561600006, 24.41501162900005], [84.92471502000006, 24.41414386200006], [84.92464736700003, 24.41359749000003], [84.92426622300007, 24.412287545000027], [84.92370536500005, 24.411862081000038], [84.92356377400006, 24.411329039000066], [84.92303426400008, 24.410172353000064], [84.92241016900005, 24.409394579000036], [84.92220954200008, 24.408843433000072], [84.92187171600006, 24.407939860000056], [84.92205540100008, 24.407443670000077], [84.92241666400008, 24.40687122500003], [84.92251272300007, 24.40596408600004], [84.92221841400004, 24.405399170000067], [84.92215557600008, 24.40492054200007], [84.91968176000006, 24.404603716000054], [84.91763625200008, 24.404508917000044], [84.91697619300004, 24.40434041700007], [84.91597214500007, 24.403733318000036], [84.91502747800007, 24.403031542000065], [84.91436253400008, 24.402826980000043], [84.91297312600005, 24.402566512000078], [84.91235965800007, 24.40157655400003], [84.91154884300005, 24.400595200000055], [84.91001995500005, 24.399075054000036], [84.90847980800004, 24.398037827000053], [84.90701344800004, 24.397091096000054], [84.90565076900003, 24.396108431000073], [84.90433660100007, 24.395387698000036], [84.90204510100006, 24.396989451000024], [84.90043475200008, 24.398258715000054], [84.89936824400007, 24.398906272000033], [84.89845434900008, 24.399630955000077], [84.89512984000004, 24.402155552000067], [84.89425472700003, 24.403078893000043], [84.89381887000008, 24.403822698000056], [84.89222044700006, 24.406044376000068], [84.89221765200006, 24.40704203400003], [84.89165805800008, 24.407929987000045], [84.89134676700007, 24.409956028000067], [84.89128418400009, 24.41115209700007], [84.89169587100008, 24.412024360000032], [84.89144461900008, 24.41372106600005], [84.89142229100008, 24.414628320000077], [84.89072603200003, 24.415028369000026], [84.89042823900007, 24.415731933000075], [84.89017925900004, 24.416629624000052], [84.88934473200004, 24.417119650000075], [84.88862860200004, 24.417569333000074], [84.88805514400008, 24.418096105000075], [84.88791343800006, 24.419382297000027], [84.88738913600008, 24.419990419000044], [84.88720386600005, 24.42098760500005], [84.88653219600008, 24.421405830000026], [84.88550040500007, 24.421908917000053], [84.88476302900006, 24.42285057400005], [84.88417025400008, 24.42325089800005], [84.88322738600004, 24.423695500000065], [84.88271288700008, 24.424276576000068], [84.88247961400003, 24.424817677000078], [84.88419860600004, 24.425417679000077], [84.88578400800003, 24.426148305000027], [84.88512492100006, 24.427342947000056], [84.88498504000006, 24.42797459600007], [84.88645827800008, 24.43001395500005], [84.88753384800003, 24.431510771000035], [84.88780685700004, 24.432599249000077], [84.88760710000008, 24.433488089000036], [84.88719072400005, 24.434231890000035], [84.88650572700004, 24.43585077700004], [84.88568747800008, 24.437482920000036], [84.88542905500003, 24.43818650700007], [84.88463861000008, 24.440441648000046], [84.88483665200005, 24.441873013000077], [84.88543464400004, 24.443097841000053], [84.88571194900004, 24.44440305200004], [84.88610298800006, 24.44561823500004], [84.88597185900005, 24.446624562000068], [84.88570981700008, 24.44861915300004], [84.88554890000006, 24.449684097000045], [84.88537613200003, 24.45146672100003], [84.88512647400006, 24.45254047000003], [84.88698474500006, 24.452824820000046], [84.88632123600007, 24.453789277000055], [84.88608254100006, 24.45448836500003], [84.88631767900006, 24.45504416500006], [84.88631366100003, 24.45644352200003], [84.88579498200005, 24.45846007600005], [84.88584686200005, 24.459281770000075], [84.88658234100006, 24.46077768600003], [84.88697354800007, 24.461916115000065], [84.88739418000006, 24.463172084000064], [84.88587252800005, 24.464098285000034], [84.88468085200003, 24.465156240000056], [84.88402994600006, 24.463416720000055], [84.88384947000003, 24.462739141000043], [84.88334825000004, 24.46208344100006], [84.88255860600003, 24.462302702000045], [84.88221097900004, 24.463118922000035], [84.88186826600008, 24.46396667700003], [84.88070108800008, 24.465074309000045], [84.87969791800003, 24.46577155500006], [84.87808856600003, 24.466300257000057], [84.87708038700003, 24.46702003200005], [84.87615758700008, 24.467184701000065], [84.87523536500004, 24.467159842000058], [84.87266342500004, 24.46630934700005], [84.87311596200004, 24.465055543000062], [84.87302404500008, 24.464463959000057], [84.87300424400007, 24.462843430000078], [84.87266733100006, 24.461686944000064], [84.87227193500007, 24.460309176000067], [84.87156581800008, 24.458975793000036], [84.87093688600004, 24.458179735000044], [84.87004095200007, 24.45764482900006], [84.86930244100006, 24.45725924900006], [84.86779882000008, 24.457083968000063], [84.86532301500006, 24.457149832000027], [84.86406058500006, 24.457119542000044], [84.86393340200004, 24.45841932600007], [84.86389892700004, 24.46002618500006], [84.86303172100008, 24.46136464800003], [84.86199375500007, 24.462120365000033], [84.86021620700006, 24.462833472000057], [84.85793390900005, 24.464073427000073], [84.85633378100005, 24.46478705900006], [84.85578405000007, 24.46553045400003], [84.85538714800003, 24.466269671000077], [84.85456248500003, 24.466592519000073], [84.85361095200005, 24.466513272000043], [84.85210316400008, 24.464491570000064], [84.85153932800006, 24.46343828700003], [84.85111870400004, 24.462304205000066], [84.85092839300006, 24.461676191000038], [84.85041524900004, 24.460198813000034], [84.85018200600007, 24.459087658000044], [84.84961957600007, 24.45757848100004], [84.84904155000004, 24.456344606000073], [84.84880892400008, 24.455062074000068], [84.84884027200007, 24.454506853000055], [84.84689936000007, 24.453842691000034], [84.84412542900003, 24.453081374000078], [84.84217918800005, 24.452566106000063], [84.84067628400004, 24.452200851000043], [84.84003945400008, 24.452429366000047], [84.83978083700003, 24.45309224300007], [84.83952682800003, 24.453885978000073], [84.83881639500004, 24.455486536000024], [84.83819668700005, 24.456509554000036], [84.83750734300008, 24.457699387000048], [84.83721173800006, 24.459120513000073], [84.83728306800003, 24.45993773300006], [84.83780905600008, 24.46044475000008], [84.83854807600005, 24.46069052300004], [84.83957937500008, 24.460499266000056], [84.84020972800005, 24.460767243000078], [84.84038944200006, 24.461634485000047], [84.84050910100007, 24.462767834000033], [84.84093551600006, 24.466628507000053], [84.84082670700008, 24.468257770000037], [84.84071565500005, 24.469060917000036], [84.83916759900006, 24.468862614000045], [84.83681916700004, 24.469118024000068], [84.83443089500008, 24.46946806400007], [84.83294977100007, 24.469924453000033], [84.83338015900006, 24.471054125000023], [84.83370488700007, 24.471285296000076], [84.83413479300003, 24.472541377000027], [84.83430960100003, 24.47337238800003], [84.83394730300006, 24.47406660400003], [84.83347534700005, 24.475089927000056], [84.83357921700008, 24.476512125000056], [84.83353482300004, 24.478001624000058], [84.83382133900005, 24.479392750000045], [84.83450316000005, 24.480550264000044], [84.83434202200004, 24.481538398000055], [84.83464531800007, 24.482311108000033], [84.83495772700007, 24.483318544000042], [84.83528566300004, 24.484082372000046], [84.83541586100006, 24.485003590000076], [84.83488296000007, 24.485047232000056], [84.83460047400007, 24.485470762000034], [84.83465651300008, 24.486414393000075], [84.83481508900007, 24.48769225700005], [84.83488076700007, 24.488753229000054], [84.83434290200006, 24.490304563000052], [84.83372165300005, 24.49172935300004], [84.83382374200005, 24.493688690000056], [84.83421924800007, 24.49492207800006], [84.83508865100004, 24.49604845400006], [84.83594436800007, 24.49686341100005], [84.83676162000006, 24.497380166000028], [84.83804904000004, 24.497406313000056], [84.83832934800006, 24.49766438900008], [84.83829986500007, 24.499144846000036], [84.83832014500007, 24.50049467100007], [84.83896339900008, 24.501430802000073], [84.83913305100003, 24.502374633000045], [84.83940049900008, 24.503544505000036], [84.83964140300003, 24.50532369600006], [84.83986369200005, 24.506773296000063], [84.83994340600003, 24.508064501000035], [84.83962451400004, 24.50903419200006], [84.83966092400004, 24.509968668000056], [84.84069062000003, 24.51041838200007], [84.84212118200008, 24.511988618000032], [84.84381386700005, 24.513406049000025], [84.84567372100008, 24.51498642100006], [84.84906521800008, 24.517505286000073], [84.85117261500005, 24.518856051000057], [84.85284101100007, 24.520187555000064], [84.85567099700006, 24.522479109000074], [84.85669879400007, 24.52356066400006], [84.85718491400007, 24.524347368000065], [84.85669478600005, 24.526440614000023], [84.85661645100004, 24.527835183000036], [84.85579305400006, 24.530798736000065], [84.85449641100007, 24.533594058000062], [84.85390051300004, 24.53480668700007], [84.85330677200005, 24.53530168700007], [84.85217401700004, 24.53619700200005], [84.85170830500005, 24.53676000200005], [84.85136155000004, 24.53720603100004], [84.85155498300009, 24.538443339000025], [84.85280639600006, 24.539101194000068], [84.85279890200007, 24.541484596000032], [84.85284218300006, 24.543416645000036], [84.85326690700003, 24.544871259000047], [84.85326409400005, 24.545769559000064], [84.85289199100004, 24.54639603100003], [84.85257557000006, 24.54657578800004], [84.85254880500008, 24.547252823000065], [84.85269465600004, 24.547948278000035], [84.85299725900006, 24.549018898000043], [84.85279734400007, 24.549826401000075], [84.85252846200007, 24.550570485000037], [84.85252596900006, 24.551378492000026], [84.85247329700007, 24.55243460400004], [84.85430636800004, 24.55175784900007], [84.85582865100008, 24.551039652000043], [84.85686086300007, 24.550816587000043], [84.85826290700004, 24.550644216000023], [84.86044223000005, 24.552920375000042], [84.86204559000004, 24.55473463100003], [84.86432486000007, 24.556631899000024], [84.86520624800005, 24.55728411800004], [84.86659117800008, 24.557928710000056], [84.86744935100006, 24.558134018000032], [84.86809076300005, 24.558203288000072], [84.86850496500006, 24.55833980400007], [84.86897278000004, 24.55867950800007], [84.86973049000005, 24.559466889000078], [84.87038111300006, 24.55975290300006], [84.87082632000005, 24.559419981000076], [84.87133036200004, 24.559204589000046], [84.87197152600004, 24.559341655000026], [84.87231793200004, 24.55904907200005], [84.87356731600005, 24.558803917000034], [84.87489595300008, 24.558473239000023], [84.87634888500008, 24.557844829000032], [84.87787016000004, 24.557446854000034], [84.87881882600004, 24.557097131000035], [84.88007003100006, 24.557908256000076], [84.88210310200003, 24.559732370000063], [84.88274346700007, 24.560140171000057], [84.88389845000006, 24.560120406000067], [84.88458329800005, 24.56055092500003], [84.88503561900006, 24.56116588100008], [84.88442049400004, 24.562220686000046], [84.88402439000004, 24.562671116000047], [84.88375194100007, 24.56300900900004], [84.88336120400004, 24.56327437300007], [84.88311282500007, 24.56383803500006], [84.88271648800009, 24.56435166600005], [84.88190952800005, 24.56518029600005], [84.88057551300005, 24.56733471000007], [84.87990697700008, 24.569757020000054], [84.87916121900008, 24.571601480000027], [84.87867903500006, 24.57273781300006], [84.87857853700007, 24.573342382000078], [84.87909011600004, 24.573957595000024], [84.88019323000003, 24.574835964000044], [84.88088190700006, 24.57565016700005], [84.88159083000005, 24.576301956000066], [84.88264319600006, 24.577676806000056], [84.88359990500004, 24.57799507200008], [84.88426563700006, 24.578195337000068], [84.88505012500008, 24.578355259000034], [84.88550348900003, 24.57861365900004], [84.88667930600008, 24.578259820000028], [84.88767736800008, 24.577955280000026], [84.88900509600006, 24.57798103700003], [84.89043171000003, 24.577984481000044], [84.89116623900009, 24.57832477200003], [84.89259260900008, 24.578395915000044], [84.89345125300008, 24.57846564400006], [84.89381593300004, 24.578714769000044], [84.89482224200003, 24.57894286000004], [84.89597619900007, 24.579347366000036], [84.89656714100005, 24.579845214000045], [84.89695615000005, 24.58018015500005], [84.89715264800003, 24.580541760000074], [84.89734814900004, 24.58123734700007], [84.89725810800007, 24.581675036000036], [84.89615017800008, 24.582457846000068], [84.89501804300005, 24.58306011600007], [84.89420750000005, 24.58337412900005], [84.89341710100007, 24.583597953000037], [84.89199321400008, 24.58435741900007], [84.89021853900005, 24.585228977000043], [84.88959124900003, 24.585331249000035], [84.88858329900006, 24.58564477300007], [84.88762892500006, 24.586233882000045], [84.88631900900003, 24.58683104000005], [84.88533555700008, 24.58718531200003], [84.88469771300004, 24.58752226200005], [84.88442327200005, 24.588555288000066], [84.88402575400005, 24.589430079000067], [84.88408286600009, 24.59018405100005], [84.88493668000007, 24.59197817000006], [84.88578549500005, 24.592084], [84.88664418000008, 24.59217643100004], [84.88750271200007, 24.592336481000075], [84.88846014200004, 24.592474134000042], [84.88934381600006, 24.592476305000048], [84.89006056800008, 24.592139504000045], [84.89030738000008, 24.592162622000046], [84.89101619300004, 24.592882083000063], [84.89128595600005, 24.59351460700003], [84.89165030600003, 24.593849515000045], [84.89236379800008, 24.594686371000023], [84.89294989200005, 24.595179780000024], [84.89387110200005, 24.59589063900006], [84.89467811500003, 24.596835983000062], [84.89538782900007, 24.597243926000033], [84.89646162100007, 24.598153698000033], [84.89729389200005, 24.598896015000037], [84.89852102400005, 24.59966170000007], [84.90000489200008, 24.60046416700004], [84.90098616200004, 24.60089522900006], [84.90182003500007, 24.601077727000074], [84.90340880500008, 24.605035654000062], [84.90420362100008, 24.60689271700005], [84.90451729600005, 24.607728519000034], [84.90488173300008, 24.60807693600003], [84.90520488200008, 24.60905273900005], [84.90548822100004, 24.610168362000024], [84.90583297200004, 24.610507639000048], [84.90633390300007, 24.611483858000042], [84.90708917700005, 24.613358839000057], [84.90737002300006, 24.613594205000027], [84.90767489400008, 24.614055337000025], [84.90821821200007, 24.613975293000067], [84.90849968600008, 24.613975999000047], [84.90880560400007, 24.614075972000023], [84.90945800200006, 24.613820177000036], [84.90982864800003, 24.61369910700006], [84.91022369500007, 24.61369996700006], [84.91076655800003, 24.613782435000076], [84.91148151500005, 24.614181295000037], [84.91224575600006, 24.61458023800003], [84.91283257200007, 24.614879538000025], [84.91337562100006, 24.614903308000066], [84.91417112900007, 24.61469295200004], [84.91532652000006, 24.614731637000034], [84.91604284800007, 24.61459325900006], [84.91739558900008, 24.61465944100007], [84.91941962700008, 24.614803856000037], [84.92154320600008, 24.61465505800004], [84.92224008100004, 24.614421832000062], [84.92398299500007, 24.614448222000078], [84.92576583000005, 24.61433015500006], [84.92672335200007, 24.61445412200004], [84.92735604900008, 24.614216200000044], [84.92785962300007, 24.614235378000046], [84.92825053700005, 24.613920247000067], [84.92818761700005, 24.61341907800005], [84.92816002300003, 24.612624562000065], [84.92813700700003, 24.611965413000064], [84.92835554000004, 24.61145128000004], [84.92877033400003, 24.611452198000052], [84.92936821600006, 24.611281894000058], [84.93001989200008, 24.61130590600004], [84.93078533700003, 24.611266855000054], [84.93148195100008, 24.611069799000063], [84.93287440500006, 24.611050095000053], [84.93433185500004, 24.61069655700004], [84.93514210800004, 24.610535826000046], [84.93584802500004, 24.61058691100004], [84.93654438900006, 24.61050711400003], [84.93806996800004, 24.610550901000067], [84.93891920000004, 24.61055269800005], [84.93976875400006, 24.610455170000023], [84.94077068800004, 24.61059715600004], [84.94179377700004, 24.610161391000076], [84.94302470700006, 24.609572564000075], [84.94394423800009, 24.609095978000028], [84.94592765200008, 24.60764648600008], [84.94893820100003, 24.606099764000078], [84.95005039100005, 24.605569322000065], [84.95147893300003, 24.604886003000047], [84.95335191000004, 24.604113299000062], [84.95431040800008, 24.603857877000053], [84.95542247300006, 24.603340941000056], [84.95666744600004, 24.603004892000058], [84.95942523900004, 24.60176890200006], [84.95983132200007, 24.601227951000055], [84.95978322100007, 24.600690753000038], [84.95914321100008, 24.599922121000077], [84.95850834400005, 24.599022596000054], [84.95823845900009, 24.598304323000036], [84.95811783400006, 24.597089851000078], [84.95956971000004, 24.59693468200004], [84.96057724800005, 24.596756038000024], [84.96102176800008, 24.59666664100007], [84.96150964100008, 24.597051213000043], [84.96185352800006, 24.597814726000024], [84.96238085800007, 24.598208526000064], [84.96294320000004, 24.59841270800007], [84.96331358600008, 24.598368255000025], [84.96343770300007, 24.598075074000064], [84.96351272800007, 24.597668964000036], [84.96356297500006, 24.597244766000074], [84.96351516700008, 24.596590098000036], [84.96319528100008, 24.596120064000047], [84.96336884200008, 24.595781807000037], [84.96378373300007, 24.595692343000053], [84.96427740100006, 24.595738435000044], [84.96526041800007, 24.595446867000078], [84.96592238700003, 24.595290197000054], [84.96749767400007, 24.595117063000032], [84.96857963600007, 24.594757979000065], [84.96942906100008, 24.59461063200007], [84.96979168900003, 24.595848155000056], [84.97003635200008, 24.596814580000057], [84.97000043500003, 24.59745545800007], [84.97026120900006, 24.59785774000005]]]]}}, {"type": "Feature", "properties": {"OBJECTID": 46, "BLOCK_CODE": "0014", "NEAR_TOWN": "SHERGHATI", "BLK_NAME": "BANKEY BAZAR", "DIST_NAME": "GAYA"}, "geometry": {"type": "MultiPolygon", "coordinates": [[[[84.63312121800004, 24.594605055000045], [84.63593991700003, 24.592634969000073], [84.63751850000006, 24.59187409200007], [84.63876265800008, 24.591870072000063], [84.63975556300005, 24.59174317000003], [84.64129270600006, 24.591356765000057], [84.64272703200004, 24.590820895000036], [84.64457899900003, 24.589650161000066], [84.64594171800007, 24.58857688100005], [84.64633090100006, 24.587711757000022], [84.64699936800008, 24.587308196000038], [84.64810807000003, 24.58668970100007], [84.64888944100005, 24.586408466000023], [84.64994558100005, 24.586457838000058], [84.65058071200008, 24.586830445000032], [84.65181556800007, 24.587724663000074], [84.65294585000004, 24.587765235000063], [84.65417050800005, 24.587679785000034], [84.65627622000005, 24.58710581200006], [84.65744552100006, 24.58725037100004], [84.65878199100007, 24.58754904700004], [84.65937260700008, 24.587935032000075], [84.65954307300007, 24.58841414400007], [84.65965812900004, 24.589154891000078], [84.66010918500007, 24.58982928200004], [84.66058214100008, 24.59003421600005], [84.66226456900006, 24.590248424000038], [84.66342798700003, 24.590605082000025], [84.66410265200005, 24.59096879200007], [84.66433552000007, 24.59185446400005], [84.66439411100004, 24.593046365000077], [84.66494639700005, 24.59424468700007], [84.66581586300003, 24.595195920000037], [84.66801073400006, 24.594572478000032], [84.66907075600005, 24.59381823500007], [84.67014387800003, 24.593411612000068], [84.67126904600008, 24.592431989000033], [84.67267527800004, 24.59045576500006], [84.67340767000007, 24.590074836000042], [84.67488539600004, 24.589705923000054], [84.67563417300005, 24.588977474000046], [84.67649322900007, 24.58787940700006], [84.67678881000006, 24.586928054000055], [84.67701028400006, 24.585994519000053], [84.67747511000005, 24.58471892400007], [84.67813297200007, 24.583358151000027], [84.67828391100005, 24.58272678700007], [84.67829441100008, 24.581499070000064], [84.67883039300006, 24.58086015500004], [84.68073315000004, 24.579278415000033], [84.68164756100003, 24.57791866900004], [84.68212767700004, 24.57762255800003], [84.68323326100005, 24.57766734100005], [84.68547739200005, 24.57807304800008], [84.68672565600008, 24.578226681000046], [84.68727860100006, 24.578188116000035], [84.68837162500006, 24.57772723100004], [84.68919113800007, 24.577703205000034], [84.69058756300007, 24.577825766000046], [84.69225082500003, 24.577881597000044], [84.69287831900004, 24.57775755600005], [84.69377345400005, 24.577381700000046], [84.69569259100007, 24.57650407600005], [84.69792381600007, 24.575343128000043], [84.70105524100006, 24.573792826000044], [84.70287519600004, 24.573125867000044], [84.70591252200006, 24.572107381000023], [84.70625079700005, 24.571997042000078], [84.70625077400007, 24.571997004000025], [84.70625149400007, 24.571996815000034], [84.71016450200005, 24.57097293100003], [84.71209695200008, 24.57039306400003], [84.71421078700007, 24.570107199000063], [84.71575256700004, 24.569683781000037], [84.71747444200008, 24.568710398000064], [84.71923448400008, 24.56685238800003], [84.72070640400005, 24.565417638000042], [84.72178753800006, 24.564207101000022], [84.72214809600007, 24.56296706300003], [84.72197765400006, 24.561233139000024], [84.72178812000004, 24.559354709000047], [84.72325425900004, 24.559264980000023], [84.72358426100004, 24.55932804200006], [84.72464997300006, 24.559531694000043], [84.72561580800004, 24.559891641000036], [84.72650543600008, 24.560779471000046], [84.72693581500005, 24.561742468000034], [84.72804158700006, 24.562892833000035], [84.72868045700005, 24.563255008000056], [84.72911509600004, 24.56350140400008], [84.73064826000007, 24.56394910000006], [84.73166923800005, 24.56410603200004], [84.73292913600005, 24.56423015200005], [84.73356875100006, 24.56429316400005], [84.73465857800005, 24.564522578000037], [84.73609319500008, 24.564938245000064], [84.73758401900005, 24.564893683000037], [84.73751959400005, 24.56253717900006], [84.73757949300006, 24.56114255600005], [84.73781585400008, 24.560060045000057], [84.73785634700005, 24.559985580000046], [84.73832302600005, 24.55912737500006], [84.73966569700008, 24.55776977100004], [84.74010719600005, 24.557323362000034], [84.74157614900008, 24.556273013000066], [84.74236915100005, 24.555705991000025], [84.74393003300008, 24.555395187000045], [84.74604720800005, 24.55541590300004], [84.74787449000007, 24.555187311000054], [84.74845610700004, 24.555306548000033], [84.74913130700008, 24.555529942000078], [84.74954309700007, 24.554998689000058], [84.74937798000008, 24.55431204000007], [84.74968260000009, 24.553414776000068], [84.74977983700006, 24.552552926000033], [84.75017169500006, 24.552044119000072], [84.75067834200007, 24.551228781000077], [84.75093856200004, 24.55032689500007], [84.74997506600005, 24.54935322700004], [84.74895184000007, 24.548523722000027], [84.74787457300005, 24.54797915200004], [84.74614513200004, 24.54694349300007], [84.74512644100008, 24.546235885000044], [84.74466648300006, 24.54523229600005], [84.74450677500005, 24.544450865000044], [84.74388453900008, 24.543320263000055], [84.74367522500006, 24.541383031000066], [84.74378693900007, 24.540593513000033], [84.74386440000006, 24.539727115000062], [84.74394207600005, 24.538820084000065], [84.74358589100007, 24.537816795000026], [84.74251718300007, 24.536043662000054], [84.74173354700008, 24.53459209300007], [84.74097160100007, 24.532634932000065], [84.74041973300007, 24.53121122600004], [84.73902528800005, 24.53071440800005], [84.73895932000005, 24.530657295000026], [84.73724035400005, 24.529169083000056], [84.73519069800005, 24.52722562100007], [84.73417513000004, 24.525777738000045], [84.73505760600005, 24.524747022000042], [84.73545803400003, 24.523362639000027], [84.73563648900006, 24.52254007600004], [84.73578488700008, 24.521856059000072], [84.73583465100006, 24.52069737200003], [84.73584478500004, 24.52046142000006], [84.73593369600007, 24.520132594000074], [84.73635570400006, 24.51857184200003], [84.73693109500005, 24.51782001600003], [84.73813388900004, 24.51688517900004], [84.73897797600006, 24.516784211000072], [84.74143523300006, 24.515510498000026], [84.74372077300006, 24.513987962000044], [84.74472469300008, 24.51337748000003], [84.74623241600005, 24.513892585000065], [84.74785777400007, 24.514602203000038], [84.74870641100006, 24.514586991000044], [84.74938738000003, 24.514571144000058], [84.75003907700005, 24.51446048100007], [84.75057227600007, 24.51437198800005], [84.75153625200005, 24.513869557000078], [84.75115573300008, 24.512784947000057], [84.75067632200006, 24.511740605000057], [84.75024534800008, 24.510944789000064], [84.74974120700006, 24.509922948000053], [84.74921171000005, 24.509081620000075], [84.74896456000005, 24.507943236000074], [84.74891883000004, 24.507035762000044], [84.74885105800007, 24.50546466800006], [84.74871450400008, 24.50383019700007], [84.74851400600005, 24.502118747000054], [84.74844810700006, 24.50131949400003], [84.74845551700008, 24.500714661000075], [84.74916566200005, 24.50075760800007], [84.74947250700006, 24.500505857000064], [84.74934279000007, 24.499638743000048], [84.74961604000003, 24.499161221000065], [84.75011565900007, 24.498810752000054], [84.75062499900008, 24.498491948000037], [84.75119408500007, 24.498037904000057], [84.75180256300007, 24.497606593000057], [84.75144342200008, 24.49735715500003], [84.75113090300005, 24.497328880000055], [84.75092564000005, 24.497310309000056], [84.75047184500005, 24.497308746000044], [84.75008895400003, 24.49681093600003], [84.74938954100008, 24.49654232900008], [84.74898154800007, 24.496166342000038], [84.74878232700007, 24.49542085400003], [84.74819698500005, 24.494985573000065], [84.74786961900008, 24.494185539000057], [84.74761762900005, 24.493843704000028], [84.74702351000008, 24.492350008000074], [84.74685536600003, 24.490917654000043], [84.74679450300005, 24.49039917400006], [84.74649446200004, 24.488935651000077], [84.74648365400003, 24.48794252500005], [84.74633895700003, 24.487116034000053], [84.74564357000008, 24.485845261000065], [84.74496046100006, 24.485211048000053], [84.74433000300007, 24.484978710000064], [84.74351569300006, 24.48508432400007], [84.74271045300009, 24.484142672000075], [84.74114877400007, 24.48243565200005], [84.73970846000003, 24.481216541000038], [84.73899262200007, 24.480139735000023], [84.73766278600004, 24.478433464000034], [84.73744874900007, 24.477715041000067], [84.73687462700008, 24.47696827200008], [84.73550330800003, 24.47701323600006], [84.73509075000004, 24.476564944000074], [84.73428365100006, 24.474914600000034], [84.73222963100005, 24.47425303700004], [84.73230686900007, 24.473445319000064], [84.73114988900005, 24.472944824000024], [84.73068324200005, 24.472478285000022], [84.73054389100008, 24.47158851000006], [84.73007809400008, 24.470900847000053], [84.72871025400008, 24.47010612400004], [84.72708559500006, 24.46940541400005], [84.72575583700007, 24.468953854000063], [84.72463598900003, 24.469008689000077], [84.72304771800003, 24.469052744000066], [84.72193467700004, 24.468669764000026], [84.71596282200005, 24.472002574000044], [84.71308053300004, 24.471279173000028], [84.71032005600006, 24.470921773000043], [84.70823629800003, 24.469189966000044], [84.70782795900004, 24.467784685000026], [84.70741547200004, 24.467367917000047], [84.70660241400003, 24.467216001000054], [84.70506992900005, 24.466898977000028], [84.70399319300003, 24.466118723000022], [84.70339891200007, 24.465529796000055], [84.70311755800003, 24.464436327000044], [84.70301459800004, 24.463167531000067], [84.70265664300007, 24.462683216000073], [84.70080175000004, 24.461678908000067], [84.69907282300005, 24.461180632000037], [84.69689257400006, 24.460147981000034], [84.69469671900004, 24.459304813000074], [84.69305660600008, 24.458833885000047], [84.69152425400006, 24.458516725000038], [84.69042433100003, 24.458544267000036], [84.68914486700004, 24.457930109000074], [84.68779478000005, 24.457667791000063], [84.68709155700003, 24.457218280000063], [84.68642800400005, 24.456719285000077], [84.68561940800004, 24.455560683000044], [84.68504784500004, 24.454344284000058], [84.68461841200008, 24.453336083000067], [84.68409952300004, 24.452472014000023], [84.68379852600003, 24.45174609000003], [84.68374335400006, 24.451613030000033], [84.68309667900007, 24.451768594000043], [84.68261612800006, 24.452163360000043], [84.68179493600007, 24.452837956000053], [84.68128673000007, 24.452899295000066], [84.68053353100004, 24.452787085000068], [84.67957670600003, 24.45264454000005], [84.67705167400004, 24.452671102000068], [84.67506388000004, 24.452776372000073], [84.67345188500008, 24.45265739900003], [84.66701167300005, 24.452614634000042], [84.66538869700008, 24.452725756000063], [84.66225185900004, 24.452826449000042], [84.66213221100008, 24.45523640400006], [84.66122460700007, 24.456356839000023], [84.66118518200005, 24.457403990000046], [84.66100080200005, 24.457818506000024], [84.66002378700006, 24.459001835000038], [84.66035983500007, 24.459914999000034], [84.66027921400007, 24.46134561100007], [84.65991415800005, 24.46241404500006], [84.65877960900008, 24.463519960000042], [84.65852532100007, 24.463855515000034], [84.65756881000004, 24.46511771100006], [84.65751872600003, 24.46515171300007], [84.65678212800003, 24.465651782000066], [84.65526182300005, 24.465921174000073], [84.65370909100005, 24.465752571000053], [84.65140642500006, 24.465653143000054], [84.64904041500006, 24.465368402000024], [84.64730907000006, 24.46542917100004], [84.64644449000008, 24.46573274800005], [84.64541620700004, 24.46626124900007], [84.64524158200004, 24.467705], [84.64241499400003, 24.46782004800008], [84.64188596400004, 24.468093302000057], [84.64174149400003, 24.468399634000036], [84.64289958500007, 24.469618567000055], [84.64342834100006, 24.470446725000045], [84.64220951400006, 24.470568246000028], [84.64014273600003, 24.470609571000068], [84.63857904000008, 24.470657354000025], [84.63627857600005, 24.47109948900004], [84.63426465500004, 24.471429785000055], [84.63362672800008, 24.471765706000042], [84.63320617700003, 24.473064013000055], [84.63330297500005, 24.474454709000042], [84.63385275100006, 24.476014260000056], [84.63471799300004, 24.477615713000034], [84.63581601300007, 24.47901955100008], [84.63596022000007, 24.479796487000044], [84.63626093800008, 24.48187415800004], [84.63630494800003, 24.483973286000037], [84.63655523000006, 24.48526981300006], [84.63396149900007, 24.485096801000054], [84.63172217100004, 24.485074110000028], [84.62881109400007, 24.48523814300006], [84.62759664000004, 24.48544075500007], [84.62546053900007, 24.485495198000024], [84.62512386700007, 24.485737552000046], [84.62492082000006, 24.486901243000034], [84.62397291300005, 24.48806649200003], [84.62403724000006, 24.489037262000068], [84.62477810200005, 24.489830272000063], [84.62491460800004, 24.490155779000077], [84.62349264700003, 24.49242947500005], [84.62262207000003, 24.491915703000075], [84.62040077300009, 24.491211347000046], [84.61677824200007, 24.49059136900007], [84.61510253600005, 24.49029543100005], [84.61470851900003, 24.491146831000037], [84.61316909000004, 24.492205655000078], [84.61145530600004, 24.492618211000035], [84.60995449900008, 24.492855605000045], [84.60910347200007, 24.493348508000054], [84.60846753100003, 24.494248587000072], [84.60792361400007, 24.495478646000038], [84.60724719100006, 24.496559104000028], [84.60563754600008, 24.49781155900007], [84.60443352900006, 24.498840079000047], [84.60400452400006, 24.499777151000046], [84.60398087900006, 24.500535453000055], [84.60692450700003, 24.501820896000027], [84.60735019000003, 24.50250882000006], [84.60709017700003, 24.50319386800004], [84.60454379800007, 24.505272925000043], [84.60258384300005, 24.507471847000033], [84.60218277700005, 24.50871593900007], [84.60299044700008, 24.51189267500007], [84.60305996100004, 24.512773195000022], [84.60274970100005, 24.513634025000044], [84.59846870000007, 24.51237426600005], [84.59155347700005, 24.50917095500006], [84.58745383500008, 24.507257150000044], [84.58602172800005, 24.507512706000057], [84.58476606600004, 24.50799918900003], [84.58422953100006, 24.50871453700006], [84.58181583700008, 24.51265797900004], [84.57987788200006, 24.513407734000054], [84.57748599300004, 24.514150878000066], [84.57498638200008, 24.514722068000026], [84.57308605200006, 24.514871475000064], [84.57080149100005, 24.51491536700007], [84.56926724100003, 24.514885925000044], [84.56756134500006, 24.51465254200008], [84.56600312100005, 24.514491957000075], [84.56469644200007, 24.514355126000055], [84.56260528100006, 24.514219242000024], [84.56143185600007, 24.514069407000022], [84.55884087000004, 24.513294791000078], [84.55610392600005, 24.51306104300005], [84.55507446800004, 24.512753798000062], [84.55428087500007, 24.512619293000057], [84.55167780100004, 24.512264147000053], [84.55134774800007, 24.513061610000022], [84.55105294300006, 24.51372832800007], [84.55051098500007, 24.514484151000033], [84.54913515800007, 24.515254112000036], [84.54739087100006, 24.51572901800006], [84.54581422300004, 24.516227143000037], [84.54475487800005, 24.51684511900004], [84.54435699300006, 24.517416575000027], [84.54409498000007, 24.51839486600005], [84.54350350500005, 24.51917294200007], [84.54314008700004, 24.519739968000067], [84.54205517100007, 24.520524859000034], [84.54137848300007, 24.520657112000038], [84.53945791400008, 24.52087827300005], [84.53912052800007, 24.521201698000027], [84.53882541600007, 24.521913442000027], [84.53873406500009, 24.523244569000042], [84.53839594600004, 24.523698913000032], [84.53797460900006, 24.524049036000065], [84.53676534200008, 24.525862364000034], [84.53877608300007, 24.525420446000055], [84.53923567500004, 24.525287236000054], [84.53983238000006, 24.52535328700003], [84.54087654900007, 24.525687651000055], [84.54265639500005, 24.52593978400006], [84.54482984900005, 24.52640587600007], [84.54606668900004, 24.526709555000025], [84.54689520700003, 24.526790105000032], [84.54706073800008, 24.527183627000056], [84.54741143400008, 24.528900484000076], [84.54806571400007, 24.530140412000037], [84.54891455800004, 24.531015514000046], [84.55081386700004, 24.532879499000046], [84.55215146900008, 24.532818037000027], [84.55360739700006, 24.532779594000033], [84.55425875300006, 24.53277810900005], [84.55476100800007, 24.53296545200004], [84.55589658000008, 24.533751616000075], [84.55674612300004, 24.534504783000045], [84.55789477500008, 24.53561148500006], [84.55879243300006, 24.536599592000073], [84.55967645200008, 24.537375490000045], [84.56053427600006, 24.538426670000035], [84.56184087900004, 24.539538521000054], [84.56254212600004, 24.540336214000035], [84.56355010300007, 24.541022379000026], [84.56532449500008, 24.542334973000038], [84.56665472100008, 24.542724616000044], [84.56784197500008, 24.54310918500005], [84.56868318700003, 24.543609487000026], [84.56948383800005, 24.54429476400003], [84.56983072400004, 24.544946339000035], [84.57006268800006, 24.545872703000043], [84.56997338900004, 24.546869859000026], [84.56957386300007, 24.547743755000056], [84.56920560200007, 24.548315312000057], [84.56911938500008, 24.54874373100006], [84.56939286000005, 24.54927312500007], [84.57015800500005, 24.550165796000044], [84.57128307100004, 24.551114289000054], [84.57147365300006, 24.55146715500007], [84.57135264200008, 24.551945154000066], [84.57055266300006, 24.552943597000024], [84.57005535300004, 24.553636527000037], [84.56914689000007, 24.554620955000075], [84.56917038900008, 24.554837656000075], [84.56998791200004, 24.55516188100006], [84.57086225200004, 24.55593763400003], [84.57149480700008, 24.556716875000063], [84.57241913900003, 24.55737110700005], [84.57414304900004, 24.558940635000056], [84.57486163600004, 24.559313924000037], [84.57598806600004, 24.560036747000026], [84.57686569900005, 24.56020310200006], [84.57747496100006, 24.560724898000046], [84.57795732800008, 24.560966371000063], [84.57829247900008, 24.56106713400004], [84.57973752300006, 24.56126312500004], [84.58053144500008, 24.561397589000023], [84.58099967000004, 24.561521563000042], [84.58128447300004, 24.561798104000047], [84.58062501700005, 24.56237751900005], [84.57997553200005, 24.562911773000053], [84.57959758900006, 24.56345176700006], [84.57916298400005, 24.564429346000054], [84.57872368500006, 24.56535722700005], [84.57820515100008, 24.566334442000027], [84.57760872500006, 24.56711260000003], [84.57594946600005, 24.567267749000052], [84.57378305500004, 24.567190328000038], [84.57216106600004, 24.56682644400007], [84.56985361100004, 24.566364605000047], [84.56748637400005, 24.56599735800006], [84.56658040400004, 24.566489783000065], [84.56566142400004, 24.567564402000073], [84.56552767600004, 24.567658549000043], [84.56389222500007, 24.567971579000073], [84.56399729000003, 24.56860849700007], [84.56486826100007, 24.57002082100007], [84.56551475100008, 24.570953599000063], [84.56623131400005, 24.57170614200004], [84.56712994500003, 24.57256787800003], [84.56770349100003, 24.57330623200005], [84.56887640300005, 24.574561823000067], [84.56980845400005, 24.575640409000073], [84.57078128100005, 24.57557709200006], [84.57154131200008, 24.575603083000033], [84.57222616200005, 24.575840868000057], [84.57281121600005, 24.57627229600007], [84.57349452500006, 24.576812542000027], [84.57403455000008, 24.577365607000047], [84.57431570600005, 24.578310303000023], [84.57453624200008, 24.579539045000047], [84.57502672900006, 24.58012351600007], [84.57546572600006, 24.58111851500007], [84.57582455700003, 24.581391024000027], [84.57645053600004, 24.58156983500004], [84.57718066900009, 24.581663380000066], [84.57792789200005, 24.58224896400003], [84.57852098400008, 24.583032572000036], [84.57944652900005, 24.58351059900008], [84.58043265200007, 24.583731654000076], [84.58086648000005, 24.583846428000072], [84.58142516100008, 24.58461630900007], [84.58226442700004, 24.58554531200008], [84.58298277800003, 24.585986370000057], [84.58442658800004, 24.586484781000024], [84.58555486900008, 24.586900547000027], [84.58655077600008, 24.58715765900007], [84.58788214400005, 24.58743434400003], [84.58858204300003, 24.587645080000073], [84.58892547400006, 24.58806641900003], [84.58882257500005, 24.589803775000064], [84.58886757500005, 24.590625502000023], [84.58927374800004, 24.591308887000025], [84.58954553600006, 24.592212842000038], [84.59031087300008, 24.593127976000062], [84.59115917900004, 24.59421952400004], [84.59218853400006, 24.595641347000026], [84.59368911100006, 24.59570208300005], [84.59557895300009, 24.59588633000004], [84.59665927100008, 24.596067075000065], [84.59745794300005, 24.595334769000033], [84.59926417600008, 24.593550616000073], [84.60059610300004, 24.59280255500005], [84.60201012400006, 24.592384389000074], [84.60269080200004, 24.592518166000048], [84.60320463400006, 24.593387048000068], [84.60402378700007, 24.594437764000077], [84.60477200700007, 24.594865302000073], [84.60567553900006, 24.59484658300005], [84.60737402500007, 24.594804270000054], [84.60935899200007, 24.594749498000056], [84.61151012800008, 24.594054483000036], [84.61200701900003, 24.594395090000035], [84.61228149100003, 24.59673900200005], [84.61334780300007, 24.598707037000054], [84.61423686600006, 24.59961356100007], [84.61531441200003, 24.600344845000052], [84.61737014000005, 24.600962890000062], [84.61929014900005, 24.60008622400005], [84.62063539700006, 24.59961790400007], [84.62174005600008, 24.59887767400005], [84.62420478900003, 24.598644257000046], [84.62665086300007, 24.59820299100005], [84.62812053900007, 24.597522957000024], [84.63022379600005, 24.596497955000075], [84.63223327400004, 24.59547712400007], [84.63312121800004, 24.594605055000045]]]]}}, {"type": "Feature", "properties": {"OBJECTID": 47, "BLOCK_CODE": "0017", "NEAR_TOWN": "SHERGHATI", "BLK_NAME": "SHERGHATI", "DIST_NAME": "GAYA"}, "geometry": {"type": "MultiPolygon", "coordinates": [[[[84.88249163100005, 24.666885860000036], [84.88207996300008, 24.665778889000023], [84.88016209700004, 24.662858207000056], [84.87941473200004, 24.661678210000048], [84.87911499600006, 24.661126771000056], [84.87900768100008, 24.66067057500004], [84.87853982700005, 24.66021805200006], [84.87799256800008, 24.659864584000047], [84.87808810500007, 24.659273549000034], [84.87803563400007, 24.658668498000054], [84.87737482000006, 24.65829218300007], [84.87685227400004, 24.65793885100004], [84.87602821700006, 24.657656961000043], [84.87523516500005, 24.656950789000064], [84.87611818300007, 24.655671015000053], [84.87657539100007, 24.654728700000078], [84.87699199800005, 24.654124926000065], [84.87751750400008, 24.653471643000046], [84.87748907200006, 24.653069880000032], [84.87760437200006, 24.652492405000032], [84.87798747600004, 24.651563484000064], [84.87821350800004, 24.65027758800005], [84.87787470600006, 24.649604123000074], [84.87775808200007, 24.648976412000025], [84.87752377700008, 24.648041421000073], [84.87734908900006, 24.646966637000048], [84.87680737900007, 24.646428194000066], [84.87628494000006, 24.646065736000025], [84.87583071800003, 24.646005950000074], [84.87508945100006, 24.646162056000037], [84.87450199100005, 24.646083911000062], [84.87415272900006, 24.645604501000037], [84.87405751800009, 24.64439454400008], [84.87404146700004, 24.64318024000005], [84.87399926200004, 24.64240379000006], [84.87435085700008, 24.64210672300004], [84.87528505000006, 24.64182917900007], [84.87590821300006, 24.641559905000065], [84.87654221400004, 24.640925022000033], [84.87630817900003, 24.639908767000065], [84.87631345700004, 24.63811673400005], [84.87614900200003, 24.636978887000055], [84.87594319600004, 24.63640954400006], [84.87551226100004, 24.635194269000067], [84.87517032600005, 24.63392044400007], [84.87466180700005, 24.632212925000033], [84.87597193600004, 24.631719614000076], [84.87756337200005, 24.631285742000046], [84.87858647800005, 24.63100840000004], [84.87989476100006, 24.631129017000035], [84.88171296200005, 24.63084462100005], [84.88389216600007, 24.630353369000034], [84.88561088600005, 24.63027631400007], [84.88659400500006, 24.63015679500006], [84.88796157100006, 24.63025943400004], [84.88850669100003, 24.629619760000026], [84.88826676500008, 24.628901446000043], [84.88822414600008, 24.62826484800007], [84.88809874500004, 24.62722636600006], [84.88777628300005, 24.626024906000055], [84.88738961600006, 24.62480972800006], [84.88724877300007, 24.624001304000046], [84.88714291600007, 24.62302604100006], [84.88630037000007, 24.62067221700005], [84.88641968700006, 24.62038819600008], [84.88644574400007, 24.619927768000025], [84.88653039100006, 24.619688789000065], [84.88683752100007, 24.619350998000073], [84.88714423600004, 24.619135007000068], [84.88745053300005, 24.61907259700007], [84.88790511500008, 24.618974344000037], [84.88818660000004, 24.618975087000024], [84.88851755300004, 24.618917144000022], [84.88881829200005, 24.619098480000048], [84.88905940900008, 24.619378898000036], [84.88938462900006, 24.61963693200005], [84.88969063700006, 24.619678349000026], [84.88999669100008, 24.619697102000032], [84.89066894000007, 24.61948203000003], [84.89128173500006, 24.619280359000072], [84.89188959600006, 24.619123889000036], [84.89304582500006, 24.618828677000067], [84.89442920500005, 24.618565670000066], [84.89527872200006, 24.618486355000073], [84.89638922900008, 24.618687640000076], [84.89710965000006, 24.61885184600004], [84.89756355200007, 24.61899283100007], [84.89793290000006, 24.619332263000047], [84.89841166300005, 24.61943265800005], [84.89938165600006, 24.618645024000045], [84.90006010400003, 24.617928840000047], [84.90067518200004, 24.616932679000058], [84.90075023200006, 24.616585290000046], [84.90082145000008, 24.615809004000027], [84.90099490700004, 24.615592801000048], [84.90156394400003, 24.61517433100005], [84.90232498300009, 24.614936852000028], [84.90274011900004, 24.61477983700007], [84.90315562900008, 24.61451889500006], [84.90356532900006, 24.614560485000027], [84.90415321400008, 24.614462547000073], [84.90478554000003, 24.61436466600003], [84.90530931000006, 24.614207871000076], [84.90561611400005, 24.613987416000043], [84.90600649000004, 24.61387097900007], [84.90633187400005, 24.614029664000043], [84.90652890700005, 24.61422873300006], [84.90700757800005, 24.61431113900005], [84.90773841700008, 24.614312734000066], [84.90880560400007, 24.614075972000023], [84.90849968600008, 24.613975999000047], [84.90821821200007, 24.613975293000067], [84.90767489400008, 24.614055337000025], [84.90737002300006, 24.613594205000027], [84.90708917700005, 24.613358839000057], [84.90633390300007, 24.611483858000042], [84.90583297200004, 24.610507639000048], [84.90548822100004, 24.610168362000024], [84.90520488200008, 24.60905273900005], [84.90488173300008, 24.60807693600003], [84.90451729600005, 24.607728519000034], [84.90420362100008, 24.60689271700005], [84.90340880500008, 24.605035654000062], [84.90182003500007, 24.601077727000074], [84.90098616200004, 24.60089522900006], [84.90000489200008, 24.60046416700004], [84.89852102400005, 24.59966170000007], [84.89729389200005, 24.598896015000037], [84.89646162100007, 24.598153698000033], [84.89538782900007, 24.597243926000033], [84.89467811500003, 24.596835983000062], [84.89387110200005, 24.59589063900006], [84.89294989200005, 24.595179780000024], [84.89236379800008, 24.594686371000023], [84.89165030600003, 24.593849515000045], [84.89128595600005, 24.59351460700003], [84.89101619300004, 24.592882083000063], [84.89030738000008, 24.592162622000046], [84.89006056800008, 24.592139504000045], [84.88934381600006, 24.592476305000048], [84.88846014200004, 24.592474134000042], [84.88750271200007, 24.592336481000075], [84.88664418000008, 24.59217643100004], [84.88578549500005, 24.592084], [84.88493668000007, 24.59197817000006], [84.88408286600009, 24.59018405100005], [84.88402575400005, 24.589430079000067], [84.88442327200005, 24.588555288000066], [84.88469771300004, 24.58752226200005], [84.88533555700008, 24.58718531200003], [84.88631900900003, 24.58683104000005], [84.88762892500006, 24.586233882000045], [84.88858329900006, 24.58564477300007], [84.88959124900003, 24.585331249000035], [84.89021853900005, 24.585228977000043], [84.89199321400008, 24.58435741900007], [84.89341710100007, 24.583597953000037], [84.89420750000005, 24.58337412900005], [84.89501804300005, 24.58306011600007], [84.89615017800008, 24.582457846000068], [84.89725810800007, 24.581675036000036], [84.89734814900004, 24.58123734700007], [84.89715264800003, 24.580541760000074], [84.89695615000005, 24.58018015500005], [84.89656714100005, 24.579845214000045], [84.89597619900007, 24.579347366000036], [84.89482224200003, 24.57894286000004], [84.89381593300004, 24.578714769000044], [84.89345125300008, 24.57846564400006], [84.89259260900008, 24.578395915000044], [84.89116623900009, 24.57832477200003], [84.89043171000003, 24.577984481000044], [84.88900509600006, 24.57798103700003], [84.88767736800008, 24.577955280000026], [84.88667930600008, 24.578259820000028], [84.88550348900003, 24.57861365900004], [84.88505012500008, 24.578355259000034], [84.88426563700006, 24.578195337000068], [84.88359990500004, 24.57799507200008], [84.88264319600006, 24.577676806000056], [84.88159083000005, 24.576301956000066], [84.88088190700006, 24.57565016700005], [84.88019323000003, 24.574835964000044], [84.87909011600004, 24.573957595000024], [84.87857853700007, 24.573342382000078], [84.87867903500006, 24.57273781300006], [84.87916121900008, 24.571601480000027], [84.87990697700008, 24.569757020000054], [84.88057551300005, 24.56733471000007], [84.88190952800005, 24.56518029600005], [84.88271648800009, 24.56435166600005], [84.88311282500007, 24.56383803500006], [84.88336120400004, 24.56327437300007], [84.88375194100007, 24.56300900900004], [84.88402439000004, 24.562671116000047], [84.88442049400004, 24.562220686000046], [84.88503561900006, 24.56116588100008], [84.88458329800005, 24.56055092500003], [84.88389845000006, 24.560120406000067], [84.88274346700007, 24.560140171000057], [84.88210310200003, 24.559732370000063], [84.88007003100006, 24.557908256000076], [84.87881882600004, 24.557097131000035], [84.87787016000004, 24.557446854000034], [84.87634888500008, 24.557844829000032], [84.87489595300008, 24.558473239000023], [84.87356731600005, 24.558803917000034], [84.87231793200004, 24.55904907200005], [84.87197152600004, 24.559341655000026], [84.87133036200004, 24.559204589000046], [84.87082632000005, 24.559419981000076], [84.87038111300006, 24.55975290300006], [84.86973049000005, 24.559466889000078], [84.86897278000004, 24.55867950800007], [84.86850496500006, 24.55833980400007], [84.86809076300005, 24.558203288000072], [84.86744935100006, 24.558134018000032], [84.86659117800008, 24.557928710000056], [84.86520624800005, 24.55728411800004], [84.86432486000007, 24.556631899000024], [84.86204559000004, 24.55473463100003], [84.86044223000005, 24.552920375000042], [84.85826290700004, 24.550644216000023], [84.85686086300007, 24.550816587000043], [84.85582865100008, 24.551039652000043], [84.85430636800004, 24.55175784900007], [84.85247329700007, 24.55243460400004], [84.85252596900006, 24.551378492000026], [84.85252846200007, 24.550570485000037], [84.85279734400007, 24.549826401000075], [84.85299725900006, 24.549018898000043], [84.85269465600004, 24.547948278000035], [84.85254880500008, 24.547252823000065], [84.85257557000006, 24.54657578800004], [84.85289199100004, 24.54639603100003], [84.85326409400005, 24.545769559000064], [84.85326690700003, 24.544871259000047], [84.85284218300006, 24.543416645000036], [84.85279890200007, 24.541484596000032], [84.85280639600006, 24.539101194000068], [84.85155498300009, 24.538443339000025], [84.85136155000004, 24.53720603100004], [84.85170830500005, 24.53676000200005], [84.85217401700004, 24.53619700200005], [84.85330677200005, 24.53530168700007], [84.85390051300004, 24.53480668700007], [84.85449641100007, 24.533594058000062], [84.85579305400006, 24.530798736000065], [84.85661645100004, 24.527835183000036], [84.85669478600005, 24.526440614000023], [84.85718491400007, 24.524347368000065], [84.85669879400007, 24.52356066400006], [84.85567099700006, 24.522479109000074], [84.85284101100007, 24.520187555000064], [84.85117261500005, 24.518856051000057], [84.84906521800008, 24.517505286000073], [84.84567372100008, 24.51498642100006], [84.84381386700005, 24.513406049000025], [84.84212118200008, 24.511988618000032], [84.84069062000003, 24.51041838200007], [84.83966092400004, 24.509968668000056], [84.83916179200008, 24.511763935000033], [84.83880346300003, 24.512697368000033], [84.83776755900004, 24.514179600000034], [84.83660826700003, 24.515634470000066], [84.83587161000008, 24.51610644300007], [84.83520995900005, 24.516267071000073], [84.83405186700008, 24.517347303000065], [84.83263622000004, 24.518729119000056], [84.83233366900004, 24.519215821000046], [84.83025118600005, 24.520799014000033], [84.82984922000009, 24.521497491000048], [84.82703696000004, 24.52438765000005], [84.82575585500007, 24.525327495000056], [84.82492221400008, 24.525280015000078], [84.82408918400006, 24.525006808000057], [84.82349653000006, 24.525185672000077], [84.82185516300007, 24.524666470000057], [84.82022292300007, 24.524377367000056], [84.81816169900009, 24.524014891000036], [84.81732885400004, 24.523719072000063], [84.81551583300006, 24.522905863000062], [84.81291344000005, 24.522112890000074], [84.81147943800005, 24.521576133000053], [84.81059295100005, 24.522539538000046], [84.80936446300007, 24.522490769000058], [84.80833507500006, 24.521973219000074], [84.80806163900007, 24.522554677000073], [84.80766532600006, 24.523027488000025], [84.80758885400007, 24.52372246300007], [84.80752595300004, 24.52476496500003], [84.80696088300004, 24.525508176000073], [84.80600044100004, 24.52642614000007], [84.80434736400008, 24.527856731000043], [84.80399978000008, 24.528465090000054], [84.80399730600004, 24.529160240000067], [84.80372822100009, 24.529926812000042], [84.80313440700007, 24.53039453200006], [84.80220106200005, 24.530617474000053], [84.80082780000004, 24.529647401000034], [84.79952933400006, 24.52845177000006], [84.79802637200004, 24.526501745000076], [84.79714860600006, 24.52499597700006], [84.79715128200007, 24.524251167000045], [84.79730523200004, 24.522590449000063], [84.79633715900007, 24.52149522900004], [84.79452652500004, 24.520054249000054], [84.79310199000008, 24.519666270000073], [84.79175114500003, 24.519391322000047], [84.79069624100003, 24.51912180200003], [84.79003576000008, 24.51893922100004], [84.78929895200008, 24.518038698000055], [84.78922047700007, 24.51653980100008], [84.78896407800005, 24.513794570000073], [84.78920765000004, 24.51059039300003], [84.78943452100003, 24.50926393800006], [84.78953595800004, 24.50850140600005], [84.78940690200005, 24.50734539800004], [84.78864505900003, 24.506557672000042], [84.78783878400003, 24.50578781400003], [84.78710706800007, 24.50486473500007], [84.78661654700005, 24.50410034400005], [84.78610551800006, 24.503534471000023], [84.78514453300005, 24.503260707000038], [84.78453290300007, 24.503236236000077], [84.78387180000004, 24.50325678300004], [84.78310633700005, 24.503457539000067], [84.78199927100007, 24.504013815000064], [84.78154446800005, 24.50425171100005], [84.78026596800004, 24.504450793000046], [84.77879072700006, 24.504513916000064], [84.77764188300006, 24.504329769000037], [84.77673097200005, 24.503852924000057], [84.77611972300008, 24.50373821900007], [84.77496688900004, 24.503310233000036], [84.77383855900007, 24.502945596000075], [84.77279470400003, 24.502396112000042], [84.77125254000003, 24.501872109000033], [84.77045575800008, 24.50167686800006], [84.76985280300005, 24.501529122000022], [84.76909264600005, 24.501639547000025], [84.76862501500005, 24.501389732000064], [84.76776670900006, 24.501364453000065], [84.76698325700005, 24.501095580000026], [84.76622408700007, 24.500957779000032], [84.76559827700004, 24.500500416000023], [84.76312888900009, 24.50021203700004], [84.76274142400007, 24.500142744000073], [84.76240912800006, 24.500083317000076], [84.76134354300007, 24.50007989200003], [84.75962168900008, 24.500137472000063], [84.75825528700005, 24.50010141000007], [84.75669635700007, 24.50011891400004], [84.75565562500003, 24.500052314000072], [84.75517794900009, 24.499843119000047], [84.75463805000004, 24.499137182000027], [84.75407308900003, 24.498534918000075], [84.75341900500007, 24.498013709000077], [84.75242866500008, 24.497721488000025], [84.75180256300007, 24.497606593000057], [84.75119408500007, 24.498037904000057], [84.75062499900008, 24.498491948000037], [84.75011565900007, 24.498810752000054], [84.74961604000003, 24.499161221000065], [84.74934279000007, 24.499638743000048], [84.74947250700006, 24.500505857000064], [84.74916566200005, 24.50075760800007], [84.74845551700008, 24.500714661000075], [84.74844810700006, 24.50131949400003], [84.74851400600005, 24.502118747000054], [84.74871450400008, 24.50383019700007], [84.74885105800007, 24.50546466800006], [84.74891883000004, 24.507035762000044], [84.74896456000005, 24.507943236000074], [84.74921171000005, 24.509081620000075], [84.74974120700006, 24.509922948000053], [84.75024534800008, 24.510944789000064], [84.75067632200006, 24.511740605000057], [84.75115573300008, 24.512784947000057], [84.75153625200005, 24.513869557000078], [84.75057227600007, 24.51437198800005], [84.75003907700005, 24.51446048100007], [84.74938738000003, 24.514571144000058], [84.74870641100006, 24.514586991000044], [84.74785777400007, 24.514602203000038], [84.74623241600005, 24.513892585000065], [84.74472469300008, 24.51337748000003], [84.74372077300006, 24.513987962000044], [84.74143523300006, 24.515510498000026], [84.73897797600006, 24.516784211000072], [84.73813388900004, 24.51688517900004], [84.73693109500005, 24.51782001600003], [84.73635570400006, 24.51857184200003], [84.73593369600007, 24.520132594000074], [84.73584478500004, 24.52046142000006], [84.73583465100006, 24.52069737200003], [84.73578488700008, 24.521856059000072], [84.73563648900006, 24.52254007600004], [84.73545803400003, 24.523362639000027], [84.73505760600005, 24.524747022000042], [84.73417513000004, 24.525777738000045], [84.73519069800005, 24.52722562100007], [84.73724035400005, 24.529169083000056], [84.73895932000005, 24.530657295000026], [84.73902528800005, 24.53071440800005], [84.74041973300007, 24.53121122600004], [84.74097160100007, 24.532634932000065], [84.74173354700008, 24.53459209300007], [84.74251718300007, 24.536043662000054], [84.74358589100007, 24.537816795000026], [84.74394207600005, 24.538820084000065], [84.74386440000006, 24.539727115000062], [84.74378693900007, 24.540593513000033], [84.74367522500006, 24.541383031000066], [84.74388453900008, 24.543320263000055], [84.74450677500005, 24.544450865000044], [84.74466648300006, 24.54523229600005], [84.74512644100008, 24.546235885000044], [84.74614513200004, 24.54694349300007], [84.74787457300005, 24.54797915200004], [84.74895184000007, 24.548523722000027], [84.74997506600005, 24.54935322700004], [84.75093856200004, 24.55032689500007], [84.75264527300004, 24.551795071000072], [84.75405569500003, 24.553311896000025], [84.75559278300005, 24.555285037000033], [84.75673681200004, 24.556778374000032], [84.75837725000008, 24.557582678000074], [84.75900233000004, 24.558027105000065], [84.76001764300008, 24.558382454000025], [84.76063521300006, 24.558217443000046], [84.76148345600006, 24.558396283000036], [84.76220325800006, 24.558601752000072], [84.76316979300003, 24.55880345500003], [84.76415998900006, 24.559271667000075], [84.76478985000006, 24.559779210000045], [84.76550892800003, 24.560160731000053], [84.76626005400004, 24.559919342000057], [84.76706071000007, 24.559655596000027], [84.76822278800006, 24.559063481000067], [84.76898405800006, 24.55873185300004], [84.77007477200004, 24.558766981000076], [84.77088942400007, 24.558674773000064], [84.77150263600004, 24.558365222000077], [84.77218568700005, 24.557839321000074], [84.77276479200003, 24.55740323300006], [84.77351085100008, 24.55718895600006], [84.77456634200007, 24.557377329000076], [84.77531042400005, 24.55769114900005], [84.77595520200003, 24.55816262600007], [84.77649595200006, 24.558724107000046], [84.77755063600006, 24.55912915600004], [84.77812773600004, 24.55922576000006], [84.77818686500007, 24.55925303600003], [84.77962059900005, 24.559943589000056], [84.78121111200005, 24.560914565000076], [84.78180585200005, 24.561589043000026], [84.78243290400007, 24.561541290000036], [84.78307803400008, 24.561917934000064], [84.78361883100007, 24.562479388000042], [84.78494488300004, 24.562948368000036], [84.78709958200005, 24.563532804000033], [84.78822317600003, 24.564001231000077], [84.78906930900007, 24.564784770000074], [84.78962508600006, 24.565328143000045], [84.79054201900004, 24.565642411000056], [84.79207135100006, 24.565836655000055], [84.79366952900006, 24.56612132400005], [84.79458661000007, 24.566403966000053], [84.79599477100004, 24.567360663000045], [84.79700778400007, 24.56842002700006], [84.79860158700006, 24.569918863000055], [84.79941412300008, 24.570449504000067], [84.79998954900003, 24.57104252700003], [84.79990306700006, 24.57175999900005], [84.79975264000007, 24.572432113000048], [84.79906166100005, 24.573779744000035], [84.79829721200008, 24.57499166100007], [84.79814611300003, 24.575821783000038], [84.79833514600006, 24.57678833600005], [84.79795070000006, 24.57801494200004], [84.79826446700008, 24.579993070000057], [84.79828483100005, 24.581207341000038], [84.79804725800005, 24.582750415000078], [84.79772130900005, 24.584171323000078], [84.79837844400004, 24.58538759000004], [84.79911359300007, 24.586874842000043], [84.79987212400005, 24.58735106100005], [84.80044756600006, 24.587966743000038], [84.80123020500008, 24.58861907900007], [84.80132665100007, 24.589260281000065], [84.80178756700008, 24.59011932100003], [84.80192989400007, 24.591758337000044], [84.80169378500005, 24.592913166000073], [84.80211057700006, 24.593704397000067], [84.80311478500005, 24.594515358000024], [84.80382377700005, 24.595077211000046], [84.80451490800004, 24.595079240000075], [84.80502663900006, 24.59555474900003], [84.80539489700004, 24.596138092000047], [84.80566376300004, 24.59690629100004], [84.80579441200007, 24.59765595500005], [84.80598366500004, 24.598590890000025], [84.80608021100005, 24.599209607000034], [84.80679453200008, 24.599640559000022], [84.80812150500003, 24.59997850600007], [84.80888130700004, 24.600116188000072], [84.80959002700007, 24.600750154000025], [84.81034768400008, 24.60151524400004], [84.81136631000004, 24.60249327300005], [84.81267315100007, 24.602916839000045], [84.81412883800004, 24.60316034300007], [84.81545547700006, 24.60357939800008], [84.81602166500005, 24.60405952600007], [84.81650875600008, 24.604552994000073], [84.81722624700006, 24.60553008200003], [84.81804781700004, 24.606385535000072], [84.81893976200007, 24.606889181000042], [84.81983177100005, 24.607370157000048], [84.82092015000006, 24.608208405000028], [84.82062208800005, 24.608735640000077], [84.82042618200006, 24.609714574000066], [84.81994327900009, 24.610886823000044], [84.81954528400007, 24.61174338400008], [84.81916238200006, 24.612532222000027], [84.81817735000004, 24.613247125000044], [84.81756763600004, 24.613958576000073], [84.81725827600008, 24.614873987000067], [84.81660438900008, 24.615490548000025], [84.81578646000008, 24.616436132000047], [84.81506322900003, 24.617093083000043], [84.81416811200006, 24.617505753000046], [84.81351406200008, 24.618140268000047], [84.81270644800009, 24.618936920000067], [84.81182997400003, 24.619652071000075], [84.81079511100006, 24.620457099000078], [84.80970187200006, 24.621013555000047], [84.80869861400004, 24.621267894000027], [84.80773476300004, 24.621549462000075], [84.80828014400004, 24.62230487900007], [84.80891385000007, 24.623263704000067], [84.80938969300007, 24.624158916000056], [84.80954864100005, 24.625305928000046], [84.81039899000007, 24.626441397000065], [84.81107993300003, 24.62800517100004], [84.81162645300003, 24.62845819900008], [84.81240837300004, 24.62940390600005], [84.81298271300005, 24.630385019000073], [84.81408204000007, 24.630943477000073], [84.81473708300007, 24.631473525000047], [84.81517446800007, 24.632079648000058], [84.81550339600005, 24.632631307000054], [84.81594120500006, 24.633138107000036], [84.81646389600007, 24.633365338000033], [84.81741097500003, 24.632262156000024], [84.81773923500003, 24.631567895000046], [84.81787431600003, 24.631049176000033], [84.81895480400004, 24.629905792000045], [84.81952247000004, 24.628535148000026], [84.81985499500007, 24.628057601000023], [84.82046439300007, 24.627481574000058], [84.82351153100007, 24.627391008000075], [84.82394984600006, 24.627730755000073], [84.82424823800005, 24.62856671800006], [84.82461857600003, 24.628590313000075], [84.82498928300004, 24.628492020000067], [84.82542950000004, 24.62827206700007], [84.82587360800005, 24.62838169400004], [84.82636784100004, 24.62826119600004], [84.82760854100007, 24.62788553400003], [84.82833290300005, 24.62687188900003], [84.82977359200004, 24.625783556000044], [84.83058133500003, 24.62494627700005], [84.83115097300004, 24.62441069500005], [84.83171748600006, 24.62480950500003], [84.83216179800007, 24.624860333000072], [84.83257837100007, 24.624319873000047], [84.83405755500007, 24.623506930000076], [84.83573901000005, 24.622735159000058], [84.83702401800008, 24.622382164000044], [84.83776588800004, 24.622027511000056], [84.83897735700003, 24.62153881000006], [84.83961084800006, 24.621102707000034], [84.84064083300007, 24.620207263000054], [84.84174948900005, 24.619415832000072], [84.84324328100007, 24.618616431000078], [84.84425142300006, 24.61837083100005], [84.84476585300007, 24.618078843000035], [84.84614527300005, 24.61754537300004], [84.84710419100008, 24.617231934000074], [84.84781496900007, 24.617324171000064], [84.84855598900003, 24.617213338000056], [84.84924224400004, 24.61723771000004], [84.84958665200008, 24.61762225800004], [84.85022119200005, 24.618386888000032], [84.85061276700003, 24.61946676100007], [84.85079192300003, 24.620600210000077], [84.85098273800008, 24.621160476000057], [84.85149989200005, 24.621590617000038], [84.85235784700006, 24.621972069000037], [84.85321587500005, 24.622358029000054], [84.85356216800005, 24.62215578300004], [84.85400652600003, 24.62215698600005], [84.85452096300008, 24.621892049000053], [84.85501562800005, 24.62159991200008], [84.85560401000004, 24.621353185000032], [84.85678542900007, 24.620972610000024], [84.85747273900006, 24.620658456000058], [84.85769053600006, 24.620482914000036], [84.85838299000005, 24.620123637000063], [84.85936790600005, 24.619385908000027], [84.86035079400006, 24.619320729000037], [84.86074524900005, 24.619497780000074], [84.86044690600005, 24.620174157000065], [84.85985105100008, 24.62122886700007], [84.85892496200006, 24.622115732000054], [84.85855773800006, 24.622679032000065], [84.85816074400003, 24.623305359000028], [84.85788793300009, 24.62371091500006], [84.85746495000006, 24.62475703100006], [84.85602471500005, 24.625787027000058], [84.85548684900004, 24.62723453900003], [84.85550479300008, 24.627830463000066], [84.85578813100005, 24.628788170000064], [84.85577580200004, 24.629578043000038], [84.85557571700008, 24.63039456000007], [84.85537643500004, 24.630949241000053], [84.85509152700007, 24.632063403000075], [84.85476255900005, 24.63301958200003], [84.85476759500006, 24.634545236000065], [84.85428740200007, 24.634923139000023], [84.85363405800007, 24.635399905000043], [84.85210657300007, 24.635851778000074], [84.85117216600008, 24.63618787000007], [84.85034005900008, 24.636944035000056], [84.84929040300005, 24.637803399000063], [84.84813650000007, 24.638793348000036], [84.84906519500004, 24.640289935000055], [84.84973767800005, 24.641569159000028], [84.84963599400004, 24.64247625400003], [84.84948200600007, 24.642773677000037], [84.84909075800005, 24.64311126900003], [84.84906453500008, 24.64358965100007], [84.84906142600005, 24.644569182000055], [84.84860525100004, 24.64512318100003], [84.84856970700008, 24.645434472000034], [84.84763609400005, 24.64547259400007], [84.84754604800008, 24.64585155700007], [84.84760731100005, 24.646763564000025], [84.84773560400004, 24.64833922300005], [84.84760032800006, 24.64894373900006], [84.84837963100006, 24.64926633700003], [84.84881930000006, 24.649244950000025], [84.84955985100004, 24.64932814100007], [84.84907927300003, 24.649823398000024], [84.84918697100005, 24.650121614000057], [84.84963001900007, 24.650569661000077], [84.84932390100005, 24.65208105100004], [84.84832012300006, 24.655531518000032], [84.84797314700006, 24.65593228800003], [84.84724177100009, 24.656016092000073], [84.84630372100008, 24.655914319000033], [84.84565138500005, 24.656011842000055], [84.84475718800007, 24.656068143000027], [84.84412487600008, 24.656084425000074], [84.84345272200005, 24.656204487000025], [84.84271159700006, 24.656283785000028], [84.84205501100007, 24.65618272300003], [84.84186310900003, 24.65596093700003], [84.84109812200006, 24.65577834100003], [84.84064936200008, 24.65555596200005], [84.83907858000003, 24.655574244000036], [84.83844570000008, 24.655771077000054], [84.83840569700004, 24.655910883000047], [84.83822579200006, 24.656546912000067], [84.83772176000008, 24.658138918000077], [84.83710418500004, 24.65968999000006], [84.83676186200006, 24.661634527000047], [84.83645247400005, 24.66258616700003], [84.83612350000004, 24.66348351700003], [84.83615551000008, 24.664273550000075], [84.83567772700007, 24.665369113000054], [84.83610010900009, 24.666087941000058], [84.83820472700006, 24.66600346900003], [84.84040724300007, 24.666190044000075], [84.84301928400004, 24.666522169000075], [84.84420353600007, 24.666922619000047], [84.84569215700003, 24.66637588900005], [84.84647748300006, 24.666414117000045], [84.84841760400008, 24.666784963000055], [84.84946323100007, 24.667288856000027], [84.84995624300007, 24.667592542000023], [84.85118829100008, 24.66850316500006], [84.85204074100005, 24.669155447000037], [84.85264778200008, 24.669360190000077], [84.85333394200006, 24.66951094500007], [84.85410366900004, 24.66976574000006], [84.85531233900008, 24.670274500000062], [84.85679663400003, 24.67110896500003], [84.85739794200003, 24.671561952000047], [84.85819743200005, 24.67181680300007], [84.85874407300008, 24.672346309000034], [84.85974024700005, 24.672913137000023], [84.86194253100007, 24.673198722000052], [84.86337338700008, 24.67378018900007], [84.86545990400003, 24.67479215700007], [84.86727467700007, 24.675826035000057], [84.86838748700006, 24.677025035000042], [84.86901554900004, 24.67845757300006], [84.86922921200005, 24.679667830000028], [84.86933816400006, 24.681225373000075], [84.86901956000008, 24.682019014000048], [84.86903256300008, 24.68261038600008], [84.86955423300003, 24.683266204000063], [84.86982433600008, 24.68381758000004], [84.86949199000009, 24.68424556900004], [84.86908118600007, 24.684497321000038], [84.86891712900007, 24.684821885000076], [84.86902466700008, 24.68522842400006], [84.86902357400004, 24.68558054300007], [84.86962267100006, 24.686787283000058], [84.86996693800006, 24.68730269200006], [84.87048464600008, 24.687656108000056], [84.87084438100004, 24.687959426000077], [84.87086805100006, 24.68828902200005], [84.87125415900005, 24.688037217000044], [84.87205679800007, 24.687285391000046], [84.87273972800006, 24.68693502800005], [84.87356741300005, 24.68605693300003], [84.87381494700008, 24.685881540000025], [84.87444808300006, 24.68563030000007], [84.87502614500005, 24.685604651000062], [84.87541193700008, 24.68545666500006], [84.87602036800007, 24.685205461000066], [84.87654525100004, 24.684827561000077], [84.87720286700005, 24.68465319200004], [84.87807340800003, 24.684289684000078], [84.87791480400006, 24.682781619000025], [84.87764120000008, 24.68177436900004], [84.87930885500003, 24.680835114000047], [84.88018925700004, 24.68048519000007], [84.88104019300005, 24.680062958000065], [84.88148694800003, 24.679332756000065], [84.88181544200006, 24.678525599000068], [84.88147245500005, 24.677531697000063], [84.88087140100004, 24.67697948700004], [84.88057201900006, 24.676324221000073], [84.88028332400006, 24.67537115700003], [84.88080480700006, 24.67444255500004], [84.88160839400007, 24.673288901000035], [84.88122582900007, 24.67238072600003], [84.88001938100007, 24.671046137000076], [84.88026828700004, 24.670392211000035], [84.88079392700007, 24.669711926000048], [84.88137317700006, 24.669288987000073], [84.88203070700007, 24.669114596000043], [84.88241729400005, 24.66865961600007], [84.88235103000005, 24.667689006000046], [84.88249163100005, 24.666885860000036]], [[84.83651575500005, 24.616273312000033], [84.83610601200007, 24.617734789000053], [84.83577494700006, 24.61932727900006], [84.83537694100005, 24.620224415000052], [84.83498499300003, 24.62077857400004], [84.83463352100006, 24.621039437000036], [84.83402549500005, 24.62123630900004], [84.83339189800006, 24.621713017000047], [84.83255145900006, 24.62199510800008], [84.83172111000005, 24.622232015000066], [84.83106928200004, 24.622252822000064], [84.83011117300003, 24.62228626800004], [84.82878228100003, 24.622445007000067], [84.82556695700004, 24.62266162700007], [84.82465431700007, 24.62239726000007], [84.82378112900005, 24.622155605000046], [84.82313213000003, 24.621318640000027], [84.82291824800006, 24.62032498900004], [84.82304154400003, 24.618917014000033], [84.82293920300003, 24.617043427000056], [84.82337631700005, 24.616268267000066], [84.82363937900004, 24.615871739000056], [84.82392269400003, 24.615335380000033], [84.82403547200005, 24.61409889400005], [84.82477680700003, 24.61390240000003], [84.82598706100003, 24.613734235000038], [84.82671839200003, 24.613582816000076], [84.82809848500006, 24.612846451000053], [84.82930280700003, 24.612985211000023], [84.83023600100006, 24.612987832000044], [84.83065719800004, 24.612515031000044], [84.83186204200007, 24.612495858000045], [84.83298657200004, 24.61439035500007], [84.83374687900005, 24.614414960000033], [84.83428467000005, 24.61452484600005], [84.83467944000006, 24.61459361900006], [84.83528040200008, 24.615033158000074], [84.83591639100007, 24.615350824000075], [84.83651575500005, 24.616273312000033]]]]}}, {"type": "Feature", "properties": {"OBJECTID": 48, "BLOCK_CODE": "0013", "NEAR_TOWN": "SHERGHATI", "BLK_NAME": "AMAS", "DIST_NAME": "GAYA"}, "geometry": {"type": "MultiPolygon", "coordinates": [[[[84.62105225900007, 24.654521471000066], [84.62316850200006, 24.65308142600003], [84.62422928600006, 24.65231396400003], [84.62495659800004, 24.652064245000076], [84.62661832300006, 24.651628773000027], [84.62767720700003, 24.651249429000075], [84.62993959000005, 24.65119115500005], [84.63102143700007, 24.651173022000023], [84.63192599100006, 24.651023233000046], [84.63422533000005, 24.650491045000024], [84.63444184300005, 24.650645369000074], [84.63528961600008, 24.652025571000024], [84.63677219200008, 24.651855605000037], [84.63691412400004, 24.650104808000037], [84.63714210700005, 24.648918581000032], [84.63793245800008, 24.64788815000003], [84.63956728400007, 24.646865641000034], [84.64191816900006, 24.645859591000033], [84.64364954900003, 24.64530235700005], [84.64458028200005, 24.64483215000007], [84.64599999200004, 24.644363870000063], [84.64747074900004, 24.64354832300006], [84.64952256300006, 24.64310516300003], [84.65064844400007, 24.643127659000072], [84.65247829000003, 24.642611384000077], [84.65357113300007, 24.64232230300007], [84.65422380300004, 24.64217141900008], [84.65452452200003, 24.641242732000023], [84.65488690400008, 24.640851527000052], [84.65546029300003, 24.640740893000043], [84.65649486800004, 24.64128214400006], [84.65703422500007, 24.64107212400006], [84.65742837900007, 24.64022507800007], [84.65651892100004, 24.63933673200006], [84.65639770100006, 24.638844251000023], [84.65663274600007, 24.63824032200006], [84.65699477900006, 24.63791231400006], [84.65821110000007, 24.637605649000022], [84.65963350300007, 24.63760216600008], [84.66029291600006, 24.63599329400006], [84.66081548400007, 24.635142262000045], [84.66237695600006, 24.634936217000075], [84.66414915300004, 24.635105605000035], [84.66561494200005, 24.635309951000067], [84.66748672400007, 24.635276576000024], [84.66949380900007, 24.634841958000038], [84.67024591800003, 24.634533418000046], [84.67176892600008, 24.63411500600006], [84.67306319500005, 24.634025191000035], [84.67503381000006, 24.633983107000063], [84.67885748400005, 24.633695259000035], [84.67866486000008, 24.631523349000076], [84.67815635500006, 24.629327680000074], [84.67799636800004, 24.627584691000038], [84.67861129100004, 24.62593497900008], [84.67932777000004, 24.624736967000047], [84.67888403700005, 24.622401613000022], [84.67903434800007, 24.620831408000072], [84.67889812200008, 24.619309698000052], [84.67841051500005, 24.617940150000038], [84.67764784800005, 24.61627164500004], [84.67712163000004, 24.614712303000033], [84.67614773700006, 24.613882583000077], [84.67488377500007, 24.613855166000064], [84.67343450200008, 24.61440486200007], [84.67253845800008, 24.614911422000034], [84.67118760000005, 24.614463879000027], [84.67078459000004, 24.614065157000027], [84.67008670600006, 24.614423556000077], [84.66924912600007, 24.615083820000052], [84.66833888200006, 24.615455002000033], [84.66783952300005, 24.61559753100005], [84.66721442800008, 24.615170799000055], [84.66687779900008, 24.61428477800007], [84.66679377400004, 24.61323717600004], [84.66683416600006, 24.611991528000033], [84.66717773300007, 24.60921683600003], [84.66741721400007, 24.607615289000023], [84.66730407100005, 24.606459314000062], [84.66583327000006, 24.60422826300004], [84.66822750600005, 24.60429170200007], [84.67195061800004, 24.60422481200004], [84.67237700200008, 24.604899086000046], [84.67320817200005, 24.606698745000074], [84.67403524300005, 24.60830433700005], [84.67500988600005, 24.61004141500007], [84.67706713100006, 24.612577087000034], [84.67853318800007, 24.61375176400003], [84.67976495300007, 24.614343157000064], [84.68172958600007, 24.614463472000068], [84.68242359600004, 24.616055009000036], [84.68388953700008, 24.61837614600006], [84.68493899100008, 24.620000529000038], [84.68549999900006, 24.620436048000045], [84.68689656400005, 24.620621843000038], [84.68750287700004, 24.620867779000037], [84.68876824600005, 24.622790941000062], [84.69010666500003, 24.622746247000066], [84.69195979500006, 24.622432727000046], [84.69152420200004, 24.620454021000057], [84.69111947700009, 24.618191015000036], [84.69102779300005, 24.616579244000036], [84.69053701800004, 24.614808005000043], [84.68986774500007, 24.614290865000044], [84.68790128500007, 24.613462041000048], [84.68606257700003, 24.612787105000052], [84.68546021600008, 24.61168793400003], [84.68575391100006, 24.611147385000038], [84.68588472300007, 24.610597143000064], [84.68561848800005, 24.609422620000032], [84.68554857200007, 24.608478871000045], [84.68583831900008, 24.607744256000046], [84.68616073300007, 24.607397847000072], [84.68680866800008, 24.607147565000048], [84.68796952800005, 24.60702095700003], [84.68955161900004, 24.607667845000037], [84.69029958800007, 24.60823030800003], [84.69099292300007, 24.608869415000072], [84.69164998800005, 24.609901036000053], [84.69218212000004, 24.611261639000077], [84.69317767800004, 24.61279107200005], [84.69448266600006, 24.614700734000053], [84.69519196200008, 24.61622901900006], [84.69594932800004, 24.61690889600004], [84.69623442000005, 24.61720788300005], [84.69562398600004, 24.617909824000037], [84.69573040900008, 24.618415721000076], [84.69642635200006, 24.618485984000074], [84.69757294500005, 24.61824192200004], [84.69918516800004, 24.61767459200007], [84.70054944500004, 24.61736813600004], [84.70165607700005, 24.61722779100006], [84.70243538000005, 24.617420211000024], [84.70320269300004, 24.618109054000058], [84.70326756300005, 24.61910684000003], [84.70287032200008, 24.619597430000056], [84.70186678100004, 24.61987364500004], [84.70168777400005, 24.620148371000028], [84.70241842400003, 24.62132011700004], [84.70309936800004, 24.621439907000024], [84.70390548500006, 24.621162987000048], [84.70485572500007, 24.62067448700003], [84.70576291200007, 24.619838164000043], [84.70590873700007, 24.619229319000056], [84.70555017400005, 24.61879017700005], [84.70466048200007, 24.617866125000035], [84.70443995900007, 24.617481630000043], [84.70467392800003, 24.617040145000033], [84.70524989500007, 24.61630642500006], [84.70417756400008, 24.615350087000024], [84.70346549500005, 24.614449255000068], [84.70314166300005, 24.612850190000074], [84.70296323300005, 24.612276417000032], [84.70296632900005, 24.61227629800004], [84.70489725100003, 24.61220205400008], [84.70663079700006, 24.61210903600005], [84.70640415800005, 24.61084876900003], [84.70644164500004, 24.610176351000064], [84.70676830400004, 24.60999696500005], [84.70839506700008, 24.61059421300007], [84.71021641300007, 24.610745165000026], [84.71383223700008, 24.61037895000004], [84.71372468800007, 24.612463951000052], [84.71375169200007, 24.614233472000024], [84.71337226500003, 24.61519814500008], [84.71379471000006, 24.616883345000076], [84.71251319800007, 24.617492671000036], [84.71277521900004, 24.618572398000026], [84.71368507100004, 24.619428817000028], [84.71409245500007, 24.620017062000045], [84.71359035400008, 24.62081875100006], [84.71342427700006, 24.621531305000076], [84.71374387200007, 24.621857486000067], [84.71414765100008, 24.62212968800003], [84.71535976500007, 24.622738906000052], [84.71648996800008, 24.622905411000033], [84.71770491900008, 24.622860111000023], [84.71958675600007, 24.622753844000044], [84.72044683000007, 24.62254473300004], [84.72044100600004, 24.62156973900005], [84.71948081800008, 24.619765337000047], [84.71869563500007, 24.61742883100004], [84.71788423400005, 24.615475971000023], [84.71720118400003, 24.613519084000075], [84.71905549100006, 24.612893648000068], [84.72115163600006, 24.61228261100007], [84.72297976800007, 24.61199112500003], [84.72357655000008, 24.612146659000075], [84.72456011200006, 24.61310254800003], [84.72617782000003, 24.614728679000052], [84.72685841400005, 24.614929717000052], [84.72766375900005, 24.614801557000078], [84.72820293800004, 24.614559688000043], [84.72809904900004, 24.613412856000025], [84.72800598100008, 24.612044789000038], [84.72786806200008, 24.610766901000034], [84.72758153700005, 24.608441198000037], [84.72728242100004, 24.606751965000058], [84.72747870400008, 24.604644691000033], [84.72731742600007, 24.60307328600004], [84.72714919700007, 24.599569879000057], [84.72679050400006, 24.59798877700007], [84.72630420800004, 24.597377650000055], [84.72451903800004, 24.595701290000022], [84.72523243900008, 24.59510798900004], [84.72674104900005, 24.594440634000023], [84.72733449700007, 24.59418088600006], [84.72826944300004, 24.593741797000064], [84.72918601500004, 24.592936997000038], [84.72983352800009, 24.592745129000036], [84.73118098700007, 24.594040783000025], [84.73180143500008, 24.59563180300006], [84.73331102600008, 24.595885278000026], [84.73410803600007, 24.596569560000034], [84.73497806400007, 24.598707645000047], [84.73561612300006, 24.599644239000042], [84.73593119600008, 24.599852878000036], [84.73679119100007, 24.59964367200007], [84.73656372800008, 24.597286678000046], [84.73695602800007, 24.59673276500007], [84.73744270300006, 24.596030306000046], [84.73716357100005, 24.594259864000037], [84.73650965500008, 24.59239334700004], [84.73581353800006, 24.58997604700005], [84.73587080800007, 24.589240456000027], [84.74117803800004, 24.58916821500003], [84.74337022000003, 24.589112427000032], [84.74787256700006, 24.58910499500007], [84.74984820600008, 24.58885422900005], [84.75066843900004, 24.588653905000058], [84.75122825700004, 24.588172719000056], [84.75179273000003, 24.58897803900004], [84.75190810000004, 24.589772890000063], [84.75178609000005, 24.590657236000027], [84.75153903700004, 24.591983472000038], [84.75164367200006, 24.592967870000052], [84.75269329000008, 24.593467856000075], [84.75333756800006, 24.592842560000065], [84.75418221400008, 24.592732573000035], [84.75568369500007, 24.592561404000037], [84.75737801900004, 24.592300618000024], [84.75931437300005, 24.592000003000066], [84.76040064200004, 24.59198099300005], [84.76201101600003, 24.59171989500004], [84.76247135300008, 24.59268739600003], [84.76271641100004, 24.59313508100007], [84.76303378600005, 24.594061493000027], [84.76348128200004, 24.595800716000042], [84.76420837200004, 24.599287849000063], [84.76471445200008, 24.60119890200008], [84.76486151900008, 24.601470163000045], [84.76533059300004, 24.601471683000057], [84.76609155600005, 24.60129356500005], [84.76660521200006, 24.60125012900005], [84.76692210900006, 24.602284788000077], [84.76736481100005, 24.602733167000054], [84.76881176400008, 24.602629427000068], [84.76934425800005, 24.602838731000077], [84.76874945800006, 24.60344174100004], [84.76829318800003, 24.603968423000026], [84.76838391400008, 24.60477213200005], [84.76892535000007, 24.605211739000026], [84.77028488400003, 24.60474663100007], [84.77220150200003, 24.60450450600007], [84.77340784100005, 24.60407948900007], [84.77404564100004, 24.603837715000054], [84.77487946100007, 24.60399390500004], [84.77573779400007, 24.604199721000043], [84.77680807700006, 24.604482975000053], [84.77892208200007, 24.604268362000028], [84.78027505700004, 24.604227493000053], [84.78094302100004, 24.603845927000066], [84.78212102900005, 24.603041537000024], [84.78330372400006, 24.60232303300006], [84.78394674000003, 24.60201353000008], [84.78485675900004, 24.601587490000043], [84.78535965400005, 24.601756112000032], [84.78671838500009, 24.602830133000055], [84.78774425300008, 24.604476333000036], [84.78794028000004, 24.604878706000022], [84.78802112000005, 24.60572757700004], [84.78877682700005, 24.60698475600003], [84.78869103200003, 24.607503577000045], [84.78888185900007, 24.60798266200004], [84.78918528100007, 24.608701263000057], [84.78935706700008, 24.60897716900007], [84.78942465100005, 24.609415222000052], [84.78974743200007, 24.610255832000064], [84.79025712100008, 24.611304628000028], [84.79055582200004, 24.611982563000026], [84.79083810600008, 24.613120968000032], [84.79139636000008, 24.61437754800005], [84.79171029100007, 24.614947225000037], [84.79146474100008, 24.615944056000046], [84.79224687100003, 24.616763466000066], [84.79253195200005, 24.617120963000048], [84.79253078100004, 24.61744139600006], [84.79267752800007, 24.617821067000023], [84.79304732900005, 24.617980171000056], [84.79360091200004, 24.617832875000033], [84.79425666700007, 24.618096665000053], [84.79560504300008, 24.618001457000048], [84.79684885200004, 24.618145138000045], [84.79799834300007, 24.618437482000047], [84.79882010100005, 24.61922089600006], [84.79928624500008, 24.620052876000045], [84.79964058600007, 24.620383423000078], [84.80005389600007, 24.620808951000072], [84.80046233700006, 24.62121196800007], [84.80105389000005, 24.62148003300007], [84.80171043000007, 24.62153161300006], [84.80231987900004, 24.620955656000035], [84.80300722500004, 24.620682373000022], [84.80394174400004, 24.620333027000072], [84.80474133200005, 24.62043476100007], [84.80625226500007, 24.62043922600003], [84.80696764400005, 24.620617364000054], [84.80773476300004, 24.621549462000075], [84.80869861400004, 24.621267894000027], [84.80970187200006, 24.621013555000047], [84.81079511100006, 24.620457099000078], [84.81182997400003, 24.619652071000075], [84.81270644800009, 24.618936920000067], [84.81351406200008, 24.618140268000047], [84.81416811200006, 24.617505753000046], [84.81506322900003, 24.617093083000043], [84.81578646000008, 24.616436132000047], [84.81660438900008, 24.615490548000025], [84.81725827600008, 24.614873987000067], [84.81756763600004, 24.613958576000073], [84.81817735000004, 24.613247125000044], [84.81916238200006, 24.612532222000027], [84.81954528400007, 24.61174338400008], [84.81994327900009, 24.610886823000044], [84.82042618200006, 24.609714574000066], [84.82062208800005, 24.608735640000077], [84.82092015000006, 24.608208405000028], [84.81983177100005, 24.607370157000048], [84.81893976200007, 24.606889181000042], [84.81804781700004, 24.606385535000072], [84.81722624700006, 24.60553008200003], [84.81650875600008, 24.604552994000073], [84.81602166500005, 24.60405952600007], [84.81545547700006, 24.60357939800008], [84.81412883800004, 24.60316034300007], [84.81267315100007, 24.602916839000045], [84.81136631000004, 24.60249327300005], [84.81034768400008, 24.60151524400004], [84.80959002700007, 24.600750154000025], [84.80888130700004, 24.600116188000072], [84.80812150500003, 24.59997850600007], [84.80679453200008, 24.599640559000022], [84.80608021100005, 24.599209607000034], [84.80598366500004, 24.598590890000025], [84.80579441200007, 24.59765595500005], [84.80566376300004, 24.59690629100004], [84.80539489700004, 24.596138092000047], [84.80502663900006, 24.59555474900003], [84.80451490800004, 24.595079240000075], [84.80382377700005, 24.595077211000046], [84.80311478500005, 24.594515358000024], [84.80211057700006, 24.593704397000067], [84.80169378500005, 24.592913166000073], [84.80192989400007, 24.591758337000044], [84.80178756700008, 24.59011932100003], [84.80132665100007, 24.589260281000065], [84.80123020500008, 24.58861907900007], [84.80044756600006, 24.587966743000038], [84.79987212400005, 24.58735106100005], [84.79911359300007, 24.586874842000043], [84.79837844400004, 24.58538759000004], [84.79772130900005, 24.584171323000078], [84.79804725800005, 24.582750415000078], [84.79828483100005, 24.581207341000038], [84.79826446700008, 24.579993070000057], [84.79795070000006, 24.57801494200004], [84.79833514600006, 24.57678833600005], [84.79814611300003, 24.575821783000038], [84.79829721200008, 24.57499166100007], [84.79906166100005, 24.573779744000035], [84.79975264000007, 24.572432113000048], [84.79990306700006, 24.57175999900005], [84.79998954900003, 24.57104252700003], [84.79941412300008, 24.570449504000067], [84.79860158700006, 24.569918863000055], [84.79700778400007, 24.56842002700006], [84.79599477100004, 24.567360663000045], [84.79458661000007, 24.566403966000053], [84.79366952900006, 24.56612132400005], [84.79207135100006, 24.565836655000055], [84.79054201900004, 24.565642411000056], [84.78962508600006, 24.565328143000045], [84.78906930900007, 24.564784770000074], [84.78822317600003, 24.564001231000077], [84.78709958200005, 24.563532804000033], [84.78494488300004, 24.562948368000036], [84.78361883100007, 24.562479388000042], [84.78307803400008, 24.561917934000064], [84.78243290400007, 24.561541290000036], [84.78180585200005, 24.561589043000026], [84.78121111200005, 24.560914565000076], [84.77962059900005, 24.559943589000056], [84.77818686500007, 24.55925303600003], [84.77812773600004, 24.55922576000006], [84.77755063600006, 24.55912915600004], [84.77649595200006, 24.558724107000046], [84.77595520200003, 24.55816262600007], [84.77531042400005, 24.55769114900005], [84.77456634200007, 24.557377329000076], [84.77351085100008, 24.55718895600006], [84.77276479200003, 24.55740323300006], [84.77218568700005, 24.557839321000074], [84.77150263600004, 24.558365222000077], [84.77088942400007, 24.558674773000064], [84.77007477200004, 24.558766981000076], [84.76898405800006, 24.55873185300004], [84.76822278800006, 24.559063481000067], [84.76706071000007, 24.559655596000027], [84.76626005400004, 24.559919342000057], [84.76550892800003, 24.560160731000053], [84.76478985000006, 24.559779210000045], [84.76415998900006, 24.559271667000075], [84.76316979300003, 24.55880345500003], [84.76220325800006, 24.558601752000072], [84.76148345600006, 24.558396283000036], [84.76063521300006, 24.558217443000046], [84.76001764300008, 24.558382454000025], [84.75900233000004, 24.558027105000065], [84.75837725000008, 24.557582678000074], [84.75673681200004, 24.556778374000032], [84.75559278300005, 24.555285037000033], [84.75405569500003, 24.553311896000025], [84.75264527300004, 24.551795071000072], [84.75093856200004, 24.55032689500007], [84.75067834200007, 24.551228781000077], [84.75017169500006, 24.552044119000072], [84.74977983700006, 24.552552926000033], [84.74968260000009, 24.553414776000068], [84.74937798000008, 24.55431204000007], [84.74954309700007, 24.554998689000058], [84.74913130700008, 24.555529942000078], [84.74845610700004, 24.555306548000033], [84.74787449000007, 24.555187311000054], [84.74604720800005, 24.55541590300004], [84.74393003300008, 24.555395187000045], [84.74236915100005, 24.555705991000025], [84.74157614900008, 24.556273013000066], [84.74010719600005, 24.557323362000034], [84.73966569700008, 24.55776977100004], [84.73832302600005, 24.55912737500006], [84.73785634700005, 24.559985580000046], [84.73781585400008, 24.560060045000057], [84.73757949300006, 24.56114255600005], [84.73751959400005, 24.56253717900006], [84.73758401900005, 24.564893683000037], [84.73609319500008, 24.564938245000064], [84.73465857800005, 24.564522578000037], [84.73356875100006, 24.56429316400005], [84.73292913600005, 24.56423015200005], [84.73166923800005, 24.56410603200004], [84.73064826000007, 24.56394910000006], [84.72911509600004, 24.56350140400008], [84.72868045700005, 24.563255008000056], [84.72804158700006, 24.562892833000035], [84.72693581500005, 24.561742468000034], [84.72650543600008, 24.560779471000046], [84.72561580800004, 24.559891641000036], [84.72464997300006, 24.559531694000043], [84.72358426100004, 24.55932804200006], [84.72325425900004, 24.559264980000023], [84.72178812000004, 24.559354709000047], [84.72197765400006, 24.561233139000024], [84.72214809600007, 24.56296706300003], [84.72178753800006, 24.564207101000022], [84.72070640400005, 24.565417638000042], [84.71923448400008, 24.56685238800003], [84.71747444200008, 24.568710398000064], [84.71575256700004, 24.569683781000037], [84.71421078700007, 24.570107199000063], [84.71209695200008, 24.57039306400003], [84.71016450200005, 24.57097293100003], [84.70625149400007, 24.571996815000034], [84.70625077400007, 24.571997004000025], [84.70625079700005, 24.571997042000078], [84.70591252200006, 24.572107381000023], [84.70287519600004, 24.573125867000044], [84.70105524100006, 24.573792826000044], [84.69792381600007, 24.575343128000043], [84.69569259100007, 24.57650407600005], [84.69377345400005, 24.577381700000046], [84.69287831900004, 24.57775755600005], [84.69225082500003, 24.577881597000044], [84.69058756300007, 24.577825766000046], [84.68919113800007, 24.577703205000034], [84.68837162500006, 24.57772723100004], [84.68727860100006, 24.578188116000035], [84.68672565600008, 24.578226681000046], [84.68547739200005, 24.57807304800008], [84.68323326100005, 24.57766734100005], [84.68212767700004, 24.57762255800003], [84.68164756100003, 24.57791866900004], [84.68073315000004, 24.579278415000033], [84.67883039300006, 24.58086015500004], [84.67829441100008, 24.581499070000064], [84.67828391100005, 24.58272678700007], [84.67813297200007, 24.583358151000027], [84.67747511000005, 24.58471892400007], [84.67701028400006, 24.585994519000053], [84.67678881000006, 24.586928054000055], [84.67649322900007, 24.58787940700006], [84.67563417300005, 24.588977474000046], [84.67488539600004, 24.589705923000054], [84.67340767000007, 24.590074836000042], [84.67267527800004, 24.59045576500006], [84.67126904600008, 24.592431989000033], [84.67014387800003, 24.593411612000068], [84.66907075600005, 24.59381823500007], [84.66801073400006, 24.594572478000032], [84.66581586300003, 24.595195920000037], [84.66494639700005, 24.59424468700007], [84.66439411100004, 24.593046365000077], [84.66433552000007, 24.59185446400005], [84.66410265200005, 24.59096879200007], [84.66342798700003, 24.590605082000025], [84.66226456900006, 24.590248424000038], [84.66058214100008, 24.59003421600005], [84.66010918500007, 24.58982928200004], [84.65965812900004, 24.589154891000078], [84.65954307300007, 24.58841414400007], [84.65937260700008, 24.587935032000075], [84.65878199100007, 24.58754904700004], [84.65744552100006, 24.58725037100004], [84.65627622000005, 24.58710581200006], [84.65417050800005, 24.587679785000034], [84.65294585000004, 24.587765235000063], [84.65181556800007, 24.587724663000074], [84.65058071200008, 24.586830445000032], [84.64994558100005, 24.586457838000058], [84.64888944100005, 24.586408466000023], [84.64810807000003, 24.58668970100007], [84.64699936800008, 24.587308196000038], [84.64633090100006, 24.587711757000022], [84.64594171800007, 24.58857688100005], [84.64457899900003, 24.589650161000066], [84.64272703200004, 24.590820895000036], [84.64129270600006, 24.591356765000057], [84.63975556300005, 24.59174317000003], [84.63876265800008, 24.591870072000063], [84.63751850000006, 24.59187409200007], [84.63593991700003, 24.592634969000073], [84.63312121800004, 24.594605055000045], [84.63223327400004, 24.59547712400007], [84.63022379600005, 24.596497955000075], [84.62812053900007, 24.597522957000024], [84.62665086300007, 24.59820299100005], [84.62420478900003, 24.598644257000046], [84.62174005600008, 24.59887767400005], [84.62063539700006, 24.59961790400007], [84.61929014900005, 24.60008622400005], [84.61737014000005, 24.600962890000062], [84.61531441200003, 24.600344845000052], [84.61423686600006, 24.59961356100007], [84.61334780300007, 24.598707037000054], [84.61228149100003, 24.59673900200005], [84.61200701900003, 24.594395090000035], [84.61151012800008, 24.594054483000036], [84.60935899200007, 24.594749498000056], [84.60737402500007, 24.594804270000054], [84.60567553900006, 24.59484658300005], [84.60477200700007, 24.594865302000073], [84.60402378700007, 24.594437764000077], [84.60320463400006, 24.593387048000068], [84.60269080200004, 24.592518166000048], [84.60201012400006, 24.592384389000074], [84.60059610300004, 24.59280255500005], [84.59926417600008, 24.593550616000073], [84.59745794300005, 24.595334769000033], [84.59665927100008, 24.596067075000065], [84.59639112400004, 24.597307234000027], [84.59580003000008, 24.598004325000034], [84.59557804900004, 24.598915168000076], [84.59486024400007, 24.60023460000008], [84.59379265200005, 24.602351412000075], [84.59285663700007, 24.603850426000065], [84.59342155000007, 24.604403603000037], [84.59454900500003, 24.605022449000046], [84.59586825200006, 24.605786452000075], [84.59654230400008, 24.606240838000076], [84.59690080300004, 24.606608005000055], [84.59691426300003, 24.60688340200005], [84.59630730400005, 24.607760960000064], [84.59533584300004, 24.609435881000024], [84.59458304700007, 24.610818343000062], [84.59295310000005, 24.61376778500005], [84.59245417100004, 24.614740577000077], [84.59294485300006, 24.615338526000073], [84.59467124900004, 24.616632509000056], [84.59620599900006, 24.617767670000035], [84.59785848600006, 24.61903867500007], [84.59982545300005, 24.62062710500004], [84.60111895700004, 24.621643773000073], [84.60318001100006, 24.623178319000033], [84.60451287600006, 24.624240302000032], [84.60584102200005, 24.625234525000053], [84.60357826400008, 24.62544142300004], [84.60155238700008, 24.624728616000027], [84.60034872100005, 24.624484153000026], [84.59916882600004, 24.624433890000034], [84.59912993000006, 24.625268796000057], [84.59936036800008, 24.627490581000075], [84.59921686500007, 24.62945353300006], [84.59921895400004, 24.630970164000075], [84.59928661400005, 24.632198172000074], [84.59952899900009, 24.634031879000077], [84.59938919000007, 24.635286068000028], [84.59900586400005, 24.636832714000036], [84.59892902800004, 24.638326457000062], [84.59884009000007, 24.639278458000035], [84.59914287700008, 24.64089572900008], [84.59941685000007, 24.643302739000035], [84.59952330300007, 24.64564142200004], [84.59952112900004, 24.64606568000005], [84.59969781000007, 24.647244555000043], [84.60048195900004, 24.648412483000072], [84.60103019400003, 24.649380835000045], [84.60119103100004, 24.65074468800003], [84.60149917100006, 24.651337372000057], [84.60219625400003, 24.652166418000036], [84.60321127900005, 24.65168326500003], [84.60412175500005, 24.652323632000048], [84.60558943400008, 24.65313341800004], [84.60718040100005, 24.654002328000047], [84.60761586300004, 24.653837227000054], [84.60943506200005, 24.65354701600006], [84.60980353000008, 24.653923250000048], [84.61020441400007, 24.655707977000077], [84.61055810400006, 24.657072593000066], [84.61070862000008, 24.658544796000058], [84.61128497400006, 24.65885419600005], [84.61209974300004, 24.65890277400007], [84.61259532100007, 24.65857539600006], [84.61373145200008, 24.657587165000052], [84.61522736000006, 24.656771924000054], [84.61599928700008, 24.656486278000045], [84.61790332500004, 24.656020433000037], [84.61955625700006, 24.65537730500006], [84.62105225900007, 24.654521471000066]]]]}}, {"type": "Feature", "properties": {"OBJECTID": 49, "BLOCK_CODE": "0022", "NEAR_TOWN": "GAYA", "BLK_NAME": "FATEHPUR", "DIST_NAME": "GAYA"}, "geometry": {"type": "MultiPolygon", "coordinates": [[[[85.32984696000005, 24.712267137000026], [85.33001553800005, 24.710452602000032], [85.33051547800005, 24.70799708000004], [85.33065602100004, 24.701822038000046], [85.33082488900004, 24.699163381000062], [85.33082057000007, 24.69763314200003], [85.32827704400006, 24.694468022000024], [85.32743729800006, 24.694133772000043], [85.32635046100006, 24.693776824000054], [85.32497696600007, 24.693654477000052], [85.32418692700008, 24.692376730000035], [85.32340693200007, 24.690841770000077], [85.32267731400003, 24.686882755000056], [85.32264474000004, 24.682030130000044], [85.32309534700005, 24.67934902500008], [85.32316466700007, 24.679181667000023], [85.32348605800007, 24.678405741000063], [85.32379309300006, 24.676568630000077], [85.32306208200004, 24.676107976000026], [85.32250432400008, 24.675060538000025], [85.32225271400006, 24.674189279000075], [85.32253010800008, 24.672505577000038], [85.32303454500004, 24.67094845200006], [85.32289716600008, 24.668826797000065], [85.32330750900007, 24.667883568000036], [85.32473572500004, 24.666425997000033], [85.32389641700007, 24.66525211800007], [85.32359014800005, 24.66527458300004], [85.32118386100007, 24.666758822000077], [85.32100182700003, 24.666889832000038], [85.31791772500009, 24.669109431000038], [85.31727550700003, 24.669158768000045], [85.31392644700009, 24.668882162000045], [85.31121430800005, 24.669138260000068], [85.31034492400005, 24.669160478000038], [85.30928127700008, 24.67225210500004], [85.30850035000003, 24.672996522000062], [85.30624215000006, 24.67425042900004], [85.30386560400007, 24.674782011000048], [85.30171151000008, 24.67530000800008], [85.30137628700004, 24.674099187000024], [85.30152066900007, 24.672180750000052], [85.30137832400004, 24.67054663400006], [85.30014827500008, 24.67056857700004], [85.29984292900008, 24.66898852500003], [85.29923065200006, 24.66860457000007], [85.29609815900005, 24.669577998000022], [85.29509037300005, 24.669703834000074], [85.29470052200008, 24.669062636000035], [85.29554057200005, 24.668580030000044], [85.29531446600004, 24.66681952600004], [85.29592770400006, 24.66571840200004], [85.29589829900004, 24.665334673000075], [85.29548907500003, 24.664156372000036], [85.29643310400007, 24.663136654000027], [85.29852840400008, 24.661675200000047], [85.29970441400008, 24.660962573000063], [85.30029260600008, 24.660349019000023], [85.30157724000009, 24.65976282300005], [85.30289128000004, 24.659533258000067], [85.30406726200005, 24.658816083000033], [85.30538115600007, 24.658712906000062], [85.30666117000004, 24.657463109000048], [85.30691340300007, 24.656876389000047], [85.30596603300006, 24.655088395000064], [85.30495897500003, 24.654013615000054], [85.30495448800008, 24.653119815000025], [85.30540410400005, 24.65291694000007], [85.30542900900008, 24.65253318300006], [85.30451219200006, 24.649061523000057], [85.30669038600007, 24.64890904600003], [85.30769808100007, 24.64872895700006], [85.30810815100006, 24.648498966000034], [85.31179760300006, 24.648419283000067], [85.31323992300008, 24.648194232000037], [85.31676170300005, 24.647577183000067], [85.31793759300007, 24.646710917000064], [85.31922124400006, 24.647808316000066], [85.32160130900007, 24.648906080000074], [85.32224344800005, 24.648879204000025], [85.32459008800004, 24.647218897000073], [85.32528684400006, 24.64639759800008], [85.32506512100008, 24.64493952400005], [85.32450727400004, 24.644537571000058], [85.32386521000006, 24.64433421500007], [85.32308013500005, 24.64384640800006], [85.32371754100006, 24.643259800000067], [85.32332753700007, 24.64279925200003], [85.32254722800008, 24.642826115000048], [85.32187564800006, 24.642649752000068], [85.32153988300007, 24.642342754000026], [85.32170801200004, 24.64182819100006], [85.32260227100005, 24.641115247000073], [85.32235101600008, 24.639607515000023], [85.32226270900009, 24.638023028000077], [85.32187297800004, 24.637029848000054], [85.32207081400009, 24.636339298000053], [85.32293523200008, 24.635983012000054], [85.32363719700004, 24.634267848000036], [85.32363731600003, 24.633834543000035], [85.32329664900004, 24.633581615000026], [85.32287697200007, 24.633477631000062], [85.32159775900004, 24.633784212000023], [85.31874294000005, 24.634857457000066], [85.31443570100004, 24.63667045300008], [85.31360049900007, 24.637979161000032], [85.31190042800006, 24.64035278800003], [85.31035888400004, 24.641652195000063], [85.30902041300004, 24.641832185000055], [85.30661503800007, 24.64224634800007], [85.30633907800006, 24.640941678000047], [85.30625248400008, 24.63682939000006], [85.30597147000003, 24.635885866000024], [85.30499026400008, 24.633023471000058], [85.30448688600006, 24.63240932700006], [85.30347941500008, 24.632589393000046], [85.30356888800009, 24.63146100800003], [85.30429174400007, 24.628138980000074], [85.30395661900008, 24.626938145000054], [85.30420549500008, 24.623363125000026], [85.30465042300006, 24.62244251100003], [85.30632992100004, 24.62142308500006], [85.30928826900004, 24.62034557000004], [85.31031639400004, 24.61832826500006], [85.31118595200007, 24.617380645000026], [85.31157643600005, 24.61656378300006], [85.31208091100007, 24.61488025400007], [85.31187898800005, 24.613706531000048], [85.31224471600007, 24.61314241100007], [85.31246752900006, 24.611865040000055], [85.31199371000008, 24.611404406000077], [85.31115444100004, 24.611250643000062], [85.30989579400006, 24.610306640000033], [85.30959007400008, 24.609642947000054], [85.30970381700007, 24.609209686000042], [85.31062249400009, 24.608618678000028], [85.31076104800007, 24.608058982000045], [85.31065270000005, 24.607499231000077], [85.30967588700008, 24.60583765000007], [85.30855647500005, 24.603209984000046], [85.30830525300007, 24.602293530000054], [85.30827602100004, 24.60149905800006], [85.31204786300003, 24.601748991000022], [85.31489682000006, 24.60125813800005], [85.31730126700006, 24.601155257000073], [85.31785934800007, 24.600699554000073], [85.31766258700009, 24.59926850900007], [85.31732211200006, 24.59880789300007], [85.31637451000006, 24.598166551000077], [85.31606886500003, 24.59711922100007], [85.31584283700005, 24.594717632000027], [85.31545399500004, 24.59234312700005], [85.31495108500008, 24.59081263300004], [85.31458217200003, 24.588153756000054], [85.31547641300006, 24.58659669800005], [85.31559102500006, 24.584272070000054], [85.31642570900004, 24.58324766000004], [85.31740347100003, 24.582611625000027], [85.32019265900004, 24.582174775000055], [85.32360389300004, 24.58176971900008], [85.32583455500009, 24.58326911100005], [85.32798680700006, 24.583400776000076], [85.32896438300008, 24.583143714000073], [85.32971985700004, 24.58243071000004], [85.33013973000004, 24.58158678500007], [85.32988839900008, 24.580358853000064], [85.32996777200003, 24.57946507300005], [85.32979534200007, 24.578390670000033], [85.32968361800005, 24.57336205000007], [85.33006903600005, 24.572134283000025], [85.33194069800004, 24.569372245000068], [85.32805176800008, 24.56789503600004], [85.32528786200004, 24.567329847000053], [85.32375335300009, 24.56603377400006], [85.32241088500007, 24.565929538000034], [85.32115697800003, 24.566339843000037], [85.31839287100007, 24.566699939000046], [85.31785980600006, 24.566496580000035], [85.31752465200003, 24.565525998000055], [85.31813733000007, 24.56396886400006], [85.31891810400003, 24.561874578000072], [85.32000957800005, 24.560313148000034], [85.32009371600003, 24.559852792000072], [85.31992129600008, 24.558958867000058], [85.31972432000003, 24.557938644000046], [85.31989242000003, 24.557221002000063], [85.32028261600004, 24.556661345000066], [85.32050979400003, 24.55620102100005], [85.32106734800004, 24.556481102000077], [85.32201483700004, 24.556919351000033], [85.32321898900005, 24.556996491000064], [85.32363366100003, 24.556739287000028], [85.32388556800004, 24.55638276800005], [85.32464073600005, 24.556306259000053], [85.32570178100008, 24.556401410000035], [85.32726627800008, 24.556505765000054], [85.32937869400007, 24.55617238600007], [85.33035603600007, 24.55589283300003], [85.33144704900008, 24.55494522600003], [85.33270551000004, 24.555044826000028], [85.33273043500003, 24.554282004000072], [85.33395466600007, 24.55359170500003], [85.33431977600009, 24.553921340000045], [85.33507500400003, 24.55341146300003], [85.33535152400003, 24.552874315000054], [85.33711343900006, 24.552847713000062], [85.33923574900007, 24.55213047700005], [85.34280916000006, 24.551102123000078], [85.34707825800007, 24.55020468200007], [85.35056764300003, 24.549338548000037], [85.35244299400006, 24.549257613000066], [85.35433795700004, 24.549844697000026], [85.35568026800007, 24.550020982000035], [85.35738280800007, 24.550558334000073], [85.35913973000004, 24.55093769700005], [85.36159724500004, 24.553235612000037], [85.36394141300008, 24.55404833500006], [85.37080145700008, 24.555240454000057], [85.37071260700003, 24.55334904600005], [85.37107790500005, 24.552784776000067], [85.37278052100004, 24.55270805400005], [85.37462134500004, 24.552040041000055], [85.37878174700006, 24.551146154000037], [85.38054352700004, 24.550554814000066], [85.38774363500005, 24.54773758400006], [85.39556035900006, 24.545150206000073], [85.39748981500009, 24.544585683000037], [85.39681303500004, 24.540703617000077], [85.39647734600004, 24.539809950000063], [85.39432568700005, 24.539557436000052], [85.39197606900007, 24.534619273000033], [85.39250393400005, 24.53359906700007], [85.39264187400005, 24.532118470000057], [85.39236536200008, 24.531147906000058], [85.39208404100003, 24.530353491000028], [85.39172377000006, 24.529920164000032], [85.39107737200004, 24.530177568000056], [85.38987827500006, 24.52995198700006], [85.38504253300005, 24.528625181000052], [85.38278255000006, 24.527862451000033], [85.38029565000005, 24.526864931000034], [85.37778412900008, 24.526282665000053], [85.37555382900007, 24.525488206000034], [85.37318049900006, 24.524779512000066], [85.37002259100007, 24.524779414000022], [85.36882362500006, 24.525086311000052], [85.36818218900004, 24.525190129000066], [85.36734338500008, 24.52511332800003], [85.36609009400007, 24.525397681000072], [85.36536476600008, 24.52539762500004], [85.36449634200005, 24.524783668000055], [85.36321354300009, 24.52452624800003], [85.36151123200005, 24.524354558000027], [85.36097829700003, 24.52458024200007], [85.35933031800005, 24.525094714000033], [85.35735660000006, 24.52491842200004], [85.35643392700007, 24.52463846200004], [85.35346873300006, 24.52320707000007], [85.35268922200004, 24.52308058500006], [85.34911699300005, 24.522800089000043], [85.34459244100003, 24.522754080000027], [85.33741814400008, 24.523140644000023], [85.33630302600005, 24.52319008300003], [85.33593796900004, 24.522964289000072], [85.33571612400004, 24.52232766900005], [85.33504533700005, 24.521812934000025], [85.33197650800008, 24.521225196000046], [85.32731404100008, 24.52071826300005], [85.32591787000007, 24.52048758500007], [85.32443761000007, 24.52044195700006], [85.32315005000004, 24.520107438000025], [85.32161567500003, 24.519799960000057], [85.31782101700009, 24.520823246000077], [85.31659232000004, 24.52108008600004], [85.31514163700007, 24.521282666000047], [85.31218089200007, 24.521850242000028], [85.31120395200008, 24.521926517000054], [85.30980776000007, 24.52161903800004], [85.30883088000007, 24.52161854800005], [85.30651154100008, 24.52220885400004], [85.30363444300008, 24.523150951000048], [85.30190293700008, 24.52256785800006], [85.30017080000005, 24.522923628000058], [85.29908031500008, 24.52315327100007], [85.29414113100006, 24.523308653000072], [85.29249289200004, 24.523768234000045], [85.29014934700007, 24.52351415100003], [85.28822037000003, 24.523052585000073], [85.28668656600007, 24.522036038000067], [85.28487129300004, 24.521470652000062], [85.28297205700005, 24.52098653200005], [85.28207945800006, 24.520322372000066], [85.28261301000003, 24.51937479000003], [85.28328017000007, 24.517790757000057], [85.28341894600004, 24.516924162000066], [85.28299988400005, 24.51654015200006], [85.28191508100008, 24.515623135000055], [85.28107686600003, 24.51488680400007], [85.28049060300003, 24.513739932000078], [85.28057562300006, 24.512205176000066], [85.28088204900007, 24.511568882000063], [85.28172126200008, 24.51077039000006], [85.28214109000004, 24.510183824000023], [85.28233406500004, 24.509393960000068], [85.28224636800007, 24.50788622600004], [85.28286011200004, 24.505155553000066], [85.28355720500008, 24.503011773000026], [85.28433708200004, 24.50242546100003], [85.28554107400004, 24.50211923100005], [85.28514750700003, 24.50048038500006], [85.28458677000003, 24.499724410000056], [85.28429140300005, 24.49929856500006], [85.28418815700007, 24.498769750000065], [85.28418668200004, 24.498387622000052], [85.28449837600004, 24.497780342000055], [85.28460610100007, 24.49752723200004], [85.28452570900004, 24.497383773000024], [85.28446506500006, 24.497061446000032], [85.28448413700005, 24.496753150000075], [85.28460615600005, 24.49633794300007], [85.28490435500004, 24.495730756000057], [85.28517940600005, 24.495141040000078], [85.28519937500005, 24.494857129000025], [85.28519301300008, 24.494579282000075], [85.28510742800006, 24.49434358900004], [85.28491630500008, 24.494065637000062], [85.28467239900004, 24.493745364000063], [85.28447751800007, 24.493456760000072], [85.28391044700004, 24.49307580800007], [85.28360724900006, 24.49282197100007], [85.28332373600006, 24.492562023000062], [85.28317867300007, 24.49244713400003], [85.28299674800007, 24.492250956000078], [85.28287154800006, 24.49209991300006], [85.28276602400007, 24.491954828000075], [85.28270013900004, 24.491858136000076], [85.28266728200003, 24.491761507000035], [85.28264215900003, 24.491622692000078], [85.28247825500006, 24.491509923000024], [85.28232788700006, 24.491516098000034], [85.28211604800003, 24.49158482300004], [85.28173337500004, 24.491691013000036], [85.28126185900004, 24.491747089000057], [85.28066068600003, 24.49177177100006], [85.28033741800004, 24.491752734000045], [85.27979086000005, 24.491702383000074], [85.27933990600008, 24.491727066000067], [85.27848199700009, 24.49188953600003], [85.27788745900006, 24.492039377000026], [85.27738179700003, 24.49222053400007], [85.27675979300005, 24.492533194000032], [85.27593609400003, 24.49294121500003], [85.27551924900007, 24.49307859700008], [85.27517754600007, 24.49311592300006], [85.27488127400005, 24.493099467000036], [85.27483595400008, 24.49309695000005], [85.27449438900004, 24.493046649000064], [85.27418702900007, 24.492958781000027], [85.27381134200004, 24.492852155000037], [85.27335357900006, 24.492720424000026], [85.27254264200008, 24.49228660800003], [85.27236909000004, 24.49225523900003], [85.27206451100005, 24.49224263900004], [85.27182095300003, 24.492242505000036], [85.27147088400005, 24.492264815000055], [85.27124748000006, 24.492326642000023], [85.27094289000007, 24.492444228000068], [85.27057742400007, 24.492530728000077], [85.27021200200005, 24.492598615000077], [85.26993451600003, 24.492610881000076], [85.26979919000007, 24.492598378000025], [85.26971802800006, 24.492561170000045], [85.26953539600004, 24.49243087800005], [85.26935802800006, 24.49228649400004], [85.26908761100003, 24.492013633000056], [85.26883735400008, 24.491827519000026], [85.26860070400005, 24.491690967000068], [85.26824212300005, 24.491542005000042], [85.26773477200004, 24.491361925000035], [85.26728617400005, 24.491205354000044], [85.26716221600003, 24.491214756000034], [85.26644744400005, 24.491268239000078], [85.26559820900007, 24.491308168000046], [85.26523751600007, 24.491343911000058], [85.26452939400008, 24.491343350000022], [85.26341928200009, 24.491291856000032], [85.26254722200008, 24.491177209000057], [85.26170132200008, 24.49117056700004], [85.26128162700007, 24.491206290000036], [85.26057754600004, 24.491425500000048], [85.25954786600005, 24.491622758000062], [85.25921342000004, 24.491640544000063], [85.25855763200008, 24.491706071000067], [85.25819587000007, 24.491651541000067], [85.25773611200003, 24.49164287900004], [85.25753357500008, 24.491639064000026], [85.25718600500005, 24.49159676100004], [85.25651719700005, 24.491602284000066], [85.25616859900003, 24.491556974000048], [85.25548010800009, 24.491472411000075], [85.25512613600006, 24.49135209900004], [85.25460816100008, 24.491219605000026], [85.25414280200005, 24.491081166000072], [85.25360211200007, 24.49098169100006], [85.25316277900004, 24.490975311000057], [85.25252023600007, 24.490950806000058], [85.25213980700005, 24.490986546000045], [85.25150170500007, 24.490991920000056], [85.25104916700008, 24.490997503000074], [85.25042627200008, 24.491002999000045], [85.25001974800006, 24.49092464000006], [85.24964607800007, 24.490822309000066], [85.24942329100008, 24.49067208100007], [85.24915652600004, 24.490351797000073], [85.24886183500007, 24.489961337000068], [85.24854092200007, 24.489522755000053], [85.24837069600005, 24.489288548000047], [85.24810098500006, 24.489029264000067], [85.24707398900006, 24.48701768600006], [85.24634683900007, 24.485352259000024], [85.24434422600007, 24.48407469800003], [85.24128624700006, 24.482137992000048], [85.24123196900007, 24.481424781000044], [85.24156746800008, 24.479745525000055], [85.24201155600008, 24.476996473000042], [85.24106463200008, 24.475669271000072], [85.23989582600007, 24.473786766000046], [85.23731160500006, 24.471949391000066], [85.23408591600008, 24.47240953200003], [85.23258154000007, 24.472662101000026], [85.23158043100005, 24.47210223700006], [85.23013554100004, 24.470829123000044], [85.22824625800007, 24.47284658600006], [85.22811757400007, 24.475500942000053], [85.23087911600004, 24.478995198000064], [85.23219544700004, 24.483211501000028], [85.23206654800003, 24.488276382000038], [85.23008798000006, 24.491887403000078], [85.22824282300007, 24.493697240000074], [85.22337302100004, 24.49815641200007], [85.22006605600006, 24.500509489000024], [85.21934420800005, 24.501928236000026], [85.21828778500003, 24.50400454100003], [85.21748994800004, 24.505932493000046], [85.21685026900008, 24.508131296000045], [85.21715802500006, 24.510785372000043], [85.21865049000007, 24.514097753000044], [85.21885330500004, 24.51480638700008], [85.21734639900006, 24.518567501000064], [85.21725825100003, 24.51957870500007], [85.21770890300007, 24.521826505000035], [85.21768485800004, 24.52265255800006], [85.21756420600008, 24.526299968000046], [85.21776706300005, 24.526976998000066], [85.21878930300005, 24.52813648800003], [85.21915979600004, 24.528677926000057], [85.21913155600004, 24.53052873400003], [85.21929994200008, 24.531314081000062], [85.22038144800007, 24.53242382600007], [85.22103793400004, 24.532780048000063], [85.22136398300006, 24.533285397000043], [85.22193691700005, 24.53388095500003], [85.22240665300006, 24.535135538000077], [85.22342924400004, 24.536556828000073], [85.22365670100004, 24.537138948000063], [85.22433383900005, 24.538542377000056], [85.22449238600007, 24.539404431000037], [85.22412788000008, 24.54022628000007], [85.22404466200004, 24.540975658000036], [85.22198395500004, 24.543599673000074], [85.22164922400003, 24.54471938300003], [85.22157144200008, 24.54625419100006], [85.22148321300006, 24.54701709400007], [85.22197568100006, 24.55209063600006], [85.22236225500006, 24.554166818000056], [85.22158303400005, 24.554880552000043], [85.22085521800005, 24.555545852000023], [85.21908750100005, 24.55716168600003], [85.21870308800004, 24.557929371000057], [85.21831355400008, 24.558462289000033], [85.21792408400006, 24.558995115000073], [85.21730320400007, 24.56035879800004], [85.21722493500005, 24.56123910200006], [85.21679589400009, 24.561781002000032], [85.21667299300003, 24.562417562000064], [85.21685616000008, 24.56316674900006], [85.21694049700005, 24.56382125600004], [85.21681269300007, 24.564498427000046], [85.21653183500007, 24.565135085000065], [85.21530361400005, 24.566219252000053], [85.21403562300009, 24.567000903000064], [85.21317703200003, 24.56724519100004], [85.21223306900004, 24.565562012000044], [85.21137805400008, 24.56386070900004], [85.21023203100003, 24.56254772500006], [85.20963513300006, 24.563017523000042], [85.20949247700008, 24.563672157000042], [85.20828802000005, 24.563424524000027], [85.20748841600005, 24.563465569000073], [85.20433559400004, 24.565119415000026], [85.20141008600007, 24.567359950000025], [85.19950544000005, 24.568281737000063], [85.19821731300004, 24.56848995400003], [85.19585871400005, 24.569854323000072], [85.19438824300005, 24.570622461000028], [85.19265164500007, 24.572266330000048], [85.19085002900005, 24.572208399000033], [85.19054928700007, 24.573030120000055], [85.19056496500008, 24.57452875200005], [85.18827010700005, 24.575369385000045], [85.18767802900004, 24.575857172000042], [85.18685874800008, 24.57620952800005], [85.18624692300006, 24.576765046000048], [85.18546717500004, 24.576991041000042], [85.18491435400006, 24.57706806400006], [85.18413907600006, 24.576616923000074], [85.18340363400006, 24.576617170000077], [85.18217465900005, 24.576843342000075], [85.18180480500007, 24.577741810000077], [85.18115317700006, 24.57769693700004], [85.18055582400007, 24.57756621300007], [85.17983985300003, 24.576988679000067], [85.17926693900006, 24.576275690000045], [85.17646838400003, 24.576949279000075], [85.17564908400004, 24.57709400500005], [85.17450355800008, 24.576403741000036], [85.17415295900008, 24.575974950000045], [85.17282460300004, 24.574607666000077], [85.17181753000006, 24.57423325600007], [85.16967051600005, 24.574789210000063], [85.16912272400003, 24.575046676000056], [85.16865388400004, 24.575534305000076], [85.16851101000003, 24.576076038000053], [85.16810144000004, 24.576622298000075], [85.16449791400004, 24.576149302000033], [85.16257784900006, 24.57654258100007], [85.16093897300004, 24.576466220000043], [85.15930019900009, 24.576389841000037], [85.15875253500008, 24.577604224000027], [85.15875281900009, 24.578335546000062], [85.15916262400003, 24.57880485900006], [85.15967139300005, 24.580019047000064], [85.15944453400004, 24.580917363000026], [85.15844303200004, 24.582714191000036], [85.15735728300007, 24.583761680000066], [85.15665646600007, 24.584529280000027], [85.15598020300007, 24.58481826800005], [85.15352689000008, 24.585017379000078], [85.15270737500003, 24.585148443000037], [85.15240142000005, 24.585468972000058], [85.15244111200008, 24.586385352000036], [85.15244125700008, 24.58698566700008], [85.15186874100004, 24.587450726000043], [85.15127640600008, 24.587712655000075], [85.15058020500004, 24.58732006200006], [85.15006676800004, 24.587189270000067], [85.14925224000007, 24.587153209000064], [85.14738628400005, 24.587261827000077], [85.14407376800006, 24.587357105000024], [85.14018374400007, 24.587298842000052], [85.13940622700005, 24.587298899000075], [85.13940367300006, 24.587298899000075], [85.13940371200005, 24.58729898300004], [85.13978892000006, 24.588124970000024], [85.14040128800008, 24.590029861000062], [85.14053966200004, 24.591325376000043], [85.13887608900006, 24.592300523000063], [85.13883676800003, 24.59354189800007], [85.13855557700003, 24.595175982000058], [85.13829905100005, 24.596579932000054], [85.13859532400005, 24.597572970000044], [85.13882752000006, 24.599247690000027], [85.13871902400007, 24.599753230000033], [85.13861048800004, 24.600479974000052], [85.13829458200007, 24.601567871000043], [85.13837867300003, 24.60257904100007], [85.13871936900006, 24.60285438300008], [85.13873922200008, 24.603536029000054], [85.13891204900006, 24.60378877900007], [85.13927242000005, 24.603824848000045], [85.13974148100004, 24.603612595000072], [85.14082764500006, 24.603612559000055], [85.14144481300008, 24.603788473000066], [85.14184482500008, 24.604587426000023], [85.14207705500007, 24.60534582200006], [85.14214140800004, 24.606338853000068], [85.14163287200006, 24.607079226000053], [85.14165767400004, 24.607611918000032], [85.14128747500007, 24.608140012000035], [85.14085301000006, 24.608406392000063], [85.14043828400008, 24.608952645000045], [85.14039399000006, 24.60981940000005], [85.14089268900005, 24.60997282900007], [85.14086806100005, 24.610365476000027], [85.13981651000006, 24.611859794000054], [85.14004375100006, 24.612329164000073], [85.13951548600005, 24.612609080000027], [85.13975255000008, 24.61306955500004], [85.13932312300005, 24.614184545000057], [85.13897752900004, 24.614789476000055], [85.13829119500008, 24.614694719000056], [85.13730857300004, 24.61485729800006], [85.13664698300005, 24.614857339000025], [85.13622721700006, 24.614568507000058], [85.13577295200008, 24.61454145500005], [85.13511126100008, 24.614202920000025], [85.13463723500007, 24.61400885000006], [85.13442490100005, 24.614008832000025], [85.13405456700008, 24.614302259000056], [85.13439538800003, 24.614979379000033], [85.13495329000006, 24.61514633300004], [85.13526947700007, 24.616067216000033], [85.13522012900006, 24.616717263000055], [85.13556085200008, 24.616992518000075], [85.13626199900006, 24.617069289000028], [85.13720029900009, 24.61841431600004], [85.13777337400006, 24.620594596000046], [85.13792159600007, 24.62142968200004], [85.13805001700007, 24.62155152400004], [85.13930420400004, 24.621727486000054], [85.14126952400005, 24.621727236000027], [85.14244470100004, 24.621325397000078], [85.14418288000007, 24.621234942000058], [85.14552599400008, 24.621424283000067], [85.14642471500008, 24.621519008000064], [85.14827147200003, 24.62111698600006], [85.14913061300007, 24.621161978000032], [85.15064153200007, 24.620678745000077], [85.15263156200007, 24.620583552000028], [85.15318004800008, 24.622407143000032], [85.15369894500003, 24.62391922000006], [85.15384284400005, 24.627178351000055], [85.15229241000003, 24.627562329000057], [85.15109264800003, 24.628849038000055], [85.14966563300004, 24.629539890000046], [85.14891509100005, 24.629558063000047], [85.14935481600008, 24.631034102000058], [85.14941441400003, 24.632415422000065], [85.14970631300008, 24.635232079000048], [85.14989428100006, 24.636861631000045], [85.15007748400006, 24.63878007200003], [85.15020641800004, 24.641750220000063], [85.14999432100007, 24.64301421600004], [85.15011346900008, 24.645596183000066], [85.15026196100007, 24.64724381600007], [85.15164484300004, 24.647243564000064], [85.15154135400007, 24.648259236000058], [85.15294900600009, 24.648376346000077], [85.15296407100004, 24.649392016000036], [85.15451482500004, 24.649278797000022], [85.15461872900005, 24.650005530000044], [85.15726600200009, 24.649567148000074], [85.15780920800006, 24.649372911000057], [85.15917243800004, 24.649354549000066], [85.15946373600008, 24.649183019000077], [85.16160726800007, 24.64918696700005], [85.16233346400008, 24.649471180000035], [85.16322761000004, 24.65017521200008], [85.16362300500003, 24.650919905000023], [85.16466461300007, 24.649226872000042], [85.16648162900003, 24.647651004000068], [85.16733090700006, 24.64692852400003], [85.16835317300007, 24.646625779000033], [85.16926688300003, 24.64670227700003], [85.16995337500003, 24.646625352000058], [85.17053579500003, 24.645636617000036], [85.17217999800005, 24.644403758000067], [85.17407591900007, 24.642976696000062], [85.17555219600007, 24.642023796000046], [85.17621866400003, 24.641341950000026], [85.17599112400006, 24.64044368900005], [85.17565506600005, 24.639969918000077], [85.17524010900007, 24.639739805000033], [85.17214363600004, 24.63991231400007], [85.17083009500004, 24.64017907300007], [85.17082996000005, 24.63975924600004], [85.17097795400008, 24.639325880000058], [85.17082957400004, 24.63881134500008], [85.17054299900008, 24.638499891000038], [85.17093741300005, 24.63669870900003], [85.17077402900009, 24.63550706700005], [85.17058612800008, 24.63479393700004], [85.17159823600008, 24.63410299800006], [85.17281755600004, 24.63300571600007], [85.17409634300003, 24.632174707000047], [85.17473303100007, 24.631289706000075], [85.17547783400005, 24.629140834000054], [85.17675666400004, 24.628878605000068], [85.17691153500004, 24.629135553000026], [85.17834798500007, 24.631518718000052], [85.17919290600008, 24.63263336800003], [85.18071447900007, 24.633991519000062], [85.18160392000004, 24.635029390000057], [85.18226625700004, 24.636351835000028], [85.18313113000005, 24.637597354000036], [85.18396157600006, 24.639181404000055], [85.18251477800004, 24.639710156000035], [85.18249466700007, 24.63901046600006], [85.18229202400005, 24.63865392400004], [85.18189699800007, 24.638748835000058], [85.18156653400007, 24.639633701000037], [85.18100855100005, 24.63983709000007], [85.18105332600004, 24.640496150000047], [85.18100958500008, 24.642211407000048], [85.18094628500006, 24.64413442600005], [85.18065552900003, 24.64556547500007], [85.18156425000006, 24.645515483000054], [85.18275963100007, 24.64583550800006], [85.18424620000008, 24.645816920000073], [85.18474530000003, 24.646268144000032], [85.18493822400006, 24.64684584300005], [85.18495812600008, 24.647319822000043], [85.18557550500003, 24.64730144400005], [85.18574365400008, 24.64762192200004], [85.18557593300005, 24.64815012200006], [85.18567555100003, 24.649829321000027], [85.18565189500003, 24.652014034000047], [85.18587499400007, 24.65358036400005], [85.18164287100007, 24.655279234000034], [85.18130710800006, 24.655617949000032], [85.18093733100005, 24.656994806000057], [85.18105702400004, 24.65971226100004], [85.18049940200007, 24.66072811300006], [85.17922075000007, 24.662294892000034], [85.17966112700003, 24.663978480000026], [85.18005683300004, 24.66527837900003], [85.18065555800007, 24.667431286000067], [85.18317482200007, 24.667507073000024], [85.18474072500004, 24.667547085000024], [85.18525934600007, 24.667357266000067], [85.18544147800003, 24.66607525200004], [85.18556478600004, 24.66577279100005], [85.18629102500006, 24.665849236000042], [85.18831142000005, 24.66601994100006], [85.18944764700007, 24.666172947000064], [85.19089003300007, 24.666190338000035], [85.19190251800006, 24.66588749500005], [85.19301851200004, 24.665191822000054], [85.19342826900004, 24.66485307800008], [85.19392348700006, 24.664440440000078], [85.19412973400006, 24.664852748000044], [85.19365636700007, 24.666455432000078], [85.19324685200007, 24.667322342000034], [85.19302968000005, 24.66762935400004], [85.19305472500008, 24.668274884000027], [85.19323787500008, 24.66896087500004], [85.19325840700003, 24.67025643200003], [85.19384264400009, 24.67269372100003], [85.19400150500007, 24.67410650000005], [85.19400293000007, 24.676634363000062], [85.19410188800003, 24.67695025300003], [85.19422192800005, 24.67963147100005], [85.19533382600008, 24.680150085000037], [85.19634653000008, 24.68005486800007], [85.19713181600008, 24.679806179000025], [85.19812001500009, 24.680017918000033], [85.19900939800004, 24.680301804000067], [85.19973066000006, 24.680242835000058], [85.20032330700008, 24.67991301400008], [85.20143963100008, 24.67963259000004], [85.20410299500008, 24.680502395000076], [85.20542197700007, 24.68046108300007], [85.20719996100007, 24.679593431000058], [85.20806444200008, 24.679520739000054], [85.20969525100008, 24.680350341000064], [85.21062393000005, 24.680236956000044], [85.21116213300007, 24.679731124000057], [85.21114205400005, 24.67927521400003], [85.21145296700007, 24.67882368200003], [85.21194150900004, 24.678182347000075], [85.21237617100007, 24.677938340000026], [85.21307751600006, 24.67776647900007], [85.21485087200006, 24.67758027600007], [85.21631758400008, 24.67686621300004], [85.21773956900006, 24.675845202000062], [85.21932941200004, 24.674697620000074], [85.22062799600008, 24.67381213500005], [85.22119104800004, 24.67372147800006], [85.22168015700004, 24.67373918100003], [85.22194717800005, 24.674073040000053], [85.22215117800005, 24.675964263000026], [85.22223676100003, 24.677968486000054], [85.22280584500004, 24.67929520900003], [85.22301387200008, 24.67993149700004], [85.22336010300006, 24.680477513000028], [85.22341054500004, 24.68173235000006], [85.22345194400003, 24.68414278800003], [85.22371485600007, 24.68549231800006], [85.22408660600007, 24.686932038000066], [85.22519360000007, 24.687436880000064], [85.22576686400004, 24.68762602700008], [85.22710100300003, 24.68779213600004], [85.22971943100004, 24.687736216000076], [85.23227831900005, 24.687364242000058], [85.23475301200006, 24.686811748000025], [85.23560767500004, 24.686757018000037], [85.23668459300006, 24.686593668000057], [85.23804313500005, 24.686479795000025], [85.24050381200004, 24.68681193900005], [85.24165992800005, 24.68689230700005], [85.24299861500003, 24.686647505000053], [85.24423907700003, 24.68707535200008], [85.24557844300006, 24.687534741000036], [85.24604790900008, 24.687665250000066], [85.24671504500003, 24.687890464000077], [85.24782230500006, 24.688065592000044], [85.24904186400005, 24.68876626200006], [85.25039017900008, 24.68924142800006], [85.25161057700006, 24.68926047800005], [85.25252921900005, 24.689500500000065], [85.25355574500009, 24.690715530000034], [85.25406346400007, 24.691930272000036], [85.25424538300007, 24.692824174000066], [85.25393313300003, 24.69388463000007], [85.25389299400007, 24.694516622000037], [85.25301267600008, 24.695445711000048], [85.25201865000008, 24.696334169000068], [85.25088658100003, 24.69694264000003], [85.24975448600009, 24.697551110000063], [85.24868652100008, 24.69830405400006], [85.24820145000007, 24.69910707300005], [85.24866897300006, 24.701007898000057], [85.24937959800008, 24.70196091400004], [85.25035649300008, 24.703433311000026], [85.25101231200006, 24.70476996700006], [85.25111963800003, 24.706124291000037], [85.25115886500004, 24.70651698900008], [85.25103967400008, 24.70711270000004], [85.25074627100008, 24.708945183000026], [85.25034960100004, 24.710380237000038], [85.24999223400005, 24.712005025000053], [85.24979349400007, 24.713034051000022], [85.25001525600004, 24.713666148000073], [85.25050328300006, 24.71484922800005], [85.25059640700005, 24.715598654000075], [85.25147540400008, 24.716253878000032], [85.25194441800005, 24.716696610000042], [85.25239288800003, 24.71799702000004], [85.25319787900008, 24.718494175000046], [85.25426504400008, 24.718802005000043], [85.25525753700003, 24.719619817000023], [85.25640333100006, 24.72039268800006], [85.25671915900006, 24.720889457000055], [85.25700071500006, 24.720957338000062], [85.25784555800004, 24.72119727000006], [85.25832925700007, 24.72184769300003], [85.25913874000008, 24.72292710200003], [85.26076826500008, 24.72444055400007], [85.26182458000005, 24.72582264400006], [85.26284580300006, 24.72782309400003], [85.26292322400008, 24.72965583200005], [85.26333726600006, 24.73089740900008], [85.26476999200008, 24.731589119000034], [85.26605485000005, 24.73168942800004], [85.26666231700005, 24.73217280800003], [85.27051251700004, 24.731999527000028], [85.27123827200006, 24.732961507000027], [85.27146490700005, 24.733896050000055], [85.27135087500005, 24.734342809000054], [85.27036583400007, 24.736107108000056], [85.26964845500004, 24.736932679000063], [85.26923711600006, 24.738277527000037], [85.26757025400008, 24.739693731000045], [85.26734191900005, 24.740867226000034], [85.26643634300007, 24.742071773000077], [85.26681619900006, 24.743006429000047], [85.26686421400007, 24.744626978000042], [85.26975152600005, 24.743807444000026], [85.27179313600004, 24.743497397000056], [85.27226730000007, 24.743931141000076], [85.27316162400007, 24.744315417000053], [85.27657726200005, 24.744033312000056], [85.27741251500004, 24.744160244000057], [85.27900885700006, 24.744364397000027], [85.27978928200008, 24.745032973000036], [85.28261687000008, 24.744696241000042], [85.28292312800005, 24.744953659000032], [85.28376273300006, 24.745947244000035], [85.28409823200008, 24.746687792000046], [85.28474025200006, 24.74753226000007], [85.28541735000005, 24.747686127000065], [85.28726089200006, 24.74781364100005], [85.28972239700005, 24.748045234000074], [85.29078524100004, 24.747788589000038], [85.29201596100006, 24.747843466000063], [85.29380062200005, 24.747532917000058], [85.29564485700007, 24.74668982600008], [85.29603552600008, 24.746333416000027], [85.29634719700005, 24.745949960000075], [85.29508820300003, 24.743728395000062], [85.29500458700005, 24.743064807000053], [85.29435777800006, 24.741963044000045], [85.29461015900006, 24.741426021000052], [85.29399274100007, 24.740861463000044], [85.29399314100004, 24.74017527500007], [85.29463619600006, 24.739304508000032], [85.29670626600006, 24.74073650300005], [85.29765518800008, 24.740840812000044], [85.29919736000005, 24.740810030000034], [85.30009241800008, 24.740043069000023], [85.30204979000007, 24.73984090700003], [85.30369581700006, 24.739557300000058], [85.30409141200005, 24.739223546000062], [85.30431452800008, 24.737973235000027], [85.30411349800005, 24.735187993000068], [85.30408916500005, 24.734551573000033], [85.30434161600004, 24.73386104100007], [85.30434209700007, 24.73298985100007], [85.30391274100003, 24.731888197000046], [85.30369107300004, 24.730588139000076], [85.30285185000008, 24.728827297000066], [85.30281804000003, 24.72737373800004], [85.30310074200008, 24.72566312200007], [85.30293326200007, 24.72476923800008], [85.30500398200007, 24.724711553000077], [85.30645686200006, 24.724865719000036], [85.30704474900006, 24.725299316000076], [85.30799287600007, 24.72660882400004], [85.30819047400007, 24.72681650000004], [85.30927728200004, 24.727575358000024], [85.31173843900007, 24.727806601000054], [85.31543492600008, 24.72829114700005], [85.31703124900008, 24.72818792700008], [85.31809382400007, 24.728188413000055], [85.31870613600006, 24.729389302000072], [85.31881930600008, 24.730359854000028], [85.32150330300004, 24.72966573700006], [85.32307024000005, 24.72890335900007], [85.32538367000006, 24.72756802600003], [85.32541410300007, 24.725703831000033], [85.32502405500009, 24.72480991300006], [85.32432259500007, 24.724019707000025], [85.32401648100006, 24.723279326000068], [85.32378972100008, 24.72187544600007], [85.32373108300004, 24.720110416000068], [85.32473990400007, 24.71855340600007], [85.32613425600005, 24.716454887000054], [85.32677720000004, 24.714897784000073], [85.32742001700007, 24.71405386300006], [85.32837389200006, 24.713390636000042], [85.32914993700007, 24.712853780000046], [85.32984696000005, 24.712267137000026]]]]}}, {"type": "Feature", "properties": {"OBJECTID": 50, "BLOCK_CODE": "0023", "NEAR_TOWN": "BODHGAYA", "BLK_NAME": "MOHANPUR", "DIST_NAME": "GAYA"}, "geometry": {"type": "MultiPolygon", "coordinates": [[[[85.09090162400008, 24.643292117000044], [85.09221078500008, 24.641906664000032], [85.09245786800005, 24.641306306000047], [85.09234949300009, 24.640083032000064], [85.09223685400008, 24.636431152000057], [85.09317526900008, 24.635907717000066], [85.09446430000008, 24.635569469000075], [85.09495818200008, 24.635727536000047], [85.09512126400006, 24.635091072000023], [85.09506233500008, 24.633872335000035], [85.09555638700004, 24.632563359000073], [85.09610967200007, 24.63179606600005], [85.09728031400005, 24.630861866000032], [85.09890002800006, 24.630731257000036], [85.10283099800006, 24.630379833000063], [85.10326084000008, 24.62925592000005], [85.10248574700006, 24.628339401000062], [85.10201664700008, 24.627684798000075], [85.10041698500004, 24.62632129700006], [85.10076290500007, 24.625012320000053], [85.10132844800006, 24.624096118000068], [85.10189402000003, 24.623179853000067], [85.10608634900007, 24.62354150400006], [85.10886636500004, 24.62414224200006], [85.10986883700008, 24.624124292000033], [85.11161187400006, 24.624408822000078], [85.11238720000006, 24.624183180000045], [85.11300947000007, 24.623623490000057], [85.11343908300006, 24.623361685000077], [85.11421439800006, 24.623361747000047], [85.11485143200008, 24.623118111000053], [85.11556744600006, 24.622838224000077], [85.11538475700007, 24.621786474000032], [85.11587367100003, 24.62122677700006], [85.11714766400007, 24.620500049000043], [85.11657009100009, 24.61904204700005], [85.11608619600008, 24.618437080000035], [85.11553827100005, 24.616076245000045], [85.11494089300004, 24.614410500000076], [85.11454108800007, 24.61261391200003], [85.11419058500007, 24.611715595000078], [85.11333140900007, 24.611733612000023], [85.11027997900004, 24.612288500000034], [85.10921846800005, 24.611895680000032], [85.10854202700006, 24.611317804000066], [85.10752005600006, 24.610961157000077], [85.10696701700004, 24.610961065000026], [85.10606340700008, 24.611281405000057], [85.10479451200007, 24.611032975000057], [85.10446863500005, 24.610807280000074], [85.10455266300005, 24.61022491700004], [85.10541201200004, 24.608938522000074], [85.10539234600003, 24.608396907000042], [85.10586638900008, 24.607968093000068], [85.10613310700006, 24.607426475000068], [85.10600972000003, 24.60701119600003], [85.10517055300005, 24.606054063000045], [85.10472132400008, 24.605489739000063], [85.10531374000004, 24.605449194000073], [85.10582728500003, 24.605079138000065], [85.10662728400007, 24.604126731000065], [85.10683479900007, 24.60343165200004], [85.10724476900003, 24.602063956000052], [85.10753624200004, 24.600754911000024], [85.10835103900007, 24.599351124000066], [85.11050359300003, 24.599238453000055], [85.11390018400004, 24.59992043400007], [85.11419165600006, 24.59792068400003], [85.11584548700006, 24.59900420400004], [85.11911865200005, 24.602268026000047], [85.12094052100008, 24.60114412200005], [85.12149341600008, 24.602304254000046], [85.12239202500007, 24.602909143000034], [85.12356209700005, 24.603225112000075], [85.12494950100006, 24.60296328800007], [85.12569008600008, 24.602701508000052], [85.12638621700006, 24.602254643000038], [85.12671205100008, 24.60146917900005], [85.12693414000006, 24.600444499000048], [85.12679101500004, 24.599659072000065], [85.12605537600007, 24.59789855300005], [85.12917055400004, 24.597474155000043], [85.12986672900007, 24.59713561500007], [85.13078494400008, 24.596404299000028], [85.13150074700008, 24.595226167000078], [85.13194995500004, 24.59408409200006], [85.13324318600007, 24.59195334900005], [85.13396395600006, 24.591244621000044], [85.13545480200008, 24.591149780000023], [85.13561290300004, 24.59193065000005], [85.13545493400005, 24.592075124000075], [85.13547959800007, 24.592630303000078], [85.13521314600007, 24.593551176000062], [85.13518356700007, 24.594156070000054], [85.13523800800004, 24.595293619000074], [85.13497155400006, 24.59723021600007], [85.13674386600007, 24.597013400000037], [85.13829905100005, 24.596579932000054], [85.13855557700003, 24.595175982000058], [85.13883676800003, 24.59354189800007], [85.13887608900006, 24.592300523000063], [85.14053966200004, 24.591325376000043], [85.14040128800008, 24.590029861000062], [85.13978892000006, 24.588124970000024], [85.13940371200005, 24.58729898300004], [85.13940367300006, 24.587298899000075], [85.13940622700005, 24.587298899000075], [85.14018374400007, 24.587298842000052], [85.14407376800006, 24.587357105000024], [85.14738628400005, 24.587261827000077], [85.14925224000007, 24.587153209000064], [85.15006676800004, 24.587189270000067], [85.15058020500004, 24.58732006200006], [85.15127640600008, 24.587712655000075], [85.15186874100004, 24.587450726000043], [85.15244125700008, 24.58698566700008], [85.15244111200008, 24.586385352000036], [85.15240142000005, 24.585468972000058], [85.15270737500003, 24.585148443000037], [85.15352689000008, 24.585017379000078], [85.15598020300007, 24.58481826800005], [85.15665646600007, 24.584529280000027], [85.15735728300007, 24.583761680000066], [85.15844303200004, 24.582714191000036], [85.15944453400004, 24.580917363000026], [85.15967139300005, 24.580019047000064], [85.15916262400003, 24.57880485900006], [85.15875281900009, 24.578335546000062], [85.15875253500008, 24.577604224000027], [85.15930019900009, 24.576389841000037], [85.16093897300004, 24.576466220000043], [85.16257784900006, 24.57654258100007], [85.16449791400004, 24.576149302000033], [85.16810144000004, 24.576622298000075], [85.16851101000003, 24.576076038000053], [85.16865388400004, 24.575534305000076], [85.16912272400003, 24.575046676000056], [85.16967051600005, 24.574789210000063], [85.17181753000006, 24.57423325600007], [85.17282460300004, 24.574607666000077], [85.17415295900008, 24.575974950000045], [85.17450355800008, 24.576403741000036], [85.17564908400004, 24.57709400500005], [85.17646838400003, 24.576949279000075], [85.17926693900006, 24.576275690000045], [85.17983985300003, 24.576988679000067], [85.18055582400007, 24.57756621300007], [85.18115317700006, 24.57769693700004], [85.18180480500007, 24.577741810000077], [85.18217465900005, 24.576843342000075], [85.18340363400006, 24.576617170000077], [85.18413907600006, 24.576616923000074], [85.18491435400006, 24.57706806400006], [85.18546717500004, 24.576991041000042], [85.18624692300006, 24.576765046000048], [85.18685874800008, 24.57620952800005], [85.18767802900004, 24.575857172000042], [85.18827010700005, 24.575369385000045], [85.19056496500008, 24.57452875200005], [85.19054928700007, 24.573030120000055], [85.19085002900005, 24.572208399000033], [85.19265164500007, 24.572266330000048], [85.19438824300005, 24.570622461000028], [85.19585871400005, 24.569854323000072], [85.19821731300004, 24.56848995400003], [85.19950544000005, 24.568281737000063], [85.20141008600007, 24.567359950000025], [85.20433559400004, 24.565119415000026], [85.20748841600005, 24.563465569000073], [85.20828802000005, 24.563424524000027], [85.20949247700008, 24.563672157000042], [85.20963513300006, 24.563017523000042], [85.21023203100003, 24.56254772500006], [85.21137805400008, 24.56386070900004], [85.21223306900004, 24.565562012000044], [85.21317703200003, 24.56724519100004], [85.21403562300009, 24.567000903000064], [85.21530361400005, 24.566219252000053], [85.21653183500007, 24.565135085000065], [85.21681269300007, 24.564498427000046], [85.21694049700005, 24.56382125600004], [85.21685616000008, 24.56316674900006], [85.21667299300003, 24.562417562000064], [85.21679589400009, 24.561781002000032], [85.21722493500005, 24.56123910200006], [85.21730320400007, 24.56035879800004], [85.21792408400006, 24.558995115000073], [85.21831355400008, 24.558462289000033], [85.21870308800004, 24.557929371000057], [85.21908750100005, 24.55716168600003], [85.22085521800005, 24.555545852000023], [85.22158303400005, 24.554880552000043], [85.22236225500006, 24.554166818000056], [85.22197568100006, 24.55209063600006], [85.22148321300006, 24.54701709400007], [85.22157144200008, 24.54625419100006], [85.22164922400003, 24.54471938300003], [85.22198395500004, 24.543599673000074], [85.22404466200004, 24.540975658000036], [85.22412788000008, 24.54022628000007], [85.22449238600007, 24.539404431000037], [85.22433383900005, 24.538542377000056], [85.22365670100004, 24.537138948000063], [85.22342924400004, 24.536556828000073], [85.22240665300006, 24.535135538000077], [85.22193691700005, 24.53388095500003], [85.22136398300006, 24.533285397000043], [85.22103793400004, 24.532780048000063], [85.22038144800007, 24.53242382600007], [85.21929994200008, 24.531314081000062], [85.21913155600004, 24.53052873400003], [85.21915979600004, 24.528677926000057], [85.21878930300005, 24.52813648800003], [85.21776706300005, 24.526976998000066], [85.21756420600008, 24.526299968000046], [85.21768485800004, 24.52265255800006], [85.21770890300007, 24.521826505000035], [85.21725825100003, 24.51957870500007], [85.21734639900006, 24.518567501000064], [85.21885330500004, 24.51480638700008], [85.21865049000007, 24.514097753000044], [85.21715802500006, 24.510785372000043], [85.21685026900008, 24.508131296000045], [85.21748994800004, 24.505932493000046], [85.21828778500003, 24.50400454100003], [85.21934420800005, 24.501928236000026], [85.22006605600006, 24.500509489000024], [85.22337302100004, 24.49815641200007], [85.22824282300007, 24.493697240000074], [85.23008798000006, 24.491887403000078], [85.23206654800003, 24.488276382000038], [85.23219544700004, 24.483211501000028], [85.23087911600004, 24.478995198000064], [85.22811757400007, 24.475500942000053], [85.22824625800007, 24.47284658600006], [85.23013554100004, 24.470829123000044], [85.22902117100006, 24.469303186000047], [85.22869094200007, 24.467416241000024], [85.22724142400006, 24.464766207000025], [85.22613207300003, 24.463240263000046], [85.22468690300008, 24.464206085000058], [85.22345879800008, 24.464512760000048], [85.21948364200006, 24.46496800500006], [85.21469974300004, 24.465323502000047], [85.21275142000007, 24.465982127000075], [85.20991544500004, 24.466541151000058], [85.20835698800005, 24.466540747000067], [85.20735585600005, 24.466237970000066], [85.20669033800004, 24.465623841000024], [85.20585244600005, 24.46394438300007], [85.20462998100004, 24.462210579000043], [85.20290917100004, 24.461244054000076], [85.20109951900008, 24.460629520000055], [85.19965446500004, 24.460678727000072], [85.19564960500009, 24.46149433100004], [85.19314413200004, 24.46200355900004], [85.18969658400005, 24.46250776000005], [85.18725056600005, 24.462204288000066], [85.18404996200007, 24.462144284000033], [85.18154462100006, 24.46219734500005], [85.18076541700003, 24.46219695600007], [85.18020836600004, 24.461785905000056], [85.17887742600004, 24.460719938000068], [85.17737359600005, 24.460105338000062], [85.17598310200003, 24.459698359000072], [85.17514950400005, 24.460004920000074], [85.17381343400007, 24.459291035000035], [85.17225532700007, 24.458780112000056], [85.17103206500008, 24.459136140000055], [85.16936442900004, 24.460358590000055], [85.16824969000004, 24.46066036800005], [85.16685926700006, 24.460154077000027], [85.16296789000006, 24.460607811000045], [85.16151794000007, 24.460710723000034], [85.16124205200003, 24.460354022000047], [85.15979783400007, 24.459179477000077], [85.15902017100007, 24.45703930700006], [85.15785176600008, 24.45653304700005], [85.15507080600008, 24.456021203000034], [85.15265998900009, 24.455157495000037], [85.15181539400004, 24.456921941000076], [85.14959037400007, 24.458012840000038], [85.14736088600006, 24.45852148000006], [85.14600970900005, 24.458448284000042], [85.14386353100008, 24.459539224000025], [85.14266967800006, 24.460043942000027], [85.14139761900003, 24.459754128000043], [85.14034683800008, 24.460078441000064], [85.13907337700005, 24.461386610000034], [85.13803673900009, 24.46254589700004], [85.13716251900007, 24.463967215000025], [85.13664274400008, 24.466187742000045], [85.13636046000005, 24.467424467000058], [85.13610124200005, 24.470606634000035], [85.13582317800007, 24.47264679700004], [85.13538297000008, 24.474063932000035], [85.13530296800008, 24.475264603000028], [85.13431011800003, 24.476902496000037], [85.13360527300006, 24.478065093000055], [85.13347035900006, 24.478287624000075], [85.13329188800003, 24.479212967000024], [85.13313233900004, 24.481108755000037], [85.13292844900008, 24.482927708000034], [85.13292652500007, 24.485040367000067], [85.13262806800003, 24.48770796900004], [85.13234534100008, 24.489418527000055], [85.13190451100007, 24.49134570700005], [85.13106911200003, 24.493204870000056], [85.13051124800006, 24.49374613200007], [85.12971680100009, 24.493966734000026], [85.12840449300006, 24.49411006100007], [85.12848257000007, 24.495021961000077], [85.12863942000007, 24.49607394900005], [85.12852085400004, 24.496294963000025], [85.12768604600006, 24.49738671600005], [85.12633315000005, 24.498694724000075], [85.12608350000005, 24.500525682000045], [85.12581215100005, 24.504425809000054], [85.12467252100004, 24.50430851400006], [85.12425327000005, 24.503410184000074], [85.12338007500006, 24.502854952000064], [85.12247724200006, 24.502516382000067], [85.11836001900008, 24.499857060000068], [85.11765513900008, 24.499251608000066], [85.11656046600007, 24.49881730000004], [85.11480461300005, 24.49845913100006], [85.11163276300005, 24.498311784000066], [85.11101122000008, 24.498311234000028], [85.11017245000005, 24.498481980000065], [85.10949655500008, 24.498517409000044], [85.10788312400007, 24.49878221700004], [85.10605153800003, 24.499281663000033], [85.10509500200004, 24.499542485000063], [85.10403890000003, 24.499879976000045], [85.10339261200005, 24.499933560000045], [85.10308687200006, 24.49980236700003], [85.10152086800008, 24.50097072400007], [85.10091168000008, 24.501282509000077], [85.10009026300008, 24.500920750000034], [85.09839819300004, 24.50074896600006], [85.09694290500005, 24.50094282200007], [85.09514229700005, 24.500870229000043], [85.09445561400008, 24.500918386000023], [85.09376592500007, 24.500887960000057], [85.09346311700006, 24.49964638000006], [85.09341451300008, 24.49857475400006], [85.09295719800008, 24.496885647000056], [85.09264809800004, 24.49362485100005], [85.09221512800008, 24.491083642000035], [85.09191931100008, 24.487011645000052], [85.09166634100006, 24.484117877000074], [85.09064463500005, 24.480749263000064], [85.08970852200008, 24.479890604000047], [85.08543054000006, 24.481136406000076], [85.08183755000005, 24.482775532000062], [85.07735113800004, 24.484806307000042], [85.07474327100005, 24.485507532000042], [85.07213544100006, 24.486208696000062], [85.06640602600004, 24.48799845700006], [85.06469863300003, 24.488465831000042], [85.06431730800006, 24.48948103600003], [85.06356655200005, 24.490121078000072], [85.06234686900007, 24.49097720000003], [85.06159632400005, 24.491518], [85.06141338000003, 24.49180215800004], [85.06159488200007, 24.492488550000076], [85.06147109200003, 24.492799783000066], [85.06087865900008, 24.493142182000042], [85.06066090900003, 24.493570746000046], [85.06037886900003, 24.49419784500003], [85.05978622400005, 24.49465301400005], [85.05878937900007, 24.49490901200005], [85.05725966200004, 24.49519145000005], [85.05672682600004, 24.495249494000063], [85.05610476400005, 24.495591741000055], [85.05544800500007, 24.496019700000033], [85.05507241400005, 24.49647518300003], [85.05473033900006, 24.49753098900004], [85.05457119700003, 24.49838399600003], [85.05449555200005, 24.50050574900007], [85.05724437600009, 24.500675788000024], [85.05765075100004, 24.503844763000075], [85.05740083500007, 24.50519601600007], [85.05758743400008, 24.506902398000022], [85.05704807200004, 24.50988145100007], [85.05618245400007, 24.511950101000025], [85.05601071100006, 24.512341121000077], [85.05526578400008, 24.51228211600005], [85.05306027800003, 24.512502304000066], [85.05168855500006, 24.512772491000078], [85.04826921000006, 24.513258248000056], [85.04557994000004, 24.513798674000043], [85.04557990100005, 24.513798682000072], [85.04385647500004, 24.516397744000074], [85.04137989800006, 24.516396324000027], [85.04004303400006, 24.516652589000046], [85.03839885200006, 24.517189474000077], [85.03667672900008, 24.51793755400007], [85.03608396500005, 24.518948349000027], [85.03408995700005, 24.519899572000043], [85.03172091100004, 24.520904760000064], [85.03112807100007, 24.52186597000008], [85.03069374200004, 24.522136466000063], [85.02892726700009, 24.522216659000037], [85.02825610600007, 24.522410310000055], [85.02774287000005, 24.52250925100003], [85.02718019000008, 24.522752697000044], [85.02542858300006, 24.522801224000034], [85.02268546500005, 24.522523979000027], [85.02179713000004, 24.522672357000033], [85.01870348300008, 24.522643153000047], [85.01636424200007, 24.523228311000025], [85.01477557400005, 24.523150351000027], [85.01574408400006, 24.521530503000065], [85.01696505500007, 24.518822948000036], [85.01785541200007, 24.51609262200003], [85.01839427500005, 24.514842557000065], [85.01869626600006, 24.513614953000058], [85.01853411300004, 24.51280231900006], [85.01825895000007, 24.51146141600003], [85.01688707700004, 24.511871239000072], [85.01435541700005, 24.512681911000072], [85.01260853700006, 24.51300109400006], [85.01094550000005, 24.51353707000004], [85.00992383200008, 24.51390640900007], [85.00879390900008, 24.513977818000058], [85.00749602000008, 24.514346914000043], [85.00674594900005, 24.514535945000034], [85.00574922700008, 24.514661500000045], [85.00502411700006, 24.514484882000033], [85.00424436800006, 24.514633223000033], [85.00305979300003, 24.51515143900008], [85.00211680300004, 24.51578709000006], [85.00136729700006, 24.515389310000046], [85.00034127900005, 24.515216917000032], [84.99953716800007, 24.51506725300004], [84.99854003500008, 24.515608090000057], [84.99784317600006, 24.51572348800005], [84.99759169100008, 24.516667032000043], [84.99744219200005, 24.517420704000074], [84.99734220600004, 24.518075020000026], [84.99724271900004, 24.51845404100004], [84.99694564200007, 24.518972692000034], [84.99652513300003, 24.519554312000025], [84.99591240000007, 24.520027191000054], [84.99532409700004, 24.520558883000035], [84.99505690200004, 24.52094214600004], [84.99394967500007, 24.521951400000034], [84.99340558100005, 24.522600495000063], [84.99289100100003, 24.523299300000076], [84.99212400200008, 24.52439939900006], [84.99170803500004, 24.525161610000055], [84.99119367900005, 24.52571594500006], [84.99018046600008, 24.526567346000036], [84.98976330600004, 24.527871209000068], [84.98946558200004, 24.528678685000045], [84.99001504500006, 24.530223457000034], [84.99035836700006, 24.531235132000063], [84.99035683400007, 24.531975428000067], [84.99052855500008, 24.53247232700005], [84.99089263200005, 24.532987496000032], [84.99072372000006, 24.53353790700004], [84.98995569900006, 24.535089448000065], [84.98929295900007, 24.53582859900007], [84.98844716000008, 24.536797641000078], [84.98768047000004, 24.53767207900006], [84.98718984100003, 24.53868230300003], [84.98695440800003, 24.540379178000023], [84.98602018900004, 24.541099835000068], [84.98552579100004, 24.541568374000065], [84.98449374400008, 24.541882591000046], [84.98324974400003, 24.54206546900008], [84.98297629000007, 24.54303096900003], [84.98270437500008, 24.543278746000055], [84.98251129500005, 24.543549307000035], [84.98254464600006, 24.544140698000035], [84.98275805000003, 24.545892501000026], [84.98312540200004, 24.547197663000077], [84.98311246400004, 24.548664746000043], [84.98295226800008, 24.549756846000037], [84.98314736600008, 24.550845094000067], [84.98321635100007, 24.553206012000032], [84.98337059900007, 24.554966818000025], [84.98329395400003, 24.55620352300008], [84.98299632400006, 24.556943260000025], [84.98260498400003, 24.557619696000074], [84.98192284400005, 24.55808793600005], [84.98093991500008, 24.558469905000038], [84.98020401400004, 24.558694266000032], [84.97872715900007, 24.559228725000025], [84.97826300300005, 24.55934074000004], [84.97700767900005, 24.56012394800007], [84.97668594800007, 24.560574803000065], [84.97636874000005, 24.56116102900006], [84.97637742200004, 24.561729815000035], [84.97664627100005, 24.562944568000034], [84.97695931200008, 24.56424965100007], [84.97688342200007, 24.565080136000063], [84.97642285900008, 24.565833137000027], [84.97553332900003, 24.566300952000063], [84.97472257100009, 24.566886259000057], [84.97373799400003, 24.56796332500005], [84.97339099000004, 24.568657832000042], [84.97330414200007, 24.570016460000033], [84.97347525100008, 24.570779636000054], [84.97317677500007, 24.571812797000064], [84.97302802400003, 24.57210595500004], [84.97251379300008, 24.57251123900005], [84.97226612400004, 24.57293509300007], [84.97194413500006, 24.573453563000044], [84.97184470900004, 24.57376935700006], [84.97125609900007, 24.57432803200004], [84.97067828700006, 24.574448849000078], [84.97105769900008, 24.57473398700006], [84.97080981100004, 24.575225465000074], [84.97019518000008, 24.57637089700006], [84.96945194100005, 24.577655992000075], [84.97048290800006, 24.57799196600007], [84.97132120600008, 24.578368238000053], [84.97237715100005, 24.57857331200006], [84.97362487700008, 24.579072147000034], [84.97487785100003, 24.57945361900005], [84.97603223800007, 24.57979423000006], [84.97691448800003, 24.58042332100007], [84.97765347900008, 24.58110171800007], [84.97847668600008, 24.58164942600007], [84.98016716200004, 24.58291190400007], [84.98139379600008, 24.58410580700007], [84.98196941800006, 24.585036733000038], [84.98186778600007, 24.586386166000068], [84.98150617000005, 24.589315123000063], [84.98112796600003, 24.593047580000075], [84.98102527200007, 24.594911658000058], [84.98085456700005, 24.596215874000052], [84.97963400300006, 24.596773451000047], [84.97854715000005, 24.597110015000055], [84.97681360800004, 24.597391278000032], [84.97570171400008, 24.59788579800005], [84.97432880300005, 24.598081867000076], [84.97365744900009, 24.598040070000025], [84.97204310400008, 24.598000979000062], [84.97069613600007, 24.597637346000056], [84.97026120900006, 24.59785774000005], [84.97060472100009, 24.598792785000057], [84.97071227100008, 24.59927140700006], [84.97044950800006, 24.59974944800007], [84.97038454200003, 24.600128522000034], [84.96995842100006, 24.600791293000043], [84.96929804400008, 24.60246477100003], [84.96879707200003, 24.603538160000028], [84.96811818700007, 24.60465183100007], [84.96785613400004, 24.60480934000003], [84.96704020600004, 24.605353945000047], [84.96678228200005, 24.605877147000058], [84.96685011300008, 24.606473038000047], [84.96634442200008, 24.607388481000044], [84.96647665500006, 24.607867230000068], [84.96618907700008, 24.608426395000038], [84.96588622000007, 24.60916164200006], [84.96569683600006, 24.60992860500005], [84.96656565400008, 24.610007005000057], [84.96689195800008, 24.60980901100004], [84.96741558900004, 24.609692633000066], [84.96761325100005, 24.609652358000062], [84.96822070700006, 24.60957224300006], [84.96880848500007, 24.609496630000024], [84.96976707100004, 24.609177912000064], [84.97049811400007, 24.60900775700003], [84.97184713600006, 24.608531792000065], [84.97230659800005, 24.60839268600006], [84.97315687200006, 24.60793381900004], [84.97374448900007, 24.607916876000047], [84.97446619100003, 24.607520928000042], [84.97505402500008, 24.607400147000078], [84.97590343000007, 24.60730242300008], [84.97714341100004, 24.606988664000028], [84.97783987900004, 24.606849992000036], [84.97841829800007, 24.606498913000053], [84.97902641200005, 24.606102836000048], [84.97974733900008, 24.606086075000064], [84.97996393400007, 24.60638437700004], [84.98037714800006, 24.607120920000057], [84.98081168500005, 24.60710364700003], [84.98124667200005, 24.60682453800007], [84.98155300400003, 24.60672573200003], [84.98201174100006, 24.606943238000042], [84.98264331000007, 24.607142993000025], [84.98303406800005, 24.606827722000048], [84.98526246000006, 24.608411584000066], [84.98661284200006, 24.60956947300008], [84.98750480800004, 24.610388061000037], [84.98852499800006, 24.611288170000023], [84.99000514900007, 24.61184596100003], [84.99112556700004, 24.612055550000036], [84.99234533300006, 24.61197632300008], [84.99345643900006, 24.61190152900008], [84.99417725500007, 24.61194339000008], [84.99507065600005, 24.61206228800006], [84.99578635300009, 24.61222149100007], [84.99635377900006, 24.612403002000065], [84.99706903700007, 24.612724723000042], [84.99763631800005, 24.613001032000057], [84.99784087800003, 24.61324673000007], [84.99922191100006, 24.614136813000073], [85.00075609000004, 24.615686415000027], [85.00203328000003, 24.617330577000075], [85.00273342700007, 24.618455177000044], [85.00306744500006, 24.620242990000065], [85.00319370400007, 24.622459484000046], [85.00274137400004, 24.625510533000067], [85.00261153000008, 24.62703168400003], [85.00262736900004, 24.631103291000045], [85.00269838800006, 24.63422706800003], [85.00321492000006, 24.636321989000066], [85.00360219200007, 24.639351198000043], [85.00357156000007, 24.640326230000028], [85.00314984200008, 24.642397809000045], [85.00339029300005, 24.644027521000055], [85.00387916200003, 24.644046010000068], [85.00723769600006, 24.64393581300004], [85.01117473700003, 24.64304504200004], [85.01179216400004, 24.642932746000042], [85.01342790600006, 24.641855107000026], [85.01416851400006, 24.642004575000044], [85.01580242500006, 24.64298080800006], [85.01571633800006, 24.645445377000044], [85.01731527500004, 24.646981287000074], [85.01857704500009, 24.650051725000026], [85.01863306100006, 24.650516598000024], [85.01882079100005, 24.652074516000027], [85.01886154800007, 24.65241274400006], [85.01860805200005, 24.65424074200007], [85.01811300200006, 24.65562620600008], [85.01717386400009, 24.656374894000066], [85.01708954200006, 24.65686230800003], [85.01835936600008, 24.656339613000057], [85.02298797800006, 24.655783109000026], [85.02425654500007, 24.655375795000054], [85.02552736000007, 24.654967747000057], [85.02765576100006, 24.655605664000063], [85.03179315800008, 24.657932956000025], [85.03556213500008, 24.65760119500004], [85.03682481800007, 24.66014791400005], [85.03918912800003, 24.66273120200003], [85.03934417400006, 24.66710990200005], [85.03913423500006, 24.670815765000043], [85.04179602000005, 24.671945782000023], [85.04302601800003, 24.672131526000044], [85.04392513600004, 24.671946968000043], [85.04535802600003, 24.67146017500005], [85.04499359800008, 24.669699527000034], [85.04523587900007, 24.669401771000025], [85.04601640200008, 24.66932997400005], [85.04822857600004, 24.67071688900006], [85.04908772000005, 24.67146665200005], [85.05097433800006, 24.672104069000056], [85.05444576800005, 24.67450271000007], [85.05657423900004, 24.675776636000023], [85.05854026400004, 24.676007758000026], [85.06005647900008, 24.67679384400003], [85.06083714500005, 24.67664522800004], [85.06321322800005, 24.676840256000048], [85.06448264900007, 24.677287739000064], [85.06497130600007, 24.67815009700007], [85.06558359000007, 24.67885905600008], [85.06710112800005, 24.676873442000044], [85.06837156200004, 24.674896856000032], [85.06849564800007, 24.673660046000066], [85.06755896900006, 24.669281073000036], [85.06846407200004, 24.666920627000025], [85.07014441100006, 24.664903543000037], [85.07318380300006, 24.66120306600004], [85.07515029000007, 24.65966900600006], [85.07675644500006, 24.657611166000038], [85.07745338400008, 24.656266197000036], [85.07721313500008, 24.651472307000063], [85.07741618400007, 24.649937609000062], [85.07791114700007, 24.647202281000034], [85.07946798100005, 24.644101585000044], [85.08013066900008, 24.641781640000033], [85.08017105400006, 24.63908680000003], [85.07971262100006, 24.63685669000006], [85.08287751900008, 24.638767048000034], [85.09090162400008, 24.643292117000044]]]]}}, {"type": "Feature", "properties": {"OBJECTID": 51, "BLOCK_CODE": "0012", "NEAR_TOWN": "SHERGHATI", "BLK_NAME": "GURUA", "DIST_NAME": "GAYA"}, "geometry": {"type": "MultiPolygon", "coordinates": [[[[84.83298657200004, 24.61439035500007], [84.83186204200007, 24.612495858000045], [84.83065719800004, 24.612515031000044], [84.83023600100006, 24.612987832000044], [84.82930280700003, 24.612985211000023], [84.82809848500006, 24.612846451000053], [84.82671839200003, 24.613582816000076], [84.82598706100003, 24.613734235000038], [84.82477680700003, 24.61390240000003], [84.82403547200005, 24.61409889400005], [84.82392269400003, 24.615335380000033], [84.82363937900004, 24.615871739000056], [84.82337631700005, 24.616268267000066], [84.82293920300003, 24.617043427000056], [84.82304154400003, 24.618917014000033], [84.82291824800006, 24.62032498900004], [84.82313213000003, 24.621318640000027], [84.82378112900005, 24.622155605000046], [84.82465431700007, 24.62239726000007], [84.82556695700004, 24.62266162700007], [84.82878228100003, 24.622445007000067], [84.83011117300003, 24.62228626800004], [84.83106928200004, 24.622252822000064], [84.83172111000005, 24.622232015000066], [84.83255145900006, 24.62199510800008], [84.83339189800006, 24.621713017000047], [84.83402549500005, 24.62123630900004], [84.83463352100006, 24.621039437000036], [84.83498499300003, 24.62077857400004], [84.83537694100005, 24.620224415000052], [84.83577494700006, 24.61932727900006], [84.83610601200007, 24.617734789000053], [84.83651575500005, 24.616273312000033], [84.83591639100007, 24.615350824000075], [84.83528040200008, 24.615033158000074], [84.83467944000006, 24.61459361900006], [84.83428467000005, 24.61452484600005], [84.83374687900005, 24.614414960000033], [84.83298657200004, 24.61439035500007]]], [[[84.78062145900003, 24.704568162000044], [84.78133321500007, 24.704520667000054], [84.78207724300006, 24.705078212000046], [84.78251793600003, 24.70482688000004], [84.78273570500005, 24.704728191000072], [84.78334334800007, 24.704779719000044], [84.78423706500007, 24.704945070000065], [84.78522971500007, 24.70509712000006], [84.78591439300004, 24.705676939000057], [84.78660063800004, 24.70583259500006], [84.78715179300008, 24.70513012600003], [84.78823081300004, 24.704627833000075], [84.78911031300004, 24.70463054800007], [84.79281109000004, 24.70470513400005], [84.79355265700008, 24.704580935000024], [84.79451599800007, 24.704633520000073], [84.79514695900008, 24.705064265000033], [84.79556059500004, 24.705467314000032], [84.79621670100005, 24.705771715000026], [84.79671494100006, 24.705998855000075], [84.79729241700005, 24.706176640000024], [84.79838893400006, 24.706306398000038], [84.80026085900005, 24.70653765900005], [84.80148645400004, 24.706478219000076], [84.80479227900008, 24.706465422000065], [84.80655257200004, 24.706118634000063], [84.80741015900009, 24.70536729400004], [84.80936733500005, 24.70381126700005], [84.81034984300004, 24.702645071000063], [84.81115171100004, 24.702241168000057], [84.81349045800005, 24.701773995000053], [84.81478668000005, 24.701299367000047], [84.81605210000004, 24.70117656900004], [84.81715445000003, 24.701026338000077], [84.81820275700005, 24.700803633000078], [84.81869768400009, 24.700556763000066], [84.81934771900006, 24.699764213000037], [84.81976417400006, 24.699336567000046], [84.81998345000005, 24.698786579000057], [84.82017839900004, 24.69815518100006], [84.82056501000005, 24.697781619000068], [84.82111399500008, 24.69762968300006], [84.82229809000006, 24.69813864100007], [84.82345419900008, 24.69816447200003], [84.82494022600008, 24.698520811000037], [84.82573518600003, 24.698676484000032], [84.82661378600005, 24.69895435600006], [84.82702932100005, 24.698806577000028], [84.82738599100009, 24.698527711000054], [84.82771963000005, 24.69777487600004], [84.82794365200004, 24.697274379000078], [84.82793218900008, 24.696254242000066], [84.82768920700005, 24.69504836400006], [84.82755301900005, 24.69442050600003], [84.82769248000005, 24.694068850000065], [84.82799503700005, 24.693740182000056], [84.82846570300006, 24.693339738000077], [84.82890531300006, 24.69339063700005], [84.82967659100007, 24.693243867000035], [84.83022579100003, 24.69301515500007], [84.83052775000004, 24.69283997100007], [84.83052955900007, 24.692289317000075], [84.83042254200006, 24.691783434000058], [84.83042619900004, 24.69070460100005], [84.83112717500006, 24.690869086000077], [84.83286073700003, 24.691049933000045], [84.83418557700008, 24.690850503000036], [84.83495682500006, 24.69067662300006], [84.83638607700004, 24.690256221000027], [84.83729727900004, 24.689626829000076], [84.83782186300004, 24.689352893000034], [84.83936560200004, 24.688652971000067], [84.84089148100009, 24.688896347000025], [84.84171350700007, 24.689828486000067], [84.84405252000005, 24.693798051000044], [84.84605523300007, 24.696317687000032], [84.84676841000004, 24.697353262000036], [84.84699781400008, 24.69822063400005], [84.84661094000006, 24.698670916000026], [84.84594644000003, 24.699422956000035], [84.84503299500005, 24.70075662800008], [84.84591336600005, 24.702040926000052], [84.84692905100007, 24.70269823700005], [84.84793164400008, 24.70286339100005], [84.85260943200007, 24.70332726500004], [84.85398758700006, 24.703479822000077], [84.85492149400005, 24.703459722000048], [84.85580131700004, 24.703385311000034], [84.85673996700007, 24.703437456000074], [84.85797477900007, 24.703567041000042], [84.85946255200008, 24.703444527000045], [84.86017289400007, 24.705409987000053], [84.86073275400008, 24.70653084500003], [84.86381724100005, 24.706159703000026], [84.86805860100003, 24.70559279500003], [84.87145877200004, 24.705389231000026], [84.87228595300007, 24.704736770000068], [84.87319776000004, 24.703858884000056], [84.87595436900006, 24.702403288000028], [84.87796608200006, 24.700525993000042], [84.87988067900005, 24.69968662100007], [84.88093562700004, 24.698849662000043], [84.88098511100003, 24.69880912800005], [84.88236354600008, 24.697178433000033], [84.88250471000003, 24.696221898000033], [84.88272983800005, 24.695269981000024], [84.88291236400005, 24.69364997300005], [84.88261740100006, 24.691459936000058], [84.88231810900004, 24.69075502000004], [84.88203376800004, 24.689986987000054], [84.88146046800006, 24.68837414500007], [84.88041692600007, 24.68705347200006], [84.87889502400003, 24.68545176300006], [84.87807340800003, 24.684289684000078], [84.87720286700005, 24.68465319200004], [84.87654525100004, 24.684827561000077], [84.87602036800007, 24.685205461000066], [84.87541193700008, 24.68545666500006], [84.87502614500005, 24.685604651000062], [84.87444808300006, 24.68563030000007], [84.87381494700008, 24.685881540000025], [84.87356741300005, 24.68605693300003], [84.87273972800006, 24.68693502800005], [84.87205679800007, 24.687285391000046], [84.87125415900005, 24.688037217000044], [84.87086805100006, 24.68828902200005], [84.87084438100004, 24.687959426000077], [84.87048464600008, 24.687656108000056], [84.86996693800006, 24.68730269200006], [84.86962267100006, 24.686787283000058], [84.86902357400004, 24.68558054300007], [84.86902466700008, 24.68522842400006], [84.86891712900007, 24.684821885000076], [84.86908118600007, 24.684497321000038], [84.86949199000009, 24.68424556900004], [84.86982433600008, 24.68381758000004], [84.86955423300003, 24.683266204000063], [84.86903256300008, 24.68261038600008], [84.86901956000008, 24.682019014000048], [84.86933816400006, 24.681225373000075], [84.86922921200005, 24.679667830000028], [84.86901554900004, 24.67845757300006], [84.86838748700006, 24.677025035000042], [84.86727467700007, 24.675826035000057], [84.86545990400003, 24.67479215700007], [84.86337338700008, 24.67378018900007], [84.86194253100007, 24.673198722000052], [84.85974024700005, 24.672913137000023], [84.85874407300008, 24.672346309000034], [84.85819743200005, 24.67181680300007], [84.85739794200003, 24.671561952000047], [84.85679663400003, 24.67110896500003], [84.85531233900008, 24.670274500000062], [84.85410366900004, 24.66976574000006], [84.85333394200006, 24.66951094500007], [84.85264778200008, 24.669360190000077], [84.85204074100005, 24.669155447000037], [84.85118829100008, 24.66850316500006], [84.84995624300007, 24.667592542000023], [84.84946323100007, 24.667288856000027], [84.84841760400008, 24.666784963000055], [84.84647748300006, 24.666414117000045], [84.84569215700003, 24.66637588900005], [84.84420353600007, 24.666922619000047], [84.84301928400004, 24.666522169000075], [84.84040724300007, 24.666190044000075], [84.83820472700006, 24.66600346900003], [84.83610010900009, 24.666087941000058], [84.83567772700007, 24.665369113000054], [84.83615551000008, 24.664273550000075], [84.83612350000004, 24.66348351700003], [84.83645247400005, 24.66258616700003], [84.83676186200006, 24.661634527000047], [84.83710418500004, 24.65968999000006], [84.83772176000008, 24.658138918000077], [84.83822579200006, 24.656546912000067], [84.83840569700004, 24.655910883000047], [84.83844570000008, 24.655771077000054], [84.83907858000003, 24.655574244000036], [84.84064936200008, 24.65555596200005], [84.84109812200006, 24.65577834100003], [84.84186310900003, 24.65596093700003], [84.84205501100007, 24.65618272300003], [84.84271159700006, 24.656283785000028], [84.84345272200005, 24.656204487000025], [84.84412487600008, 24.656084425000074], [84.84475718800007, 24.656068143000027], [84.84565138500005, 24.656011842000055], [84.84630372100008, 24.655914319000033], [84.84724177100009, 24.656016092000073], [84.84797314700006, 24.65593228800003], [84.84832012300006, 24.655531518000032], [84.84932390100005, 24.65208105100004], [84.84963001900007, 24.650569661000077], [84.84918697100005, 24.650121614000057], [84.84907927300003, 24.649823398000024], [84.84955985100004, 24.64932814100007], [84.84881930000006, 24.649244950000025], [84.84837963100006, 24.64926633700003], [84.84760032800006, 24.64894373900006], [84.84773560400004, 24.64833922300005], [84.84760731100005, 24.646763564000025], [84.84754604800008, 24.64585155700007], [84.84763609400005, 24.64547259400007], [84.84856970700008, 24.645434472000034], [84.84860525100004, 24.64512318100003], [84.84906142600005, 24.644569182000055], [84.84906453500008, 24.64358965100007], [84.84909075800005, 24.64311126900003], [84.84948200600007, 24.642773677000037], [84.84963599400004, 24.64247625400003], [84.84973767800005, 24.641569159000028], [84.84906519500004, 24.640289935000055], [84.84813650000007, 24.638793348000036], [84.84929040300005, 24.637803399000063], [84.85034005900008, 24.636944035000056], [84.85117216600008, 24.63618787000007], [84.85210657300007, 24.635851778000074], [84.85363405800007, 24.635399905000043], [84.85428740200007, 24.634923139000023], [84.85476759500006, 24.634545236000065], [84.85476255900005, 24.63301958200003], [84.85509152700007, 24.632063403000075], [84.85537643500004, 24.630949241000053], [84.85557571700008, 24.63039456000007], [84.85577580200004, 24.629578043000038], [84.85578813100005, 24.628788170000064], [84.85550479300008, 24.627830463000066], [84.85548684900004, 24.62723453900003], [84.85602471500005, 24.625787027000058], [84.85746495000006, 24.62475703100006], [84.85788793300009, 24.62371091500006], [84.85816074400003, 24.623305359000028], [84.85855773800006, 24.622679032000065], [84.85892496200006, 24.622115732000054], [84.85985105100008, 24.62122886700007], [84.86044690600005, 24.620174157000065], [84.86074524900005, 24.619497780000074], [84.86035079400006, 24.619320729000037], [84.85936790600005, 24.619385908000027], [84.85838299000005, 24.620123637000063], [84.85769053600006, 24.620482914000036], [84.85747273900006, 24.620658456000058], [84.85678542900007, 24.620972610000024], [84.85560401000004, 24.621353185000032], [84.85501562800005, 24.62159991200008], [84.85452096300008, 24.621892049000053], [84.85400652600003, 24.62215698600005], [84.85356216800005, 24.62215578300004], [84.85321587500005, 24.622358029000054], [84.85235784700006, 24.621972069000037], [84.85149989200005, 24.621590617000038], [84.85098273800008, 24.621160476000057], [84.85079192300003, 24.620600210000077], [84.85061276700003, 24.61946676100007], [84.85022119200005, 24.618386888000032], [84.84958665200008, 24.61762225800004], [84.84924224400004, 24.61723771000004], [84.84855598900003, 24.617213338000056], [84.84781496900007, 24.617324171000064], [84.84710419100008, 24.617231934000074], [84.84614527300005, 24.61754537300004], [84.84476585300007, 24.618078843000035], [84.84425142300006, 24.61837083100005], [84.84324328100007, 24.618616431000078], [84.84174948900005, 24.619415832000072], [84.84064083300007, 24.620207263000054], [84.83961084800006, 24.621102707000034], [84.83897735700003, 24.62153881000006], [84.83776588800004, 24.622027511000056], [84.83702401800008, 24.622382164000044], [84.83573901000005, 24.622735159000058], [84.83405755500007, 24.623506930000076], [84.83257837100007, 24.624319873000047], [84.83216179800007, 24.624860333000072], [84.83171748600006, 24.62480950500003], [84.83115097300004, 24.62441069500005], [84.83058133500003, 24.62494627700005], [84.82977359200004, 24.625783556000044], [84.82833290300005, 24.62687188900003], [84.82760854100007, 24.62788553400003], [84.82636784100004, 24.62826119600004], [84.82587360800005, 24.62838169400004], [84.82542950000004, 24.62827206700007], [84.82498928300004, 24.628492020000067], [84.82461857600003, 24.628590313000075], [84.82424823800005, 24.62856671800006], [84.82394984600006, 24.627730755000073], [84.82351153100007, 24.627391008000075], [84.82046439300007, 24.627481574000058], [84.81985499500007, 24.628057601000023], [84.81952247000004, 24.628535148000026], [84.81895480400004, 24.629905792000045], [84.81787431600003, 24.631049176000033], [84.81773923500003, 24.631567895000046], [84.81741097500003, 24.632262156000024], [84.81646389600007, 24.633365338000033], [84.81594120500006, 24.633138107000036], [84.81550339600005, 24.632631307000054], [84.81517446800007, 24.632079648000058], [84.81473708300007, 24.631473525000047], [84.81408204000007, 24.630943477000073], [84.81298271300005, 24.630385019000073], [84.81240837300004, 24.62940390600005], [84.81162645300003, 24.62845819900008], [84.81107993300003, 24.62800517100004], [84.81039899000007, 24.626441397000065], [84.80954864100005, 24.625305928000046], [84.80938969300007, 24.624158916000056], [84.80891385000007, 24.623263704000067], [84.80828014400004, 24.62230487900007], [84.80773476300004, 24.621549462000075], [84.80696764400005, 24.620617364000054], [84.80625226500007, 24.62043922600003], [84.80474133200005, 24.62043476100007], [84.80394174400004, 24.620333027000072], [84.80300722500004, 24.620682373000022], [84.80231987900004, 24.620955656000035], [84.80171043000007, 24.62153161300006], [84.80105389000005, 24.62148003300007], [84.80046233700006, 24.62121196800007], [84.80005389600007, 24.620808951000072], [84.79964058600007, 24.620383423000078], [84.79928624500008, 24.620052876000045], [84.79882010100005, 24.61922089600006], [84.79799834300007, 24.618437482000047], [84.79684885200004, 24.618145138000045], [84.79560504300008, 24.618001457000048], [84.79425666700007, 24.618096665000053], [84.79360091200004, 24.617832875000033], [84.79304732900005, 24.617980171000056], [84.79267752800007, 24.617821067000023], [84.79253078100004, 24.61744139600006], [84.79253195200005, 24.617120963000048], [84.79224687100003, 24.616763466000066], [84.79146474100008, 24.615944056000046], [84.79171029100007, 24.614947225000037], [84.79139636000008, 24.61437754800005], [84.79083810600008, 24.613120968000032], [84.79055582200004, 24.611982563000026], [84.79025712100008, 24.611304628000028], [84.78974743200007, 24.610255832000064], [84.78942465100005, 24.609415222000052], [84.78935706700008, 24.60897716900007], [84.78918528100007, 24.608701263000057], [84.78888185900007, 24.60798266200004], [84.78869103200003, 24.607503577000045], [84.78877682700005, 24.60698475600003], [84.78802112000005, 24.60572757700004], [84.78794028000004, 24.604878706000022], [84.78774425300008, 24.604476333000036], [84.78671838500009, 24.602830133000055], [84.78535965400005, 24.601756112000032], [84.78485675900004, 24.601587490000043], [84.78394674000003, 24.60201353000008], [84.78330372400006, 24.60232303300006], [84.78212102900005, 24.603041537000024], [84.78094302100004, 24.603845927000066], [84.78027505700004, 24.604227493000053], [84.77892208200007, 24.604268362000028], [84.77680807700006, 24.604482975000053], [84.77573779400007, 24.604199721000043], [84.77487946100007, 24.60399390500004], [84.77404564100004, 24.603837715000054], [84.77340784100005, 24.60407948900007], [84.77220150200003, 24.60450450600007], [84.77028488400003, 24.60474663100007], [84.76892535000007, 24.605211739000026], [84.76838391400008, 24.60477213200005], [84.76829318800003, 24.603968423000026], [84.76874945800006, 24.60344174100004], [84.76934425800005, 24.602838731000077], [84.76881176400008, 24.602629427000068], [84.76736481100005, 24.602733167000054], [84.76692210900006, 24.602284788000077], [84.76660521200006, 24.60125012900005], [84.76609155600005, 24.60129356500005], [84.76533059300004, 24.601471683000057], [84.76486151900008, 24.601470163000045], [84.76471445200008, 24.60119890200008], [84.76420837200004, 24.599287849000063], [84.76348128200004, 24.595800716000042], [84.76303378600005, 24.594061493000027], [84.76271641100004, 24.59313508100007], [84.76247135300008, 24.59268739600003], [84.76201101600003, 24.59171989500004], [84.76040064200004, 24.59198099300005], [84.75931437300005, 24.592000003000066], [84.75737801900004, 24.592300618000024], [84.75568369500007, 24.592561404000037], [84.75418221400008, 24.592732573000035], [84.75333756800006, 24.592842560000065], [84.75269329000008, 24.593467856000075], [84.75164367200006, 24.592967870000052], [84.75153903700004, 24.591983472000038], [84.75178609000005, 24.590657236000027], [84.75190810000004, 24.589772890000063], [84.75179273000003, 24.58897803900004], [84.75122825700004, 24.588172719000056], [84.75066843900004, 24.588653905000058], [84.74984820600008, 24.58885422900005], [84.74787256700006, 24.58910499500007], [84.74337022000003, 24.589112427000032], [84.74117803800004, 24.58916821500003], [84.73587080800007, 24.589240456000027], [84.73581353800006, 24.58997604700005], [84.73650965500008, 24.59239334700004], [84.73716357100005, 24.594259864000037], [84.73744270300006, 24.596030306000046], [84.73695602800007, 24.59673276500007], [84.73656372800008, 24.597286678000046], [84.73679119100007, 24.59964367200007], [84.73593119600008, 24.599852878000036], [84.73561612300006, 24.599644239000042], [84.73497806400007, 24.598707645000047], [84.73410803600007, 24.596569560000034], [84.73331102600008, 24.595885278000026], [84.73180143500008, 24.59563180300006], [84.73118098700007, 24.594040783000025], [84.72983352800009, 24.592745129000036], [84.72918601500004, 24.592936997000038], [84.72826944300004, 24.593741797000064], [84.72733449700007, 24.59418088600006], [84.72674104900005, 24.594440634000023], [84.72523243900008, 24.59510798900004], [84.72451903800004, 24.595701290000022], [84.72630420800004, 24.597377650000055], [84.72679050400006, 24.59798877700007], [84.72714919700007, 24.599569879000057], [84.72731742600007, 24.60307328600004], [84.72747870400008, 24.604644691000033], [84.72728242100004, 24.606751965000058], [84.72758153700005, 24.608441198000037], [84.72786806200008, 24.610766901000034], [84.72800598100008, 24.612044789000038], [84.72809904900004, 24.613412856000025], [84.72820293800004, 24.614559688000043], [84.72766375900005, 24.614801557000078], [84.72685841400005, 24.614929717000052], [84.72617782000003, 24.614728679000052], [84.72456011200006, 24.61310254800003], [84.72357655000008, 24.612146659000075], [84.72297976800007, 24.61199112500003], [84.72115163600006, 24.61228261100007], [84.71905549100006, 24.612893648000068], [84.71720118400003, 24.613519084000075], [84.71788423400005, 24.615475971000023], [84.71869563500007, 24.61742883100004], [84.71948081800008, 24.619765337000047], [84.72044100600004, 24.62156973900005], [84.72044683000007, 24.62254473300004], [84.71958675600007, 24.622753844000044], [84.71770491900008, 24.622860111000023], [84.71648996800008, 24.622905411000033], [84.71535976500007, 24.622738906000052], [84.71414765100008, 24.62212968800003], [84.71374387200007, 24.621857486000067], [84.71342427700006, 24.621531305000076], [84.71359035400008, 24.62081875100006], [84.71409245500007, 24.620017062000045], [84.71368507100004, 24.619428817000028], [84.71277521900004, 24.618572398000026], [84.71251319800007, 24.617492671000036], [84.71379471000006, 24.616883345000076], [84.71337226500003, 24.61519814500008], [84.71375169200007, 24.614233472000024], [84.71372468800007, 24.612463951000052], [84.71383223700008, 24.61037895000004], [84.71021641300007, 24.610745165000026], [84.70839506700008, 24.61059421300007], [84.70676830400004, 24.60999696500005], [84.70644164500004, 24.610176351000064], [84.70640415800005, 24.61084876900003], [84.70663079700006, 24.61210903600005], [84.70489725100003, 24.61220205400008], [84.70296632900005, 24.61227629800004], [84.70296323300005, 24.612276417000032], [84.70314166300005, 24.612850190000074], [84.70346549500005, 24.614449255000068], [84.70417756400008, 24.615350087000024], [84.70524989500007, 24.61630642500006], [84.70467392800003, 24.617040145000033], [84.70443995900007, 24.617481630000043], [84.70466048200007, 24.617866125000035], [84.70555017400005, 24.61879017700005], [84.70590873700007, 24.619229319000056], [84.70576291200007, 24.619838164000043], [84.70485572500007, 24.62067448700003], [84.70390548500006, 24.621162987000048], [84.70309936800004, 24.621439907000024], [84.70241842400003, 24.62132011700004], [84.70168777400005, 24.620148371000028], [84.70186678100004, 24.61987364500004], [84.70287032200008, 24.619597430000056], [84.70326756300005, 24.61910684000003], [84.70320269300004, 24.618109054000058], [84.70243538000005, 24.617420211000024], [84.70165607700005, 24.61722779100006], [84.70054944500004, 24.61736813600004], [84.69918516800004, 24.61767459200007], [84.69757294500005, 24.61824192200004], [84.69642635200006, 24.618485984000074], [84.69573040900008, 24.618415721000076], [84.69562398600004, 24.617909824000037], [84.69623442000005, 24.61720788300005], [84.69594932800004, 24.61690889600004], [84.69519196200008, 24.61622901900006], [84.69448266600006, 24.614700734000053], [84.69317767800004, 24.61279107200005], [84.69218212000004, 24.611261639000077], [84.69164998800005, 24.609901036000053], [84.69099292300007, 24.608869415000072], [84.69029958800007, 24.60823030800003], [84.68955161900004, 24.607667845000037], [84.68796952800005, 24.60702095700003], [84.68680866800008, 24.607147565000048], [84.68616073300007, 24.607397847000072], [84.68583831900008, 24.607744256000046], [84.68554857200007, 24.608478871000045], [84.68561848800005, 24.609422620000032], [84.68588472300007, 24.610597143000064], [84.68575391100006, 24.611147385000038], [84.68546021600008, 24.61168793400003], [84.68606257700003, 24.612787105000052], [84.68790128500007, 24.613462041000048], [84.68986774500007, 24.614290865000044], [84.69053701800004, 24.614808005000043], [84.69102779300005, 24.616579244000036], [84.69111947700009, 24.618191015000036], [84.69152420200004, 24.620454021000057], [84.69195979500006, 24.622432727000046], [84.69010666500003, 24.622746247000066], [84.68876824600005, 24.622790941000062], [84.68750287700004, 24.620867779000037], [84.68689656400005, 24.620621843000038], [84.68549999900006, 24.620436048000045], [84.68493899100008, 24.620000529000038], [84.68388953700008, 24.61837614600006], [84.68242359600004, 24.616055009000036], [84.68172958600007, 24.614463472000068], [84.67976495300007, 24.614343157000064], [84.67853318800007, 24.61375176400003], [84.67706713100006, 24.612577087000034], [84.67500988600005, 24.61004141500007], [84.67403524300005, 24.60830433700005], [84.67320817200005, 24.606698745000074], [84.67237700200008, 24.604899086000046], [84.67195061800004, 24.60422481200004], [84.66822750600005, 24.60429170200007], [84.66583327000006, 24.60422826300004], [84.66730407100005, 24.606459314000062], [84.66741721400007, 24.607615289000023], [84.66717773300007, 24.60921683600003], [84.66683416600006, 24.611991528000033], [84.66679377400004, 24.61323717600004], [84.66687779900008, 24.61428477800007], [84.66721442800008, 24.615170799000055], [84.66783952300005, 24.61559753100005], [84.66833888200006, 24.615455002000033], [84.66924912600007, 24.615083820000052], [84.67008670600006, 24.614423556000077], [84.67078459000004, 24.614065157000027], [84.67118760000005, 24.614463879000027], [84.67253845800008, 24.614911422000034], [84.67343450200008, 24.61440486200007], [84.67488377500007, 24.613855166000064], [84.67614773700006, 24.613882583000077], [84.67712163000004, 24.614712303000033], [84.67764784800005, 24.61627164500004], [84.67841051500005, 24.617940150000038], [84.67889812200008, 24.619309698000052], [84.67903434800007, 24.620831408000072], [84.67888403700005, 24.622401613000022], [84.67932777000004, 24.624736967000047], [84.67861129100004, 24.62593497900008], [84.67799636800004, 24.627584691000038], [84.67815635500006, 24.629327680000074], [84.67866486000008, 24.631523349000076], [84.67885748400005, 24.633695259000035], [84.67503381000006, 24.633983107000063], [84.67306319500005, 24.634025191000035], [84.67176892600008, 24.63411500600006], [84.67024591800003, 24.634533418000046], [84.66949380900007, 24.634841958000038], [84.66748672400007, 24.635276576000024], [84.66561494200005, 24.635309951000067], [84.66414915300004, 24.635105605000035], [84.66237695600006, 24.634936217000075], [84.66081548400007, 24.635142262000045], [84.66029291600006, 24.63599329400006], [84.65963350300007, 24.63760216600008], [84.65821110000007, 24.637605649000022], [84.65699477900006, 24.63791231400006], [84.65663274600007, 24.63824032200006], [84.65639770100006, 24.638844251000023], [84.65651892100004, 24.63933673200006], [84.65742837900007, 24.64022507800007], [84.65703422500007, 24.64107212400006], [84.65649486800004, 24.64128214400006], [84.65546029300003, 24.640740893000043], [84.65488690400008, 24.640851527000052], [84.65452452200003, 24.641242732000023], [84.65422380300004, 24.64217141900008], [84.65357113300007, 24.64232230300007], [84.65247829000003, 24.642611384000077], [84.65064844400007, 24.643127659000072], [84.64952256300006, 24.64310516300003], [84.64747074900004, 24.64354832300006], [84.64599999200004, 24.644363870000063], [84.64458028200005, 24.64483215000007], [84.64364954900003, 24.64530235700005], [84.64191816900006, 24.645859591000033], [84.63956728400007, 24.646865641000034], [84.63793245800008, 24.64788815000003], [84.63714210700005, 24.648918581000032], [84.63691412400004, 24.650104808000037], [84.63677219200008, 24.651855605000037], [84.63695987700004, 24.65286296200003], [84.63731737100005, 24.653491862000067], [84.63797644900006, 24.654067747000056], [84.63791945700007, 24.655638387000067], [84.63815951000004, 24.656045595000023], [84.63866130800005, 24.656449346000045], [84.63867247800005, 24.65721228600006], [84.63840222800007, 24.65793339800007], [84.63842137100005, 24.659057377000067], [84.63840274400008, 24.660867376000056], [84.63818981200006, 24.661990415000048], [84.63809880000008, 24.663425466000035], [84.63829624400006, 24.664473517000033], [84.63853652500006, 24.664844607000077], [84.63873868500008, 24.664913137000042], [84.64058510500007, 24.66411713100007], [84.64224800500006, 24.663451354000074], [84.64365761800008, 24.66306889300006], [84.64463159500008, 24.662896767000063], [84.64558507400005, 24.662868954000032], [84.64541453100009, 24.66340542000006], [84.64406073000004, 24.664510433000032], [84.64318553800007, 24.665716530000054], [84.64287145600008, 24.666306598000062], [84.64276913500004, 24.667032884000037], [84.64301739600006, 24.667792272000042], [84.64330198700003, 24.66819509000004], [84.64345529900004, 24.66917528400006], [84.64508795600005, 24.67070302700006], [84.64557439900005, 24.672284830000024], [84.64567770800005, 24.67339558200007], [84.64549109500007, 24.674193771000034], [84.64493337100004, 24.675116906000028], [84.64479991500008, 24.676159072000075], [84.64488789100005, 24.677364612000076], [84.64511495900007, 24.678435248000028], [84.64534044300007, 24.67879728500003], [84.64593332700008, 24.678786143000025], [84.64660638600003, 24.678549661000034], [84.64709395200003, 24.677824843000053], [84.64729903800009, 24.677306589000068], [84.64843359600007, 24.67662057000007], [84.64872821600005, 24.67597175700007], [84.64988553900008, 24.675687494000044], [84.64987677600004, 24.67441001800006], [84.65017003100007, 24.674050118000025], [84.65048199200004, 24.67388429400006], [84.65202260500007, 24.674030423000033], [84.65312784200006, 24.674319195000066], [84.65375463800007, 24.674443514000075], [84.65524106600003, 24.675604985000064], [84.65661781200004, 24.67696909400007], [84.65757607700004, 24.67804258900003], [84.65795024900007, 24.67830588100003], [84.65834531400003, 24.678352622000034], [84.65930995400004, 24.67806747800006], [84.66008181100005, 24.67781781800005], [84.66063489400005, 24.67787414600008], [84.66157171900005, 24.67824339300006], [84.66290325900007, 24.678749648000064], [84.66369761100003, 24.678964936000057], [84.66380510700003, 24.679227163000064], [84.66366936800006, 24.67973219600003], [84.66332020900006, 24.68043491900005], [84.66287184100008, 24.68123211300008], [84.66266243200005, 24.681660154000042], [84.66257669200007, 24.68203443500005], [84.66272386900005, 24.68224268000006], [84.66344569800003, 24.68212817700004], [84.66454436400005, 24.681735225000068], [84.66635998100008, 24.681182575000037], [84.66816947900008, 24.680900725000072], [84.67016652300003, 24.68064209700003], [84.67243510700007, 24.680443195000066], [84.67389302100008, 24.680313424000076], [84.67566380000005, 24.679846215000055], [84.67662644700005, 24.68000336700004], [84.67816563200006, 24.68047868900004], [84.67899711100006, 24.680161353000074], [84.67930057500007, 24.679693126000075], [84.67949430100003, 24.679459165000026], [84.67977110800007, 24.679419535000022], [84.68003773900006, 24.679452156000025], [84.68029943000005, 24.679484743000046], [84.68086544700003, 24.679965354000046], [84.68198436000006, 24.679432473000077], [84.68295999800006, 24.67888551200008], [84.68396393100005, 24.678659079000056], [84.68573322800006, 24.678498731000047], [84.68596142500007, 24.678300929000045], [84.68606148400005, 24.67800339000007], [84.68609892600006, 24.67737613500003], [84.68648576700008, 24.677039019000063], [84.68705528300006, 24.676729694000073], [84.68782589000006, 24.676746149000053], [84.68864594900003, 24.67674469800005], [84.68937645900007, 24.676891880000028], [84.68990870300007, 24.67717820000007], [84.69056647600007, 24.678128637000043], [84.69133198900005, 24.678176549000057], [84.69285302000003, 24.678299563000053], [84.69415123600004, 24.678543665000063], [84.69492136900004, 24.678668336000044], [84.69597898700005, 24.67969242500004], [84.69736619800005, 24.67879476400003], [84.69824727600007, 24.67840985600003], [84.69977362300006, 24.678437944000052], [84.69985688500003, 24.678614297000024], [84.69970917900008, 24.679615873000046], [84.69939270300006, 24.680824422000057], [84.69912010600007, 24.682141435000062], [84.69830830700005, 24.68362355800008], [84.69758240400006, 24.68467259600004], [84.69685620300004, 24.685793858000068], [84.69686115900004, 24.686890724000023], [84.69695627500005, 24.68773972100007], [84.69738722800008, 24.68860796200005], [84.69793545600004, 24.689760953000075], [84.69814712300007, 24.691070755000055], [84.69808358100005, 24.69203650600008], [84.69916118000003, 24.693038041000023], [84.70020350800007, 24.694224508000048], [84.70111090700004, 24.695735463000062], [84.70210123500004, 24.697517470000037], [84.70269042400008, 24.698368249000055], [84.70294204700008, 24.69844136000006], [84.70341211700008, 24.69828967600006], [84.70452286400007, 24.697390906000066], [84.70511756900004, 24.696977763000064], [84.70568152200008, 24.696812797000064], [84.70681328300003, 24.69675374700006], [84.70760754700007, 24.697027495000043], [84.70837520800006, 24.69774789400003], [84.70868670300007, 24.69771295700008], [84.70978718400005, 24.69688189200008], [84.71009845500004, 24.696873949000064], [84.71062635800007, 24.697051910000027], [84.71188647400004, 24.698184851000065], [84.71329118800008, 24.698984322000058], [84.71384446600007, 24.699017887000025], [84.71511963000006, 24.698923165000053], [84.71633463600006, 24.699035785000035], [84.71767299300006, 24.699185060000048], [84.71876433800008, 24.699351372000024], [84.71990982800008, 24.699545036000075], [84.72089893000003, 24.69931826800007], [84.72196846200006, 24.69879398200004], [84.72250967600007, 24.699342081000054], [84.72291555600003, 24.70034551200007], [84.72445890000006, 24.69993114300007], [84.72550698400005, 24.69979493200003], [84.72800758700004, 24.699681793000025], [84.72959800600006, 24.699827197000047], [84.73056142800004, 24.69986212200007], [84.73218818100008, 24.69958338300006], [84.73352413200007, 24.69913208500003], [84.73458624100004, 24.699171877000026], [84.73496907800006, 24.699809638000033], [84.73705103400005, 24.699365427000032], [84.73836660000006, 24.699067442000057], [84.74031369500005, 24.69899736600007], [84.74220610300006, 24.69899471800005], [84.74411802200007, 24.699050863000025], [84.74551493500007, 24.699389607000057], [84.74686279900004, 24.699655880000023], [84.74694669200005, 24.699696868000046], [84.74699453000005, 24.70008063000006], [84.74707747600007, 24.700333701000034], [84.74729347100003, 24.700686493000035], [84.74752974300003, 24.700922039000034], [84.74784504400003, 24.70116233600004], [84.74934014900003, 24.700418040000045], [84.75013669200007, 24.70140016000005], [84.75035698100004, 24.701929035000035], [84.75026995500008, 24.702682564000042], [84.75035006400003, 24.70366685600004], [84.75045794400006, 24.70386582200007], [84.75082845400004, 24.703880567000056], [84.75316740700003, 24.70345954000004], [84.75776596500003, 24.70262157800005], [84.76048060700003, 24.702138457000046], [84.76064398200003, 24.703321636000055], [84.76110720400004, 24.70364816800003], [84.76171452000006, 24.70375395600007], [84.76220832300004, 24.703827783000065], [84.76281517800004, 24.704059966000045], [84.76286815100008, 24.70441224500007], [84.76300413200005, 24.70504006300007], [84.76321908000006, 24.705668204000062], [84.76321659200005, 24.706322683000053], [84.76365352800008, 24.707055336000053], [84.76401289100005, 24.707408650000048], [84.76459096600007, 24.707410501000027], [84.76568791800008, 24.707414], [84.76719019300003, 24.70740532900004], [84.77041295100008, 24.707140304000063], [84.77211863600007, 24.70689297100006], [84.77269733700007, 24.706745910000052], [84.77341425800006, 24.706644312000037], [84.77423976200004, 24.706547638000075], [84.77557553300005, 24.70613660400005], [84.77607498400005, 24.706038873000068], [84.77662485600007, 24.705661474000067], [84.77846994200007, 24.705139201000065], [84.77946378900003, 24.70494369000005], [84.78017671500004, 24.704593834000036], [84.78062145900003, 24.704568162000044]]]]}}, {"type": "Feature", "properties": {"OBJECTID": 52, "BLOCK_CODE": "0020", "NEAR_TOWN": "GAYA", "BLK_NAME": "TANKUPPA", "DIST_NAME": "GAYA"}, "geometry": {"type": "MultiPolygon", "coordinates": [[[[85.16214482300006, 24.74411580700007], [85.16238688400006, 24.74361465000004], [85.16269796700004, 24.742576393000036], [85.16247528300005, 24.74172330300007], [85.16773321100004, 24.738535065000065], [85.17009525500004, 24.737405937000062], [85.17039699100008, 24.737848159000066], [85.17043666500007, 24.738313077000043], [85.17188061300004, 24.74007760300003], [85.17220683800008, 24.74019038700004], [85.17350650700007, 24.73959864400007], [85.17551815000007, 24.739521197000045], [85.17622920300005, 24.737932113000056], [85.17791923900006, 24.737263477000056], [85.17958467900007, 24.736928775000024], [85.18005444600004, 24.737429731000077], [85.18096443800005, 24.738634572000024], [85.18250740600007, 24.740624609000065], [85.18326410100008, 24.741603905000034], [85.18502889200005, 24.74197333500007], [85.18513198200003, 24.740659745000073], [85.18494892000007, 24.74028514300005], [85.18436050300005, 24.739806891000057], [85.18425637200005, 24.73900797300007], [85.18458221400005, 24.738172767000037], [85.18424060200005, 24.737057917000072], [85.18403758000005, 24.73622298500004], [85.18366619100004, 24.734724507000067], [85.18317669400005, 24.73425969300007], [85.18149092200008, 24.73342530000008], [85.18176225600007, 24.73227860800006], [85.18176169500003, 24.73114565800006], [85.18157331200007, 24.729922378000026], [85.18259148600004, 24.730143260000034], [85.18352548300004, 24.729939775000048], [85.18521089300003, 24.730088], [85.18590300800008, 24.730624947000024], [85.18683715700007, 24.730755395000074], [85.18785556300008, 24.731296651000036], [85.18866611600004, 24.731206089000068], [85.18911108700007, 24.731612134000045], [85.18992673700006, 24.731927764000034], [85.19179498700004, 24.73202176700005], [85.19262533900007, 24.732134209000037], [85.19616391300008, 24.732024227000068], [85.19616290800008, 24.730259298000078], [85.19593965600006, 24.72871559200007], [85.19567240800006, 24.728047649000075], [85.19553820100003, 24.72667552100006], [85.19502784000008, 24.724373608000064], [85.19410655400003, 24.720699669000055], [85.19366182600004, 24.720663796000053], [85.19335504000009, 24.72005006100005], [85.19341357700006, 24.718659736000063], [85.19727333100008, 24.718991886000026], [85.19733649400007, 24.718997320000028], [85.19763940400009, 24.719732040000054], [85.19773361000006, 24.72027370400008], [85.20072752800007, 24.71888186600006], [85.20201196700003, 24.71820866300004], [85.20339057600006, 24.71799125000007], [85.20415148000006, 24.717765193000048], [85.20613785400008, 24.71744819500003], [85.20794636200003, 24.717262104000042], [85.20906789800006, 24.71691844700007], [85.21032759100007, 24.71621348800005], [85.21118235200004, 24.71606409800006], [85.21141465600004, 24.71610005100007], [85.21164698700005, 24.716136007000046], [85.21233891100007, 24.716266563000033], [85.21301084200007, 24.71613522800004], [85.21365801100006, 24.71589564900006], [85.21506132600007, 24.715619438000033], [85.21678547100004, 24.71504510500006], [85.21800548600004, 24.714263483000025], [85.21788160800008, 24.713780504000056], [85.21800943400007, 24.71298599800008], [85.21753937500006, 24.712151198000072], [85.21821090800006, 24.711473719000026], [85.21843289700007, 24.710954436000065], [85.21830879800007, 24.71023230000003], [85.21800710800005, 24.70980370600006], [85.21764499500006, 24.70800730600007], [85.21774361600006, 24.707691286000056], [85.21827210200007, 24.707411112000045], [85.21867730700006, 24.707410847000062], [85.21932965600007, 24.707541328000048], [85.21991791700003, 24.707807286000047], [85.22034288900005, 24.707806993000077], [85.22078784100006, 24.708100186000024], [85.22117329800005, 24.708194739000078], [85.22690124000007, 24.70331584400003], [85.22586069100004, 24.69974604500004], [85.22549404300008, 24.69845071000003], [85.22532524400003, 24.697480331000065], [85.22542339600005, 24.696627119000027], [85.22449308200004, 24.694885361000047], [85.22492349500004, 24.689441267000063], [85.22519360000007, 24.687436880000064], [85.22408660600007, 24.686932038000066], [85.22371485600007, 24.68549231800006], [85.22345194400003, 24.68414278800003], [85.22341054500004, 24.68173235000006], [85.22336010300006, 24.680477513000028], [85.22301387200008, 24.67993149700004], [85.22280584500004, 24.67929520900003], [85.22223676100003, 24.677968486000054], [85.22215117800005, 24.675964263000026], [85.22194717800005, 24.674073040000053], [85.22168015700004, 24.67373918100003], [85.22119104800004, 24.67372147800006], [85.22062799600008, 24.67381213500005], [85.21932941200004, 24.674697620000074], [85.21773956900006, 24.675845202000062], [85.21631758400008, 24.67686621300004], [85.21485087200006, 24.67758027600007], [85.21307751600006, 24.67776647900007], [85.21237617100007, 24.677938340000026], [85.21194150900004, 24.678182347000075], [85.21145296700007, 24.67882368200003], [85.21114205400005, 24.67927521400003], [85.21116213300007, 24.679731124000057], [85.21062393000005, 24.680236956000044], [85.20969525100008, 24.680350341000064], [85.20806444200008, 24.679520739000054], [85.20719996100007, 24.679593431000058], [85.20542197700007, 24.68046108300007], [85.20410299500008, 24.680502395000076], [85.20143963100008, 24.67963259000004], [85.20032330700008, 24.67991301400008], [85.19973066000006, 24.680242835000058], [85.19900939800004, 24.680301804000067], [85.19812001500009, 24.680017918000033], [85.19713181600008, 24.679806179000025], [85.19634653000008, 24.68005486800007], [85.19533382600008, 24.680150085000037], [85.19422192800005, 24.67963147100005], [85.19410188800003, 24.67695025300003], [85.19400293000007, 24.676634363000062], [85.19400150500007, 24.67410650000005], [85.19384264400009, 24.67269372100003], [85.19325840700003, 24.67025643200003], [85.19323787500008, 24.66896087500004], [85.19305472500008, 24.668274884000027], [85.19302968000005, 24.66762935400004], [85.19324685200007, 24.667322342000034], [85.19365636700007, 24.666455432000078], [85.19412973400006, 24.664852748000044], [85.19392348700006, 24.664440440000078], [85.19342826900004, 24.66485307800008], [85.19301851200004, 24.665191822000054], [85.19190251800006, 24.66588749500005], [85.19089003300007, 24.666190338000035], [85.18944764700007, 24.666172947000064], [85.18831142000005, 24.66601994100006], [85.18629102500006, 24.665849236000042], [85.18556478600004, 24.66577279100005], [85.18544147800003, 24.66607525200004], [85.18525934600007, 24.667357266000067], [85.18474072500004, 24.667547085000024], [85.18317482200007, 24.667507073000024], [85.18065555800007, 24.667431286000067], [85.18005683300004, 24.66527837900003], [85.17966112700003, 24.663978480000026], [85.17922075000007, 24.662294892000034], [85.18049940200007, 24.66072811300006], [85.18105702400004, 24.65971226100004], [85.18093733100005, 24.656994806000057], [85.18130710800006, 24.655617949000032], [85.18164287100007, 24.655279234000034], [85.18587499400007, 24.65358036400005], [85.18565189500003, 24.652014034000047], [85.18567555100003, 24.649829321000027], [85.18557593300005, 24.64815012200006], [85.18574365400008, 24.64762192200004], [85.18557550500003, 24.64730144400005], [85.18495812600008, 24.647319822000043], [85.18493822400006, 24.64684584300005], [85.18474530000003, 24.646268144000032], [85.18424620000008, 24.645816920000073], [85.18275963100007, 24.64583550800006], [85.18156425000006, 24.645515483000054], [85.18065552900003, 24.64556547500007], [85.18094628500006, 24.64413442600005], [85.18100958500008, 24.642211407000048], [85.18105332600004, 24.640496150000047], [85.18100855100005, 24.63983709000007], [85.18156653400007, 24.639633701000037], [85.18189699800007, 24.638748835000058], [85.18229202400005, 24.63865392400004], [85.18249466700007, 24.63901046600006], [85.18251477800004, 24.639710156000035], [85.18396157600006, 24.639181404000055], [85.18313113000005, 24.637597354000036], [85.18226625700004, 24.636351835000028], [85.18160392000004, 24.635029390000057], [85.18071447900007, 24.633991519000062], [85.17919290600008, 24.63263336800003], [85.17834798500007, 24.631518718000052], [85.17691153500004, 24.629135553000026], [85.17675666400004, 24.628878605000068], [85.17547783400005, 24.629140834000054], [85.17473303100007, 24.631289706000075], [85.17409634300003, 24.632174707000047], [85.17281755600004, 24.63300571600007], [85.17159823600008, 24.63410299800006], [85.17058612800008, 24.63479393700004], [85.17077402900009, 24.63550706700005], [85.17093741300005, 24.63669870900003], [85.17054299900008, 24.638499891000038], [85.17082957400004, 24.63881134500008], [85.17097795400008, 24.639325880000058], [85.17082996000005, 24.63975924600004], [85.17083009500004, 24.64017907300007], [85.17214363600004, 24.63991231400007], [85.17524010900007, 24.639739805000033], [85.17565506600005, 24.639969918000077], [85.17599112400006, 24.64044368900005], [85.17621866400003, 24.641341950000026], [85.17555219600007, 24.642023796000046], [85.17407591900007, 24.642976696000062], [85.17217999800005, 24.644403758000067], [85.17053579500003, 24.645636617000036], [85.16995337500003, 24.646625352000058], [85.16926688300003, 24.64670227700003], [85.16835317300007, 24.646625779000033], [85.16733090700006, 24.64692852400003], [85.16648162900003, 24.647651004000068], [85.16466461300007, 24.649226872000042], [85.16362300500003, 24.650919905000023], [85.16322761000004, 24.65017521200008], [85.16233346400008, 24.649471180000035], [85.16160726800007, 24.64918696700005], [85.15946373600008, 24.649183019000077], [85.15917243800004, 24.649354549000066], [85.15780920800006, 24.649372911000057], [85.15726600200009, 24.649567148000074], [85.15461872900005, 24.650005530000044], [85.15451482500004, 24.649278797000022], [85.15296407100004, 24.649392016000036], [85.15294900600009, 24.648376346000077], [85.15154135400007, 24.648259236000058], [85.15164484300004, 24.647243564000064], [85.15026196100007, 24.64724381600007], [85.15011346900008, 24.645596183000066], [85.14999432100007, 24.64301421600004], [85.15020641800004, 24.641750220000063], [85.15007748400006, 24.63878007200003], [85.14989428100006, 24.636861631000045], [85.14970631300008, 24.635232079000048], [85.14941441400003, 24.632415422000065], [85.14935481600008, 24.631034102000058], [85.14891509100005, 24.629558063000047], [85.14966563300004, 24.629539890000046], [85.15109264800003, 24.628849038000055], [85.15229241000003, 24.627562329000057], [85.15384284400005, 24.627178351000055], [85.15369894500003, 24.62391922000006], [85.15318004800008, 24.622407143000032], [85.15263156200007, 24.620583552000028], [85.15064153200007, 24.620678745000077], [85.14913061300007, 24.621161978000032], [85.14827147200003, 24.62111698600006], [85.14642471500008, 24.621519008000064], [85.14552599400008, 24.621424283000067], [85.14418288000007, 24.621234942000058], [85.14244470100004, 24.621325397000078], [85.14126952400005, 24.621727236000027], [85.13930420400004, 24.621727486000054], [85.13805001700007, 24.62155152400004], [85.13792159600007, 24.62142968200004], [85.13777337400006, 24.620594596000046], [85.13720029900009, 24.61841431600004], [85.13626199900006, 24.617069289000028], [85.13556085200008, 24.616992518000075], [85.13522012900006, 24.616717263000055], [85.13526947700007, 24.616067216000033], [85.13495329000006, 24.61514633300004], [85.13439538800003, 24.614979379000033], [85.13405456700008, 24.614302259000056], [85.13442490100005, 24.614008832000025], [85.13463723500007, 24.61400885000006], [85.13511126100008, 24.614202920000025], [85.13577295200008, 24.61454145500005], [85.13622721700006, 24.614568507000058], [85.13664698300005, 24.614857339000025], [85.13730857300004, 24.61485729800006], [85.13829119500008, 24.614694719000056], [85.13897752900004, 24.614789476000055], [85.13932312300005, 24.614184545000057], [85.13975255000008, 24.61306955500004], [85.13951548600005, 24.612609080000027], [85.14004375100006, 24.612329164000073], [85.13981651000006, 24.611859794000054], [85.14086806100005, 24.610365476000027], [85.14089268900005, 24.60997282900007], [85.14039399000006, 24.60981940000005], [85.14043828400008, 24.608952645000045], [85.14085301000006, 24.608406392000063], [85.14128747500007, 24.608140012000035], [85.14165767400004, 24.607611918000032], [85.14163287200006, 24.607079226000053], [85.14214140800004, 24.606338853000068], [85.14207705500007, 24.60534582200006], [85.14184482500008, 24.604587426000023], [85.14144481300008, 24.603788473000066], [85.14082764500006, 24.603612559000055], [85.13974148100004, 24.603612595000072], [85.13927242000005, 24.603824848000045], [85.13891204900006, 24.60378877900007], [85.13873922200008, 24.603536029000054], [85.13871936900006, 24.60285438300008], [85.13837867300003, 24.60257904100007], [85.13829458200007, 24.601567871000043], [85.13861048800004, 24.600479974000052], [85.13871902400007, 24.599753230000033], [85.13882752000006, 24.599247690000027], [85.13859532400005, 24.597572970000044], [85.13829905100005, 24.596579932000054], [85.13674386600007, 24.597013400000037], [85.13497155400006, 24.59723021600007], [85.13523800800004, 24.595293619000074], [85.13518356700007, 24.594156070000054], [85.13521314600007, 24.593551176000062], [85.13547959800007, 24.592630303000078], [85.13545493400005, 24.592075124000075], [85.13561290300004, 24.59193065000005], [85.13545480200008, 24.591149780000023], [85.13396395600006, 24.591244621000044], [85.13324318600007, 24.59195334900005], [85.13194995500004, 24.59408409200006], [85.13150074700008, 24.595226167000078], [85.13078494400008, 24.596404299000028], [85.12986672900007, 24.59713561500007], [85.12917055400004, 24.597474155000043], [85.12605537600007, 24.59789855300005], [85.12679101500004, 24.599659072000065], [85.12693414000006, 24.600444499000048], [85.12671205100008, 24.60146917900005], [85.12638621700006, 24.602254643000038], [85.12569008600008, 24.602701508000052], [85.12494950100006, 24.60296328800007], [85.12356209700005, 24.603225112000075], [85.12239202500007, 24.602909143000034], [85.12149341600008, 24.602304254000046], [85.12094052100008, 24.60114412200005], [85.11911865200005, 24.602268026000047], [85.11584548700006, 24.59900420400004], [85.11419165600006, 24.59792068400003], [85.11390018400004, 24.59992043400007], [85.11050359300003, 24.599238453000055], [85.10835103900007, 24.599351124000066], [85.10753624200004, 24.600754911000024], [85.10724476900003, 24.602063956000052], [85.10683479900007, 24.60343165200004], [85.10662728400007, 24.604126731000065], [85.10582728500003, 24.605079138000065], [85.10531374000004, 24.605449194000073], [85.10472132400008, 24.605489739000063], [85.10517055300005, 24.606054063000045], [85.10600972000003, 24.60701119600003], [85.10613310700006, 24.607426475000068], [85.10586638900008, 24.607968093000068], [85.10539234600003, 24.608396907000042], [85.10541201200004, 24.608938522000074], [85.10455266300005, 24.61022491700004], [85.10446863500005, 24.610807280000074], [85.10479451200007, 24.611032975000057], [85.10606340700008, 24.611281405000057], [85.10696701700004, 24.610961065000026], [85.10752005600006, 24.610961157000077], [85.10854202700006, 24.611317804000066], [85.10921846800005, 24.611895680000032], [85.11027997900004, 24.612288500000034], [85.11333140900007, 24.611733612000023], [85.11419058500007, 24.611715595000078], [85.11454108800007, 24.61261391200003], [85.11494089300004, 24.614410500000076], [85.11553827100005, 24.616076245000045], [85.11608619600008, 24.618437080000035], [85.11657009100009, 24.61904204700005], [85.11714766400007, 24.620500049000043], [85.11587367100003, 24.62122677700006], [85.11538475700007, 24.621786474000032], [85.11556744600006, 24.622838224000077], [85.11485143200008, 24.623118111000053], [85.11421439800006, 24.623361747000047], [85.11343908300006, 24.623361685000077], [85.11300947000007, 24.623623490000057], [85.11238720000006, 24.624183180000045], [85.11161187400006, 24.624408822000078], [85.10986883700008, 24.624124292000033], [85.10886636500004, 24.62414224200006], [85.10608634900007, 24.62354150400006], [85.10189402000003, 24.623179853000067], [85.10132844800006, 24.624096118000068], [85.10076290500007, 24.625012320000053], [85.10041698500004, 24.62632129700006], [85.10201664700008, 24.627684798000075], [85.10248574700006, 24.628339401000062], [85.10326084000008, 24.62925592000005], [85.10283099800006, 24.630379833000063], [85.09890002800006, 24.630731257000036], [85.09728031400005, 24.630861866000032], [85.09610967200007, 24.63179606600005], [85.09555638700004, 24.632563359000073], [85.09506233500008, 24.633872335000035], [85.09512126400006, 24.635091072000023], [85.09495818200008, 24.635727536000047], [85.09446430000008, 24.635569469000075], [85.09317526900008, 24.635907717000066], [85.09223685400008, 24.636431152000057], [85.09234949300009, 24.640083032000064], [85.09245786800005, 24.641306306000047], [85.09221078500008, 24.641906664000032], [85.09090162400008, 24.643292117000044], [85.09108889600003, 24.644894649000037], [85.09074803900006, 24.64530085800004], [85.08879130800005, 24.648356381000042], [85.08782296100009, 24.64958388100007], [85.08703744900004, 24.650283443000035], [85.08699228800003, 24.65263968800008], [85.08739174900006, 24.654806492000034], [85.08777669600005, 24.655835826000043], [85.08892716500003, 24.656987194000067], [85.09086314800004, 24.65812062400005], [85.09130755600006, 24.65862627300004], [85.09226539200006, 24.66026055100008], [85.09305525500008, 24.66200318600005], [85.09335636700007, 24.66293762300006], [85.09424508900008, 24.664495127000066], [85.09458580100005, 24.664960158000042], [85.09746050400008, 24.665922167000076], [85.09872994300008, 24.666387334000035], [85.09949041500005, 24.66762430600005], [85.09969755100008, 24.668974013000025], [85.09999333300004, 24.67214295100007], [85.09978083300007, 24.672838073000037], [85.10191972200005, 24.673565104000033], [85.10275954700006, 24.67348856900003], [85.10436005100007, 24.67331267800006], [85.10544190300004, 24.673466352000048], [85.10829708100005, 24.67506466800006], [85.10909231000005, 24.675908813000035], [85.10947245700004, 24.67803501700007], [85.11045041700004, 24.679529221000053], [85.11093440700006, 24.68056295300005], [85.11118628300005, 24.681926176000047], [85.11041048600003, 24.68311333200006], [85.11061293700004, 24.68405220300008], [85.11000522300003, 24.68466610200005], [85.10961002400006, 24.684512546000065], [85.10822161700008, 24.685604837000028], [85.10750997300005, 24.686715135000043], [85.10738141000007, 24.68783006500007], [85.10771225300005, 24.688922495000043], [85.10748003800006, 24.689631175000045], [85.10668454500006, 24.68993805200006], [85.10613607800008, 24.68980255400004], [85.10563715900008, 24.689518104000058], [85.10475279100007, 24.689549603000046], [85.10418946900006, 24.689743571000065], [85.10374475900005, 24.690334910000047], [85.10301336800006, 24.69140907900004], [85.10204987000003, 24.691733930000055], [85.10065662200003, 24.691634384000054], [85.09927339800004, 24.690866767000045], [85.09541498800007, 24.689408037000078], [85.09243568300008, 24.69001686000007], [85.09041963700008, 24.69081989600005], [85.08954023400008, 24.69066615500003], [85.08332392800008, 24.693761136000035], [85.08244403800006, 24.69494806700004], [85.08177207500006, 24.695178145000057], [85.08042786900006, 24.695981190000055], [85.07963201000007, 24.696901857000057], [85.07907817900008, 24.698282908000067], [85.07920638900003, 24.698779475000038], [85.07884050000007, 24.699524199000052], [85.07818829400009, 24.69969096400007], [85.07755067900007, 24.70017378700004], [85.07666124200006, 24.700214132000042], [85.07634500100005, 24.70048489000004], [85.07607294800005, 24.701234070000055], [85.07579563800005, 24.702777814000058], [85.07520194400007, 24.704538054000068], [85.07424793700005, 24.705521747000034], [85.07401549200006, 24.706040780000023], [85.07309485100006, 24.709832241000072], [85.07245728100008, 24.71029237500005], [85.07095456800005, 24.711298516000056], [85.06885905400009, 24.712241127000027], [85.06870540100005, 24.71320703400005], [85.06931670500006, 24.716470886000025], [85.06916818200006, 24.71707568100004], [85.06865906300004, 24.717305777000036], [85.06819462200008, 24.71730556700004], [85.06751783300007, 24.716799756000057], [85.06639661400004, 24.71554437700007], [85.06584818200008, 24.71531403000006], [85.06510691500006, 24.715349805000074], [85.06390170400005, 24.71430656600006], [85.06270111400005, 24.713782468000034], [85.06164334000005, 24.714260497000055], [85.06132667000008, 24.71509098000007], [85.06119739300004, 24.71667533300007], [85.06077200200008, 24.717559866000045], [85.06020366200005, 24.717582203000063], [85.05939290600008, 24.718218299000057], [85.05954050000008, 24.719455193000044], [85.05943644900003, 24.720032907000075], [85.05708879000008, 24.72061420400007], [85.05634723800006, 24.721128436000072], [85.05630205400007, 24.722329091000063], [85.05701790100005, 24.72371068500007], [85.05830769100004, 24.72386478900006], [85.06188574000004, 24.723748942000043], [85.06452978000004, 24.72358308200006], [85.06629897000005, 24.723583740000038], [85.06881958100007, 24.72312430200003], [85.07004512900005, 24.72320146900006], [85.07112228000005, 24.72378420000007], [85.07290071200003, 24.725369194000052], [85.07228743500008, 24.726452386000062], [85.07154564900009, 24.727783652000028], [85.07172742400007, 24.73019868600005], [85.07188009400005, 24.73151232300006], [85.07253181000004, 24.733277533000035], [85.07009515600004, 24.733236060000024], [85.06917080600005, 24.733655485000043], [85.06841984200008, 24.73308191800004], [85.06602241000007, 24.733843883000077], [85.06594288300005, 24.73484142800004], [85.06480587000004, 24.73533745700007], [85.06510209300006, 24.73602823500005], [85.06594213400007, 24.736448362000033], [85.06732553600006, 24.737599963000036], [85.06803157300004, 24.73921628200003], [85.06916294300004, 24.74021428800006], [85.07197510500004, 24.740865264000035], [85.07306717400007, 24.741402813000036], [85.07251735900007, 24.74431412200005], [85.07285259800005, 24.74638618700004], [85.07406295800007, 24.748038674000043], [85.07418606900006, 24.749225869000043], [85.07443807000004, 24.749302700000044], [85.07611442900009, 24.747655647000045], [85.07838917900006, 24.744821668000043], [85.08015370300006, 24.74490349100006], [85.08187394600003, 24.744633091000026], [85.08200357100003, 24.741378610000027], [85.08233984000003, 24.74072413700003], [85.09086150800005, 24.738780881000025], [85.09458844600005, 24.73746811700005], [85.09503767700005, 24.739783828000043], [85.09649922300008, 24.746839484000077], [85.09540147800004, 24.748486814000046], [85.09523006600006, 24.750495061000038], [85.09510256300007, 24.75167154500008], [85.09419081300007, 24.753426490000038], [85.09283177800006, 24.753203899000027], [85.09147265100006, 24.752981282000064], [85.09002910800007, 24.753128697000022], [85.08853496800003, 24.754151742000033], [85.08661191300007, 24.75429412400007], [85.08519792500005, 24.754418962000045], [85.08365122300006, 24.754024533000063], [85.08295495000004, 24.75348663400007], [85.08183293900004, 24.753435721000073], [85.08161940800005, 24.75416675200006], [85.08172399300008, 24.757290425000065], [85.08113473900005, 24.75802102800003], [85.07963541800007, 24.759143368000025], [85.07707724700003, 24.760357202000023], [85.07861304300008, 24.762116857000024], [85.07997072300003, 24.763391349000074], [85.08206508300003, 24.764702729000078], [85.08207853600004, 24.76470937000005], [85.08465878800007, 24.765983066000047], [85.08617044500005, 24.76676565200006], [85.08828478100008, 24.76798214200005], [85.08914932400006, 24.768506727000045], [85.09021640100008, 24.769085610000047], [85.09079983100008, 24.76904111500005], [85.09157605000007, 24.769041935000075], [85.09186692400004, 24.76962007800006], [85.09230111500005, 24.770329186000026], [85.09415274000008, 24.76824567500006], [85.09658317500003, 24.765720447000035], [85.09906225100008, 24.76381355600006], [85.09927588000005, 24.76290645000006], [85.09858416200007, 24.762562665000075], [85.09762489000008, 24.762755862000063], [85.09719510200006, 24.76251166000003], [85.09773040100004, 24.761343073000035], [85.09885441400007, 24.75983204000005], [85.09949869700006, 24.758514657000035], [85.10077988300003, 24.75773954400006], [85.10115613200009, 24.75725238800004], [85.10126072600008, 24.75661604000004], [85.10147405400005, 24.755984295000076], [85.10179589100005, 24.755542235000064], [85.10120868100006, 24.754665940000052], [85.10153058900005, 24.754129083000066], [85.10307802400007, 24.753986229000077], [85.10345367500008, 24.753936950000025], [85.10387960100007, 24.753255697000043], [85.10403653000003, 24.750497017000043], [85.10395756000008, 24.749404646000073], [85.10404175400004, 24.748646260000044], [85.10460532400003, 24.748091171000056], [85.10464986900007, 24.747332807000078], [85.10717085000005, 24.74714810300003], [85.10885634400006, 24.746881961000042], [85.11035413800005, 24.746444220000058], [85.11126844800003, 24.747229773000072], [85.11216314300003, 24.747229875000073], [85.11260315400006, 24.74680561400004], [85.11414037900005, 24.746142114000065], [85.11524756800009, 24.74602939300007], [85.11726427700006, 24.745709058000045], [85.11739281400008, 24.745004833000053], [85.11770423200005, 24.74479726100003], [85.11872252400008, 24.744892073000074], [85.11901411800005, 24.744797272000028], [85.11928599800007, 24.743596619000073], [85.11988901400008, 24.74285628000007], [85.12018568900004, 24.74254898600003], [85.12047726700007, 24.742246969000064], [85.12074912700007, 24.74179104700005], [85.12108024400004, 24.741678255000068], [85.12152022400005, 24.74180910900003], [85.12193538800005, 24.742210895000028], [85.12237035200008, 24.742648780000025], [85.12303261100004, 24.743601183000067], [85.12286455300006, 24.744950861000063], [85.12361583000006, 24.745731809000063], [85.12357132600005, 24.747460620000027], [85.12200938800004, 24.748088001000042], [85.12151011900005, 24.748485239000047], [85.12132227600006, 24.748900508000077], [85.12156949300004, 24.749509900000078], [85.12172758300005, 24.750503001000027], [85.12160668700005, 24.752373728000066], [85.12432521800008, 24.752511438000056], [85.12873983100008, 24.752027620000035], [85.13063825500006, 24.751807961000054], [85.13075999700004, 24.75115130200004], [85.13088173900007, 24.750494642000035], [85.13091663200004, 24.750006420000034], [85.13062991800007, 24.74967242500003], [85.13105497400005, 24.747853290000023], [85.13185079000004, 24.747984160000044], [85.13222146000004, 24.746963983000057], [85.13295294000005, 24.746413240000038], [85.13500426100006, 24.746336387000042], [85.13636352100008, 24.745948052000074], [85.13683305500007, 24.745853279000073], [85.13784632500006, 24.745798982000053], [85.13910671000008, 24.74573119400003], [85.14077238100003, 24.745415061000074], [85.14278417700007, 24.745414779000043], [85.14341675300005, 24.74509879200008], [85.14446956000006, 24.744936084000074], [85.14789984300006, 24.74464225500003], [85.15141411900004, 24.74456940700003], [85.15671768000004, 24.74420275600005], [85.16214482300006, 24.74411580700007]]]]}}, {"type": "Feature", "properties": {"OBJECTID": 53, "BLOCK_CODE": "0019", "NEAR_TOWN": "GAYA", "BLK_NAME": "BODH GAYA", "DIST_NAME": "GAYA"}, "geometry": {"type": "MultiPolygon", "coordinates": [[[[84.92297590800007, 24.752983304000054], [84.92465708400005, 24.752797353000062], [84.92524030900006, 24.75279862700006], [84.92425335900003, 24.75048422200007], [84.92429830300006, 24.75007469700006], [84.92466236600006, 24.74883410500007], [84.92461103300008, 24.747664903000043], [84.92447766800007, 24.745741740000028], [84.92410509300004, 24.744562802000075], [84.92422003000007, 24.744084531000055], [84.92377624100004, 24.743677344000048], [84.92300048300007, 24.74354928100007], [84.92236337800006, 24.74336732100005], [84.92130661200008, 24.743012944000043], [84.92039300700003, 24.742703922000032], [84.91981068400008, 24.742350611000063], [84.91934219700005, 24.741943278000065], [84.91873814300004, 24.740470479000066], [84.91800576000009, 24.738938576000066], [84.91786889800005, 24.738356045000046], [84.91714976600008, 24.73741549300007], [84.91662555600004, 24.735644895000064], [84.91607523100004, 24.734451983000042], [84.91573312400004, 24.732993298000054], [84.91531527200004, 24.732157270000073], [84.91462934500004, 24.72989879200003], [84.91466186500008, 24.72883358400003], [84.91617703900005, 24.72778523200003], [84.91781556000007, 24.72675061800004], [84.91906769400003, 24.726067313000044], [84.91989832700006, 24.72594270700006], [84.92051180100003, 24.72569126600007], [84.92098187200008, 24.72546660000006], [84.92172912400008, 24.725084588000072], [84.92304875400004, 24.72506945600003], [84.92404871000008, 24.72441258400005], [84.92571418200004, 24.724416233000056], [84.92695906100005, 24.72462196400005], [84.92684831800005, 24.72538015400005], [84.92676104200007, 24.72664830900004], [84.92634328500003, 24.72768566600007], [84.92615015200005, 24.727838676000033], [84.92586880600004, 24.72768461000004], [84.92559273600006, 24.727431253000077], [84.92517839100003, 24.72712786900007], [84.92490135600008, 24.72719954300004], [84.92489999300005, 24.727759218000074], [84.92528943600007, 24.728139213000077], [84.92575887200007, 24.728140248000045], [84.92650448300003, 24.72839463400004], [84.92681009700004, 24.728697711000052], [84.92711646300006, 24.728725508000025], [84.92750680500006, 24.72877595400007], [84.92747581500004, 24.729286002000038], [84.92719730800007, 24.729967011000042], [84.92750236900008, 24.73050031300005], [84.92799523400004, 24.73102042800008], [84.92857217700004, 24.733481778000055], [84.92851393900008, 24.73497571100006], [84.92826661700008, 24.73505196700006], [84.92776833000005, 24.73469876400003], [84.92726925900007, 24.734643594000033], [84.92718444000008, 24.734972870000036], [84.92740529900004, 24.735582742000076], [84.92778905500006, 24.736242589000028], [84.92805045100005, 24.736459839000076], [84.92902334000007, 24.736768856000026], [84.93042196000005, 24.73683506100008], [84.93142031200006, 24.736837225000045], [84.93225001100006, 24.737091751000037], [84.93266485200007, 24.737196398000037], [84.93352534500008, 24.73701770400004], [84.93424788100003, 24.73664001700007], [84.93438872800004, 24.735678841000038], [84.93496290400003, 24.733364460000075], [84.93571455600005, 24.733212542000047], [84.93704349500007, 24.733445536000033], [84.93759675400008, 24.73354601400007], [84.93804113400006, 24.73370036600005], [84.93864951900008, 24.733521147000033], [84.93884823800005, 24.733119771000077], [84.93901285800007, 24.732510740000066], [84.93929087600003, 24.73197868400007], [84.93937529100003, 24.73185244600006], [84.94009728600008, 24.731650882000054], [84.94059469900003, 24.732387665000033], [84.94120737800006, 24.732438599000034], [84.94181503800007, 24.732566245000044], [84.94497803600007, 24.732572636000043], [84.94626855400008, 24.732336046000057], [84.94660101100004, 24.731804071000056], [84.94671648900004, 24.73104599000004], [84.94727090000003, 24.73071757400004], [84.94749405700009, 24.73038854500004], [84.94813150900006, 24.73041240200007], [84.94884721800008, 24.73082912900003], [84.94856858600008, 24.73156435100003], [84.94762159700008, 24.73283081200003], [84.94742732200007, 24.733462360000033], [84.94748061000007, 24.733895829000062], [84.94826982500007, 24.73454741100005], [84.94851608500005, 24.734899977000055], [84.94890586600008, 24.735207681000077], [84.94921120200007, 24.735664198000052], [84.94890324600004, 24.73629552600005], [84.94923250400007, 24.737059050000028], [84.95012238900006, 24.736984153000037], [84.95136767100007, 24.73708595100004], [84.95186728100003, 24.736910909000073], [84.95225831600004, 24.73665883900003], [84.95372613100005, 24.73671146500004], [84.95458591000005, 24.736789877000035], [84.95528209600008, 24.737093709000078], [84.95627976900005, 24.737402589000055], [84.95767851300008, 24.73741889100006], [84.95909758700003, 24.737146280000047], [84.95970589100006, 24.73699397200005], [84.96053689100006, 24.736715755000034], [84.96103557800006, 24.736919791000048], [84.96120289500004, 24.737222553000038], [84.96128515000004, 24.73800818500007], [84.96130792000008, 24.738870349000024], [84.96394723100008, 24.738875423000025], [84.96661144600006, 24.73879922800006], [84.96785725400008, 24.73865261000003], [84.96874694200005, 24.738676919000056], [84.96974546600006, 24.73860200100006], [84.97118400800008, 24.738478348000058], [84.97179728300006, 24.738303447000078], [84.97182370500008, 24.737517999000033], [84.97166224700004, 24.736809081000047], [84.97177228000004, 24.736226921000025], [84.97147280600007, 24.735287543000027], [84.97123848300004, 24.733982553000033], [84.97154680500006, 24.733120953000025], [84.97329180200006, 24.73300232200006], [84.97381620300007, 24.732773070000064], [84.97456796000006, 24.73249456700006], [84.97523669100008, 24.73181423400007], [84.97620607900006, 24.731509080000023], [84.97763579900004, 24.730839092000053], [84.97885681100007, 24.73074200700006], [84.97980134800008, 24.730490970000062], [84.98129880900007, 24.730466559000035], [84.98193668300007, 24.730318733000047], [84.98304916500007, 24.73011761600003], [84.98396380300005, 24.729938637000032], [84.98482433400005, 24.729664858000035], [84.98554576200007, 24.72976544000005], [84.98601437800005, 24.730195053000045], [84.98629882100005, 24.733553916000062], [84.98919509100006, 24.733568025000068], [84.99052999900005, 24.733317558000067], [84.99099810900003, 24.73402703900007], [84.99066559000005, 24.73468550700005], [84.99052628500004, 24.735114143000033], [84.99068836600009, 24.73559732700005], [84.99435094500006, 24.73550436800008], [84.99498819700005, 24.735654431000057], [84.99587778200004, 24.735710091000044], [84.99684675900005, 24.735558295000033], [84.99734583200006, 24.735635811000066], [84.99765177500007, 24.735862005000058], [84.99784004600008, 24.736112555000034], [84.99982718500007, 24.735906553000063], [85.00230393700008, 24.73523149700003], [85.00325337400005, 24.73471770200007], [85.00526609100007, 24.733500588000027], [85.00749642000005, 24.73209397900007], [85.01170237600007, 24.73207913400006], [85.01466253400008, 24.73243347500005], [85.01525563500007, 24.732415846000038], [85.01613055300004, 24.732222398000033], [85.01536337600004, 24.733476723000024], [85.01518968700003, 24.734343254000066], [85.01552960900005, 24.73562098900004], [85.01558674300009, 24.738094638000064], [85.01530836500007, 24.739949634000027], [85.01540630400007, 24.741015065000056], [85.01480625800008, 24.743253520000053], [85.01438394000007, 24.745686188000036], [85.01449786900008, 24.750491056000044], [85.01456424500003, 24.752004300000067], [85.01849971200005, 24.751617714000076], [85.02200945700008, 24.751492237000036], [85.02408558000008, 24.751495374000058], [85.02558873100008, 24.75123581200006], [85.02848820200006, 24.750492678000057], [85.02926976600008, 24.748459026000035], [85.02986376600006, 24.74728131200004], [85.03325017300006, 24.746592768000028], [85.03390181200007, 24.74765393800004], [85.03493988400004, 24.74759591700007], [85.03532579700004, 24.747113126000045], [85.03515806400009, 24.746688667000058], [85.03577099900008, 24.746580771000026], [85.03631965700004, 24.746675890000063], [85.03708041600004, 24.747254079000072], [85.03822262500006, 24.746658878000062], [85.04067935800003, 24.74652489700003], [85.04093109700005, 24.747030620000032], [85.04251752400006, 24.747360977000028], [85.04287312400004, 24.747821662000035], [85.04313545400004, 24.747784342000045], [85.04325383500003, 24.747767666000072], [85.04357536300006, 24.747320952000052], [85.04334353400003, 24.746548993000033], [85.04380868800007, 24.74570062500004], [85.04439723900003, 24.745123114000023], [85.04426936800007, 24.744193173000042], [85.04469463200007, 24.743922610000027], [85.04594027900004, 24.743751691000057], [85.04646946100007, 24.743273487000067], [85.04641560500005, 24.74242035000003], [85.04916556300003, 24.739523822000024], [85.05119724100007, 24.73892896700005], [85.05265564400008, 24.738315834000048], [85.05412424500008, 24.73719254300005], [85.05456935600006, 24.736637561000066], [85.05353169900008, 24.736244301000056], [85.05110053400006, 24.735272640000062], [85.04987532600006, 24.73451820400004], [85.04966327100004, 24.73370562100007], [85.04803826900007, 24.73192621800007], [85.05106322900008, 24.731544073000066], [85.05148830300004, 24.731372803000056], [85.05455767600006, 24.731017692000023], [85.05762696800008, 24.730730142000027], [85.06071484300008, 24.73272225000005], [85.06208353900007, 24.733417908000035], [85.06290826900005, 24.734871809000026], [85.06388158300007, 24.73553123800008], [85.06480587000004, 24.73533745700007], [85.06594288300005, 24.73484142800004], [85.06602241000007, 24.733843883000077], [85.06841984200008, 24.73308191800004], [85.06917080600005, 24.733655485000043], [85.07009515600004, 24.733236060000024], [85.07253181000004, 24.733277533000035], [85.07188009400005, 24.73151232300006], [85.07172742400007, 24.73019868600005], [85.07154564900009, 24.727783652000028], [85.07228743500008, 24.726452386000062], [85.07290071200003, 24.725369194000052], [85.07112228000005, 24.72378420000007], [85.07004512900005, 24.72320146900006], [85.06881958100007, 24.72312430200003], [85.06629897000005, 24.723583740000038], [85.06452978000004, 24.72358308200006], [85.06188574000004, 24.723748942000043], [85.05830769100004, 24.72386478900006], [85.05701790100005, 24.72371068500007], [85.05630205400007, 24.722329091000063], [85.05634723800006, 24.721128436000072], [85.05708879000008, 24.72061420400007], [85.05943644900003, 24.720032907000075], [85.05954050000008, 24.719455193000044], [85.05939290600008, 24.718218299000057], [85.06020366200005, 24.717582203000063], [85.06077200200008, 24.717559866000045], [85.06119739300004, 24.71667533300007], [85.06132667000008, 24.71509098000007], [85.06164334000005, 24.714260497000055], [85.06270111400005, 24.713782468000034], [85.06390170400005, 24.71430656600006], [85.06510691500006, 24.715349805000074], [85.06584818200008, 24.71531403000006], [85.06639661400004, 24.71554437700007], [85.06751783300007, 24.716799756000057], [85.06819462200008, 24.71730556700004], [85.06865906300004, 24.717305777000036], [85.06916818200006, 24.71707568100004], [85.06931670500006, 24.716470886000025], [85.06870540100005, 24.71320703400005], [85.06885905400009, 24.712241127000027], [85.07095456800005, 24.711298516000056], [85.07245728100008, 24.71029237500005], [85.07309485100006, 24.709832241000072], [85.07401549200006, 24.706040780000023], [85.07424793700005, 24.705521747000034], [85.07520194400007, 24.704538054000068], [85.07579563800005, 24.702777814000058], [85.07607294800005, 24.701234070000055], [85.07634500100005, 24.70048489000004], [85.07666124200006, 24.700214132000042], [85.07755067900007, 24.70017378700004], [85.07818829400009, 24.69969096400007], [85.07884050000007, 24.699524199000052], [85.07920638900003, 24.698779475000038], [85.07907817900008, 24.698282908000067], [85.07963201000007, 24.696901857000057], [85.08042786900006, 24.695981190000055], [85.08177207500006, 24.695178145000057], [85.08244403800006, 24.69494806700004], [85.08332392800008, 24.693761136000035], [85.08954023400008, 24.69066615500003], [85.09041963700008, 24.69081989600005], [85.09243568300008, 24.69001686000007], [85.09541498800007, 24.689408037000078], [85.09927339800004, 24.690866767000045], [85.10065662200003, 24.691634384000054], [85.10204987000003, 24.691733930000055], [85.10301336800006, 24.69140907900004], [85.10374475900005, 24.690334910000047], [85.10418946900006, 24.689743571000065], [85.10475279100007, 24.689549603000046], [85.10563715900008, 24.689518104000058], [85.10613607800008, 24.68980255400004], [85.10668454500006, 24.68993805200006], [85.10748003800006, 24.689631175000045], [85.10771225300005, 24.688922495000043], [85.10738141000007, 24.68783006500007], [85.10750997300005, 24.686715135000043], [85.10822161700008, 24.685604837000028], [85.10961002400006, 24.684512546000065], [85.11000522300003, 24.68466610200005], [85.11061293700004, 24.68405220300008], [85.11041048600003, 24.68311333200006], [85.11118628300005, 24.681926176000047], [85.11093440700006, 24.68056295300005], [85.11045041700004, 24.679529221000053], [85.10947245700004, 24.67803501700007], [85.10909231000005, 24.675908813000035], [85.10829708100005, 24.67506466800006], [85.10544190300004, 24.673466352000048], [85.10436005100007, 24.67331267800006], [85.10275954700006, 24.67348856900003], [85.10191972200005, 24.673565104000033], [85.09978083300007, 24.672838073000037], [85.09999333300004, 24.67214295100007], [85.09969755100008, 24.668974013000025], [85.09949041500005, 24.66762430600005], [85.09872994300008, 24.666387334000035], [85.09746050400008, 24.665922167000076], [85.09458580100005, 24.664960158000042], [85.09424508900008, 24.664495127000066], [85.09335636700007, 24.66293762300006], [85.09305525500008, 24.66200318600005], [85.09226539200006, 24.66026055100008], [85.09130755600006, 24.65862627300004], [85.09086314800004, 24.65812062400005], [85.08892716500003, 24.656987194000067], [85.08777669600005, 24.655835826000043], [85.08739174900006, 24.654806492000034], [85.08699228800003, 24.65263968800008], [85.08703744900004, 24.650283443000035], [85.08782296100009, 24.64958388100007], [85.08879130800005, 24.648356381000042], [85.09074803900006, 24.64530085800004], [85.09108889600003, 24.644894649000037], [85.09090162400008, 24.643292117000044], [85.08287751900008, 24.638767048000034], [85.07971262100006, 24.63685669000006], [85.08017105400006, 24.63908680000003], [85.08013066900008, 24.641781640000033], [85.07946798100005, 24.644101585000044], [85.07791114700007, 24.647202281000034], [85.07741618400007, 24.649937609000062], [85.07721313500008, 24.651472307000063], [85.07745338400008, 24.656266197000036], [85.07675644500006, 24.657611166000038], [85.07515029000007, 24.65966900600006], [85.07318380300006, 24.66120306600004], [85.07014441100006, 24.664903543000037], [85.06846407200004, 24.666920627000025], [85.06755896900006, 24.669281073000036], [85.06849564800007, 24.673660046000066], [85.06837156200004, 24.674896856000032], [85.06710112800005, 24.676873442000044], [85.06558359000007, 24.67885905600008], [85.06497130600007, 24.67815009700007], [85.06448264900007, 24.677287739000064], [85.06321322800005, 24.676840256000048], [85.06083714500005, 24.67664522800004], [85.06005647900008, 24.67679384400003], [85.05854026400004, 24.676007758000026], [85.05657423900004, 24.675776636000023], [85.05444576800005, 24.67450271000007], [85.05097433800006, 24.672104069000056], [85.04908772000005, 24.67146665200005], [85.04822857600004, 24.67071688900006], [85.04601640200008, 24.66932997400005], [85.04523587900007, 24.669401771000025], [85.04499359800008, 24.669699527000034], [85.04535802600003, 24.67146017500005], [85.04392513600004, 24.671946968000043], [85.04302601800003, 24.672131526000044], [85.04179602000005, 24.671945782000023], [85.03913423500006, 24.670815765000043], [85.03934417400006, 24.66710990200005], [85.03918912800003, 24.66273120200003], [85.03682481800007, 24.66014791400005], [85.03556213500008, 24.65760119500004], [85.03179315800008, 24.657932956000025], [85.02765576100006, 24.655605664000063], [85.02552736000007, 24.654967747000057], [85.02425654500007, 24.655375795000054], [85.02298797800006, 24.655783109000026], [85.01835936600008, 24.656339613000057], [85.01708954200006, 24.65686230800003], [85.01717386400009, 24.656374894000066], [85.01811300200006, 24.65562620600008], [85.01860805200005, 24.65424074200007], [85.01886154800007, 24.65241274400006], [85.01882079100005, 24.652074516000027], [85.01863306100006, 24.650516598000024], [85.01857704500009, 24.650051725000026], [85.01731527500004, 24.646981287000074], [85.01571633800006, 24.645445377000044], [85.01580242500006, 24.64298080800006], [85.01416851400006, 24.642004575000044], [85.01342790600006, 24.641855107000026], [85.01179216400004, 24.642932746000042], [85.01117473700003, 24.64304504200004], [85.00723769600006, 24.64393581300004], [85.00387916200003, 24.644046010000068], [85.00339029300005, 24.644027521000055], [85.00314984200008, 24.642397809000045], [85.00357156000007, 24.640326230000028], [85.00360219200007, 24.639351198000043], [85.00321492000006, 24.636321989000066], [85.00269838800006, 24.63422706800003], [85.00262736900004, 24.631103291000045], [85.00261153000008, 24.62703168400003], [85.00274137400004, 24.625510533000067], [85.00319370400007, 24.622459484000046], [85.00306744500006, 24.620242990000065], [85.00273342700007, 24.618455177000044], [85.00203328000003, 24.617330577000075], [85.00075609000004, 24.615686415000027], [84.99922191100006, 24.614136813000073], [84.99784087800003, 24.61324673000007], [84.99763631800005, 24.613001032000057], [84.99706903700007, 24.612724723000042], [84.99635377900006, 24.612403002000065], [84.99578635300009, 24.61222149100007], [84.99507065600005, 24.61206228800006], [84.99417725500007, 24.61194339000008], [84.99345643900006, 24.61190152900008], [84.99234533300006, 24.61197632300008], [84.99112556700004, 24.612055550000036], [84.99000514900007, 24.61184596100003], [84.98852499800006, 24.611288170000023], [84.98750480800004, 24.610388061000037], [84.98661284200006, 24.60956947300008], [84.98526246000006, 24.608411584000066], [84.98303406800005, 24.606827722000048], [84.98264331000007, 24.607142993000025], [84.98201174100006, 24.606943238000042], [84.98155300400003, 24.60672573200003], [84.98124667200005, 24.60682453800007], [84.98081168500005, 24.60710364700003], [84.98037714800006, 24.607120920000057], [84.97996393400007, 24.60638437700004], [84.97974733900008, 24.606086075000064], [84.97902641200005, 24.606102836000048], [84.97841829800007, 24.606498913000053], [84.97783987900004, 24.606849992000036], [84.97714341100004, 24.606988664000028], [84.97590343000007, 24.60730242300008], [84.97505402500008, 24.607400147000078], [84.97446619100003, 24.607520928000042], [84.97374448900007, 24.607916876000047], [84.97315687200006, 24.60793381900004], [84.97230659800005, 24.60839268600006], [84.97184713600006, 24.608531792000065], [84.97049811400007, 24.60900775700003], [84.96976707100004, 24.609177912000064], [84.96880848500007, 24.609496630000024], [84.96822070700006, 24.60957224300006], [84.96761325100005, 24.609652358000062], [84.96741558900004, 24.609692633000066], [84.96689195800008, 24.60980901100004], [84.96656565400008, 24.610007005000057], [84.96569683600006, 24.60992860500005], [84.96588622000007, 24.60916164200006], [84.96618907700008, 24.608426395000038], [84.96647665500006, 24.607867230000068], [84.96634442200008, 24.607388481000044], [84.96685011300008, 24.606473038000047], [84.96678228200005, 24.605877147000058], [84.96704020600004, 24.605353945000047], [84.96785613400004, 24.60480934000003], [84.96811818700007, 24.60465183100007], [84.96879707200003, 24.603538160000028], [84.96929804400008, 24.60246477100003], [84.96995842100006, 24.600791293000043], [84.97038454200003, 24.600128522000034], [84.97044950800006, 24.59974944800007], [84.97071227100008, 24.59927140700006], [84.97060472100009, 24.598792785000057], [84.97026120900006, 24.59785774000005], [84.97000043500003, 24.59745545800007], [84.97003635200008, 24.596814580000057], [84.96979168900003, 24.595848155000056], [84.96942906100008, 24.59461063200007], [84.96857963600007, 24.594757979000065], [84.96749767400007, 24.595117063000032], [84.96592238700003, 24.595290197000054], [84.96526041800007, 24.595446867000078], [84.96427740100006, 24.595738435000044], [84.96378373300007, 24.595692343000053], [84.96336884200008, 24.595781807000037], [84.96319528100008, 24.596120064000047], [84.96351516700008, 24.596590098000036], [84.96356297500006, 24.597244766000074], [84.96351272800007, 24.597668964000036], [84.96343770300007, 24.598075074000064], [84.96331358600008, 24.598368255000025], [84.96294320000004, 24.59841270800007], [84.96238085800007, 24.598208526000064], [84.96185352800006, 24.597814726000024], [84.96150964100008, 24.597051213000043], [84.96102176800008, 24.59666664100007], [84.96057724800005, 24.596756038000024], [84.95956971000004, 24.59693468200004], [84.95811783400006, 24.597089851000078], [84.95823845900009, 24.598304323000036], [84.95850834400005, 24.599022596000054], [84.95914321100008, 24.599922121000077], [84.95978322100007, 24.600690753000038], [84.95983132200007, 24.601227951000055], [84.95942523900004, 24.60176890200006], [84.95666744600004, 24.603004892000058], [84.95542247300006, 24.603340941000056], [84.95431040800008, 24.603857877000053], [84.95335191000004, 24.604113299000062], [84.95147893300003, 24.604886003000047], [84.95005039100005, 24.605569322000065], [84.94893820100003, 24.606099764000078], [84.94592765200008, 24.60764648600008], [84.94394423800009, 24.609095978000028], [84.94302470700006, 24.609572564000075], [84.94179377700004, 24.610161391000076], [84.94077068800004, 24.61059715600004], [84.93976875400006, 24.610455170000023], [84.93891920000004, 24.61055269800005], [84.93806996800004, 24.610550901000067], [84.93654438900006, 24.61050711400003], [84.93584802500004, 24.61058691100004], [84.93514210800004, 24.610535826000046], [84.93433185500004, 24.61069655700004], [84.93287440500006, 24.611050095000053], [84.93148195100008, 24.611069799000063], [84.93078533700003, 24.611266855000054], [84.93001989200008, 24.61130590600004], [84.92936821600006, 24.611281894000058], [84.92877033400003, 24.611452198000052], [84.92835554000004, 24.61145128000004], [84.92813700700003, 24.611965413000064], [84.92816002300003, 24.612624562000065], [84.92818761700005, 24.61341907800005], [84.92825053700005, 24.613920247000067], [84.92785962300007, 24.614235378000046], [84.92735604900008, 24.614216200000044], [84.92672335200007, 24.61445412200004], [84.92576583000005, 24.61433015500006], [84.92398299500007, 24.614448222000078], [84.92224008100004, 24.614421832000062], [84.92154320600008, 24.61465505800004], [84.91941962700008, 24.614803856000037], [84.91739558900008, 24.61465944100007], [84.91604284800007, 24.61459325900006], [84.91532652000006, 24.614731637000034], [84.91417112900007, 24.61469295200004], [84.91337562100006, 24.614903308000066], [84.91283257200007, 24.614879538000025], [84.91224575600006, 24.61458023800003], [84.91148151500005, 24.614181295000037], [84.91076655800003, 24.613782435000076], [84.91022369500007, 24.61369996700006], [84.90982864800003, 24.61369910700006], [84.90945800200006, 24.613820177000036], [84.90880560400007, 24.614075972000023], [84.90773841700008, 24.614312734000066], [84.90700757800005, 24.61431113900005], [84.90652890700005, 24.61422873300006], [84.90633187400005, 24.614029664000043], [84.90600649000004, 24.61387097900007], [84.90561611400005, 24.613987416000043], [84.90530931000006, 24.614207871000076], [84.90478554000003, 24.61436466600003], [84.90415321400008, 24.614462547000073], [84.90356532900006, 24.614560485000027], [84.90315562900008, 24.61451889500006], [84.90274011900004, 24.61477983700007], [84.90232498300009, 24.614936852000028], [84.90156394400003, 24.61517433100005], [84.90099490700004, 24.615592801000048], [84.90082145000008, 24.615809004000027], [84.90075023200006, 24.616585290000046], [84.90067518200004, 24.616932679000058], [84.90006010400003, 24.617928840000047], [84.89938165600006, 24.618645024000045], [84.89841166300005, 24.61943265800005], [84.89793290000006, 24.619332263000047], [84.89756355200007, 24.61899283100007], [84.89710965000006, 24.61885184600004], [84.89638922900008, 24.618687640000076], [84.89527872200006, 24.618486355000073], [84.89442920500005, 24.618565670000066], [84.89304582500006, 24.618828677000067], [84.89188959600006, 24.619123889000036], [84.89128173500006, 24.619280359000072], [84.89066894000007, 24.61948203000003], [84.88999669100008, 24.619697102000032], [84.88969063700006, 24.619678349000026], [84.88938462900006, 24.61963693200005], [84.88905940900008, 24.619378898000036], [84.88881829200005, 24.619098480000048], [84.88851755300004, 24.618917144000022], [84.88818660000004, 24.618975087000024], [84.88790511500008, 24.618974344000037], [84.88745053300005, 24.61907259700007], [84.88714423600004, 24.619135007000068], [84.88683752100007, 24.619350998000073], [84.88653039100006, 24.619688789000065], [84.88644574400007, 24.619927768000025], [84.88641968700006, 24.62038819600008], [84.88630037000007, 24.62067221700005], [84.88714291600007, 24.62302604100006], [84.88724877300007, 24.624001304000046], [84.88738961600006, 24.62480972800006], [84.88777628300005, 24.626024906000055], [84.88809874500004, 24.62722636600006], [84.88822414600008, 24.62826484800007], [84.88826676500008, 24.628901446000043], [84.88850669100003, 24.629619760000026], [84.88796157100006, 24.63025943400004], [84.88659400500006, 24.63015679500006], [84.88561088600005, 24.63027631400007], [84.88389216600007, 24.630353369000034], [84.88171296200005, 24.63084462100005], [84.87989476100006, 24.631129017000035], [84.87858647800005, 24.63100840000004], [84.87756337200005, 24.631285742000046], [84.87597193600004, 24.631719614000076], [84.87466180700005, 24.632212925000033], [84.87517032600005, 24.63392044400007], [84.87551226100004, 24.635194269000067], [84.87594319600004, 24.63640954400006], [84.87614900200003, 24.636978887000055], [84.87631345700004, 24.63811673400005], [84.87630817900003, 24.639908767000065], [84.87654221400004, 24.640925022000033], [84.87590821300006, 24.641559905000065], [84.87528505000006, 24.64182917900007], [84.87435085700008, 24.64210672300004], [84.87399926200004, 24.64240379000006], [84.87404146700004, 24.64318024000005], [84.87405751800009, 24.64439454400008], [84.87415272900006, 24.645604501000037], [84.87450199100005, 24.646083911000062], [84.87508945100006, 24.646162056000037], [84.87583071800003, 24.646005950000074], [84.87628494000006, 24.646065736000025], [84.87680737900007, 24.646428194000066], [84.87734908900006, 24.646966637000048], [84.87752377700008, 24.648041421000073], [84.87775808200007, 24.648976412000025], [84.87787470600006, 24.649604123000074], [84.87821350800004, 24.65027758800005], [84.87798747600004, 24.651563484000064], [84.87760437200006, 24.652492405000032], [84.87748907200006, 24.653069880000032], [84.87751750400008, 24.653471643000046], [84.87699199800005, 24.654124926000065], [84.87657539100007, 24.654728700000078], [84.87611818300007, 24.655671015000053], [84.87523516500005, 24.656950789000064], [84.87602821700006, 24.657656961000043], [84.87685227400004, 24.65793885100004], [84.87737482000006, 24.65829218300007], [84.87803563400007, 24.658668498000054], [84.87808810500007, 24.659273549000034], [84.87799256800008, 24.659864584000047], [84.87853982700005, 24.66021805200006], [84.87900768100008, 24.66067057500004], [84.87911499600006, 24.661126771000056], [84.87941473200004, 24.661678210000048], [84.88016209700004, 24.662858207000056], [84.88207996300008, 24.665778889000023], [84.88249163100005, 24.666885860000036], [84.88235103000005, 24.667689006000046], [84.88241729400005, 24.66865961600007], [84.88203070700007, 24.669114596000043], [84.88137317700006, 24.669288987000073], [84.88079392700007, 24.669711926000048], [84.88026828700004, 24.670392211000035], [84.88001938100007, 24.671046137000076], [84.88122582900007, 24.67238072600003], [84.88160839400007, 24.673288901000035], [84.88080480700006, 24.67444255500004], [84.88028332400006, 24.67537115700003], [84.88057201900006, 24.676324221000073], [84.88087140100004, 24.67697948700004], [84.88147245500005, 24.677531697000063], [84.88181544200006, 24.678525599000068], [84.88148694800003, 24.679332756000065], [84.88104019300005, 24.680062958000065], [84.88018925700004, 24.68048519000007], [84.87930885500003, 24.680835114000047], [84.87764120000008, 24.68177436900004], [84.87791480400006, 24.682781619000025], [84.87807340800003, 24.684289684000078], [84.87889502400003, 24.68545176300006], [84.88041692600007, 24.68705347200006], [84.88146046800006, 24.68837414500007], [84.88203376800004, 24.689986987000054], [84.88231810900004, 24.69075502000004], [84.88261740100006, 24.691459936000058], [84.88291236400005, 24.69364997300005], [84.88272983800005, 24.695269981000024], [84.88250471000003, 24.696221898000033], [84.88236354600008, 24.697178433000033], [84.88098511100003, 24.69880912800005], [84.88093562700004, 24.698849662000043], [84.87988067900005, 24.69968662100007], [84.87796608200006, 24.700525993000042], [84.87595436900006, 24.702403288000028], [84.87319776000004, 24.703858884000056], [84.87228595300007, 24.704736770000068], [84.87145877200004, 24.705389231000026], [84.86805860100003, 24.70559279500003], [84.86381724100005, 24.706159703000026], [84.86073275400008, 24.70653084500003], [84.86133517900004, 24.708238726000047], [84.86154942600007, 24.709272922000025], [84.86193163100006, 24.71030311100003], [84.86265946400005, 24.711451459000045], [84.86309412300005, 24.713113773000032], [84.86372446900003, 24.713819516000058], [84.86466608500007, 24.716169165000053], [84.86513102300006, 24.717628406000074], [84.86542964100005, 24.71855897000006], [84.86585159000003, 24.719553165000036], [84.86637493900008, 24.71970338600005], [84.86668267700009, 24.71927536000004], [84.86715748400007, 24.71915019900007], [84.86765684700003, 24.719047661000047], [84.86801690500005, 24.71930141400003], [84.86815401800004, 24.719707937000067], [84.86842979300008, 24.720015661000048], [84.86873179100007, 24.71983579700003], [84.86903826000008, 24.71981405300005], [84.86939813600009, 24.720094800000027], [84.86951063000004, 24.720474280000076], [84.86972692700004, 24.72088106500007], [84.86986449200003, 24.721134195000047], [84.87014573900007, 24.721261281000068], [84.87025470800006, 24.721211964000076], [84.87053213200005, 24.720982391000064], [84.87064630000003, 24.720806706000076], [84.87083882400003, 24.720883901000036], [84.87094660100007, 24.72118660900003], [84.87102995800007, 24.721417038000027], [84.87122205800006, 24.72161612000008], [84.87133572900007, 24.721616398000037], [84.87155840100007, 24.72151761300006], [84.87172266500005, 24.721138879000023], [84.87219818600005, 24.720760905000077], [84.87258447200009, 24.720482014000027], [84.87319708500007, 24.720560301000035], [84.87401637200009, 24.720905465000044], [84.87434487200005, 24.721768374000078], [84.87442699200005, 24.722405087000027], [84.87453393700008, 24.723010247000047], [84.87489369800005, 24.723340637000035], [84.87539277100007, 24.723341901000026], [84.87580775700008, 24.723397041000055], [84.87622140400003, 24.72390369900006], [84.87633397100007, 24.724260511000068], [84.87636133400008, 24.72504606900003], [84.87606841900003, 24.725492161000034], [84.87570619700006, 24.72596973800006], [84.87568038000006, 24.726326319000066], [84.87570395000006, 24.726732557000048], [84.87575715900005, 24.727111880000052], [84.87603245800005, 24.72761360800007], [84.87808267900004, 24.727871462000053], [84.87849788100004, 24.72782286200004], [84.87944211100006, 24.72774849500007], [84.88008011900007, 24.727596575000064], [84.88069362900006, 24.72736786400003], [84.88155378300007, 24.727270720000035], [84.88260472700006, 24.72785557000003], [84.88304769200005, 24.72849310500004], [84.88349103700006, 24.72899972500005], [84.88381896700008, 24.73006584700005], [84.88416208200005, 24.73106424100007], [84.88537662100003, 24.73319324600004], [84.88618188500004, 24.73329900500005], [84.88751089900006, 24.733478346000027], [84.88923119500004, 24.733356109000056], [84.89127958800003, 24.734299862000057], [84.89366288800005, 24.735673293000048], [84.89499462500004, 24.736633381000047], [84.89396286300007, 24.737926410000057], [84.89376756900003, 24.738837772000068], [84.89433254500005, 24.74004429300004], [84.89319386200003, 24.74067809400003], [84.89213979300007, 24.741131505000055], [84.89083281800004, 24.74188669600005], [84.89080106000006, 24.742595270000038], [84.89132662200007, 24.743765650000057], [84.89155825500006, 24.745734257000038], [84.89166465200003, 24.74654245200003], [84.89191396100006, 24.747509071000025], [84.89221058700008, 24.749234079000075], [84.89272852900007, 24.750484192000044], [84.89257681300006, 24.75081031600007], [84.89286684900009, 24.751388742000074], [84.89333062900005, 24.75169230000006], [84.89408152900006, 24.751829499000053], [84.89526248800007, 24.751985749000028], [84.89611672900008, 24.75231734600004], [84.89768447200004, 24.752050172000054], [84.89907997700004, 24.751480223000044], [84.89983263000005, 24.751030541000034], [84.90074731600004, 24.750946947000045], [84.90167547000004, 24.75134636000007], [84.90253481700006, 24.751623685000027], [84.90335670300004, 24.751138070000025], [84.90361368100008, 24.75116573400004], [84.90418115400007, 24.75153717200004], [84.90461631300008, 24.751470459000075], [84.90541218700008, 24.751458783000032], [84.90645892500004, 24.751885532000074], [84.90755995000006, 24.752357436000068], [84.91018180000003, 24.753460305000033], [84.91083310600004, 24.75386801600007], [84.91241442500007, 24.754056711000032], [84.91443435900004, 24.754751890000023], [84.91618039900004, 24.756195674000026], [84.91638545900008, 24.757171129000028], [84.91593294500007, 24.75817224000008], [84.91524918900006, 24.758734954000033], [84.91411606600008, 24.759170209000047], [84.91562337100004, 24.75933156900004], [84.91869355800003, 24.759189481000078], [84.91924775600006, 24.757123353000054], [84.91948656400007, 24.75652801600006], [84.92086338800004, 24.75556060100007], [84.92124119200008, 24.754748951000067], [84.92117400300003, 24.75396338200005], [84.92191248000006, 24.75322920900004], [84.92297590800007, 24.752983304000054]]]]}}, {"type": "Feature", "properties": {"OBJECTID": 54, "BLOCK_CODE": "0011", "NEAR_TOWN": "GAYA", "BLK_NAME": "GURARU", "DIST_NAME": "GAYA"}, "geometry": {"type": "MultiPolygon", "coordinates": [[[[84.76608752500005, 24.849375144000078], [84.76530315700006, 24.846280609000075], [84.76626160200004, 24.844044917000076], [84.76860348600007, 24.840955982000025], [84.76992518800006, 24.838134620000062], [84.77040785200006, 24.837404906000074], [84.77142743200005, 24.83724120900007], [84.77244115200006, 24.83733016900004], [84.77324175400008, 24.837499772000058], [84.77406077300003, 24.836757617000046], [84.77480088100003, 24.83594301000005], [84.77502133900003, 24.83521245600008], [84.77490194000006, 24.834088129000065], [84.77379627100004, 24.833493288000057], [84.77352263700004, 24.832621239000048], [84.77367990900007, 24.831583600000044], [84.77417221600007, 24.83088102200003], [84.77509865700006, 24.830491278000068], [84.77593135100005, 24.830042528000035], [84.77616213900006, 24.830481124000073], [84.77684035000004, 24.830343336000055], [84.77743076600007, 24.82986670400004], [84.77872277300008, 24.82959089600007], [84.77842061900003, 24.831011800000056], [84.77786415300005, 24.832969029000026], [84.77766644800005, 24.83423231300003], [84.77774121100003, 24.83540159000006], [84.77757657500007, 24.83705763300003], [84.77743510100004, 24.837838067000064], [84.77780548600003, 24.838001802000065], [84.77954693000004, 24.837953046000052], [84.78104101200006, 24.837867535000044], [84.78530768300004, 24.837140540000064], [84.78581187200007, 24.83721886400008], [84.78650441000008, 24.838543537000078], [84.78800244500007, 24.840105469000036], [84.78970239600005, 24.841889194000032], [84.79081302100008, 24.842528998000034], [84.79124293300004, 24.842674826000064], [84.79188716500005, 24.842347261000043], [84.79334138100006, 24.842374327000073], [84.79623882300007, 24.842739734000077], [84.79827690500008, 24.84272327900004], [84.80009103200007, 24.843107916000065], [84.80119314200005, 24.843377615000065], [84.80236657300009, 24.843078681000065], [84.80354150300008, 24.842369047000034], [84.80619474700006, 24.841866879000065], [84.80904280000004, 24.840828111000064], [84.81319269900007, 24.839504229000056], [84.81528829400008, 24.83859399800008], [84.81663154600005, 24.837780907000024], [84.81727195100007, 24.837119254000072], [84.81892026200006, 24.836794499000064], [84.82069217400004, 24.836506212000074], [84.82203327300005, 24.836306989000036], [84.82337531300004, 24.835877440000047], [84.82432655600007, 24.83541974700006], [84.82435128900005, 24.835419803000036], [84.82431934100003, 24.834625301000074], [84.82384759100006, 24.833712177000052], [84.82359378000007, 24.832731997000053], [84.82343804900006, 24.83198216900007], [84.82361420500007, 24.831097984000053], [84.82377608300004, 24.830051293000054], [84.82335146100007, 24.828370944000028], [84.82286111100007, 24.82711471600004], [84.82226477300009, 24.826503562000028], [84.82227973600004, 24.826458511000055], [84.82226386600007, 24.82531199400006], [84.82255325300008, 24.823155204000045], [84.82249420700003, 24.821611269000073], [84.82220496200006, 24.82087473000007], [84.82208979200004, 24.819836140000064], [84.82211756100008, 24.818951522000077], [84.82158318500007, 24.817564293000032], [84.82099922500004, 24.814809137000054], [84.82090051500006, 24.813310284000067], [84.82107372400003, 24.81182578000005], [84.82136766700006, 24.80976380900006], [84.82105328400007, 24.80627370900004], [84.82096842500005, 24.80362380500003], [84.82068497300008, 24.801194547000023], [84.82043832600004, 24.799568859000033], [84.81964107800007, 24.798469676000025], [84.81672992400007, 24.795193293000068], [84.81559013200007, 24.794494892000046], [84.81258696100008, 24.792143381000074], [84.81335033700003, 24.79161302400007], [84.81530060400007, 24.791027388000032], [84.81622146200004, 24.790682505000063], [84.81554095600006, 24.785895849000042], [84.81510823900004, 24.785185968000064], [84.81490642000006, 24.783515202000046], [84.81421030600006, 24.780362513000057], [84.81365490900004, 24.77802728900008], [84.81359908600007, 24.777016028000048], [84.81368463900003, 24.776587414000062], [84.81450695800004, 24.776111397000022], [84.81599726000007, 24.775510802000042], [84.81761423300009, 24.775434247000078], [84.81866745800005, 24.775383115000068], [84.82164567400008, 24.774840995000034], [84.82262037700008, 24.774609069000064], [84.82424315400004, 24.774284194000074], [84.82720688600006, 24.773615482000025], [84.82876449800006, 24.773538640000027], [84.82995261100007, 24.773063524000065], [84.83177183000004, 24.773118294000028], [84.83329072900005, 24.77277944100007], [84.83522529700008, 24.772333401000026], [84.83579063300004, 24.77181143300004], [84.83815006600008, 24.769926620000035], [84.84031677300004, 24.768018703000052], [84.84029706000007, 24.767984357000046], [84.83943197100007, 24.76647706500006], [84.83834171800004, 24.76428479200007], [84.83650070800007, 24.760402302000045], [84.83444543400003, 24.757042820000038], [84.83450729100008, 24.756302745000028], [84.83474633900005, 24.755757195000058], [84.83570732500004, 24.755159535000075], [84.83609983000008, 24.754555743000026], [84.83631649200004, 24.753324063000036], [84.83632581800003, 24.750484891000042], [84.83583279500004, 24.750113363000025], [84.83627895900008, 24.749708335000037], [84.83676277000006, 24.74989932400007], [84.83726225400005, 24.749828481000065], [84.83807005300008, 24.74917167800004], [84.83812626700006, 24.748612050000077], [84.83857378900007, 24.747827907000044], [84.83898955900008, 24.747653013000047], [84.83990371600004, 24.74773220000003], [84.84021028900008, 24.74770599800007], [84.84176371300003, 24.747303970000075], [84.84301031200005, 24.746977885000035], [84.84365331300006, 24.746853232000035], [84.84434636600008, 24.746525634000022], [84.84533162500009, 24.74603170000006], [84.84497593600008, 24.744432835000055], [84.84481688700004, 24.74319110600004], [84.84432266300007, 24.74164154400006], [84.84372848700008, 24.740434666000056], [84.84290303200004, 24.738938336000047], [84.84210036300004, 24.73801988100007], [84.84107587800008, 24.736929214000043], [84.84073581700005, 24.735113737000063], [84.84076859400005, 24.73265370300004], [84.83997649900004, 24.730015422000065], [84.83975511000006, 24.729712392000067], [84.83905182300003, 24.728658795000058], [84.83841789500008, 24.72756921200005], [84.83758923100004, 24.72556270700005], [84.83709459000005, 24.724193683000067], [84.83619008600004, 24.722733232000053], [84.83421214200007, 24.72159476300004], [84.83351241700007, 24.720974355000067], [84.83293757300004, 24.719970685000078], [84.83222463400006, 24.71888539400004], [84.83206393300009, 24.718180749000055], [84.83093802100007, 24.716439795000042], [84.83007747200008, 24.715168986000037], [84.82914389800004, 24.713604574000044], [84.82827342900003, 24.710862192000036], [84.82785847900004, 24.707904447000033], [84.82745252600006, 24.705185925000023], [84.82700223600006, 24.703916253000045], [84.82596076900006, 24.702098738000075], [84.82567061900005, 24.70169162600007], [84.82482986700006, 24.700479491000067], [84.82382193000007, 24.69900064600006], [84.82345419900008, 24.69816447200003], [84.82229809000006, 24.69813864100007], [84.82111399500008, 24.69762968300006], [84.82056501000005, 24.697781619000068], [84.82017839900004, 24.69815518100006], [84.81998345000005, 24.698786579000057], [84.81976417400006, 24.699336567000046], [84.81934771900006, 24.699764213000037], [84.81869768400009, 24.700556763000066], [84.81820275700005, 24.700803633000078], [84.81715445000003, 24.701026338000077], [84.81605210000004, 24.70117656900004], [84.81478668000005, 24.701299367000047], [84.81349045800005, 24.701773995000053], [84.81115171100004, 24.702241168000057], [84.81034984300004, 24.702645071000063], [84.80936733500005, 24.70381126700005], [84.80741015900009, 24.70536729400004], [84.80655257200004, 24.706118634000063], [84.80479227900008, 24.706465422000065], [84.80148645400004, 24.706478219000076], [84.80026085900005, 24.70653765900005], [84.79838893400006, 24.706306398000038], [84.79729241700005, 24.706176640000024], [84.79671494100006, 24.705998855000075], [84.79621670100005, 24.705771715000026], [84.79556059500004, 24.705467314000032], [84.79514695900008, 24.705064265000033], [84.79451599800007, 24.704633520000073], [84.79355265700008, 24.704580935000024], [84.79281109000004, 24.70470513400005], [84.78911031300004, 24.70463054800007], [84.78823081300004, 24.704627833000075], [84.78715179300008, 24.70513012600003], [84.78660063800004, 24.70583259500006], [84.78591439300004, 24.705676939000057], [84.78522971500007, 24.70509712000006], [84.78423706500007, 24.704945070000065], [84.78334334800007, 24.704779719000044], [84.78273570500005, 24.704728191000072], [84.78251793600003, 24.70482688000004], [84.78207724300006, 24.705078212000046], [84.78133321500007, 24.704520667000054], [84.78062145900003, 24.704568162000044], [84.78017671500004, 24.704593834000036], [84.77946378900003, 24.70494369000005], [84.77846994200007, 24.705139201000065], [84.77662485600007, 24.705661474000067], [84.77607498400005, 24.706038873000068], [84.77557553300005, 24.70613660400005], [84.77423976200004, 24.706547638000075], [84.77341425800006, 24.706644312000037], [84.77269733700007, 24.706745910000052], [84.77211863600007, 24.70689297100006], [84.77041295100008, 24.707140304000063], [84.76719019300003, 24.70740532900004], [84.76568791800008, 24.707414], [84.76459096600007, 24.707410501000027], [84.76401289100005, 24.707408650000048], [84.76365352800008, 24.707055336000053], [84.76321659200005, 24.706322683000053], [84.76321908000006, 24.705668204000062], [84.76300413200005, 24.70504006300007], [84.76286815100008, 24.70441224500007], [84.76281517800004, 24.704059966000045], [84.76220832300004, 24.703827783000065], [84.76171452000006, 24.70375395600007], [84.76110720400004, 24.70364816800003], [84.76064398200003, 24.703321636000055], [84.76048060700003, 24.702138457000046], [84.75776596500003, 24.70262157800005], [84.75316740700003, 24.70345954000004], [84.75082845400004, 24.703880567000056], [84.75045794400006, 24.70386582200007], [84.75035006400003, 24.70366685600004], [84.75026995500008, 24.702682564000042], [84.75035698100004, 24.701929035000035], [84.75013669200007, 24.70140016000005], [84.74934014900003, 24.700418040000045], [84.74784504400003, 24.70116233600004], [84.74752974300003, 24.700922039000034], [84.74729347100003, 24.700686493000035], [84.74707747600007, 24.700333701000034], [84.74699453000005, 24.70008063000006], [84.74694669200005, 24.699696868000046], [84.74686279900004, 24.699655880000023], [84.74551493500007, 24.699389607000057], [84.74411802200007, 24.699050863000025], [84.74220610300006, 24.69899471800005], [84.74031369500005, 24.69899736600007], [84.73836660000006, 24.699067442000057], [84.73705103400005, 24.699365427000032], [84.73496907800006, 24.699809638000033], [84.73458624100004, 24.699171877000026], [84.73352413200007, 24.69913208500003], [84.73218818100008, 24.69958338300006], [84.73056142800004, 24.69986212200007], [84.72959800600006, 24.699827197000047], [84.72800758700004, 24.699681793000025], [84.72550698400005, 24.69979493200003], [84.72445890000006, 24.69993114300007], [84.72291555600003, 24.70034551200007], [84.72308050100008, 24.701072880000027], [84.72315017900007, 24.702124837000042], [84.72345647200007, 24.70332660400004], [84.72366804800004, 24.704708596000046], [84.72372264100005, 24.705819140000074], [84.72400244800008, 24.70781357000004], [84.72401535200004, 24.707905547000053], [84.72433432100007, 24.70960840500004], [84.72453162300008, 24.71087301400007], [84.72484975300006, 24.71279697400007], [84.72503802600005, 24.713853952000022], [84.72555662300005, 24.71629323600007], [84.72600640400003, 24.718623903000037], [84.72617977600004, 24.720885937000048], [84.72582689000006, 24.721376769000074], [84.72623038500006, 24.722985094000023], [84.72641979200006, 24.723762092000072], [84.72659682300008, 24.725171016000047], [84.72661047600008, 24.725243312000032], [84.72665316300004, 24.725469358000055], [84.72666932500005, 24.725554944000066], [84.72704867200008, 24.727018738000027], [84.72739007100006, 24.728130338000028], [84.72780172200004, 24.730140492000032], [84.72828731500005, 24.732227505000026], [84.72857074100006, 24.732982363000076], [84.72877165500006, 24.734589979000077], [84.72904481300003, 24.73545762400005], [84.72888409400008, 24.736084426000048], [84.72831745900004, 24.736849778000078], [84.72785337500005, 24.737899938000055], [84.72803013600003, 24.739385595000044], [84.72824143700007, 24.74086687500005], [84.72854815200003, 24.741969307000033], [84.72904483400004, 24.743772070000034], [84.72745360700003, 24.74486792600004], [84.72723409900004, 24.745087199000068], [84.72701685100003, 24.745304214000043], [84.72642636200004, 24.74585280200006], [84.72662130700007, 24.747690608000028], [84.72685678100004, 24.74931641200004], [84.72727029700008, 24.750481156000035], [84.72739819900005, 24.751099112000077], [84.72750849800008, 24.751632019000056], [84.72736134600007, 24.75300439800003], [84.72736134200005, 24.75300443900005], [84.72521042300008, 24.75343998200003], [84.72241898500005, 24.754005224000025], [84.71955751300004, 24.754833130000065], [84.71849010900007, 24.75527164400006], [84.71844141300005, 24.756201559000033], [84.71775936800003, 24.756332866000037], [84.71775969700008, 24.75677077000006], [84.71828120100008, 24.760137825000072], [84.71834241200008, 24.76254822100003], [84.71834241300007, 24.762548251000055], [84.71783726600006, 24.762720452000053], [84.71679050200004, 24.763077286000055], [84.71664257000003, 24.763510694000047], [84.71678176400007, 24.764621116000058], [84.71701973600005, 24.76546507000006], [84.71929871600008, 24.765427514000066], [84.72006562600006, 24.76627112600005], [84.72006582800003, 24.766271121000045], [84.72553808800006, 24.766159223000045], [84.72553839100004, 24.766159221000066], [84.72786161500005, 24.76616669200007], [84.72786167700008, 24.766166687000066], [84.72897875500007, 24.765989862000026], [84.72897905700006, 24.76598985800007], [84.73086728100003, 24.765997635000076], [84.73167611000008, 24.76586321700006], [84.73194583100008, 24.76581839200003], [84.73217711300003, 24.765779956000074], [84.73346395800007, 24.765545804000055], [84.73479184900003, 24.76530418300007], [84.73490704000005, 24.766920027000026], [84.73494372600004, 24.769307898000022], [84.73474682600005, 24.77027856600006], [84.73441107600007, 24.770766301000037], [84.73464907800007, 24.771519956000077], [84.73589675400007, 24.773554792000027], [84.73570428200009, 24.77391156400006], [84.73482974700005, 24.774571234000064], [84.73177452400006, 24.775243515000057], [84.73155742900008, 24.775291284000048], [84.73130830600007, 24.778671907000046], [84.73130328000008, 24.778740104000065], [84.73139821200004, 24.77980083600005], [84.73090931700006, 24.78055044000007], [84.72867980000007, 24.780895040000075], [84.72635134000006, 24.781284827000036], [84.72562481200004, 24.781551644000047], [84.72504182400007, 24.782075667000072], [84.72493095100003, 24.785614675000033], [84.72499231300003, 24.78820110500004], [84.72499261500008, 24.788201101000027], [84.73579122600006, 24.788238661000037], [84.73561883900004, 24.794477035000057], [84.73494156800007, 24.794734831000028], [84.72919602400003, 24.795005264000054], [84.72726239300005, 24.79481700200006], [84.72624405700003, 24.795124635000036], [84.72212590800007, 24.796260283000038], [84.71999496900008, 24.796695041000078], [84.71493211500007, 24.797632512000064], [84.71187643700006, 24.797927671000025], [84.70867726100005, 24.798272560000044], [84.70591339300006, 24.79870294400007], [84.70494442900008, 24.79909615400004], [84.70438114800004, 24.799782529000026], [84.70365452600004, 24.80026589000005], [84.70388787500008, 24.801814104000073], [84.70412195400007, 24.804292082000075], [84.70416720800006, 24.805443127000046], [84.70371845400007, 24.80671912500003], [84.70362418000008, 24.80698718600007], [84.70376812700005, 24.807826643000055], [84.70439226100007, 24.809334018000072], [84.70460519000005, 24.80984391000004], [84.70489717500004, 24.810150771000053], [84.70484302600005, 24.810593088000076], [84.70241142900005, 24.81301837500007], [84.70143771000005, 24.81394420500004], [84.69910919700004, 24.815308566000056], [84.69842711700005, 24.815922813000043], [84.69890332500006, 24.818314932000078], [84.69916120500005, 24.81957417600006], [84.69925092600005, 24.820725150000044], [84.69963310000009, 24.82298195900006], [84.69991626000007, 24.825017579000075], [84.69991643300006, 24.82501760100007], [84.70313641600006, 24.82541762900007], [84.70420424900004, 24.824631700000054], [84.70490133300007, 24.824148325000067], [84.70559851100006, 24.82387717000006], [84.70753162700004, 24.822706977000053], [84.70843135200005, 24.82216029400007], [84.70939093700008, 24.822286133000034], [84.71015719400003, 24.821744065000075], [84.71111651300004, 24.82147722700006], [84.71172977000003, 24.82152197100004], [84.71309469600004, 24.82131808500003], [84.71604682900005, 24.820625673000052], [84.71874197500006, 24.820186172000035], [84.72043322700006, 24.81986014100005], [84.72122932200006, 24.819706094000026], [84.72153153300007, 24.82025661800003], [84.72146826100004, 24.821583778000047], [84.72429235200008, 24.821681214000023], [84.72542023000005, 24.821865545000037], [84.72614420800005, 24.82423480600005], [84.72637260900007, 24.825263894000045], [84.72659619400008, 24.826504989000057], [84.72668566600004, 24.82709628300006], [84.72634528400005, 24.82815725000006], [84.72663815600004, 24.829457107000053], [84.72720216200008, 24.829583069000023], [84.72773144700005, 24.82964589000005], [84.72789548500003, 24.830584742000042], [84.72785248000008, 24.832494076000046], [84.72712051200006, 24.83249457200003], [84.72734933200007, 24.834160048000058], [84.72745866000008, 24.83475579800006], [84.72725639300006, 24.835302140000067], [84.72741141000006, 24.837364851000075], [84.72746793800007, 24.839946774000055], [84.72761800800004, 24.841896704000078], [84.72797527300008, 24.843228018000048], [84.73077962700006, 24.842806349000057], [84.73226881900007, 24.843098661000056], [84.73296623100003, 24.84300791800007], [84.73327197900005, 24.841933359000052], [84.73390997600006, 24.84173426700005], [84.73546811300008, 24.841692554000076], [84.73584898700005, 24.841624496000065], [84.73608627700008, 24.841511471000047], [84.73594701200005, 24.840622347000078], [84.73591692300005, 24.840161972000033], [84.73629745300008, 24.83977797800003], [84.73688599800005, 24.83969184700004], [84.73798307300007, 24.838499311000078], [84.73824156000006, 24.839889366000023], [84.73801009200008, 24.841022544000054], [84.73784735000004, 24.841514721000067], [84.73784755600008, 24.84183517300005], [84.73873835300003, 24.842272351000076], [84.73943634500006, 24.842826992000028], [84.73975362700008, 24.843467747000034], [84.74029303800006, 24.84379236700005], [84.74220257200005, 24.843854106000038], [84.74373102000004, 24.843803182000045], [84.74570477300006, 24.84381067700008], [84.74787145200008, 24.843736680000063], [84.74953405800005, 24.84343461800006], [84.75039900300004, 24.84362704600005], [84.75164305100003, 24.84426311200008], [84.75331130500007, 24.843952729000023], [84.75466323500007, 24.843578106000052], [84.75486500800008, 24.84509985400007], [84.75509673100004, 24.847790875000044], [84.75659140300007, 24.84760619700006], [84.75808023100006, 24.84764275400005], [84.75817941700006, 24.848843699000042], [84.75834303200008, 24.851250067000024], [84.76226611400006, 24.85123133700006], [84.76199355600005, 24.85009303700008], [84.76608752500005, 24.849375144000078]]]]}}, {"type": "Feature", "properties": {"OBJECTID": 55, "BLOCK_CODE": "0010", "NEAR_TOWN": null, "BLK_NAME": "PARAIYA", "DIST_NAME": "GAYA"}, "geometry": {"type": "MultiPolygon", "coordinates": [[[[84.90458624900003, 24.85717604000007], [84.90492016300004, 24.854495555000028], [84.90500693600006, 24.854158144000053], [84.90522528900004, 24.853309084000045], [84.90566172700005, 24.851111889000038], [84.90657584000007, 24.849696679000033], [84.90835848000006, 24.849059769000064], [84.91027492800004, 24.848369022000043], [84.91099804100008, 24.84804120700005], [84.91140564500006, 24.847324380000032], [84.91168055200006, 24.846255194000037], [84.91181069500004, 24.84569577800005], [84.91234576900007, 24.845403600000054], [84.91439930000007, 24.845187071000055], [84.91490888700008, 24.845165688000066], [84.91516027700004, 24.845477695000056], [84.91538906000005, 24.84689553800007], [84.91589600600008, 24.847844586000065], [84.91651744000006, 24.84854560200006], [84.91732047700003, 24.84978422300003], [84.91802505500004, 24.85085556300004], [84.91840997700007, 24.851208447000033], [84.91862751600007, 24.85124502900004], [84.91884517000005, 24.851281630000074], [84.91955823500007, 24.851007890000062], [84.92079641800007, 24.85048251300003], [84.92211462100005, 24.849600663000047], [84.92368473400006, 24.848841295000057], [84.92524422500009, 24.848397840000075], [84.92536179900009, 24.84692207100005], [84.92555112600007, 24.844503041000053], [84.92579279800003, 24.842896649000068], [84.92579873300008, 24.840594560000056], [84.92530294100004, 24.83912656800004], [84.92504309100008, 24.838241237000034], [84.92516540200006, 24.836860282000032], [84.92500939600006, 24.83599779800005], [84.92417192300007, 24.834700526000063], [84.92388828600008, 24.833449510000037], [84.92373480900005, 24.831580475000067], [84.92402059700004, 24.828209276000052], [84.92412687900008, 24.827297704000046], [84.92436737400004, 24.826124566000033], [84.92501235900005, 24.82534512500007], [84.92648842500006, 24.82453132300003], [84.92783006400003, 24.824010587000032], [84.92837977900007, 24.823745513000063], [84.93095658700008, 24.823773561000053], [84.93308674300005, 24.824355835000063], [84.93467841800003, 24.82475641700006], [84.93636025400008, 24.824660718000075], [84.93832997600003, 24.82416373800004], [84.93982941700006, 24.82385542800006], [84.94072453200005, 24.823879834000024], [84.94037231900006, 24.822308346000057], [84.93971109100005, 24.82170661400005], [84.93985693300004, 24.82071389300006], [84.93901292100009, 24.820030496000072], [84.93829878900004, 24.82079636900005], [84.93768095200005, 24.820664144000034], [84.93763824700005, 24.81992829400008], [84.93664518900005, 24.81949744900004], [84.93508738000008, 24.819448984000076], [84.93437611500008, 24.81910445500006], [84.93395562200004, 24.817203237000058], [84.93272276500005, 24.81576978100003], [84.93280037400007, 24.81569646400004], [84.93323654900007, 24.814046510000026], [84.93336119300005, 24.811722173000078], [84.93307524500005, 24.809396958000036], [84.93255925000005, 24.808127395000042], [84.93157710000008, 24.80733092400004], [84.93071252800007, 24.80701311000007], [84.93059503000006, 24.80653886500005], [84.93157958200004, 24.806382952000035], [84.93337484100005, 24.806332659000077], [84.93461177400008, 24.806086949000075], [84.93445223200007, 24.80464671900006], [84.93490028300005, 24.803428961000066], [84.93535120100006, 24.801100716000064], [84.93577528800006, 24.800548813000034], [84.93577540000007, 24.800548667000044], [84.93577534500008, 24.80054862700007], [84.93209576900006, 24.797866446000057], [84.92983378400004, 24.797079547000067], [84.92842299500006, 24.797339435000026], [84.92620697500007, 24.797600978000048], [84.92421938400008, 24.797524494000072], [84.92358020500006, 24.796128301000067], [84.92240817100009, 24.794261523000046], [84.92076398700004, 24.791450201000032], [84.92023316600006, 24.79025743400007], [84.92012619900004, 24.789566550000075], [84.92070702000007, 24.788696670000036], [84.92157474900006, 24.787746152000068], [84.92166596000004, 24.786915744000055], [84.92046626600006, 24.788095816000066], [84.91960036400008, 24.78833760300006], [84.91827987600004, 24.788447502000054], [84.91517496200004, 24.78835935500007], [84.91410653800006, 24.788519499000074], [84.91404433400004, 24.78774750300005], [84.91400170100007, 24.787038723000023], [84.91309151700005, 24.787199162000036], [84.91149452300004, 24.787154943000075], [84.91013971200005, 24.787174391000065], [84.90999738700003, 24.78677682500006], [84.91024391400003, 24.785197537000045], [84.91002536700006, 24.78192453300005], [84.90997705500007, 24.781518171000073], [84.90991194200006, 24.78001936000004], [84.90968966300005, 24.776299417000075], [84.90982688500003, 24.774923038000054], [84.91067242100007, 24.774884335000024], [84.91191306400003, 24.77499093800003], [84.91382191000008, 24.774832780000054], [84.91375619000007, 24.77351453700004], [84.91388364200003, 24.77206587300003], [84.91370990000007, 24.770508246000077], [84.91410753900004, 24.76786393100008], [84.91402639800003, 24.764925253000058], [84.91405511900007, 24.763467293000076], [84.91400616600004, 24.761431456000025], [84.91411606600008, 24.759170209000047], [84.91524918900006, 24.758734954000033], [84.91593294500007, 24.75817224000008], [84.91638545900008, 24.757171129000028], [84.91618039900004, 24.756195674000026], [84.91443435900004, 24.754751890000023], [84.91241442500007, 24.754056711000032], [84.91083310600004, 24.75386801600007], [84.91018180000003, 24.753460305000033], [84.90755995000006, 24.752357436000068], [84.90645892500004, 24.751885532000074], [84.90541218700008, 24.751458783000032], [84.90461631300008, 24.751470459000075], [84.90418115400007, 24.75153717200004], [84.90361368100008, 24.75116573400004], [84.90335670300004, 24.751138070000025], [84.90253481700006, 24.751623685000027], [84.90167547000004, 24.75134636000007], [84.90074731600004, 24.750946947000045], [84.89983263000005, 24.751030541000034], [84.89907997700004, 24.751480223000044], [84.89768447200004, 24.752050172000054], [84.89611672900008, 24.75231734600004], [84.89526248800007, 24.751985749000028], [84.89408152900006, 24.751829499000053], [84.89333062900005, 24.75169230000006], [84.89286684900009, 24.751388742000074], [84.89257681300006, 24.75081031600007], [84.89272852900007, 24.750484192000044], [84.89221058700008, 24.749234079000075], [84.89191396100006, 24.747509071000025], [84.89166465200003, 24.74654245200003], [84.89155825500006, 24.745734257000038], [84.89132662200007, 24.743765650000057], [84.89080106000006, 24.742595270000038], [84.89083281800004, 24.74188669600005], [84.89213979300007, 24.741131505000055], [84.89319386200003, 24.74067809400003], [84.89433254500005, 24.74004429300004], [84.89376756900003, 24.738837772000068], [84.89396286300007, 24.737926410000057], [84.89499462500004, 24.736633381000047], [84.89366288800005, 24.735673293000048], [84.89127958800003, 24.734299862000057], [84.88923119500004, 24.733356109000056], [84.88751089900006, 24.733478346000027], [84.88618188500004, 24.73329900500005], [84.88537662100003, 24.73319324600004], [84.88416208200005, 24.73106424100007], [84.88381896700008, 24.73006584700005], [84.88349103700006, 24.72899972500005], [84.88304769200005, 24.72849310500004], [84.88260472700006, 24.72785557000003], [84.88155378300007, 24.727270720000035], [84.88069362900006, 24.72736786400003], [84.88008011900007, 24.727596575000064], [84.87944211100006, 24.72774849500007], [84.87849788100004, 24.72782286200004], [84.87808267900004, 24.727871462000053], [84.87603245800005, 24.72761360800007], [84.87575715900005, 24.727111880000052], [84.87570395000006, 24.726732557000048], [84.87568038000006, 24.726326319000066], [84.87570619700006, 24.72596973800006], [84.87606841900003, 24.725492161000034], [84.87636133400008, 24.72504606900003], [84.87633397100007, 24.724260511000068], [84.87622140400003, 24.72390369900006], [84.87580775700008, 24.723397041000055], [84.87539277100007, 24.723341901000026], [84.87489369800005, 24.723340637000035], [84.87453393700008, 24.723010247000047], [84.87442699200005, 24.722405087000027], [84.87434487200005, 24.721768374000078], [84.87401637200009, 24.720905465000044], [84.87319708500007, 24.720560301000035], [84.87258447200009, 24.720482014000027], [84.87219818600005, 24.720760905000077], [84.87172266500005, 24.721138879000023], [84.87155840100007, 24.72151761300006], [84.87133572900007, 24.721616398000037], [84.87122205800006, 24.72161612000008], [84.87102995800007, 24.721417038000027], [84.87094660100007, 24.72118660900003], [84.87083882400003, 24.720883901000036], [84.87064630000003, 24.720806706000076], [84.87053213200005, 24.720982391000064], [84.87025470800006, 24.721211964000076], [84.87014573900007, 24.721261281000068], [84.86986449200003, 24.721134195000047], [84.86972692700004, 24.72088106500007], [84.86951063000004, 24.720474280000076], [84.86939813600009, 24.720094800000027], [84.86903826000008, 24.71981405300005], [84.86873179100007, 24.71983579700003], [84.86842979300008, 24.720015661000048], [84.86815401800004, 24.719707937000067], [84.86801690500005, 24.71930141400003], [84.86765684700003, 24.719047661000047], [84.86715748400007, 24.71915019900007], [84.86668267700009, 24.71927536000004], [84.86637493900008, 24.71970338600005], [84.86585159000003, 24.719553165000036], [84.86542964100005, 24.71855897000006], [84.86513102300006, 24.717628406000074], [84.86466608500007, 24.716169165000053], [84.86372446900003, 24.713819516000058], [84.86309412300005, 24.713113773000032], [84.86265946400005, 24.711451459000045], [84.86193163100006, 24.71030311100003], [84.86154942600007, 24.709272922000025], [84.86133517900004, 24.708238726000047], [84.86073275400008, 24.70653084500003], [84.86017289400007, 24.705409987000053], [84.85946255200008, 24.703444527000045], [84.85797477900007, 24.703567041000042], [84.85673996700007, 24.703437456000074], [84.85580131700004, 24.703385311000034], [84.85492149400005, 24.703459722000048], [84.85398758700006, 24.703479822000077], [84.85260943200007, 24.70332726500004], [84.84793164400008, 24.70286339100005], [84.84692905100007, 24.70269823700005], [84.84591336600005, 24.702040926000052], [84.84503299500005, 24.70075662800008], [84.84594644000003, 24.699422956000035], [84.84661094000006, 24.698670916000026], [84.84699781400008, 24.69822063400005], [84.84676841000004, 24.697353262000036], [84.84605523300007, 24.696317687000032], [84.84405252000005, 24.693798051000044], [84.84171350700007, 24.689828486000067], [84.84089148100009, 24.688896347000025], [84.83936560200004, 24.688652971000067], [84.83782186300004, 24.689352893000034], [84.83729727900004, 24.689626829000076], [84.83638607700004, 24.690256221000027], [84.83495682500006, 24.69067662300006], [84.83418557700008, 24.690850503000036], [84.83286073700003, 24.691049933000045], [84.83112717500006, 24.690869086000077], [84.83042619900004, 24.69070460100005], [84.83042254200006, 24.691783434000058], [84.83052955900007, 24.692289317000075], [84.83052775000004, 24.69283997100007], [84.83022579100003, 24.69301515500007], [84.82967659100007, 24.693243867000035], [84.82890531300006, 24.69339063700005], [84.82846570300006, 24.693339738000077], [84.82799503700005, 24.693740182000056], [84.82769248000005, 24.694068850000065], [84.82755301900005, 24.69442050600003], [84.82768920700005, 24.69504836400006], [84.82793218900008, 24.696254242000066], [84.82794365200004, 24.697274379000078], [84.82771963000005, 24.69777487600004], [84.82738599100009, 24.698527711000054], [84.82702932100005, 24.698806577000028], [84.82661378600005, 24.69895435600006], [84.82573518600003, 24.698676484000032], [84.82494022600008, 24.698520811000037], [84.82345419900008, 24.69816447200003], [84.82382193000007, 24.69900064600006], [84.82482986700006, 24.700479491000067], [84.82567061900005, 24.70169162600007], [84.82596076900006, 24.702098738000075], [84.82700223600006, 24.703916253000045], [84.82745252600006, 24.705185925000023], [84.82785847900004, 24.707904447000033], [84.82827342900003, 24.710862192000036], [84.82914389800004, 24.713604574000044], [84.83007747200008, 24.715168986000037], [84.83093802100007, 24.716439795000042], [84.83206393300009, 24.718180749000055], [84.83222463400006, 24.71888539400004], [84.83293757300004, 24.719970685000078], [84.83351241700007, 24.720974355000067], [84.83421214200007, 24.72159476300004], [84.83619008600004, 24.722733232000053], [84.83709459000005, 24.724193683000067], [84.83758923100004, 24.72556270700005], [84.83841789500008, 24.72756921200005], [84.83905182300003, 24.728658795000058], [84.83975511000006, 24.729712392000067], [84.83997649900004, 24.730015422000065], [84.84076859400005, 24.73265370300004], [84.84073581700005, 24.735113737000063], [84.84107587800008, 24.736929214000043], [84.84210036300004, 24.73801988100007], [84.84290303200004, 24.738938336000047], [84.84372848700008, 24.740434666000056], [84.84432266300007, 24.74164154400006], [84.84481688700004, 24.74319110600004], [84.84497593600008, 24.744432835000055], [84.84533162500009, 24.74603170000006], [84.84434636600008, 24.746525634000022], [84.84365331300006, 24.746853232000035], [84.84301031200005, 24.746977885000035], [84.84176371300003, 24.747303970000075], [84.84021028900008, 24.74770599800007], [84.83990371600004, 24.74773220000003], [84.83898955900008, 24.747653013000047], [84.83857378900007, 24.747827907000044], [84.83812626700006, 24.748612050000077], [84.83807005300008, 24.74917167800004], [84.83726225400005, 24.749828481000065], [84.83676277000006, 24.74989932400007], [84.83627895900008, 24.749708335000037], [84.83583279500004, 24.750113363000025], [84.83632581800003, 24.750484891000042], [84.83631649200004, 24.753324063000036], [84.83609983000008, 24.754555743000026], [84.83570732500004, 24.755159535000075], [84.83474633900005, 24.755757195000058], [84.83450729100008, 24.756302745000028], [84.83444543400003, 24.757042820000038], [84.83650070800007, 24.760402302000045], [84.83834171800004, 24.76428479200007], [84.83943197100007, 24.76647706500006], [84.84029706000007, 24.767984357000046], [84.84031677300004, 24.768018703000052], [84.83815006600008, 24.769926620000035], [84.83579063300004, 24.77181143300004], [84.83522529700008, 24.772333401000026], [84.83329072900005, 24.77277944100007], [84.83177183000004, 24.773118294000028], [84.82995261100007, 24.773063524000065], [84.82876449800006, 24.773538640000027], [84.82720688600006, 24.773615482000025], [84.82424315400004, 24.774284194000074], [84.82262037700008, 24.774609069000064], [84.82164567400008, 24.774840995000034], [84.81866745800005, 24.775383115000068], [84.81761423300009, 24.775434247000078], [84.81599726000007, 24.775510802000042], [84.81450695800004, 24.776111397000022], [84.81368463900003, 24.776587414000062], [84.81359908600007, 24.777016028000048], [84.81365490900004, 24.77802728900008], [84.81421030600006, 24.780362513000057], [84.81490642000006, 24.783515202000046], [84.81510823900004, 24.785185968000064], [84.81554095600006, 24.785895849000042], [84.81622146200004, 24.790682505000063], [84.81530060400007, 24.791027388000032], [84.81335033700003, 24.79161302400007], [84.81258696100008, 24.792143381000074], [84.81559013200007, 24.794494892000046], [84.81672992400007, 24.795193293000068], [84.81964107800007, 24.798469676000025], [84.82043832600004, 24.799568859000033], [84.82068497300008, 24.801194547000023], [84.82096842500005, 24.80362380500003], [84.82105328400007, 24.80627370900004], [84.82136766700006, 24.80976380900006], [84.82107372400003, 24.81182578000005], [84.82090051500006, 24.813310284000067], [84.82099922500004, 24.814809137000054], [84.82158318500007, 24.817564293000032], [84.82211756100008, 24.818951522000077], [84.82208979200004, 24.819836140000064], [84.82220496200006, 24.82087473000007], [84.82249420700003, 24.821611269000073], [84.82255325300008, 24.823155204000045], [84.82226386600007, 24.82531199400006], [84.82227973600004, 24.826458511000055], [84.82226477300009, 24.826503562000028], [84.82286111100007, 24.82711471600004], [84.82335146100007, 24.828370944000028], [84.82377608300004, 24.830051293000054], [84.82361420500007, 24.831097984000053], [84.82343804900006, 24.83198216900007], [84.82359378000007, 24.832731997000053], [84.82384759100006, 24.833712177000052], [84.82431934100003, 24.834625301000074], [84.82435128900005, 24.835419803000036], [84.82498787200007, 24.837308423000025], [84.82570950500008, 24.83893996100005], [84.82612419000003, 24.839171375000035], [84.82950287700004, 24.83913128300003], [84.83233667400003, 24.839279141000077], [84.83286426300003, 24.839790623000056], [84.83299865400005, 24.84103686900005], [84.83324482900008, 24.842847591000066], [84.83351715100008, 24.844247584000072], [84.83383425200003, 24.84558455000007], [84.83459627300005, 24.84553249800007], [84.83584874100006, 24.845256163000045], [84.83622292300004, 24.84579436300004], [84.83716721800005, 24.845950385000037], [84.83858788100008, 24.845674469000073], [84.83892077900003, 24.845242057000064], [84.84011815000008, 24.84514611700007], [84.84217215800004, 24.844822211000064], [84.84342892000006, 24.84473534400007], [84.84358475400006, 24.84550311000004], [84.84439484900008, 24.84738759100003], [84.84539920900005, 24.848870797000075], [84.84688823000005, 24.850382443000058], [84.84862746500005, 24.85260341700007], [84.85037572500005, 24.855059165000057], [84.85098372900006, 24.855864933000078], [84.85239247200008, 24.85562419100006], [84.85436899400008, 24.854803488000073], [84.85629688400007, 24.85371172300006], [84.85928801900008, 24.852721966000047], [84.86132450700006, 24.851684657000078], [84.86391090100005, 24.850413892000063], [84.86505427300006, 24.850186631000042], [84.86507898700006, 24.850186721000057], [84.86509879900007, 24.850186793000034], [84.86638623200008, 24.85140431700006], [84.86735248400004, 24.854115097000033], [84.86768829100004, 24.855930498000077], [84.86721741800005, 24.85782512700007], [84.86763497300007, 24.858792152000035], [84.87282193400006, 24.858101159000057], [84.87599826900004, 24.85802794800003], [84.87960097200005, 24.85768935400006], [84.88264936900003, 24.85738994600007], [84.88826347400004, 24.856067564000057], [84.89025389500006, 24.85549006100007], [84.89063852900006, 24.855937899000025], [84.89085001200004, 24.856353639000076], [84.89071239400005, 24.857761649000054], [84.89028277800008, 24.859182501000078], [84.88993888600004, 24.860057341000072], [84.88947242600005, 24.860566221000056], [84.88907134500005, 24.862397917000067], [84.88943797500008, 24.863910899000075], [84.89000827200005, 24.865153613000075], [84.89089524600007, 24.866410518000066], [84.89125856300006, 24.86757555500003], [84.89126292600008, 24.867589545000044], [84.89189370300005, 24.86848932500004], [84.89249776000008, 24.868337263000058], [84.89387545100004, 24.867541665000033], [84.89566364500007, 24.866814651000027], [84.89688254100008, 24.86619014400003], [84.89854788300005, 24.86514689200004], [84.89959282800004, 24.864788198000042], [84.90096917200003, 24.86447544300006], [84.90270242600008, 24.86390622400006], [84.90372730000007, 24.863633253000046], [84.90408150000007, 24.862559821000048], [84.90438885500004, 24.86056092000007], [84.90458624900003, 24.85717604000007]]]]}}, {"type": "Feature", "properties": {"OBJECTID": 56, "BLOCK_CODE": "0009", "NEAR_TOWN": "GAYA", "BLK_NAME": "GAYA", "DIST_NAME": "GAYA"}, "geometry": {"type": "MultiPolygon", "coordinates": [[[[85.00686944500006, 24.903748390000032], [85.00761753300003, 24.903338904000066], [85.00851829400005, 24.903340368000045], [85.00877166600003, 24.902839697000047], [85.00947241100005, 24.90133325200003], [85.00992481400004, 24.90024164400006], [85.01049996900008, 24.899723437000034], [85.01130189100007, 24.899589271000025], [85.01172555800008, 24.900619107000068], [85.01137129000006, 24.90212620400007], [85.01117010900003, 24.903814038000064], [85.01146638500006, 24.90418016500007], [85.01271833700008, 24.904272456000058], [85.01387132300005, 24.90431949200007], [85.01501943400007, 24.904366319000076], [85.01651877500007, 24.90450867100003], [85.01677246300005, 24.903822915000035], [85.01962231600004, 24.90432842000007], [85.02136896700006, 24.904516113000057], [85.02257073600003, 24.905019045000074], [85.02401917800006, 24.905932981000035], [85.02836969900005, 24.905804191000072], [85.03217125700007, 24.90548931400008], [85.03625461300004, 24.905355281000027], [85.03825418300005, 24.905312996000077], [85.03990220200006, 24.905315320000057], [85.04015625100004, 24.904358778000073], [85.04126031200008, 24.901169026000048], [85.04126069400007, 24.90116914500004], [85.04204158400006, 24.898592705000056], [85.04139417800008, 24.895080045000043], [85.04004953500004, 24.891291032000026], [85.03755654700007, 24.890651013000024], [85.03575662500003, 24.889826963000075], [85.03521031200006, 24.888137938000057], [85.03481298800006, 24.88608359600005], [85.03487007800004, 24.88453093800007], [85.03377273600006, 24.881017522000036], [85.03173278500003, 24.876085438000075], [85.03108752600008, 24.87439639200005], [85.03016119500006, 24.872228369000027], [85.03008760000006, 24.871862572000055], [85.03001400900007, 24.871496867000076], [85.02871281100005, 24.86869180000008], [85.02732036100008, 24.864306830000032], [85.02615165400005, 24.862169977000065], [85.02455211600005, 24.860253760000035], [85.02246447800007, 24.857451938000054], [85.02120113600006, 24.85572123600008], [85.01988526900004, 24.852983812000048], [85.01998944700006, 24.852843997000036], [85.02154574200006, 24.851253067000073], [85.02317508900006, 24.850289556000064], [85.02334031400005, 24.84917037500003], [85.02342805900008, 24.847179878000077], [85.02354926900006, 24.84582593600004], [85.02404734900006, 24.843953442000043], [85.02386336300003, 24.84171873400004], [85.02370337000008, 24.83994006200004], [85.02384608800008, 24.837615679000066], [85.02413240300007, 24.835210161000077], [85.02366612000003, 24.833164728000042], [85.02453621200004, 24.830705934000036], [85.02482396100004, 24.828889872000047], [85.02411012200008, 24.826867330000027], [85.02458601400008, 24.825439653000046], [85.02482396100004, 24.823655057000053], [85.02447655900005, 24.821475471000042], [85.02379127400008, 24.819648045000065], [85.02316309700007, 24.818049047000045], [85.02233742400006, 24.816647545000023], [85.02148081800004, 24.814743976000045], [85.02043385500008, 24.811507909000056], [85.01929171400008, 24.808747734000065], [85.01881582200008, 24.806177916000024], [85.01795921600007, 24.80341774200008], [85.01723585900004, 24.801228637000065], [85.01586529000008, 24.798715927000046], [85.01535132600003, 24.79688850100007], [85.01472314900008, 24.794889753000064], [85.01398075700007, 24.792662578000034], [85.01329547200004, 24.79106358000007], [85.01289435800004, 24.787454956000033], [85.01226689400005, 24.785348658000032], [85.01233417000003, 24.783944233000057], [85.01215571000006, 24.781338723000033], [85.01133479600009, 24.778840289000073], [85.01129910400005, 24.776413239000078], [85.01126341200006, 24.775056946000063], [85.01204863400005, 24.772986815000024], [85.01272678100008, 24.771309295000037], [85.01215981900003, 24.768825680000077], [85.01204382800006, 24.767325026000037], [85.01142232700005, 24.76398832500007], [85.01290130200005, 24.760961804000033], [85.01412067200005, 24.759198764000075], [85.01491031600005, 24.757241030000046], [85.01477316300003, 24.753972687000044], [85.01456424500003, 24.752004300000067], [85.01449786900008, 24.750491056000044], [85.01438394000007, 24.745686188000036], [85.01480625800008, 24.743253520000053], [85.01540630400007, 24.741015065000056], [85.01530836500007, 24.739949634000027], [85.01558674300009, 24.738094638000064], [85.01552960900005, 24.73562098900004], [85.01518968700003, 24.734343254000066], [85.01536337600004, 24.733476723000024], [85.01613055300004, 24.732222398000033], [85.01525563500007, 24.732415846000038], [85.01466253400008, 24.73243347500005], [85.01170237600007, 24.73207913400006], [85.00749642000005, 24.73209397900007], [85.00526609100007, 24.733500588000027], [85.00325337400005, 24.73471770200007], [85.00230393700008, 24.73523149700003], [84.99982718500007, 24.735906553000063], [84.99784004600008, 24.736112555000034], [84.99765177500007, 24.735862005000058], [84.99734583200006, 24.735635811000066], [84.99684675900005, 24.735558295000033], [84.99587778200004, 24.735710091000044], [84.99498819700005, 24.735654431000057], [84.99435094500006, 24.73550436800008], [84.99068836600009, 24.73559732700005], [84.99052628500004, 24.735114143000033], [84.99066559000005, 24.73468550700005], [84.99099810900003, 24.73402703900007], [84.99052999900005, 24.733317558000067], [84.98919509100006, 24.733568025000068], [84.98629882100005, 24.733553916000062], [84.98601437800005, 24.730195053000045], [84.98554576200007, 24.72976544000005], [84.98482433400005, 24.729664858000035], [84.98396380300005, 24.729938637000032], [84.98304916500007, 24.73011761600003], [84.98193668300007, 24.730318733000047], [84.98129880900007, 24.730466559000035], [84.97980134800008, 24.730490970000062], [84.97885681100007, 24.73074200700006], [84.97763579900004, 24.730839092000053], [84.97620607900006, 24.731509080000023], [84.97523669100008, 24.73181423400007], [84.97456796000006, 24.73249456700006], [84.97381620300007, 24.732773070000064], [84.97329180200006, 24.73300232200006], [84.97154680500006, 24.733120953000025], [84.97123848300004, 24.733982553000033], [84.97147280600007, 24.735287543000027], [84.97177228000004, 24.736226921000025], [84.97166224700004, 24.736809081000047], [84.97182370500008, 24.737517999000033], [84.97179728300006, 24.738303447000078], [84.97118400800008, 24.738478348000058], [84.96974546600006, 24.73860200100006], [84.96874694200005, 24.738676919000056], [84.96785725400008, 24.73865261000003], [84.96661144600006, 24.73879922800006], [84.96394723100008, 24.738875423000025], [84.96130792000008, 24.738870349000024], [84.96128515000004, 24.73800818500007], [84.96120289500004, 24.737222553000038], [84.96103557800006, 24.736919791000048], [84.96053689100006, 24.736715755000034], [84.95970589100006, 24.73699397200005], [84.95909758700003, 24.737146280000047], [84.95767851300008, 24.73741889100006], [84.95627976900005, 24.737402589000055], [84.95528209600008, 24.737093709000078], [84.95458591000005, 24.736789877000035], [84.95372613100005, 24.73671146500004], [84.95225831600004, 24.73665883900003], [84.95186728100003, 24.736910909000073], [84.95136767100007, 24.73708595100004], [84.95012238900006, 24.736984153000037], [84.94923250400007, 24.737059050000028], [84.94890324600004, 24.73629552600005], [84.94921120200007, 24.735664198000052], [84.94890586600008, 24.735207681000077], [84.94851608500005, 24.734899977000055], [84.94826982500007, 24.73454741100005], [84.94748061000007, 24.733895829000062], [84.94742732200007, 24.733462360000033], [84.94762159700008, 24.73283081200003], [84.94856858600008, 24.73156435100003], [84.94884721800008, 24.73082912900003], [84.94813150900006, 24.73041240200007], [84.94749405700009, 24.73038854500004], [84.94727090000003, 24.73071757400004], [84.94671648900004, 24.73104599000004], [84.94660101100004, 24.731804071000056], [84.94626855400008, 24.732336046000057], [84.94497803600007, 24.732572636000043], [84.94181503800007, 24.732566245000044], [84.94120737800006, 24.732438599000034], [84.94059469900003, 24.732387665000033], [84.94009728600008, 24.731650882000054], [84.93937529100003, 24.73185244600006], [84.93929087600003, 24.73197868400007], [84.93901285800007, 24.732510740000066], [84.93884823800005, 24.733119771000077], [84.93864951900008, 24.733521147000033], [84.93804113400006, 24.73370036600005], [84.93759675400008, 24.73354601400007], [84.93704349500007, 24.733445536000033], [84.93571455600005, 24.733212542000047], [84.93496290400003, 24.733364460000075], [84.93438872800004, 24.735678841000038], [84.93424788100003, 24.73664001700007], [84.93352534500008, 24.73701770400004], [84.93266485200007, 24.737196398000037], [84.93225001100006, 24.737091751000037], [84.93142031200006, 24.736837225000045], [84.93042196000005, 24.73683506100008], [84.92902334000007, 24.736768856000026], [84.92805045100005, 24.736459839000076], [84.92778905500006, 24.736242589000028], [84.92740529900004, 24.735582742000076], [84.92718444000008, 24.734972870000036], [84.92726925900007, 24.734643594000033], [84.92776833000005, 24.73469876400003], [84.92826661700008, 24.73505196700006], [84.92851393900008, 24.73497571100006], [84.92857217700004, 24.733481778000055], [84.92799523400004, 24.73102042800008], [84.92750236900008, 24.73050031300005], [84.92719730800007, 24.729967011000042], [84.92747581500004, 24.729286002000038], [84.92750680500006, 24.72877595400007], [84.92711646300006, 24.728725508000025], [84.92681009700004, 24.728697711000052], [84.92650448300003, 24.72839463400004], [84.92575887200007, 24.728140248000045], [84.92528943600007, 24.728139213000077], [84.92489999300005, 24.727759218000074], [84.92490135600008, 24.72719954300004], [84.92517839100003, 24.72712786900007], [84.92559273600006, 24.727431253000077], [84.92586880600004, 24.72768461000004], [84.92615015200005, 24.727838676000033], [84.92634328500003, 24.72768566600007], [84.92676104200007, 24.72664830900004], [84.92684831800005, 24.72538015400005], [84.92695906100005, 24.72462196400005], [84.92571418200004, 24.724416233000056], [84.92404871000008, 24.72441258400005], [84.92304875400004, 24.72506945600003], [84.92172912400008, 24.725084588000072], [84.92098187200008, 24.72546660000006], [84.92051180100003, 24.72569126600007], [84.91989832700006, 24.72594270700006], [84.91906769400003, 24.726067313000044], [84.91781556000007, 24.72675061800004], [84.91617703900005, 24.72778523200003], [84.91466186500008, 24.72883358400003], [84.91462934500004, 24.72989879200003], [84.91531527200004, 24.732157270000073], [84.91573312400004, 24.732993298000054], [84.91607523100004, 24.734451983000042], [84.91662555600004, 24.735644895000064], [84.91714976600008, 24.73741549300007], [84.91786889800005, 24.738356045000046], [84.91800576000009, 24.738938576000066], [84.91873814300004, 24.740470479000066], [84.91934219700005, 24.741943278000065], [84.91981068400008, 24.742350611000063], [84.92039300700003, 24.742703922000032], [84.92130661200008, 24.743012944000043], [84.92236337800006, 24.74336732100005], [84.92300048300007, 24.74354928100007], [84.92377624100004, 24.743677344000048], [84.92422003000007, 24.744084531000055], [84.92410509300004, 24.744562802000075], [84.92447766800007, 24.745741740000028], [84.92461103300008, 24.747664903000043], [84.92466236600006, 24.74883410500007], [84.92429830300006, 24.75007469700006], [84.92425335900003, 24.75048422200007], [84.92524030900006, 24.75279862700006], [84.92465708400005, 24.752797353000062], [84.92297590800007, 24.752983304000054], [84.92191248000006, 24.75322920900004], [84.92117400300003, 24.75396338200005], [84.92124119200008, 24.754748951000067], [84.92086338800004, 24.75556060100007], [84.91948656400007, 24.75652801600006], [84.91924775600006, 24.757123353000054], [84.91869355800003, 24.759189481000078], [84.91562337100004, 24.75933156900004], [84.91411606600008, 24.759170209000047], [84.91400616600004, 24.761431456000025], [84.91405511900007, 24.763467293000076], [84.91402639800003, 24.764925253000058], [84.91410753900004, 24.76786393100008], [84.91370990000007, 24.770508246000077], [84.91388364200003, 24.77206587300003], [84.91375619000007, 24.77351453700004], [84.91382191000008, 24.774832780000054], [84.91191306400003, 24.77499093800003], [84.91067242100007, 24.774884335000024], [84.90982688500003, 24.774923038000054], [84.90968966300005, 24.776299417000075], [84.90991194200006, 24.78001936000004], [84.90997705500007, 24.781518171000073], [84.91002536700006, 24.78192453300005], [84.91024391400003, 24.785197537000045], [84.90999738700003, 24.78677682500006], [84.91013971200005, 24.787174391000065], [84.91149452300004, 24.787154943000075], [84.91309151700005, 24.787199162000036], [84.91400170100007, 24.787038723000023], [84.91404433400004, 24.78774750300005], [84.91410653800006, 24.788519499000074], [84.91517496200004, 24.78835935500007], [84.91827987600004, 24.788447502000054], [84.91960036400008, 24.78833760300006], [84.92046626600006, 24.788095816000066], [84.92166596000004, 24.786915744000055], [84.92157474900006, 24.787746152000068], [84.92070702000007, 24.788696670000036], [84.92012619900004, 24.789566550000075], [84.92023316600006, 24.79025743400007], [84.92076398700004, 24.791450201000032], [84.92240817100009, 24.794261523000046], [84.92358020500006, 24.796128301000067], [84.92421938400008, 24.797524494000072], [84.92620697500007, 24.797600978000048], [84.92842299500006, 24.797339435000026], [84.92983378400004, 24.797079547000067], [84.93209576900006, 24.797866446000057], [84.93577534500008, 24.80054862700007], [84.93577540000007, 24.800548667000044], [84.93577528800006, 24.800548813000034], [84.93535120100006, 24.801100716000064], [84.93490028300005, 24.803428961000066], [84.93445223200007, 24.80464671900006], [84.93461177400008, 24.806086949000075], [84.93337484100005, 24.806332659000077], [84.93157958200004, 24.806382952000035], [84.93059503000006, 24.80653886500005], [84.93071252800007, 24.80701311000007], [84.93157710000008, 24.80733092400004], [84.93255925000005, 24.808127395000042], [84.93307524500005, 24.809396958000036], [84.93336119300005, 24.811722173000078], [84.93323654900007, 24.814046510000026], [84.93280037400007, 24.81569646400004], [84.93272276500005, 24.81576978100003], [84.93395562200004, 24.817203237000058], [84.93437611500008, 24.81910445500006], [84.93508738000008, 24.819448984000076], [84.93664518900005, 24.81949744900004], [84.93763824700005, 24.81992829400008], [84.93768095200005, 24.820664144000034], [84.93829878900004, 24.82079636900005], [84.93901292100009, 24.820030496000072], [84.93985693300004, 24.82071389300006], [84.93971109100005, 24.82170661400005], [84.94037231900006, 24.822308346000057], [84.94072453200005, 24.823879834000024], [84.93982941700006, 24.82385542800006], [84.93832997600003, 24.82416373800004], [84.93636025400008, 24.824660718000075], [84.93467841800003, 24.82475641700006], [84.93308674300005, 24.824355835000063], [84.93095658700008, 24.823773561000053], [84.92837977900007, 24.823745513000063], [84.92783006400003, 24.824010587000032], [84.92648842500006, 24.82453132300003], [84.92501235900005, 24.82534512500007], [84.92436737400004, 24.826124566000033], [84.92412687900008, 24.827297704000046], [84.92402059700004, 24.828209276000052], [84.92373480900005, 24.831580475000067], [84.92388828600008, 24.833449510000037], [84.92417192300007, 24.834700526000063], [84.92500939600006, 24.83599779800005], [84.92516540200006, 24.836860282000032], [84.92504309100008, 24.838241237000034], [84.92530294100004, 24.83912656800004], [84.92579873300008, 24.840594560000056], [84.92579279800003, 24.842896649000068], [84.92555112600007, 24.844503041000053], [84.92536179900009, 24.84692207100005], [84.92524422500009, 24.848397840000075], [84.92368473400006, 24.848841295000057], [84.92211462100005, 24.849600663000047], [84.92079641800007, 24.85048251300003], [84.91955823500007, 24.851007890000062], [84.91884517000005, 24.851281630000074], [84.91862751600007, 24.85124502900004], [84.91840997700007, 24.851208447000033], [84.91802505500004, 24.85085556300004], [84.91732047700003, 24.84978422300003], [84.91651744000006, 24.84854560200006], [84.91589600600008, 24.847844586000065], [84.91538906000005, 24.84689553800007], [84.91516027700004, 24.845477695000056], [84.91490888700008, 24.845165688000066], [84.91439930000007, 24.845187071000055], [84.91234576900007, 24.845403600000054], [84.91181069500004, 24.84569577800005], [84.91168055200006, 24.846255194000037], [84.91140564500006, 24.847324380000032], [84.91099804100008, 24.84804120700005], [84.91027492800004, 24.848369022000043], [84.90835848000006, 24.849059769000064], [84.90657584000007, 24.849696679000033], [84.90566172700005, 24.851111889000038], [84.90522528900004, 24.853309084000045], [84.90500693600006, 24.854158144000053], [84.90492016300004, 24.854495555000028], [84.90458624900003, 24.85717604000007], [84.90438885500004, 24.86056092000007], [84.90408150000007, 24.862559821000048], [84.90372730000007, 24.863633253000046], [84.90454054000008, 24.864759136000032], [84.90498882300005, 24.865459800000053], [84.90548199400007, 24.866029706000063], [84.90663509200004, 24.865914949000057], [84.90993128000008, 24.865543389000038], [84.91162931900004, 24.865168078000067], [84.91313423700007, 24.864846518000036], [84.91355086900006, 24.864441215000056], [84.91495646000004, 24.86426834100007], [84.91528846400007, 24.865921098000058], [84.91594150600008, 24.867804791000026], [84.91593925000006, 24.868621833000077], [84.91651191300008, 24.869119627000032], [84.91836614300007, 24.86953450200008], [84.92072920400005, 24.870298098000035], [84.92389948200008, 24.870769980000034], [84.92597669600008, 24.87112662000004], [84.92702106700006, 24.870979901000055], [84.92814830300006, 24.871298292000063], [84.92857279900005, 24.871714460000078], [84.92877303500006, 24.87273055000003], [84.92844445900005, 24.875420030000043], [84.92760745300006, 24.877643603000024], [84.92721826600007, 24.87887498300006], [84.92635719200007, 24.880827573000033], [84.92645923400005, 24.881563541000048], [84.92654244800008, 24.881879696000055], [84.92696725100006, 24.882174082000063], [84.92677749700005, 24.882837193000057], [84.92736643400008, 24.882811400000037], [84.92814220600008, 24.883228333000034], [84.92929416600003, 24.883646058000068], [84.93048629200007, 24.883784027000047], [84.93195022000003, 24.882166711000025], [84.93346761100008, 24.880888037000034], [84.93545546600006, 24.879465808000077], [84.93733051500004, 24.879591658000038], [84.93911262800003, 24.879288435000035], [84.93875329600007, 24.880510970000046], [84.93826504900005, 24.881837019000045], [84.93712593100008, 24.88419981800007], [84.93642205800006, 24.884690360000036], [84.93606041600003, 24.88681559400004], [84.93809197600007, 24.887700068000072], [84.93948598100008, 24.88831235400005], [84.94056929100003, 24.888450044000024], [84.94290047600003, 24.888283323000053], [84.94496565800006, 24.887628584000026], [84.94718993500004, 24.886608456000033], [84.94818538300007, 24.886289988000044], [84.94889165300003, 24.886837548000074], [84.94880918600006, 24.888227633000042], [84.94918262100003, 24.889307231000032], [84.94973994100008, 24.89006663500004], [84.94975340600007, 24.890066662000038], [84.95022372900007, 24.890568723000058], [84.95054405400003, 24.891110961000038], [84.95059663800004, 24.891914546000066], [84.95191341200007, 24.891723098000057], [84.95349228500004, 24.891626952000024], [84.95565942000007, 24.891766612000026], [84.95566190700004, 24.89176677200004], [84.95577586400003, 24.892750903000035], [84.95661827000004, 24.894377519000045], [84.95694235200006, 24.895447904000036], [84.95783338600006, 24.89536393800006], [84.95825359500003, 24.895536243000038], [84.95844063900006, 24.895965481000076], [84.95806379700008, 24.896262586000034], [84.95778121100005, 24.896474220000073], [84.95796892700008, 24.896646160000046], [84.95881502200007, 24.89669286900005], [84.96130159600006, 24.895713770000043], [84.96292663200006, 24.89494498600004], [84.96504985200005, 24.89487682600003], [84.96810764300005, 24.89510383000004], [84.96991862300007, 24.895211087000064], [84.97051290200005, 24.895160408000038], [84.97059182900006, 24.895153678000042], [84.97334375200006, 24.89498723300005], [84.97298795600005, 24.896977243000038], [84.97291624100006, 24.898033354000063], [84.97434650000008, 24.898053980000043], [84.97538558700006, 24.89814172900003], [84.97568194400003, 24.898390472000074], [84.97583767400005, 24.899586918000068], [84.97599404000005, 24.90047650500003], [84.97591325400003, 24.90123012600003], [84.97586751200004, 24.901749104000032], [84.97579678900007, 24.902407981000067], [84.97629516000006, 24.903113094000048], [84.97690792300006, 24.90350694600005], [84.97776891300003, 24.903571680000027], [84.97867014400003, 24.903343106000023], [84.97903263200004, 24.902806637000026], [84.98010491200006, 24.901300976000073], [84.98078355300004, 24.90103139100006], [84.98207553900005, 24.900871162000044], [84.98395585500003, 24.901037092000024], [84.98505415900007, 24.90119250500004], [84.98711289900007, 24.90121418800004], [84.98813242500006, 24.901215988000047], [84.98888567600005, 24.900743328000033], [84.99001990100004, 24.900289489000045], [84.99098638700008, 24.899623116000043], [84.99177441100005, 24.899073782000073], [84.99279497500004, 24.898551930000053], [84.99524126400007, 24.89780681800005], [84.99636570400008, 24.897307742000066], [84.99677930100006, 24.898310492000064], [84.99690938200007, 24.90007564700005], [84.99719520300005, 24.900649400000077], [84.99750559300008, 24.90134054300006], [84.99766341600008, 24.90162514000008], [84.99783919700008, 24.90179244500007], [84.99784119300006, 24.901792447000048], [84.99794019900008, 24.901792584000077], [84.99854921300005, 24.901644739000062], [84.99883665400006, 24.901491734000047], [84.99909342500007, 24.901731398000038], [84.99906724500005, 24.902462541000034], [84.99906570800005, 24.903211862000035], [84.99902906000005, 24.904231942000024], [84.99895497600005, 24.90659701900006], [84.99909030700007, 24.908213231000047], [84.99989084100008, 24.90881490000004], [85.00097389500007, 24.909245570000053], [85.00270474300004, 24.90998870800007], [85.00475632900003, 24.908669554000028], [85.00615896500005, 24.907669772000077], [85.00646306400006, 24.906573407000053], [85.00676879500008, 24.90461487300007], [85.00686944500006, 24.903748390000032]]]]}}, {"type": "Feature", "properties": {"OBJECTID": 57, "BLOCK_CODE": "0008", "NEAR_TOWN": "GAYA", "BLK_NAME": "MANPUR", "DIST_NAME": "GAYA"}, "geometry": {"type": "MultiPolygon", "coordinates": [[[[85.09906225100008, 24.76381355600006], [85.09658317500003, 24.765720447000035], [85.09415274000008, 24.76824567500006], [85.09230111500005, 24.770329186000026], [85.09186692400004, 24.76962007800006], [85.09157605000007, 24.769041935000075], [85.09079983100008, 24.76904111500005], [85.09021640100008, 24.769085610000047], [85.08914932400006, 24.768506727000045], [85.08828478100008, 24.76798214200005], [85.08617044500005, 24.76676565200006], [85.08465878800007, 24.765983066000047], [85.08207853600004, 24.76470937000005], [85.08206508300003, 24.764702729000078], [85.07997072300003, 24.763391349000074], [85.07861304300008, 24.762116857000024], [85.07707724700003, 24.760357202000023], [85.07963541800007, 24.759143368000025], [85.08113473900005, 24.75802102800003], [85.08172399300008, 24.757290425000065], [85.08161940800005, 24.75416675200006], [85.08183293900004, 24.753435721000073], [85.08295495000004, 24.75348663400007], [85.08365122300006, 24.754024533000063], [85.08519792500005, 24.754418962000045], [85.08661191300007, 24.75429412400007], [85.08853496800003, 24.754151742000033], [85.09002910800007, 24.753128697000022], [85.09147265100006, 24.752981282000064], [85.09283177800006, 24.753203899000027], [85.09419081300007, 24.753426490000038], [85.09510256300007, 24.75167154500008], [85.09523006600006, 24.750495061000038], [85.09540147800004, 24.748486814000046], [85.09649922300008, 24.746839484000077], [85.09503767700005, 24.739783828000043], [85.09458844600005, 24.73746811700005], [85.09086150800005, 24.738780881000025], [85.08233984000003, 24.74072413700003], [85.08200357100003, 24.741378610000027], [85.08187394600003, 24.744633091000026], [85.08015370300006, 24.74490349100006], [85.07838917900006, 24.744821668000043], [85.07611442900009, 24.747655647000045], [85.07443807000004, 24.749302700000044], [85.07418606900006, 24.749225869000043], [85.07406295800007, 24.748038674000043], [85.07285259800005, 24.74638618700004], [85.07251735900007, 24.74431412200005], [85.07306717400007, 24.741402813000036], [85.07197510500004, 24.740865264000035], [85.06916294300004, 24.74021428800006], [85.06803157300004, 24.73921628200003], [85.06732553600006, 24.737599963000036], [85.06594213400007, 24.736448362000033], [85.06510209300006, 24.73602823500005], [85.06480587000004, 24.73533745700007], [85.06388158300007, 24.73553123800008], [85.06290826900005, 24.734871809000026], [85.06208353900007, 24.733417908000035], [85.06071484300008, 24.73272225000005], [85.05762696800008, 24.730730142000027], [85.05455767600006, 24.731017692000023], [85.05148830300004, 24.731372803000056], [85.05106322900008, 24.731544073000066], [85.04803826900007, 24.73192621800007], [85.04966327100004, 24.73370562100007], [85.04987532600006, 24.73451820400004], [85.05110053400006, 24.735272640000062], [85.05353169900008, 24.736244301000056], [85.05456935600006, 24.736637561000066], [85.05412424500008, 24.73719254300005], [85.05265564400008, 24.738315834000048], [85.05119724100007, 24.73892896700005], [85.04916556300003, 24.739523822000024], [85.04641560500005, 24.74242035000003], [85.04646946100007, 24.743273487000067], [85.04594027900004, 24.743751691000057], [85.04469463200007, 24.743922610000027], [85.04426936800007, 24.744193173000042], [85.04439723900003, 24.745123114000023], [85.04380868800007, 24.74570062500004], [85.04334353400003, 24.746548993000033], [85.04357536300006, 24.747320952000052], [85.04325383500003, 24.747767666000072], [85.04313545400004, 24.747784342000045], [85.04287312400004, 24.747821662000035], [85.04251752400006, 24.747360977000028], [85.04093109700005, 24.747030620000032], [85.04067935800003, 24.74652489700003], [85.03822262500006, 24.746658878000062], [85.03708041600004, 24.747254079000072], [85.03631965700004, 24.746675890000063], [85.03577099900008, 24.746580771000026], [85.03515806400009, 24.746688667000058], [85.03532579700004, 24.747113126000045], [85.03493988400004, 24.74759591700007], [85.03390181200007, 24.74765393800004], [85.03325017300006, 24.746592768000028], [85.02986376600006, 24.74728131200004], [85.02926976600008, 24.748459026000035], [85.02848820200006, 24.750492678000057], [85.02558873100008, 24.75123581200006], [85.02408558000008, 24.751495374000058], [85.02200945700008, 24.751492237000036], [85.01849971200005, 24.751617714000076], [85.01456424500003, 24.752004300000067], [85.01477316300003, 24.753972687000044], [85.01491031600005, 24.757241030000046], [85.01412067200005, 24.759198764000075], [85.01290130200005, 24.760961804000033], [85.01142232700005, 24.76398832500007], [85.01204382800006, 24.767325026000037], [85.01215981900003, 24.768825680000077], [85.01272678100008, 24.771309295000037], [85.01204863400005, 24.772986815000024], [85.01126341200006, 24.775056946000063], [85.01129910400005, 24.776413239000078], [85.01133479600009, 24.778840289000073], [85.01215571000006, 24.781338723000033], [85.01233417000003, 24.783944233000057], [85.01226689400005, 24.785348658000032], [85.01289435800004, 24.787454956000033], [85.01329547200004, 24.79106358000007], [85.01398075700007, 24.792662578000034], [85.01472314900008, 24.794889753000064], [85.01535132600003, 24.79688850100007], [85.01586529000008, 24.798715927000046], [85.01723585900004, 24.801228637000065], [85.01795921600007, 24.80341774200008], [85.01881582200008, 24.806177916000024], [85.01929171400008, 24.808747734000065], [85.02043385500008, 24.811507909000056], [85.02148081800004, 24.814743976000045], [85.02233742400006, 24.816647545000023], [85.02316309700007, 24.818049047000045], [85.02379127400008, 24.819648045000065], [85.02447655900005, 24.821475471000042], [85.02482396100004, 24.823655057000053], [85.02458601400008, 24.825439653000046], [85.02411012200008, 24.826867330000027], [85.02482396100004, 24.828889872000047], [85.02453621200004, 24.830705934000036], [85.02366612000003, 24.833164728000042], [85.02413240300007, 24.835210161000077], [85.02384608800008, 24.837615679000066], [85.02370337000008, 24.83994006200004], [85.02386336300003, 24.84171873400004], [85.02404734900006, 24.843953442000043], [85.02354926900006, 24.84582593600004], [85.02342805900008, 24.847179878000077], [85.02334031400005, 24.84917037500003], [85.02317508900006, 24.850289556000064], [85.02154574200006, 24.851253067000073], [85.01998944700006, 24.852843997000036], [85.01988526900004, 24.852983812000048], [85.02120113600006, 24.85572123600008], [85.02246447800007, 24.857451938000054], [85.02455211600005, 24.860253760000035], [85.02615165400005, 24.862169977000065], [85.02732036100008, 24.864306830000032], [85.02871281100005, 24.86869180000008], [85.03001400900007, 24.871496867000076], [85.03008760000006, 24.871862572000055], [85.03016119500006, 24.872228369000027], [85.03108752600008, 24.87439639200005], [85.03173278500003, 24.876085438000075], [85.03377273600006, 24.881017522000036], [85.03487007800004, 24.88453093800007], [85.03481298800006, 24.88608359600005], [85.03521031200006, 24.888137938000057], [85.03575662500003, 24.889826963000075], [85.03755654700007, 24.890651013000024], [85.04004953500004, 24.891291032000026], [85.04197579400005, 24.89054445100004], [85.04402551200008, 24.88995142600004], [85.04772756600005, 24.88964059400007], [85.04977701200005, 24.88918291300007], [85.05107996700008, 24.88822768600005], [85.05288380000007, 24.886587097000074], [85.05547083300007, 24.884053738000034], [85.05552127900006, 24.883462439000027], [85.05542420100005, 24.882230039000035], [85.05792297500005, 24.88232359600005], [85.06012532000005, 24.882100637000065], [85.06182779700003, 24.88187266400007], [85.06262320400003, 24.882740316000024], [85.06452114500007, 24.88425025500004], [85.06517301800005, 24.88507267400007], [85.06622111700005, 24.885755519000043], [85.06826912700006, 24.886213934000068], [85.07052036000005, 24.886401730000046], [85.07321699800008, 24.88658554500006], [85.07519130100007, 24.88664198400005], [85.07539489500004, 24.88614116900004], [85.07547192000004, 24.883203794000053], [85.07547336700009, 24.883148611000024], [85.07548229400004, 24.876711900000032], [85.07493651700008, 24.874291826000047], [85.07713948500003, 24.873472867000032], [85.07868905500004, 24.872793005000062], [85.08106584300003, 24.87149127600003], [85.08071731600006, 24.86943706900007], [85.07987677700004, 24.865373625000075], [85.07857915200003, 24.862772128000074], [85.08012809500008, 24.862498604000052], [85.08050445100008, 24.86220110800008], [85.08249802600005, 24.862383932000057], [85.08570420100006, 24.86225208700006], [85.08623799400004, 24.862654381000027], [85.08647901100005, 24.863715394000053], [85.08701058900004, 24.865846472000044], [85.08861829900007, 24.866069477000053], [85.08978141100005, 24.865759198000035], [85.09216652900005, 24.86540971200003], [85.09255207700005, 24.865721531000077], [85.09294212800006, 24.86634041900004], [85.09286789500004, 24.86636285800006], [85.09553263800007, 24.87199895300006], [85.09655890000005, 24.874351705000038], [85.09601234700006, 24.876210842000035], [85.09537858300007, 24.876566797000066], [85.09445784600007, 24.87687731500006], [85.09387339500006, 24.87736419600003], [85.09326352100004, 24.87836114600003], [85.09335511100005, 24.880266094000035], [85.09369297800004, 24.883150799000077], [85.09388543900008, 24.883552721000058], [85.09451905400005, 24.883372818000055], [85.09486086700008, 24.88306169300006], [85.09500490500005, 24.882619559000034], [85.09694963900006, 24.88262151400005], [85.09724061100007, 24.883375667000053], [85.09792331900007, 24.883511756000075], [85.09874968600008, 24.883557704000054], [85.09899254900006, 24.88320138200004], [85.09916119400003, 24.88282236200007], [85.09911371900006, 24.88118384200004], [85.09938402800003, 24.878588670000056], [85.09991925900005, 24.87792560400004], [85.10079550800003, 24.877524771000026], [85.10293367500003, 24.877039395000054], [85.10300359100006, 24.87652941500005], [85.10291213300007, 24.87430849100008], [85.10417387800004, 24.874354849000042], [85.10470849800004, 24.874089095000045], [85.10505041100004, 24.873647039000048], [85.10558495500004, 24.873557325000036], [85.10889000900005, 24.873695886000064], [85.11025075700007, 24.873652049000043], [85.11025127800008, 24.87311939600005], [85.11005940300004, 24.872144212000023], [85.10986321000007, 24.870636442000034], [85.11006241600006, 24.86944039800005], [85.11156800400005, 24.868155321000074], [85.11366178900005, 24.86727256200004], [85.11478000400007, 24.86731418900007], [85.11686849100005, 24.866783459000033], [85.11868982800007, 24.86618021700008], [85.11951671600008, 24.865603209000028], [85.12058650700004, 24.86445307400004], [85.12090390400004, 24.863762698000073], [85.12211786200004, 24.86198982600007], [85.12294555600005, 24.860573185000078], [85.12270342400006, 24.86026147000007], [85.12248631200004, 24.859706095000035], [85.12229438200006, 24.858685782000066], [85.12200307200004, 24.858107811000025], [85.12117785700008, 24.85713209000005], [85.12098548400007, 24.856599291000066], [85.12045322100005, 24.854603653000026], [85.12006412600005, 24.853005462000056], [85.12003939000004, 24.853005454000026], [85.11933687400006, 24.853004804000022], [85.11763510400004, 24.85300328900007], [85.11656692100007, 24.85260508700003], [85.11554872300007, 24.85171495700007], [85.11445641900008, 24.850806732000024], [85.11435904900009, 24.84933962300005], [85.11450867000008, 24.848233823000044], [85.11392551900008, 24.84770069700005], [85.11256594200006, 24.84699071400007], [85.11179015800008, 24.846236238000074], [85.11130650300004, 24.845125343000063], [85.11072333200008, 24.84468239200004], [85.10917008200005, 24.84468093600003], [85.10834429800008, 24.844323572000064], [85.10800393000005, 24.843479220000063], [85.10756426100005, 24.842991251000058], [85.10649634100008, 24.842502696000054], [85.10581928200008, 24.841924283000026], [85.10550378400006, 24.841016737000075], [85.10395292100003, 24.838974954000037], [85.10400335800006, 24.838135355000077], [85.10512250600004, 24.837071195000078], [85.10575162000004, 24.836227746000077], [85.10570808500006, 24.83538360800003], [85.10512485300006, 24.834985777000043], [85.10468478100006, 24.834849992000045], [85.10254810200007, 24.834716967000077], [85.10167346700007, 24.83405257900006], [85.10167498300007, 24.83276606100003], [85.10119090800004, 24.832187790000035], [85.09983210500008, 24.831030886000065], [85.09881396200007, 24.830366342000048], [85.09660333700003, 24.83012034500007], [85.09510012300007, 24.82976216000003], [85.09461609300007, 24.829143241000054], [85.09676395900004, 24.82814337700006], [85.09914917900005, 24.827170828000078], [85.10065273000004, 24.827217501000064], [85.10092047800003, 24.826707697000074], [85.10083011300009, 24.823602055000038], [85.10054285100006, 24.819787504000033], [85.10039901300007, 24.816058945000066], [85.10040108000004, 24.81428498500003], [85.10039180200005, 24.814280702000076], [85.10041232000003, 24.814214486000026], [85.10050012300007, 24.814199263000035], [85.10127668900003, 24.814064614000074], [85.10312119800005, 24.81420187300006], [85.10312177800006, 24.81420874300005], [85.10423877400007, 24.814379], [85.10559874800003, 24.81442548700005], [85.10618225400003, 24.814426078000054], [85.10652398000008, 24.814069775000064], [85.10652515700008, 24.81296390700004], [85.10652566800007, 24.812517007000054], [85.10810911500005, 24.811787227000025], [85.10922944200007, 24.809395963000043], [85.11058996300005, 24.80895487600003], [85.11257881100005, 24.808157729000072], [85.11345525200005, 24.807183515000077], [85.11326331400005, 24.806339312000034], [85.11307121200008, 24.805630441000062], [85.11374924600005, 24.805098352000073], [85.11540183100004, 24.804300977000025], [85.11508281500005, 24.80206174400007], [85.11463002700003, 24.799998474000063], [85.11432926400005, 24.799221810000063], [85.11507645100005, 24.798739470000044], [85.11560589700008, 24.798410451000052], [85.11541485700008, 24.796767239000076], [85.11544102700003, 24.795426633000034], [85.11384382000006, 24.795434164000028], [85.11175210300007, 24.795472895000046], [85.11172777700006, 24.79507563800007], [85.11066086300008, 24.794095148000054], [85.10876749900007, 24.793650995000064], [85.10811030700006, 24.793185427000026], [85.10806178400009, 24.792431629000077], [85.10782057600005, 24.79150153200004], [85.10708935800005, 24.79096812000006], [85.10563622000006, 24.790388953000047], [85.10553811300008, 24.789725325000063], [85.10689863200008, 24.789103701000045], [85.10791760900008, 24.78875260600006], [85.10860067000004, 24.78813036400004], [85.10889453100003, 24.786180622000074], [85.10952332400007, 24.78542733000006], [85.11001382900008, 24.78453858900008], [85.10957483700008, 24.783608318000063], [85.10923939600008, 24.78289930300008], [85.10957627700003, 24.782321867000064], [85.11050178600004, 24.78143345500007], [85.11074499700004, 24.78059408000007], [85.11113739200005, 24.77895142500006], [85.11191648100004, 24.77642437700007], [85.11181874600004, 24.775313847000064], [85.11106889000007, 24.773913824000033], [85.11174691200006, 24.77325091700004], [85.11208917100004, 24.772231102000035], [85.11179871200005, 24.77107969800005], [85.11121625200008, 24.770235066000055], [85.11126726200007, 24.768858435000027], [85.11054077200004, 24.76863653600003], [85.10908240100008, 24.76854942500006], [85.10777218000004, 24.76867904200003], [85.10369333900007, 24.768896314000074], [85.10243252800007, 24.76907114200003], [85.10131494000007, 24.76929566700005], [85.10097382400005, 24.769250200000045], [85.10102446000008, 24.768230105000043], [85.10126791300007, 24.767210265000074], [85.10087863300004, 24.76618970000004], [85.10037056500005, 24.76523671900003], [85.09968915300004, 24.76452742200007], [85.09906225100008, 24.76381355600006]]]]}}, {"type": "Feature", "properties": {"OBJECTID": 58, "BLOCK_CODE": "0021", "NEAR_TOWN": "GAYA", "BLK_NAME": "WAZIRGANJ", "DIST_NAME": "GAYA"}, "geometry": {"type": "MultiPolygon", "coordinates": [[[[85.25652137600008, 24.877378302000068], [85.25772870500003, 24.877256399000032], [85.25857974000007, 24.877378220000026], [85.26045998900008, 24.876520525000046], [85.26094977600007, 24.875662843000043], [85.26162232300004, 24.872110312000075], [85.26184480000006, 24.870476292000035], [85.26162201100004, 24.869415529000037], [85.26282933200008, 24.870024860000058], [85.26363579700006, 24.870065444000033], [85.26470941800005, 24.869415292000042], [85.26529320200007, 24.868923249000034], [85.26582752500008, 24.868882546000066], [85.26654497200008, 24.86888248500003], [85.26698976500006, 24.86578144500004], [85.26721706100005, 24.863700445000063], [85.26703382900007, 24.862016778000054], [85.26813205600007, 24.861515643000075], [85.26887899400003, 24.861014514000033], [85.26897782600008, 24.860287784000036], [85.26917552000003, 24.858744039000044], [85.26922466300005, 24.856744375000062], [85.26922441700003, 24.855290850000074], [85.26972399600004, 24.854613726000025], [85.27136639500003, 24.854293065000036], [85.27350361300006, 24.854793722000068], [85.27539853700006, 24.85542985400008], [85.27763973800006, 24.85611114900007], [85.27878255600007, 24.855947077000053], [85.27893097800006, 24.855925769000066], [85.27890595700006, 24.85579034700004], [85.27843562800007, 24.853244662000066], [85.27828678400004, 24.851425595000023], [85.28002818500005, 24.85151555400006], [85.28231879600008, 24.852061234000075], [85.28520319100005, 24.853058135000026], [85.28564767100005, 24.85038134100006], [85.28549864900003, 24.848472], [85.28494885000003, 24.846021052000026], [85.28479986600007, 24.844021423000072], [85.28489865200004, 24.84347524100008], [85.28788608100007, 24.84206621800007], [85.28883078600006, 24.841795060000038], [85.28982515000007, 24.842065641000033], [85.29087378300005, 24.841839735000065], [85.29430645300005, 24.84102168800007], [85.29544907100006, 24.841021366000064], [85.29435728500005, 24.84470053000007], [85.29445641800004, 24.84524665600003], [85.29495634500006, 24.846198939000033], [85.29500613900007, 24.84719651200004], [85.29430931300004, 24.848970698000073], [85.29540285600007, 24.849651944000072], [85.29660020300008, 24.850102994000054], [85.29739664200008, 24.850147888000038], [85.29868765700007, 24.84974115400007], [85.29953329000006, 24.84905481000004], [85.29983388700003, 24.84614779700007], [85.29938291700006, 24.844057944000042], [85.29933238800004, 24.841466995000076], [85.29898585300003, 24.84087584100007], [85.29853570500006, 24.840785719000053], [85.29818936400005, 24.840514968000036], [85.29828793900003, 24.83960765000006], [85.29853502300006, 24.839016290000075], [85.29933106800007, 24.83819898300004], [85.30112111200003, 24.836880364000024], [85.30221884500008, 24.835837196000057], [85.30271300700008, 24.834699601000068], [85.30226715900005, 24.83311082700004], [85.30181625400007, 24.831296424000072], [85.30156836500004, 24.829888136000022], [85.30159763200004, 24.829075594000074], [85.30218084100005, 24.828014627000073], [85.30292245600003, 24.82738249600004], [85.30428437800003, 24.827163692000056], [85.30418557300004, 24.826892737000037], [85.30415117900003, 24.826504594000028], [85.30421065200005, 24.826324010000064], [85.30426511900004, 24.826278931000047], [85.30569463100005, 24.826135176000037], [85.30605082000005, 24.82588708700007], [85.30648143100007, 24.82527788300007], [85.30646663300007, 24.82523730400004], [85.30600253300008, 24.82381065800007], [85.30593838500005, 24.823472089000063], [85.30614639900006, 24.82301176800007], [85.30633459800003, 24.822501827000053], [85.30613697500007, 24.822081894000064], [85.30583549100004, 24.821806392000042], [85.30524716700006, 24.821372805000067], [85.30468848500004, 24.820979839000074], [85.30432258700006, 24.820826129000068], [85.30408536700008, 24.820564260000026], [85.30381360200005, 24.819986296000025], [85.30337892400007, 24.819173574000047], [85.30299358900004, 24.81839701800004], [85.30265279000008, 24.817615982000063], [85.30233675900007, 24.81664984200006], [85.30215419000007, 24.815941031000023], [85.30199134500003, 24.81530902000003], [85.30226903400006, 24.81417166700004], [85.30289777700006, 24.81303450200005], [85.30326391900007, 24.81264189600006], [85.30360060000004, 24.811983044000044], [85.30393237900006, 24.811193263000064], [85.30408173700005, 24.809446475000072], [85.30412202200006, 24.808155502000034], [85.30404315300007, 24.80769960600003], [85.30372711000007, 24.806945634000044], [85.30323802000004, 24.80606061700007], [85.30269950500008, 24.805256894000024], [85.30227962000004, 24.80450289500004], [85.30178053000003, 24.803712646000065], [85.30129144800009, 24.803008282000064], [85.30102975500006, 24.802218166000046], [85.30093604200005, 24.80194279400007], [85.30106996900008, 24.80113033300006], [85.30129786200007, 24.800521098000047], [85.30128327300008, 24.800101317000042], [85.30115985700007, 24.79971751900007], [85.30116970200004, 24.79973109200006], [85.30101169200003, 24.799369856000055], [85.30061651500006, 24.79862937400003], [85.30034477600003, 24.79829526000003], [85.29980588000006, 24.79807829600003], [85.29917786600004, 24.798064399000054], [85.29890090500004, 24.79818612100007], [85.29895520000008, 24.798448016000066], [85.29895510000006, 24.79859247400003], [85.29866319800004, 24.798714157000063], [85.29851988400009, 24.798569649000058], [85.29836180500007, 24.79837543900004], [85.29803564600007, 24.798077369000055], [85.29791219900005, 24.79770720500005], [85.29800642300006, 24.797314549000077], [85.29818963200006, 24.796872221000058], [85.29796745100003, 24.796452289000058], [85.29769060100006, 24.79622650400006], [85.29712728300007, 24.795580689000076], [85.29674199400006, 24.795052395000027], [85.29606029500007, 24.79397764400005], [85.29505744200009, 24.792397264000044], [85.29461299500008, 24.79162059400005], [85.29449447300004, 24.791318155000056], [85.29446991800006, 24.791011109000067], [85.29482604300006, 24.790902983000024], [85.29566159800004, 24.79109301400007], [85.29551840900007, 24.790772444000027], [85.29495507700005, 24.79011317100003], [85.29471311000003, 24.78972929100007], [85.29455509600007, 24.789264313000047], [85.29460977500008, 24.78882646900007], [85.29466444900004, 24.788388669000028], [85.29466479400008, 24.787946262000048], [85.29458581400007, 24.787707047000026], [85.29410656200008, 24.787133512000025], [85.29339987400004, 24.786523742000043], [85.29266838000007, 24.786166696000066], [85.29233721400004, 24.78592728700005], [85.29197167600006, 24.785448605000056], [85.29178893400007, 24.78507383500005], [85.29158689000008, 24.78416640300003], [85.29134062900005, 24.782667649000075], [85.29140539700006, 24.781904825000026], [85.29138103200006, 24.781462436000027], [85.29138107400007, 24.781365425000047], [85.29138111500004, 24.781268321000027], [85.29127249300006, 24.781137357000034], [85.29097081400005, 24.78112365900006], [85.29019931400006, 24.781556583000054], [85.28972945500004, 24.781700752000063], [85.28924983500008, 24.781723001000046], [85.28804852400003, 24.781510191000052], [85.28747009300008, 24.781509842000048], [85.28650097200006, 24.781581472000028], [85.28543774300005, 24.78186517300003], [85.28472051400007, 24.782212282000046], [85.28438408900007, 24.78248747400005], [85.28431467500008, 24.782762733000027], [85.28436888200008, 24.783011093000027], [85.28449737600005, 24.783142026000064], [85.28479859200007, 24.783706488000064], [85.28494178500006, 24.783932269000047], [85.28490707500004, 24.784126280000066], [85.28426387300004, 24.784735346000048], [85.28342307100007, 24.78509137900005], [85.28269617100005, 24.785176707000062], [85.28043258700006, 24.783884276000038], [85.27886101600006, 24.782867638000027], [85.27759619900007, 24.78167060900006], [85.27715161300006, 24.781191833000037], [85.27656399200004, 24.78025703700007], [85.27612485600008, 24.779092095000067], [85.27592782700003, 24.778198200000077], [85.27576611600006, 24.77634285700003], [85.27572838800006, 24.774085927000044], [85.27576438300008, 24.772361642000078], [85.27568647900006, 24.770795195000062], [85.27553902100004, 24.769788497000036], [85.27547046600006, 24.768975975000046], [85.27552566500003, 24.767874548000066], [85.27558572300006, 24.76698991300003], [85.27565121100008, 24.765504883000062], [85.27572064500004, 24.76519793500006], [85.27586959500007, 24.764394555000024], [85.27586095000004, 24.762873365000075], [85.27579198200004, 24.76250316100004], [85.27548109900005, 24.76184844900007], [85.27508126900005, 24.76104467600004], [85.27453337200006, 24.760064750000026], [85.27407413400005, 24.759369321000065], [85.27366954300004, 24.75852038000005], [85.27337357200008, 24.757658051000078], [85.27306295200003, 24.756664756000077], [85.27293727600005, 24.75621551000006], [85.27281161700006, 24.755766351000034], [85.27246633200008, 24.75484517800004], [85.27224430100006, 24.754359797000063], [85.27202226700007, 24.75387440700007], [85.27186925900008, 24.75364406600005], [85.27016601800005, 24.750529028000074], [85.26969184000006, 24.750095370000054], [85.26927174300005, 24.750067990000048], [85.26832331300005, 24.749277321000022], [85.26790384600008, 24.748460012000066], [85.26781681200004, 24.74623459600008], [85.26686421400007, 24.744626978000042], [85.26681619900006, 24.743006429000047], [85.26643634300007, 24.742071773000077], [85.26734191900005, 24.740867226000034], [85.26757025400008, 24.739693731000045], [85.26923711600006, 24.738277527000037], [85.26964845500004, 24.736932679000063], [85.27036583400007, 24.736107108000056], [85.27135087500005, 24.734342809000054], [85.27146490700005, 24.733896050000055], [85.27123827200006, 24.732961507000027], [85.27051251700004, 24.731999527000028], [85.26666231700005, 24.73217280800003], [85.26605485000005, 24.73168942800004], [85.26476999200008, 24.731589119000034], [85.26333726600006, 24.73089740900008], [85.26292322400008, 24.72965583200005], [85.26284580300006, 24.72782309400003], [85.26182458000005, 24.72582264400006], [85.26076826500008, 24.72444055400007], [85.25913874000008, 24.72292710200003], [85.25832925700007, 24.72184769300003], [85.25784555800004, 24.72119727000006], [85.25700071500006, 24.720957338000062], [85.25671915900006, 24.720889457000055], [85.25640333100006, 24.72039268800006], [85.25525753700003, 24.719619817000023], [85.25426504400008, 24.718802005000043], [85.25319787900008, 24.718494175000046], [85.25239288800003, 24.71799702000004], [85.25194441800005, 24.716696610000042], [85.25147540400008, 24.716253878000032], [85.25059640700005, 24.715598654000075], [85.25050328300006, 24.71484922800005], [85.25001525600004, 24.713666148000073], [85.24979349400007, 24.713034051000022], [85.24999223400005, 24.712005025000053], [85.25034960100004, 24.710380237000038], [85.25074627100008, 24.708945183000026], [85.25103967400008, 24.70711270000004], [85.25115886500004, 24.70651698900008], [85.25111963800003, 24.706124291000037], [85.25101231200006, 24.70476996700006], [85.25035649300008, 24.703433311000026], [85.24937959800008, 24.70196091400004], [85.24866897300006, 24.701007898000057], [85.24820145000007, 24.69910707300005], [85.24868652100008, 24.69830405400006], [85.24975448600009, 24.697551110000063], [85.25088658100003, 24.69694264000003], [85.25201865000008, 24.696334169000068], [85.25301267600008, 24.695445711000048], [85.25389299400007, 24.694516622000037], [85.25393313300003, 24.69388463000007], [85.25424538300007, 24.692824174000066], [85.25406346400007, 24.691930272000036], [85.25355574500009, 24.690715530000034], [85.25252921900005, 24.689500500000065], [85.25161057700006, 24.68926047800005], [85.25039017900008, 24.68924142800006], [85.24904186400005, 24.68876626200006], [85.24782230500006, 24.688065592000044], [85.24671504500003, 24.687890464000077], [85.24604790900008, 24.687665250000066], [85.24557844300006, 24.687534741000036], [85.24423907700003, 24.68707535200008], [85.24299861500003, 24.686647505000053], [85.24165992800005, 24.68689230700005], [85.24050381200004, 24.68681193900005], [85.23804313500005, 24.686479795000025], [85.23668459300006, 24.686593668000057], [85.23560767500004, 24.686757018000037], [85.23475301200006, 24.686811748000025], [85.23227831900005, 24.687364242000058], [85.22971943100004, 24.687736216000076], [85.22710100300003, 24.68779213600004], [85.22576686400004, 24.68762602700008], [85.22519360000007, 24.687436880000064], [85.22492349500004, 24.689441267000063], [85.22449308200004, 24.694885361000047], [85.22542339600005, 24.696627119000027], [85.22532524400003, 24.697480331000065], [85.22549404300008, 24.69845071000003], [85.22586069100004, 24.69974604500004], [85.22690124000007, 24.70331584400003], [85.22117329800005, 24.708194739000078], [85.22078784100006, 24.708100186000024], [85.22034288900005, 24.707806993000077], [85.21991791700003, 24.707807286000047], [85.21932965600007, 24.707541328000048], [85.21867730700006, 24.707410847000062], [85.21827210200007, 24.707411112000045], [85.21774361600006, 24.707691286000056], [85.21764499500006, 24.70800730600007], [85.21800710800005, 24.70980370600006], [85.21830879800007, 24.71023230000003], [85.21843289700007, 24.710954436000065], [85.21821090800006, 24.711473719000026], [85.21753937500006, 24.712151198000072], [85.21800943400007, 24.71298599800008], [85.21788160800008, 24.713780504000056], [85.21800548600004, 24.714263483000025], [85.21678547100004, 24.71504510500006], [85.21506132600007, 24.715619438000033], [85.21365801100006, 24.71589564900006], [85.21301084200007, 24.71613522800004], [85.21233891100007, 24.716266563000033], [85.21164698700005, 24.716136007000046], [85.21141465600004, 24.71610005100007], [85.21118235200004, 24.71606409800006], [85.21032759100007, 24.71621348800005], [85.20906789800006, 24.71691844700007], [85.20794636200003, 24.717262104000042], [85.20613785400008, 24.71744819500003], [85.20415148000006, 24.717765193000048], [85.20339057600006, 24.71799125000007], [85.20201196700003, 24.71820866300004], [85.20072752800007, 24.71888186600006], [85.19773361000006, 24.72027370400008], [85.19763940400009, 24.719732040000054], [85.19733649400007, 24.718997320000028], [85.19727333100008, 24.718991886000026], [85.19341357700006, 24.718659736000063], [85.19335504000009, 24.72005006100005], [85.19366182600004, 24.720663796000053], [85.19410655400003, 24.720699669000055], [85.19502784000008, 24.724373608000064], [85.19553820100003, 24.72667552100006], [85.19567240800006, 24.728047649000075], [85.19593965600006, 24.72871559200007], [85.19616290800008, 24.730259298000078], [85.19616391300008, 24.732024227000068], [85.19262533900007, 24.732134209000037], [85.19179498700004, 24.73202176700005], [85.18992673700006, 24.731927764000034], [85.18911108700007, 24.731612134000045], [85.18866611600004, 24.731206089000068], [85.18785556300008, 24.731296651000036], [85.18683715700007, 24.730755395000074], [85.18590300800008, 24.730624947000024], [85.18521089300003, 24.730088], [85.18352548300004, 24.729939775000048], [85.18259148600004, 24.730143260000034], [85.18157331200007, 24.729922378000026], [85.18176169500003, 24.73114565800006], [85.18176225600007, 24.73227860800006], [85.18149092200008, 24.73342530000008], [85.18317669400005, 24.73425969300007], [85.18366619100004, 24.734724507000067], [85.18403758000005, 24.73622298500004], [85.18424060200005, 24.737057917000072], [85.18458221400005, 24.738172767000037], [85.18425637200005, 24.73900797300007], [85.18436050300005, 24.739806891000057], [85.18494892000007, 24.74028514300005], [85.18513198200003, 24.740659745000073], [85.18502889200005, 24.74197333500007], [85.18326410100008, 24.741603905000034], [85.18250740600007, 24.740624609000065], [85.18096443800005, 24.738634572000024], [85.18005444600004, 24.737429731000077], [85.17958467900007, 24.736928775000024], [85.17791923900006, 24.737263477000056], [85.17622920300005, 24.737932113000056], [85.17551815000007, 24.739521197000045], [85.17350650700007, 24.73959864400007], [85.17220683800008, 24.74019038700004], [85.17188061300004, 24.74007760300003], [85.17043666500007, 24.738313077000043], [85.17039699100008, 24.737848159000066], [85.17009525500004, 24.737405937000062], [85.16773321100004, 24.738535065000065], [85.16247528300005, 24.74172330300007], [85.16269796700004, 24.742576393000036], [85.16238688400006, 24.74361465000004], [85.16214482300006, 24.74411580700007], [85.15671768000004, 24.74420275600005], [85.15141411900004, 24.74456940700003], [85.14789984300006, 24.74464225500003], [85.14446956000006, 24.744936084000074], [85.14341675300005, 24.74509879200008], [85.14278417700007, 24.745414779000043], [85.14077238100003, 24.745415061000074], [85.13910671000008, 24.74573119400003], [85.13784632500006, 24.745798982000053], [85.13683305500007, 24.745853279000073], [85.13636352100008, 24.745948052000074], [85.13500426100006, 24.746336387000042], [85.13295294000005, 24.746413240000038], [85.13222146000004, 24.746963983000057], [85.13185079000004, 24.747984160000044], [85.13105497400005, 24.747853290000023], [85.13062991800007, 24.74967242500003], [85.13091663200004, 24.750006420000034], [85.13088173900007, 24.750494642000035], [85.13075999700004, 24.75115130200004], [85.13063825500006, 24.751807961000054], [85.12873983100008, 24.752027620000035], [85.12432521800008, 24.752511438000056], [85.12160668700005, 24.752373728000066], [85.12172758300005, 24.750503001000027], [85.12156949300004, 24.749509900000078], [85.12132227600006, 24.748900508000077], [85.12151011900005, 24.748485239000047], [85.12200938800004, 24.748088001000042], [85.12357132600005, 24.747460620000027], [85.12361583000006, 24.745731809000063], [85.12286455300006, 24.744950861000063], [85.12303261100004, 24.743601183000067], [85.12237035200008, 24.742648780000025], [85.12193538800005, 24.742210895000028], [85.12152022400005, 24.74180910900003], [85.12108024400004, 24.741678255000068], [85.12074912700007, 24.74179104700005], [85.12047726700007, 24.742246969000064], [85.12018568900004, 24.74254898600003], [85.11988901400008, 24.74285628000007], [85.11928599800007, 24.743596619000073], [85.11901411800005, 24.744797272000028], [85.11872252400008, 24.744892073000074], [85.11770423200005, 24.74479726100003], [85.11739281400008, 24.745004833000053], [85.11726427700006, 24.745709058000045], [85.11524756800009, 24.74602939300007], [85.11414037900005, 24.746142114000065], [85.11260315400006, 24.74680561400004], [85.11216314300003, 24.747229875000073], [85.11126844800003, 24.747229773000072], [85.11035413800005, 24.746444220000058], [85.10885634400006, 24.746881961000042], [85.10717085000005, 24.74714810300003], [85.10464986900007, 24.747332807000078], [85.10460532400003, 24.748091171000056], [85.10404175400004, 24.748646260000044], [85.10395756000008, 24.749404646000073], [85.10403653000003, 24.750497017000043], [85.10387960100007, 24.753255697000043], [85.10345367500008, 24.753936950000025], [85.10307802400007, 24.753986229000077], [85.10153058900005, 24.754129083000066], [85.10120868100006, 24.754665940000052], [85.10179589100005, 24.755542235000064], [85.10147405400005, 24.755984295000076], [85.10126072600008, 24.75661604000004], [85.10115613200009, 24.75725238800004], [85.10077988300003, 24.75773954400006], [85.09949869700006, 24.758514657000035], [85.09885441400007, 24.75983204000005], [85.09773040100004, 24.761343073000035], [85.09719510200006, 24.76251166000003], [85.09762489000008, 24.762755862000063], [85.09858416200007, 24.762562665000075], [85.09927588000005, 24.76290645000006], [85.09906225100008, 24.76381355600006], [85.09968915300004, 24.76452742200007], [85.10037056500005, 24.76523671900003], [85.10087863300004, 24.76618970000004], [85.10126791300007, 24.767210265000074], [85.10102446000008, 24.768230105000043], [85.10097382400005, 24.769250200000045], [85.10131494000007, 24.76929566700005], [85.10243252800007, 24.76907114200003], [85.10369333900007, 24.768896314000074], [85.10777218000004, 24.76867904200003], [85.10908240100008, 24.76854942500006], [85.11054077200004, 24.76863653600003], [85.11126726200007, 24.768858435000027], [85.11121625200008, 24.770235066000055], [85.11179871200005, 24.77107969800005], [85.11208917100004, 24.772231102000035], [85.11174691200006, 24.77325091700004], [85.11106889000007, 24.773913824000033], [85.11181874600004, 24.775313847000064], [85.11191648100004, 24.77642437700007], [85.11113739200005, 24.77895142500006], [85.11074499700004, 24.78059408000007], [85.11050178600004, 24.78143345500007], [85.10957627700003, 24.782321867000064], [85.10923939600008, 24.78289930300008], [85.10957483700008, 24.783608318000063], [85.11001382900008, 24.78453858900008], [85.10952332400007, 24.78542733000006], [85.10889453100003, 24.786180622000074], [85.10860067000004, 24.78813036400004], [85.10791760900008, 24.78875260600006], [85.10689863200008, 24.789103701000045], [85.10553811300008, 24.789725325000063], [85.10563622000006, 24.790388953000047], [85.10708935800005, 24.79096812000006], [85.10782057600005, 24.79150153200004], [85.10806178400009, 24.792431629000077], [85.10811030700006, 24.793185427000026], [85.10876749900007, 24.793650995000064], [85.11066086300008, 24.794095148000054], [85.11172777700006, 24.79507563800007], [85.11175210300007, 24.795472895000046], [85.11384382000006, 24.795434164000028], [85.11544102700003, 24.795426633000034], [85.11541485700008, 24.796767239000076], [85.11560589700008, 24.798410451000052], [85.11507645100005, 24.798739470000044], [85.11432926400005, 24.799221810000063], [85.11463002700003, 24.799998474000063], [85.11508281500005, 24.80206174400007], [85.11540183100004, 24.804300977000025], [85.11374924600005, 24.805098352000073], [85.11307121200008, 24.805630441000062], [85.11326331400005, 24.806339312000034], [85.11345525200005, 24.807183515000077], [85.11257881100005, 24.808157729000072], [85.11058996300005, 24.80895487600003], [85.10922944200007, 24.809395963000043], [85.10810911500005, 24.811787227000025], [85.10652566800007, 24.812517007000054], [85.10652515700008, 24.81296390700004], [85.10652398000008, 24.814069775000064], [85.10618225400003, 24.814426078000054], [85.10559874800003, 24.81442548700005], [85.10423877400007, 24.814379], [85.10312177800006, 24.81420874300005], [85.10312119800005, 24.81420187300006], [85.10127668900003, 24.814064614000074], [85.10050012300007, 24.814199263000035], [85.10041232000003, 24.814214486000026], [85.10039180200005, 24.814280702000076], [85.10040108000004, 24.81428498500003], [85.10039901300007, 24.816058945000066], [85.10054285100006, 24.819787504000033], [85.10083011300009, 24.823602055000038], [85.10092047800003, 24.826707697000074], [85.10065273000004, 24.827217501000064], [85.09914917900005, 24.827170828000078], [85.09676395900004, 24.82814337700006], [85.09461609300007, 24.829143241000054], [85.09510012300007, 24.82976216000003], [85.09660333700003, 24.83012034500007], [85.09881396200007, 24.830366342000048], [85.09983210500008, 24.831030886000065], [85.10119090800004, 24.832187790000035], [85.10167498300007, 24.83276606100003], [85.10167346700007, 24.83405257900006], [85.10254810200007, 24.834716967000077], [85.10468478100006, 24.834849992000045], [85.10512485300006, 24.834985777000043], [85.10570808500006, 24.83538360800003], [85.10575162000004, 24.836227746000077], [85.10512250600004, 24.837071195000078], [85.10400335800006, 24.838135355000077], [85.10395292100003, 24.838974954000037], [85.10550378400006, 24.841016737000075], [85.10581928200008, 24.841924283000026], [85.10649634100008, 24.842502696000054], [85.10756426100005, 24.842991251000058], [85.10800393000005, 24.843479220000063], [85.10834429800008, 24.844323572000064], [85.10917008200005, 24.84468093600003], [85.11072333200008, 24.84468239200004], [85.11130650300004, 24.845125343000063], [85.11179015800008, 24.846236238000074], [85.11256594200006, 24.84699071400007], [85.11392551900008, 24.84770069700005], [85.11450867000008, 24.848233823000044], [85.11435904900009, 24.84933962300005], [85.11445641900008, 24.850806732000024], [85.11554872300007, 24.85171495700007], [85.11656692100007, 24.85260508700003], [85.11763510400004, 24.85300328900007], [85.11933687400006, 24.853004804000022], [85.12003939000004, 24.853005454000026], [85.12006412600005, 24.853005462000056], [85.12045322100005, 24.854603653000026], [85.12098548400007, 24.856599291000066], [85.12117785700008, 24.85713209000005], [85.12200307200004, 24.858107811000025], [85.12229438200006, 24.858685782000066], [85.12491747200005, 24.857667933000073], [85.12870827100005, 24.856429769000044], [85.13191998300005, 24.855457277000028], [85.13429998300006, 24.855057462000048], [85.13522061200007, 24.854525516000024], [85.13638793400008, 24.85470693900004], [85.13760462800008, 24.85505999000003], [85.13876621800006, 24.856261549000067], [85.13969116000004, 24.85643830400005], [85.14119965400005, 24.856881747000045], [85.14144146100006, 24.857590579000032], [85.14250939600004, 24.858345219000057], [85.14377099800004, 24.858391253000036], [85.14631886600006, 24.858370450000052], [85.14969288100008, 24.858476533000044], [85.15272541700006, 24.85865013500006], [85.15375408900007, 24.85911122300007], [85.15503035700004, 24.859351236000066], [85.15581683300007, 24.859523307000075], [85.15720623100003, 24.860657153000034], [85.15776417400008, 24.862092922000045], [85.15892604400005, 24.863222103000055], [85.15975090200004, 24.865140963000044], [85.16161030200004, 24.866460161000077], [85.16277256600006, 24.867074712000033], [85.16359355900005, 24.86741822500005], [85.16419769400005, 24.866664825000043], [85.16446028200005, 24.866186499000037], [85.16418411800004, 24.864872785000045], [85.16586187000007, 24.864147021000065], [85.16762836600003, 24.86366496900007], [85.16987514900006, 24.86274084300004], [85.17183978400004, 24.86199711300003], [85.17279009400005, 24.86137468100003], [85.17344830900004, 24.86097335900007], [85.17420038100005, 24.86085179400004], [85.17547670700003, 24.861091729000066], [85.17583834000004, 24.85195576700005], [85.17599557000005, 24.845252756000036], [85.17696558500006, 24.844571684000073], [85.17802466400008, 24.843723547000025], [85.17813441400006, 24.842012838000073], [85.17782836800006, 24.840884195000058], [85.17729968700007, 24.839877344000058], [85.17677116800007, 24.838631244000055], [85.17654874000004, 24.83838739400005], [85.17721171200003, 24.83806723300006], [85.17884391600006, 24.838230527000064], [85.17959078000007, 24.83838888100007], [85.18043187300003, 24.838150060000032], [85.18170843500008, 24.837347195000063], [85.18267819100004, 24.836864615000025], [85.18335080500003, 24.837216967000074], [85.18617944500005, 24.838572416000034], [85.18840000800003, 24.839575436000075], [85.18967596900006, 24.840180321000048], [85.18970559600007, 24.84019436500006], [85.19066990400006, 24.84066419100003], [85.19210886300004, 24.841730016000042], [85.19352323600003, 24.842674040000077], [85.19453213200006, 24.84322958300004], [85.19544700200004, 24.84386640400004], [85.19686638500008, 24.844476284000052], [85.19926504300008, 24.845971172000077], [85.20129273500004, 24.847131958000034], [85.20277633100005, 24.848518152000054], [85.20431451700006, 24.84939434100005], [85.20633730900005, 24.85066338100006], [85.20802885500007, 24.851864530000057], [85.20927028300008, 24.85281286700007], [85.20974990100007, 24.85350353800004], [85.21050659000008, 24.854289230000063], [85.21164909100008, 24.85512002300004], [85.21283620100007, 24.85576588400005], [85.21379591700008, 24.855833793000045], [85.21493389000005, 24.855743763000078], [85.21637835500007, 24.85622715100004], [85.21748633900006, 24.856945019000023], [85.21764442600005, 24.857058520000066], [85.21982594900004, 24.858624732000067], [85.22323430000006, 24.860575389000076], [85.22508442400004, 24.861388220000038], [85.22722163100008, 24.862002457000074], [85.22846818000005, 24.862991188000024], [85.23063497800007, 24.864467476000073], [85.23304917500008, 24.86597993500004], [85.23649740300004, 24.868539638000073], [85.23823394300007, 24.869550916000037], [85.23939167100008, 24.870160358000078], [85.23996068000008, 24.870033998000054], [85.24052484300006, 24.86967749400003], [85.24099483500004, 24.869641364000074], [85.24170722100007, 24.87028691200004], [85.24338940800004, 24.87253037200003], [85.24409672600007, 24.873520188000043], [85.24412164300008, 24.873555057000033], [85.24655595100006, 24.87522526300006], [85.24780782000005, 24.876994771000057], [85.24909435100005, 24.87725660700005], [85.25093008700009, 24.878028447000077], [85.25218192900007, 24.878439203000028], [85.25379004600006, 24.878195452000057], [85.25513586400007, 24.877459647000023], [85.25652137600008, 24.877378302000068]]]]}}, {"type": "Feature", "properties": {"OBJECTID": 59, "BLOCK_CODE": "0002", "NEAR_TOWN": "TIKARI", "BLK_NAME": "TEKARI", "DIST_NAME": "GAYA"}, "geometry": {"type": "MultiPolygon", "coordinates": [[[[84.81574099300008, 25.07264628400003], [84.81636275200003, 25.071998121000036], [84.81660812200005, 25.071258613000055], [84.81813202700005, 25.070567881000045], [84.82018550900005, 25.070054785000025], [84.82280856000006, 25.06962908400004], [84.82459877400004, 25.069309270000076], [84.82455545300007, 25.06748555400003], [84.82408337900006, 25.066441530000077], [84.82461352800004, 25.06500776400003], [84.82661594800004, 25.064927686000033], [84.82852275000005, 25.06523556800005], [84.82961482700006, 25.06615042900006], [84.83028136000007, 25.066892521000057], [84.83128345700004, 25.066588400000057], [84.83223449100007, 25.06672198900003], [84.83285540300005, 25.066290413000047], [84.83295619100005, 25.065771656000038], [84.83295830900005, 25.06516231100005], [84.83309853000009, 25.064729360000058], [84.83391165300003, 25.064600787000074], [84.83386579900008, 25.06351288600007], [84.83372673300005, 25.062122291000037], [84.83387517700004, 25.06073247100005], [84.83528339000009, 25.060452008000027], [84.83781244900007, 25.059940007000023], [84.84005162500006, 25.06011770200007], [84.84281613900004, 25.060301387000038], [84.84395926000008, 25.06078294200006], [84.84452554400008, 25.06186780400003], [84.84461971500008, 25.063389209000036], [84.84538180200008, 25.063698203000058], [84.84623930500004, 25.063655397000048], [84.84771702600005, 25.06335698500004], [84.84866999500008, 25.06288113000005], [84.85069883600005, 25.062254641000038], [84.85236927200003, 25.062132785000074], [84.85408393700004, 25.062092233000044], [84.85635936000006, 25.06185002500007], [84.85818342200008, 25.061710386000073], [84.85985454200005, 25.061326660000077], [84.86128763600004, 25.061023440000042], [84.86157750500007, 25.060243396000033], [84.86238610900006, 25.059983652000028], [84.86305515200007, 25.059944837000046], [84.86339031400007, 25.058943597000052], [84.86360649500006, 25.057964705000074], [84.86403875400003, 25.057577708000053], [84.86470654900006, 25.057967588000054], [84.86560370500007, 25.05949098900004], [84.86684202200007, 25.06123198000006], [84.86750340100008, 25.062104873000067], [84.86879065100004, 25.062496328000066], [84.87055416700008, 25.062676862000046], [84.87136462900008, 25.063419226000065], [84.87155180300005, 25.06380791400005], [84.87455583800005, 25.063467968000054], [84.87703867300007, 25.063433618000033], [84.87923068500004, 25.062870316000044], [84.88111499100006, 25.062464343000045], [84.88206813100004, 25.06189791500003], [84.88326384500004, 25.061426981000068], [84.88464880100008, 25.060604382000065], [84.88451281700009, 25.059696818000077], [84.88464610400007, 25.058162432000074], [84.88477393000005, 25.05685378900006], [84.88418953600006, 25.055046869000023], [84.88386457900003, 25.054346433000035], [84.88358909600004, 25.053673264000054], [84.88363547600005, 25.05307752300007], [84.88365789500006, 25.05221100600005], [84.88380889400008, 25.05142590300005], [84.88415653300007, 25.051128929000072], [84.88393701600006, 25.049968309000064], [84.88354384400003, 25.048888610000063], [84.88276471800003, 25.047640843000067], [84.88184151800004, 25.046483098000067], [84.88117635400005, 25.045240198000045], [84.88033685600004, 25.044299201000058], [84.87911529200005, 25.04354691900005], [84.87729373900004, 25.042955586000062], [84.87678530300008, 25.04231784500007], [84.87687396000007, 25.040860116000033], [84.87697488800006, 25.038621570000032], [84.87700313200008, 25.035814154000036], [84.87709284600004, 25.033990811000024], [84.87819327100004, 25.033804022000027], [84.87850657000007, 25.033421098000076], [84.87899411100005, 25.03274981100003], [84.87916497700007, 25.031928710000045], [84.87948486700003, 25.031004256000074], [84.87997219600004, 25.030391553000072], [84.88058337700005, 25.029779266000048], [84.88103022400009, 25.029455306000045], [84.88130330200005, 25.029261915000063], [84.88164135400007, 25.028879123000024], [84.88157816500006, 25.028459170000076], [84.88109425100004, 25.02793893300003], [84.88033810300004, 25.02732311400007], [84.87938576500005, 25.026043395000045], [84.87932360000008, 25.02529393800006], [84.87941023000008, 25.02450432100005], [84.87989719700005, 25.023986406000063], [84.88042384200008, 25.02349118500007], [84.88063849400004, 25.022950087000027], [84.88089200100006, 25.022643835000054], [84.88118707500007, 25.021705696000026], [84.88165450500009, 25.021129073000054], [84.88236889800004, 25.02076524900008], [84.88321119800008, 25.020713129000058], [84.88416311100008, 25.020462731000066], [84.88480777500007, 25.02024313000004], [84.88518491600007, 25.019995782000024], [84.88516761800008, 25.019169745000056], [84.88521639500004, 25.01774807000004], [84.88580632200006, 25.017577998000036], [84.88657344200004, 25.017819115000066], [84.88745911100006, 25.01818690600004], [84.88806781900007, 25.01838245700003], [84.88865751600008, 25.018307162000042], [84.88994781300005, 25.01752036000005], [84.89106417000005, 25.01689112200006], [84.89214045500006, 25.016433361000054], [84.89336455600005, 25.01626022800008], [84.89487040600005, 25.016254828000058], [84.89624275700004, 25.016181429000028], [84.89685298000006, 25.015889456000025], [84.89720175400004, 25.015172574000076], [84.89742698200007, 25.01436519400005], [84.89752426500007, 25.01324602400007], [84.89720953300008, 25.012441841000054], [84.89720964100007, 25.01241024500007], [84.89531793500004, 25.012207103000037], [84.89399609900005, 25.011942145000035], [84.89282700500007, 25.01199803800006], [84.89172734400006, 25.011995355000067], [84.89033567900003, 25.01187912100005], [84.88910796300007, 25.011645961000056], [84.88920469600004, 25.01072540200005], [84.88933639300006, 25.009746260000043], [84.88952731600006, 25.008798864000028], [84.88984649300005, 25.008081920000052], [84.89006642200007, 25.007391879000068], [84.88994503400005, 25.00655651200003], [84.88940739400005, 25.005778892000023], [84.88872961700008, 25.00547481700005], [84.88709002500008, 25.00552943100007], [84.88722236500007, 25.004320088000043], [84.88781980000005, 25.003260819000047], [84.88839103900006, 25.002716071000066], [84.88814114000007, 25.00176760200003], [84.88759766100009, 25.000469649000024], [84.88772448600008, 25.000286025000037], [84.88815275800005, 24.999488167000038], [84.88770561500007, 24.998259381000025], [84.88812034300008, 24.997037141000078], [84.88959173500007, 24.995181009000078], [84.89085855600007, 24.99384807000007], [84.89232777200004, 24.992732171000057], [84.89204718600007, 24.992140219000078], [84.89141412900005, 24.991854268000054], [84.88974685400007, 24.991222836000077], [84.88848498700008, 24.990881236000064], [84.88847190300004, 24.99025382900004], [84.88894900200006, 24.989690774000053], [84.89000093800007, 24.989016222000032], [84.89155147100007, 24.98887108100007], [84.89224502400003, 24.988827574000027], [84.89238937900006, 24.988566109000033], [84.89220001800004, 24.987238624000042], [84.89211281600006, 24.98486871700004], [84.89385605300004, 24.984872933000077], [84.89745618300003, 24.984949182000037], [84.89938694000006, 24.985192959000074], [84.90217980800008, 24.98530334800006], [84.90547290900008, 24.985378741000034], [84.90573289200006, 24.986268566000035], [84.90594431500006, 24.986810649000063], [84.90584626800006, 24.98824580400003], [84.90577465000007, 24.989071637000052], [84.90577248000005, 24.98983447200004], [84.90577151500008, 24.990182035000032], [84.90639023600005, 24.99031437600007], [84.90720267100005, 24.99025302600006], [84.90770241300004, 24.99040314000007], [84.90790940000005, 24.990791812000055], [84.90819255300005, 24.990476552000075], [84.90854430900004, 24.990427707000038], [84.90985118700007, 24.990647326000044], [84.91038680700007, 24.99039579500004], [84.91109502800003, 24.990397424000037], [84.91135304600004, 24.99019938400005], [84.91150311200005, 24.989676125000074], [84.91174285300008, 24.988931897000043], [84.91216914800003, 24.988797499000043], [84.91298651100004, 24.988722605000078], [84.91403607200004, 24.988860377000037], [84.91491310300006, 24.988686307000023], [84.91570604100008, 24.988512052000033], [84.91572591100004, 24.988471444000027], [84.91580643300006, 24.987993223000046], [84.91585271400004, 24.987370372000044], [84.91602817900008, 24.986589954000067], [84.91679726400008, 24.986022954000077], [84.91716523600007, 24.985495610000044], [84.91718681100008, 24.984832186000062], [84.91759588200006, 24.983700114000044], [84.91789949800005, 24.983136589000026], [84.91802998700007, 24.98250948900005], [84.91760244100004, 24.981262741000023], [84.91739495800005, 24.979212964000055], [84.91745491200004, 24.977177427000072], [84.91709827200003, 24.975393712000027], [84.91669932600007, 24.974589380000054], [84.91670139100006, 24.97378592000007], [84.91670322900006, 24.973126897000043], [84.91755438200005, 24.969653187000063], [84.91812310000006, 24.968047544000058], [84.91870710100005, 24.966311073000043], [84.91887282300007, 24.965435803000048], [84.91831062400007, 24.964594942000076], [84.91719123600006, 24.964736867000056], [84.91352140000004, 24.96497695100004], [84.91252067600004, 24.96519133700008], [84.91132638400006, 24.965536127000064], [84.91077900300007, 24.964708863000055], [84.91001938100004, 24.963623889000075], [84.90990459500006, 24.96216563400003], [84.91083176400008, 24.95988376100007], [84.91163122000006, 24.957222478000062], [84.91105823600003, 24.954932738000025], [84.91006218400008, 24.953449892000037], [84.90878944300005, 24.95175881600005], [84.90778781400007, 24.950488174000043], [84.90964476200008, 24.95038413000003], [84.91192463400006, 24.949509087000024], [84.91540278200006, 24.948532976000024], [84.91876248200003, 24.94741207100003], [84.92131440800006, 24.94657363400006], [84.92259294900003, 24.94612051200005], [84.92393918200008, 24.94628145400003], [84.92413298000008, 24.945997557000055], [84.92542149500008, 24.94549932700005], [84.92988514400008, 24.944335418000037], [84.93231729700005, 24.943817024000055], [84.93324334800008, 24.943715145000056], [84.93280670400009, 24.942147971000054], [84.93369471900007, 24.941445715000043], [84.93408377500003, 24.940286482000033], [84.93378078400008, 24.938737607000064], [84.93281702900003, 24.938099092000073], [84.93262579700007, 24.937394546000064], [84.93301418800007, 24.936515175000068], [84.93367002500008, 24.93556867600006], [84.93364197500006, 24.932995745000028], [84.93318974500005, 24.93144673000006], [84.93316595700009, 24.931365251000045], [84.93216608900008, 24.929390584000032], [84.93082405200005, 24.927690553000048], [84.93039531000005, 24.926926801000036], [84.92996691600007, 24.926045685000076], [84.93029974400008, 24.92560857600006], [84.93174626400008, 24.925169349000043], [84.93207847200006, 24.92493987900008], [84.93284298800006, 24.924083864000067], [84.93307123900007, 24.923854120000044], [84.93266816600004, 24.92273832400008], [84.93181446100004, 24.91977548400007], [84.93080258700007, 24.91673552000003], [84.93040041500007, 24.915326397000058], [84.93013287200006, 24.91349321200005], [84.93135344900008, 24.912313228000073], [84.93369534800007, 24.910047776000056], [84.93417706700006, 24.90942581400003], [84.93417899800005, 24.90865853300005], [84.93329547700006, 24.90773125800007], [84.93289021900006, 24.907477624000023], [84.93258518300007, 24.906759296000075], [84.93276507100006, 24.906091617000072], [84.93253782600004, 24.905928648000042], [84.93139427600005, 24.90606161200003], [84.93081273100006, 24.905067385000052], [84.93015896500003, 24.903328137000074], [84.92975695600006, 24.901869352000062], [84.92950182700008, 24.901011160000053], [84.92907219600005, 24.900640112000076], [84.92846498500006, 24.90003394300004], [84.92874425500008, 24.89922658200004], [84.92877622500004, 24.898346421000042], [84.92824435400007, 24.897347741000033], [84.92824598700008, 24.89667967500003], [84.92852733100005, 24.895055375000027], [84.92855638800006, 24.893412412000032], [84.92855680800005, 24.89338869200003], [84.92904528100007, 24.891896811000038], [84.92947361900008, 24.890800882000065], [84.92950292900008, 24.890819837000038], [84.93019489600005, 24.891267352000057], [84.93049102200007, 24.89158389100004], [84.93056789700006, 24.892486833000078], [84.93062048400003, 24.893222716000025], [84.93086304900004, 24.893196180000075], [84.93107664600007, 24.892880682000055], [84.93118661300008, 24.89243852000004], [84.93164345100007, 24.89183015900005], [84.93227347700008, 24.891208619000054], [84.93398959700005, 24.88969561500005], [84.93501227300004, 24.888402249000023], [84.93606041600003, 24.88681559400004], [84.93642205800006, 24.884690360000036], [84.93712593100008, 24.88419981800007], [84.93826504900005, 24.881837019000045], [84.93875329600007, 24.880510970000046], [84.93911262800003, 24.879288435000035], [84.93733051500004, 24.879591658000038], [84.93545546600006, 24.879465808000077], [84.93346761100008, 24.880888037000034], [84.93195022000003, 24.882166711000025], [84.93048629200007, 24.883784027000047], [84.92929416600003, 24.883646058000068], [84.92814220600008, 24.883228333000034], [84.92736643400008, 24.882811400000037], [84.92677749700005, 24.882837193000057], [84.92696725100006, 24.882174082000063], [84.92654244800008, 24.881879696000055], [84.92645923400005, 24.881563541000048], [84.92635719200007, 24.880827573000033], [84.92721826600007, 24.87887498300006], [84.92760745300006, 24.877643603000024], [84.92844445900005, 24.875420030000043], [84.92877303500006, 24.87273055000003], [84.92857279900005, 24.871714460000078], [84.92814830300006, 24.871298292000063], [84.92702106700006, 24.870979901000055], [84.92597669600008, 24.87112662000004], [84.92389948200008, 24.870769980000034], [84.92072920400005, 24.870298098000035], [84.91836614300007, 24.86953450200008], [84.91651191300008, 24.869119627000032], [84.91593925000006, 24.868621833000077], [84.91594150600008, 24.867804791000026], [84.91528846400007, 24.865921098000058], [84.91495646000004, 24.86426834100007], [84.91355086900006, 24.864441215000056], [84.91313423700007, 24.864846518000036], [84.91162931900004, 24.865168078000067], [84.90993128000008, 24.865543389000038], [84.90663509200004, 24.865914949000057], [84.90548199400007, 24.866029706000063], [84.90498882300005, 24.865459800000053], [84.90454054000008, 24.864759136000032], [84.90372730000007, 24.863633253000046], [84.90270242600008, 24.86390622400006], [84.90096917200003, 24.86447544300006], [84.89959282800004, 24.864788198000042], [84.89854788300005, 24.86514689200004], [84.89688254100008, 24.86619014400003], [84.89566364500007, 24.866814651000027], [84.89387545100004, 24.867541665000033], [84.89249776000008, 24.868337263000058], [84.89189370300005, 24.86848932500004], [84.89126292600008, 24.867589545000044], [84.89125856300006, 24.86757555500003], [84.89089524600007, 24.866410518000066], [84.89000827200005, 24.865153613000075], [84.88943797500008, 24.863910899000075], [84.88907134500005, 24.862397917000067], [84.88947242600005, 24.860566221000056], [84.88993888600004, 24.860057341000072], [84.89028277800008, 24.859182501000078], [84.89071239400005, 24.857761649000054], [84.89085001200004, 24.856353639000076], [84.89063852900006, 24.855937899000025], [84.89025389500006, 24.85549006100007], [84.88826347400004, 24.856067564000057], [84.88264936900003, 24.85738994600007], [84.87960097200005, 24.85768935400006], [84.87599826900004, 24.85802794800003], [84.87282193400006, 24.858101159000057], [84.86763497300007, 24.858792152000035], [84.86721741800005, 24.85782512700007], [84.86768829100004, 24.855930498000077], [84.86735248400004, 24.854115097000033], [84.86638623200008, 24.85140431700006], [84.86509879900007, 24.850186793000034], [84.86507898700006, 24.850186721000057], [84.86505427300006, 24.850186631000042], [84.86391090100005, 24.850413892000063], [84.86132450700006, 24.851684657000078], [84.85928801900008, 24.852721966000047], [84.85629688400007, 24.85371172300006], [84.85436899400008, 24.854803488000073], [84.85239247200008, 24.85562419100006], [84.85098372900006, 24.855864933000078], [84.85096185400005, 24.855868672000042], [84.85102126000004, 24.85587785900003], [84.85176463000005, 24.857017348000056], [84.85187517800006, 24.85803321000003], [84.85168957500008, 24.858818145000043], [84.85141559800007, 24.859417760000042], [84.85105314500004, 24.859832057000062], [84.85075544400007, 24.860097581000048], [84.85012223500007, 24.860055206000027], [84.85007962200007, 24.85947733200004], [84.85023999600008, 24.858836798000027], [84.85008584100007, 24.857531961000063], [84.84967584400005, 24.857323215000065], [84.84900779500003, 24.85738454500006], [84.84765252900007, 24.857304228000032], [84.84604381400004, 24.85757065200005], [84.84658357200004, 24.860470039000063], [84.84539543100004, 24.86220914000006], [84.84396906400008, 24.864191332000075], [84.84185048800003, 24.864492495000036], [84.83986133100007, 24.864568315000042], [84.83798273700006, 24.864116242000023], [84.83696436400004, 24.86387871900007], [84.83561282400007, 24.86263819100003], [84.83438571800008, 24.86267542400003], [84.83307129300005, 24.863673823000056], [84.83230509500004, 24.864949078000052], [84.83060602700004, 24.865562668000052], [84.82876348400004, 24.866157790000045], [84.82868559200006, 24.867236387000048], [84.82888185600007, 24.86920497400007], [84.82908528800004, 24.87049648800007], [84.82908350100007, 24.871029142000054], [84.82947890800006, 24.871161116000053], [84.83021605800008, 24.871163203000037], [84.83030235800004, 24.87200297100003], [84.83018593300005, 24.87423704200006], [84.83008524300004, 24.876218321000067], [84.82994494100006, 24.87674600400004], [84.82951163900003, 24.877561770000057], [84.83071535400006, 24.87865747400008], [84.83123375200006, 24.878992942000025], [84.83164747300003, 24.879549347000022], [84.83184839700004, 24.880150267000033], [84.83173060000007, 24.881332539000027], [84.83196905500006, 24.88252033400005], [84.83273691300008, 24.883750236000026], [84.83324497900009, 24.885697073000074], [84.83328170100003, 24.886568324000052], [84.83395208100006, 24.88733757500006], [84.83452735300006, 24.888458539000055], [84.83421037600004, 24.89001494200005], [84.83413279500007, 24.89102582000004], [84.83452607400005, 24.891807795000034], [84.83500481900006, 24.892161256000065], [84.83606470900008, 24.89190239100003], [84.83681155100004, 24.892035315000044], [84.83784360900006, 24.89269723800004], [84.83825351500008, 24.892960088000052], [84.83887642900004, 24.893137876000026], [84.83988457500004, 24.893555975000027], [84.84067786500003, 24.893120288000034], [84.84094639000006, 24.892723799000066], [84.84097380700007, 24.891915940000047], [84.84109311200007, 24.891740225000035], [84.84229548100006, 24.891784138000048], [84.84394460900006, 24.89140495500004], [84.84401673100007, 24.892064154000025], [84.84379698800007, 24.892677426000034], [84.84326630000004, 24.89302807200005], [84.84326576800004, 24.89320411600005], [84.84436825400007, 24.89353660300003], [84.84552553900005, 24.89376088100005], [84.84677365000005, 24.893434781000053], [84.84810099200007, 24.893086286000027], [84.84944945500007, 24.89234517600005], [84.85017490900003, 24.89142180400006], [84.85048019400006, 24.890384418000053], [84.85050625200006, 24.88996467000004], [84.85093755200006, 24.889726642000028], [84.85197173100005, 24.889729429000056], [84.85383188600008, 24.889901344000066], [84.85437421300009, 24.89054373400006], [84.85464805900006, 24.891569094000033], [84.85484374400005, 24.89227377900005], [84.85502102900006, 24.89254509600005], [84.85413627900004, 24.893765958000074], [84.85277091900008, 24.89673244200003], [84.85175404300008, 24.898991127000045], [84.85099625200007, 24.900722333000033], [84.84974470400005, 24.902095708000047], [84.84922752700004, 24.902879707000068], [84.84919105700004, 24.903443843000048], [84.84499206900006, 24.90408252800006], [84.84497234000008, 24.90408166700007], [84.84200811900007, 24.903952464000042], [84.84142055000007, 24.90654634300006], [84.84106981700006, 24.91088762000004], [84.84097765700005, 24.913311211000064], [84.84139262200006, 24.91656228000005], [84.84139262100007, 24.916562680000027], [84.83645279300003, 24.916575745000046], [84.83592669700005, 24.91552261700008], [84.83424556900007, 24.914998810000043], [84.83367913900008, 24.914180256000066], [84.83281503200004, 24.913559475000056], [84.83170553600007, 24.91231954600005], [84.83127634300007, 24.91192114100005], [84.82968129300008, 24.91230935300007], [84.82869444200009, 24.912852720000046], [84.82539951700005, 24.91245065100003], [84.82292507400007, 24.912353298000028], [84.81956905000004, 24.912442954000028], [84.81752313300007, 24.91294256300006], [84.81503842400008, 24.914384307000034], [84.81396693600004, 24.915053735000072], [84.81248968800008, 24.915690297000026], [84.81114186300005, 24.91612873400004], [84.81077912100005, 24.916542927000023], [84.81070535000003, 24.917792962000078], [84.81046020600007, 24.918537025000035], [84.80908891900003, 24.918600728000058], [84.80822276400005, 24.91857556000008], [84.80781853000008, 24.91811395600007], [84.80750899700007, 24.916072830000076], [84.80679164500003, 24.915980387000047], [84.80618765300005, 24.916023777000078], [84.80553995400004, 24.91581420500006], [84.80556271500006, 24.914997301000028], [84.80549702900004, 24.913981517000025], [84.80525456100008, 24.91395820400004], [84.80443295800006, 24.91397832900003], [84.80302725900003, 24.913974060000044], [84.80291741900004, 24.91422654400003], [84.80286422600005, 24.915264539000077], [84.80160723900008, 24.915215656000044], [84.79957318300006, 24.915146330000027], [84.79797479900003, 24.915051194000057], [84.79785785800004, 24.914540755000075], [84.79720407200006, 24.914651608000042], [84.79647566100004, 24.91476583800005], [84.79646125800008, 24.91476669700006], [84.79645175100006, 24.914766669000073], [84.79640681200004, 24.914766546000067], [84.79573365800007, 24.914764513000023], [84.79337484500007, 24.915524607000066], [84.79253764800006, 24.91572522900003], [84.79180267800007, 24.91638645300003], [84.79180060300007, 24.916950695000025], [84.79160113600005, 24.917338221000023], [84.79042696900007, 24.917641580000065], [84.78986727400007, 24.917743680000058], [84.78986501800006, 24.918357482000033], [84.78787418300004, 24.918622128000038], [84.78846138100005, 24.920465570000033], [84.78891174900008, 24.921816592000027], [84.78967623200003, 24.92254119300003], [84.79223144900004, 24.923605304000034], [84.79223490100009, 24.923613673000034], [84.79265825100003, 24.924640187000023], [84.79303124800003, 24.925521531000072], [84.79332341000008, 24.92682688000008], [84.79306213100006, 24.927891401000068], [84.79271344500006, 24.92848159400006], [84.79260346800004, 24.928774601000043], [84.79281325400007, 24.92961034800004], [84.79297494000008, 24.930053171000054], [84.79259781900004, 24.930295792000038], [84.79168218800004, 24.930270406000034], [84.79151815700004, 24.930441384000062], [84.79178958600005, 24.930663424000045], [84.79256503900007, 24.93113068300005], [84.79232106900008, 24.93152262700005], [84.79140763200007, 24.93223303900004], [84.79055422300007, 24.932762981000053], [84.79055396900003, 24.93276290600005], [84.79070166000008, 24.93304330500007], [84.79152251600004, 24.93327603000006], [84.79101088300007, 24.933766450000064], [84.79065708900004, 24.934374756000068], [84.79122751400007, 24.935419185000057], [84.79087220300005, 24.936460731000068], [84.79061657000005, 24.937304003000065], [84.79147013100004, 24.93808754500003], [84.79248636800008, 24.939047584000036], [84.79243338200007, 24.939990774000023], [84.79249506200006, 24.940717634000066], [84.79262124100006, 24.941413201000046], [84.79197982100004, 24.94216500300007], [84.79207498400007, 24.94321247000005], [84.79187959300003, 24.94384828400007], [84.79108772000006, 24.945114206000028], [84.79088040800008, 24.946278176000078], [84.79162561000004, 24.946925899000064], [84.79208962200005, 24.94730195900007], [84.79284530800004, 24.947791751000068], [84.79296814600008, 24.94804041200007], [84.79336472400007, 24.94789270700005], [84.79384091500003, 24.94765042100005], [84.79421170000006, 24.94779144900008], [84.79449217100006, 24.948270741000044], [84.79492160800004, 24.94861065400005], [84.79531569000005, 24.94915347500006], [84.79568604900004, 24.94942088600004], [84.79589439000006, 24.949313191000044], [84.79626827100003, 24.94861472300005], [84.79666551100007, 24.948309021000057], [84.79715136500005, 24.948125375000075], [84.79765091500008, 24.948262304000025], [84.79815954100008, 24.948606933000065], [84.79818337200004, 24.948882338000033], [84.79794991600005, 24.949093795000067], [84.79723697300005, 24.949078077000024], [84.79716719400005, 24.94920873700005], [84.79741338800005, 24.949570636000033], [84.79810953000003, 24.95012341300003], [84.79877085400005, 24.950698637000073], [84.79912581300005, 24.95111048600006], [84.79926305700008, 24.951490043000035], [84.79980721300007, 24.951609001000065], [84.80014785400004, 24.951894457000037], [84.80041386400006, 24.95225638100004], [84.80073493200007, 24.952483034000068], [84.80080784800003, 24.95283078400007], [84.80060432700003, 24.952983654000036], [84.80038152400004, 24.952982932000054], [84.79978613600008, 24.953342235000036], [84.80056713800008, 24.953696724000054], [84.80142502800004, 24.954683269000043], [84.80120159900008, 24.954863102000047], [84.80054761200006, 24.954987508000045], [84.79968072200006, 24.955084259000046], [84.79958454000007, 24.955670760000032], [84.80014087000006, 24.956552556000076], [84.80034583000008, 24.957370199000025], [84.80052315800003, 24.957632543000045], [84.80082980700007, 24.95770563700006], [84.80107308000004, 24.957534860000067], [84.80144626900005, 24.95703950500007], [84.80161024800003, 24.956850374000055], [84.80181810500005, 24.95689162700006], [84.80213384400008, 24.95721313100006], [84.80225871000005, 24.958274218000042], [84.80258215700007, 24.959195943000054], [84.80253113900005, 24.95962012600006], [84.80220660900005, 24.960354837000068], [84.80199642100007, 24.96097260600004], [84.80121477600005, 24.96216640700004], [84.80169919900004, 24.96237545500003], [84.80211329100007, 24.96288677900003], [84.80254411000004, 24.96289715300003], [84.80329221200003, 24.962772947000076], [84.80357858200006, 24.96299496200004], [84.80368536200007, 24.963591181000027], [84.80332049600008, 24.964533378000056], [84.80319213000007, 24.965801382000052], [84.80349051800005, 24.966822345000026], [84.80369540500004, 24.969057263000025], [84.80366390000006, 24.96956272400007], [84.80336154600008, 24.969643047000034], [84.80281691800008, 24.96963243500005], [84.80253427200006, 24.969739869000023], [84.80250800700009, 24.970150570000044], [84.80249695500004, 24.970457451000073], [84.80240192200006, 24.97073700800007], [84.80215892200005, 24.970840077000048], [84.80185728900005, 24.970712853000066], [84.80162543800003, 24.970454877000066], [84.80134400400004, 24.97023279700005], [84.80112543800004, 24.970435320000036], [84.80096972700005, 24.971048628000062], [84.80115546800005, 24.971708251000052], [84.80109889300007, 24.972294807000026], [84.80098614200006, 24.973332692000042], [84.80098813500007, 24.973337108000067], [84.80221444800009, 24.973277669000026], [84.80417101100005, 24.973112032000074], [84.80568623400006, 24.97313915600006], [84.80704344700007, 24.973021319000054], [84.80844076000005, 24.97278174400003], [84.80891688500003, 24.97257101200006], [84.80914124100008, 24.97215644700003], [84.80936487900004, 24.971922346000042], [84.81175775300005, 24.971595381000043], [84.81349215500006, 24.971261996000067], [84.81401155100008, 24.971394387000032], [84.81440725400006, 24.971526486000073], [84.81466043700004, 24.97135565600007], [84.81479033100004, 24.97101752900005], [84.81534068500008, 24.970825004000062], [84.81703931900006, 24.970766809000054], [84.81739540800004, 24.970898754000075], [84.81741395200004, 24.97128245500005], [84.81866149800004, 24.97135832400005], [84.82124617400007, 24.97141991700005], [84.82456808500007, 24.971637143000066], [84.82629055500007, 24.97187672000007], [84.82630908600004, 24.97223785600005], [84.82571390700008, 24.97397400600005], [84.82539445800006, 24.97470427500008], [84.82485126700004, 24.975713805000055], [84.82446680800007, 24.97661549000003], [84.82441223300003, 24.978091307000057], [84.82457969100005, 24.97979341200005], [84.82476893500007, 24.980940523000072], [84.82509546400007, 24.982462560000045], [84.82494652000008, 24.984019336000074], [84.82506970200006, 24.985640105000073], [84.82473699100007, 24.985918990000073], [84.82359257700006, 24.986028585000042], [84.81990536800004, 24.98678534900006], [84.81792305900007, 24.987172213000065], [84.81588655000007, 24.98746421100003], [84.81324464200009, 24.988083877000065], [84.81141087200007, 24.988471187000073], [84.81136038200003, 24.98872836000004], [84.81166451500007, 24.989559747000044], [84.81000370600003, 24.990051356000038], [84.80924751100008, 24.989602283000067], [84.80796861900006, 24.98991895200004], [84.80587202500004, 24.990386584000078], [84.80502490600009, 24.991819415000066], [84.80462703400008, 24.99227869300006], [84.80375898000005, 24.992650713000046], [84.80310300300005, 24.993267132000028], [84.80258149600007, 24.99368529800006], [84.80144194600007, 24.993781219000027], [84.80040492000006, 24.994324171000073], [84.79964068200007, 24.994719102000033], [84.79868985200005, 24.994689124000047], [84.79795383800007, 24.99553099700006], [84.79816772500004, 24.996623939000074], [84.79832865600008, 24.997319514000026], [84.79759338500008, 24.99793569700006], [84.79690796500006, 24.998452695000026], [84.79674123600006, 24.999345879000032], [84.79729309500004, 25.00046314800005], [84.79760570400003, 25.00135259800004], [84.79789538200004, 25.00202603100007], [84.79820966600005, 25.002776253000036], [84.79795461100008, 25.00344798900005], [84.79723914800007, 25.004059684000026], [84.79653886600005, 25.00455853400007], [84.79635862900005, 25.005104152000058], [84.79650553200008, 25.005565012000034], [84.79686020500003, 25.006103241000062], [84.79685761900004, 25.006793849000076], [84.79666840100003, 25.007064069000023], [84.79626639500003, 25.00729308800004], [84.79544289200004, 25.007638067000073], [84.79497495700008, 25.008250544000077], [84.79503735100008, 25.008805857000027], [84.79544764200006, 25.009028278000073], [84.79608090300007, 25.009242398000026], [84.79658488100006, 25.00959150400007], [84.79679123000005, 25.010052544000075], [84.79691713100004, 25.01083827100007], [84.79809388300004, 25.011419602000046], [84.79899903800003, 25.011806077000074], [84.79946360100007, 25.01207377700007], [84.79955105000005, 25.012552506000077], [84.79924991600006, 25.013643837000075], [84.79906931400006, 25.014266193000026], [84.79868403100005, 25.015321266000058], [84.79857511700004, 25.016666], [84.79863733500008, 25.017262027000072], [84.79928926400004, 25.017801061000057], [84.79934104800003, 25.018523413000025], [84.79901936300007, 25.01980889500004], [84.79882851200006, 25.020516950000058], [84.79843567800003, 25.020921979000036], [84.79735895600004, 25.021401655000034], [84.79566273500006, 25.021942635000073], [84.79450158000003, 25.022476212000072], [84.79247774300006, 25.023183161000077], [84.79156891100007, 25.023812328000076], [84.79051151700008, 25.024404830000037], [84.79040539900006, 25.024941599000044], [84.79090787900003, 25.025715010000056], [84.79090549500006, 25.02634693400006], [84.78976473500006, 25.026727036000068], [84.78940612800005, 25.02722695500006], [84.78931914800006, 25.027975986000058], [84.78878771900008, 25.02831740000005], [84.78802472500007, 25.028351072000078], [84.78690888100004, 25.028654578000044], [84.78543127800003, 25.02899745800005], [84.78418688800008, 25.029223776000038], [84.78367678700005, 25.029172508000045], [84.78315383900008, 25.028597644000058], [84.78321981200008, 25.02817357300006], [84.78326258300007, 25.02736576800004], [84.78331150300005, 25.026196902000038], [84.78260073000007, 25.02419513500007], [84.78207610000004, 25.022771652000074], [84.78111068500004, 25.022597037000025], [84.77993136500004, 25.022688126000048], [84.77809249500007, 25.02294862100007], [84.77672433900005, 25.023156417000052], [84.77605923900006, 25.023510852000072], [84.77590813000006, 25.02416035500005], [84.77617630000003, 25.02527604000005], [84.77698072900006, 25.027382058000057], [84.77748671000006, 25.028498497000044], [84.77785825100005, 25.02978607600005], [84.77801102100005, 25.031312155000023], [84.77795311100004, 25.032205713000053], [84.77790524600005, 25.033054105000076], [84.77759192500008, 25.033360092000066], [84.77708655700008, 25.033376537000038], [84.77609674600006, 25.03310252500006], [84.77571599800007, 25.03291174700007], [84.77537810400008, 25.03317694800006], [84.77490963200006, 25.033888658000023], [84.77452952800007, 25.034826243000055], [84.77391733500008, 25.035555558000055], [84.77311351700007, 25.03585991700004], [84.77238487900007, 25.03594329200007], [84.77175564100008, 25.03595930700004], [84.77141769700006, 25.03622901400007], [84.77131602900005, 25.036874219000026], [84.77141866800008, 25.03725817000003], [84.77110451200008, 25.03777619500005], [84.77034404000005, 25.038387662000048], [84.77031565700008, 25.039326354000025], [84.77018720600006, 25.040499502000046], [84.76988660500007, 25.04136065800003], [84.76932938200008, 25.041941163000047], [84.76928637500004, 25.04280763400004], [84.76949183500005, 25.043498901000078], [84.76982496400007, 25.044461347000038], [84.77045336500004, 25.044693591000055], [84.77159339500008, 25.044584452000038], [84.77334340300007, 25.044337291000033], [84.77443887000004, 25.04420988800007], [84.77574818200003, 25.043884570000046], [84.77753774100006, 25.043660086000045], [84.77914965000008, 25.04323190200006], [84.78052307600007, 25.042969955000046], [84.78174290300007, 25.042721037000035], [84.78286144800006, 25.04303146600006], [84.78353364000003, 25.04349404100003], [84.78431161700007, 25.04345578500005], [84.78481450700008, 25.04411185600003], [84.78518902400003, 25.044668280000053], [84.78558889200008, 25.045053155000062], [84.78672820100007, 25.04513348000006], [84.78691468300008, 25.045616970000026], [84.78741729100005, 25.04636781800008], [84.78783550400004, 25.04715452800008], [84.78806567600003, 25.047868401000073], [84.78841820300005, 25.04900244600003], [84.78849767600008, 25.050289091000025], [84.78868575400008, 25.05167083200007], [84.78868143600005, 25.052803768000047], [84.78881430700005, 25.054388467000024], [84.78872754100007, 25.055078811000044], [84.78844840200009, 25.05550220400005], [84.78770793000007, 25.05607315800006], [84.78616909400006, 25.056799518000048], [84.78495266900006, 25.05744118800004], [84.78390057100006, 25.057839581000053], [84.78339514200007, 25.057837993000078], [84.78276207500005, 25.057529129000045], [84.78210771800008, 25.057603801000027], [84.78166506300005, 25.058022107000056], [84.78141053400003, 25.05850431700003], [84.78109240400005, 25.05876956000003], [84.78035342600003, 25.058920708000073], [84.77885642900003, 25.059051347000036], [84.77825646900004, 25.05915333400003], [84.77733992200007, 25.059087154000053], [84.77809442000006, 25.060041994000073], [84.77915897600008, 25.061589059000028], [84.77953500200005, 25.06302108500006], [84.78005422600006, 25.064629575000026], [84.78128928500007, 25.065635491000023], [84.78174293200004, 25.066232761000037], [84.78276721800006, 25.066637661000073], [84.78467496000007, 25.066688804000023], [84.78672182900004, 25.066650053000046], [84.78862970800003, 25.066656012000067], [84.79120715200008, 25.066533073000073], [84.79297222300005, 25.066281273000072], [84.79400011900003, 25.065742835000037], [84.79419086000007, 25.065088872000047], [84.79400565600008, 25.064221737000025], [84.79410244600007, 25.063526937000063], [84.79529763100004, 25.06326882700006], [84.79715693200006, 25.06301267400005], [84.79834609400007, 25.063061437000044], [84.79848867500004, 25.063364275000026], [84.79939301000007, 25.064062182000043], [84.80086561700006, 25.065199559000064], [84.80209815400008, 25.066941034000024], [84.80381086600005, 25.068855476000067], [84.80456985600006, 25.070031287000063], [84.80575843400004, 25.070251513000073], [84.81103243200005, 25.069982899000024], [84.81150538000009, 25.070769682000048], [84.81159535700004, 25.071938918000058], [84.81169235600004, 25.072548581000035], [84.81302590200005, 25.07242161100004], [84.81377428400003, 25.072401265000053], [84.81479034500006, 25.072386214000062], [84.81574099300008, 25.07264628400003]]]]}}, {"type": "Feature", "properties": {"OBJECTID": 60, "BLOCK_CODE": "0001", "NEAR_TOWN": "TIKARI", "BLK_NAME": "KONCH", "DIST_NAME": "GAYA"}, "geometry": {"type": "MultiPolygon", "coordinates": [[[[84.78210771800008, 25.057603801000027], [84.78276207500005, 25.057529129000045], [84.78339514200007, 25.057837993000078], [84.78390057100006, 25.057839581000053], [84.78495266900006, 25.05744118800004], [84.78616909400006, 25.056799518000048], [84.78770793000007, 25.05607315800006], [84.78844840200009, 25.05550220400005], [84.78872754100007, 25.055078811000044], [84.78881430700005, 25.054388467000024], [84.78868143600005, 25.052803768000047], [84.78868575400008, 25.05167083200007], [84.78849767600008, 25.050289091000025], [84.78841820300005, 25.04900244600003], [84.78806567600003, 25.047868401000073], [84.78783550400004, 25.04715452800008], [84.78741729100005, 25.04636781800008], [84.78691468300008, 25.045616970000026], [84.78672820100007, 25.04513348000006], [84.78558889200008, 25.045053155000062], [84.78518902400003, 25.044668280000053], [84.78481450700008, 25.04411185600003], [84.78431161700007, 25.04345578500005], [84.78353364000003, 25.04349404100003], [84.78286144800006, 25.04303146600006], [84.78174290300007, 25.042721037000035], [84.78052307600007, 25.042969955000046], [84.77914965000008, 25.04323190200006], [84.77753774100006, 25.043660086000045], [84.77574818200003, 25.043884570000046], [84.77443887000004, 25.04420988800007], [84.77334340300007, 25.044337291000033], [84.77159339500008, 25.044584452000038], [84.77045336500004, 25.044693591000055], [84.76982496400007, 25.044461347000038], [84.76949183500005, 25.043498901000078], [84.76928637500004, 25.04280763400004], [84.76932938200008, 25.041941163000047], [84.76988660500007, 25.04136065800003], [84.77018720600006, 25.040499502000046], [84.77031565700008, 25.039326354000025], [84.77034404000005, 25.038387662000048], [84.77110451200008, 25.03777619500005], [84.77141866800008, 25.03725817000003], [84.77131602900005, 25.036874219000026], [84.77141769700006, 25.03622901400007], [84.77175564100008, 25.03595930700004], [84.77238487900007, 25.03594329200007], [84.77311351700007, 25.03585991700004], [84.77391733500008, 25.035555558000055], [84.77452952800007, 25.034826243000055], [84.77490963200006, 25.033888658000023], [84.77537810400008, 25.03317694800006], [84.77571599800007, 25.03291174700007], [84.77609674600006, 25.03310252500006], [84.77708655700008, 25.033376537000038], [84.77759192500008, 25.033360092000066], [84.77790524600005, 25.033054105000076], [84.77795311100004, 25.032205713000053], [84.77801102100005, 25.031312155000023], [84.77785825100005, 25.02978607600005], [84.77748671000006, 25.028498497000044], [84.77698072900006, 25.027382058000057], [84.77617630000003, 25.02527604000005], [84.77590813000006, 25.02416035500005], [84.77605923900006, 25.023510852000072], [84.77672433900005, 25.023156417000052], [84.77809249500007, 25.02294862100007], [84.77993136500004, 25.022688126000048], [84.78111068500004, 25.022597037000025], [84.78207610000004, 25.022771652000074], [84.78260073000007, 25.02419513500007], [84.78331150300005, 25.026196902000038], [84.78326258300007, 25.02736576800004], [84.78321981200008, 25.02817357300006], [84.78315383900008, 25.028597644000058], [84.78367678700005, 25.029172508000045], [84.78418688800008, 25.029223776000038], [84.78543127800003, 25.02899745800005], [84.78690888100004, 25.028654578000044], [84.78802472500007, 25.028351072000078], [84.78878771900008, 25.02831740000005], [84.78931914800006, 25.027975986000058], [84.78940612800005, 25.02722695500006], [84.78976473500006, 25.026727036000068], [84.79090549500006, 25.02634693400006], [84.79090787900003, 25.025715010000056], [84.79040539900006, 25.024941599000044], [84.79051151700008, 25.024404830000037], [84.79156891100007, 25.023812328000076], [84.79247774300006, 25.023183161000077], [84.79450158000003, 25.022476212000072], [84.79566273500006, 25.021942635000073], [84.79735895600004, 25.021401655000034], [84.79843567800003, 25.020921979000036], [84.79882851200006, 25.020516950000058], [84.79901936300007, 25.01980889500004], [84.79934104800003, 25.018523413000025], [84.79928926400004, 25.017801061000057], [84.79863733500008, 25.017262027000072], [84.79857511700004, 25.016666], [84.79868403100005, 25.015321266000058], [84.79906931400006, 25.014266193000026], [84.79924991600006, 25.013643837000075], [84.79955105000005, 25.012552506000077], [84.79946360100007, 25.01207377700007], [84.79899903800003, 25.011806077000074], [84.79809388300004, 25.011419602000046], [84.79691713100004, 25.01083827100007], [84.79679123000005, 25.010052544000075], [84.79658488100006, 25.00959150400007], [84.79608090300007, 25.009242398000026], [84.79544764200006, 25.009028278000073], [84.79503735100008, 25.008805857000027], [84.79497495700008, 25.008250544000077], [84.79544289200004, 25.007638067000073], [84.79626639500003, 25.00729308800004], [84.79666840100003, 25.007064069000023], [84.79685761900004, 25.006793849000076], [84.79686020500003, 25.006103241000062], [84.79650553200008, 25.005565012000034], [84.79635862900005, 25.005104152000058], [84.79653886600005, 25.00455853400007], [84.79723914800007, 25.004059684000026], [84.79795461100008, 25.00344798900005], [84.79820966600005, 25.002776253000036], [84.79789538200004, 25.00202603100007], [84.79760570400003, 25.00135259800004], [84.79729309500004, 25.00046314800005], [84.79674123600006, 24.999345879000032], [84.79690796500006, 24.998452695000026], [84.79759338500008, 24.99793569700006], [84.79832865600008, 24.997319514000026], [84.79816772500004, 24.996623939000074], [84.79795383800007, 24.99553099700006], [84.79868985200005, 24.994689124000047], [84.79964068200007, 24.994719102000033], [84.80040492000006, 24.994324171000073], [84.80144194600007, 24.993781219000027], [84.80258149600007, 24.99368529800006], [84.80310300300005, 24.993267132000028], [84.80375898000005, 24.992650713000046], [84.80462703400008, 24.99227869300006], [84.80502490600009, 24.991819415000066], [84.80587202500004, 24.990386584000078], [84.80796861900006, 24.98991895200004], [84.80924751100008, 24.989602283000067], [84.81000370600003, 24.990051356000038], [84.81166451500007, 24.989559747000044], [84.81136038200003, 24.98872836000004], [84.81141087200007, 24.988471187000073], [84.81324464200009, 24.988083877000065], [84.81588655000007, 24.98746421100003], [84.81792305900007, 24.987172213000065], [84.81990536800004, 24.98678534900006], [84.82359257700006, 24.986028585000042], [84.82473699100007, 24.985918990000073], [84.82506970200006, 24.985640105000073], [84.82494652000008, 24.984019336000074], [84.82509546400007, 24.982462560000045], [84.82476893500007, 24.980940523000072], [84.82457969100005, 24.97979341200005], [84.82441223300003, 24.978091307000057], [84.82446680800007, 24.97661549000003], [84.82485126700004, 24.975713805000055], [84.82539445800006, 24.97470427500008], [84.82571390700008, 24.97397400600005], [84.82630908600004, 24.97223785600005], [84.82629055500007, 24.97187672000007], [84.82456808500007, 24.971637143000066], [84.82124617400007, 24.97141991700005], [84.81866149800004, 24.97135832400005], [84.81741395200004, 24.97128245500005], [84.81739540800004, 24.970898754000075], [84.81703931900006, 24.970766809000054], [84.81534068500008, 24.970825004000062], [84.81479033100004, 24.97101752900005], [84.81466043700004, 24.97135565600007], [84.81440725400006, 24.971526486000073], [84.81401155100008, 24.971394387000032], [84.81349215500006, 24.971261996000067], [84.81175775300005, 24.971595381000043], [84.80936487900004, 24.971922346000042], [84.80914124100008, 24.97215644700003], [84.80891688500003, 24.97257101200006], [84.80844076000005, 24.97278174400003], [84.80704344700007, 24.973021319000054], [84.80568623400006, 24.97313915600006], [84.80417101100005, 24.973112032000074], [84.80221444800009, 24.973277669000026], [84.80098813500007, 24.973337108000067], [84.80098614200006, 24.973332692000042], [84.80109889300007, 24.972294807000026], [84.80115546800005, 24.971708251000052], [84.80096972700005, 24.971048628000062], [84.80112543800004, 24.970435320000036], [84.80134400400004, 24.97023279700005], [84.80162543800003, 24.970454877000066], [84.80185728900005, 24.970712853000066], [84.80215892200005, 24.970840077000048], [84.80240192200006, 24.97073700800007], [84.80249695500004, 24.970457451000073], [84.80250800700009, 24.970150570000044], [84.80253427200006, 24.969739869000023], [84.80281691800008, 24.96963243500005], [84.80336154600008, 24.969643047000034], [84.80366390000006, 24.96956272400007], [84.80369540500004, 24.969057263000025], [84.80349051800005, 24.966822345000026], [84.80319213000007, 24.965801382000052], [84.80332049600008, 24.964533378000056], [84.80368536200007, 24.963591181000027], [84.80357858200006, 24.96299496200004], [84.80329221200003, 24.962772947000076], [84.80254411000004, 24.96289715300003], [84.80211329100007, 24.96288677900003], [84.80169919900004, 24.96237545500003], [84.80121477600005, 24.96216640700004], [84.80199642100007, 24.96097260600004], [84.80220660900005, 24.960354837000068], [84.80253113900005, 24.95962012600006], [84.80258215700007, 24.959195943000054], [84.80225871000005, 24.958274218000042], [84.80213384400008, 24.95721313100006], [84.80181810500005, 24.95689162700006], [84.80161024800003, 24.956850374000055], [84.80144626900005, 24.95703950500007], [84.80107308000004, 24.957534860000067], [84.80082980700007, 24.95770563700006], [84.80052315800003, 24.957632543000045], [84.80034583000008, 24.957370199000025], [84.80014087000006, 24.956552556000076], [84.79958454000007, 24.955670760000032], [84.79968072200006, 24.955084259000046], [84.80054761200006, 24.954987508000045], [84.80120159900008, 24.954863102000047], [84.80142502800004, 24.954683269000043], [84.80056713800008, 24.953696724000054], [84.79978613600008, 24.953342235000036], [84.80038152400004, 24.952982932000054], [84.80060432700003, 24.952983654000036], [84.80080784800003, 24.95283078400007], [84.80073493200007, 24.952483034000068], [84.80041386400006, 24.95225638100004], [84.80014785400004, 24.951894457000037], [84.79980721300007, 24.951609001000065], [84.79926305700008, 24.951490043000035], [84.79912581300005, 24.95111048600006], [84.79877085400005, 24.950698637000073], [84.79810953000003, 24.95012341300003], [84.79741338800005, 24.949570636000033], [84.79716719400005, 24.94920873700005], [84.79723697300005, 24.949078077000024], [84.79794991600005, 24.949093795000067], [84.79818337200004, 24.948882338000033], [84.79815954100008, 24.948606933000065], [84.79765091500008, 24.948262304000025], [84.79715136500005, 24.948125375000075], [84.79666551100007, 24.948309021000057], [84.79626827100003, 24.94861472300005], [84.79589439000006, 24.949313191000044], [84.79568604900004, 24.94942088600004], [84.79531569000005, 24.94915347500006], [84.79492160800004, 24.94861065400005], [84.79449217100006, 24.948270741000044], [84.79421170000006, 24.94779144900008], [84.79384091500003, 24.94765042100005], [84.79336472400007, 24.94789270700005], [84.79296814600008, 24.94804041200007], [84.79284530800004, 24.947791751000068], [84.79208962200005, 24.94730195900007], [84.79162561000004, 24.946925899000064], [84.79088040800008, 24.946278176000078], [84.79108772000006, 24.945114206000028], [84.79187959300003, 24.94384828400007], [84.79207498400007, 24.94321247000005], [84.79197982100004, 24.94216500300007], [84.79262124100006, 24.941413201000046], [84.79249506200006, 24.940717634000066], [84.79243338200007, 24.939990774000023], [84.79248636800008, 24.939047584000036], [84.79147013100004, 24.93808754500003], [84.79061657000005, 24.937304003000065], [84.79087220300005, 24.936460731000068], [84.79122751400007, 24.935419185000057], [84.79065708900004, 24.934374756000068], [84.79101088300007, 24.933766450000064], [84.79152251600004, 24.93327603000006], [84.79070166000008, 24.93304330500007], [84.79055396900003, 24.93276290600005], [84.79055422300007, 24.932762981000053], [84.79140763200007, 24.93223303900004], [84.79232106900008, 24.93152262700005], [84.79256503900007, 24.93113068300005], [84.79178958600005, 24.930663424000045], [84.79151815700004, 24.930441384000062], [84.79168218800004, 24.930270406000034], [84.79259781900004, 24.930295792000038], [84.79297494000008, 24.930053171000054], [84.79281325400007, 24.92961034800004], [84.79260346800004, 24.928774601000043], [84.79271344500006, 24.92848159400006], [84.79306213100006, 24.927891401000068], [84.79332341000008, 24.92682688000008], [84.79303124800003, 24.925521531000072], [84.79265825100003, 24.924640187000023], [84.79223490100009, 24.923613673000034], [84.79223144900004, 24.923605304000034], [84.78967623200003, 24.92254119300003], [84.78891174900008, 24.921816592000027], [84.78846138100005, 24.920465570000033], [84.78787418300004, 24.918622128000038], [84.78986501800006, 24.918357482000033], [84.78986727400007, 24.917743680000058], [84.79042696900007, 24.917641580000065], [84.79160113600005, 24.917338221000023], [84.79180060300007, 24.916950695000025], [84.79180267800007, 24.91638645300003], [84.79253764800006, 24.91572522900003], [84.79337484500007, 24.915524607000066], [84.79573365800007, 24.914764513000023], [84.79640681200004, 24.914766546000067], [84.79645175100006, 24.914766669000073], [84.79646125800008, 24.91476669700006], [84.79647566100004, 24.91476583800005], [84.79720407200006, 24.914651608000042], [84.79785785800004, 24.914540755000075], [84.79797479900003, 24.915051194000057], [84.79957318300006, 24.915146330000027], [84.80160723900008, 24.915215656000044], [84.80286422600005, 24.915264539000077], [84.80291741900004, 24.91422654400003], [84.80302725900003, 24.913974060000044], [84.80443295800006, 24.91397832900003], [84.80525456100008, 24.91395820400004], [84.80549702900004, 24.913981517000025], [84.80556271500006, 24.914997301000028], [84.80553995400004, 24.91581420500006], [84.80618765300005, 24.916023777000078], [84.80679164500003, 24.915980387000047], [84.80750899700007, 24.916072830000076], [84.80781853000008, 24.91811395600007], [84.80822276400005, 24.91857556000008], [84.80908891900003, 24.918600728000058], [84.81046020600007, 24.918537025000035], [84.81070535000003, 24.917792962000078], [84.81077912100005, 24.916542927000023], [84.81114186300005, 24.91612873400004], [84.81248968800008, 24.915690297000026], [84.81396693600004, 24.915053735000072], [84.81503842400008, 24.914384307000034], [84.81752313300007, 24.91294256300006], [84.81956905000004, 24.912442954000028], [84.82292507400007, 24.912353298000028], [84.82539951700005, 24.91245065100003], [84.82869444200009, 24.912852720000046], [84.82968129300008, 24.91230935300007], [84.83127634300007, 24.91192114100005], [84.83170553600007, 24.91231954600005], [84.83281503200004, 24.913559475000056], [84.83367913900008, 24.914180256000066], [84.83424556900007, 24.914998810000043], [84.83592669700005, 24.91552261700008], [84.83645279300003, 24.916575745000046], [84.84139262100007, 24.916562680000027], [84.84139262200006, 24.91656228000005], [84.84097765700005, 24.913311211000064], [84.84106981700006, 24.91088762000004], [84.84142055000007, 24.90654634300006], [84.84200811900007, 24.903952464000042], [84.84497234000008, 24.90408166700007], [84.84499206900006, 24.90408252800006], [84.84919105700004, 24.903443843000048], [84.84922752700004, 24.902879707000068], [84.84974470400005, 24.902095708000047], [84.85099625200007, 24.900722333000033], [84.85175404300008, 24.898991127000045], [84.85277091900008, 24.89673244200003], [84.85413627900004, 24.893765958000074], [84.85502102900006, 24.89254509600005], [84.85484374400005, 24.89227377900005], [84.85464805900006, 24.891569094000033], [84.85437421300009, 24.89054373400006], [84.85383188600008, 24.889901344000066], [84.85197173100005, 24.889729429000056], [84.85093755200006, 24.889726642000028], [84.85050625200006, 24.88996467000004], [84.85048019400006, 24.890384418000053], [84.85017490900003, 24.89142180400006], [84.84944945500007, 24.89234517600005], [84.84810099200007, 24.893086286000027], [84.84677365000005, 24.893434781000053], [84.84552553900005, 24.89376088100005], [84.84436825400007, 24.89353660300003], [84.84326576800004, 24.89320411600005], [84.84326630000004, 24.89302807200005], [84.84379698800007, 24.892677426000034], [84.84401673100007, 24.892064154000025], [84.84394460900006, 24.89140495500004], [84.84229548100006, 24.891784138000048], [84.84109311200007, 24.891740225000035], [84.84097380700007, 24.891915940000047], [84.84094639000006, 24.892723799000066], [84.84067786500003, 24.893120288000034], [84.83988457500004, 24.893555975000027], [84.83887642900004, 24.893137876000026], [84.83825351500008, 24.892960088000052], [84.83784360900006, 24.89269723800004], [84.83681155100004, 24.892035315000044], [84.83606470900008, 24.89190239100003], [84.83500481900006, 24.892161256000065], [84.83452607400005, 24.891807795000034], [84.83413279500007, 24.89102582000004], [84.83421037600004, 24.89001494200005], [84.83452735300006, 24.888458539000055], [84.83395208100006, 24.88733757500006], [84.83328170100003, 24.886568324000052], [84.83324497900009, 24.885697073000074], [84.83273691300008, 24.883750236000026], [84.83196905500006, 24.88252033400005], [84.83173060000007, 24.881332539000027], [84.83184839700004, 24.880150267000033], [84.83164747300003, 24.879549347000022], [84.83123375200006, 24.878992942000025], [84.83071535400006, 24.87865747400008], [84.82951163900003, 24.877561770000057], [84.82994494100006, 24.87674600400004], [84.83008524300004, 24.876218321000067], [84.83018593300005, 24.87423704200006], [84.83030235800004, 24.87200297100003], [84.83021605800008, 24.871163203000037], [84.82947890800006, 24.871161116000053], [84.82908350100007, 24.871029142000054], [84.82908528800004, 24.87049648800007], [84.82888185600007, 24.86920497400007], [84.82868559200006, 24.867236387000048], [84.82876348400004, 24.866157790000045], [84.83060602700004, 24.865562668000052], [84.83230509500004, 24.864949078000052], [84.83307129300005, 24.863673823000056], [84.83438571800008, 24.86267542400003], [84.83561282400007, 24.86263819100003], [84.83696436400004, 24.86387871900007], [84.83798273700006, 24.864116242000023], [84.83986133100007, 24.864568315000042], [84.84185048800003, 24.864492495000036], [84.84396906400008, 24.864191332000075], [84.84539543100004, 24.86220914000006], [84.84658357200004, 24.860470039000063], [84.84604381400004, 24.85757065200005], [84.84765252900007, 24.857304228000032], [84.84900779500003, 24.85738454500006], [84.84967584400005, 24.857323215000065], [84.85008584100007, 24.857531961000063], [84.85023999600008, 24.858836798000027], [84.85007962200007, 24.85947733200004], [84.85012223500007, 24.860055206000027], [84.85075544400007, 24.860097581000048], [84.85105314500004, 24.859832057000062], [84.85141559800007, 24.859417760000042], [84.85168957500008, 24.858818145000043], [84.85187517800006, 24.85803321000003], [84.85176463000005, 24.857017348000056], [84.85102126000004, 24.85587785900003], [84.85096185400005, 24.855868672000042], [84.85098372900006, 24.855864933000078], [84.85037572500005, 24.855059165000057], [84.84862746500005, 24.85260341700007], [84.84688823000005, 24.850382443000058], [84.84539920900005, 24.848870797000075], [84.84439484900008, 24.84738759100003], [84.84358475400006, 24.84550311000004], [84.84342892000006, 24.84473534400007], [84.84217215800004, 24.844822211000064], [84.84011815000008, 24.84514611700007], [84.83892077900003, 24.845242057000064], [84.83858788100008, 24.845674469000073], [84.83716721800005, 24.845950385000037], [84.83622292300004, 24.84579436300004], [84.83584874100006, 24.845256163000045], [84.83459627300005, 24.84553249800007], [84.83383425200003, 24.84558455000007], [84.83351715100008, 24.844247584000072], [84.83324482900008, 24.842847591000066], [84.83299865400005, 24.84103686900005], [84.83286426300003, 24.839790623000056], [84.83233667400003, 24.839279141000077], [84.82950287700004, 24.83913128300003], [84.82612419000003, 24.839171375000035], [84.82570950500008, 24.83893996100005], [84.82498787200007, 24.837308423000025], [84.82435128900005, 24.835419803000036], [84.82432655600007, 24.83541974700006], [84.82337531300004, 24.835877440000047], [84.82203327300005, 24.836306989000036], [84.82069217400004, 24.836506212000074], [84.81892026200006, 24.836794499000064], [84.81727195100007, 24.837119254000072], [84.81663154600005, 24.837780907000024], [84.81528829400008, 24.83859399800008], [84.81319269900007, 24.839504229000056], [84.80904280000004, 24.840828111000064], [84.80619474700006, 24.841866879000065], [84.80354150300008, 24.842369047000034], [84.80236657300009, 24.843078681000065], [84.80119314200005, 24.843377615000065], [84.80009103200007, 24.843107916000065], [84.79827690500008, 24.84272327900004], [84.79623882300007, 24.842739734000077], [84.79334138100006, 24.842374327000073], [84.79188716500005, 24.842347261000043], [84.79124293300004, 24.842674826000064], [84.79081302100008, 24.842528998000034], [84.78970239600005, 24.841889194000032], [84.78800244500007, 24.840105469000036], [84.78650441000008, 24.838543537000078], [84.78581187200007, 24.83721886400008], [84.78530768300004, 24.837140540000064], [84.78104101200006, 24.837867535000044], [84.77954693000004, 24.837953046000052], [84.77780548600003, 24.838001802000065], [84.77743510100004, 24.837838067000064], [84.77757657500007, 24.83705763300003], [84.77774121100003, 24.83540159000006], [84.77766644800005, 24.83423231300003], [84.77786415300005, 24.832969029000026], [84.77842061900003, 24.831011800000056], [84.77872277300008, 24.82959089600007], [84.77743076600007, 24.82986670400004], [84.77684035000004, 24.830343336000055], [84.77616213900006, 24.830481124000073], [84.77593135100005, 24.830042528000035], [84.77509865700006, 24.830491278000068], [84.77417221600007, 24.83088102200003], [84.77367990900007, 24.831583600000044], [84.77352263700004, 24.832621239000048], [84.77379627100004, 24.833493288000057], [84.77490194000006, 24.834088129000065], [84.77502133900003, 24.83521245600008], [84.77480088100003, 24.83594301000005], [84.77406077300003, 24.836757617000046], [84.77324175400008, 24.837499772000058], [84.77244115200006, 24.83733016900004], [84.77142743200005, 24.83724120900007], [84.77040785200006, 24.837404906000074], [84.76992518800006, 24.838134620000062], [84.76860348600007, 24.840955982000025], [84.76626160200004, 24.844044917000076], [84.76530315700006, 24.846280609000075], [84.76608752500005, 24.849375144000078], [84.76199355600005, 24.85009303700008], [84.76226611400006, 24.85123133700006], [84.75834303200008, 24.851250067000024], [84.75817941700006, 24.848843699000042], [84.75808023100006, 24.84764275400005], [84.75659140300007, 24.84760619700006], [84.75509673100004, 24.847790875000044], [84.75486500800008, 24.84509985400007], [84.75466323500007, 24.843578106000052], [84.75331130500007, 24.843952729000023], [84.75164305100003, 24.84426311200008], [84.75039900300004, 24.84362704600005], [84.74953405800005, 24.84343461800006], [84.74787145200008, 24.843736680000063], [84.74570477300006, 24.84381067700008], [84.74373102000004, 24.843803182000045], [84.74220257200005, 24.843854106000038], [84.74029303800006, 24.84379236700005], [84.73975362700008, 24.843467747000034], [84.73943634500006, 24.842826992000028], [84.73873835300003, 24.842272351000076], [84.73784755600008, 24.84183517300005], [84.73784735000004, 24.841514721000067], [84.73801009200008, 24.841022544000054], [84.73824156000006, 24.839889366000023], [84.73798307300007, 24.838499311000078], [84.73688599800005, 24.83969184700004], [84.73629745300008, 24.83977797800003], [84.73591692300005, 24.840161972000033], [84.73594701200005, 24.840622347000078], [84.73608627700008, 24.841511471000047], [84.73584898700005, 24.841624496000065], [84.73546811300008, 24.841692554000076], [84.73390997600006, 24.84173426700005], [84.73327197900005, 24.841933359000052], [84.73296623100003, 24.84300791800007], [84.73226881900007, 24.843098661000056], [84.73077962700006, 24.842806349000057], [84.72797527300008, 24.843228018000048], [84.72761800800004, 24.841896704000078], [84.72746793800007, 24.839946774000055], [84.72741141000006, 24.837364851000075], [84.72725639300006, 24.835302140000067], [84.72745866000008, 24.83475579800006], [84.72734933200007, 24.834160048000058], [84.72712051200006, 24.83249457200003], [84.72785248000008, 24.832494076000046], [84.72789548500003, 24.830584742000042], [84.72773144700005, 24.82964589000005], [84.72720216200008, 24.829583069000023], [84.72663815600004, 24.829457107000053], [84.72634528400005, 24.82815725000006], [84.72668566600004, 24.82709628300006], [84.72659619400008, 24.826504989000057], [84.72637260900007, 24.825263894000045], [84.72614420800005, 24.82423480600005], [84.72542023000005, 24.821865545000037], [84.72429235200008, 24.821681214000023], [84.72146826100004, 24.821583778000047], [84.72153153300007, 24.82025661800003], [84.72122932200006, 24.819706094000026], [84.72043322700006, 24.81986014100005], [84.71874197500006, 24.820186172000035], [84.71604682900005, 24.820625673000052], [84.71309469600004, 24.82131808500003], [84.71172977000003, 24.82152197100004], [84.71111651300004, 24.82147722700006], [84.71015719400003, 24.821744065000075], [84.70939093700008, 24.822286133000034], [84.70843135200005, 24.82216029400007], [84.70753162700004, 24.822706977000053], [84.70559851100006, 24.82387717000006], [84.70490133300007, 24.824148325000067], [84.70420424900004, 24.824631700000054], [84.70313641600006, 24.82541762900007], [84.69991643300006, 24.82501760100007], [84.69991626000007, 24.825017579000075], [84.69787392100005, 24.82549702600005], [84.69646957000003, 24.826021327000035], [84.69559423200008, 24.826328717000024], [84.69547697500008, 24.827275318000034], [84.69544661100008, 24.82752043800008], [84.69552113500004, 24.828206523000063], [84.69493286300008, 24.828780037000058], [84.69526107800004, 24.831876429000033], [84.69365871100007, 24.832314981000025], [84.69176941700005, 24.832527998000046], [84.68847562400003, 24.83291314400003], [84.68847532700005, 24.83291317900006], [84.68799958000005, 24.83100848500004], [84.68771218900008, 24.83003356100005], [84.68577359500006, 24.830205896000052], [84.68577339400008, 24.83020590800004], [84.68387922100004, 24.83073031400005], [84.68290991900005, 24.83107824700005], [84.68159929200004, 24.831385682000075], [84.68024413000006, 24.831553153000073], [84.68024409700007, 24.83155315500005], [84.67862196100003, 24.831571849000056], [84.67862176000006, 24.83157185300007], [84.67702399500007, 24.831342192000022], [84.67576769400006, 24.831116938000036], [84.67576755200008, 24.831116913000074], [84.67518409000007, 24.831428607000078], [84.67527371200003, 24.83306252500006], [84.67574028900003, 24.836953352000023], [84.67597356900006, 24.83876787400004], [84.67596424400006, 24.840225906000057], [84.67475263200004, 24.840266932000077], [84.67475232900006, 24.84026694100004], [84.67474331300008, 24.842302682000025], [84.67447645200008, 24.842988883000032], [84.67282444100005, 24.84350848200006], [84.67296390400008, 24.845855663000066], [84.67318753100005, 24.848424026000032], [84.67236657600006, 24.84841977900004], [84.67236637600007, 24.84841978600008], [84.67076869100003, 24.84854209100007], [84.67076849100005, 24.848542106000025], [84.66771637300008, 24.848845444000062], [84.66587132100005, 24.849189067000054], [84.66528768700005, 24.849496117000058], [84.66460045000008, 24.850909132000027], [84.66411579000004, 24.851437384000064], [84.66156845000006, 24.85246720600003], [84.65996567000008, 24.85294602600004], [84.65535523600005, 24.85385885100004], [84.65462808400008, 24.854251704000035], [84.65259008700008, 24.855082625000023], [84.65128414800006, 24.855430453000054], [84.65107680400007, 24.857642270000042], [84.65072603500005, 24.859944436000035], [84.64956353200006, 24.860382431000062], [84.64924215200006, 24.86159220600007], [84.64855467500007, 24.86269823400005], [84.64719920900006, 24.863443218000043], [84.64608110300009, 24.863926364000065], [84.64268230200008, 24.864883750000047], [84.64272225100007, 24.86727158800005], [84.64299018400004, 24.872313602000077], [84.64301501400007, 24.872467046000054], [84.64300523800006, 24.873663192000038], [84.64004644200008, 24.87409690000004], [84.64009108700003, 24.87489128800007], [84.64026422600006, 24.875438846000065], [84.64126428600008, 24.87860154300006], [84.64126446100005, 24.87860153500003], [84.64365914400008, 24.878488461000074], [84.64411533600008, 24.87858295600006], [84.64453007100008, 24.878668865000066], [84.64453009000005, 24.87866891300007], [84.64510922900007, 24.880081618000077], [84.64510939900003, 24.880081619000066], [84.64617301800007, 24.88008599500006], [84.65654901700003, 24.878806843000064], [84.65693995100008, 24.878761617000066], [84.65975501700007, 24.877492533000066], [84.66264469000004, 24.877306840000074], [84.66402820900004, 24.871384229000057], [84.66427054100006, 24.870987009000032], [84.66606162800008, 24.870819512000025], [84.66606167600008, 24.870819512000025], [84.66652864000008, 24.87089824000003], [84.66713042000003, 24.87099969800005], [84.66770916000007, 24.87073323000004], [84.66836324600007, 24.870797005000043], [84.66867902800004, 24.870827794000036], [84.66950542600006, 24.871139004000042], [84.67017390100006, 24.87256067100003], [84.67056004500006, 24.87304804100006], [84.67166864300003, 24.873891755000045], [84.67181252500006, 24.874952466000025], [84.67175401800006, 24.877250067000034], [84.67217092400006, 24.88056767100005], [84.67163207200008, 24.881673721000027], [84.67138965400005, 24.88198520000003], [84.66949467200004, 24.88245977200006], [84.66784701000006, 24.882807842000034], [84.66659022200008, 24.882889393000028], [84.66605103700005, 24.88351250200003], [84.66537334200007, 24.88372931300006], [84.66537319600008, 24.883729360000075], [84.66450707900003, 24.883102104000045], [84.66421501200006, 24.88288102200005], [84.66358653500004, 24.88283608300003], [84.66321777300004, 24.882856770000046], [84.66213204000007, 24.882917673000065], [84.66213183800005, 24.882917681000038], [84.66159253900008, 24.883360151000034], [84.66115732200007, 24.88388836300004], [84.66129606500004, 24.88459249400006], [84.66187518600003, 24.88530552800006], [84.66187533600004, 24.88530554600004], [84.66287960000005, 24.885426238000036], [84.66337465400005, 24.885485734000042], [84.66346910400006, 24.886857978000023], [84.66343487900008, 24.888293332000046], [84.66343508600005, 24.888293315000055], [84.66445917100003, 24.888211838000075], [84.66450399100006, 24.88892054200005], [84.66450419300008, 24.88892052600005], [84.66610223200007, 24.888707934000024], [84.66610224200008, 24.888707964000048], [84.66643418300004, 24.889723445000072], [84.66643437000005, 24.889723394000043], [84.66740395800008, 24.889461377000032], [84.66740426100006, 24.889461366000035], [84.66832441100007, 24.889420474000076], [84.66832451600004, 24.889420564000034], [84.66910158900004, 24.890088348000063], [84.66996311500003, 24.891415101000064], [84.67020576100003, 24.891861953000046], [84.67078013600008, 24.891973225000072], [84.67136877500008, 24.89208726000004], [84.67180421400008, 24.89200141300006], [84.67219513800006, 24.891780038000036], [84.67244194000006, 24.890367171000037], [84.67467370000008, 24.890109146000043], [84.67765262000006, 24.88978766100007], [84.67840010800006, 24.890387760000067], [84.67840031000009, 24.890387759000077], [84.68084969200004, 24.89041843600006], [84.68113247300005, 24.89197112000005], [84.68229059000004, 24.89224153500004], [84.68228197100007, 24.895071666000035], [84.68226809000004, 24.897148041000037], [84.68202586400008, 24.897631128000057], [84.68149178600004, 24.89860184500003], [84.68192289700005, 24.899842931000023], [84.68305207200007, 24.90137270400004], [84.68305220200006, 24.901372688000038], [84.68474940800007, 24.90115994200005], [84.68523924400006, 24.900848216000043], [84.68557560600004, 24.900545657000066], [84.68582278200006, 24.899927198000057], [84.68630753400004, 24.89948464300005], [84.68718338600007, 24.899312715000065], [84.68741519900004, 24.899364200000036], [84.68819805100009, 24.899538071000052], [84.68906511600005, 24.901352270000075], [84.68983283600005, 24.902552626000045], [84.68983301000003, 24.902552576000062], [84.69119354700007, 24.90215925900003], [84.69308403600007, 24.90198687000003], [84.69478129500004, 24.90154833300005], [84.69880943000004, 24.90086027700005], [84.70145182200008, 24.90031728500003], [84.70145212500006, 24.900317276000067], [84.70285734500004, 24.900280477000024], [84.70344881800008, 24.900361866000026], [84.70416395500007, 24.900460271000043], [84.70416402500007, 24.900460321000025], [84.70484233000008, 24.90095191900008], [84.70566458900004, 24.902057417000037], [84.70580341900006, 24.902409374000058], [84.70588937000008, 24.90519895600005], [84.70593038200008, 24.90736558800006], [84.70593058300005, 24.90736558800006], [84.70801401600005, 24.907418604000043], [84.70854367100003, 24.90754918700003], [84.70897972300008, 24.908302793000075], [84.70906937200004, 24.909056553000028], [84.70885492700006, 24.914008335000062], [84.70882172500006, 24.916066692000072], [84.71081177700006, 24.916557557000033], [84.71208680800004, 24.91679240900004], [84.71303449200008, 24.916966966000075], [84.71467695700005, 24.916974107000044], [84.71487574700006, 24.916974966000055], [84.71783579900006, 24.917117621000045], [84.71729256600008, 24.918837677000056], [84.71684876000006, 24.92100464500004], [84.71679110300005, 24.923306731000025], [84.71739085100006, 24.92447993500008], [84.71782696700006, 24.925188288000072], [84.71864441900004, 24.92603190400007], [84.71898640700005, 24.92656434500003], [84.71979544300007, 24.92948424900004], [84.72007878100004, 24.931036832000075], [84.72021367500008, 24.932585016000075], [84.71970448200005, 24.933443001000057], [84.71810092700008, 24.933529745000044], [84.71810062400004, 24.93352975700003], [84.71780883800005, 24.93387744300003], [84.71771048900007, 24.934717067000065], [84.71751279700004, 24.93515960600007], [84.71698330700008, 24.935471351000047], [84.71687098800004, 24.937547769000048], [84.71435157800005, 24.93802322700003], [84.71386200900008, 24.93873220200004], [84.71375856100008, 24.939436485000044], [84.71438399100003, 24.941693022000038], [84.71555563500004, 24.946228674000054], [84.71599736700006, 24.947654744000033], [84.71554231000005, 24.94826438800004], [84.71282045700008, 24.949890982000056], [84.71088034900004, 24.950858148000066], [84.71113518300007, 24.954107945000032], [84.71253688400003, 24.954906047000065], [84.71253690600008, 24.95490602800004], [84.71331367400006, 24.954205914000056], [84.71331394700007, 24.954206027000055], [84.71374957600005, 24.954386227000043], [84.71394312300004, 24.95500453300008], [84.71381491500006, 24.95580803000007], [84.71381523800005, 24.95580800700003], [84.71694394200006, 24.955589479000025], [84.72082530600005, 24.955158228000073], [84.72354318900005, 24.954727637000076], [84.72354339600008, 24.954727717000026], [84.72417215300004, 24.95494844600006], [84.72425744600008, 24.95636567200006], [84.72425774500005, 24.956365635000054], [84.72561895000007, 24.95619775600005], [84.72986672700006, 24.955793112000038], [84.73165911400008, 24.95584148300003], [84.73198369500005, 24.95594924200003], [84.73233756800005, 24.956066725000028], [84.73320971700008, 24.956865019000077], [84.73320992400005, 24.956865011000048], [84.73534362700008, 24.95678222500004], [84.73699210400008, 24.956478580000066], [84.73699218000007, 24.956478705000052], [84.73766654500008, 24.957588526000052], [84.73848042300006, 24.959623561000058], [84.73925389100003, 24.96077402900005], [84.73992379300006, 24.962326313000062], [84.74016235100004, 24.963341667000066], [84.74005964700007, 24.964713999000026], [84.73986531300005, 24.965044388000024], [84.73966918600007, 24.96537782300004], [84.73785173400006, 24.965171515000065], [84.73736656900007, 24.965298301000075], [84.73542192600007, 24.96675766900006], [84.73464022700006, 24.96754823300006], [84.73298709800008, 24.968294197000034], [84.73197236200008, 24.968728245000023], [84.73099695600007, 24.96886431200005], [84.73056159900005, 24.96925739900007], [84.72982570100004, 24.971555436000074], [84.72957898800007, 24.97257119300008], [84.72952058500005, 24.973808045000055], [84.72970981300006, 24.97495893400003], [84.73045075700009, 24.97861003400004], [84.73106289000003, 24.982148462000055], [84.73106317600008, 24.982148421000034], [84.73285544200007, 24.981889833000025], [84.73285551600009, 24.98188993800005], [84.73329676200007, 24.98251240700006], [84.73367406500006, 24.983577395000054], [84.73497773000008, 24.984948625000072], [84.73497783100004, 24.98494860200003], [84.73912693000005, 24.98401117800006], [84.74121650100005, 24.98371165900005], [84.74121665000007, 24.983711765000066], [84.74184589100008, 24.984158041000057], [84.74247102500004, 24.98530410400008], [84.74247122200006, 24.985304090000056], [84.74334253500007, 24.98522209300006], [84.74455560400008, 24.984959377000052], [84.74601129400008, 24.984696386000053], [84.74601134500006, 24.984696514000063], [84.74649295100005, 24.985896669000056], [84.74701974800007, 24.98784172200004], [84.74730848900003, 24.989303892000066], [84.74657258200006, 24.991380846000027], [84.74641138200008, 24.993547634000038], [84.74558919400005, 24.993543776000024], [84.74515332100003, 24.99354408000005], [84.74505460300009, 24.993891774000076], [84.74628466100006, 24.995646675000046], [84.74657707700004, 24.99591272500004], [84.74710323100004, 24.997063280000077], [84.74675840000003, 24.998918764000052], [84.74729923500007, 25.00046043100008], [84.74649325700005, 25.001273042000037], [84.74600869900007, 25.002108405000058], [84.74648583800007, 25.003728548000026], [84.74599584500004, 25.00417124300003], [84.74540173700007, 25.00446064500005], [84.74174605500008, 25.004106964000073], [84.74125573800006, 25.00420213800004], [84.74001330800007, 25.00507877800004], [84.73214332700007, 25.005793254000025], [84.73182455800008, 25.003748775000076], [84.73167035400007, 25.002940936000073], [84.72600924800008, 25.00326528200003], [84.72237425600008, 25.003976360000024], [84.72085867700008, 25.004162474000054], [84.72048290300006, 25.005047389000026], [84.72023543000006, 25.005097672000034], [84.71999263200007, 25.005147006000072], [84.71805137600006, 25.005680893000033], [84.71751218400004, 25.006561393000027], [84.71745319900003, 25.00714815500004], [84.71782145800006, 25.009409341000037], [84.71770841000006, 25.010587504000057], [84.71684234800006, 25.011666882000043], [84.71651193900004, 25.013630609000074], [84.71658264900003, 25.015372831000036], [84.71657810000005, 25.01591454800007], [84.71647026500005, 25.017435730000045], [84.71598023100006, 25.017977706000067], [84.71322256300004, 25.020078264000063], [84.71073211600003, 25.02198448200005], [84.70850871600004, 25.02320896200007], [84.70846495900008, 25.02453153500005], [84.70584448700004, 25.024790284000062], [84.70498025300003, 25.024808861000054], [84.70390757900003, 25.02483191700003], [84.70352283900007, 25.027432125000075], [84.70367683900008, 25.028072999000074], [84.70345914000006, 25.02861474900004], [84.70027022600004, 25.03105827400003], [84.69961654700006, 25.03154612700007], [84.69934929300007, 25.031988613000067], [84.69959915300007, 25.035423498000057], [84.69800450600007, 25.036575275000075], [84.69842726400003, 25.039224689000037], [84.69844796500007, 25.03942357300008], [84.69870632200008, 25.041905730000053], [84.70803085700004, 25.041792470000075], [84.71660230000003, 25.04167914900006], [84.72075409700005, 25.041396692000035], [84.72431113900006, 25.040870720000044], [84.72485074700006, 25.040432578000036], [84.72846703900007, 25.039658228000064], [84.73040433200003, 25.03976070300007], [84.73018728600005, 25.040844136000032], [84.72937116400004, 25.04251030900008], [84.72953030900004, 25.043196223000052], [84.73028378900005, 25.043592985000032], [84.73200777100004, 25.04335703600003], [84.73238025800003, 25.04433621800007], [84.73333114100006, 25.04944965800007], [84.73379228500005, 25.055375879000053], [84.73789979800006, 25.05500268800006], [84.74477684200008, 25.054315735000046], [84.74654564900004, 25.05412927900005], [84.74787351400005, 25.053956620000065], [84.74886743400003, 25.053929414000038], [84.74963061200003, 25.053932039000074], [84.75044513500006, 25.05345635200007], [84.75216116400009, 25.053073889000075], [84.75326117300006, 25.053077565000024], [84.75544991400005, 25.053432474000033], [84.75673673800009, 25.05382495500004], [84.75802575900008, 25.05365764000004], [84.76021884500005, 25.05292468600004], [84.76132117600008, 25.052323474000048], [84.76218329600005, 25.05110767000008], [84.76332873400008, 25.050894718000052], [84.76526342100004, 25.05031434600005], [84.76669162900004, 25.05001657500003], [84.76745830600004, 25.04910725800005], [84.76918188800005, 25.048025109000037], [84.76994310300006, 25.048505995000028], [84.77003388100007, 25.04937294100006], [84.77036196600005, 25.05037597300003], [84.77055016700007, 25.051676582000027], [84.77188304700007, 25.05168086200007], [84.77364770500003, 25.051515038000048], [84.77512309700006, 25.051822151000067], [84.77622046500005, 25.05252076900007], [84.77654660100006, 25.054042860000038], [84.77711010900003, 25.055696694000062], [84.77682265400006, 25.057000199000072], [84.77733992200007, 25.059087154000053], [84.77825646900004, 25.05915333400003], [84.77885642900003, 25.059051347000036], [84.78035342600003, 25.058920708000073], [84.78109240400005, 25.05876956000003], [84.78141053400003, 25.05850431700003], [84.78166506300005, 25.058022107000056], [84.78210771800008, 25.057603801000027]]]]}}, {"type": "Feature", "properties": {"OBJECTID": 61, "BLOCK_CODE": "0004", "NEAR_TOWN": "GAYA", "BLK_NAME": "KHIZIRSARAI", "DIST_NAME": "GAYA"}, "geometry": {"type": "MultiPolygon", "coordinates": [[[[85.18352311200005, 25.072364624000045], [85.18352361900008, 25.07148888300003], [85.18362846600007, 25.069976825000026], [85.18362900400007, 25.068956740000033], [85.18360480100006, 25.06788249300007], [85.18359038100004, 25.066997764000064], [85.18337745000008, 25.066731324000045], [85.18270883800005, 25.06599978400004], [85.18225808600005, 25.06567913600003], [85.18196093400007, 25.065363012000034], [85.18182731600007, 25.06504702600006], [85.18174843400004, 25.064266058000044], [85.18160002700006, 25.063841781000065], [85.18122859600004, 25.063354049000054], [85.18093135700008, 25.063083153000036], [85.18061436000005, 25.06286634500003], [85.17997032600005, 25.062622266000062], [85.17933113200007, 25.06245042300003], [85.17874147900005, 25.062328317000038], [85.17788425200007, 25.062178877000065], [85.17713609200007, 25.062133370000026], [85.17633833600007, 25.061984048000056], [85.17563970500004, 25.061717369000064], [85.17505519100007, 25.061328961000072], [85.17477299100005, 25.060976674000074], [85.17461485500007, 25.060267993000025], [85.17448155100004, 25.05936513300003], [85.174403, 25.05827280400007], [85.17445796000004, 25.05749195800007], [85.17439409300005, 25.056530491000046], [85.17444423600006, 25.055650322000076], [85.17468768200007, 25.054531003000022], [85.17514417300004, 25.05350661500006], [85.17526365900005, 25.052518192000036], [85.17520977600003, 25.051470907000066], [85.17531915900008, 25.05088876900004], [85.17566621400005, 25.050545817000057], [85.17587943300003, 25.050351871000032], [85.17638976900008, 25.050424321000037], [85.17705852600005, 25.05057363000003], [85.17892651200003, 25.05064675500006], [85.18055677900009, 25.050647498000046], [85.18192450200007, 25.050404447000062], [85.18324758100005, 25.05012520500003], [85.18583909000006, 25.050103797000077], [85.18840572900007, 25.050149963000024], [85.19169576600007, 25.050178429000027], [85.19150800900007, 25.049122099000044], [85.19153294800003, 25.048873842000035], [85.19168166800006, 25.048693369000034], [85.19197903000008, 25.048490403000073], [85.19230118000007, 25.048282828000026], [85.19247466900003, 25.04807978300005], [85.19249952600006, 25.04796693700007], [85.19249959100006, 25.047741254000073], [85.19237589100004, 25.047515582000074], [85.19207874900007, 25.04715433800004], [85.19180653000006, 25.04643199700007], [85.19175729900007, 25.045845220000047], [85.19168342400008, 25.044784420000042], [85.19171853900008, 25.043890739000062], [85.19171986400005, 25.041132865000066], [85.19172063300005, 25.039413051000054], [85.19159777700008, 25.03721931000007], [85.19140046700005, 25.035409240000035], [85.19135147200006, 25.034325952000074], [85.19070764600008, 25.033829147000063], [85.19006372400008, 25.03333234200005], [85.18971725200004, 25.03274540800004], [85.18961843200003, 25.03228953100006], [85.18976736800005, 25.03161245700005], [85.19012417400006, 25.031332791000068], [85.19099155500004, 25.030610959000057], [85.19138804100004, 25.030295137000053], [85.19161103000005, 25.02997924600004], [85.19183406600007, 25.029979308000065], [85.19218068400005, 25.030182572000058], [85.19255218000006, 25.03043096500005], [85.19299789200005, 25.030679443000054], [85.19334453200008, 25.030995544000064], [85.19413699500006, 25.031605161000073], [85.19517724000008, 25.03198923800005], [85.19605904800005, 25.03211592100007], [85.19712419300004, 25.03207117900007], [85.19821420400007, 25.032003855000028], [85.19942797300007, 25.031959166000036], [85.20061703900006, 25.031778968000026], [85.20165741400007, 25.031756768000037], [85.20180605100006, 25.03180197000006], [85.20197940900005, 25.032072851000066], [85.20209286100004, 25.033259996000027], [85.20204298600004, 25.03400477100007], [85.20221633200003, 25.034207948000073], [85.20295949500007, 25.03429845000005], [85.20362825600006, 25.034434103000024], [85.20370251800006, 25.034637205000024], [85.20370231300006, 25.035043442000074], [85.20416252500007, 25.036772433000067], [85.20416234400005, 25.037268942000026], [85.20431060600004, 25.038216885000054], [85.20443417200005, 25.039074465000056], [85.20455789500005, 25.03932278800005], [85.20492944300008, 25.03957115000003], [85.20512750000006, 25.03988716200007], [85.20549902700003, 25.04004525000005], [85.20573681800005, 25.04009951300003], [85.20695072000007, 25.039896786000043], [85.20739671200005, 25.039851734000024], [85.20759490400008, 25.039896919000057], [85.20771870400006, 25.040032396000072], [85.20784243400004, 25.04028071600004], [85.20794135000006, 25.040754634000052], [85.20806515700008, 25.04091267900003], [85.20838715900004, 25.041115907000062], [85.20950189600006, 25.04134189000007], [85.21067119700007, 25.04143245800003], [85.21173629400005, 25.04165844000005], [85.21213270800007, 25.041816502000074], [85.21215734100008, 25.04201961600006], [85.21198388200008, 25.042177638000055], [85.21138927500004, 25.042335396000055], [85.21112666400006, 25.04253400600004], [85.21117585500008, 25.043707556000072], [85.21142259600003, 25.046826646000056], [85.21114959900007, 25.048564390000024], [85.21134724100006, 25.050148741000044], [85.21159448700007, 25.051818928000046], [85.21184184900005, 25.053267849000065], [85.21199025900006, 25.054125503000023], [85.21248558800005, 25.05453188900003], [85.21414548600006, 25.055006226000046], [85.21652377800007, 25.055507894000073], [85.21741574100008, 25.055643420000024], [85.21885767800006, 25.055643762000045], [85.22103796000005, 25.055734487000052], [85.22456110800005, 25.055644862000065], [85.22560170800006, 25.055464522000022], [85.22659279000004, 25.055374372000074], [85.22696451800005, 25.05507652500006], [85.22716422000008, 25.054892392000056], [85.22736099000008, 25.054710964000037], [85.22765838500004, 25.054214540000032], [85.22775753500008, 25.053627729000027], [85.22790644900005, 25.052363937000052], [85.22815439100003, 25.051366418000043], [85.22810494600003, 25.050914973000033], [85.22810505700005, 25.050237921000075], [85.22758501200008, 25.04858581900004], [85.22708978300005, 25.047001410000064], [85.22713944100008, 25.046550023000066], [85.22738738700008, 25.045376560000022], [85.22753622800008, 25.044153297000037], [85.22773455000004, 25.043295718000024], [85.22857696700004, 25.042663963000052], [85.22912211500005, 25.042077170000027], [85.22924611400003, 25.041418216000068], [85.22949445700004, 25.03748226600004], [85.22991599300008, 25.034972671000048], [85.23061000100006, 25.03203426300007], [85.23105619900008, 25.029642009000042], [85.23100679800007, 25.02928092600007], [85.23088335200003, 25.026089674000048], [85.23068542600004, 25.02477615600003], [85.23004159600004, 25.023602452000034], [85.23004167700003, 25.02310594000005], [85.23028944400005, 25.022108407000076], [85.23083461700008, 25.020664084000032], [85.23115682500008, 25.019052741000053], [85.23130577600006, 25.01715690800006], [85.23120693200008, 25.015441719000023], [85.23120698400004, 25.014850418000037], [85.23334211200006, 25.013902751000046], [85.23512542300006, 25.013180773000045], [85.23765674000003, 25.012774722000074], [85.23884560600004, 25.01245881500006], [85.23884569100005, 25.01164633700006], [85.23864761300007, 25.010152274000063], [85.23795430200005, 25.008482101000027], [85.23755816100004, 25.00712795000004], [85.23747906900007, 25.006324509000024], [85.23766244900008, 25.004437714000062], [85.23787065400006, 25.002713492000055], [85.23787079400006, 25.001481229000035], [85.23784190300006, 25.000813064000056], [85.23665729900006, 25.00089889900005], [85.23566668400008, 25.00095291200006], [85.23471597200006, 25.001140151000072], [85.23420572700007, 25.00108595000006], [85.23240329800007, 25.000730245000057], [85.23201479900007, 25.000473769000052], [85.23093683000008, 24.999656882000068], [85.23019393800007, 24.999318252000023], [85.23001104400004, 24.99674542200006], [85.22935840600007, 24.98977603700007], [85.22936345700003, 24.98890037700005], [85.22875928600007, 24.98894090300007], [85.22454928200005, 24.990714153000056], [85.22311290800008, 24.991386438000063], [85.22228086600006, 24.99138627800005], [85.22126075000006, 24.99054203700007], [85.22061215200006, 24.989657142000056], [85.21913151100006, 24.989024932000063], [85.21575377900007, 24.98931759100003], [85.21181652600006, 24.989528731000064], [85.21045286100008, 24.98998554900004], [85.21045935200004, 24.990029466000067], [85.20980065100008, 24.989862281000057], [85.20899347600005, 24.989695031000053], [85.20799801700008, 24.989861785000073], [85.20608598600006, 24.99073233200005], [85.20432251200003, 24.991770018000068], [85.20386175600004, 24.992189653000025], [85.20334651000007, 24.992491921000067], [85.20239560500005, 24.992441952000036], [85.19982013600008, 24.992626185000063], [85.19983997000008, 24.992644217000077], [85.19787878700004, 24.992530659000067], [85.19673487100005, 24.992047287000048], [85.19571007000008, 24.99122542500004], [85.19468986600003, 24.991076133000035], [85.19464538000005, 24.990890999000044], [85.19456648900007, 24.990105589000052], [85.19428010200005, 24.98816905500007], [85.19382967000007, 24.987573089000023], [85.19256182500004, 24.98764480600005], [85.19242386000008, 24.986195832000078], [85.19203352900007, 24.98423211000005], [85.19092564000005, 24.98114876300008], [85.19106566900007, 24.978151714000035], [85.19013962800005, 24.978196455000045], [85.18954046600004, 24.97806983600003], [85.18729211600004, 24.97834421400006], [85.18530114300006, 24.978808249000053], [85.18553215200006, 24.982139566000058], [85.18460580900006, 24.982730446000062], [85.18367960600006, 24.98289711600006], [85.18182732100007, 24.983153517000062], [85.18164387400003, 24.98361380600005], [85.18243066800005, 24.98462981800003], [85.18201443900006, 24.985094505000063], [85.18113281100005, 24.985346899000035], [85.18025097300006, 24.985852064000028], [85.18011201500008, 24.98639818500004], [85.18043843300006, 24.987115980000056], [85.18129418700005, 24.988998624000033], [85.17986264700005, 24.989444836000075], [85.17855508400004, 24.98966994600005], [85.17536534200008, 24.990187460000072], [85.17274544500003, 24.99011388300005], [85.17089305500008, 24.990320501000042], [85.16946177600005, 24.990382941000064], [85.16725750800003, 24.99095501200003], [85.16645501800008, 24.991080961000023], [85.16582567600005, 24.991716969000038], [85.16498852200004, 24.991973768000037], [85.16463653900007, 24.992384396000034], [85.16446234800009, 24.99366169900003], [85.16428893400007, 24.99378798200007], [85.16365982700006, 24.99394561200006], [85.16359029000006, 24.994166712000037], [85.16360440500006, 24.995240960000046], [85.16194515800004, 24.99534383200006], [85.15999369100007, 24.995446494000078], [85.15890497900006, 24.99419100500006], [85.15758800800006, 24.993562792000034], [85.15449348200008, 24.99246392300006], [85.15441694200007, 24.992467573000056], [85.15380616500005, 24.990978444000064], [85.15234298300004, 24.987474774000077], [85.15274453700005, 24.986951429000044], [85.15320110500005, 24.985678909000058], [85.15344540700005, 24.98351238300006], [85.15355122000005, 24.981219483000075], [85.15351682400006, 24.980898959000058], [85.15234806200004, 24.98088469100003], [85.15168481800004, 24.980437379000023], [85.15129963900006, 24.97906939300003], [85.15036110000005, 24.976103204000026], [85.14987173300005, 24.975087255000062], [85.15005531100007, 24.97457735100005], [85.15085798500007, 24.974045243000035], [85.15180405500007, 24.973644129000036], [85.15293787500008, 24.973879631000045], [85.15439815300005, 24.974611800000048], [85.15514583100008, 24.974693527000056], [85.15511334200005, 24.97189941700003], [85.15463923900006, 24.970134244000064], [85.15442161600004, 24.969903935000048], [85.15343639300005, 24.969600848000027], [85.15208527200008, 24.968769414000064], [85.15179409500007, 24.967469219000066], [85.15259677600005, 24.966837888000043], [85.15281519500007, 24.966174454000054], [85.15307452200005, 24.963746163000053], [85.15272921400003, 24.96200367600005], [85.15235994500006, 24.959349286000077], [85.15237653900004, 24.957142059000034], [85.15454001000006, 24.957481934000043], [85.15535674400007, 24.957730758000025], [85.15535755000008, 24.956679025000028], [85.15549262600007, 24.954887160000055], [85.15552850600005, 24.953284773000064], [85.15549418300003, 24.952729528000077], [85.15471228600006, 24.952295675000073], [85.15390143200005, 24.950783073000025], [85.15141860500006, 24.94758566400003], [85.14952404600007, 24.945580233000044], [85.14893558600005, 24.94467259000004], [85.14684234300006, 24.943623944000024], [85.14385148800005, 24.944303354000056], [85.14290049300007, 24.944803713000056], [85.14200452400007, 24.94466763500003], [85.14160887000008, 24.94430174000007], [85.14056210000007, 24.94107809700006], [85.13953455500007, 24.939285175000066], [85.13951914500007, 24.93925828500005], [85.13498481000005, 24.938889265000057], [85.12830670400007, 24.938703314000065], [85.12760867100008, 24.93870281100004], [85.12740568200007, 24.93874777900004], [85.12681190500007, 24.938476396000056], [85.12631524400007, 24.935068038000054], [85.12571578800004, 24.935473812000055], [85.12352094700003, 24.937336197000036], [85.12245138700007, 24.937592567000024], [85.12160008000006, 24.937366091000058], [85.12135354100008, 24.936458617000028], [85.11999705000005, 24.936529654000026], [85.12025865600003, 24.93246744100003], [85.12037953900006, 24.93044992500006], [85.12056115800004, 24.92716395700006], [85.12024349400008, 24.923304338000037], [85.12021751000003, 24.91968873600007], [85.12013199600005, 24.91620397500003], [85.12018408200004, 24.913771062000023], [85.12056459600007, 24.909591652000074], [85.12071374400006, 24.908896646000073], [85.12082624100003, 24.90540300200007], [85.12107045300007, 24.903791761000036], [85.12130015600007, 24.901778809000064], [85.12186863700003, 24.897604009000077], [85.12217713800004, 24.89593406700004], [85.12252922500005, 24.895248260000074], [85.12330189700003, 24.89463960300003], [85.12413353200003, 24.894324320000067], [85.12458954100003, 24.89361608200005], [85.12408066000006, 24.89285732600007], [85.12076562200008, 24.89221800100006], [85.11687147700007, 24.89179023400004], [85.11366000100008, 24.89168806500004], [85.11122549400005, 24.891442016000042], [85.10821162200006, 24.891574637000076], [85.10604411000008, 24.891622192000057], [85.10454473300007, 24.891498859000023], [85.10296534800005, 24.892165403000035], [85.10082743600003, 24.892249030000073], [85.09975859700006, 24.892207323000036], [85.09917550800003, 24.891493499000035], [85.09762374700006, 24.889808298000048], [85.09678315200006, 24.88857067300006], [85.09674939200005, 24.88852096900007], [85.09597520500006, 24.88630379800003], [85.09568444600006, 24.88536917500005], [85.09457189700004, 24.883463343000074], [85.09451905400005, 24.883372818000055], [85.09388543900008, 24.883552721000058], [85.09369297800004, 24.883150799000077], [85.09335511100005, 24.880266094000035], [85.09326352100004, 24.87836114600003], [85.09387339500006, 24.87736419600003], [85.09445784600007, 24.87687731500006], [85.09537858300007, 24.876566797000066], [85.09601234700006, 24.876210842000035], [85.09655890000005, 24.874351705000038], [85.09553263800007, 24.87199895300006], [85.09286789500004, 24.86636285800006], [85.09294212800006, 24.86634041900004], [85.09255207700005, 24.865721531000077], [85.09216652900005, 24.86540971200003], [85.08978141100005, 24.865759198000035], [85.08861829900007, 24.866069477000053], [85.08701058900004, 24.865846472000044], [85.08647901100005, 24.863715394000053], [85.08623799400004, 24.862654381000027], [85.08570420100006, 24.86225208700006], [85.08249802600005, 24.862383932000057], [85.08050445100008, 24.86220110800008], [85.08012809500008, 24.862498604000052], [85.07857915200003, 24.862772128000074], [85.07987677700004, 24.865373625000075], [85.08071731600006, 24.86943706900007], [85.08106584300003, 24.87149127600003], [85.07868905500004, 24.872793005000062], [85.07713948500003, 24.873472867000032], [85.07493651700008, 24.874291826000047], [85.07548229400004, 24.876711900000032], [85.07547336700009, 24.883148611000024], [85.07547192000004, 24.883203794000053], [85.07539489500004, 24.88614116900004], [85.07519130100007, 24.88664198400005], [85.07321699800008, 24.88658554500006], [85.07052036000005, 24.886401730000046], [85.06826912700006, 24.886213934000068], [85.06622111700005, 24.885755519000043], [85.06517301800005, 24.88507267400007], [85.06452114500007, 24.88425025500004], [85.06262320400003, 24.882740316000024], [85.06182779700003, 24.88187266400007], [85.06012532000005, 24.882100637000065], [85.05792297500005, 24.88232359600005], [85.05542420100005, 24.882230039000035], [85.05552127900006, 24.883462439000027], [85.05547083300007, 24.884053738000034], [85.05288380000007, 24.886587097000074], [85.05107996700008, 24.88822768600005], [85.04977701200005, 24.88918291300007], [85.04772756600005, 24.88964059400007], [85.04402551200008, 24.88995142600004], [85.04197579400005, 24.89054445100004], [85.04004953500004, 24.891291032000026], [85.04139417800008, 24.895080045000043], [85.04204158400006, 24.898592705000056], [85.04126069400007, 24.90116914500004], [85.04126031200008, 24.901169026000048], [85.04015625100004, 24.904358778000073], [85.03990220200006, 24.905315320000057], [85.03825418300005, 24.905312996000077], [85.03625461300004, 24.905355281000027], [85.03754348400008, 24.909920550000038], [85.03854252800005, 24.913298389000033], [85.03958801900006, 24.915534210000033], [85.04049069900003, 24.917368083000042], [85.04133441300007, 24.918980676000047], [85.04283491500007, 24.921487918000025], [85.04446868700006, 24.924297816000035], [85.04466323600008, 24.92638802500005], [85.04388361600007, 24.927903555000057], [85.04374878000004, 24.928616515000044], [85.04385647800007, 24.929316303000064], [85.04459595800006, 24.93116800300004], [85.04532712600007, 24.93203119900005], [85.04645733200005, 24.93415872500003], [85.04921365800004, 24.93781417300005], [85.05056194200006, 24.939824646000034], [85.05283916500008, 24.942960223000057], [85.05484057800004, 24.945287450000023], [85.05744426300004, 24.948743984000032], [85.06096329500008, 24.952756713000042], [85.06423984000008, 24.956787168000062], [85.06725910400007, 24.960781132000022], [85.06994361400007, 24.963673177000032], [85.07123857200008, 24.96527263200005], [85.07263274500008, 24.966786468000066], [85.07359131000004, 24.968259144000058], [85.07517344100006, 24.969940146000056], [85.07746307300005, 24.972154536000062], [85.08119273000005, 24.975124420000043], [85.08396250900006, 24.977632708000044], [85.08623214500005, 24.98013585600006], [85.08715674200005, 24.98130595400005], [85.08787291000004, 24.982760176000056], [85.08777297400007, 24.98346418500006], [85.08648507300006, 24.98369753700007], [85.08607386600005, 24.983787343000074], [85.08796921600003, 24.988664294000046], [85.08796922300007, 24.988664327000038], [85.08796917000006, 24.988713979000067], [85.08799840300009, 24.988701976000073], [85.08935579400008, 24.992556660000048], [85.09186750300006, 24.995886031000055], [85.09317819100005, 24.997372494000047], [85.09379105000005, 24.99840230800004], [85.09445821700007, 24.999526865000064], [85.09517450900006, 25.00105335300003], [85.09597546100008, 25.002272884000035], [85.09667311400005, 25.002855899000053], [85.09736557100007, 25.003587847000063], [85.09848351200003, 25.004857336000043], [85.09875034000004, 25.00534512200005], [85.09885814600005, 25.006315674000064], [85.09917832800005, 25.00772882800004], [85.09985647900004, 25.00815827300005], [85.10241954100007, 25.010476479000033], [85.10394348800008, 25.011863696000034], [85.10494325900004, 25.01261392500004], [85.10558647500005, 25.01324650500004], [85.10633377700003, 25.013806928000065], [85.10708210500007, 25.013514244000078], [85.10753824400007, 25.01312647700007], [85.10804313900007, 25.01344297000003], [85.10892421800008, 25.01408020300005], [85.10959187200007, 25.015028740000048], [85.11044708500003, 25.01656428800004], [85.11083928500005, 25.017304877000072], [85.11192511900003, 25.019355198000028], [85.11262173700004, 25.021039491000067], [85.11332876800003, 25.022317490000034], [85.11445154900008, 25.023880271000053], [85.11554458200004, 25.025515232000032], [85.11662222100006, 25.02769637700004], [85.11724038900007, 25.028721591000078], [85.11801189800008, 25.029940966000026], [85.11856107900007, 25.030708789000073], [85.11890720100007, 25.031341019000024], [85.11901292500005, 25.031755119000024], [85.11911930000008, 25.03217176900006], [85.11919772800007, 25.033024908000073], [85.11946435000004, 25.033851180000056], [85.12001276200004, 25.035278004000077], [85.12032881600004, 25.036253243000033], [85.12038264700004, 25.036907860000042], [85.12022341200003, 25.037566679000065], [85.11948915800008, 25.03857716300007], [85.11897827100006, 25.039086702000077], [85.11857660200008, 25.039406831000065], [85.11833840300005, 25.039794869000048], [85.11830806600005, 25.040331973000036], [85.11837645500003, 25.04129339800005], [85.11917743900005, 25.042851409000036], [85.11987030100005, 25.043632890000026], [85.12115245900003, 25.04470831100008], [85.12192474500006, 25.04531830800005], [85.12262263200006, 25.046050146000027], [85.12379663000007, 25.046294859000056], [85.12448788800003, 25.04868780000004], [85.12480867500005, 25.04995192000007], [85.12470406000006, 25.050588204000064], [85.12475305000004, 25.051120928000046], [85.12518316000006, 25.05205110600008], [85.12585130300005, 25.052859631000047], [85.12659884000004, 25.053541813000038], [85.12729254400006, 25.053542392000054], [85.12788253600007, 25.053199877000054], [85.12825442700006, 25.05295643200003], [85.12953739800008, 25.05335012000006], [85.13066176600006, 25.053838503000065], [85.13173179600005, 25.054083108000043], [85.13290573300003, 25.054571580000072], [85.13408503900007, 25.05457249400007], [85.13520501900007, 25.054523695000057], [85.13616626900006, 25.054574115000037], [85.13729107000006, 25.054574974000047], [85.13803899200008, 25.054914061000034], [85.13876232800004, 25.055086131000053], [85.13982767200008, 25.055086921000054], [85.14047236400006, 25.054505164000034], [85.14207851800006, 25.053626145000067], [85.14336251900005, 25.05299510900005], [85.14405628200007, 25.05289631200003], [85.14469594800005, 25.052409303000047], [85.14539473400004, 25.05216608300003], [85.14827863900007, 25.052122956000062], [85.14913581200005, 25.052218304000064], [85.15100814100003, 25.053099733000067], [85.15242452700005, 25.054003428000044], [85.15295936500007, 25.05444165800003], [85.15322605600005, 25.055615415000034], [85.15306150800006, 25.056928726000024], [85.15284705000005, 25.058734110000046], [85.15268729600007, 25.060146834000022], [85.15297910600003, 25.060855685000035], [85.15314149600005, 25.06236793000005], [85.15356627300008, 25.06421878900005], [85.15361955300006, 25.065730984000027], [85.15335162000008, 25.06621825600007], [85.15293504200008, 25.06657010200007], [85.15235009600008, 25.06676377900004], [85.15202790100005, 25.066912500000058], [85.15197333000003, 25.067034341000067], [85.15216145100004, 25.067228603000046], [85.15266666100007, 25.067567417000078], [85.15336503800006, 25.068082453000045], [85.15408337500008, 25.068371788000036], [85.15496541700008, 25.06849428000004], [85.15614485100008, 25.06849502700004], [85.15726993000004, 25.068373869000027], [85.15785474500007, 25.068229734000056], [85.15892554200008, 25.067815153000026], [85.15967411900004, 25.06740035400003], [85.16026403400008, 25.067156926000052], [85.16066546000008, 25.067084945000033], [85.16114615300006, 25.067062730000032], [85.16183988000006, 25.067185021000057], [85.16300440100008, 25.067348148000065], [85.16343063000005, 25.06724917200006], [85.16423360400006, 25.06705554000007], [85.16492738400007, 25.067010813000024], [85.16583915600006, 25.067155740000032], [85.16636944500004, 25.067034120000073], [85.16749447900008, 25.06696253700005], [85.16864418800003, 25.06689095100006], [85.16948667100007, 25.066904976000046], [85.16985848100006, 25.066783300000054], [85.17012612400003, 25.066661604000046], [85.17061178600005, 25.066634772000043], [85.17092892000005, 25.066684594000037], [85.17109226600007, 25.066950958000064], [85.17135937400008, 25.06778163900003], [85.17167588200005, 25.06880650100004], [85.17199732600005, 25.069948640000064], [85.17242288600005, 25.070901228000025], [85.17265074700003, 25.07105931800004], [85.17321074300008, 25.071037084000068], [85.17425653400005, 25.070960828000068], [85.17481651100007, 25.07101080600006], [85.17545560200006, 25.07130453800005], [85.17620382200005, 25.071598299000073], [85.17695201900005, 25.071693460000063], [85.17765077800004, 25.07169383100006], [85.17842397100009, 25.07167162500008], [85.17933582400008, 25.07167203700004], [85.18098098700005, 25.072002329000043], [85.18162507100004, 25.072268971000028], [85.18186278400003, 25.072557887000073], [85.18229387300005, 25.072801819000063], [85.18285382800008, 25.072951068000066], [85.18323048600007, 25.072924166000064], [85.18349815500005, 25.07268048800006], [85.18352311200005, 25.072364624000045]]]]}}, {"type": "Feature", "properties": {"OBJECTID": 62, "BLOCK_CODE": "0007", "NEAR_TOWN": "GAYA", "BLK_NAME": "ATRI", "DIST_NAME": "GAYA"}, "geometry": {"type": "MultiPolygon", "coordinates": [[[[85.22064482600007, 24.955410894000067], [85.22018447600004, 24.954742741000075], [85.22041748400005, 24.953438290000065], [85.22099217600004, 24.952242229000035], [85.22251224400009, 24.95165572700006], [85.22536412800008, 24.950897963000045], [85.22849824200006, 24.950225845000034], [85.23204321100008, 24.95001867800005], [85.23434538200007, 24.95043878000007], [85.23540492000006, 24.949599315000057], [85.23715271700007, 24.949093936000054], [85.23839535100007, 24.94900823000006], [85.23927173000004, 24.948841251000033], [85.24000938300009, 24.94821395100007], [85.24198981500007, 24.947329380000042], [85.24419794900007, 24.946575601000063], [85.24414351100006, 24.945230561000074], [85.24403962500008, 24.94335271700004], [85.24396052800006, 24.940901779000058], [85.24407943700004, 24.938893112000073], [85.24418844700006, 24.937475731000063], [85.24421324400004, 24.93653691800006], [85.24368355300004, 24.93583719000003], [85.24305483600006, 24.93509236700004], [85.24310451100007, 24.93311985300005], [85.24330253800008, 24.931932698000026], [85.24190660200009, 24.93140450900006], [85.23862466800006, 24.929995958000063], [85.23480337400008, 24.92862791400006], [85.23379846400007, 24.928456356000027], [85.23405139600004, 24.924926567000057], [85.23441816700006, 24.920358581000073], [85.23490374600004, 24.916539922000027], [85.23476541500008, 24.914120445000037], [85.23518628000005, 24.912716716000034], [85.23512716100004, 24.909963282000035], [85.23479564900003, 24.909556934000022], [85.23274171900005, 24.909254282000063], [85.23130129900005, 24.91056763100005], [85.22869771700005, 24.911727357000075], [85.22648511800008, 24.912435678000065], [85.22639113300005, 24.912422185000025], [85.22388204500004, 24.91097280400004], [85.22155589100004, 24.910719560000075], [85.21579481400005, 24.910411448000048], [85.21219155200004, 24.911069522000048], [85.20986531600005, 24.91086585100004], [85.20864819300004, 24.90955199700005], [85.20820290300009, 24.90919973000007], [85.20676250200006, 24.909704851000072], [85.20460391200004, 24.911523299000066], [85.20487720600005, 24.90844951400004], [85.20470472100004, 24.906431713000075], [85.20487934500005, 24.902585959000078], [85.20519240600004, 24.898961412000062], [85.20555456200003, 24.896217170000057], [85.20570805800008, 24.89598243000006], [85.20778175900006, 24.89579348500007], [85.20913287000008, 24.89554109900007], [85.20888563600005, 24.894647296000073], [85.20819797300004, 24.894037711000067], [85.20720356100009, 24.893170764000047], [85.20664448200006, 24.892777928000044], [85.20575911900005, 24.891658199000062], [85.20546251300004, 24.89069668700006], [85.20694700200005, 24.89087316000007], [85.21072772600007, 24.891000611000038], [85.21318704000004, 24.891393958000037], [85.21433017300006, 24.891475485000058], [85.21561182000005, 24.89164278800007], [85.21733890200005, 24.891873333000035], [85.21720103500007, 24.888939313000037], [85.21694425200008, 24.887070550000033], [85.21691976200003, 24.885933030000047], [85.21614287600005, 24.885752280000077], [85.21366383500003, 24.885634356000025], [85.21140240700004, 24.885498362000078], [85.21127388600007, 24.885223018000033], [85.21116549100003, 24.883706301000075], [85.21097285300004, 24.882388185000025], [85.21143809900008, 24.882027209000057], [85.21171536800006, 24.88135918000006], [85.21190881800004, 24.879964466000047], [85.21204283600008, 24.878411742000026], [85.21184093900007, 24.875414461000048], [85.21378055400004, 24.875333770000054], [85.21765488900007, 24.875081833000024], [85.22026253000007, 24.874942463000025], [85.22141534300005, 24.87509168400004], [85.22286008600008, 24.875367270000027], [85.22266266700007, 24.873141917000055], [85.22349437500003, 24.870609800000068], [85.22552863300007, 24.866773327000033], [85.22624626600003, 24.865703626000027], [85.22698353500004, 24.865193730000044], [85.22772570600006, 24.865067448000048], [85.22707773700006, 24.864223251000055], [85.22546007300008, 24.863044862000038], [85.22485683300005, 24.861437839000075], [85.22508442400004, 24.861388220000038], [85.22323430000006, 24.860575389000076], [85.21982594900004, 24.858624732000067], [85.21764442600005, 24.857058520000066], [85.21748633900006, 24.856945019000023], [85.21637835500007, 24.85622715100004], [85.21493389000005, 24.855743763000078], [85.21379591700008, 24.855833793000045], [85.21283620100007, 24.85576588400005], [85.21164909100008, 24.85512002300004], [85.21050659000008, 24.854289230000063], [85.20974990100007, 24.85350353800004], [85.20927028300008, 24.85281286700007], [85.20802885500007, 24.851864530000057], [85.20633730900005, 24.85066338100006], [85.20431451700006, 24.84939434100005], [85.20277633100005, 24.848518152000054], [85.20129273500004, 24.847131958000034], [85.19926504300008, 24.845971172000077], [85.19686638500008, 24.844476284000052], [85.19544700200004, 24.84386640400004], [85.19453213200006, 24.84322958300004], [85.19352323600003, 24.842674040000077], [85.19210886300004, 24.841730016000042], [85.19066990400006, 24.84066419100003], [85.18970559600007, 24.84019436500006], [85.18967596900006, 24.840180321000048], [85.18840000800003, 24.839575436000075], [85.18617944500005, 24.838572416000034], [85.18335080500003, 24.837216967000074], [85.18267819100004, 24.836864615000025], [85.18170843500008, 24.837347195000063], [85.18043187300003, 24.838150060000032], [85.17959078000007, 24.83838888100007], [85.17884391600006, 24.838230527000064], [85.17721171200003, 24.83806723300006], [85.17654874000004, 24.83838739400005], [85.17677116800007, 24.838631244000055], [85.17729968700007, 24.839877344000058], [85.17782836800006, 24.840884195000058], [85.17813441400006, 24.842012838000073], [85.17802466400008, 24.843723547000025], [85.17696558500006, 24.844571684000073], [85.17599557000005, 24.845252756000036], [85.17583834000004, 24.85195576700005], [85.17547670700003, 24.861091729000066], [85.17420038100005, 24.86085179400004], [85.17344830900004, 24.86097335900007], [85.17279009400005, 24.86137468100003], [85.17183978400004, 24.86199711300003], [85.16987514900006, 24.86274084300004], [85.16762836600003, 24.86366496900007], [85.16586187000007, 24.864147021000065], [85.16418411800004, 24.864872785000045], [85.16446028200005, 24.866186499000037], [85.16419769400005, 24.866664825000043], [85.16359355900005, 24.86741822500005], [85.16277256600006, 24.867074712000033], [85.16161030200004, 24.866460161000077], [85.15975090200004, 24.865140963000044], [85.15892604400005, 24.863222103000055], [85.15776417400008, 24.862092922000045], [85.15720623100003, 24.860657153000034], [85.15581683300007, 24.859523307000075], [85.15503035700004, 24.859351236000066], [85.15375408900007, 24.85911122300007], [85.15272541700006, 24.85865013500006], [85.14969288100008, 24.858476533000044], [85.14631886600006, 24.858370450000052], [85.14377099800004, 24.858391253000036], [85.14250939600004, 24.858345219000057], [85.14144146100006, 24.857590579000032], [85.14119965400005, 24.856881747000045], [85.13969116000004, 24.85643830400005], [85.13876621800006, 24.856261549000067], [85.13760462800008, 24.85505999000003], [85.13638793400008, 24.85470693900004], [85.13522061200007, 24.854525516000024], [85.13429998300006, 24.855057462000048], [85.13191998300005, 24.855457277000028], [85.12870827100005, 24.856429769000044], [85.12491747200005, 24.857667933000073], [85.12229438200006, 24.858685782000066], [85.12248631200004, 24.859706095000035], [85.12270342400006, 24.86026147000007], [85.12294555600005, 24.860573185000078], [85.12211786200004, 24.86198982600007], [85.12090390400004, 24.863762698000073], [85.12058650700004, 24.86445307400004], [85.11951671600008, 24.865603209000028], [85.11868982800007, 24.86618021700008], [85.11686849100005, 24.866783459000033], [85.11478000400007, 24.86731418900007], [85.11366178900005, 24.86727256200004], [85.11156800400005, 24.868155321000074], [85.11006241600006, 24.86944039800005], [85.10986321000007, 24.870636442000034], [85.11005940300004, 24.872144212000023], [85.11025127800008, 24.87311939600005], [85.11025075700007, 24.873652049000043], [85.10889000900005, 24.873695886000064], [85.10558495500004, 24.873557325000036], [85.10505041100004, 24.873647039000048], [85.10470849800004, 24.874089095000045], [85.10417387800004, 24.874354849000042], [85.10291213300007, 24.87430849100008], [85.10300359100006, 24.87652941500005], [85.10293367500003, 24.877039395000054], [85.10079550800003, 24.877524771000026], [85.09991925900005, 24.87792560400004], [85.09938402800003, 24.878588670000056], [85.09911371900006, 24.88118384200004], [85.09916119400003, 24.88282236200007], [85.09899254900006, 24.88320138200004], [85.09874968600008, 24.883557704000054], [85.09792331900007, 24.883511756000075], [85.09724061100007, 24.883375667000053], [85.09694963900006, 24.88262151400005], [85.09500490500005, 24.882619559000034], [85.09486086700008, 24.88306169300006], [85.09451905400005, 24.883372818000055], [85.09457189700004, 24.883463343000074], [85.09568444600006, 24.88536917500005], [85.09597520500006, 24.88630379800003], [85.09674939200005, 24.88852096900007], [85.09678315200006, 24.88857067300006], [85.09762374700006, 24.889808298000048], [85.09917550800003, 24.891493499000035], [85.09975859700006, 24.892207323000036], [85.10082743600003, 24.892249030000073], [85.10296534800005, 24.892165403000035], [85.10454473300007, 24.891498859000023], [85.10604411000008, 24.891622192000057], [85.10821162200006, 24.891574637000076], [85.11122549400005, 24.891442016000042], [85.11366000100008, 24.89168806500004], [85.11687147700007, 24.89179023400004], [85.12076562200008, 24.89221800100006], [85.12408066000006, 24.89285732600007], [85.12458954100003, 24.89361608200005], [85.12413353200003, 24.894324320000067], [85.12330189700003, 24.89463960300003], [85.12252922500005, 24.895248260000074], [85.12217713800004, 24.89593406700004], [85.12186863700003, 24.897604009000077], [85.12130015600007, 24.901778809000064], [85.12107045300007, 24.903791761000036], [85.12082624100003, 24.90540300200007], [85.12071374400006, 24.908896646000073], [85.12056459600007, 24.909591652000074], [85.12018408200004, 24.913771062000023], [85.12013199600005, 24.91620397500003], [85.12021751000003, 24.91968873600007], [85.12024349400008, 24.923304338000037], [85.12056115800004, 24.92716395700006], [85.12037953900006, 24.93044992500006], [85.12025865600003, 24.93246744100003], [85.11999705000005, 24.936529654000026], [85.12135354100008, 24.936458617000028], [85.12160008000006, 24.937366091000058], [85.12245138700007, 24.937592567000024], [85.12352094700003, 24.937336197000036], [85.12571578800004, 24.935473812000055], [85.12631524400007, 24.935068038000054], [85.12681190500007, 24.938476396000056], [85.12740568200007, 24.93874777900004], [85.12760867100008, 24.93870281100004], [85.12830670400007, 24.938703314000065], [85.13498481000005, 24.938889265000057], [85.13951914500007, 24.93925828500005], [85.13953455500007, 24.939285175000066], [85.14056210000007, 24.94107809700006], [85.14160887000008, 24.94430174000007], [85.14200452400007, 24.94466763500003], [85.14290049300007, 24.944803713000056], [85.14385148800005, 24.944303354000056], [85.14684234300006, 24.943623944000024], [85.14893558600005, 24.94467259000004], [85.14952404600007, 24.945580233000044], [85.15118271100005, 24.945423326000025], [85.15395564900007, 24.944779693000044], [85.15686721300006, 24.944041291000076], [85.16037302200004, 24.943041355000048], [85.16145255000004, 24.942608720000067], [85.16290886300004, 24.941435933000037], [85.16450398800004, 24.94001502200007], [85.16504409300006, 24.939306627000065], [85.16524720600006, 24.93903140200007], [85.16592550900003, 24.938905454000064], [85.16937658600006, 24.93807681900006], [85.16969770600008, 24.93907910000007], [85.16969636500005, 24.941150891000063], [85.16935896300004, 24.942351432000066], [85.16901670500005, 24.943371305000028], [85.16827363900006, 24.944142787000033], [85.16776327800005, 24.94481961300005], [85.16777770200008, 24.94545152200004], [85.16842110200008, 24.945790456000054], [85.17086198700008, 24.94545323500006], [85.17241635400006, 24.945792608000033], [85.17326257200006, 24.946443], [85.17370238400008, 24.94780184700005], [85.17221221000005, 24.947584420000055], [85.17207760200006, 24.949191325000072], [85.17227874700006, 24.952152454000043], [85.17226340900004, 24.952937906000045], [85.17471917600005, 24.952939125000057], [85.17799168700003, 24.953053597000064], [85.18013488200006, 24.953323155000078], [85.18227904200006, 24.95359280200006], [85.18567548200008, 24.953792862000057], [85.18814580900005, 24.954213716000027], [85.19038855200006, 24.954598329000078], [85.19216588200004, 24.954775074000054], [85.19250741000008, 24.955009920000066], [85.19250698900004, 24.95606616500004], [85.19274326200008, 24.95893701600005], [85.19275748000007, 24.960417524000036], [85.19431209900006, 24.960589664000054], [85.19457668300004, 24.960549599000046], [85.19475782000006, 24.960522170000047], [85.19479315400008, 24.958933322000064], [85.19471947800008, 24.957479775000024], [85.19475946500006, 24.956735035000065], [85.19509145800004, 24.956229655000072], [85.19588876400007, 24.95584173700007], [85.19674021500003, 24.956045145000076], [85.19707151600005, 24.95716014900006], [85.19766565500004, 24.95725973100008], [85.19929987500007, 24.956316902000026], [85.20122615700006, 24.955739790000052], [85.20326125900004, 24.955302601000028], [85.20385516800008, 24.955979843000023], [85.20430041000003, 24.957094865000045], [85.20433353900006, 24.961184462000062], [85.20434031200006, 24.961333969000066], [85.20452023700005, 24.96530563300007], [85.20465290000004, 24.96813131600004], [85.20544031500003, 24.967702692000046], [85.20690126800008, 24.967080211000052], [85.20743124200004, 24.966710273000047], [85.20789683500004, 24.96624550300004], [85.21142756200004, 24.96561906100004], [85.21504722600008, 24.965443864000065], [85.21854309000008, 24.965146746000073], [85.22379184200008, 24.964940168000055], [85.22685187900004, 24.96490456600003], [85.22776802200008, 24.964706097000033], [85.22835721200005, 24.96459330400006], [85.22688681200003, 24.963541405000058], [85.22377773300008, 24.96104023600003], [85.21995555000007, 24.959947098000043], [85.21963380500006, 24.959653700000047], [85.21981726500007, 24.95860646400007], [85.22036712000005, 24.957387850000032], [85.22064482600007, 24.955410894000067]], [[85.20427538900003, 24.91661932200003], [85.20251852900003, 24.91590562600004], [85.20157813700007, 24.91596401700008], [85.19972681900003, 24.916347029000065], [85.19793486800006, 24.91661729300006], [85.19715795700006, 24.916287487000034], [85.19603470800007, 24.91561899800007], [85.19526819500004, 24.913930522000044], [85.19471475900008, 24.911908124000036], [85.19388419500007, 24.90978634100003], [85.19394419700006, 24.908472806000077], [85.19399909200007, 24.907407615000068], [85.19577134500008, 24.906451297000046], [85.19682568200005, 24.906045403000064], [85.19682719200006, 24.906030415000032], [85.19771630000008, 24.906555808000064], [85.19871070100004, 24.907671077000032], [85.19948750100008, 24.908276227000044], [85.20042771500005, 24.90857896500006], [85.20081837500004, 24.909490883000046], [85.20208979800003, 24.911057588000062], [85.20302457500009, 24.912768647000064], [85.20604873400003, 24.912755995000055], [85.20794389500008, 24.914110752000056], [85.20852259200007, 24.915316070000074], [85.20860632800003, 24.916521313000032], [85.20804651500004, 24.91824994500007], [85.20427538900003, 24.91661932200003]]], [[[85.38042699500005, 24.98467843800006], [85.38005550500003, 24.983035388000076], [85.37979298900007, 24.981988165000075], [85.37925805900005, 24.980990683000073], [85.37890148200006, 24.98049863600005], [85.37820324600006, 24.979884811000034], [85.37767822600006, 24.979523726000025], [85.37694037800009, 24.979225779000046], [85.37612328300008, 24.97882860800007], [85.37539037600004, 24.978467471000044], [85.37457326800006, 24.97755569700007], [85.37393943200004, 24.97705006800004], [85.37358287800004, 24.976666436000073], [85.37337984000004, 24.975763699000026], [85.37322140500004, 24.974571990000072], [85.37309262200006, 24.97416578800005], [85.37284004200006, 24.97382727100006], [85.37203786700007, 24.972662642000046], [85.37069138900006, 24.971456959000022], [85.36852607500003, 24.97006839000005], [85.36720389700008, 24.969983697000032], [85.36504034900008, 24.97043221200005], [85.36165298200007, 24.970073714000023], [85.35723544700005, 24.969454048000046], [85.35389238100004, 24.968603296000026], [85.35212373400003, 24.96757532500004], [85.35153888100007, 24.966903196000032], [85.35119084400003, 24.96520169000007], [85.35109543600004, 24.963635512000053], [85.35173210500005, 24.961129939000045], [85.35182377200005, 24.958173325000075], [85.35079290400006, 24.956923651000068], [85.34991019600005, 24.955312787000025], [85.34971079000007, 24.953566143000046], [85.34872958800008, 24.952447299000028], [85.34769937000004, 24.95195602600006], [85.34534272800005, 24.952092954000022], [85.34234779400003, 24.952677067000025], [85.34141137600005, 24.951734241000054], [85.33979231400008, 24.951690170000063], [85.33925237800008, 24.95132938200004], [85.33836519300007, 24.94994412400007], [85.33694342400008, 24.948780369000076], [85.33330881200004, 24.947933916000068], [85.33095227300004, 24.948025484000027], [85.32840263200006, 24.948026765000066], [85.32737066200008, 24.952459893000025], [85.32672712200008, 24.952613727000028], [85.32574186600004, 24.95257814400003], [85.32401845000004, 24.951879295000026], [85.32357753800005, 24.951378516000034], [85.32317619300005, 24.951013080000052], [85.32240392000006, 24.951076631000035], [85.32046336200005, 24.951547064000067], [85.31973067600006, 24.951615041000025], [85.31764719300008, 24.95315068000008], [85.31687537300007, 24.954220892000023], [85.31625527200003, 24.952081613000075], [85.31409160100003, 24.951883931000054], [85.31116061700004, 24.951984452000033], [85.31068466800008, 24.950747869000054], [85.31075848400008, 24.949750234000078], [85.31108957900005, 24.94847724600004], [85.31083142900007, 24.947078041000054], [85.31013260900005, 24.94557524000004], [85.30928084500005, 24.945106139000075], [85.30865742000003, 24.945941461000075], [85.30807321500004, 24.94594163800008], [85.30697369000006, 24.945007717000067], [85.30657220100005, 24.943938067000033], [85.30624023000007, 24.94336947200003], [85.30565598600003, 24.94323883000004], [85.30510638000004, 24.94293657000003], [85.30463094700008, 24.942602743000066], [85.30345762000007, 24.942603143000042], [85.30159119200005, 24.942603833000078], [85.29939290800007, 24.94204031000004], [85.29792754900006, 24.94214004500003], [85.29639265400004, 24.941671089000067], [85.29485292600003, 24.941373721000048], [85.29378856800008, 24.941504903000066], [85.29218462500006, 24.941509841000027], [85.29194853200005, 24.94594703300004], [85.29163261900004, 24.948727664000046], [85.29147494300008, 24.95096202800005], [85.29171336400003, 24.95316467400005], [85.29317898000005, 24.953543471000046], [85.29611045200005, 24.95461238400003], [85.29853187500004, 24.955311277000078], [85.29994322400006, 24.956051052000078], [85.30120587000005, 24.956348485000035], [85.30329074200006, 24.95708354100003], [85.30483074300008, 24.957480219000047], [85.30637071600006, 24.957917508000037], [85.30747027200005, 24.958548997000037], [85.30838648800005, 24.95901810400005], [85.30882743900008, 24.959586632000025], [85.30996147000008, 24.959983392000026], [85.31099169700008, 24.960628478000046], [85.31184866100006, 24.961354870000036], [85.31306195700006, 24.961896], [85.31528557900003, 24.962675963000038], [85.31747473900003, 24.963645470000074], [85.31839110700008, 24.96424081200007], [85.31921818600006, 24.964615093000077], [85.32105113900008, 24.966058709000038], [85.32338923800006, 24.967705070000022], [85.32542504900005, 24.96873318100006], [85.32614836100004, 24.969333198000072], [85.32870390900007, 24.970004435000078], [85.33047171100003, 24.97009379600007], [85.33312079700005, 24.969911731000025], [85.33493823200007, 24.970091265000065], [85.33601851200007, 24.971295848000068], [85.33793961400005, 24.977920995000034], [85.34206511000008, 24.978369927000074], [85.34727043500004, 24.979260322000073], [85.35399741700007, 24.98158494200004], [85.36101627000005, 24.984381959000075], [85.36114748100005, 24.98437519500004], [85.36391084800005, 24.98533694200006], [85.36563911100006, 24.986145], [85.36755077100008, 24.98687638000007], [85.36850656900003, 24.987169839000046], [85.37015078100006, 24.98770707500006], [85.37147302900007, 24.988262303000056], [85.37233974100008, 24.98860987100005], [85.37331043800003, 24.98921028500007], [85.37464267800004, 24.989955094000038], [85.37553911900005, 24.990374847000055], [85.37642068600007, 24.990627635000067], [85.37759443100003, 24.99089392700006], [85.37808964100003, 24.99095260100006], [85.37920895900004, 24.99109705500007], [85.38027872200007, 24.991322727000068], [85.38143770500005, 24.99141742100005], [85.38299277400006, 24.991670207000027], [85.38301754200006, 24.991205235000052], [85.38273518100004, 24.990049730000067], [85.38208628100006, 24.98823524000005], [85.38172463300003, 24.987454298000046], [85.38124919500007, 24.986456778000047], [85.38085792000004, 24.985472815000037], [85.38042699500005, 24.98467843800006]]]]}}, {"type": "Feature", "properties": {"OBJECTID": 63, "BLOCK_CODE": "0003", "NEAR_TOWN": "GAYA", "BLK_NAME": "BELAGANJ", "DIST_NAME": "GAYA"}, "geometry": {"type": "MultiPolygon", "coordinates": [[[[84.90067989800008, 25.065748021000047], [84.90282644200005, 25.065491252000072], [84.90483841000008, 25.065504911000062], [84.90597404800008, 25.06519615700006], [84.90726205600004, 25.06537063600007], [84.90835686900004, 25.06550407700007], [84.90916973200007, 25.065465287000052], [84.91005159900004, 25.06553050100007], [84.91010227300006, 25.06514250200007], [84.90943640300009, 25.064012485000035], [84.90900929200006, 25.06253104800004], [84.90872926500003, 25.061663811000074], [84.90859373200004, 25.060185863000072], [84.90982976800007, 25.059711838000055], [84.91097532300006, 25.059407519000047], [84.91250274200007, 25.05897767600004], [84.91359835800006, 25.058808664000026], [84.91469409100006, 25.058589994000044], [84.91583752800005, 25.059030397000072], [84.91707506300008, 25.059511643000064], [84.91797970000005, 25.060335147000046], [84.91874340500004, 25.060120193000046], [84.91993796800006, 25.059992016000024], [84.92027240800007, 25.05908092800007], [84.92051260900007, 25.058214839000073], [84.92122794600004, 25.057561964000058], [84.92228019700008, 25.05691429500007], [84.92299374100008, 25.05691589500003], [84.92404523600004, 25.056525495000074], [84.92526063700006, 25.056027167000025], [84.92574316100007, 25.055292432000044], [84.92636331300008, 25.055031996000025], [84.92696396100007, 25.054627109000023], [84.92687492900006, 25.052672461000043], [84.92622846600005, 25.05164191800003], [84.92527738700005, 25.04964030700006], [84.92471172200004, 25.048077284000044], [84.92418967800006, 25.046857447000036], [84.92304881300004, 25.04544666000004], [84.92198021500008, 25.044830396000066], [84.92145794600003, 25.043745956000066], [84.92150539400006, 25.042658301000074], [84.92136967900007, 25.04152950100007], [84.92137186100007, 25.040703493000024], [84.92094808900003, 25.03984047600005], [84.92023106600004, 25.03931073600006], [84.91980135300008, 25.03879073300004], [84.91918232400008, 25.038699071000053], [84.91808738900005, 25.038696602000073], [84.91708624800003, 25.038825252000038], [84.91636732000006, 25.038999726000043], [84.91555974000005, 25.038997865000056], [84.91494165400007, 25.038558630000068], [84.91494385100003, 25.037737227000036], [84.91382530400006, 25.037323937000053], [84.91291848200007, 25.03736242800005], [84.91168143500005, 25.036795475000076], [84.91073149200008, 25.03631481800005], [84.90954070400005, 25.035138553000024], [84.90906706400006, 25.034401711000044], [84.90901937100006, 25.033747135000056], [84.90954773400006, 25.032574760000045], [84.91036264100006, 25.03170995200003], [84.91078965300005, 25.031363415000044], [84.91074731400005, 25.030537254000023], [84.91060710300007, 25.02927760500006], [84.91017990900008, 25.027886421000062], [84.90986855000006, 25.027601378000043], [84.90944492400007, 25.02673371700007], [84.90958980000005, 25.026300717000026], [84.91021095300005, 25.025607027000035], [84.91178290600004, 25.025046435000036], [84.91350220400005, 25.02496011200003], [84.91492927600007, 25.024832400000037], [84.91693252900006, 25.024141800000052], [84.91916284100006, 25.023763107000036], [84.92046121300007, 25.023585463000074], [84.92236423900005, 25.023240574000056], [84.92227724900005, 25.02250615300005], [84.92213652600003, 25.02137289800004], [84.92213861400006, 25.02059201900005], [84.92223457700004, 25.01989712900007], [84.92257284600004, 25.019378833000076], [84.92257410100007, 25.018900376000033], [84.92236205500006, 25.01852975500003], [84.92226423600005, 25.01805104500005], [84.92288965200004, 25.017573988000038], [84.92360297700003, 25.017575586000078], [84.92441072300005, 25.017450929000063], [84.92465464100007, 25.01701365100007], [84.92484561900005, 25.015971423000053], [84.92555967300007, 25.015715726000053], [84.92627802500004, 25.015672109000036], [84.92651579600005, 25.015672637000023], [84.92775370000004, 25.015846873000044], [84.92863127000004, 25.015550854000026], [84.92866487400005, 25.01407040500004], [84.92890756700007, 25.012157095000077], [84.92938883000005, 25.009941882000078], [84.93037324900007, 25.00662187300003], [84.93090310200006, 25.004754382000044], [84.93100269300004, 25.00244277300004], [84.93156826900008, 25.00215277800004], [84.93192606200006, 25.001697573000058], [84.93194676300004, 25.00128901200003], [84.93118517300007, 24.99944415400006], [84.92844797300006, 24.994575076000046], [84.93008322100007, 24.994240047000062], [84.93082697300008, 24.993934737000075], [84.93077509800008, 24.99290548700003], [84.93070355700007, 24.991853653000078], [84.93088822600004, 24.991312320000077], [84.93174599500009, 24.990907940000056], [84.93241579100004, 24.99046709000004], [84.93274639500004, 24.990946200000053], [84.93271008400006, 24.99155547600003], [84.93349237400008, 24.991656420000027], [84.93415265300007, 24.99102593400005], [84.93447139400007, 24.990331465000054], [84.93482428000004, 24.989862773000027], [84.93523672100008, 24.989295002000063], [84.93517893500007, 24.988667452000072], [84.93476942300003, 24.988070753000045], [84.93445855600004, 24.987618742000052], [84.93437022800003, 24.98729806800003], [84.93445986300009, 24.987077087000046], [84.93479715000007, 24.986883660000046], [84.93542065600008, 24.987092645000075], [84.93584589400007, 24.987359819000062], [84.93640569200005, 24.987302330000034], [84.93710901300005, 24.987276731000065], [84.93757853400007, 24.987638833000062], [84.93814174100004, 24.988195243000064], [84.93876553100006, 24.988264197000035], [84.94036046300005, 24.988199861000055], [84.94192082000006, 24.988072229000068], [84.94261910600005, 24.988060122000036], [84.94403573600005, 24.987963685000068], [84.94619516400007, 24.987914020000062], [84.94955334700006, 24.98777638000007], [84.95125714900007, 24.987707616000023], [84.95169302400006, 24.98769945400005], [84.95187204100006, 24.98737031400003], [84.95196704200004, 24.986995784000044], [84.95212086300006, 24.986883268000042], [84.95287858900008, 24.986884776000068], [84.95438386200004, 24.987014208000062], [84.95568070000007, 24.987278530000026], [84.95619494900006, 24.98764070900006], [84.95615426400008, 24.988091979000046], [84.95613665700006, 24.98924292600003], [84.95617772300005, 24.990714565000076], [84.95622612900007, 24.993273895000073], [84.95622476500006, 24.993856175000076], [84.95632152500008, 24.994835901000044], [84.95676118400007, 24.995333294000034], [84.95745826200005, 24.99583569400005], [84.95745792100007, 24.99598015600003], [84.95745756900004, 24.996129091000057], [84.95764023800007, 24.996404724000058], [84.95786729200006, 24.996712092000053], [84.95837442700008, 24.998008593000066], [84.95874031300008, 24.998275583000066], [84.95912140800004, 24.998371125000062], [84.95993891400008, 24.99827792700006], [84.96032049200005, 24.99817937200004], [84.96065730800007, 24.998193616000037], [84.96120644000007, 24.998447441000053], [84.96208740200007, 24.998738049000053], [84.96292168300005, 24.999935789000062], [84.96330666400007, 25.00050529300006], [84.96390409300005, 25.001327911000033], [84.96491259600003, 25.00217389000005], [84.96558975900007, 25.002771032000055], [84.96630235700007, 25.003061314000036], [84.96697505900005, 25.003446276000034], [84.96710286700005, 25.00388881600003], [84.96705703800006, 25.00444396900008], [84.96733807700008, 25.00497259100007], [84.96795221600007, 25.00503243600008], [84.96933421900007, 25.004989943000055], [84.97084113300008, 25.004500733000043], [84.97185161400006, 25.004461967000054], [84.97372452900004, 25.004176588000064], [84.97580026500003, 25.003999887000077], [84.97807447700006, 25.003697205000037], [84.97961554100004, 25.003388544000074], [84.98131996800004, 25.003161371000033], [84.98341069900005, 25.002889854000045], [84.98390021300008, 25.00326987300008], [84.98448841500004, 25.003866763000076], [84.98456967300007, 25.005230066000024], [84.98475494800005, 25.00659351300004], [84.98496505000008, 25.007948053000064], [84.98529084700004, 25.008494820000067], [84.98549812700008, 25.008860725000034], [84.98621594800005, 25.009033583000075], [84.98769214600009, 25.00900004700003], [84.98903948500003, 25.00896181300004], [84.99003010900003, 25.009004169000036], [84.99087146900007, 25.00933062000007], [84.99182206900008, 25.009544478000066], [84.99242092900005, 25.009766653000042], [84.99313769100007, 25.01051714500005], [84.99357671300004, 25.011380048000035], [84.99395596900007, 25.01243693400005], [84.99418532400006, 25.014111940000078], [84.99462514400005, 25.01699702700006], [84.99457713900006, 25.018648937000023], [84.99461887600006, 25.020048324000072], [84.99431950300004, 25.02108595800007], [84.99360457800003, 25.021870077000074], [84.99231545500004, 25.022386917000063], [84.99130428000007, 25.022692127000028], [84.99047109600008, 25.023123948000034], [84.99055505000007, 25.023236929000063], [84.99080567200008, 25.024198858000034], [84.99101724600007, 25.024889768000037], [84.99138304200005, 25.025283153000032], [84.99141282400007, 25.025256124000066], [84.99231935800003, 25.025298328000076], [84.99398391300008, 25.025278643000036], [84.99497510400005, 25.025090766000062], [84.99594679600006, 25.02474489900004], [84.99678965400005, 25.024403281000048], [84.99784036400007, 25.024183894000032], [84.99887513600004, 25.024442888000067], [84.99903247000003, 25.02260156400007], [84.99933779200006, 25.021040352000057], [85.00195858600006, 25.020949950000045], [85.00703064200007, 25.021256246000064], [85.01555971300007, 25.022055329000068], [85.01656869300007, 25.020260491000045], [85.01687538600004, 25.01786861900007], [85.01728254000005, 25.01736371100003], [85.02005731100007, 25.016952794000076], [85.02243050500005, 25.016775852000023], [85.02379254600004, 25.016868284000054], [85.02540688400006, 25.01714603000005], [85.02600987000005, 25.017927799000063], [85.02631079300005, 25.01861889500003], [85.02630954200004, 25.01930949900003], [85.02570447300008, 25.019723873000032], [85.02454514900006, 25.019767272000024], [85.02378704700004, 25.019906039000034], [85.02353254400003, 25.020916672000055], [85.02355395400008, 25.02273122400004], [85.02374865100006, 25.024618346000068], [85.02485799400006, 25.024805108000066], [85.02566509800005, 25.02503650600005], [85.02586695500008, 25.025727414000073], [85.02566069300008, 25.027473925000038], [85.02576227000003, 25.02881011000005], [85.02606291000006, 25.029681751000055], [85.02641388600006, 25.030142687000023], [85.02737445300005, 25.03041947300005], [85.02944015200006, 25.03056248000007], [85.03098104000009, 25.03044740200005], [85.03163904100006, 25.030953878000048], [85.03319886100007, 25.03141662300004], [85.03552200200005, 25.03165018800007], [85.03829629600006, 25.031699252000067], [85.04107150400006, 25.031197685000052], [85.04289053500008, 25.030694654000058], [85.04329236900008, 25.030374812000048], [85.04339883900008, 25.028898929000036], [85.04329670100003, 25.027797470000053], [85.04317616100008, 25.025793175000047], [85.04343590300005, 25.021514470000056], [85.04376840100008, 25.018179286000077], [85.04483139700005, 25.016429370000026], [85.04554255300008, 25.014773830000024], [85.04574211900007, 25.013902931000075], [85.04559531400008, 25.012796844000036], [85.04486485700005, 25.01120245100003], [85.04471879800008, 25.009685699000045], [85.04477227000007, 25.007248305000076], [85.04512752100004, 25.005136350000043], [85.04573890800003, 25.00380110900005], [85.04694997800004, 25.00228609800007], [85.04814137600005, 25.00133029400007], [85.05242121400005, 25.00079570500003], [85.05500154900005, 25.000473340000042], [85.05512503900007, 25.000685675000057], [85.05531258100007, 25.00111017100005], [85.05576745700006, 25.00161637700006], [85.05622256100008, 25.002005130000043], [85.05659854100008, 25.002258392000044], [85.05710360800003, 25.00239901200007], [85.05768311600008, 25.00239976100005], [85.05821311000005, 25.00237781100003], [85.05858982700005, 25.002193229000056], [85.05919964100008, 25.001801314000033], [85.05957635100003, 25.001598675000025], [85.05987875100004, 25.001436604000048], [85.06038394100005, 25.001459857000043], [85.06109168100005, 25.001826322000056], [85.06181905700004, 25.00226509500004], [85.06216082600008, 25.002301616000068], [85.06251752400004, 25.00221182100006], [85.06312229100007, 25.001892088000034], [85.06367709300008, 25.001843146000056], [85.06413249400003, 25.002028756000072], [85.06483502200007, 25.002580339000076], [85.06538935300006, 25.002906032000055], [85.06609767800006, 25.002861722000034], [85.06649942800004, 25.002492165000035], [85.06680741100007, 25.00184703700006], [85.06781256700003, 25.00207844700003], [85.06852085400004, 25.002079354000045], [85.06912516100004, 25.002034940000044], [85.06937817200009, 25.00180501600005], [85.06958210400006, 25.001164308000057], [85.06963217500004, 25.000794303000077], [85.06988525500003, 25.000474104000034], [85.07104515000003, 24.999902250000048], [85.07201203100004, 24.999127071000032], [85.07254332400004, 24.998220366000055], [85.07296965800003, 24.997936571000025], [85.07349425300004, 24.99820803500006], [85.07411267300006, 24.998687175000043], [85.07519641100004, 24.999410701000045], [85.07616144500008, 24.99994891600005], [85.07804299200006, 25.00035283300008], [85.07897432500005, 25.000511524000046], [85.07941435800007, 25.00071951800004], [85.07992070100005, 25.000702876000048], [85.08049933900008, 25.000615415000027], [85.08091593000006, 25.000502247000043], [85.08216437200008, 25.00004612200007], [85.08219544900004, 24.999003474000062], [85.08158310000005, 24.997639594000077], [85.08166863200006, 24.996700902000043], [85.08181898600003, 24.995364907000067], [85.08108638700008, 24.995070740000074], [85.07882881800003, 24.994449763000034], [85.07674479200006, 24.993621321000035], [85.08089560500008, 24.99332822300005], [85.08413491500005, 24.993187422000062], [85.08701314000007, 24.99258119500007], [85.08935579400008, 24.992556660000048], [85.08799840300009, 24.988701976000073], [85.08796917000006, 24.988713979000067], [85.08796922300007, 24.988664327000038], [85.08796921600003, 24.988664294000046], [85.08607386600005, 24.983787343000074], [85.08648507300006, 24.98369753700007], [85.08777297400007, 24.98346418500006], [85.08787291000004, 24.982760176000056], [85.08715674200005, 24.98130595400005], [85.08623214500005, 24.98013585600006], [85.08396250900006, 24.977632708000044], [85.08119273000005, 24.975124420000043], [85.07746307300005, 24.972154536000062], [85.07517344100006, 24.969940146000056], [85.07359131000004, 24.968259144000058], [85.07263274500008, 24.966786468000066], [85.07123857200008, 24.96527263200005], [85.06994361400007, 24.963673177000032], [85.06725910400007, 24.960781132000022], [85.06423984000008, 24.956787168000062], [85.06096329500008, 24.952756713000042], [85.05744426300004, 24.948743984000032], [85.05484057800004, 24.945287450000023], [85.05283916500008, 24.942960223000057], [85.05056194200006, 24.939824646000034], [85.04921365800004, 24.93781417300005], [85.04645733200005, 24.93415872500003], [85.04532712600007, 24.93203119900005], [85.04459595800006, 24.93116800300004], [85.04385647800007, 24.929316303000064], [85.04374878000004, 24.928616515000044], [85.04388361600007, 24.927903555000057], [85.04466323600008, 24.92638802500005], [85.04446868700006, 24.924297816000035], [85.04283491500007, 24.921487918000025], [85.04133441300007, 24.918980676000047], [85.04049069900003, 24.917368083000042], [85.03958801900006, 24.915534210000033], [85.03854252800005, 24.913298389000033], [85.03754348400008, 24.909920550000038], [85.03625461300004, 24.905355281000027], [85.03217125700007, 24.90548931400008], [85.02836969900005, 24.905804191000072], [85.02401917800006, 24.905932981000035], [85.02257073600003, 24.905019045000074], [85.02136896700006, 24.904516113000057], [85.01962231600004, 24.90432842000007], [85.01677246300005, 24.903822915000035], [85.01651877500007, 24.90450867100003], [85.01501943400007, 24.904366319000076], [85.01387132300005, 24.90431949200007], [85.01271833700008, 24.904272456000058], [85.01146638500006, 24.90418016500007], [85.01117010900003, 24.903814038000064], [85.01137129000006, 24.90212620400007], [85.01172555800008, 24.900619107000068], [85.01130189100007, 24.899589271000025], [85.01049996900008, 24.899723437000034], [85.00992481400004, 24.90024164400006], [85.00947241100005, 24.90133325200003], [85.00877166600003, 24.902839697000047], [85.00851829400005, 24.903340368000045], [85.00761753300003, 24.903338904000066], [85.00686944500006, 24.903748390000032], [85.00676879500008, 24.90461487300007], [85.00646306400006, 24.906573407000053], [85.00615896500005, 24.907669772000077], [85.00475632900003, 24.908669554000028], [85.00270474300004, 24.90998870800007], [85.00097389500007, 24.909245570000053], [84.99989084100008, 24.90881490000004], [84.99909030700007, 24.908213231000047], [84.99895497600005, 24.90659701900006], [84.99902906000005, 24.904231942000024], [84.99906570800005, 24.903211862000035], [84.99906724500005, 24.902462541000034], [84.99909342500007, 24.901731398000038], [84.99883665400006, 24.901491734000047], [84.99854921300005, 24.901644739000062], [84.99794019900008, 24.901792584000077], [84.99784119300006, 24.901792447000048], [84.99783919700008, 24.90179244500007], [84.99766341600008, 24.90162514000008], [84.99750559300008, 24.90134054300006], [84.99719520300005, 24.900649400000077], [84.99690938200007, 24.90007564700005], [84.99677930100006, 24.898310492000064], [84.99636570400008, 24.897307742000066], [84.99524126400007, 24.89780681800005], [84.99279497500004, 24.898551930000053], [84.99177441100005, 24.899073782000073], [84.99098638700008, 24.899623116000043], [84.99001990100004, 24.900289489000045], [84.98888567600005, 24.900743328000033], [84.98813242500006, 24.901215988000047], [84.98711289900007, 24.90121418800004], [84.98505415900007, 24.90119250500004], [84.98395585500003, 24.901037092000024], [84.98207553900005, 24.900871162000044], [84.98078355300004, 24.90103139100006], [84.98010491200006, 24.901300976000073], [84.97903263200004, 24.902806637000026], [84.97867014400003, 24.903343106000023], [84.97776891300003, 24.903571680000027], [84.97690792300006, 24.90350694600005], [84.97629516000006, 24.903113094000048], [84.97579678900007, 24.902407981000067], [84.97586751200004, 24.901749104000032], [84.97591325400003, 24.90123012600003], [84.97599404000005, 24.90047650500003], [84.97583767400005, 24.899586918000068], [84.97568194400003, 24.898390472000074], [84.97538558700006, 24.89814172900003], [84.97434650000008, 24.898053980000043], [84.97291624100006, 24.898033354000063], [84.97298795600005, 24.896977243000038], [84.97334375200006, 24.89498723300005], [84.97059182900006, 24.895153678000042], [84.97051290200005, 24.895160408000038], [84.96991862300007, 24.895211087000064], [84.96810764300005, 24.89510383000004], [84.96504985200005, 24.89487682600003], [84.96292663200006, 24.89494498600004], [84.96130159600006, 24.895713770000043], [84.95881502200007, 24.89669286900005], [84.95796892700008, 24.896646160000046], [84.95778121100005, 24.896474220000073], [84.95806379700008, 24.896262586000034], [84.95844063900006, 24.895965481000076], [84.95825359500003, 24.895536243000038], [84.95783338600006, 24.89536393800006], [84.95694235200006, 24.895447904000036], [84.95661827000004, 24.894377519000045], [84.95577586400003, 24.892750903000035], [84.95566190700004, 24.89176677200004], [84.95565942000007, 24.891766612000026], [84.95349228500004, 24.891626952000024], [84.95191341200007, 24.891723098000057], [84.95059663800004, 24.891914546000066], [84.95054405400003, 24.891110961000038], [84.95022372900007, 24.890568723000058], [84.94975340600007, 24.890066662000038], [84.94973994100008, 24.89006663500004], [84.94918262100003, 24.889307231000032], [84.94880918600006, 24.888227633000042], [84.94889165300003, 24.886837548000074], [84.94818538300007, 24.886289988000044], [84.94718993500004, 24.886608456000033], [84.94496565800006, 24.887628584000026], [84.94290047600003, 24.888283323000053], [84.94056929100003, 24.888450044000024], [84.93948598100008, 24.88831235400005], [84.93809197600007, 24.887700068000072], [84.93606041600003, 24.88681559400004], [84.93501227300004, 24.888402249000023], [84.93398959700005, 24.88969561500005], [84.93227347700008, 24.891208619000054], [84.93164345100007, 24.89183015900005], [84.93118661300008, 24.89243852000004], [84.93107664600007, 24.892880682000055], [84.93086304900004, 24.893196180000075], [84.93062048400003, 24.893222716000025], [84.93056789700006, 24.892486833000078], [84.93049102200007, 24.89158389100004], [84.93019489600005, 24.891267352000057], [84.92950292900008, 24.890819837000038], [84.92947361900008, 24.890800882000065], [84.92904528100007, 24.891896811000038], [84.92855680800005, 24.89338869200003], [84.92855638800006, 24.893412412000032], [84.92852733100005, 24.895055375000027], [84.92824598700008, 24.89667967500003], [84.92824435400007, 24.897347741000033], [84.92877622500004, 24.898346421000042], [84.92874425500008, 24.89922658200004], [84.92846498500006, 24.90003394300004], [84.92907219600005, 24.900640112000076], [84.92950182700008, 24.901011160000053], [84.92975695600006, 24.901869352000062], [84.93015896500003, 24.903328137000074], [84.93081273100006, 24.905067385000052], [84.93139427600005, 24.90606161200003], [84.93253782600004, 24.905928648000042], [84.93276507100006, 24.906091617000072], [84.93258518300007, 24.906759296000075], [84.93289021900006, 24.907477624000023], [84.93329547700006, 24.90773125800007], [84.93417899800005, 24.90865853300005], [84.93417706700006, 24.90942581400003], [84.93369534800007, 24.910047776000056], [84.93135344900008, 24.912313228000073], [84.93013287200006, 24.91349321200005], [84.93040041500007, 24.915326397000058], [84.93080258700007, 24.91673552000003], [84.93181446100004, 24.91977548400007], [84.93266816600004, 24.92273832400008], [84.93307123900007, 24.923854120000044], [84.93284298800006, 24.924083864000067], [84.93207847200006, 24.92493987900008], [84.93174626400008, 24.925169349000043], [84.93029974400008, 24.92560857600006], [84.92996691600007, 24.926045685000076], [84.93039531000005, 24.926926801000036], [84.93082405200005, 24.927690553000048], [84.93216608900008, 24.929390584000032], [84.93316595700009, 24.931365251000045], [84.93318974500005, 24.93144673000006], [84.93364197500006, 24.932995745000028], [84.93367002500008, 24.93556867600006], [84.93301418800007, 24.936515175000068], [84.93262579700007, 24.937394546000064], [84.93281702900003, 24.938099092000073], [84.93378078400008, 24.938737607000064], [84.93408377500003, 24.940286482000033], [84.93369471900007, 24.941445715000043], [84.93280670400009, 24.942147971000054], [84.93324334800008, 24.943715145000056], [84.93231729700005, 24.943817024000055], [84.92988514400008, 24.944335418000037], [84.92542149500008, 24.94549932700005], [84.92413298000008, 24.945997557000055], [84.92393918200008, 24.94628145400003], [84.92259294900003, 24.94612051200005], [84.92131440800006, 24.94657363400006], [84.91876248200003, 24.94741207100003], [84.91540278200006, 24.948532976000024], [84.91192463400006, 24.949509087000024], [84.90964476200008, 24.95038413000003], [84.90778781400007, 24.950488174000043], [84.90878944300005, 24.95175881600005], [84.91006218400008, 24.953449892000037], [84.91105823600003, 24.954932738000025], [84.91163122000006, 24.957222478000062], [84.91083176400008, 24.95988376100007], [84.90990459500006, 24.96216563400003], [84.91001938100004, 24.963623889000075], [84.91077900300007, 24.964708863000055], [84.91132638400006, 24.965536127000064], [84.91252067600004, 24.96519133700008], [84.91352140000004, 24.96497695100004], [84.91719123600006, 24.964736867000056], [84.91831062400007, 24.964594942000076], [84.91887282300007, 24.965435803000048], [84.91870710100005, 24.966311073000043], [84.91812310000006, 24.968047544000058], [84.91755438200005, 24.969653187000063], [84.91670322900006, 24.973126897000043], [84.91670139100006, 24.97378592000007], [84.91669932600007, 24.974589380000054], [84.91709827200003, 24.975393712000027], [84.91745491200004, 24.977177427000072], [84.91739495800005, 24.979212964000055], [84.91760244100004, 24.981262741000023], [84.91802998700007, 24.98250948900005], [84.91789949800005, 24.983136589000026], [84.91759588200006, 24.983700114000044], [84.91718681100008, 24.984832186000062], [84.91716523600007, 24.985495610000044], [84.91679726400008, 24.986022954000077], [84.91602817900008, 24.986589954000067], [84.91585271400004, 24.987370372000044], [84.91580643300006, 24.987993223000046], [84.91572591100004, 24.988471444000027], [84.91570604100008, 24.988512052000033], [84.91491310300006, 24.988686307000023], [84.91403607200004, 24.988860377000037], [84.91298651100004, 24.988722605000078], [84.91216914800003, 24.988797499000043], [84.91174285300008, 24.988931897000043], [84.91150311200005, 24.989676125000074], [84.91135304600004, 24.99019938400005], [84.91109502800003, 24.990397424000037], [84.91038680700007, 24.99039579500004], [84.90985118700007, 24.990647326000044], [84.90854430900004, 24.990427707000038], [84.90819255300005, 24.990476552000075], [84.90790940000005, 24.990791812000055], [84.90770241300004, 24.99040314000007], [84.90720267100005, 24.99025302600006], [84.90639023600005, 24.99031437600007], [84.90577151500008, 24.990182035000032], [84.90577248000005, 24.98983447200004], [84.90577465000007, 24.989071637000052], [84.90584626800006, 24.98824580400003], [84.90594431500006, 24.986810649000063], [84.90573289200006, 24.986268566000035], [84.90547290900008, 24.985378741000034], [84.90217980800008, 24.98530334800006], [84.89938694000006, 24.985192959000074], [84.89745618300003, 24.984949182000037], [84.89385605300004, 24.984872933000077], [84.89211281600006, 24.98486871700004], [84.89220001800004, 24.987238624000042], [84.89238937900006, 24.988566109000033], [84.89224502400003, 24.988827574000027], [84.89155147100007, 24.98887108100007], [84.89000093800007, 24.989016222000032], [84.88894900200006, 24.989690774000053], [84.88847190300004, 24.99025382900004], [84.88848498700008, 24.990881236000064], [84.88974685400007, 24.991222836000077], [84.89141412900005, 24.991854268000054], [84.89204718600007, 24.992140219000078], [84.89232777200004, 24.992732171000057], [84.89085855600007, 24.99384807000007], [84.88959173500007, 24.995181009000078], [84.88812034300008, 24.997037141000078], [84.88770561500007, 24.998259381000025], [84.88815275800005, 24.999488167000038], [84.88772448600008, 25.000286025000037], [84.88759766100009, 25.000469649000024], [84.88814114000007, 25.00176760200003], [84.88839103900006, 25.002716071000066], [84.88781980000005, 25.003260819000047], [84.88722236500007, 25.004320088000043], [84.88709002500008, 25.00552943100007], [84.88872961700008, 25.00547481700005], [84.88940739400005, 25.005778892000023], [84.88994503400005, 25.00655651200003], [84.89006642200007, 25.007391879000068], [84.88984649300005, 25.008081920000052], [84.88952731600006, 25.008798864000028], [84.88933639300006, 25.009746260000043], [84.88920469600004, 25.01072540200005], [84.88910796300007, 25.011645961000056], [84.89033567900003, 25.01187912100005], [84.89172734400006, 25.011995355000067], [84.89282700500007, 25.01199803800006], [84.89399609900005, 25.011942145000035], [84.89531793500004, 25.012207103000037], [84.89720964100007, 25.01241024500007], [84.89720953300008, 25.012441841000054], [84.89752426500007, 25.01324602400007], [84.89742698200007, 25.01436519400005], [84.89720175400004, 25.015172574000076], [84.89685298000006, 25.015889456000025], [84.89624275700004, 25.016181429000028], [84.89487040600005, 25.016254828000058], [84.89336455600005, 25.01626022800008], [84.89214045500006, 25.016433361000054], [84.89106417000005, 25.01689112200006], [84.88994781300005, 25.01752036000005], [84.88865751600008, 25.018307162000042], [84.88806781900007, 25.01838245700003], [84.88745911100006, 25.01818690600004], [84.88657344200004, 25.017819115000066], [84.88580632200006, 25.017577998000036], [84.88521639500004, 25.01774807000004], [84.88516761800008, 25.019169745000056], [84.88518491600007, 25.019995782000024], [84.88480777500007, 25.02024313000004], [84.88416311100008, 25.020462731000066], [84.88321119800008, 25.020713129000058], [84.88236889800004, 25.02076524900008], [84.88165450500009, 25.021129073000054], [84.88118707500007, 25.021705696000026], [84.88089200100006, 25.022643835000054], [84.88063849400004, 25.022950087000027], [84.88042384200008, 25.02349118500007], [84.87989719700005, 25.023986406000063], [84.87941023000008, 25.02450432100005], [84.87932360000008, 25.02529393800006], [84.87938576500005, 25.026043395000045], [84.88033810300004, 25.02732311400007], [84.88109425100004, 25.02793893300003], [84.88157816500006, 25.028459170000076], [84.88164135400007, 25.028879123000024], [84.88130330200005, 25.029261915000063], [84.88103022400009, 25.029455306000045], [84.88058337700005, 25.029779266000048], [84.87997219600004, 25.030391553000072], [84.87948486700003, 25.031004256000074], [84.87916497700007, 25.031928710000045], [84.87899411100005, 25.03274981100003], [84.87850657000007, 25.033421098000076], [84.87819327100004, 25.033804022000027], [84.87709284600004, 25.033990811000024], [84.87700313200008, 25.035814154000036], [84.87697488800006, 25.038621570000032], [84.87687396000007, 25.040860116000033], [84.87678530300008, 25.04231784500007], [84.87729373900004, 25.042955586000062], [84.87911529200005, 25.04354691900005], [84.88033685600004, 25.044299201000058], [84.88117635400005, 25.045240198000045], [84.88184151800004, 25.046483098000067], [84.88276471800003, 25.047640843000067], [84.88354384400003, 25.048888610000063], [84.88393701600006, 25.049968309000064], [84.88415653300007, 25.051128929000072], [84.88380889400008, 25.05142590300005], [84.88365789500006, 25.05221100600005], [84.88363547600005, 25.05307752300007], [84.88358909600004, 25.053673264000054], [84.88386457900003, 25.054346433000035], [84.88418953600006, 25.055046869000023], [84.88477393000005, 25.05685378900006], [84.88464610400007, 25.058162432000074], [84.88451281700009, 25.059696818000077], [84.88464880100008, 25.060604382000065], [84.88660468600006, 25.06112829400007], [84.88793655100005, 25.06152416900005], [84.88922366100007, 25.06196068500003], [84.89175099000005, 25.06196678300006], [84.89355923200003, 25.062147207000066], [84.89465733000003, 25.062844889000075], [84.89673124900008, 25.063698459000022], [84.89696722900004, 25.06434899900006], [84.89739052900006, 25.06534748300004], [84.89853407100009, 25.065788101000066], [84.90067989800008, 25.065748021000047]]]]}}, {"type": "Feature", "properties": {"OBJECTID": 64, "BLOCK_CODE": "0006", "NEAR_TOWN": "GAYA", "BLK_NAME": "MUHRA", "DIST_NAME": "GAYA"}, "geometry": {"type": "MultiPolygon", "coordinates": [[[[85.20860632800003, 24.916521313000032], [85.20852259200007, 24.915316070000074], [85.20794389500008, 24.914110752000056], [85.20604873400003, 24.912755995000055], [85.20302457500009, 24.912768647000064], [85.20208979800003, 24.911057588000062], [85.20081837500004, 24.909490883000046], [85.20042771500005, 24.90857896500006], [85.19948750100008, 24.908276227000044], [85.19871070100004, 24.907671077000032], [85.19771630000008, 24.906555808000064], [85.19682719200006, 24.906030415000032], [85.19682568200005, 24.906045403000064], [85.19577134500008, 24.906451297000046], [85.19399909200007, 24.907407615000068], [85.19394419700006, 24.908472806000077], [85.19388419500007, 24.90978634100003], [85.19471475900008, 24.911908124000036], [85.19526819500004, 24.913930522000044], [85.19603470800007, 24.91561899800007], [85.19715795700006, 24.916287487000034], [85.19793486800006, 24.91661729300006], [85.19972681900003, 24.916347029000065], [85.20157813700007, 24.91596401700008], [85.20251852900003, 24.91590562600004], [85.20427538900003, 24.91661932200003], [85.20804651500004, 24.91824994500007], [85.20860632800003, 24.916521313000032]]], [[[85.37788106100004, 24.971204752000062], [85.37971805000006, 24.96958429700004], [85.38124311100006, 24.968216598000026], [85.38183736300005, 24.967674853000062], [85.38263450700003, 24.96700231600005], [85.38407037100006, 24.965670672000044], [85.38476852900004, 24.965007100000037], [85.38644701500004, 24.963986826000053], [85.38775404000006, 24.962808691000077], [85.38852550600006, 24.962036261000037], [85.38727858600004, 24.961292067000045], [85.38724880200004, 24.96106639100003], [85.38748142900005, 24.960560814000075], [85.38754580000005, 24.960055209000075], [85.38737246000005, 24.95963546100006], [85.38640193200007, 24.958644770000035], [85.38543137400006, 24.957654045000027], [85.38506491600003, 24.95706276800007], [85.38514401700007, 24.956281846000024], [85.38527269000008, 24.95580338700006], [85.38519344900004, 24.95545129100003], [85.38453001400006, 24.954932271000075], [85.38387141900006, 24.954417686000056], [85.38344067400004, 24.953803865000054], [85.38292571800008, 24.953311907000057], [85.38154923500008, 24.95207511500007], [85.38086591700005, 24.95145221200005], [85.38052422100003, 24.950802301000067], [85.38008851000006, 24.950201908000054], [85.37844976600007, 24.94918186800004], [85.37673667600006, 24.94816172800006], [85.37564255100006, 24.94740340100003], [85.37490482200008, 24.946956572000033], [85.37414242500006, 24.946550303000038], [85.37384538000003, 24.946265934000053], [85.37368696500005, 24.945182548000048], [85.37368697700003, 24.944762833000027], [85.37436516900004, 24.943404187000056], [85.37496919300008, 24.941973312000073], [85.37520677400005, 24.941192405000038], [85.37530582800008, 24.940587575000052], [85.37548900100006, 24.939125095000065], [85.37572663900005, 24.938461550000056], [85.37612754200006, 24.93773032200005], [85.37669185500005, 24.936249781000072], [85.37695423200006, 24.935446264000063], [85.37710772400004, 24.935229681000067], [85.37756807000005, 24.93521614100007], [85.37828090900007, 24.934882062000042], [85.37914725800005, 24.934674462000032], [85.37967689700008, 24.934665412000072], [85.38028086100007, 24.934809830000063], [85.38087489200007, 24.93447130900006], [85.38125609400004, 24.93436295600003], [85.38232037700004, 24.934502843000075], [85.38243391800006, 24.929781305000063], [85.38248328700007, 24.928016512000056], [85.38248328300006, 24.928016480000053], [85.38248327800005, 24.928016420000063], [85.38177544000007, 24.927998433000027], [85.38078047500005, 24.92790818000003], [85.37986967900008, 24.927849534000075], [85.37790445700006, 24.927650908000032], [85.37688968200007, 24.92760130100004], [85.37592443800008, 24.927506481000023], [85.37566709000004, 24.927447819000065], [85.37560761700007, 24.927366517000053], [85.37560767200006, 24.927312346000065], [85.37568686900005, 24.927140819000044], [85.37587496600008, 24.92679783400007], [85.37588483700006, 24.926039493000076], [85.37523142200007, 24.92509161600003], [85.37468696600007, 24.924405446000037], [85.37416227700004, 24.923629041000027], [85.37403852500006, 24.92328152500005], [85.37403845600005, 24.922748866000063], [85.37406818900007, 24.922008626000036], [85.37410283800006, 24.921694934000072], [85.37413749400008, 24.92138115100005], [85.37430085200003, 24.92054616400003], [85.37427117500005, 24.918903054000054], [85.37429091100006, 24.91833432800007], [85.37437502900008, 24.91812677000007], [85.37437505800006, 24.918126699000027], [85.37464733500008, 24.917977748000055], [85.37550856600006, 24.917860439000037], [85.37585012300008, 24.917752095000026], [85.37597877800005, 24.917558025000062], [85.37599363000004, 24.91713824900006], [85.37587486500007, 24.916777110000055], [85.37551843700004, 24.91584726700006], [85.37559269400003, 24.91535522500004], [85.37601836900006, 24.914592448000064], [85.37610737300008, 24.914204177000045], [85.37616682000004, 24.913315039000054], [85.37609254200004, 24.912416738000047], [85.37568176800005, 24.910687947000042], [85.37562731600008, 24.91037652600005], [85.37567672700004, 24.910055963000048], [85.37589951100006, 24.90983033200007], [85.37664187700005, 24.909333821000075], [85.37827509000005, 24.90854842500005], [85.37875021500008, 24.90813758200005], [85.37881456600007, 24.907185165000044], [85.37734461700006, 24.90747864700006], [85.37694868300008, 24.906661560000032], [85.37675560300005, 24.905803967000054], [85.37652302900005, 24.90396680200007], [85.37659223300005, 24.902459254000064], [85.37651800700007, 24.900635643000044], [85.37692876200003, 24.90061304900007], [85.37799774700005, 24.900599498000076], [85.37921516900008, 24.900635582000064], [85.37932902400007, 24.89999466300003], [85.37934379500007, 24.898189138000077], [85.37732959500005, 24.89776034500005], [85.37697820200003, 24.897620391000032], [85.37674559300007, 24.897444333000067], [85.37648824000007, 24.89712836900003], [85.37610225800006, 24.89655054800005], [85.37573603500005, 24.896022431000063], [85.37546877200003, 24.89525963400007], [85.37531533600009, 24.89502038300003], [85.37426619800004, 24.894406498000023], [85.37343980400004, 24.893887391000078], [85.37256881700006, 24.89342243400006], [85.37184131700008, 24.892970998000067], [85.36984206700004, 24.89309277500007], [85.36830801000008, 24.893115257000034], [85.36696193200004, 24.893133308000074], [85.36636805500007, 24.893097109000053], [85.36604143500006, 24.893024903000025], [85.36536355800007, 24.89287581700006], [85.36516556700008, 24.892785597000056], [85.36496269400004, 24.89265012000004], [85.36475984600008, 24.892514659000028], [85.36447774200008, 24.892316074000064], [85.36397802700003, 24.89162996700003], [85.36342878800008, 24.89055110000004], [85.36306263100005, 24.88965279300004], [85.36270649800008, 24.888781590000065], [85.36244436900006, 24.88697601100006], [85.36221194700005, 24.88513429900007], [85.36202902500008, 24.88325650400003], [85.36210826400009, 24.88259754300003], [85.36224684700005, 24.882353756000043], [85.36260317600005, 24.882073940000055], [85.36333059900005, 24.881843785000058], [85.36379576500008, 24.881776127000023], [85.36366227000008, 24.880521316000056], [85.36357322900005, 24.880340712000077], [85.36116344200008, 24.880462366000074], [85.36075770400004, 24.880516530000023], [85.35783820000006, 24.880574852000052], [85.35644280700006, 24.880610742000044], [85.35547790800007, 24.88075504300008], [85.35511662700003, 24.880899406000026], [85.35500773200005, 24.881007745000034], [85.35494341100008, 24.88126958500004], [85.35491848400005, 24.882321323000042], [85.35499266700003, 24.88263271200003], [85.35442358300008, 24.882664242000033], [85.35387936000006, 24.88262351000003], [85.35345870600008, 24.882533258000024], [85.35287493200008, 24.88221715000003], [85.35172197400004, 24.882262095000044], [85.35141012600008, 24.88238842900006], [85.35117755300007, 24.882483180000065], [85.35105884600006, 24.88249669100003], [85.35081634200003, 24.882437937000077], [85.35042545900006, 24.88225737600004], [85.35014343700004, 24.88217603700008], [85.34999996000005, 24.882198605000042], [85.34965351300008, 24.882311394000055], [85.34940614800007, 24.882257136000078], [85.34886184500004, 24.882211967000046], [85.34795631300005, 24.882419388000073], [85.34660035800005, 24.88285244700006], [85.34565520500007, 24.882874857000047], [85.34484859400004, 24.883127383000044], [85.34424479200004, 24.88363286200007], [85.34378454900008, 24.883799785000065], [85.34326990500006, 24.883858316000044], [85.34286888600008, 24.884652677000076], [85.34146295100004, 24.886986018000073], [85.34044859700003, 24.886430587000063], [85.33985490000003, 24.88628594200003], [85.33893461500008, 24.885721536000062], [85.33775713100005, 24.884989967000024], [85.33637661900008, 24.884524646000045], [85.33462516100008, 24.883716160000063], [85.33282925400005, 24.88273166600004], [85.33092468800004, 24.88147167300008], [85.33022716300007, 24.880844066000066], [85.33039092700005, 24.879643370000053], [85.33039154200009, 24.877806289000034], [85.33026319800007, 24.877025356000047], [85.33042647600007, 24.876844865000066], [85.33092660300008, 24.87599184000004], [85.33153042500004, 24.875486504000037], [85.33196590400007, 24.875197761000038], [85.33208486900008, 24.87469673000004], [85.33226810400004, 24.87421383900005], [85.33242155600004, 24.87385275200006], [85.33259495300007, 24.87325697800003], [85.33269902500007, 24.872864339000046], [85.33278317600008, 24.872697265000056], [85.33299600300006, 24.872399443000063], [85.33325345200006, 24.872011362000023], [85.33346138900004, 24.871569072000057], [85.33351589400007, 24.87135686700003], [85.33351108600004, 24.871063522000043], [85.33349140500007, 24.87071596900006], [85.33351127300006, 24.870472165000024], [85.33360037500006, 24.87024199800004], [85.33372423000003, 24.869944115000067], [85.33386278500006, 24.86969141900005], [85.33401124500006, 24.869528940000066], [85.33431810400003, 24.869285260000026], [85.33457050600003, 24.86901904800004], [85.33474869500003, 24.868874611000024], [85.33490704900004, 24.868838553000046], [85.33524840800004, 24.86882509700007], [85.33539686400007, 24.868789013000026], [85.33549093700003, 24.868739422000033], [85.33556518800003, 24.86860401100006], [85.33559493800004, 24.86849123500008], [85.33558502800008, 24.868274530000065], [85.33555545700005, 24.868112030000077], [85.33558517400007, 24.867976592000048], [85.33571385500005, 24.86771483900003], [85.33588219200004, 24.867493723000052], [85.33609495600007, 24.86736734300007], [85.33636706800007, 24.867281657000035], [85.33664912100005, 24.86727725000003], [85.33703011700004, 24.867277345000048], [85.33715875200005, 24.86725032700008], [85.33751992900005, 24.867101493000064], [85.33792082900004, 24.86693903300005], [85.33823744300008, 24.86686240000006], [85.33853432200004, 24.86686245100003], [85.33882129400007, 24.866898682000055], [85.33898952200008, 24.866835469000023], [85.33913794900008, 24.866745304000062], [85.33924188200007, 24.866609878000077], [85.33929635000004, 24.866406792000078], [85.33930642700005, 24.866032138000037], [85.33926938900004, 24.86579069800007], [85.33923232700005, 24.86554910700005], [85.33912856800004, 24.86493066500003], [85.33901979400008, 24.86458757400004], [85.33881708500007, 24.864221937000025], [85.33852037700007, 24.863693725000076], [85.33850066900004, 24.863382285000057], [85.33845155100005, 24.862222188000032], [85.33847146600004, 24.861676024000076], [85.33839733200006, 24.86139613000006], [85.33822924800006, 24.860971809000034], [85.33821448600008, 24.860691889000066], [85.33819493800007, 24.860046488000023], [85.33821482100007, 24.85950926000004], [85.33820501100007, 24.85922944500004], [85.33817053300004, 24.858990189000053], [85.33818052600003, 24.858579424000027], [85.33810656000009, 24.85859755100006], [85.33780475900005, 24.858597669000062], [85.33748301400004, 24.858394787000066], [85.33727495700003, 24.858065354000075], [85.33709178700008, 24.857912033000048], [85.33673070400005, 24.857885088000046], [85.33629051000008, 24.858065948000046], [85.33588488700008, 24.858169977000045], [85.33545442600007, 24.85811603800005], [85.33493485700006, 24.858048688000054], [85.33455893400009, 24.858021789000077], [85.33415811800006, 24.85791818000007], [85.33358897800008, 24.85759799500005], [85.33344531900008, 24.857372369000075], [85.33329163200005, 24.85687596200006], [85.33306410500006, 24.856952826000054], [85.33257443100007, 24.857165234000036], [85.33205512900008, 24.85732799400006], [85.33136749000005, 24.857405179000068], [85.33066497500005, 24.85742805900003], [85.32998221100007, 24.85743293400003], [85.32921536000003, 24.85740183300004], [85.32882941800005, 24.857320728000047], [85.32840387400006, 24.857185530000038], [85.32814173100007, 24.85716307200005], [85.32775086700008, 24.857199410000078], [85.32727104800006, 24.857235778000074], [85.32685049100007, 24.857181842000045], [85.32641502500007, 24.857024042000035], [85.32619231800004, 24.856861663000075], [85.32592502900008, 24.85668580500004], [85.32567250600005, 24.856378988000074], [85.32548437300005, 24.856081189000065], [85.32530117900006, 24.85584650800007], [85.32515265500007, 24.855693084000052], [85.32501404800007, 24.85562545500005], [85.32478153500006, 24.855621040000074], [85.32449734800008, 24.855668338000044], [85.32400248700003, 24.856006741000044], [85.32343838800006, 24.85642629700004], [85.32272076100008, 24.857166306000067], [85.32224562900007, 24.857549808000044], [85.32165682200008, 24.857621791000042], [85.32115717400006, 24.857571949000032], [85.32094945000006, 24.85742747100005], [85.32083081200005, 24.857273934000034], [85.32077161200004, 24.856948930000044], [85.32070766100009, 24.85607769300003], [85.32075235300005, 24.855572135000045], [85.32086631300007, 24.855188558000066], [85.32110913400004, 24.85434000400005], [85.32113451600009, 24.852868530000023], [85.32157530700005, 24.851600242000075], [85.32314907800009, 24.85010678900005], [85.32336196100005, 24.84978631200005], [85.32366927400005, 24.848265312000024], [85.32336785000007, 24.84757453900005], [85.32347712900008, 24.84640095700007], [85.32221582200003, 24.846147718000054], [85.32173103500008, 24.846075348000056], [85.32090498200006, 24.845944082000074], [85.32064281900006, 24.845871772000066], [85.32045989200003, 24.845623442000033], [85.32033639800005, 24.845203644000037], [85.32014392400004, 24.844183445000056], [85.31993155300006, 24.84334827500004], [85.32039195500005, 24.842644317000065], [85.32055027500007, 24.84242770700007], [85.32059496200003, 24.842044028000032], [85.32026877400006, 24.841493213000035], [85.31962605000007, 24.84073911400003], [85.31921085200008, 24.839998729000058], [85.31911696700007, 24.83972328300007], [85.31988869800006, 24.839570104000074], [85.32007177600008, 24.83949801500006], [85.32014610600004, 24.839186554000037], [85.31723852200008, 24.837104475000046], [85.31653134400005, 24.836616709000054], [85.31572537400007, 24.836088307000068], [85.31422208300006, 24.835297678000074], [85.31334178700007, 24.83484147000007], [85.31300070500004, 24.834529850000024], [85.31265949900006, 24.83419566300006], [85.31217018000007, 24.83341902500007], [85.31167599900004, 24.832619891000036], [85.31138454900008, 24.831816265000043], [85.31085092500007, 24.83071465300003], [85.31051976800006, 24.83019088800006], [85.31028739000004, 24.830068895000068], [85.30961967700006, 24.83004599000003], [85.30871939300005, 24.83028489000003], [85.30733905400007, 24.830884570000023], [85.30662172500007, 24.831051203000072], [85.30547906500004, 24.831195145000038], [85.30456903500004, 24.831181193000077], [85.30452045500004, 24.82948839100004], [85.30452111500006, 24.828359918000046], [85.30445219600006, 24.827795712000068], [85.30428437800003, 24.827163692000056], [85.30292245600003, 24.82738249600004], [85.30218084100005, 24.828014627000073], [85.30159763200004, 24.829075594000074], [85.30156836500004, 24.829888136000022], [85.30181625400007, 24.831296424000072], [85.30226715900005, 24.83311082700004], [85.30271300700008, 24.834699601000068], [85.30221884500008, 24.835837196000057], [85.30112111200003, 24.836880364000024], [85.29933106800007, 24.83819898300004], [85.29853502300006, 24.839016290000075], [85.29828793900003, 24.83960765000006], [85.29818936400005, 24.840514968000036], [85.29853570500006, 24.840785719000053], [85.29898585300003, 24.84087584100007], [85.29933238800004, 24.841466995000076], [85.29938291700006, 24.844057944000042], [85.29983388700003, 24.84614779700007], [85.29953329000006, 24.84905481000004], [85.29868765700007, 24.84974115400007], [85.29739664200008, 24.850147888000038], [85.29660020300008, 24.850102994000054], [85.29540285600007, 24.849651944000072], [85.29430931300004, 24.848970698000073], [85.29500613900007, 24.84719651200004], [85.29495634500006, 24.846198939000033], [85.29445641800004, 24.84524665600003], [85.29435728500005, 24.84470053000007], [85.29544907100006, 24.841021366000064], [85.29430645300005, 24.84102168800007], [85.29087378300005, 24.841839735000065], [85.28982515000007, 24.842065641000033], [85.28883078600006, 24.841795060000038], [85.28788608100007, 24.84206621800007], [85.28489865200004, 24.84347524100008], [85.28479986600007, 24.844021423000072], [85.28494885000003, 24.846021052000026], [85.28549864900003, 24.848472], [85.28564767100005, 24.85038134100006], [85.28520319100005, 24.853058135000026], [85.28231879600008, 24.852061234000075], [85.28002818500005, 24.85151555400006], [85.27828678400004, 24.851425595000023], [85.27843562800007, 24.853244662000066], [85.27890595700006, 24.85579034700004], [85.27893097800006, 24.855925769000066], [85.27878255600007, 24.855947077000053], [85.27763973800006, 24.85611114900007], [85.27539853700006, 24.85542985400008], [85.27350361300006, 24.854793722000068], [85.27136639500003, 24.854293065000036], [85.26972399600004, 24.854613726000025], [85.26922441700003, 24.855290850000074], [85.26922466300005, 24.856744375000062], [85.26917552000003, 24.858744039000044], [85.26897782600008, 24.860287784000036], [85.26887899400003, 24.861014514000033], [85.26813205600007, 24.861515643000075], [85.26703382900007, 24.862016778000054], [85.26721706100005, 24.863700445000063], [85.26698976500006, 24.86578144500004], [85.26654497200008, 24.86888248500003], [85.26582752500008, 24.868882546000066], [85.26529320200007, 24.868923249000034], [85.26470941800005, 24.869415292000042], [85.26363579700006, 24.870065444000033], [85.26282933200008, 24.870024860000058], [85.26162201100004, 24.869415529000037], [85.26184480000006, 24.870476292000035], [85.26162232300004, 24.872110312000075], [85.26094977600007, 24.875662843000043], [85.26045998900008, 24.876520525000046], [85.25857974000007, 24.877378220000026], [85.25772870500003, 24.877256399000032], [85.25652137600008, 24.877378302000068], [85.25513586400007, 24.877459647000023], [85.25379004600006, 24.878195452000057], [85.25218192900007, 24.878439203000028], [85.25093008700009, 24.878028447000077], [85.24909435100005, 24.87725660700005], [85.24780782000005, 24.876994771000057], [85.24655595100006, 24.87522526300006], [85.24412164300008, 24.873555057000033], [85.24409672600007, 24.873520188000043], [85.24338940800004, 24.87253037200003], [85.24170722100007, 24.87028691200004], [85.24099483500004, 24.869641364000074], [85.24052484300006, 24.86967749400003], [85.23996068000008, 24.870033998000054], [85.23939167100008, 24.870160358000078], [85.23823394300007, 24.869550916000037], [85.23649740300004, 24.868539638000073], [85.23304917500008, 24.86597993500004], [85.23063497800007, 24.864467476000073], [85.22846818000005, 24.862991188000024], [85.22722163100008, 24.862002457000074], [85.22508442400004, 24.861388220000038], [85.22485683300005, 24.861437839000075], [85.22546007300008, 24.863044862000038], [85.22707773700006, 24.864223251000055], [85.22772570600006, 24.865067448000048], [85.22698353500004, 24.865193730000044], [85.22624626600003, 24.865703626000027], [85.22552863300007, 24.866773327000033], [85.22349437500003, 24.870609800000068], [85.22266266700007, 24.873141917000055], [85.22286008600008, 24.875367270000027], [85.22141534300005, 24.87509168400004], [85.22026253000007, 24.874942463000025], [85.21765488900007, 24.875081833000024], [85.21378055400004, 24.875333770000054], [85.21184093900007, 24.875414461000048], [85.21204283600008, 24.878411742000026], [85.21190881800004, 24.879964466000047], [85.21171536800006, 24.88135918000006], [85.21143809900008, 24.882027209000057], [85.21097285300004, 24.882388185000025], [85.21116549100003, 24.883706301000075], [85.21127388600007, 24.885223018000033], [85.21140240700004, 24.885498362000078], [85.21366383500003, 24.885634356000025], [85.21614287600005, 24.885752280000077], [85.21691976200003, 24.885933030000047], [85.21694425200008, 24.887070550000033], [85.21720103500007, 24.888939313000037], [85.21733890200005, 24.891873333000035], [85.21561182000005, 24.89164278800007], [85.21433017300006, 24.891475485000058], [85.21318704000004, 24.891393958000037], [85.21072772600007, 24.891000611000038], [85.20694700200005, 24.89087316000007], [85.20546251300004, 24.89069668700006], [85.20575911900005, 24.891658199000062], [85.20664448200006, 24.892777928000044], [85.20720356100009, 24.893170764000047], [85.20819797300004, 24.894037711000067], [85.20888563600005, 24.894647296000073], [85.20913287000008, 24.89554109900007], [85.20778175900006, 24.89579348500007], [85.20570805800008, 24.89598243000006], [85.20555456200003, 24.896217170000057], [85.20519240600004, 24.898961412000062], [85.20487934500005, 24.902585959000078], [85.20470472100004, 24.906431713000075], [85.20487720600005, 24.90844951400004], [85.20460391200004, 24.911523299000066], [85.20676250200006, 24.909704851000072], [85.20820290300009, 24.90919973000007], [85.20864819300004, 24.90955199700005], [85.20986531600005, 24.91086585100004], [85.21219155200004, 24.911069522000048], [85.21579481400005, 24.910411448000048], [85.22155589100004, 24.910719560000075], [85.22388204500004, 24.91097280400004], [85.22639113300005, 24.912422185000025], [85.22648511800008, 24.912435678000065], [85.22869771700005, 24.911727357000075], [85.23130129900005, 24.91056763100005], [85.23274171900005, 24.909254282000063], [85.23479564900003, 24.909556934000022], [85.23512716100004, 24.909963282000035], [85.23518628000005, 24.912716716000034], [85.23476541500008, 24.914120445000037], [85.23490374600004, 24.916539922000027], [85.23441816700006, 24.920358581000073], [85.23405139600004, 24.924926567000057], [85.23379846400007, 24.928456356000027], [85.23480337400008, 24.92862791400006], [85.23862466800006, 24.929995958000063], [85.24190660200009, 24.93140450900006], [85.24330253800008, 24.931932698000026], [85.24780726600005, 24.932212771000025], [85.24985671200005, 24.932655133000026], [85.25330199100006, 24.932253340000045], [85.25499505100004, 24.932506103000037], [85.25466844900006, 24.93484427900006], [85.25734666000005, 24.936189308000053], [85.25980226900003, 24.938780068000028], [85.26067860400008, 24.93913206600007], [85.26581730500004, 24.939975735000075], [85.26942136000008, 24.940223617000072], [85.26871857200007, 24.941604899000026], [85.27176843600006, 24.94263365300003], [85.27429839200005, 24.94353151000007], [85.27699180400003, 24.94483101000003], [85.28007654300006, 24.946311003000062], [85.28201766300003, 24.947935522000023], [85.28340419300008, 24.948869655000067], [85.28743968800006, 24.95049367200005], [85.28926202500008, 24.951612647000047], [85.29171336400003, 24.95316467400005], [85.29147494300008, 24.95096202800005], [85.29163261900004, 24.948727664000046], [85.29194853200005, 24.94594703300004], [85.29218462500006, 24.941509841000027], [85.29378856800008, 24.941504903000066], [85.29485292600003, 24.941373721000048], [85.29639265400004, 24.941671089000067], [85.29792754900006, 24.94214004500003], [85.29939290800007, 24.94204031000004], [85.30159119200005, 24.942603833000078], [85.30345762000007, 24.942603143000042], [85.30463094700008, 24.942602743000066], [85.30510638000004, 24.94293657000003], [85.30565598600003, 24.94323883000004], [85.30624023000007, 24.94336947200003], [85.30657220100005, 24.943938067000033], [85.30697369000006, 24.945007717000067], [85.30807321500004, 24.94594163800008], [85.30865742000003, 24.945941461000075], [85.30928084500005, 24.945106139000075], [85.31013260900005, 24.94557524000004], [85.31083142900007, 24.947078041000054], [85.31108957900005, 24.94847724600004], [85.31075848400008, 24.949750234000078], [85.31068466800008, 24.950747869000054], [85.31116061700004, 24.951984452000033], [85.31409160100003, 24.951883931000054], [85.31625527200003, 24.952081613000075], [85.31687537300007, 24.954220892000023], [85.31764719300008, 24.95315068000008], [85.31973067600006, 24.951615041000025], [85.32046336200005, 24.951547064000067], [85.32240392000006, 24.951076631000035], [85.32317619300005, 24.951013080000052], [85.32357753800005, 24.951378516000034], [85.32401845000004, 24.951879295000026], [85.32574186600004, 24.95257814400003], [85.32672712200008, 24.952613727000028], [85.32737066200008, 24.952459893000025], [85.32840263200006, 24.948026765000066], [85.33095227300004, 24.948025484000027], [85.33330881200004, 24.947933916000068], [85.33694342400008, 24.948780369000076], [85.33836519300007, 24.94994412400007], [85.33925237800008, 24.95132938200004], [85.33979231400008, 24.951690170000063], [85.34141137600005, 24.951734241000054], [85.34234779400003, 24.952677067000025], [85.34534272800005, 24.952092954000022], [85.34769937000004, 24.95195602600006], [85.34872958800008, 24.952447299000028], [85.34971079000007, 24.953566143000046], [85.34991019600005, 24.955312787000025], [85.35079290400006, 24.956923651000068], [85.35182377200005, 24.958173325000075], [85.35173210500005, 24.961129939000045], [85.35109543600004, 24.963635512000053], [85.35119084400003, 24.96520169000007], [85.35153888100007, 24.966903196000032], [85.35212373400003, 24.96757532500004], [85.35389238100004, 24.968603296000026], [85.35723544700005, 24.969454048000046], [85.36165298200007, 24.970073714000023], [85.36504034900008, 24.97043221200005], [85.36720389700008, 24.969983697000032], [85.36852607500003, 24.97006839000005], [85.37069138900006, 24.971456959000022], [85.37203786700007, 24.972662642000046], [85.37273614100008, 24.97272136400005], [85.37465739700008, 24.973154674000057], [85.37552891700005, 24.973416566000026], [85.37628657500005, 24.972721396000054], [85.37788106100004, 24.971204752000062]]]]}}, {"type": "Feature", "properties": {"OBJECTID": 65, "BLOCK_CODE": "0005", "NEAR_TOWN": "GAYA", "BLK_NAME": "NEEMCHAK BATHANI", "DIST_NAME": "GAYA"}, "geometry": {"type": "MultiPolygon", "coordinates": [[[[85.25916133400005, 25.03120924600006], [85.25922559700007, 25.030130487000065], [85.25972589400004, 25.029110309000032], [85.26020643100009, 25.028501], [85.26033020400007, 25.02809469600004], [85.26034993400003, 25.027291223000077], [85.25941850200007, 25.02574310600005], [85.25887349900006, 25.02483135600005], [85.25872974700007, 25.024217495000073], [85.25926966300005, 25.02359455900006], [85.25919532800003, 25.02275043700007], [85.26071116200006, 25.022867706000056], [85.26151873700007, 25.023242312000036], [85.26259376400003, 25.02419459600003], [85.26350043700006, 25.024916785000073], [85.26445660300004, 25.02511525400007], [85.26542254300006, 25.02467731200005], [85.26576927400004, 25.02431167800006], [85.26588811400006, 25.023598508000077], [85.26599693000009, 25.02267316500007], [85.26607118100009, 25.021932866000043], [85.26659625200006, 25.021914792000075], [85.26929126000005, 25.022257554000078], [85.27096578000004, 25.02287568400004], [85.27186735200007, 25.023182457000075], [85.27222414400006, 25.023561603000076], [85.27186259000007, 25.02389570200006], [85.27087183600008, 25.024297499000056], [85.26974247800007, 25.025186896000037], [85.26936605000003, 25.025656355000024], [85.26931663500005, 25.026356014000044], [85.26941578900005, 25.026906721000046], [85.26984200600003, 25.027376084000025], [85.27066437400003, 25.02751137000007], [85.27151143900005, 25.027366786000073], [85.27224459500007, 25.027132030000075], [85.27367128300006, 25.02638253200007], [85.27541511500004, 25.026427305000027], [85.28122127300009, 25.02670612000003], [85.28353476300003, 25.026655985000048], [85.28556094100009, 25.02651560100003], [85.28875131900008, 25.02639744800007], [85.29219929900006, 25.026220391000038], [85.29285737900005, 25.02407619400003], [85.29313452100007, 25.023353893000035], [85.29408056300008, 25.02287969500003], [85.29447198500003, 25.022974343000044], [85.29461111700004, 25.024287881000078], [85.29520100100007, 25.025100147000046], [85.29707873300003, 25.025591560000066], [85.29868399600008, 25.025943151000035], [85.30103719400006, 25.026213162000033], [85.30202295900006, 25.026000644000078], [85.30565367900005, 25.024685894000072], [85.30714962800005, 25.02436933000007], [85.31325704500006, 25.022850232000053], [85.31438621400008, 25.022280993000038], [85.31472215200006, 25.020574641000053], [85.31490492700004, 25.01952741200006], [85.31520119000004, 25.017830066000045], [85.31533940800006, 25.016832454000053], [85.31550222500005, 25.015613647000066], [85.31584840700003, 25.01457986400004], [85.31681904200008, 25.014173210000024], [85.31765094100007, 25.013595100000032], [85.31784817900007, 25.01187075000007], [85.31794608500007, 25.00983043800005], [85.31802433700005, 25.008074529000055], [85.31808357900007, 25.00774049200004], [85.32006002900005, 25.007829810000032], [85.32301203200007, 25.007625268000027], [85.32451280100008, 25.007430510000063], [85.32722617200005, 25.006946882000022], [85.32806718300003, 25.00679697700008], [85.32812376200008, 25.007568606000063], [85.32823932300005, 25.01013236600005], [85.32856156700007, 25.010511290000068], [85.33102882500003, 25.01126375900003], [85.33584422100006, 25.012209012000028], [85.33734048800005, 25.01264143800006], [85.33793059400006, 25.013453637000055], [85.33809046800008, 25.015466642000035], [85.33843904000008, 25.017908393000027], [85.33878212600007, 25.019664040000066], [85.34083329800006, 25.020163858000046], [85.34229959900006, 25.02013133300005], [85.34519759200003, 25.020174664000024], [85.34647070900007, 25.020106128000066], [85.34890296600008, 25.020014238000044], [85.35053308700003, 25.020523249000064], [85.35125600600009, 25.020071339000026], [85.35209745500003, 25.019276413000057], [85.35315645900005, 25.01791698900007], [85.35420544100003, 25.016489920000026], [85.35346613700005, 25.01510922400007], [85.35320294200005, 25.014269823000063], [85.35301886000008, 25.013312991000078], [85.35284515900008, 25.012961120000057], [85.34995192500008, 25.012543305000065], [85.34948570800003, 25.011821376000057], [85.34925661300008, 25.01023268000006], [85.34874514200004, 25.00862611900004], [85.34890755900005, 25.007398247000026], [85.34834634700007, 25.005538968000053], [85.34890558900008, 25.004906645000062], [85.34913777800006, 25.004125627000064], [85.34939907400008, 25.002626811000027], [85.35051740300008, 25.001335166000047], [85.35237899800006, 25.000565059000053], [85.35274577200005, 24.99940047900003], [85.35289457800008, 24.997752997000077], [85.35351875600008, 24.99726109900007], [85.35386049900006, 24.99693614100005], [85.35403393300004, 24.996647322000058], [85.35395475400009, 24.99609660300007], [85.35388557200008, 24.995351808000066], [85.35417782400003, 24.995013363000055], [85.35453942000004, 24.994738014000063], [85.35472276500008, 24.99441310700007], [85.35489618500003, 24.99399329000005], [85.35502506000006, 24.99306798300006], [85.35513911800007, 24.992129187000046], [85.35548119300006, 24.990134150000074], [85.35566449500004, 24.989123031000076], [85.35592219000006, 24.988211312000033], [85.35609078500005, 24.986983573000032], [85.35668507800006, 24.98692501800008], [85.35779441300008, 24.986609181000063], [85.35805698600007, 24.986514404000047], [85.35865127400007, 24.986022503000072], [85.35939426700008, 24.985386154000025], [85.36088505900005, 24.984388722000062], [85.36101627000005, 24.984381959000075], [85.35399741700007, 24.98158494200004], [85.34727043500004, 24.979260322000073], [85.34206511000008, 24.978369927000074], [85.33793961400005, 24.977920995000034], [85.33601851200007, 24.971295848000068], [85.33493823200007, 24.970091265000065], [85.33312079700005, 24.969911731000025], [85.33047171100003, 24.97009379600007], [85.32870390900007, 24.970004435000078], [85.32614836100004, 24.969333198000072], [85.32542504900005, 24.96873318100006], [85.32338923800006, 24.967705070000022], [85.32105113900008, 24.966058709000038], [85.31921818600006, 24.964615093000077], [85.31839110700008, 24.96424081200007], [85.31747473900003, 24.963645470000074], [85.31528557900003, 24.962675963000038], [85.31306195700006, 24.961896], [85.31184866100006, 24.961354870000036], [85.31099169700008, 24.960628478000046], [85.30996147000008, 24.959983392000026], [85.30882743900008, 24.959586632000025], [85.30838648800005, 24.95901810400005], [85.30747027200005, 24.958548997000037], [85.30637071600006, 24.957917508000037], [85.30483074300008, 24.957480219000047], [85.30329074200006, 24.95708354100003], [85.30120587000005, 24.956348485000035], [85.29994322400006, 24.956051052000078], [85.29853187500004, 24.955311277000078], [85.29611045200005, 24.95461238400003], [85.29317898000005, 24.953543471000046], [85.29171336400003, 24.95316467400005], [85.28926202500008, 24.951612647000047], [85.28743968800006, 24.95049367200005], [85.28340419300008, 24.948869655000067], [85.28201766300003, 24.947935522000023], [85.28007654300006, 24.946311003000062], [85.27699180400003, 24.94483101000003], [85.27429839200005, 24.94353151000007], [85.27176843600006, 24.94263365300003], [85.26871857200007, 24.941604899000026], [85.26942136000008, 24.940223617000072], [85.26581730500004, 24.939975735000075], [85.26067860400008, 24.93913206600007], [85.25980226900003, 24.938780068000028], [85.25734666000005, 24.936189308000053], [85.25466844900006, 24.93484427900006], [85.25499505100004, 24.932506103000037], [85.25330199100006, 24.932253340000045], [85.24985671200005, 24.932655133000026], [85.24780726600005, 24.932212771000025], [85.24330253800008, 24.931932698000026], [85.24310451100007, 24.93311985300005], [85.24305483600006, 24.93509236700004], [85.24368355300004, 24.93583719000003], [85.24421324400004, 24.93653691800006], [85.24418844700006, 24.937475731000063], [85.24407943700004, 24.938893112000073], [85.24396052800006, 24.940901779000058], [85.24403962500008, 24.94335271700004], [85.24414351100006, 24.945230561000074], [85.24419794900007, 24.946575601000063], [85.24198981500007, 24.947329380000042], [85.24000938300009, 24.94821395100007], [85.23927173000004, 24.948841251000033], [85.23839535100007, 24.94900823000006], [85.23715271700007, 24.949093936000054], [85.23540492000006, 24.949599315000057], [85.23434538200007, 24.95043878000007], [85.23204321100008, 24.95001867800005], [85.22849824200006, 24.950225845000034], [85.22536412800008, 24.950897963000045], [85.22251224400009, 24.95165572700006], [85.22099217600004, 24.952242229000035], [85.22041748400005, 24.953438290000065], [85.22018447600004, 24.954742741000075], [85.22064482600007, 24.955410894000067], [85.22036712000005, 24.957387850000032], [85.21981726500007, 24.95860646400007], [85.21963380500006, 24.959653700000047], [85.21995555000007, 24.959947098000043], [85.22377773300008, 24.96104023600003], [85.22688681200003, 24.963541405000058], [85.22835721200005, 24.96459330400006], [85.22776802200008, 24.964706097000033], [85.22685187900004, 24.96490456600003], [85.22379184200008, 24.964940168000055], [85.21854309000008, 24.965146746000073], [85.21504722600008, 24.965443864000065], [85.21142756200004, 24.96561906100004], [85.20789683500004, 24.96624550300004], [85.20743124200004, 24.966710273000047], [85.20690126800008, 24.967080211000052], [85.20544031500003, 24.967702692000046], [85.20465290000004, 24.96813131600004], [85.20452023700005, 24.96530563300007], [85.20434031200006, 24.961333969000066], [85.20433353900006, 24.961184462000062], [85.20430041000003, 24.957094865000045], [85.20385516800008, 24.955979843000023], [85.20326125900004, 24.955302601000028], [85.20122615700006, 24.955739790000052], [85.19929987500007, 24.956316902000026], [85.19766565500004, 24.95725973100008], [85.19707151600005, 24.95716014900006], [85.19674021500003, 24.956045145000076], [85.19588876400007, 24.95584173700007], [85.19509145800004, 24.956229655000072], [85.19475946500006, 24.956735035000065], [85.19471947800008, 24.957479775000024], [85.19479315400008, 24.958933322000064], [85.19475782000006, 24.960522170000047], [85.19457668300004, 24.960549599000046], [85.19431209900006, 24.960589664000054], [85.19275748000007, 24.960417524000036], [85.19274326200008, 24.95893701600005], [85.19250698900004, 24.95606616500004], [85.19250741000008, 24.955009920000066], [85.19216588200004, 24.954775074000054], [85.19038855200006, 24.954598329000078], [85.18814580900005, 24.954213716000027], [85.18567548200008, 24.953792862000057], [85.18227904200006, 24.95359280200006], [85.18013488200006, 24.953323155000078], [85.17799168700003, 24.953053597000064], [85.17471917600005, 24.952939125000057], [85.17226340900004, 24.952937906000045], [85.17227874700006, 24.952152454000043], [85.17207760200006, 24.949191325000072], [85.17221221000005, 24.947584420000055], [85.17370238400008, 24.94780184700005], [85.17326257200006, 24.946443], [85.17241635400006, 24.945792608000033], [85.17086198700008, 24.94545323500006], [85.16842110200008, 24.945790456000054], [85.16777770200008, 24.94545152200004], [85.16776327800005, 24.94481961300005], [85.16827363900006, 24.944142787000033], [85.16901670500005, 24.943371305000028], [85.16935896300004, 24.942351432000066], [85.16969636500005, 24.941150891000063], [85.16969770600008, 24.93907910000007], [85.16937658600006, 24.93807681900006], [85.16592550900003, 24.938905454000064], [85.16524720600006, 24.93903140200007], [85.16504409300006, 24.939306627000065], [85.16450398800004, 24.94001502200007], [85.16290886300004, 24.941435933000037], [85.16145255000004, 24.942608720000067], [85.16037302200004, 24.943041355000048], [85.15686721300006, 24.944041291000076], [85.15395564900007, 24.944779693000044], [85.15118271100005, 24.945423326000025], [85.14952404600007, 24.945580233000044], [85.15141860500006, 24.94758566400003], [85.15390143200005, 24.950783073000025], [85.15471228600006, 24.952295675000073], [85.15549418300003, 24.952729528000077], [85.15552850600005, 24.953284773000064], [85.15549262600007, 24.954887160000055], [85.15535755000008, 24.956679025000028], [85.15535674400007, 24.957730758000025], [85.15454001000006, 24.957481934000043], [85.15237653900004, 24.957142059000034], [85.15235994500006, 24.959349286000077], [85.15272921400003, 24.96200367600005], [85.15307452200005, 24.963746163000053], [85.15281519500007, 24.966174454000054], [85.15259677600005, 24.966837888000043], [85.15179409500007, 24.967469219000066], [85.15208527200008, 24.968769414000064], [85.15343639300005, 24.969600848000027], [85.15442161600004, 24.969903935000048], [85.15463923900006, 24.970134244000064], [85.15511334200005, 24.97189941700003], [85.15514583100008, 24.974693527000056], [85.15439815300005, 24.974611800000048], [85.15293787500008, 24.973879631000045], [85.15180405500007, 24.973644129000036], [85.15085798500007, 24.974045243000035], [85.15005531100007, 24.97457735100005], [85.14987173300005, 24.975087255000062], [85.15036110000005, 24.976103204000026], [85.15129963900006, 24.97906939300003], [85.15168481800004, 24.980437379000023], [85.15234806200004, 24.98088469100003], [85.15351682400006, 24.980898959000058], [85.15355122000005, 24.981219483000075], [85.15344540700005, 24.98351238300006], [85.15320110500005, 24.985678909000058], [85.15274453700005, 24.986951429000044], [85.15234298300004, 24.987474774000077], [85.15380616500005, 24.990978444000064], [85.15441694200007, 24.992467573000056], [85.15449348200008, 24.99246392300006], [85.15758800800006, 24.993562792000034], [85.15890497900006, 24.99419100500006], [85.15999369100007, 24.995446494000078], [85.16194515800004, 24.99534383200006], [85.16360440500006, 24.995240960000046], [85.16359029000006, 24.994166712000037], [85.16365982700006, 24.99394561200006], [85.16428893400007, 24.99378798200007], [85.16446234800009, 24.99366169900003], [85.16463653900007, 24.992384396000034], [85.16498852200004, 24.991973768000037], [85.16582567600005, 24.991716969000038], [85.16645501800008, 24.991080961000023], [85.16725750800003, 24.99095501200003], [85.16946177600005, 24.990382941000064], [85.17089305500008, 24.990320501000042], [85.17274544500003, 24.99011388300005], [85.17536534200008, 24.990187460000072], [85.17855508400004, 24.98966994600005], [85.17986264700005, 24.989444836000075], [85.18129418700005, 24.988998624000033], [85.18043843300006, 24.987115980000056], [85.18011201500008, 24.98639818500004], [85.18025097300006, 24.985852064000028], [85.18113281100005, 24.985346899000035], [85.18201443900006, 24.985094505000063], [85.18243066800005, 24.98462981800003], [85.18164387400003, 24.98361380600005], [85.18182732100007, 24.983153517000062], [85.18367960600006, 24.98289711600006], [85.18460580900006, 24.982730446000062], [85.18553215200006, 24.982139566000058], [85.18530114300006, 24.978808249000053], [85.18729211600004, 24.97834421400006], [85.18954046600004, 24.97806983600003], [85.19013962800005, 24.978196455000045], [85.19106566900007, 24.978151714000035], [85.19092564000005, 24.98114876300008], [85.19203352900007, 24.98423211000005], [85.19242386000008, 24.986195832000078], [85.19256182500004, 24.98764480600005], [85.19382967000007, 24.987573089000023], [85.19428010200005, 24.98816905500007], [85.19456648900007, 24.990105589000052], [85.19464538000005, 24.990890999000044], [85.19468986600003, 24.991076133000035], [85.19571007000008, 24.99122542500004], [85.19673487100005, 24.992047287000048], [85.19787878700004, 24.992530659000067], [85.19983997000008, 24.992644217000077], [85.19982013600008, 24.992626185000063], [85.20239560500005, 24.992441952000036], [85.20334651000007, 24.992491921000067], [85.20386175600004, 24.992189653000025], [85.20432251200003, 24.991770018000068], [85.20608598600006, 24.99073233200005], [85.20799801700008, 24.989861785000073], [85.20899347600005, 24.989695031000053], [85.20980065100008, 24.989862281000057], [85.21045935200004, 24.990029466000067], [85.21045286100008, 24.98998554900004], [85.21181652600006, 24.989528731000064], [85.21575377900007, 24.98931759100003], [85.21913151100006, 24.989024932000063], [85.22061215200006, 24.989657142000056], [85.22126075000006, 24.99054203700007], [85.22228086600006, 24.99138627800005], [85.22311290800008, 24.991386438000063], [85.22454928200005, 24.990714153000056], [85.22875928600007, 24.98894090300007], [85.22936345700003, 24.98890037700005], [85.22935840600007, 24.98977603700007], [85.23001104400004, 24.99674542200006], [85.23019393800007, 24.999318252000023], [85.23093683000008, 24.999656882000068], [85.23201479900007, 25.000473769000052], [85.23240329800007, 25.000730245000057], [85.23420572700007, 25.00108595000006], [85.23471597200006, 25.001140151000072], [85.23566668400008, 25.00095291200006], [85.23665729900006, 25.00089889900005], [85.23784190300006, 25.000813064000056], [85.23787079400006, 25.001481229000035], [85.23787065400006, 25.002713492000055], [85.23766244900008, 25.004437714000062], [85.23747906900007, 25.006324509000024], [85.23755816100004, 25.00712795000004], [85.23904412400003, 25.007308616000046], [85.23978719400003, 25.007082978000028], [85.24087682800007, 25.007128201000057], [85.24241733000008, 25.007399104000058], [85.24784124400009, 25.006334292000076], [85.24834640800003, 25.00668616200005], [85.24826215800005, 25.008491676000062], [85.24818288500006, 25.010238524000044], [85.24854445300008, 25.01183185600007], [85.24886646700008, 25.013122819000046], [85.24878230400003, 25.013709610000035], [85.24995626000003, 25.014445368000054], [85.25031781900003, 25.01550155800004], [85.25047644200004, 25.016909897000062], [85.25055564000007, 25.017708812000023], [85.25057554300008, 25.01891404500003], [85.25089747500004, 25.01994762700008], [85.25109563100006, 25.02054804000005], [85.25177439900006, 25.021437217000027], [85.25175454300006, 25.021631338000077], [85.25132849800008, 25.022159459000022], [85.25084308500004, 25.022953879000056], [85.25062508100007, 25.02392879100006], [85.24995139100008, 25.025328088000037], [85.24875245300007, 25.028108547000045], [85.25095215200008, 25.028708873000028], [85.25147235900005, 25.029381434000072], [85.25186872300003, 25.030839444000037], [85.25206690900006, 25.032013004000078], [85.25309234000008, 25.030749137000043], [85.25366207000008, 25.03072203800008], [85.25418722400008, 25.030902609000066], [85.25463316900004, 25.031489343000032], [85.25549528800008, 25.033100730000058], [85.25610466400008, 25.033416699000043], [85.25749191900007, 25.03361068600003], [85.25876519500008, 25.033655809000038], [85.25899793900004, 25.032513747000053], [85.25916133400005, 25.03120924600006]]]]}}]}