{"type": "FeatureCollection", "features": [{"type": "Feature", "properties": {"OBJECTID": 175, "BLOCK_CODE": "0010", "NEAR_TOWN": "JEHANABAD", "BLK_NAME": "PALIGANJ", "DIST_NAME": "PATNA"}, "geometry": {"type": "MultiPolygon", "coordinates": [[[[84.78200194900006, 25.35831127000006], [84.78285689300003, 25.35817410900006], [84.78408600300008, 25.358909193000045], [84.78495257900005, 25.35962506800007], [84.78539969800005, 25.35962646200005], [84.78613313100004, 25.360080114000027], [84.78665285600005, 25.36057821000003], [84.78666501100008, 25.361309497000036], [84.78688608100003, 25.361946570000043], [84.78732661700008, 25.36236772700005], [84.78827206700004, 25.36195091700006], [84.78904339800005, 25.361596761000044], [84.79024107300006, 25.361474112000053], [84.79158732100007, 25.361464831000035], [84.79260081300004, 25.36144989400003], [84.79395215700004, 25.361408939000057], [84.79509905600008, 25.361570451000034], [84.79634653100004, 25.36141637700007], [84.79809523100005, 25.361390167000025], [84.79901852000006, 25.361564464000026], [84.80043367900004, 25.36172232800004], [84.80189275300006, 25.362123874000076], [84.80276110500006, 25.363742366000054], [84.80283970800008, 25.36533135600007], [84.80290949400006, 25.366631453000025], [84.80333567700006, 25.368266676000076], [84.80355122100008, 25.369102261000023], [84.80403369700008, 25.370295358000078], [84.80389696100008, 25.371008049000068], [84.80430333500004, 25.37127559700008], [84.80486778100004, 25.37178725800004], [84.80551873600007, 25.37174415100003], [84.80625254200004, 25.37216611100007], [84.80703511500008, 25.372822951000046], [84.80807534600007, 25.372284472000047], [84.80924088800003, 25.37146647000003], [84.81107206400003, 25.370632408000063], [84.81288806300006, 25.369888584000023], [84.81538019800007, 25.368993336000074], [84.81702340600003, 25.367928457000062], [84.81879102500005, 25.366814290000036], [84.82248387800007, 25.364884247000077], [84.82378648800005, 25.364576655000064], [84.82441728400005, 25.364623608000045], [84.82490015100007, 25.36432254400006], [84.82571550900008, 25.364148898000053], [84.82658178200006, 25.363618833000032], [84.82592874300008, 25.362831612000036], [84.82550791700004, 25.362428642000054], [84.82454271800003, 25.361410312000032], [84.82363636700006, 25.360653987000035], [84.82207545100005, 25.35955260000003], [84.82023585400003, 25.358599474000073], [84.81939942200006, 25.357712391000064], [84.81922368900007, 25.356854309000028], [84.81897116900006, 25.35519253500007], [84.81883628800006, 25.35402771300005], [84.81750050000005, 25.35390641400005], [84.81549481700006, 25.353589039000042], [84.81307688100009, 25.353274954000028], [84.81200295500008, 25.353538065000066], [84.81131932800008, 25.353017049000073], [84.81058849000004, 25.35182780300005], [84.80997415100006, 25.351397182000028], [84.80889549300008, 25.35158803400003], [84.80746303800004, 25.35211631800007], [84.80637950200008, 25.352293581000026], [84.80588176900005, 25.34984574200007], [84.80529819400004, 25.34779941100004], [84.80488574200007, 25.34513066200003], [84.80404928300004, 25.34296617800004], [84.80369567900004, 25.340500685000052], [84.80442263500004, 25.340010969000048], [84.80502409500008, 25.339895443000046], [84.80652419100005, 25.33985482500003], [84.80783635100005, 25.339583437000044], [84.80868588200008, 25.33951379900003], [84.81042895900003, 25.339591218000066], [84.81072079700004, 25.339917008000043], [84.81144973100004, 25.340262291000045], [84.81224986000007, 25.340129242000046], [84.81278851100006, 25.339494393000052], [84.81349860400007, 25.339532662000067], [84.81424705000006, 25.339968129000056], [84.81461938600006, 25.34002793600007], [84.81489841200005, 25.339762422000035], [84.81524314900008, 25.339185711000027], [84.81571538100008, 25.339083367000057], [84.81605689700007, 25.339422892000073], [84.81664082900005, 25.340015873000027], [84.81758299800003, 25.34043388500004], [84.81812107900004, 25.341383302000054], [84.81869595200004, 25.34173251200008], [84.81912943400005, 25.34275378700005], [84.81964937400005, 25.343202134000023], [84.82015546600007, 25.343366161000063], [84.82075650900003, 25.343336326000042], [84.82196237400007, 25.343651254000065], [84.82266067400008, 25.344230985000024], [84.82282352600004, 25.34452936300005], [84.82349662800004, 25.345217346000027], [84.82357745500008, 25.346251239000026], [84.82375283400006, 25.347244708000062], [84.82423728400005, 25.347882474000073], [84.82470713400005, 25.348479619000045], [84.82541594000008, 25.34891497800004], [84.82681916500007, 25.34817875300007], [84.82836662500006, 25.347397870000066], [84.83005815900003, 25.34662187500004], [84.83106732900006, 25.34637198100006], [84.83261770400009, 25.346155214000078], [84.83369603300008, 25.346027379000077], [84.83387527600007, 25.345878954000057], [84.83412193900006, 25.34493182400007], [84.83482430400005, 25.344338021000056], [84.83562538100006, 25.343929556000035], [84.83656172600007, 25.34316940100007], [84.83790048000003, 25.342374300000074], [84.83891542000003, 25.341889612000045], [84.83956720000003, 25.341534872000068], [84.84028451200004, 25.340914053000063], [84.84152754600007, 25.340533840000035], [84.84308294700008, 25.340267354000048], [84.84427382200005, 25.340627152000025], [84.84432037700003, 25.341557127000044], [84.84624398500006, 25.34113359400004], [84.84738326400003, 25.340545500000076], [84.84859653400008, 25.340142585000024], [84.84890186500007, 25.339425756000026], [84.84903290600005, 25.338848376000044], [84.84906441500004, 25.33832936500005], [84.84957393400003, 25.337428036000063], [84.85015036000004, 25.337348389000056], [84.85060764400004, 25.337218777000032], [84.85053063400005, 25.336478361000047], [84.85045780300004, 25.334460568000054], [84.85066884600008, 25.33371638500006], [84.85193245000005, 25.333047371000077], [84.85359863700006, 25.33231158800004], [84.85454329200007, 25.331989143000044], [84.85545890200007, 25.331427421000058], [84.85531214000008, 25.33074545900007], [84.85468828500007, 25.33016160300008], [84.85470425400007, 25.32981860500007], [84.85569843900004, 25.329554922000057], [84.85675675400006, 25.329381777000037], [84.85755622200008, 25.329429015000073], [84.85827306300007, 25.328911908000066], [84.85897551200009, 25.32821870400005], [84.85977717700007, 25.32755277600006], [84.86094570600005, 25.327104560000066], [84.86206876100005, 25.326899877000074], [84.86284157600005, 25.32748870100005], [84.86329653100006, 25.328085654000063], [84.86365324900004, 25.328379936000033], [84.86427374300007, 25.328471896000053], [84.86472511500006, 25.328649100000064], [84.86515111000006, 25.328979700000048], [84.86553711000005, 25.329422988000033], [84.86609110000006, 25.330137559000036], [84.86671224800006, 25.330017304000023], [84.86739367100006, 25.329694111000038], [84.86865060600007, 25.32953490700004], [84.87002195700006, 25.32933083900008], [84.87132330100007, 25.32927096900005], [84.87159408700006, 25.33005704800007], [84.87203211400004, 25.331344571000045], [84.87208443900005, 25.332066879000024], [84.87252518800005, 25.332496733000028], [84.87369764300007, 25.332364365000046], [84.87485516500004, 25.332236419000026], [84.87617726700006, 25.331914769000036], [84.87738427800008, 25.331841147000034], [84.87915353700004, 25.33143936600004], [84.87949359100008, 25.332315898000047], [84.87958935600005, 25.333498690000056], [84.88000936100008, 25.334212827000044], [84.88008495300005, 25.335472322000044], [84.88018798700006, 25.335896856000033], [84.88209619700007, 25.335531466000077], [84.88437734200005, 25.335063311000056], [84.88727932600005, 25.334533366000073], [84.88949470100005, 25.33442140300008], [84.89076445100005, 25.33501577900006], [84.89183915600006, 25.336029436000047], [84.89248152000005, 25.337150395000037], [84.89347482000005, 25.337152743000047], [84.89489551000008, 25.337079515000028], [84.89616641700007, 25.337263069000073], [84.89702441500003, 25.337693948000037], [84.89713665600004, 25.338389307000057], [84.89862170900005, 25.338392845000044], [84.89927369600008, 25.337902463000034], [84.89921062800005, 25.337401252000063], [84.89922788400008, 25.33657084200007], [84.89919066800007, 25.33568606800003], [84.89969365500008, 25.335226915000078], [84.90032928600004, 25.33525995800005], [84.90135771300004, 25.335113516000035], [84.90212341200004, 25.33484902400005], [84.90271025200008, 25.334566057000075], [84.90284644300004, 25.333830608000028], [84.90339469400004, 25.333127801000046], [84.90483170300007, 25.332521840000027], [84.90587565000004, 25.33219934400006], [84.90698302300007, 25.33223354100005], [84.90818432000003, 25.332425923000073], [84.90926198600005, 25.332446403000063], [84.90988636200007, 25.33294438200005], [84.91161419700006, 25.333115359000033], [84.91287032700006, 25.333262682000054], [84.91430041300003, 25.333356222000077], [84.91553271500004, 25.333146859000067], [84.91769785100007, 25.333210421000047], [84.91901940300005, 25.333037430000047], [84.92048472000005, 25.33296393100005], [84.92103190200004, 25.332662812000024], [84.92129161800005, 25.33211718900003], [84.92115069100004, 25.33094790800004], [84.92121737100007, 25.330162703000042], [84.92131829800007, 25.32956714000005], [84.92147289200005, 25.329323704000046], [84.92129527200007, 25.328894561000027], [84.92189688100007, 25.32865221700007], [84.92104603100006, 25.325553972000023], [84.92054904800005, 25.323860273000037], [84.91989276000004, 25.32231069200003], [84.91925126400008, 25.320810739000024], [84.91893171600003, 25.31960936100006], [84.91846824500004, 25.31836714700006], [84.91693291400009, 25.316869671000063], [84.91519689800003, 25.31613456100007], [84.91401597700008, 25.315806854000073], [84.91262180400008, 25.315379436000057], [84.91187355800008, 25.314822582000033], [84.91165804400003, 25.31374783800004], [84.91184008800008, 25.312543161000065], [84.91213065900007, 25.31163205200005], [84.91277791400006, 25.310983621000048], [84.91370577900005, 25.311247527000035], [84.91485303500008, 25.311150819000034], [84.91564335800007, 25.310890812000025], [84.91642905800006, 25.31046830500003], [84.91618506400005, 25.308906080000042], [84.91549300200006, 25.305957189000026], [84.91507029600007, 25.304362869000045], [84.91449700600003, 25.303382173000045], [84.91382012000008, 25.30217544100003], [84.91305172900007, 25.30173591700003], [84.91187018300008, 25.30166553300006], [84.91040054900003, 25.301662107000027], [84.91006227400004, 25.301645619000055], [84.90972039900004, 25.30162895500007], [84.90835942800004, 25.301819890000047], [84.90703398600004, 25.30172207000004], [84.90643051900008, 25.30090365500007], [84.90643189700006, 25.300416236000046], [84.90618276000004, 25.298948738000036], [84.90611590200007, 25.298005206000028], [84.90651049400003, 25.297162091000075], [84.90612098100007, 25.29621339600004], [84.90568975300005, 25.295955088000028], [84.90505189300006, 25.295041883000067], [84.90486400200007, 25.294757081000057], [84.90467611100007, 25.294472280000036], [84.90467865700003, 25.293592122000064], [84.90529135000008, 25.29287591900004], [84.90604222800005, 25.292421775000037], [84.90715442900006, 25.29242440300004], [84.90779967800006, 25.29245747300007], [84.90866028000005, 25.291877166000063], [84.90976926300004, 25.291193754000062], [84.90907893100007, 25.29130045100004], [84.90856287000008, 25.29117285500007], [84.90777461100004, 25.290778325000076], [84.90656002500003, 25.29013914500007], [84.90579172700006, 25.28969949100008], [84.90525596800006, 25.289549298000054], [84.90464537800005, 25.28954790800003], [84.90385712900007, 25.28913982000006], [84.90324418400007, 25.28820408100006], [84.90245759700008, 25.287222721000035], [84.90187004000006, 25.286065877000055], [84.90099549000007, 25.28463306900005], [84.90012991700007, 25.28348455200006], [84.89898245900008, 25.283739113000024], [84.89839082000003, 25.28403107400004], [84.89771098300008, 25.28393468300004], [84.89681928200008, 25.28327803700006], [84.89583846600004, 25.282526395000048], [84.89546332500004, 25.281780750000053], [84.89456173700006, 25.281137665000074], [84.89391624000007, 25.28118126700008], [84.89322165700008, 25.281035130000078], [84.89291499800004, 25.28064170700003], [84.89288189800004, 25.28009099800005], [84.89270525100005, 25.279372876000025], [84.89213729900007, 25.278378572000065], [84.89188107000007, 25.277700907000053], [84.89151482100004, 25.27734343800006], [84.89114847200005, 25.276985971000045], [84.89059569000005, 25.275892361000047], [84.88992087400004, 25.274098792000075], [84.88939337400006, 25.27287885000004], [84.88957701000004, 25.27118674700006], [84.88950579600004, 25.270112281000024], [84.88882837200003, 25.26919887200006], [84.88883018500007, 25.268580562000068], [84.88962380700008, 25.26711556400005], [84.89084374000004, 25.265818624000076], [84.89178041900004, 25.264615810000066], [84.89323223700006, 25.263793290000024], [84.89384329200004, 25.263600748000044], [84.89334704900006, 25.261870799000064], [84.89249361100008, 25.260045296000044], [84.89195513300007, 25.25919989600004], [84.89117568800003, 25.257568585000058], [84.89062274000008, 25.25654266400005], [84.88947621400007, 25.256539905000068], [84.88837386300008, 25.255038685000045], [84.88776526200007, 25.254387231000067], [84.88694062300004, 25.25464248700007], [84.88565500200008, 25.254706992000024], [84.88450849300006, 25.254704196000034], [84.88418827200007, 25.25388642300004], [84.88376499600008, 25.252716399000064], [84.88344392100004, 25.252191984000035], [84.88122402700003, 25.252642329000025], [84.87918250800004, 25.253192383000055], [84.87737549200006, 25.253332280000052], [84.87597998700005, 25.253590531000043], [84.87530109700003, 25.253232274000027], [84.87440598900008, 25.252187320000075], [84.87455392900006, 25.250883250000072], [84.87575923600008, 25.250452419000055], [84.87671026400005, 25.250112381000065], [84.87752560200005, 25.249645094000073], [84.87817745100006, 25.24910503700005], [84.87901801000004, 25.248515930000053], [84.87945588700006, 25.24811983400008], [84.87979549200008, 25.247443630000078], [84.87968835700008, 25.246752767000032], [84.87966558600004, 25.246062100000074], [84.87917740200004, 25.24504984500004], [84.87836460500006, 25.244655112000032], [84.87769139800008, 25.244107331000066], [84.87676903500005, 25.243861280000033], [84.87585222500007, 25.243439141000067], [84.87528348300003, 25.242796791000046], [84.87467573400005, 25.241919618000054], [84.87465290700004, 25.241256029000056], [84.87467988900005, 25.24056554400005], [84.87449328900004, 25.239919635000035], [84.87433125100006, 25.239355012000033], [84.87400930300004, 25.23913305600007], [84.87338460600006, 25.238932784000042], [84.87251622400004, 25.238930637000067], [84.87200097400006, 25.23863141000004], [84.87138264900005, 25.237988856000072], [84.87073434000007, 25.237423039000078], [84.87007149800007, 25.236717226000053], [84.86950245200006, 25.236201132000076], [84.86920579200006, 25.235852840000064], [84.86917803500006, 25.235189312000045], [84.86945216500004, 25.234819849000075], [84.86980488200004, 25.23467180600005], [84.87010363000007, 25.234374694000053], [84.87032299200007, 25.23403227800003], [84.87032526700006, 25.23331457200004], [84.87043736400005, 25.232353493000062], [84.87037083800004, 25.231405491000032], [84.87067120700004, 25.23054412700003], [84.87075306300005, 25.22975447300007], [84.87089006200006, 25.228793437000036], [84.87092327200008, 25.227683150000075], [84.87102210600005, 25.22621649100006], [84.87110526000004, 25.224984532000065], [84.87105384700004, 25.22397333300006], [84.87016098200007, 25.223849178000023], [84.86948216800005, 25.223549560000038], [84.86943464800004, 25.222858835000068], [84.86910957300006, 25.222095146000072], [84.86856936900006, 25.22187258100007], [84.86813297800006, 25.221794755000076], [84.86794580000003, 25.221374495000077], [84.86773494500005, 25.22053896600005], [84.86738928800008, 25.220032510000067], [84.86697734000006, 25.220067563000043], [84.86602449800006, 25.22011473300006], [84.86514631000006, 25.220098949000032], [84.86473789700005, 25.220576331000075], [84.86446898400004, 25.22089607600003], [84.86435817900008, 25.221414853000056], [84.86402815700006, 25.222226393000028], [84.86372743600003, 25.22316447700007], [84.86340217300005, 25.22404825500007], [84.86309833400009, 25.224395065000067], [84.86204503000005, 25.224834576000035], [84.86090317200006, 25.22500314100006], [84.85993059800006, 25.225027590000025], [84.85945327000007, 25.225333328000033], [84.85934258300006, 25.225802455000064], [84.85931560700004, 25.226465862000055], [84.85939275800007, 25.227183747000026], [84.85917198800007, 25.227945887000033], [84.85841139100006, 25.228386225000065], [84.85776048400004, 25.228632748000052], [84.85656883700005, 25.22887781000003], [84.85656710100005, 25.229419498000027], [84.85646956800008, 25.230412159000025], [84.85596829400004, 25.230428892000077], [84.85540264800005, 25.230440919000046], [84.85464793200003, 25.230556312000033], [84.85393817500005, 25.230613006000056], [84.85309409400008, 25.230764256000043], [84.85182343200006, 25.23086467400003], [84.85047328700006, 25.230991886000027], [84.84875045500007, 25.231253524000067], [84.84799097800004, 25.23132362800004], [84.84717113500005, 25.231655428000067], [84.84701149700004, 25.231921340000042], [84.84712823200005, 25.232616714000073], [84.84728470900006, 25.233334789000025], [84.84739661400005, 25.234012170000028], [84.84755320800008, 25.23468511300007], [84.84757139800007, 25.235195137000062], [84.84701956300006, 25.23548704700005], [84.84639403800008, 25.23555755500007], [84.84565478000007, 25.23552846900003], [84.84424497700007, 25.23567803000003], [84.84364844600003, 25.235987812000076], [84.84252092600008, 25.236273581000034], [84.84175113900005, 25.236465546000034], [84.84096207100004, 25.236476952000032], [84.84028303100007, 25.236208713000053], [84.83936183100008, 25.235673586000075], [84.83858414300005, 25.23525167200006], [84.83838611200008, 25.23511565900003], [84.83807964600004, 25.23476273600005], [84.83797095900007, 25.23459547400006], [84.83767986600003, 25.23410263200003], [84.83737522000007, 25.233194574000038], [84.83716854800008, 25.232679478000023], [84.83718577900004, 25.23200699100005], [84.83704369300006, 25.23143784100006], [84.83643575800005, 25.23074564600006], [84.83571219400005, 25.230450227000063], [84.83505248100005, 25.23038968900005], [84.83416916500005, 25.23038715000007], [84.83296342900007, 25.230370264000044], [84.83151976100004, 25.230262340000024], [84.83027876600005, 25.230389745000025], [84.82960415900004, 25.230302019000078], [84.82927264100005, 25.230030261000024], [84.82891135100004, 25.229744881000045], [84.82856026900004, 25.229391856000063], [84.82822428700007, 25.228966616000037], [84.82760588400004, 25.22841415000005], [84.82736530300008, 25.22767777300004], [84.82690109800006, 25.227017440000054], [84.82643653500008, 25.226492593000046], [84.82579318500007, 25.22597617100007], [84.82500548800004, 25.225608287000057], [84.82362208100005, 25.225324439000076], [84.82329532700004, 25.225097832000074], [84.82285207500007, 25.22556595900005], [84.82180471800007, 25.225680268000076], [84.82082198600006, 25.22574964000006], [84.82037147700004, 25.225441413000055], [84.82033813600003, 25.225053152000044], [84.81990697300006, 25.224898402000065], [84.81952053000003, 25.224721260000024], [84.81910498300005, 25.224354473000062], [84.81856065700003, 25.223928604000037], [84.81741219500003, 25.223171465000064], [84.81681858200005, 25.22264618300005], [84.81606534600007, 25.222377662000042], [84.81532686800006, 25.222140728000056], [84.81471726800004, 25.22193588500005], [84.81397383600006, 25.22169900700004], [84.81349403300004, 25.221259694000025], [84.81299187300004, 25.220165980000047], [84.81297868600006, 25.21968296600005], [84.81300999100006, 25.219236237000075], [84.81270308800003, 25.21904122600006], [84.81253114100008, 25.218571342000075], [84.81204697500004, 25.217969607000043], [84.81166723100006, 25.21733653600006], [84.81106268200006, 25.217109050000033], [84.81045253400004, 25.217080209000073], [84.80937604500008, 25.217004789000043], [84.80836441300005, 25.216866287000073], [84.80731734100004, 25.216908286000034], [84.80667155200007, 25.21711400500004], [84.80657660300005, 25.217303267000034], [84.80638083300005, 25.21791654900005], [84.80632926800007, 25.218458029000033], [84.80615833600007, 25.21908039300007], [84.80594721700004, 25.21981093000005], [84.80544970300008, 25.220175055000027], [84.80448120200003, 25.22044741900004], [84.80383584900005, 25.220522241000026], [84.80343422300007, 25.22067241800005], [84.80341318300003, 25.22068028500007], [84.80275681100005, 25.22115987600006], [84.80167970200006, 25.221260421000068], [84.80073661900008, 25.22133884300007], [84.79942989100005, 25.221817830000077], [84.79846629300005, 25.22208116300004], [84.79728878300006, 25.222501881000028], [84.79664308100007, 25.222675872000025], [84.79558017400007, 25.222947972000043], [84.79480077300008, 25.223071943000036], [84.79357811800008, 25.223596258000043], [84.79252981300004, 25.22395860100005], [84.79175570000007, 25.223969757000077], [84.79130466300006, 25.223823924000044], [84.79045720300007, 25.223541433000037], [84.78978971100008, 25.22291647800006], [84.78925976900007, 25.222653077000075], [84.78855536000003, 25.222605697000063], [84.78776623400006, 25.222634796000023], [84.78679873200008, 25.22263182900008], [84.78565713100005, 25.22270045500005], [84.78463307400006, 25.223202720000074], [84.78376336300005, 25.22357910200003], [84.78275934600003, 25.224000241000056], [84.78218718500005, 25.22442268100008], [84.78166983900007, 25.224745987000063], [84.78065236000003, 25.22481497900003], [84.77984885100005, 25.224722176000057], [84.77936808800007, 25.224585239000078], [84.77914406000008, 25.224765112000057], [84.77862815100008, 25.224736367000048], [84.77758104000003, 25.22476011300006], [84.77656789600007, 25.225005126000042], [84.77566467100007, 25.225015763000044], [84.77477105300005, 25.225148312000044], [84.77471869800007, 25.224561334000043], [84.77457616600003, 25.224222390000023], [84.77431962100007, 25.223842387000047], [84.77373998400003, 25.223605793000047], [84.77303086200004, 25.223486191000063], [84.77205884500006, 25.223343099000033], [84.77190066900005, 25.223184593000042], [84.77177317500008, 25.222787070000038], [84.77143739600007, 25.222375244000034], [84.77087226800006, 25.222242446000052], [84.77032650300004, 25.222227211000074], [84.76995501700009, 25.222063486000025], [84.76968325900003, 25.22175568700004], [84.76942638000008, 25.221474967000063], [84.76868835000005, 25.22113861100007], [84.76791537800005, 25.220856191000053], [84.76733214600006, 25.220285647000026], [84.76700004500003, 25.22020331400006], [84.76626142300006, 25.22002481900006], [84.76553708900008, 25.219990842000072], [84.76474822200004, 25.21997478000003], [84.76414767500006, 25.220013428000073], [84.76373519800006, 25.220179], [84.76291010100005, 25.220555457000046], [84.76199162700004, 25.220683355000062], [84.76075511600004, 25.220927491000054], [84.76030858400009, 25.220912485000042], [84.75959805100007, 25.221162820000075], [84.75849135800007, 25.22119526800003], [84.75725576500008, 25.221227248000048], [84.75565310000007, 25.22122195700007], [84.75507840100005, 25.220994352000048], [84.75504174100007, 25.22024949300004], [84.75504535100004, 25.219351251000035], [84.75443458700005, 25.21822533200003], [84.75443783600008, 25.217440012000054], [84.75431648200004, 25.216767100000027], [84.75357843700004, 25.216466684000068], [84.75201599100006, 25.216348593000077], [84.75094975600007, 25.216196013000058], [84.74982931400007, 25.215971136000064], [84.74913925400006, 25.216077124000037], [84.74872775700004, 25.21599893700005], [84.74872878500008, 25.215737166000054], [84.74873094100008, 25.215213620000043], [84.74886267100004, 25.21455053300008], [84.74853059700007, 25.214468160000024], [84.74787146200003, 25.214351240000042], [84.74786148700008, 25.21435136200006], [84.74471592100008, 25.214389949000065], [84.74351027300008, 25.214345753000032], [84.74297421000006, 25.214143075000038], [84.74297856500004, 25.213574335000033], [84.74279975900004, 25.21337139700006], [84.74279945500007, 25.213087010000038], [84.74271424800008, 25.21215271600005], [84.74271860200008, 25.211583975000053], [84.74200846300005, 25.210848872000042], [84.74075731000005, 25.209951571000033], [84.73962533900004, 25.20919419100005], [84.73855812900007, 25.208621779000055], [84.73758007600009, 25.20788684200005], [84.73686975900006, 25.20694846300006], [84.73629336100004, 25.205973933000053], [84.73562754200003, 25.204954429000054], [84.73442557700008, 25.203366501000062], [84.73326457500008, 25.203322152000055], [84.73237194800004, 25.20368393700005], [84.73094334300004, 25.204005455000072], [84.72825993300006, 25.204684404000034], [84.72600318800005, 25.205385555000078], [84.72649028400008, 25.206441406000067], [84.72764737900008, 25.20779471700007], [84.72808548100005, 25.209541219000073], [84.72897048700008, 25.211738699000023], [84.72882764900004, 25.21303877200006], [84.72641626500007, 25.212864384000056], [84.72422822900006, 25.212978682000028], [84.72306766700007, 25.213503122000077], [84.72192687300003, 25.213883002000046], [84.72161494900007, 25.21469559700006], [84.72290077400004, 25.215714846000026], [84.72227620400008, 25.21640592400007], [84.72267340700006, 25.216816348000066], [84.72343291800007, 25.217267201000027], [84.72508103300004, 25.218245634000027], [84.72748399700004, 25.21999975700004], [84.72832869000007, 25.221303653000064], [84.72890487100005, 25.222038945000065], [84.72965963800004, 25.222647766000023], [84.73171396800007, 25.22281782400006], [84.73436866800006, 25.222806857000023], [84.73794132600005, 25.222858291000023], [84.73919215100005, 25.223308770000074], [84.74057206300006, 25.22384931600004], [84.74150628700005, 25.22531101900006], [84.74297143900003, 25.226618770000073], [84.74453503200004, 25.22715015700004], [84.74618279000003, 25.227523490000067], [84.74671936000004, 25.228213608000033], [84.74738531600008, 25.229151917000024], [84.74786698400004, 25.22968836700005], [84.74788329200004, 25.229692631000034], [84.74860648600009, 25.229873164000026], [84.74978204000007, 25.229980966000028], [84.75000977000008, 25.23012621600003], [84.74984588400008, 25.231380439000077], [84.74976992400008, 25.23296894400005], [84.74974085000008, 25.23399790700006], [84.74973566800008, 25.235275256000023], [84.74978083800005, 25.23636769700005], [84.74993659800003, 25.237108438000064], [84.75079358200009, 25.23748138700006], [84.75174656400003, 25.237439532000053], [84.75328296400005, 25.237945696000054], [84.75510229900004, 25.23841672700007], [84.75634610300006, 25.238876771000037], [84.75754051000007, 25.239268883000022], [84.75810292900007, 25.23884196000006], [84.75830888800004, 25.238228810000066], [84.75840057700003, 25.237633353000035], [84.75858136500005, 25.237105889000077], [84.75858415500005, 25.236428803000024], [84.75883548800005, 25.23563080100007], [84.75946749100007, 25.235185985000044], [84.76050124200003, 25.23477873300004], [84.76152548100004, 25.234303707000038], [84.76229091200008, 25.233981225000036], [84.76240053600003, 25.233868718000053], [84.76251512700009, 25.233756336000056], [84.76289997100008, 25.233080576000077], [84.76294747200006, 25.23236757600006], [84.76310916900007, 25.231632369000067], [84.76320083100006, 25.231036907000032], [84.76360391200006, 25.230753836000076], [84.76448162700007, 25.230919224000047], [84.76571695600006, 25.230986477000044], [84.76670465200004, 25.230926514000032], [84.76778700700004, 25.230790137000042], [84.76923727500008, 25.230478950000077], [84.77013589700005, 25.230360004000033], [84.77083038000006, 25.230425457000024], [84.77125709700005, 25.230426769000076], [84.77242788400008, 25.230511798000066], [84.77332493800003, 25.230799121000075], [84.77424610400004, 25.23127145500007], [84.77471561100003, 25.231746935000047], [84.77495003000007, 25.232722565000074], [84.77487670700003, 25.23372435300007], [84.77505006400008, 25.235074488000066], [84.77531381500006, 25.236176674000035], [84.77565741500007, 25.237152710000032], [84.77601878400003, 25.237375031000056], [84.77640232100003, 25.237010656000052], [84.77653788900005, 25.236600328000065], [84.77711835100007, 25.236642838000023], [84.77792668900008, 25.23678984600008], [84.77842148600007, 25.237179621000053], [84.77848892000009, 25.237689782000075], [84.77891476600007, 25.237957444000074], [84.77972332300004, 25.238023206000037], [84.78160863500005, 25.238151134000077], [84.78360862300008, 25.23813937700004], [84.78483533100007, 25.237908538000056], [84.78616073600006, 25.237790864000033], [84.78714674500003, 25.238204663000033], [84.78774965900004, 25.23886100200008], [84.78833313700005, 25.239436066000053], [84.78882659100003, 25.24017333200004], [84.78897761900004, 25.24092753900004], [84.78910661000003, 25.24225950600004], [84.78924315800003, 25.242891764000035], [84.78938470800006, 25.243519632000073], [84.78938194200003, 25.244255293000037], [84.78966790900006, 25.24474819200003], [84.79032029100006, 25.24548597000006], [84.79058580700007, 25.246141221000073], [84.79037787200008, 25.24732317300004], [84.79079075400006, 25.248398614000052], [84.79094234400003, 25.24901299800007], [84.79093938500006, 25.249789278000037], [84.79095279500007, 25.250191048000033], [84.79064406700007, 25.250451836000025], [84.79045991000004, 25.250604702000032], [84.79026306800006, 25.25146618100007], [84.79004701400004, 25.252160639000067], [84.79007167300006, 25.253523822000034], [84.79010260600006, 25.254534910000075], [84.79019444500005, 25.255216805000032], [84.78974225500008, 25.25533274000003], [84.78866494900007, 25.255419651000068], [84.78820704900005, 25.25574315800003], [84.78814144900008, 25.25603630200004], [84.78758861000006, 25.25654011900008], [84.78667523600006, 25.25656429600008], [84.78625237600005, 25.256833851000067], [84.78615070600006, 25.25745182600008], [84.78604822300008, 25.258313603000033], [84.78556015700008, 25.258754442000054], [84.78446721500006, 25.259003711000048], [84.78287338400008, 25.259147609000024], [84.78111666700005, 25.25905182100007], [84.77964900200004, 25.25866343900003], [84.77795915600007, 25.257976507000024], [84.77747441500009, 25.257532639000033], [84.77696162800004, 25.256659914000068], [84.77679593500005, 25.255869501000063], [84.77614732700005, 25.255452140000045], [84.77477786600008, 25.255357509000078], [84.77401296500005, 25.255490405000046], [84.77433315100006, 25.256114339000078], [84.77358419400008, 25.25726734500006], [84.77260500700004, 25.257620776000067], [84.77208533500004, 25.257230922000076], [84.77075185800004, 25.256811338000034], [84.76892411400007, 25.257134886000074], [84.76768878200005, 25.256981910000036], [84.76594660300003, 25.256989755000063], [84.76568057300005, 25.25900645100006], [84.76489621500008, 25.259030951000057], [84.76463672400007, 25.259386685000038], [84.76446887100008, 25.26039264900004], [84.76451335800004, 25.261697192000042], [84.76435634800004, 25.26249109300005], [84.76441806500003, 25.263199894000024], [84.76412318500007, 25.26370443600007], [84.76281777300005, 25.263700098000072], [84.76192469900008, 25.26359337400004], [84.76056455300005, 25.26362044700005], [84.75916638300004, 25.263232130000063], [84.75701699600006, 25.26328369600003], [84.75554834900004, 25.26312977500004], [84.75382575700007, 25.263187256000037], [84.75382275200008, 25.26392742400003], [84.75342889400008, 25.264336809000042], [84.75280795800006, 25.26445661400004], [84.75026660500004, 25.264448001000062], [84.75029897500008, 25.26503936200004], [84.75045752000005, 25.266312776000063], [84.75003272500004, 25.267024433000074], [84.74892034000004, 25.267138018000026], [84.74800559200008, 25.26723465400005], [84.74771748700005, 25.267265089000034], [84.74736964400006, 25.26762926200007], [84.74695946300005, 25.268399679000026], [84.74680626900005, 25.269441726000025], [84.74654660100003, 25.269810970000037], [84.74614442000006, 25.269841159000066], [84.74536576500003, 25.269671524000046], [84.74451739900007, 25.26956931500007], [84.74422037600004, 25.26936521300007], [84.74392864400005, 25.269093352000027], [84.74315528900007, 25.268856038000024], [84.74226767600004, 25.26861825800006], [84.74189668400004, 25.268314561000068], [84.74074062000005, 25.266997170000025], [84.73912605500004, 25.264942492000046], [84.73806023900005, 25.263426711000022], [84.73758191400003, 25.262684876000037], [84.73732731000007, 25.261844471000074], [84.73720328100006, 25.260629852000022], [84.73717500600003, 25.257908118000046], [84.73722591600006, 25.255094373000077], [84.73722669700004, 25.255051227000024], [84.73715845700008, 25.253570584000045], [84.73701013600004, 25.25343467500005], [84.73660318800006, 25.25343321500003], [84.73601181000004, 25.253598190000048], [84.73516195000008, 25.253866016000075], [84.73296063300006, 25.254494710000074], [84.73114749700005, 25.254858530000035], [84.72893172200008, 25.255351675000043], [84.72784119000005, 25.255607360000056], [84.72582162300006, 25.25608085500005], [84.72437993100004, 25.256612846000053], [84.72397187700005, 25.25685064700008], [84.72365631000008, 25.257517550000046], [84.72361376400005, 25.258189849000075], [84.72379845100005, 25.259097702000076], [84.72405223500004, 25.26010511900006], [84.72400959200007, 25.26077751200006], [84.72386427700008, 25.261115510000025], [84.72334117900004, 25.261551504000067], [84.72219599600004, 25.262386905000028], [84.72176818700007, 25.262583951000067], [84.72128706900008, 25.26251904700007], [84.72073659100005, 25.26241324700004], [84.72003230800004, 25.262275294000062], [84.71892675100008, 25.26196896700003], [84.71789432900005, 25.261965236000037], [84.71611627800007, 25.26222963400005], [84.71445304400004, 25.262322905000076], [84.71317848600006, 25.26220814100003], [84.71288518900008, 25.262181731000055], [84.71222096600007, 25.26197621700004], [84.71170141500005, 25.261604213000055], [84.71037446900004, 25.260859193000044], [84.70879001500003, 25.259982282000067], [84.70834780700005, 25.260079991000055], [84.70760612900006, 25.26054661200004], [84.70627281200007, 25.26125029800005], [84.70557217300006, 25.26141479000006], [84.70501725200006, 25.26120960800006], [84.70429945000006, 25.260769099000072], [84.70316206000007, 25.259826152000073], [84.70246026600006, 25.259151045000067], [84.70246205700005, 25.258744764000028], [84.70287012400007, 25.25851162500004], [84.70353610500007, 25.25831099100003], [84.70379697500005, 25.25770712800005], [84.70357734300006, 25.25686680700005], [84.70310344900008, 25.25629179500004], [84.70243948400008, 25.25602305500007], [84.70140224700003, 25.25601917800003], [84.70110984600007, 25.255918829000052], [84.70042626400004, 25.25560932600007], [84.69938988500007, 25.255402434000075], [84.69798514500008, 25.255428747000053], [84.69758381500003, 25.255260231000022], [84.69673122200004, 25.25502232900004], [84.69636381600003, 25.255052533000026], [84.69573217100003, 25.25535257100006], [84.69477287600006, 25.25565139400004], [84.69329192700008, 25.25605203500004], [84.69262440700004, 25.256586604000063], [84.69187984600006, 25.257694118000074], [84.69123338200006, 25.257957932000068], [84.69054945700003, 25.258187806000024], [84.69034353900008, 25.258257017000062], [84.68849445600006, 25.25885478600003], [84.68723523600005, 25.25959023000007], [84.68702367900005, 25.259886127000073], [84.68690055200005, 25.260058340000057], [84.68674914000007, 25.260594854000033], [84.68674549400004, 25.26140280900006], [84.68709154400005, 25.26278074100003], [84.68734371800008, 25.26405901100003], [84.68735500400004, 25.264068438000038], [84.68778875800007, 25.264430771000036], [84.68841093400005, 25.265137268000046], [84.68926576600006, 25.268164565000063], [84.68977565400007, 25.269543145000057], [84.69102337300006, 25.271330653000064], [84.69179389400006, 25.272173086000066], [84.69205619300004, 25.272341132000065], [84.69245823200004, 25.272342584000057], [84.69301501100006, 25.272177723000027], [84.69353258700005, 25.271877290000077], [84.69490544300004, 25.271277603000044], [84.69604859900005, 25.270943466000062], [84.69704634900006, 25.270947198000044], [84.69813875700004, 25.27088358800006], [84.70009799600007, 25.271224853000035], [84.70179379800004, 25.271637358000078], [84.70282479400004, 25.271975265000037], [84.70434177300007, 25.272418681000033], [84.70529867200008, 25.272688462000076], [84.70629455600005, 25.27309841600004], [84.70674062400008, 25.273267024000063], [84.70684619800005, 25.27407534400004], [84.70689527700006, 25.275316745000055], [84.70728848500005, 25.27844149400005], [84.70746123200007, 25.280897527000036], [84.70764524500004, 25.28194078300004], [84.70780731300005, 25.282343094000055], [84.70784323600003, 25.282358255000076], [84.70884297200007, 25.28278018800006], [84.70935803500004, 25.283052875000067], [84.70943100400007, 25.28338716500008], [84.70965378700004, 25.283523321000075], [84.71013042700008, 25.283525131000033], [84.71101853100004, 25.283632123000075], [84.71264733600003, 25.28353432800003], [84.71277953200007, 25.283523784000067], [84.71427132400004, 25.28340479900004], [84.71586018500005, 25.283347417000073], [84.71656432200007, 25.283516891000033], [84.71680180500005, 25.283716410000068], [84.71728082300007, 25.28429131300004], [84.71761185100007, 25.28466259100003], [84.71823667900009, 25.284831894000035], [84.71894074300008, 25.285037552000063], [84.71993884300008, 25.284973441000034], [84.72104567100007, 25.28504507200006], [84.72189524000004, 25.284881133000056], [84.72304254400007, 25.28478141900007], [84.72396633300008, 25.284685473000025], [84.72415003700007, 25.28475301000003], [84.72433805300005, 25.284822132000045], [84.72496289200006, 25.284991407000064], [84.72557177600004, 25.28539526800006], [84.72620009700006, 25.285902967000027], [84.72629162600003, 25.286055102000034], [84.72638247300006, 25.286206100000072], [84.72638084000005, 25.286576181000044], [84.72619400400004, 25.287315679000073], [84.72600346900003, 25.288926399000047], [84.72607370500003, 25.289901548000046], [84.72630939200008, 25.29050714600004], [84.72667240600003, 25.29269295000006], [84.72648336100008, 25.293938011000023], [84.72613981100005, 25.29649144900003], [84.72584012500005, 25.296896589000028], [84.72543312800008, 25.296859088000076], [84.72378964700005, 25.296884798000065], [84.72094472100008, 25.296874625000044], [84.71939059800007, 25.296900605000076], [84.71843178100005, 25.297032582000043], [84.71802312900007, 25.297365140000068], [84.71791265800005, 25.297671580000042], [84.71801982800008, 25.298141396000062], [84.71819996300007, 25.298950008000077], [84.71786568300007, 25.299318887000027], [84.71694007500008, 25.299816555000064], [84.71545911500004, 25.300113597000063], [84.71494153000003, 25.30038250900003], [84.71362665100008, 25.301316546000066], [84.71088300900004, 25.30308932400004], [84.70873783600007, 25.30425944800004], [84.70828863600008, 25.304763395000066], [84.70737738300005, 25.306466141000044], [84.70507246100004, 25.310023197000078], [84.70205126000008, 25.314927230000023], [84.70710949800008, 25.316457928000034], [84.70906749800008, 25.317241446000025], [84.70978656900007, 25.317478831000074], [84.71185790400006, 25.31846128600006], [84.71403228300005, 25.31975102000007], [84.71676403000004, 25.32191391500004], [84.71831106100007, 25.323603019000075], [84.71965429300008, 25.325322994000032], [84.72039072000007, 25.32613353000005], [84.72156509000007, 25.327889021000033], [84.72263670100006, 25.329305516000034], [84.72464335400008, 25.331533371000035], [84.72611630300008, 25.33318597500005], [84.72674338100006, 25.33403222900006], [84.72769910900007, 25.335850055000037], [84.72860020100006, 25.33767221000005], [84.72903758800004, 25.338747931000057], [84.72947304100006, 25.340297607000025], [84.72979558300005, 25.342690869000023], [84.73014375700006, 25.34373477300005], [84.73072266900004, 25.346598338000035], [84.73167764500005, 25.348619213000063], [84.73217499000003, 25.34963194200003], [84.73276008100004, 25.35104672600005], [84.73331226500005, 25.35202361100005], [84.73400584700005, 25.353641819000075], [84.73420523400006, 25.354653601000052], [84.73420252900007, 25.35528993400004], [84.73389705600005, 25.357040131000076], [84.73378121000007, 25.358587831000023], [84.73387080100008, 25.359730048000074], [84.73419971400006, 25.36064292700007], [84.73654993600007, 25.365227743000048], [84.73803804300007, 25.368126095000036], [84.73869999600004, 25.369004011000072], [84.74064899800004, 25.372206324000047], [84.74231986200004, 25.375376046000042], [84.74423715600005, 25.377874060000067], [84.74554733300005, 25.379426644000034], [84.74624412500003, 25.380336244000034], [84.74705485600003, 25.381313904000024], [84.74786598300005, 25.38161082700003], [84.74841234400003, 25.38104773200007], [84.74986647700007, 25.380231301000038], [84.75154937800005, 25.379379390000054], [84.75424616200007, 25.378400141000043], [84.75606357300006, 25.377426824000054], [84.75739842700006, 25.376605321000056], [84.75984305200006, 25.375300066000023], [84.76100710800006, 25.374942840000074], [84.76238079400008, 25.374311001000024], [84.76440104200003, 25.373509820000038], [84.76589919200006, 25.37283774800005], [84.76651243700007, 25.372293615000046], [84.76737443400003, 25.371646517000045], [84.76828056000005, 25.371152953000035], [84.76951494400004, 25.370565758000055], [84.76969586900003, 25.37005176300005], [84.76997145500007, 25.369461460000025], [84.77053922800008, 25.369093219000035], [84.77151514500008, 25.368536706000043], [84.77276470600003, 25.367854717000057], [84.77379524200006, 25.367298349000066], [84.77431926100007, 25.366695229000072], [84.77430703900006, 25.366009164000047], [84.77394795700008, 25.365091767000024], [84.77366268700007, 25.36437322200004], [84.77378301100003, 25.364093798000056], [84.77433035800004, 25.363847269000075], [84.77493258200008, 25.363569394000024], [84.77492445600006, 25.363104495000073], [84.77482761800007, 25.362467817000038], [84.77498315700007, 25.362062064000042], [84.77535831600005, 25.361395284000025], [84.77642439100003, 25.360622400000068], [84.77737979800008, 25.360205719000078], [84.77804177600007, 25.359864841000046], [84.77929087000007, 25.359309155000062], [84.77999325800005, 25.358796839000036], [84.78093802300003, 25.358538122000027], [84.78200194900006, 25.35831127000006]]]]}}, {"type": "Feature", "properties": {"OBJECTID": 176, "BLOCK_CODE": "0011", "NEAR_TOWN": "MASAURHI", "BLK_NAME": "MASAURHI", "DIST_NAME": "PATNA"}, "geometry": {"type": "MultiPolygon", "coordinates": [[[[85.06477934900005, 25.418490863000045], [85.06515856800007, 25.417493898000032], [85.06626041900006, 25.41512561600007], [85.06626268500008, 25.41363167700007], [85.06620027100007, 25.408892406000064], [85.06638044400006, 25.404776232000074], [85.06397982200008, 25.404994445000057], [85.06192308300007, 25.404617147000067], [85.06151165600005, 25.40396215100003], [85.06209460200006, 25.40299703100004], [85.06387981200004, 25.402186879000055], [85.06631597300003, 25.40137745000004], [85.06610851600004, 25.400537689000032], [85.06563303200005, 25.39947644500006], [85.06474157100007, 25.397511886000075], [85.06358299000004, 25.394802334000076], [85.06341490000005, 25.394228911000027], [85.06280558800006, 25.39304106700007], [85.06240491700004, 25.391821910000033], [85.06276941500005, 25.390703020000046], [85.06349625900003, 25.389814783000077], [85.06386200200006, 25.387775073000057], [85.06317342500006, 25.386456277000036], [85.06132904800006, 25.38389019600004], [85.06061170900006, 25.38191236600005], [85.05985205900004, 25.381550264000055], [85.05854537700003, 25.381580194000037], [85.05852167200004, 25.38080386100006], [85.05919419100007, 25.37968081500003], [85.06084123800008, 25.37805359600003], [85.06013535100004, 25.375100821000046], [85.05879666100003, 25.37340195300004], [85.05737827500008, 25.371806795000055], [85.05625670100005, 25.371029062000048], [85.05401590600007, 25.371161440000037], [85.05233667900006, 25.371190849000072], [85.05162716100006, 25.370648222000057], [85.05054829900007, 25.368101081000077], [85.05174917200009, 25.365895656000077], [85.05204826600004, 25.36525053400004], [85.05063051500008, 25.36338452700005], [85.04884050000004, 25.364397696000026], [85.04777328600005, 25.363895159000037], [85.04646525800007, 25.361794564000036], [85.04591684900004, 25.360038080000038], [85.04567780100007, 25.35743344100007], [85.04499137500005, 25.35499062200006], [85.04413008600005, 25.353202037000074], [85.04327431000007, 25.35109755800005], [85.04185969000008, 25.350499727000056], [85.04042759000004, 25.348498154000026], [85.03898083400009, 25.34642437800005], [85.03857201100004, 25.344419814000048], [85.03857687100003, 25.341598802000078], [85.03826817100008, 25.33921521900004], [85.04116830900006, 25.33941341700006], [85.04285675500006, 25.339605403000064], [85.04523619200006, 25.339355925000064], [85.04493376700003, 25.336065163000058], [85.04386193900007, 25.335526555000058], [85.04393639300008, 25.332579296000063], [85.04801910900005, 25.33238180400008], [85.04842638600007, 25.32935830200006], [85.05161074200004, 25.32879837100006], [85.05208433200005, 25.330699226000036], [85.05233512900008, 25.332292918000064], [85.05299472300004, 25.332826398000066], [85.05408718600006, 25.332963275000054], [85.05500576500003, 25.333095317000073], [85.05518290800006, 25.33412923700007], [85.05533003300008, 25.33531646700004], [85.05781369300007, 25.335021856000026], [85.06370454600005, 25.33465929600004], [85.06473322000005, 25.334294956000065], [85.06549900300007, 25.333664104000036], [85.06605201200006, 25.332468638000023], [85.06685861600005, 25.331169741000053], [85.06678625600006, 25.329738865000024], [85.06598818100008, 25.325413833000027], [85.06566277100006, 25.323815592000074], [85.06975996400007, 25.32375298100004], [85.07253609400004, 25.323657068000045], [85.07505848100004, 25.32392639300008], [85.07619512200006, 25.32432497800005], [85.07694219900003, 25.322791180000024], [85.07725666700009, 25.321663157000046], [85.07725806300004, 25.320679213000062], [85.07710539800007, 25.319740194000076], [85.07633170100007, 25.319084834000023], [85.07555841900006, 25.318099923000034], [85.07550943700005, 25.317585309000037], [85.07643909400008, 25.316882344000078], [85.07757234300004, 25.316134388000023], [85.07880968200004, 25.315476861000036], [85.07922349800003, 25.314353494000045], [85.07907116800004, 25.313134571000035], [85.07649812700004, 25.310269942000048], [85.07598362200008, 25.30891082200003], [85.07459569500008, 25.307225539000058], [85.07410113500003, 25.30587543000007], [85.07428776000006, 25.30381290400004], [85.07458397500005, 25.30158358400007], [85.07418269100003, 25.300919604000057], [85.07367284600008, 25.299822162000055], [85.07352673400004, 25.29785857400003], [85.07331106000004, 25.295926458000054], [85.07144593600003, 25.294795832000034], [85.06954941100008, 25.294761933000075], [85.06808413400006, 25.295157276000054], [85.06746249800005, 25.295820012000036], [85.06640001600005, 25.295818749000034], [85.06563555400004, 25.29575008000006], [85.06391788500008, 25.29561254500004], [85.06329302500006, 25.29514676900004], [85.06223870200006, 25.293051122000065], [85.06121862800006, 25.291321185000072], [85.06060203100003, 25.288752101000057], [85.05806965100004, 25.28900611100005], [85.05666030300006, 25.28859806300005], [85.05603565000007, 25.288087215000076], [85.05628131000003, 25.28653034000007], [85.05636857000007, 25.28473852600007], [85.05608646200005, 25.284169433000045], [85.05446023900004, 25.28283122600004], [85.05335385200004, 25.282464196000035], [85.05249030500005, 25.282300517000067], [85.05152197600006, 25.28246177400007], [85.05101977100009, 25.282953021000026], [85.05061615300008, 25.283832665000034], [85.04983090300004, 25.284377712000037], [85.04810303900007, 25.28454233700006], [85.04607257800006, 25.284557649000078], [85.04498606700008, 25.28411374500007], [85.04454702800007, 25.282447667000042], [85.04350696700004, 25.280965739000067], [85.04219731600006, 25.280413218000035], [85.04106983400004, 25.28077723800004], [85.04024432300008, 25.281620111000052], [85.03970297200004, 25.28176380800005], [85.03942034200008, 25.281542200000047], [85.03934273000004, 25.280499475000056], [85.03927015600004, 25.27649131000004], [85.03337759100003, 25.276609119000057], [85.03217164200004, 25.276368129000048], [85.03076426900003, 25.275011978000066], [85.02990406900005, 25.273051734000035], [85.02958406000005, 25.27157082900004], [85.03000813900007, 25.270384338000042], [85.03031163800006, 25.270001197000056], [85.02886224600007, 25.269940318000067], [85.02228998600003, 25.270020558000056], [85.02043898600004, 25.26970626700006], [85.02009837200006, 25.268735328000048], [85.01929933600007, 25.26599433100006], [85.01831487400005, 25.26423247200006], [85.01547528200007, 25.264431100000024], [85.01280442400008, 25.26466602800008], [85.01016879500008, 25.26462116600004], [85.00976562700004, 25.265207257000043], [85.00877513100005, 25.26657327500004], [85.00859370300003, 25.267981189000068], [85.00830758600006, 25.269555964000062], [85.00846344500007, 25.27107279100005], [85.00902859000007, 25.27143931200004], [85.01111819300007, 25.271551045000024], [85.01353028200003, 25.271794148000026], [85.01708977300007, 25.271574180000073], [85.01689088600006, 25.271795032000057], [85.01712759100008, 25.272616823000078], [85.01754694500005, 25.273971576000065], [85.01774891700006, 25.274775333000036], [85.01841118800007, 25.276292968000064], [85.01898864200007, 25.278067729000043], [85.01904570400006, 25.279399307000062], [85.01938567800005, 25.280790056000058], [85.02018805800003, 25.28174363200003], [85.02072846400006, 25.28214618800007], [85.02074745900006, 25.282584061000023], [85.02036479300006, 25.28282266000008], [85.01939641600006, 25.28296557300007], [85.01776794200003, 25.283089430000075], [85.01748962400006, 25.283219925000026], [85.01747908300007, 25.283558365000033], [85.01746854500004, 25.283896897000034], [85.01762355300008, 25.285923785000023], [85.01756099200009, 25.287480824000056], [85.01759951300005, 25.288099224000064], [85.01689283200005, 25.289014372000054], [85.01600746300005, 25.289852505000056], [85.01604595300006, 25.290493561000062], [85.01578106200003, 25.291445513000042], [85.01544106400007, 25.292668090000063], [85.01491351300007, 25.293362374000026], [85.01404849200009, 25.29394775700007], [85.01205759500004, 25.293926524000028], [85.01127426400006, 25.293392638000057], [85.00767404700008, 25.29371627100005], [85.00537987900003, 25.293947160000073], [85.00507566600004, 25.29462369400005], [85.00468787100004, 25.29734476300007], [85.00442137800007, 25.299009771000044], [85.00441814000004, 25.300634683000055], [85.00521925200007, 25.302265479000027], [85.00528125800008, 25.303542911000022], [85.00503663400008, 25.304160874000047], [85.00368932600009, 25.305038713000044], [85.00339439600003, 25.305995102000054], [85.00309709200008, 25.308197290000066], [85.00291330600004, 25.31067035500007], [85.00285162700004, 25.311694914000043], [85.00312161400007, 25.313238973000068], [85.00348176700004, 25.314386031000026], [85.00387134200008, 25.315772329000026], [85.00417243100009, 25.31665752200007], [85.00342678600003, 25.317067030000032], [85.00137501500006, 25.317501382000046], [84.99960145000006, 25.317872944000044], [84.99791668100005, 25.31851552100005], [84.99724626200003, 25.318532445000073], [84.99610870900005, 25.318720074000055], [84.99478602300007, 25.319561844000077], [84.99423607400007, 25.318942529000026], [84.99374748300005, 25.31748830400005], [84.99344310400005, 25.315813184000035], [84.99331511300005, 25.315298429000052], [84.99321804600004, 25.314246576000073], [84.99293999400004, 25.311871948000032], [84.99303725200008, 25.31046395100003], [84.99296452800007, 25.309615216000054], [84.99262231900008, 25.309465715000044], [84.99161446300008, 25.30937367000007], [84.99050753200004, 25.30920919600004], [84.99015137300006, 25.308540614000037], [84.98985914600007, 25.308215064000024], [84.98777396800006, 25.308062455000027], [84.98507762700007, 25.308143332000043], [84.98372708400007, 25.308122861000072], [84.98320601200004, 25.307945938000046], [84.98296439700005, 25.30717363800005], [84.98296716200008, 25.305945975000043], [84.98259315200005, 25.30438809800006], [84.98231424700003, 25.302532539000026], [84.98184087500005, 25.301006037000036], [84.98165574300003, 25.299398887000052], [84.98190096700006, 25.29852822500004], [84.98210151300003, 25.297639381000067], [84.98222760400006, 25.29671434200003], [84.98219640300005, 25.295084924000037], [84.98223758800003, 25.29449820800005], [84.98227845500008, 25.293916041000045], [84.98218974500008, 25.293586326000025], [84.98235438300009, 25.293230135000044], [84.98235570200006, 25.292652358000055], [84.98240707300005, 25.29185349900007], [84.98211519700004, 25.291361039000037], [84.98120379700003, 25.290411520000077], [84.98055903900007, 25.29012602000006], [84.97953668600007, 25.289943556000026], [84.97898031100004, 25.290091482000037], [84.97872150100005, 25.29038889700007], [84.97865506500005, 25.291246353000076], [84.97831054200003, 25.29213494000004], [84.97768806100004, 25.292964304000066], [84.97697203100006, 25.293477456000062], [84.97678336100006, 25.29346818700003], [84.97658978700008, 25.293458697000062], [84.97623243200007, 25.29339483900003], [84.97577652500007, 25.293023866000055], [84.97417766200005, 25.293097679000027], [84.97269802700004, 25.293140021000056], [84.97127807200008, 25.293164407000063], [84.96968892300004, 25.293305832000044], [84.96877769300005, 25.292324648000033], [84.96825788200005, 25.29168723600003], [84.96754513200005, 25.290724453000053], [84.96725301600009, 25.290380898000024], [84.96611166700006, 25.290143956000065], [84.96445897800004, 25.289928641000074], [84.96328770100007, 25.28975038300007], [84.96238942500008, 25.28962673600006], [84.96177374900003, 25.28961201000004], [84.96095892200003, 25.289890269000068], [84.95956809500007, 25.290207963000057], [84.95847508700007, 25.290530757000056], [84.95661858500006, 25.290378154000052], [84.95542723600005, 25.290317075000075], [84.95287993300008, 25.29047], [84.95136560500003, 25.290539127000045], [84.95070876700004, 25.291115561000026], [84.95024955000008, 25.29215270700007], [84.95013363900006, 25.292838580000023], [84.94934286800003, 25.293378579000034], [84.94870662700004, 25.293702273000065], [84.94822106300006, 25.293290540000044], [84.94785975200006, 25.292856510000036], [84.94758856500005, 25.292088601000046], [84.94742605400006, 25.291537611000024], [84.94652856900007, 25.291093438000075], [84.94517844100005, 25.290955291000046], [84.94409741600003, 25.29047459700007], [84.94365640200004, 25.290103517000034], [84.94315658400006, 25.28946612200008], [84.94252431800004, 25.288205488000074], [84.94219875900006, 25.287342693000028], [84.94157539800005, 25.286506434000046], [84.94051491200008, 25.28573237300003], [84.93975302900003, 25.284679121000067], [84.93920409400005, 25.28385189900007], [84.93877434400008, 25.283002456000077], [84.93843392100007, 25.282157717000075], [84.93797866500006, 25.281579024000052], [84.93796447200003, 25.281339745000025], [84.93675799000005, 25.281395881000037], [84.93594398500005, 25.28133543100006], [84.93558734700008, 25.281023253000058], [84.93539610400006, 25.28009307600007], [84.93548945800006, 25.27854966600006], [84.93542637400003, 25.277985271000034], [84.93580009900006, 25.27742187900003], [84.93653600300007, 25.276949542000068], [84.93817658500006, 25.276000673000055], [84.93847063600003, 25.27555438400003], [84.93889379800004, 25.275067875000047], [84.93904403800008, 25.27453554400006], [84.93899540600006, 25.274151846000052], [84.93860388200005, 25.27391179400007], [84.93773090700006, 25.273652645000027], [84.93641452500003, 25.273974856000052], [84.93566466000004, 25.274095085000056], [84.93514400900006, 25.273899939000046], [84.93473836000004, 25.273348390000024], [84.93478941800004, 25.27278883100007], [84.93433473000005, 25.272015964000047], [84.93394414000005, 25.271423870000035], [84.93400969600003, 25.271022350000067], [84.93453145000007, 25.27080228400007], [84.93556415600005, 25.27072324100004], [84.93626425400004, 25.270652489000042], [84.93651301600005, 25.270431905000066], [84.93630210800006, 25.269424896000032], [84.93602552000004, 25.268905247000077], [84.93485406100007, 25.268871104000027], [84.93425358100006, 25.268824751000068], [84.93339079100008, 25.268484391000072], [84.93187719400004, 25.26831864500008], [84.93026374900006, 25.268418913000062], [84.92932044100007, 25.26847555100005], [84.92765156400003, 25.26886462600004], [84.92621599400007, 25.269263118000026], [84.92414247800008, 25.27062174100007], [84.92258512900008, 25.27196328800005], [84.92168435400004, 25.272818861000076], [84.91992344900007, 25.274191620000067], [84.91875497700005, 25.274879584000075], [84.91810320800005, 25.275428737000027], [84.91751519000007, 25.27625335500005], [84.91802487700005, 25.276872926000067], [84.91875728700006, 25.27768702700007], [84.92020378800004, 25.278845732000036], [84.92143712200004, 25.27985499700003], [84.92201030200005, 25.28084470600004], [84.92225489800006, 25.28222190200006], [84.92288728500006, 25.283365279000066], [84.92350777600006, 25.285226289000036], [84.92402725000005, 25.28590898400006], [84.92464547100008, 25.286785904000055], [84.92484511200007, 25.288275868000028], [84.92446946600006, 25.289489222000043], [84.92392537600006, 25.290616382000053], [84.92262683100006, 25.29162909100006], [84.92166624400005, 25.292516114000023], [84.92123752900005, 25.293169625000075], [84.92076407000008, 25.293832015000078], [84.91996409200004, 25.294082967000065], [84.91973278900008, 25.293315222000047], [84.91934271400004, 25.292533453000033], [84.91894625300006, 25.29223917300004], [84.91816098300006, 25.292566919000024], [84.91733581900007, 25.29292162200005], [84.91629862700006, 25.292756805000067], [84.91508396000006, 25.29213565300006], [84.91468805900007, 25.291678885000067], [84.91444233000004, 25.290766629000075], [84.91422990300003, 25.290373481000074], [84.91372872800008, 25.290277479000054], [84.91318676600008, 25.29056515700006], [84.91226730900007, 25.29091508700003], [84.91144281400005, 25.29105763800004], [84.91041973700004, 25.291186217000075], [84.90976926300004, 25.291193754000062], [84.90866028000005, 25.291877166000063], [84.90779967800006, 25.29245747300007], [84.90715442900006, 25.29242440300004], [84.90604222800005, 25.292421775000037], [84.90529135000008, 25.29287591900004], [84.90467865700003, 25.293592122000064], [84.90467611100007, 25.294472280000036], [84.90486400200007, 25.294757081000057], [84.90505189300006, 25.295041883000067], [84.90568975300005, 25.295955088000028], [84.90612098100007, 25.29621339600004], [84.90651049400003, 25.297162091000075], [84.90611590200007, 25.298005206000028], [84.90618276000004, 25.298948738000036], [84.90643189700006, 25.300416236000046], [84.90643051900008, 25.30090365500007], [84.90703398600004, 25.30172207000004], [84.90835942800004, 25.301819890000047], [84.90972039900004, 25.30162895500007], [84.91006227400004, 25.301645619000055], [84.91040054900003, 25.301662107000027], [84.91187018300008, 25.30166553300006], [84.91305172900007, 25.30173591700003], [84.91382012000008, 25.30217544100003], [84.91449700600003, 25.303382173000045], [84.91507029600007, 25.304362869000045], [84.91549300200006, 25.305957189000026], [84.91618506400005, 25.308906080000042], [84.91642905800006, 25.31046830500003], [84.91564335800007, 25.310890812000025], [84.91485303500008, 25.311150819000034], [84.91370577900005, 25.311247527000035], [84.91277791400006, 25.310983621000048], [84.91213065900007, 25.31163205200005], [84.91184008800008, 25.312543161000065], [84.91165804400003, 25.31374783800004], [84.91187355800008, 25.314822582000033], [84.91262180400008, 25.315379436000057], [84.91401597700008, 25.315806854000073], [84.91519689800003, 25.31613456100007], [84.91693291400009, 25.316869671000063], [84.91846824500004, 25.31836714700006], [84.91893171600003, 25.31960936100006], [84.91925126400008, 25.320810739000024], [84.91989276000004, 25.32231069200003], [84.92054904800005, 25.323860273000037], [84.92104603100006, 25.325553972000023], [84.92189688100007, 25.32865221700007], [84.92397109200004, 25.329275110000026], [84.92488182400007, 25.330432639000037], [84.92494913800004, 25.331281278000063], [84.92480825600006, 25.331962564000037], [84.92383750800008, 25.332808913000065], [84.92229415600008, 25.334204740000075], [84.92114317900007, 25.335601353000072], [84.92110696700007, 25.336124867000024], [84.92188862000006, 25.33726403600008], [84.92256906400007, 25.33726554200007], [84.92427249100007, 25.337318905000075], [84.92635121700005, 25.33628087200003], [84.92850407100008, 25.33540548800005], [84.93040383300007, 25.334466289000034], [84.93262431900007, 25.334277015000055], [84.93355611500004, 25.335023721000027], [84.93455644700003, 25.336136253000063], [84.93515954100008, 25.33724337700005], [84.93547850800007, 25.338742479000075], [84.93454591800008, 25.340207387000078], [84.93343547300003, 25.341315370000075], [84.93257432500008, 25.342026677000035], [84.93206887400004, 25.343492430000026], [84.93216953500007, 25.34489192600006], [84.93224069700005, 25.346196488000032], [84.93268350000005, 25.34780870000003], [84.93310774000008, 25.34891544000004], [84.93310486900003, 25.35002131300007], [84.93271403600005, 25.351342877000036], [84.93145083800005, 25.35194051900004], [84.93037808200006, 25.351870486000053], [84.92883866800008, 25.35170458700003], [84.92762122200008, 25.351864398000032], [84.92708493200007, 25.351800035000053], [84.92608104800007, 25.35199190900005], [84.92522072900005, 25.352382745000057], [84.92507518900004, 25.352933028000052], [84.92478382000007, 25.35417367900004], [84.92451312300005, 25.355066753000074], [84.92375687400005, 25.35555253700005], [84.92318250800008, 25.356693132000032], [84.92310957600006, 25.357961282000076], [84.92330314300006, 25.358872483000027], [84.92349712000004, 25.35978560500007], [84.92444096100007, 25.361660865000033], [84.92472730300005, 25.362311438000063], [84.92601838800005, 25.362508387000048], [84.92676750900006, 25.362871099000074], [84.92730232000008, 25.363522243000034], [84.92776586700006, 25.364791481000054], [84.92815479300003, 25.366159973000038], [84.92861823300007, 25.367496992000042], [84.92802486700003, 25.368326187000036], [84.92787799900003, 25.369368475000044], [84.92812374800008, 25.370380047000026], [84.92873462700004, 25.370444617000032], [84.92973509100005, 25.371620246000077], [84.93002105600004, 25.372433363000027], [84.92990788500003, 25.37393154700004], [84.93019342800005, 25.374907130000054], [84.93049482000004, 25.375544225000056], [84.93174645500005, 25.377596039000025], [84.93288652300004, 25.37860954100006], [84.93396319900006, 25.379166980000036], [84.93535593300004, 25.38043829700007], [84.93596408700006, 25.381613109000057], [84.93617504900004, 25.382656163000036], [84.93672836300004, 25.383880514000055], [84.93797070400007, 25.38571569100003], [84.93918495200006, 25.386914285000046], [84.93931568800008, 25.388273188000028], [84.93919270400005, 25.389735305000045], [84.93905012000005, 25.391089006000072], [84.93901047700007, 25.392984616000035], [84.93904148800004, 25.394465122000042], [84.94008136000008, 25.395884573000046], [84.94050559500005, 25.396414483000058], [84.94092834300005, 25.396942529000057], [84.94092334200008, 25.398928478000073], [84.94091949900007, 25.400440481000032], [84.94077660800008, 25.40192514100005], [84.94091372000008, 25.402710739000042], [84.94203900200006, 25.40380089200005], [84.94349186200003, 25.405031627000028], [84.94352434200005, 25.40597950800003], [84.94248349900005, 25.40685744500007], [84.94164681600006, 25.407550763000074], [84.94053041800004, 25.408812169000043], [84.94031943300007, 25.40972350900006], [84.94019806100005, 25.41055822800007], [84.94057863000006, 25.411380455000028], [84.94064422300005, 25.412928730000033], [84.94098430700006, 25.414030823000076], [84.94150316000008, 25.415232479000053], [84.94201683900008, 25.416452164000077], [84.94304396800004, 25.41710882700005], [84.94512435600006, 25.417930085000023], [84.94685879200006, 25.417933711000046], [84.94818220500008, 25.417367676000026], [84.94943113900007, 25.416774445000044], [84.95062459800005, 25.416506124000023], [84.95106205100006, 25.41643027400005], [84.95217682300006, 25.415832185000056], [84.95321667600007, 25.41536043600007], [84.95443336500006, 25.415741972000035], [84.95528245000008, 25.416041587000052], [84.95681349300008, 25.415886663000038], [84.95820609200007, 25.415487777000067], [84.95875606700008, 25.416174881000074], [84.95934170000004, 25.41652360200004], [84.96070052500005, 25.41564615900006], [84.96170519900005, 25.41533221800006], [84.96261011800004, 25.415144406000024], [84.96396786000008, 25.414736361000053], [84.96539027100005, 25.41426517600007], [84.96630939200008, 25.41440685300006], [84.96790218400008, 25.415497690000052], [84.96811025000005, 25.415768867000054], [84.96828248700007, 25.41649594300003], [84.96841979400006, 25.417313097000033], [84.96873055600008, 25.418324719000054], [84.96813682800007, 25.419334649000064], [84.96910497600004, 25.419742728000074], [84.97014792200008, 25.420092227000055], [84.97101895700007, 25.41952520500007], [84.97186053500008, 25.418813616000023], [84.97188648200006, 25.418330774000026], [84.97227076700005, 25.417604832000052], [84.97296777600008, 25.417100566000045], [84.97386701900007, 25.41719706600003], [84.97546720100007, 25.41726324800004], [84.97692267400004, 25.41758197000007], [84.97727015800007, 25.41777219200003], [84.97761759600007, 25.417962388000035], [84.97824091200005, 25.41929052000006], [84.97837185400005, 25.420739531000038], [84.97835670300003, 25.42084785700007], [84.97738245100004, 25.423084731000074], [84.97739451400008, 25.42438468100005], [84.97779175300008, 25.42453889600006], [84.97859133600008, 25.42482468700007], [84.97980913300006, 25.424795353000036], [84.98143997500006, 25.42448236300004], [84.98298031300004, 25.42470188200008], [84.98341679100008, 25.42511332500004], [84.98507866400007, 25.42653808800003], [84.98625910300007, 25.42767763100005], [84.98707134700004, 25.429015122000067], [84.98792477800004, 25.42972073100003], [84.98901377400006, 25.42949249700007], [84.99002352400004, 25.42911513000007], [84.99165531600005, 25.428422952000062], [84.99527044600006, 25.427612375000024], [84.99658315600004, 25.42735234400004], [84.99739474100005, 25.42716263400007], [84.99789092500004, 25.427093282000044], [84.99826346900005, 25.427175211000076], [84.99895880400004, 25.42745164100006], [84.99962906200005, 25.427768752000077], [85.00039457200006, 25.427770045000045], [85.00143860600008, 25.427645487000063], [85.00203985600007, 25.427709718000074], [85.00303798200008, 25.42815364200004], [85.00370695500004, 25.429165798000042], [85.00433046200004, 25.430534434000037], [85.00377024600004, 25.432239636000077], [85.00330666300005, 25.432933954000077], [85.00314093200006, 25.43375514300004], [85.00286122300008, 25.434431648000043], [85.00332240600005, 25.434938013000078], [85.00515659500007, 25.43491843700008], [85.00636947900006, 25.434929484000065], [85.00773168600006, 25.434796367000047], [85.00879411500006, 25.435430007000036], [85.01068924900005, 25.437265619000073], [85.01205340800004, 25.43870312100006], [85.01335740700006, 25.437847625000074], [85.01374801900005, 25.436340806000032], [85.01294555200008, 25.434922277000055], [85.01302152400007, 25.434213750000026], [85.01502010500008, 25.43401837400006], [85.01874951600007, 25.433247945000062], [85.02172744800004, 25.432923172000073], [85.02553015200004, 25.432793564000065], [85.02859672400007, 25.43293361700006], [85.03156398700008, 25.43302387800003], [85.03409902900006, 25.432959949000065], [85.03414976300007, 25.432409337000024], [85.03456404600007, 25.43141243100007], [85.03507678400007, 25.43094830800004], [85.03690660300003, 25.430571821000058], [85.03751845600004, 25.43028386700007], [85.03766454300006, 25.429178243000024], [85.03736507100007, 25.427051961000075], [85.03678800400007, 25.424528101000078], [85.03651125200008, 25.423593408000045], [85.03582630700004, 25.423059774000023], [85.03414777300009, 25.422312593000072], [85.03418433300004, 25.421283552000034], [85.03573013100004, 25.42122268600008], [85.03548984800005, 25.41938530300007], [85.03511513500007, 25.41766960900003], [85.03542548200005, 25.41642437300004], [85.03861653000007, 25.416212337000047], [85.03892287500008, 25.417241846000024], [85.04060199100007, 25.417618832000073], [85.04245618900006, 25.41740033900004], [85.04410496800006, 25.418151899000065], [85.04578406400003, 25.41855590600005], [85.04687771700003, 25.41840400600006], [85.04808175000005, 25.417593257000078], [85.04873771200005, 25.417661880000026], [85.04959078100006, 25.418723670000077], [85.05102931300007, 25.420440791000033], [85.05236558300004, 25.42084428900006], [85.05408071800008, 25.420503560000043], [85.05613956400003, 25.41972548700005], [85.05717002800003, 25.418670659000043], [85.05826852100006, 25.418577276000065], [85.05970807900007, 25.41967145600006], [85.06028818500005, 25.420574943000076], [85.06032202600005, 25.42116618800003], [85.05960082500008, 25.42157153900007], [85.05908297000008, 25.422162085000025], [85.05915106900005, 25.423096459000078], [85.05990508000008, 25.424063344000047], [85.06117213600004, 25.424222951000047], [85.06213680700006, 25.423939868000048], [85.06275468900003, 25.422943135000025], [85.06299568800006, 25.421323070000028], [85.06354556500008, 25.419270114000028], [85.06402366600008, 25.418616290000045], [85.06477934900005, 25.418490863000045]]]]}}, {"type": "Feature", "properties": {"OBJECTID": 177, "BLOCK_CODE": "0012", "NEAR_TOWN": "MASAURHI", "BLK_NAME": "DHANARUA", "DIST_NAME": "PATNA"}, "geometry": {"type": "MultiPolygon", "coordinates": [[[[85.22189498900008, 25.413825392000035], [85.22277968100008, 25.413649531000033], [85.22342556700005, 25.414412362000064], [85.22426535000005, 25.41490452100004], [85.22544829300006, 25.414502996000067], [85.22623865800006, 25.413334158000055], [85.22623897900007, 25.41180853700007], [85.22569275400008, 25.40942980400007], [85.22540014700007, 25.406107811000027], [85.22530137900003, 25.40334550400007], [85.22220048600008, 25.403295333000074], [85.22043638100007, 25.40313701300005], [85.21924879200003, 25.40313674300006], [85.21693320600008, 25.40253138500003], [85.21464743600006, 25.40229614900005], [85.21259015800007, 25.402345335000064], [85.21143219200007, 25.402633844000036], [85.21067686300006, 25.40266079400004], [85.20917131000004, 25.402317289000052], [85.20769545500008, 25.402028031000043], [85.20636360800006, 25.402262294000025], [85.20575728900008, 25.40265933200004], [85.20639301600005, 25.403607416000057], [85.20650692800007, 25.404582321000078], [85.20615879900004, 25.405475943000056], [85.20618825700006, 25.406423751000034], [85.20607379400008, 25.406947304000028], [85.20520361700005, 25.408395933000065], [85.20461206200008, 25.408842571000037], [85.20500830400005, 25.41256633300003], [85.20549957100008, 25.414448626000024], [85.20609043300004, 25.416019505000065], [85.20673628000003, 25.416651623000064], [85.20786953700008, 25.41629086100005], [85.21029006400005, 25.41561902500007], [85.21325215200005, 25.415394132000074], [85.21586634900007, 25.415083352000067], [85.21902724400007, 25.41476812800005], [85.22080648600007, 25.414587958000027], [85.22189498900008, 25.413825392000035]]], [[[85.13150770700008, 25.436966082000026], [85.13317331000007, 25.436484478000068], [85.13428175100006, 25.43655756800007], [85.13557386500008, 25.436824968000053], [85.13642849500008, 25.437141566000037], [85.13845672100007, 25.436971610000057], [85.13963516300004, 25.436507547000076], [85.14018724400006, 25.436183037000035], [85.14111196900006, 25.435899404000054], [85.14214615900005, 25.435651921000044], [85.14308045600006, 25.435788005000063], [85.14380586500005, 25.436172116000023], [85.14373459400008, 25.43808131000003], [85.14748277300004, 25.437858335000044], [85.14936662500008, 25.43791378000003], [85.15079795100007, 25.43822165200004], [85.15220987200007, 25.437861543000054], [85.15278177500005, 25.437609176000024], [85.15352330100006, 25.43647221200007], [85.15345002000004, 25.43484280800004], [85.15394750500008, 25.43427444100007], [85.15501156600004, 25.43381028300007], [85.15603061300004, 25.43375670300003], [85.15801410900008, 25.433414928000047], [85.16023112800008, 25.43315008600007], [85.16102158600006, 25.433046701000023], [85.16151928400006, 25.43206755400007], [85.16247884800003, 25.431666407000023], [85.16516309200006, 25.43151008600006], [85.16956728100007, 25.430984472000034], [85.17201774200004, 25.430823299000053], [85.17388684900004, 25.430481264000036], [85.17377450000004, 25.427326201000028], [85.17403382200007, 25.425922657000058], [85.17418337900006, 25.42518255400006], [85.17575910500005, 25.424998278000032], [85.17879118700006, 25.42446715500006], [85.18075440300004, 25.42449064500005], [85.18072062600004, 25.422658219000027], [85.18203374200004, 25.420912030000068], [85.18271040900004, 25.419477019000055], [85.18281012900007, 25.418894857000055], [85.18264152400008, 25.418195212000057], [85.18213957500006, 25.41816335900006], [85.18095641700006, 25.418803730000036], [85.17964400200003, 25.41938532300003], [85.17886857500008, 25.419597071000055], [85.17782505000008, 25.419321272000047], [85.17661310600005, 25.418038850000073], [85.17647987500004, 25.416508685000053], [85.17664950800008, 25.415375847000064], [85.17584488600005, 25.414612695000073], [85.17543846800004, 25.412834141000076], [85.17574303700007, 25.41048267900004], [85.17618102600005, 25.409318409000036], [85.17682256100005, 25.408555978000038], [85.17800071800008, 25.407974280000076], [85.17887542900007, 25.407699446000038], [85.17914443400008, 25.406720122000024], [85.17877408100009, 25.402499773000045], [85.17864514700005, 25.402192789000026], [85.17958642100007, 25.398510127000065], [85.18017984700003, 25.394786761000034], [85.18057852200008, 25.39272425400003], [85.18072904900004, 25.390165151000076], [85.17905008000008, 25.38931131000004], [85.17682969200007, 25.388235981000037], [85.17604004300006, 25.387608169000032], [85.17584234500004, 25.385947049000038], [85.17584309200004, 25.38464263000003], [85.17688176500008, 25.384282106000057], [85.17979339400006, 25.384152624000023], [85.18127410000005, 25.383972827000036], [85.18275521500004, 25.382985019000046], [85.18354544800007, 25.382673923000027], [85.18512533200004, 25.382760438000048], [85.18561729700008, 25.382539432000044], [85.18586649800005, 25.38105917000007], [85.18576868800005, 25.37813884600007], [85.18596859900003, 25.37589562000005], [85.18641158600008, 25.374189671000067], [85.18611873300006, 25.37365249000004], [85.18439003600008, 25.373335741000062], [85.18488417900005, 25.36893979000007], [85.18513458800004, 25.365261330000067], [85.18478850300005, 25.361984293000035], [85.18444716100004, 25.35933917500006], [85.18459748300006, 25.35687037400004], [85.18459798100008, 25.356017231000067], [85.18612833100008, 25.355164856000044], [85.18672089500006, 25.352429906000054], [85.18726865100007, 25.34969036900003], [85.18677363700004, 25.346327573000053], [85.18662632500008, 25.34314092900007], [85.18657855000004, 25.339326870000036], [85.18682765100004, 25.337801442000057], [85.18751864500007, 25.336546919000057], [85.18727091200003, 25.335513267000067], [85.18505147300004, 25.33425750400005], [85.18155029200005, 25.333939977000057], [85.18105421200005, 25.332860926000023], [85.18096063500008, 25.331470744000057], [85.18214362800006, 25.329720035000037], [85.18217124700004, 25.329249566000044], [85.18219874300007, 25.328781242000048], [85.18175303900006, 25.326623467000047], [85.18081555000003, 25.32451519700004], [85.18061770200006, 25.32307977200003], [85.18135835700008, 25.321865973000058], [85.18175593500007, 25.321329079000066], [85.18136400500003, 25.320701431000032], [85.17978500400005, 25.320429930000046], [85.17884625500005, 25.320609959000024], [85.17839963100005, 25.32011777200006], [85.17859878400003, 25.319219660000044], [85.17869908000006, 25.317603878000057], [85.17736838200005, 25.317287305000036], [85.17623615700006, 25.317331748000072], [85.17509896600006, 25.317376378000063], [85.17391227100006, 25.317150108000078], [85.17352057500005, 25.316256257000077], [85.17327442400006, 25.312843803000078], [85.17366771400003, 25.31122809200008], [85.17431430700003, 25.309477187000027], [85.17406633500008, 25.308939945000077], [85.17297967700006, 25.30772971500005], [85.17287065200009, 25.307413759000042], [85.17190228100003, 25.307575674000077], [85.17116227300005, 25.307832564000023], [85.17021384300006, 25.30779596700006], [85.16967300600004, 25.307226953000054], [85.16896852600007, 25.306256119000068], [85.16856667200005, 25.305854235000027], [85.16802037900004, 25.305980310000052], [85.16621258200007, 25.306493834000037], [85.16494157200003, 25.306452488000048], [85.16395857200007, 25.306199092000043], [85.16323392300006, 25.305774427000074], [85.16275277400007, 25.30507906200006], [85.16241097900007, 25.303909791000024], [85.16192978800007, 25.303358841000033], [85.16104119900007, 25.303028875000052], [85.16063906500005, 25.302938287000075], [85.15923362800004, 25.30345205200007], [85.15738104500008, 25.30414140700003], [85.15558790800003, 25.304943705000028], [85.15351649700006, 25.30616555200004], [85.15188705000008, 25.30720716700006], [85.15045661800008, 25.30760784200004], [85.14953303700008, 25.307697486000052], [85.14936880400006, 25.308085535000032], [85.14949233700008, 25.30879881100003], [85.14965027200003, 25.310022108000055], [85.14953028500008, 25.311046583000063], [85.14904327900007, 25.31146608100005], [85.14858134200006, 25.311614701000053], [85.14739489400006, 25.311248229000057], [85.14637238300008, 25.31086386900006], [85.14452016100006, 25.310858051000025], [85.14318910500003, 25.311186557000042], [85.14154021100006, 25.31157358300004], [85.14085471700008, 25.31189805200006], [85.13834145500005, 25.31260927200003], [85.13634995600006, 25.31299139300006], [85.13338994600008, 25.313521715000036], [85.13125938600007, 25.313736608000056], [85.12920323100008, 25.314154760000065], [85.12779790000008, 25.314153566000073], [85.12655174300005, 25.313967495000043], [85.12560374700007, 25.313583020000067], [85.12353296500004, 25.313671492000026], [85.12258458000008, 25.313598498000033], [85.12222317300007, 25.312573573000066], [85.12214596800004, 25.310411473000045], [85.12261048900007, 25.30772177500006], [85.12255264600003, 25.306056193000074], [85.12245459500008, 25.30488716900004], [85.12186972600006, 25.303898177000065], [85.12144927500003, 25.302376653000067], [85.12137269400006, 25.299614296000072], [85.12109082900008, 25.298535248000064], [85.12079336500005, 25.29807913700006], [85.11865843200007, 25.29807729500004], [85.11813713600003, 25.298040730000025], [85.11781484100004, 25.297670260000075], [85.11785506000007, 25.297196358000065], [85.11829820300005, 25.296063881000066], [85.11839811700008, 25.29544110300003], [85.11808097100004, 25.294890128000077], [85.11669155500005, 25.294229878000067], [85.11532179800008, 25.293736684000066], [85.11363380100005, 25.293658401000073], [85.11224326000007, 25.293968532000065], [85.11145889600004, 25.29396779600006], [85.11099766300003, 25.29352950400005], [85.11017483800003, 25.29231907700006], [85.10842459500003, 25.29032237800004], [85.10718021500008, 25.28881821400006], [85.10720068200004, 25.288249456000074], [85.10738568900007, 25.28717092200003], [85.10871344800006, 25.28519521100003], [85.10934051800007, 25.283895877000077], [85.11004131500005, 25.283129314000064], [85.11066776200005, 25.282358015000057], [85.11185495600006, 25.281682140000044], [85.11344430500003, 25.28100652100005], [85.11479537700006, 25.280330739000078], [85.11654522500004, 25.27809813600004], [85.11741023600007, 25.27698404000006], [85.11762966800006, 25.276031818000035], [85.11779454000003, 25.274989386000072], [85.11743262600004, 25.274551237000026], [85.11630634800008, 25.274107850000064], [85.11588493200009, 25.273597427000027], [85.11550352700004, 25.27286132000006], [85.11469973800007, 25.272513097000058], [85.11399488300003, 25.272458267000047], [85.11367258200005, 25.272187165000048], [85.11363366100005, 25.271433299000023], [85.11292983100003, 25.270539005000046], [85.11194749500004, 25.270023508000065], [85.11080036200008, 25.27044672100004], [85.11037766100003, 25.27111883400005], [85.10894692300008, 25.272123991000058], [85.10820170200003, 25.27266940900006], [85.10768043300004, 25.272668915000054], [85.10747712200003, 25.272488190000047], [85.10745859200006, 25.271350781000024], [85.10728047000003, 25.270912719000023], [85.10665534100008, 25.270636851000063], [85.10533034800005, 25.270324091000077], [85.10460570400005, 25.27017896500007], [85.10422276000008, 25.27085564500004], [85.10426057400008, 25.272444458000052], [85.10427796700003, 25.27452973000004], [85.10451795900008, 25.277233684000066], [85.10454100100003, 25.278718626000057], [85.10445627100006, 25.278989344000024], [85.10393465200008, 25.279336441000055], [85.10236470400008, 25.280377521000048], [85.09999007000005, 25.281801422000058], [85.09801729600008, 25.283297898000058], [85.09505613000005, 25.285213131000035], [85.09420523300008, 25.286787408000066], [85.09243616400005, 25.288062878000062], [85.09100593100004, 25.28839088600006], [85.08933818600008, 25.288113751000026], [85.08792922500004, 25.287376433000077], [85.08650464000004, 25.287158238000075], [85.08451321900003, 25.28762996200004], [85.08326768400008, 25.287208763000024], [85.08304501900005, 25.28669846100007], [85.08304552000004, 25.286328380000043], [85.08447686200003, 25.285179048000032], [85.08478077700005, 25.28437589500004], [85.08467748600003, 25.283603975000062], [85.08385402600004, 25.28318329500007], [85.08258884700007, 25.282613164000054], [85.08198901800006, 25.281989606000025], [85.08146502400007, 25.28034150700006], [85.08106393400004, 25.27964594100007], [85.08002167200004, 25.27946423800006], [85.07867091300005, 25.279774058000044], [85.07802594500004, 25.27949799000004], [85.07744585600005, 25.279000868000026], [85.07728916300005, 25.277466065000056], [85.07763539900003, 25.27483046100008], [85.07757699500007, 25.27402694500006], [85.07660991000006, 25.27334881400003], [85.07530414500008, 25.273550387000057], [85.07445974300003, 25.273856291000072], [85.07407695000006, 25.27429820900005], [85.07417530300006, 25.274916674000053], [85.07497834300005, 25.27575713500005], [85.07541842500007, 25.276967300000024], [85.07523772900004, 25.278334759000074], [85.07467470900008, 25.279760331000034], [85.07384969000003, 25.280418343000065], [85.07191746100006, 25.28118333900005], [85.06966239300004, 25.28207427800004], [85.06704552200006, 25.282490816000063], [85.06441402600007, 25.28274034800006], [85.06262024000006, 25.28379873700004], [85.06244082600006, 25.28425442100007], [85.06247614200004, 25.287143117000028], [85.06194913000007, 25.28767509000005], [85.06118401400005, 25.288021612000023], [85.06060203100003, 25.288752101000057], [85.06121862800006, 25.291321185000072], [85.06223870200006, 25.293051122000065], [85.06329302500006, 25.29514676900004], [85.06391788500008, 25.29561254500004], [85.06563555400004, 25.29575008000006], [85.06640001600005, 25.295818749000034], [85.06746249800005, 25.295820012000036], [85.06808413400006, 25.295157276000054], [85.06954941100008, 25.294761933000075], [85.07144593600003, 25.294795832000034], [85.07331106000004, 25.295926458000054], [85.07352673400004, 25.29785857400003], [85.07367284600008, 25.299822162000055], [85.07418269100003, 25.300919604000057], [85.07458397500005, 25.30158358400007], [85.07428776000006, 25.30381290400004], [85.07410113500003, 25.30587543000007], [85.07459569500008, 25.307225539000058], [85.07598362200008, 25.30891082200003], [85.07649812700004, 25.310269942000048], [85.07907116800004, 25.313134571000035], [85.07922349800003, 25.314353494000045], [85.07880968200004, 25.315476861000036], [85.07757234300004, 25.316134388000023], [85.07643909400008, 25.316882344000078], [85.07550943700005, 25.317585309000037], [85.07555841900006, 25.318099923000034], [85.07633170100007, 25.319084834000023], [85.07710539800007, 25.319740194000076], [85.07725806300004, 25.320679213000062], [85.07725666700009, 25.321663157000046], [85.07694219900003, 25.322791180000024], [85.07619512200006, 25.32432497800005], [85.07505848100004, 25.32392639300008], [85.07253609400004, 25.323657068000045], [85.06975996400007, 25.32375298100004], [85.06566277100006, 25.323815592000074], [85.06598818100008, 25.325413833000027], [85.06678625600006, 25.329738865000024], [85.06685861600005, 25.331169741000053], [85.06605201200006, 25.332468638000023], [85.06549900300007, 25.333664104000036], [85.06473322000005, 25.334294956000065], [85.06370454600005, 25.33465929600004], [85.05781369300007, 25.335021856000026], [85.05533003300008, 25.33531646700004], [85.05518290800006, 25.33412923700007], [85.05500576500003, 25.333095317000073], [85.05408718600006, 25.332963275000054], [85.05299472300004, 25.332826398000066], [85.05233512900008, 25.332292918000064], [85.05208433200005, 25.330699226000036], [85.05161074200004, 25.32879837100006], [85.04842638600007, 25.32935830200006], [85.04801910900005, 25.33238180400008], [85.04393639300008, 25.332579296000063], [85.04386193900007, 25.335526555000058], [85.04493376700003, 25.336065163000058], [85.04523619200006, 25.339355925000064], [85.04285675500006, 25.339605403000064], [85.04116830900006, 25.33941341700006], [85.03826817100008, 25.33921521900004], [85.03857687100003, 25.341598802000078], [85.03857201100004, 25.344419814000048], [85.03898083400009, 25.34642437800005], [85.04042759000004, 25.348498154000026], [85.04185969000008, 25.350499727000056], [85.04327431000007, 25.35109755800005], [85.04413008600005, 25.353202037000074], [85.04499137500005, 25.35499062200006], [85.04567780100007, 25.35743344100007], [85.04591684900004, 25.360038080000038], [85.04646525800007, 25.361794564000036], [85.04777328600005, 25.363895159000037], [85.04884050000004, 25.364397696000026], [85.05063051500008, 25.36338452700005], [85.05204826600004, 25.36525053400004], [85.05174917200009, 25.365895656000077], [85.05054829900007, 25.368101081000077], [85.05162716100006, 25.370648222000057], [85.05233667900006, 25.371190849000072], [85.05401590600007, 25.371161440000037], [85.05625670100005, 25.371029062000048], [85.05737827500008, 25.371806795000055], [85.05879666100003, 25.37340195300004], [85.06013535100004, 25.375100821000046], [85.06084123800008, 25.37805359600003], [85.05919419100007, 25.37968081500003], [85.05852167200004, 25.38080386100006], [85.05854537700003, 25.381580194000037], [85.05985205900004, 25.381550264000055], [85.06061170900006, 25.38191236600005], [85.06132904800006, 25.38389019600004], [85.06317342500006, 25.386456277000036], [85.06386200200006, 25.387775073000057], [85.06349625900003, 25.389814783000077], [85.06276941500005, 25.390703020000046], [85.06240491700004, 25.391821910000033], [85.06280558800006, 25.39304106700007], [85.06341490000005, 25.394228911000027], [85.06358299000004, 25.394802334000076], [85.06474157100007, 25.397511886000075], [85.06563303200005, 25.39947644500006], [85.06610851600004, 25.400537689000032], [85.06631597300003, 25.40137745000004], [85.06387981200004, 25.402186879000055], [85.06209460200006, 25.40299703100004], [85.06151165600005, 25.40396215100003], [85.06192308300007, 25.404617147000067], [85.06397982200008, 25.404994445000057], [85.06638044400006, 25.404776232000074], [85.06620027100007, 25.408892406000064], [85.06626268500008, 25.41363167700007], [85.06626041900006, 25.41512561600007], [85.06515856800007, 25.417493898000032], [85.06477934900005, 25.418490863000045], [85.06584177300005, 25.41920986200006], [85.06656082600006, 25.420271428000035], [85.06679749700004, 25.42151746600007], [85.06710455500007, 25.422267119000026], [85.06820223400007, 25.422733349000055], [85.07018995100003, 25.42298859300007], [85.07090570700007, 25.422899161000032], [85.07200370800007, 25.423211925000032], [85.07371726100007, 25.423958755000058], [85.07505419700004, 25.424023500000033], [85.07570577100006, 25.42368132200005], [85.07663149100006, 25.422811307000075], [85.07745780000005, 25.421846369000036], [85.07762860400004, 25.420600818000025], [85.07848967400008, 25.419694595000067], [85.08057976700007, 25.42131736300007], [85.08191683000007, 25.421255691000056], [85.08397339700008, 25.42200277300003], [85.08514047800008, 25.422690216000035], [85.08541172700006, 25.424247665000053], [85.08633402100008, 25.425837455000078], [85.08859905700007, 25.426869027000066], [85.08979564100008, 25.42786785100003], [85.09068875800006, 25.42905133100004], [85.09174762200007, 25.42892613600003], [85.09257174200008, 25.429644675000077], [85.09401214700006, 25.43039546400007], [85.09497136800007, 25.430459644000052], [85.09576166000005, 25.430496582000046], [85.09657181000006, 25.430497407000075], [85.09755036300004, 25.430990464000047], [85.09838878600004, 25.432277645000056], [85.09940133600008, 25.43341156200006], [85.10034525000003, 25.433841366000024], [85.10155841300008, 25.433594349000032], [85.10239925300004, 25.432922675000043], [85.10290778100006, 25.431573615000048], [85.10274041000008, 25.430228464000038], [85.10324806200003, 25.429737014000068], [85.10402373300008, 25.429494055000077], [85.10483260300003, 25.430537482000034], [85.10621336100007, 25.431427989000042], [85.10684388400006, 25.432019843000035], [85.10716105200004, 25.432868734000067], [85.10696109500003, 25.433811826000067], [85.10552844800003, 25.43474926700003], [85.10454279700008, 25.436003062000054], [85.10338388900004, 25.436651874000063], [85.10276653400007, 25.437432053000066], [85.10284003600003, 25.438285190000045], [85.10303315100003, 25.43893077100006], [85.10367418200008, 25.439112011000077], [85.10421532800007, 25.43967218800003], [85.10471142000006, 25.440480657000023], [85.10507779800008, 25.44173120800008], [85.10579764800008, 25.442481197000063], [85.10634404000007, 25.442829285000073], [85.10751198100007, 25.44306057600005], [85.10856648800006, 25.442465828000024], [85.10962602300003, 25.441816939000034], [85.11019365500005, 25.441036621000023], [85.11058644200006, 25.440924127000073], [85.11103371400003, 25.440992274000052], [85.11204235300005, 25.441417482000077], [85.11319989500004, 25.442068470000038], [85.11413887900005, 25.44247109400004], [85.11492422500004, 25.442539504000024], [85.11623234200005, 25.441868189000047], [85.11687437500007, 25.441110534000074], [85.11712382900004, 25.440257708000047], [85.11725872900007, 25.439680062000036], [85.11696131100007, 25.438944093000032], [85.11693774000008, 25.43775703700004], [85.11718701700005, 25.437062156000025], [85.11787327700006, 25.436751351000055], [85.11904718500006, 25.436007721000067], [85.12053845400004, 25.435923225000067], [85.12167180700004, 25.435856520000073], [85.12218826700007, 25.43637601000006], [85.12312706600005, 25.436959092000052], [85.12374355200006, 25.43691450800003], [85.12441009600008, 25.436441132000027], [85.12500221200008, 25.435796246000052], [85.12571314900003, 25.43566141100007], [85.12662740700006, 25.435973605000072], [85.12721829400004, 25.436669190000032], [85.12721696500006, 25.437991714000077], [85.12669749200006, 25.440433092000035], [85.12630367000008, 25.44155658300008], [85.12573607700006, 25.442494903000068], [85.12576034900007, 25.443032025000036], [85.12630132000004, 25.443840419000026], [85.12723533200005, 25.44440088700003], [85.12739884900003, 25.44490200100006], [85.12731835600005, 25.445836288000066], [85.12729231300005, 25.447109063000028], [85.12779347900005, 25.447994099000027], [85.12848349800004, 25.44890641300003], [85.12871592600004, 25.450179390000073], [85.12863990400007, 25.451596652000035], [85.12932404800006, 25.453542541000047], [85.12977101400008, 25.45402129400003], [85.13135723900007, 25.453661516000068], [85.13272997200005, 25.453017216000035], [85.13320785600007, 25.45231797300005], [85.13334400700006, 25.450282516000073], [85.13210220700006, 25.44927050600006], [85.13080651700005, 25.447445972000025], [85.12998820000007, 25.445454789000053], [85.12935962300008, 25.442741660000024], [85.12896387700005, 25.440800499000034], [85.12930855300004, 25.439094744000045], [85.13018440700006, 25.438016727000047], [85.13150770700008, 25.436966082000026]]]]}}, {"type": "Feature", "properties": {"OBJECTID": 178, "BLOCK_CODE": "0009", "NEAR_TOWN": "MASAURHI", "BLK_NAME": "DULHIN BAZAR", "DIST_NAME": "PATNA"}, "geometry": {"type": "MultiPolygon", "coordinates": [[[[84.78451379400008, 25.409416271000055], [84.78569714900004, 25.409261978000075], [84.78711829400004, 25.40929804900003], [84.78931504800005, 25.409232804000055], [84.79028900200007, 25.40926746100007], [84.79189906100004, 25.409290471000077], [84.79306236800005, 25.409185824000076], [84.79323254600007, 25.408856873000047], [84.79325389400003, 25.40846879700007], [84.79303274100005, 25.407786533000035], [84.79291526500003, 25.40731673600004], [84.79288286500008, 25.406698349000067], [84.79344979900003, 25.406591777000074], [84.79415065500007, 25.406544328000052], [84.79410460800005, 25.405551193000065], [84.79404305600008, 25.404761132000033], [84.79394316000008, 25.403564764000066], [84.79404224000007, 25.40231030500007], [84.79387128300004, 25.401533479000022], [84.79228159700006, 25.40138867400003], [84.79235611900003, 25.40009804600004], [84.79172559300008, 25.39993804900007], [84.79165321900007, 25.398033214000066], [84.79223263600005, 25.397254193000038], [84.79338602600006, 25.397090724000066], [84.79419139700008, 25.396984881000037], [84.79693041400003, 25.39672704800006], [84.79926645600005, 25.396553744000073], [84.80003717300008, 25.39641615900007], [84.80039631200003, 25.396060719000047], [84.80031386200005, 25.395514327000058], [84.80038539500003, 25.394972929000062], [84.80084784100006, 25.394893137000054], [84.80142922400006, 25.39488130600006], [84.80177068500006, 25.395256956000026], [84.80197212200005, 25.395894055000042], [84.80227831500008, 25.396391433000076], [84.80272608800004, 25.396239339000033], [84.80339236700007, 25.396115009000027], [84.80400853400005, 25.396116825000036], [84.80484919400004, 25.395884683000077], [84.80653563400006, 25.395357236000052], [84.80843513800005, 25.394974744000024], [84.80981713100005, 25.394825428000047], [84.81106910200003, 25.394860813000037], [84.81142276100007, 25.396012748000032], [84.81160791900004, 25.397024317000046], [84.81180953400008, 25.397629720000054], [84.81224485500007, 25.398154659000056], [84.81305047600006, 25.39798553600008], [84.81342230400008, 25.39822134700006], [84.81357375900006, 25.398948389000054], [84.81360709700004, 25.399341221000043], [84.81492370500007, 25.399403763000066], [84.81654909200006, 25.39926865600006], [84.81897902600008, 25.39929390900005], [84.82028597900006, 25.39926157600007], [84.82100574700007, 25.39948038400007], [84.82113759300006, 25.400135186000057], [84.82161658000007, 25.40100767000007], [84.82183893200005, 25.401346829000033], [84.82265449800008, 25.401177716000063], [84.82469175600005, 25.401215183000033], [84.82605839300004, 25.401205626000035], [84.82686403900004, 25.401004844000056], [84.82725664700007, 25.40099243900005], [84.82749287500008, 25.401674653000043], [84.82790160100006, 25.402749968000023], [84.82843063600006, 25.403509813000028], [84.82897579100006, 25.40393109200005], [84.82941161200006, 25.404370141000072], [84.83046975600007, 25.40446795200006], [84.83113997000004, 25.404645896000034], [84.83175722800007, 25.404345239000065], [84.83266689500005, 25.40426210000004], [84.83337837200008, 25.404029410000078], [84.83408389200008, 25.40406304100003], [84.83395666600006, 25.403489420000028], [84.83420674600006, 25.403002666000077], [84.83562311300005, 25.402975083000058], [84.83591394600006, 25.403670961000046], [84.83581116200008, 25.404677208000066], [84.83822621500008, 25.404670486000043], [84.83923602000004, 25.404393467000034], [84.83933780500007, 25.403667017000032], [84.83919105400008, 25.402998696000054], [84.84041405500005, 25.402812538000035], [84.84235718500008, 25.40278631600006], [84.84313361300008, 25.402427414000044], [84.84355950100007, 25.401363366000055], [84.84343433500004, 25.400162460000047], [84.84327579400008, 25.398532627000066], [84.84335391700006, 25.397463138000035], [84.84514955200007, 25.39693102800004], [84.84813392000007, 25.396054522000043], [84.84966554000005, 25.395702177000032], [84.85001876100006, 25.395563216000028], [84.85208522900007, 25.395776498000032], [84.85374979700003, 25.395767410000076], [84.85513740300007, 25.39538747100005], [84.85639111500006, 25.394912438000063], [84.85742569200005, 25.394599249000066], [84.85786860400003, 25.394406349000064], [84.85919098600004, 25.394202284000073], [84.85943336800005, 25.394545922000077], [84.86075377600008, 25.394978252000044], [84.86213402100003, 25.395306842000025], [84.86452130600009, 25.396197726000025], [84.86652117500006, 25.397047043000043], [84.86772683400005, 25.397614330000067], [84.86862958100005, 25.398144796000054], [84.86906994200007, 25.398737203000053], [84.87065119700009, 25.398402799000053], [84.87082742500007, 25.399247262000074], [84.87118160300008, 25.400403572000073], [84.87135894600004, 25.400923102000036], [84.87240573700007, 25.403083263000042], [84.87357380400005, 25.404580235000026], [84.87395251300006, 25.40586303400005], [84.87495623700005, 25.40749491500003], [84.87570199500004, 25.408995291000053], [84.87637529600005, 25.409850085000073], [84.87706089100004, 25.40989694900003], [84.87773897000005, 25.410796895000033], [84.87953026200006, 25.410088268000038], [84.88118282900007, 25.40921232900007], [84.88197359200007, 25.409002152000028], [84.88283100200005, 25.408142199000054], [84.88368156400009, 25.407859957000028], [84.88469060900007, 25.407790328000033], [84.88501932300005, 25.407569915000067], [84.88493566600005, 25.40729894900005], [84.88456425800007, 25.406842182000048], [84.88455121500004, 25.406219231000023], [84.88502539500007, 25.40553884700006], [84.88560441900006, 25.404678251000064], [84.88593461100004, 25.403920807000077], [84.88624335900005, 25.403727450000076], [84.88742129000008, 25.40364465300007], [84.88830181500003, 25.40334891400005], [84.88923163300007, 25.403157153000052], [84.89086063200006, 25.40386844300008], [84.89174206300004, 25.40421270400003], [84.89286003700005, 25.404480412000055], [84.89455249000008, 25.405282371000055], [84.89613253300007, 25.405376524000076], [84.89813829600007, 25.406031218000066], [84.89898174900009, 25.406493671000078], [84.89948649500008, 25.407235082000057], [84.89999124600007, 25.407976490000067], [84.90057755200007, 25.408009443000026], [84.90119859600009, 25.40806514700006], [84.90150264800008, 25.40773635000005], [84.90253230900004, 25.407413808000058], [84.90331249000008, 25.40740212600008], [84.90440460300005, 25.40781994400004], [84.90526898900004, 25.40792576900003], [84.90634226000003, 25.40798694700004], [84.90704813600007, 25.40792538200003], [84.90803178400006, 25.40626672600007], [84.90862048600007, 25.40543759700006], [84.90966520300003, 25.405024833000027], [84.91108419800008, 25.40406672200004], [84.91125188800004, 25.402735663000044], [84.91122256600005, 25.400781211000037], [84.91122849400006, 25.39864633800005], [84.91305760300008, 25.398474479000072], [84.91430975200007, 25.398490885000058], [84.91568613800007, 25.39853465400006], [84.91632233000007, 25.398468439000055], [84.91675330900006, 25.39713344000006], [84.91710127200008, 25.395261135000055], [84.91778547400008, 25.39399435200005], [84.91839414800006, 25.39311555000006], [84.92001145200004, 25.392239096000026], [84.92144390200008, 25.39169164200007], [84.92244901300006, 25.391170358000068], [84.92280991000007, 25.389997615000027], [84.92354979800007, 25.388320234000048], [84.92323104800005, 25.386757874000068], [84.92255384400005, 25.38545646500006], [84.92191156100006, 25.384087452000074], [84.92173602500003, 25.382881912000073], [84.92164871400007, 25.382082832000037], [84.92265415400004, 25.381403500000033], [84.92422989700003, 25.381145240000023], [84.92587698200003, 25.382060632000048], [84.92788329400008, 25.38239002200004], [84.93078434800003, 25.382590461000063], [84.93271623500004, 25.382924090000074], [84.93517019100005, 25.383109938000075], [84.93617504900004, 25.382656163000036], [84.93596408700006, 25.381613109000057], [84.93535593300004, 25.38043829700007], [84.93396319900006, 25.379166980000036], [84.93288652300004, 25.37860954100006], [84.93174645500005, 25.377596039000025], [84.93049482000004, 25.375544225000056], [84.93019342800005, 25.374907130000054], [84.92990788500003, 25.37393154700004], [84.93002105600004, 25.372433363000027], [84.92973509100005, 25.371620246000077], [84.92873462700004, 25.370444617000032], [84.92812374800008, 25.370380047000026], [84.92787799900003, 25.369368475000044], [84.92802486700003, 25.368326187000036], [84.92861823300007, 25.367496992000042], [84.92815479300003, 25.366159973000038], [84.92776586700006, 25.364791481000054], [84.92730232000008, 25.363522243000034], [84.92676750900006, 25.362871099000074], [84.92601838800005, 25.362508387000048], [84.92472730300005, 25.362311438000063], [84.92444096100007, 25.361660865000033], [84.92349712000004, 25.35978560500007], [84.92330314300006, 25.358872483000027], [84.92310957600006, 25.357961282000076], [84.92318250800008, 25.356693132000032], [84.92375687400005, 25.35555253700005], [84.92451312300005, 25.355066753000074], [84.92478382000007, 25.35417367900004], [84.92507518900004, 25.352933028000052], [84.92522072900005, 25.352382745000057], [84.92608104800007, 25.35199190900005], [84.92708493200007, 25.351800035000053], [84.92762122200008, 25.351864398000032], [84.92883866800008, 25.35170458700003], [84.93037808200006, 25.351870486000053], [84.93145083800005, 25.35194051900004], [84.93271403600005, 25.351342877000036], [84.93310486900003, 25.35002131300007], [84.93310774000008, 25.34891544000004], [84.93268350000005, 25.34780870000003], [84.93224069700005, 25.346196488000032], [84.93216953500007, 25.34489192600006], [84.93206887400004, 25.343492430000026], [84.93257432500008, 25.342026677000035], [84.93343547300003, 25.341315370000075], [84.93454591800008, 25.340207387000078], [84.93547850800007, 25.338742479000075], [84.93515954100008, 25.33724337700005], [84.93455644700003, 25.336136253000063], [84.93355611500004, 25.335023721000027], [84.93262431900007, 25.334277015000055], [84.93040383300007, 25.334466289000034], [84.92850407100008, 25.33540548800005], [84.92635121700005, 25.33628087200003], [84.92427249100007, 25.337318905000075], [84.92256906400007, 25.33726554200007], [84.92188862000006, 25.33726403600008], [84.92110696700007, 25.336124867000024], [84.92114317900007, 25.335601353000072], [84.92229415600008, 25.334204740000075], [84.92383750800008, 25.332808913000065], [84.92480825600006, 25.331962564000037], [84.92494913800004, 25.331281278000063], [84.92488182400007, 25.330432639000037], [84.92397109200004, 25.329275110000026], [84.92189688100007, 25.32865221700007], [84.92129527200007, 25.328894561000027], [84.92147289200005, 25.329323704000046], [84.92131829800007, 25.32956714000005], [84.92121737100007, 25.330162703000042], [84.92115069100004, 25.33094790800004], [84.92129161800005, 25.33211718900003], [84.92103190200004, 25.332662812000024], [84.92048472000005, 25.33296393100005], [84.91901940300005, 25.333037430000047], [84.91769785100007, 25.333210421000047], [84.91553271500004, 25.333146859000067], [84.91430041300003, 25.333356222000077], [84.91287032700006, 25.333262682000054], [84.91161419700006, 25.333115359000033], [84.90988636200007, 25.33294438200005], [84.90926198600005, 25.332446403000063], [84.90818432000003, 25.332425923000073], [84.90698302300007, 25.33223354100005], [84.90587565000004, 25.33219934400006], [84.90483170300007, 25.332521840000027], [84.90339469400004, 25.333127801000046], [84.90284644300004, 25.333830608000028], [84.90271025200008, 25.334566057000075], [84.90212341200004, 25.33484902400005], [84.90135771300004, 25.335113516000035], [84.90032928600004, 25.33525995800005], [84.89969365500008, 25.335226915000078], [84.89919066800007, 25.33568606800003], [84.89922788400008, 25.33657084200007], [84.89921062800005, 25.337401252000063], [84.89927369600008, 25.337902463000034], [84.89862170900005, 25.338392845000044], [84.89713665600004, 25.338389307000057], [84.89702441500003, 25.337693948000037], [84.89616641700007, 25.337263069000073], [84.89489551000008, 25.337079515000028], [84.89347482000005, 25.337152743000047], [84.89248152000005, 25.337150395000037], [84.89183915600006, 25.336029436000047], [84.89076445100005, 25.33501577900006], [84.88949470100005, 25.33442140300008], [84.88727932600005, 25.334533366000073], [84.88437734200005, 25.335063311000056], [84.88209619700007, 25.335531466000077], [84.88018798700006, 25.335896856000033], [84.88008495300005, 25.335472322000044], [84.88000936100008, 25.334212827000044], [84.87958935600005, 25.333498690000056], [84.87949359100008, 25.332315898000047], [84.87915353700004, 25.33143936600004], [84.87738427800008, 25.331841147000034], [84.87617726700006, 25.331914769000036], [84.87485516500004, 25.332236419000026], [84.87369764300007, 25.332364365000046], [84.87252518800005, 25.332496733000028], [84.87208443900005, 25.332066879000024], [84.87203211400004, 25.331344571000045], [84.87159408700006, 25.33005704800007], [84.87132330100007, 25.32927096900005], [84.87002195700006, 25.32933083900008], [84.86865060600007, 25.32953490700004], [84.86739367100006, 25.329694111000038], [84.86671224800006, 25.330017304000023], [84.86609110000006, 25.330137559000036], [84.86553711000005, 25.329422988000033], [84.86515111000006, 25.328979700000048], [84.86472511500006, 25.328649100000064], [84.86427374300007, 25.328471896000053], [84.86365324900004, 25.328379936000033], [84.86329653100006, 25.328085654000063], [84.86284157600005, 25.32748870100005], [84.86206876100005, 25.326899877000074], [84.86094570600005, 25.327104560000066], [84.85977717700007, 25.32755277600006], [84.85897551200009, 25.32821870400005], [84.85827306300007, 25.328911908000066], [84.85755622200008, 25.329429015000073], [84.85675675400006, 25.329381777000037], [84.85569843900004, 25.329554922000057], [84.85470425400007, 25.32981860500007], [84.85468828500007, 25.33016160300008], [84.85531214000008, 25.33074545900007], [84.85545890200007, 25.331427421000058], [84.85454329200007, 25.331989143000044], [84.85359863700006, 25.33231158800004], [84.85193245000005, 25.333047371000077], [84.85066884600008, 25.33371638500006], [84.85045780300004, 25.334460568000054], [84.85053063400005, 25.336478361000047], [84.85060764400004, 25.337218777000032], [84.85015036000004, 25.337348389000056], [84.84957393400003, 25.337428036000063], [84.84906441500004, 25.33832936500005], [84.84903290600005, 25.338848376000044], [84.84890186500007, 25.339425756000026], [84.84859653400008, 25.340142585000024], [84.84738326400003, 25.340545500000076], [84.84624398500006, 25.34113359400004], [84.84432037700003, 25.341557127000044], [84.84427382200005, 25.340627152000025], [84.84308294700008, 25.340267354000048], [84.84152754600007, 25.340533840000035], [84.84028451200004, 25.340914053000063], [84.83956720000003, 25.341534872000068], [84.83891542000003, 25.341889612000045], [84.83790048000003, 25.342374300000074], [84.83656172600007, 25.34316940100007], [84.83562538100006, 25.343929556000035], [84.83482430400005, 25.344338021000056], [84.83412193900006, 25.34493182400007], [84.83387527600007, 25.345878954000057], [84.83369603300008, 25.346027379000077], [84.83261770400009, 25.346155214000078], [84.83106732900006, 25.34637198100006], [84.83005815900003, 25.34662187500004], [84.82836662500006, 25.347397870000066], [84.82681916500007, 25.34817875300007], [84.82541594000008, 25.34891497800004], [84.82470713400005, 25.348479619000045], [84.82423728400005, 25.347882474000073], [84.82375283400006, 25.347244708000062], [84.82357745500008, 25.346251239000026], [84.82349662800004, 25.345217346000027], [84.82282352600004, 25.34452936300005], [84.82266067400008, 25.344230985000024], [84.82196237400007, 25.343651254000065], [84.82075650900003, 25.343336326000042], [84.82015546600007, 25.343366161000063], [84.81964937400005, 25.343202134000023], [84.81912943400005, 25.34275378700005], [84.81869595200004, 25.34173251200008], [84.81812107900004, 25.341383302000054], [84.81758299800003, 25.34043388500004], [84.81664082900005, 25.340015873000027], [84.81605689700007, 25.339422892000073], [84.81571538100008, 25.339083367000057], [84.81524314900008, 25.339185711000027], [84.81489841200005, 25.339762422000035], [84.81461938600006, 25.34002793600007], [84.81424705000006, 25.339968129000056], [84.81349860400007, 25.339532662000067], [84.81278851100006, 25.339494393000052], [84.81224986000007, 25.340129242000046], [84.81144973100004, 25.340262291000045], [84.81072079700004, 25.339917008000043], [84.81042895900003, 25.339591218000066], [84.80868588200008, 25.33951379900003], [84.80783635100005, 25.339583437000044], [84.80652419100005, 25.33985482500003], [84.80502409500008, 25.339895443000046], [84.80442263500004, 25.340010969000048], [84.80369567900004, 25.340500685000052], [84.80404928300004, 25.34296617800004], [84.80488574200007, 25.34513066200003], [84.80529819400004, 25.34779941100004], [84.80588176900005, 25.34984574200007], [84.80637950200008, 25.352293581000026], [84.80746303800004, 25.35211631800007], [84.80889549300008, 25.35158803400003], [84.80997415100006, 25.351397182000028], [84.81058849000004, 25.35182780300005], [84.81131932800008, 25.353017049000073], [84.81200295500008, 25.353538065000066], [84.81307688100009, 25.353274954000028], [84.81549481700006, 25.353589039000042], [84.81750050000005, 25.35390641400005], [84.81883628800006, 25.35402771300005], [84.81897116900006, 25.35519253500007], [84.81922368900007, 25.356854309000028], [84.81939942200006, 25.357712391000064], [84.82023585400003, 25.358599474000073], [84.82207545100005, 25.35955260000003], [84.82363636700006, 25.360653987000035], [84.82454271800003, 25.361410312000032], [84.82550791700004, 25.362428642000054], [84.82592874300008, 25.362831612000036], [84.82658178200006, 25.363618833000032], [84.82571550900008, 25.364148898000053], [84.82490015100007, 25.36432254400006], [84.82441728400005, 25.364623608000045], [84.82378648800005, 25.364576655000064], [84.82248387800007, 25.364884247000077], [84.81879102500005, 25.366814290000036], [84.81702340600003, 25.367928457000062], [84.81538019800007, 25.368993336000074], [84.81288806300006, 25.369888584000023], [84.81107206400003, 25.370632408000063], [84.80924088800003, 25.37146647000003], [84.80807534600007, 25.372284472000047], [84.80703511500008, 25.372822951000046], [84.80625254200004, 25.37216611100007], [84.80551873600007, 25.37174415100003], [84.80486778100004, 25.37178725800004], [84.80430333500004, 25.37127559700008], [84.80389696100008, 25.371008049000068], [84.80403369700008, 25.370295358000078], [84.80355122100008, 25.369102261000023], [84.80333567700006, 25.368266676000076], [84.80290949400006, 25.366631453000025], [84.80283970800008, 25.36533135600007], [84.80276110500006, 25.363742366000054], [84.80189275300006, 25.362123874000076], [84.80043367900004, 25.36172232800004], [84.79901852000006, 25.361564464000026], [84.79809523100005, 25.361390167000025], [84.79634653100004, 25.36141637700007], [84.79509905600008, 25.361570451000034], [84.79395215700004, 25.361408939000057], [84.79260081300004, 25.36144989400003], [84.79158732100007, 25.361464831000035], [84.79024107300006, 25.361474112000053], [84.78904339800005, 25.361596761000044], [84.78827206700004, 25.36195091700006], [84.78732661700008, 25.36236772700005], [84.78688608100003, 25.361946570000043], [84.78666501100008, 25.361309497000036], [84.78665285600005, 25.36057821000003], [84.78613313100004, 25.360080114000027], [84.78539969800005, 25.35962646200005], [84.78495257900005, 25.35962506800007], [84.78408600300008, 25.358909193000045], [84.78285689300003, 25.35817410900006], [84.78200194900006, 25.35831127000006], [84.78093802300003, 25.358538122000027], [84.77999325800005, 25.358796839000036], [84.77929087000007, 25.359309155000062], [84.77804177600007, 25.359864841000046], [84.77737979800008, 25.360205719000078], [84.77642439100003, 25.360622400000068], [84.77535831600005, 25.361395284000025], [84.77498315700007, 25.362062064000042], [84.77482761800007, 25.362467817000038], [84.77492445600006, 25.363104495000073], [84.77493258200008, 25.363569394000024], [84.77433035800004, 25.363847269000075], [84.77378301100003, 25.364093798000056], [84.77366268700007, 25.36437322200004], [84.77394795700008, 25.365091767000024], [84.77430703900006, 25.366009164000047], [84.77431926100007, 25.366695229000072], [84.77379524200006, 25.367298349000066], [84.77276470600003, 25.367854717000057], [84.77151514500008, 25.368536706000043], [84.77053922800008, 25.369093219000035], [84.76997145500007, 25.369461460000025], [84.76969586900003, 25.37005176300005], [84.76951494400004, 25.370565758000055], [84.76828056000005, 25.371152953000035], [84.76737443400003, 25.371646517000045], [84.76651243700007, 25.372293615000046], [84.76589919200006, 25.37283774800005], [84.76440104200003, 25.373509820000038], [84.76238079400008, 25.374311001000024], [84.76100710800006, 25.374942840000074], [84.75984305200006, 25.375300066000023], [84.75739842700006, 25.376605321000056], [84.75606357300006, 25.377426824000054], [84.75424616200007, 25.378400141000043], [84.75154937800005, 25.379379390000054], [84.74986647700007, 25.380231301000038], [84.74841234400003, 25.38104773200007], [84.74786598300005, 25.38161082700003], [84.74842967100005, 25.385285960000033], [84.74864579700005, 25.38711015800004], [84.74890376400003, 25.388392788000033], [84.74923352600007, 25.38884964600004], [84.74948183500004, 25.389193658000067], [84.75014517300008, 25.389800738000076], [84.75121207000007, 25.391356947000077], [84.75148388400004, 25.39292406900006], [84.75148952900008, 25.393971217000058], [84.75179928100005, 25.395980764000058], [84.75191472400007, 25.398138537000023], [84.75241049400006, 25.400848324000037], [84.75255109900007, 25.402410298000063], [84.75258159100008, 25.402749027000027], [84.75315739900003, 25.404114080000056], [84.75349061800006, 25.405275132000043], [84.75427803900004, 25.407141834000072], [84.75498854300008, 25.408389941000053], [84.75593756000006, 25.40965237000006], [84.75751612200008, 25.41133667500003], [84.76126340300004, 25.415005097000062], [84.76306546600006, 25.416735249000055], [84.76561256100007, 25.41609821800006], [84.76676231400006, 25.415682288000028], [84.76956796900004, 25.414991844000042], [84.77166834800005, 25.414213372000063], [84.77246961300006, 25.41391816400005], [84.77493675200003, 25.41336640700007], [84.77758347800005, 25.412666342000023], [84.77828603100005, 25.41219926800005], [84.77971040800008, 25.41139592600007], [84.78104295600008, 25.411215063000043], [84.78181566600006, 25.41061274200007], [84.78338420100005, 25.40978272600006], [84.78451379400008, 25.409416271000055]]]]}}, {"type": "Feature", "properties": {"OBJECTID": 179, "BLOCK_CODE": "0007", "NEAR_TOWN": "DINAPUR", "BLK_NAME": "NAUBATPUR", "DIST_NAME": "PATNA"}, "geometry": {"type": "MultiPolygon", "coordinates": [[[[84.94829294000004, 25.55867990300004], [84.94843337600008, 25.55821979600006], [84.94870280200007, 25.557913410000026], [84.94965388300005, 25.557635573000027], [84.95087213800008, 25.557949508000036], [84.95144966500004, 25.55779269100003], [84.95233166400004, 25.557275412000024], [84.95287418300006, 25.557213355000044], [84.95280382300007, 25.559519542000032], [84.95337853500007, 25.560504648000062], [84.95384929600004, 25.56130899300007], [84.95425481700005, 25.56232085700003], [84.95483137400004, 25.56260182500006], [84.95632498300006, 25.562266304000048], [84.95786893400003, 25.561669116000076], [84.95777571700006, 25.559055708000074], [84.95787771600004, 25.55804035400007], [84.95811711300007, 25.55779255400006], [84.95896410700004, 25.557333907000043], [84.96198565700007, 25.556784784000058], [84.96388288000009, 25.556143090000035], [84.96446144600003, 25.555530372000078], [84.96482407700006, 25.553671561000044], [84.96529952500003, 25.552503458000047], [84.96554041400003, 25.551641853000035], [84.96540733500007, 25.54896515200005], [84.96562755500008, 25.548428528000045], [84.96634098200008, 25.54756782900006], [84.96799936100007, 25.549046882000027], [84.97036745300005, 25.551267505000055], [84.97138435100004, 25.552591911000036], [84.97206005800007, 25.55299487700006], [84.97250281800007, 25.55302278100004], [84.97372280900004, 25.552564811000025], [84.97406281100007, 25.55185683700006], [84.97467713200007, 25.55084245300003], [84.97474325700006, 25.550197121000053], [84.97440824500006, 25.54875217400007], [84.97295442800004, 25.547025371000075], [84.97119760100009, 25.545085779000033], [84.97018169100005, 25.543391245000066], [84.97004928000007, 25.542528961000073], [84.97010043200004, 25.541928769000037], [84.97058151100003, 25.540453813000056], [84.97071917800008, 25.538978155000052], [84.97034960600007, 25.537469931000032], [84.96980958200004, 25.536484959000063], [84.96984597500006, 25.53580806900004], [84.97020541700005, 25.535271673000068], [84.97060994900005, 25.53456384200007], [84.97075096000003, 25.533823838000046], [84.97115549500006, 25.533147590000056], [84.97241721200004, 25.531768896000074], [84.97339917300008, 25.530908666000073], [84.97421576200009, 25.53057171200004], [84.97685716600006, 25.53063540200003], [84.97943347000006, 25.53085676200004], [84.98066707900006, 25.533151848000045], [84.98056496800007, 25.53432065800007], [84.98035880600008, 25.535304212000028], [84.98035680100008, 25.536197879000042], [84.98035506000008, 25.536996780000038], [84.98076148100006, 25.53764298400006], [84.98140090600003, 25.538722802000052], [84.98219343000005, 25.540276918000075], [84.98270069500006, 25.540341029000047], [84.98378577700004, 25.540094771000042], [84.98501115400006, 25.539419945000077], [84.98643468000006, 25.539084066000044], [84.98809665300007, 25.53893352500006], [84.99016601300008, 25.539000456000053], [84.99148416100007, 25.539093079000054], [84.99263840000003, 25.539095100000054], [84.99339964800004, 25.539019693000057], [84.99367385900007, 25.538771910000037], [84.99357182600005, 25.537602751000065], [84.99350913800004, 25.53668188000006], [84.99354569800005, 25.535851468000033], [84.99391967300005, 25.535450465000054], [84.99449145800008, 25.535604917000057], [84.99520808700004, 25.53548434000004], [84.99697194800007, 25.534133301000054], [84.99949291100006, 25.532291624000038], [84.99959893600004, 25.531569657000034], [84.99783272000008, 25.531616125000028], [84.99666172700006, 25.527872650000063], [84.99656418900008, 25.526920113000074], [84.99524503400005, 25.524981595000042], [84.99326942700003, 25.520685852000042], [84.99287068900009, 25.51871723900007], [84.99259003500003, 25.515038263000065], [84.99276484500007, 25.512362103000044], [84.99461044100008, 25.512198390000037], [84.99576496200007, 25.51192051700008], [84.99597011600008, 25.511307056000078], [84.99597141300006, 25.510688738000056], [84.99678788800009, 25.51035617100007], [84.99779277700009, 25.511527904000047], [84.99779287600006, 25.511526787000037], [84.99787750100006, 25.510429203000058], [84.99989233500008, 25.510219821000078], [85.00067325900005, 25.510252310000055], [85.00129565000003, 25.510193395000044], [85.00188739600009, 25.510220093000044], [85.00260356200005, 25.510252173000026], [85.00460432100004, 25.51075806500006], [85.00523922500008, 25.510992676000058], [85.00578476000004, 25.51119959300007], [85.00700886400006, 25.511763376000033], [85.00940699700004, 25.512953586000037], [85.01050616800006, 25.513588691000052], [85.01114014700005, 25.513936208000075], [85.01206362600004, 25.51476418900006], [85.01272132600008, 25.515242710000052], [85.01325028200006, 25.51505213300004], [85.01377562900007, 25.514694622000036], [85.01473832100004, 25.513780216000043], [85.01516976500005, 25.513349669000036], [85.01569399600004, 25.51313207000004], [85.01638225800008, 25.51291552200007], [85.01959549800006, 25.512395583000057], [85.02032938700006, 25.512080113000025], [85.02111032500005, 25.512094357000024], [85.02181273100007, 25.511977242000057], [85.02295905300008, 25.511732214000062], [85.02415726800007, 25.511212087000047], [85.02437107900005, 25.511836523000056], [85.02455576500006, 25.51237055000007], [85.02467132200007, 25.512831763000065], [85.02498992300008, 25.51341633800007], [85.02525545600008, 25.514411318000043], [85.02597987500008, 25.514642027000036], [85.02652238700006, 25.514618565000035], [85.02686346700006, 25.51458247000005], [85.02720454900003, 25.514546376000055], [85.02784745400004, 25.514415322000048], [85.02824825400006, 25.51406584800003], [85.02878772700006, 25.51318909500003], [85.02925399400004, 25.51274982800004], [85.02987284900007, 25.512505632000057], [85.03049609700008, 25.512347300000044], [85.03103973600008, 25.512174879000042], [85.03167719800007, 25.512088924000068], [85.03235308100005, 25.512174663000053], [85.03377105600003, 25.512161650000053], [85.03509075600005, 25.512003364000066], [85.03638636600004, 25.511741146000077], [85.03753735500004, 25.511527628000067], [85.03784487400003, 25.51102405200004], [85.03817791100005, 25.510439345000066], [85.03813236400003, 25.509919877000073], [85.03803650300006, 25.509467794000045], [85.03791675200006, 25.508893640000053], [85.03742577900005, 25.507477227000038], [85.03769589800004, 25.50403289700006], [85.03744285100004, 25.503465616000028], [85.03740883400008, 25.503438387000074], [85.03741250000007, 25.50342679000005], [85.03740248800005, 25.50342536900007], [85.03538145900006, 25.503138584000055], [85.03497308800007, 25.502576], [85.03468183500007, 25.502344381000057], [85.03467916000005, 25.50234225300005], [85.03452789200009, 25.502221957000074], [85.03359903200004, 25.50148327100004], [85.03285227500004, 25.501260967000064], [85.03187761600003, 25.501152043000047], [85.03119619400007, 25.50124633300004], [85.03071858700008, 25.50145814900003], [85.03028565600005, 25.501737767000066], [85.02987758200004, 25.50210756100006], [85.02946448600005, 25.502504499000054], [85.02862339100005, 25.50327574000005], [85.02791172000008, 25.503767253000035], [85.02689188600004, 25.504127664000066], [85.02591215900009, 25.504104417000065], [85.02480836300003, 25.503715537000062], [85.02386923100005, 25.502758010000036], [85.02342231200004, 25.501936219000072], [85.02343571400007, 25.500434092000035], [85.02318748600004, 25.500185475000023], [85.02272055400005, 25.49986879100004], [85.02253730200005, 25.499489329000028], [85.02270470500008, 25.49772031400005], [85.02242984400004, 25.495761083000048], [85.02191830800007, 25.495403663000047], [85.02127161900006, 25.495529110000064], [85.02034128000008, 25.495694580000077], [85.01925235800007, 25.495589090000067], [85.01862684100007, 25.495060008000053], [85.01814137300005, 25.494048269000075], [85.01839566100006, 25.49371018200003], [85.01857107800004, 25.492983727000023], [85.01874649800004, 25.492257365000057], [85.01868102500003, 25.49008626600005], [85.01801259300004, 25.48854613800006], [85.01750144300007, 25.48802173300004], [85.01715513600004, 25.487113969000063], [85.01680947500006, 25.485827051000058], [85.01670003900006, 25.48325871000003], [85.01635420800005, 25.482075671000075], [85.01486946800009, 25.481017112000075], [85.01440941700008, 25.47981584000007], [85.01452529000005, 25.479017085000066], [85.01480473500004, 25.47853462000006], [85.01554577700006, 25.478450074000023], [85.01647626500005, 25.47809500900007], [85.01728706000006, 25.477947328000027], [85.01833135400005, 25.477863184000057], [85.01830760500008, 25.477294467000036], [85.01782577100005, 25.477063524000073], [85.01861421000007, 25.475566334000064], [85.01924401400004, 25.473861172000056], [85.01931887200004, 25.47108102900006], [85.01948275200004, 25.468594349000057], [85.01943843600003, 25.46834152200006], [85.01965186400008, 25.465918067000075], [85.01988843900006, 25.464401966000025], [85.02070136400005, 25.463076260000037], [85.02060919200005, 25.461852961000034], [85.02010303400004, 25.461306018000073], [85.01875681400008, 25.460775846000047], [85.01771445900005, 25.459866920000024], [85.01755173000004, 25.459483142000067], [85.01739274100004, 25.459108181000033], [85.01776718600007, 25.458269277000056], [85.01804752300006, 25.45729933100006], [85.01818931600008, 25.45593198000006], [85.01809624600008, 25.455191538000065], [85.01719473300005, 25.453484038000056], [85.01641157900008, 25.452282248000074], [85.01611040800003, 25.45116239300006], [85.01597443300005, 25.449519275000057], [85.01643779100004, 25.448951282000053], [85.01732521100007, 25.447625750000043], [85.01779053800004, 25.446087410000075], [85.01786226400003, 25.444927497000037], [85.01763149900006, 25.44345127100007], [85.01585106900006, 25.441299935000075], [85.01476398200003, 25.440476787000023], [85.01205340800004, 25.43870312100006], [85.01068924900005, 25.437265619000073], [85.00879411500006, 25.435430007000036], [85.00773168600006, 25.434796367000047], [85.00636947900006, 25.434929484000065], [85.00515659500007, 25.43491843700008], [85.00332240600005, 25.434938013000078], [85.00286122300008, 25.434431648000043], [85.00314093200006, 25.43375514300004], [85.00330666300005, 25.432933954000077], [85.00377024600004, 25.432239636000077], [85.00433046200004, 25.430534434000037], [85.00370695500004, 25.429165798000042], [85.00303798200008, 25.42815364200004], [85.00203985600007, 25.427709718000074], [85.00143860600008, 25.427645487000063], [85.00039457200006, 25.427770045000045], [84.99962906200005, 25.427768752000077], [84.99895880400004, 25.42745164100006], [84.99826346900005, 25.427175211000076], [84.99789092500004, 25.427093282000044], [84.99739474100005, 25.42716263400007], [84.99658315600004, 25.42735234400004], [84.99527044600006, 25.427612375000024], [84.99165531600005, 25.428422952000062], [84.99002352400004, 25.42911513000007], [84.98901377400006, 25.42949249700007], [84.98792477800004, 25.42972073100003], [84.98707134700004, 25.429015122000067], [84.98625910300007, 25.42767763100005], [84.98507866400007, 25.42653808800003], [84.98341679100008, 25.42511332500004], [84.98298031300004, 25.42470188200008], [84.98143997500006, 25.42448236300004], [84.97980913300006, 25.424795353000036], [84.97859133600008, 25.42482468700007], [84.97779175300008, 25.42453889600006], [84.97739451400008, 25.42438468100005], [84.97738245100004, 25.423084731000074], [84.97835670300003, 25.42084785700007], [84.97837185400005, 25.420739531000038], [84.97824091200005, 25.41929052000006], [84.97761759600007, 25.417962388000035], [84.97727015800007, 25.41777219200003], [84.97692267400004, 25.41758197000007], [84.97546720100007, 25.41726324800004], [84.97386701900007, 25.41719706600003], [84.97296777600008, 25.417100566000045], [84.97227076700005, 25.417604832000052], [84.97188648200006, 25.418330774000026], [84.97186053500008, 25.418813616000023], [84.97101895700007, 25.41952520500007], [84.97014792200008, 25.420092227000055], [84.96910497600004, 25.419742728000074], [84.96813682800007, 25.419334649000064], [84.96873055600008, 25.418324719000054], [84.96841979400006, 25.417313097000033], [84.96828248700007, 25.41649594300003], [84.96811025000005, 25.415768867000054], [84.96790218400008, 25.415497690000052], [84.96630939200008, 25.41440685300006], [84.96539027100005, 25.41426517600007], [84.96396786000008, 25.414736361000053], [84.96261011800004, 25.415144406000024], [84.96170519900005, 25.41533221800006], [84.96070052500005, 25.41564615900006], [84.95934170000004, 25.41652360200004], [84.95875606700008, 25.416174881000074], [84.95820609200007, 25.415487777000067], [84.95681349300008, 25.415886663000038], [84.95528245000008, 25.416041587000052], [84.95443336500006, 25.415741972000035], [84.95321667600007, 25.41536043600007], [84.95217682300006, 25.415832185000056], [84.95106205100006, 25.41643027400005], [84.95062459800005, 25.416506124000023], [84.94943113900007, 25.416774445000044], [84.94818220500008, 25.417367676000026], [84.94685879200006, 25.417933711000046], [84.94512435600006, 25.417930085000023], [84.94304396800004, 25.41710882700005], [84.94201683900008, 25.416452164000077], [84.94150316000008, 25.415232479000053], [84.94098430700006, 25.414030823000076], [84.94064422300005, 25.412928730000033], [84.94057863000006, 25.411380455000028], [84.94019806100005, 25.41055822800007], [84.94031943300007, 25.40972350900006], [84.94053041800004, 25.408812169000043], [84.94164681600006, 25.407550763000074], [84.94248349900005, 25.40685744500007], [84.94352434200005, 25.40597950800003], [84.94349186200003, 25.405031627000028], [84.94203900200006, 25.40380089200005], [84.94091372000008, 25.402710739000042], [84.94077660800008, 25.40192514100005], [84.94091949900007, 25.400440481000032], [84.94092334200008, 25.398928478000073], [84.94092834300005, 25.396942529000057], [84.94050559500005, 25.396414483000058], [84.94008136000008, 25.395884573000046], [84.93904148800004, 25.394465122000042], [84.93901047700007, 25.392984616000035], [84.93905012000005, 25.391089006000072], [84.93919270400005, 25.389735305000045], [84.93931568800008, 25.388273188000028], [84.93918495200006, 25.386914285000046], [84.93797070400007, 25.38571569100003], [84.93672836300004, 25.383880514000055], [84.93617504900004, 25.382656163000036], [84.93517019100005, 25.383109938000075], [84.93271623500004, 25.382924090000074], [84.93078434800003, 25.382590461000063], [84.92788329400008, 25.38239002200004], [84.92587698200003, 25.382060632000048], [84.92422989700003, 25.381145240000023], [84.92265415400004, 25.381403500000033], [84.92164871400007, 25.382082832000037], [84.92173602500003, 25.382881912000073], [84.92191156100006, 25.384087452000074], [84.92255384400005, 25.38545646500006], [84.92323104800005, 25.386757874000068], [84.92354979800007, 25.388320234000048], [84.92280991000007, 25.389997615000027], [84.92244901300006, 25.391170358000068], [84.92144390200008, 25.39169164200007], [84.92001145200004, 25.392239096000026], [84.91839414800006, 25.39311555000006], [84.91778547400008, 25.39399435200005], [84.91710127200008, 25.395261135000055], [84.91675330900006, 25.39713344000006], [84.91632233000007, 25.398468439000055], [84.91642118200008, 25.400454581000076], [84.91810412700005, 25.401076800000055], [84.91856939200005, 25.40172777400005], [84.91842264400003, 25.40270233900003], [84.91748884700007, 25.404361238000035], [84.91766235100005, 25.406347492000066], [84.91723500300003, 25.408151945000043], [84.91654320400005, 25.40852953600006], [84.91507552400003, 25.409144539000067], [84.91259850500006, 25.409919695000042], [84.91159233800005, 25.41072982700007], [84.91094468100005, 25.411315040000034], [84.91047467800007, 25.41235213300007], [84.90983072500006, 25.41336167000003], [84.90949537700004, 25.414227442000026], [84.90953578400007, 25.41573958400005], [84.90979955200004, 25.41738306600007], [84.91036653600008, 25.41904540300004], [84.91071930200008, 25.420838013000036], [84.91071564300006, 25.422173994000048], [84.91040695500004, 25.424141150000025], [84.91069040400004, 25.425865961000056], [84.91125938900007, 25.426779070000066], [84.91152014500005, 25.427740984000025], [84.91214830700005, 25.428866325000058], [84.91251785200006, 25.430022601000076], [84.91469099900007, 25.429621405000034], [84.91533611900007, 25.430015553000032], [84.91588991400005, 25.43107297100005], [84.91596064800007, 25.432440662000033], [84.91692083400005, 25.433941317000063], [84.91702602900006, 25.43547164900008], [84.91777357000007, 25.43657918300005], [84.91858167800007, 25.43732573500006], [84.91945689100004, 25.43720128600006], [84.92078260400007, 25.437759478000032], [84.92255519600008, 25.438462978000075], [84.92434247400007, 25.43928395900008], [84.92720945900004, 25.43974610400005], [84.92932546300005, 25.44033750400007], [84.92975097000004, 25.44108317200005], [84.92978789800009, 25.442161937000037], [84.92935054800006, 25.444016066000074], [84.92875630000003, 25.445039278000024], [84.92793008400008, 25.445425690000036], [84.92624507800008, 25.44535875500003], [84.92470377700005, 25.445454659000063], [84.92348392000008, 25.44616508100006], [84.92251438600005, 25.446230567000043], [84.92201925000006, 25.445511864000025], [84.92076192100006, 25.445378163000044], [84.91904134900005, 25.44557289200003], [84.91703153100008, 25.446150560000035], [84.91710440900005, 25.44676911700003], [84.91775840600008, 25.449361327000076], [84.91793286500007, 25.45102261100004], [84.91796612100006, 25.45157335500005], [84.91728359900003, 25.452126989000078], [84.91602983900003, 25.452480655000045], [84.91466762200008, 25.452477587000033], [84.91355434300004, 25.45238024300005], [84.91280304000009, 25.45260423800005], [84.91269265000005, 25.452996625000026], [84.91322901100006, 25.45319190400005], [84.91434147600006, 25.45358718400007], [84.91394725200007, 25.45410533200004], [84.91290208900006, 25.45452714000004], [84.91122037100007, 25.455042304000074], [84.91067338600004, 25.455090745000064], [84.91085648300003, 25.45537097700003], [84.91150199200007, 25.45566134200004], [84.91272134500008, 25.455176657000038], [84.91397707800007, 25.455897265000033], [84.91394000400004, 25.456745655000077], [84.91479937100007, 25.457004922000067], [84.91626578400007, 25.457075965000058], [84.91827481400009, 25.456850305000046], [84.92055166400007, 25.45690509900004], [84.92463815500008, 25.456945801000074], [84.92893987800005, 25.456436232000044], [84.93080397500006, 25.456535115000065], [84.93130470200003, 25.457059763000075], [84.93069571200004, 25.457970173000035], [84.93008335700006, 25.45829380300006], [84.92864920500006, 25.459202336000033], [84.92860748900006, 25.459919929000023], [84.92896234800008, 25.461094208000077], [84.92921133300007, 25.46281885600007], [84.92881420100008, 25.46447894000005], [84.92743056300003, 25.465013077000037], [84.92538618800006, 25.46536963400007], [84.92255654500008, 25.46562059100006], [84.92079450900007, 25.466365858000074], [84.91950402800006, 25.467342398000028], [84.91813885200008, 25.468413474000045], [84.91730975200005, 25.469779175000042], [84.91691268400007, 25.471339943000032], [84.91583349200005, 25.471405264000055], [84.91502682600003, 25.471841162000032], [84.91462689000008, 25.472621107000066], [84.91458802800008, 25.47408791600003], [84.91451505200007, 25.47529280200007], [84.91275591500005, 25.47492766700003], [84.90981891000007, 25.474370305000036], [84.90774279900006, 25.473548536000067], [84.90530158600006, 25.473511173000077], [84.90394042400004, 25.473052136000035], [84.90369068600006, 25.473475805000078], [84.90395670200007, 25.474338454000076], [84.90338106200005, 25.47567312900003], [84.90351908600007, 25.477821864000077], [84.90417076100005, 25.481226548000052], [84.90449054500004, 25.482432360000075], [84.90492021100005, 25.483439934000046], [84.90495002400007, 25.48520024900006], [84.90576886200006, 25.487544591000074], [84.90639187300008, 25.488796338000043], [84.90821611300004, 25.49084965000003], [84.91082938000005, 25.49173591400006], [84.91348359300008, 25.49222946900005], [84.91609884000007, 25.492429535000042], [84.91609290500008, 25.494577924000055], [84.91691546700008, 25.495653960000027], [84.91812938300006, 25.497286040000063], [84.91723206000006, 25.498064887000055], [84.91716053100004, 25.498782298000037], [84.91615493200004, 25.499136642000053], [84.91540017300008, 25.49871061400006], [84.91529778400007, 25.497961141000076], [84.91508258600004, 25.496660788000042], [84.91458232400004, 25.495910378000076], [84.91365097600004, 25.496395697000025], [84.91267734700006, 25.497792624000056], [84.91303330900007, 25.49854272700003], [84.91306552000003, 25.499486146000038], [84.91219350800003, 25.500312476000033], [84.91163342400006, 25.50120238100004], [84.91099550600006, 25.50165684700005], [84.91092306500008, 25.502694740000038], [84.91075293000006, 25.503059904000054], [84.91031415400005, 25.503429055000026], [84.91041753000007, 25.503821939000034], [84.91058501900005, 25.504404518000058], [84.91047756100005, 25.50547399800007], [84.91047573000003, 25.50614195600008], [84.91050925800005, 25.506570844000066], [84.90879377200008, 25.506449502000066], [84.90888044700006, 25.505705009000053], [84.90867852000008, 25.504973326000027], [84.90810866300006, 25.50423633500003], [84.90683608000006, 25.504021218000048], [84.90555696700005, 25.504352184000027], [84.90417778800008, 25.50486798600008], [84.90181850000005, 25.505534905000047], [84.90010543500006, 25.506261961000064], [84.89872701800005, 25.50653403000007], [84.89821941800005, 25.50662307400006], [84.89742814500005, 25.50679271100006], [84.89702537000005, 25.50676011300004], [84.89685894000007, 25.505843494000032], [84.89693230300009, 25.504561833000025], [84.89713372500006, 25.50370930100007], [84.89740427000004, 25.503037470000038], [84.89724189100008, 25.502427736000072], [84.89667137200007, 25.50193889700006], [84.89636835900006, 25.501816313000063], [84.89585768600006, 25.500460753000027], [84.89525968900006, 25.500003766000077], [84.89458919000003, 25.499704269000063], [84.89462957000006, 25.499492211000074], [84.89386979900007, 25.49909764000006], [84.89350793100004, 25.49871768500003], [84.89304078900005, 25.498572092000074], [84.89227994700008, 25.49855215300005], [84.89148452200004, 25.49846902400003], [84.89047445700004, 25.498615502000064], [84.88976790300006, 25.498762726000052], [84.88702526500003, 25.498752522000075], [84.88513496000007, 25.49878766300003], [84.88220307900008, 25.49922351600003], [84.88021419200004, 25.499546473000066], [84.87802062300005, 25.500111571000048], [84.87657865100005, 25.50043127200007], [84.87576622200004, 25.501011428000027], [84.87378628800008, 25.50118688200007], [84.87274177200004, 25.501215811000066], [84.87227047400006, 25.500849006000067], [84.87129568600005, 25.500846454000055], [84.87022125300007, 25.500902366000048], [84.86975112900006, 25.50172710000004], [84.86994587900006, 25.503072617000043], [84.87007611900003, 25.50435477600007], [84.87043985800005, 25.505727770000078], [84.87099419900005, 25.506595772000026], [84.87179533600005, 25.50806019600003], [84.87179402700008, 25.508488984000053], [84.87135439400004, 25.509097191000023], [84.87085009400005, 25.509736709000038], [84.87071214900004, 25.51089633500004], [84.87057538600004, 25.511690346000023], [84.87023657800006, 25.511874557000056], [84.86832155900004, 25.511896602000036], [84.86877125300003, 25.51282756200004], [84.86940613000007, 25.513379860000043], [84.87004751800004, 25.51347180500005], [84.87098803100008, 25.51332074100003], [84.87263510300005, 25.513081283000076], [84.87485500700006, 25.512567915000034], [84.87726114300006, 25.512249447000045], [84.87726367800008, 25.512249625000038], [84.87873398100004, 25.51439225400003], [84.87912925900008, 25.516893651000032], [84.87929398400007, 25.518329322000056], [84.87954146200008, 25.520329446000062], [84.88047438500007, 25.522683263000033], [84.88124075700006, 25.524201764000054], [84.88174487500004, 25.525299763000078], [84.881942, 25.525882442000068], [84.88184191100004, 25.526094345000047], [84.88146857500004, 25.526188225000055], [84.88079538200003, 25.52670554200006], [84.88069435700004, 25.527219785000057], [84.88082693000007, 25.527802377000057], [84.88117857900005, 25.52830422900007], [84.88222066500003, 25.529132813000047], [84.88278543200005, 25.52989702800005], [84.88312027300003, 25.531026220000058], [84.88264724000004, 25.53280330900003], [84.88153696300003, 25.533107478000034], [84.88119748900004, 25.533503800000062], [84.88142850100007, 25.534420597000064], [84.88202866700004, 25.53664718600004], [84.88078468800006, 25.53673888000003], [84.87987237500005, 25.53737742800007], [84.88017019100005, 25.539206146000026], [84.88146241300007, 25.539624649000075], [84.88294115600007, 25.54087855000006], [84.88434862100007, 25.542651359000047], [84.88494753800006, 25.543690922000053], [84.88532027800005, 25.543813728000032], [84.88582294900004, 25.543756288000054], [84.88572422700008, 25.543507823000027], [84.88518423100004, 25.542716600000062], [84.88502115300008, 25.54237770700007], [84.88542602700005, 25.541737787000045], [84.88576103200006, 25.54119251700007], [84.88542966900008, 25.540519224000036], [84.88516307000003, 25.539846011000066], [84.88536369300004, 25.539327437000054], [84.88691274600006, 25.53869045400006], [84.88771882100008, 25.53866084300006], [84.88839285600005, 25.53952003300003], [84.88926080400006, 25.54040681600003], [84.88952908400006, 25.540529310000068], [84.88966701000004, 25.539306515000078], [84.88977403200005, 25.538453764000053], [84.88994699100004, 25.53716789200007], [84.89072017500007, 25.536470219000023], [84.89193449100009, 25.536319710000043], [84.89297338500006, 25.536597569000037], [84.89461857400005, 25.53712058900004], [84.89572621600007, 25.537700968000024], [84.89646577800005, 25.538285030000054], [84.89690155500006, 25.53897213600004], [84.89602546100008, 25.539150508000034], [84.89548889400004, 25.538905542000066], [84.89474758500006, 25.538903685000037], [84.89454811600007, 25.539056663000054], [84.89454628400006, 25.53969762400004], [84.89472921000004, 25.540077136000036], [84.89530049300004, 25.54035388400007], [84.89620939800005, 25.540875146000076], [84.89795232400007, 25.542007682000076], [84.89878065100004, 25.542880745000048], [84.89844172300008, 25.543092089000027], [84.89790312900004, 25.54354666300003], [84.89635579000003, 25.543574474000025], [84.89541631400004, 25.54329690900005], [84.89501473500007, 25.54280845200003], [84.89434374600006, 25.54259470100004], [84.89323446000003, 25.54252883500004], [84.89262753100007, 25.542527336000035], [84.89239222300006, 25.54301423000004], [84.89225525200004, 25.543930081000042], [84.89174667500004, 25.544294457000035], [84.89033279100005, 25.544629521000047], [84.88878555800005, 25.54459408400004], [84.88855105300007, 25.544837202000053], [84.88890267200009, 25.545370711000032], [84.88994402700007, 25.546533158000045], [84.89131777000006, 25.547998946000064], [84.89288772600008, 25.550444474000074], [84.89356126500007, 25.55148422900004], [84.89433238000004, 25.55151766000006], [84.89579444400005, 25.551778479000063], [84.89707164500004, 25.55226906100006], [84.89978992400006, 25.553403958000047], [84.90136970100008, 25.554260748000047], [84.90251402700005, 25.55426348000003], [84.90341986800007, 25.554175299000065], [84.90379204200008, 25.554514750000067], [84.90456179500006, 25.55503557000003], [84.90583916900005, 25.555494491000047], [84.90676503600008, 25.555356670000037], [84.90676741900006, 25.554530792000037], [84.90649686600005, 25.553433330000075], [84.90640964000005, 25.55260273300007], [84.90648048500003, 25.552187592000053], [84.90725748800008, 25.551882551000062], [84.90784901800004, 25.552087064000034], [84.90827992800007, 25.552774106000072], [84.90871080900007, 25.553497243000038], [84.90916669400008, 25.554139200000066], [84.90934540600006, 25.55428852500006], [84.90994237800004, 25.55433051600005], [84.91087310600005, 25.554224377000025], [84.91217180500007, 25.554186795000078], [84.91296732200004, 25.55437369400005], [84.91344843000007, 25.554934452000055], [84.91424341200008, 25.555328917000054], [84.91545210200007, 25.55545806500004], [84.91620162500004, 25.556100651000065], [84.91805649600008, 25.558284877000062], [84.91827579800008, 25.55995983100007], [84.91864184000008, 25.560768605000078], [84.92032797900004, 25.561020626000072], [84.92041713600008, 25.55933737400005], [84.92069298700005, 25.55853459800005], [84.92133529600005, 25.558382563000066], [84.92177821000007, 25.558356462000063], [84.92303067100005, 25.558851209000068], [84.92485917200008, 25.559807616000057], [84.92594357700006, 25.559931878000043], [84.92873787300005, 25.560723433000078], [84.93002587900008, 25.561001521000037], [84.93087074300007, 25.56137350800003], [84.93111393200007, 25.559744657000067], [84.93155845700005, 25.559100228000034], [84.93236989500008, 25.558948576000034], [84.93308166800006, 25.558855337000068], [84.93389824500008, 25.55864494800005], [84.93503087400006, 25.559328957000048], [84.93589550100006, 25.559786663000068], [84.93664153600008, 25.559910096000067], [84.93909587400003, 25.56134608600007], [84.94055070200005, 25.56257681900007], [84.94112615000006, 25.56325502800007], [84.94217249400003, 25.564642854000056], [84.94332336900004, 25.566058009000074], [84.94359101500004, 25.56646027200003], [84.94396359000007, 25.566709283000023], [84.94535661800006, 25.566833991000067], [84.94691372500006, 25.56695916800004], [84.94850672000007, 25.56671872000004], [84.950205, 25.566135479000025], [84.95158050200007, 25.565258176000043], [84.94995721700008, 25.563715778000073], [84.94814596500004, 25.561730628000078], [84.94821685700003, 25.56123885200003], [84.94825827600005, 25.560588986000027], [84.94829294000004, 25.55867990300004]], [[84.88782808500008, 25.505469378000043], [84.88550370800004, 25.506045807000078], [84.88311416000005, 25.506802621000077], [84.88230715300006, 25.507224896000025], [84.88203725600005, 25.507653018000042], [84.88223923600003, 25.50829439300003], [84.88270549300006, 25.508724313000073], [84.88334498500006, 25.50942549800004], [84.88330796200006, 25.510129549000055], [84.88286341500003, 25.510751296000024], [84.88188665100006, 25.511389691000034], [84.87887620500004, 25.511828929000046], [84.87726335500008, 25.512249154000074], [84.87617551400007, 25.51178598200005], [84.87563952100004, 25.511419010000054], [84.87483789600003, 25.510076543000025], [84.87473539000007, 25.50946693700007], [84.87513884300006, 25.509251310000025], [84.87578104100004, 25.509072383000046], [84.87631853400006, 25.508978975000048], [84.87652390600005, 25.508492114000035], [84.87685898400008, 25.507883586000048], [84.87776949000005, 25.507795671000054], [84.87837150800004, 25.50773402300007], [84.87960260900007, 25.506866004000074], [84.88141898600009, 25.506532080000056], [84.88271370100006, 25.506007263000072], [84.88349048000003, 25.505702332000055], [84.88419813700006, 25.50524827600003], [84.88486921400005, 25.505371730000036], [84.88530752600008, 25.50512910200007], [84.88550736900004, 25.504854290000026], [84.88571280800005, 25.50433573600003], [84.88631561400007, 25.50400330000008], [84.88695686500006, 25.504095178000057], [84.88745909700003, 25.504155058000038], [84.88762732800006, 25.504430806000073], [84.88783005600004, 25.504828493000048], [84.88782808500008, 25.505469378000043]]]]}}, {"type": "Feature", "properties": {"OBJECTID": 180, "BLOCK_CODE": "0013", "NEAR_TOWN": "PATNA", "BLK_NAME": "PUNPUN", "DIST_NAME": "PATNA"}, "geometry": {"type": "MultiPolygon", "coordinates": [[[[85.04950287500003, 25.50135175400004], [85.04960253500008, 25.500977207000062], [85.04968734000005, 25.500683813000023], [85.04979186700007, 25.50044015000003], [85.05062559600003, 25.50014085500004], [85.05117025100003, 25.49994532900007], [85.05226656700006, 25.49981728700004], [85.05322236300003, 25.499705649000077], [85.05392412900005, 25.49991340400004], [85.05447230500005, 25.500292278000074], [85.05463675800007, 25.500405940000064], [85.05470964900007, 25.500456319000023], [85.05561035300008, 25.500974358000065], [85.05627913000006, 25.50133538700004], [85.05693882500003, 25.501574506000054], [85.05757520300006, 25.50161924500003], [85.05829229100004, 25.501529110000035], [85.05895422600008, 25.501483775000054], [85.05971807200007, 25.501759639000056], [85.06026110400006, 25.50229143300004], [85.06086328000004, 25.502886772000068], [85.06122952600003, 25.503128352000033], [85.06166704800006, 25.50315828600003], [85.06211128700005, 25.502976102000048], [85.06292122900004, 25.502453134000064], [85.06384222700007, 25.501736833000052], [85.06442283700005, 25.501275580000026], [85.06502118900005, 25.50118081200003], [85.06502555300005, 25.50118012100006], [85.06583039700007, 25.501307273000066], [85.06674038900007, 25.501990343000045], [85.06736745900008, 25.50258576600004], [85.06780834800009, 25.502823420000027], [85.06844383600009, 25.50298104500007], [85.06921541100007, 25.50291376000007], [85.06971429800006, 25.502740912000036], [85.07045263600008, 25.502470266000046], [85.07111074300008, 25.502284936000024], [85.07166328400007, 25.502234281000028], [85.07242485800003, 25.50217596300007], [85.07326515700004, 25.502221984000073], [85.07431163700005, 25.50263054100003], [85.07509447100006, 25.50302828100007], [85.07567608800008, 25.503086248000045], [85.07616926300005, 25.502994604000037], [85.07684904400008, 25.502583564000076], [85.07725957500008, 25.502243123000028], [85.07812587500007, 25.50150826400005], [85.07858115600004, 25.50116801200005], [85.07979081000008, 25.501178243000027], [85.08059701700006, 25.501094204000026], [85.08113490200003, 25.50104777000007], [85.08172260500004, 25.501057352000032], [85.08290650300006, 25.50043279500005], [85.08330004100003, 25.49994122000004], [85.08349502100003, 25.49922831600003], [85.08324911300008, 25.497219591000032], [85.08334451100006, 25.496551664000037], [85.08353924300008, 25.49598316500004], [85.08383791800009, 25.49578045100003], [85.08455867500004, 25.49605659300005], [85.08503103300006, 25.49605714000006], [85.08577625300006, 25.496626612000057], [85.08644624100003, 25.497697032000076], [85.08734475300008, 25.49890767100004], [85.08832367900004, 25.499481994000064], [85.08993473400005, 25.499695858000052], [85.09062486800008, 25.499528072000032], [85.09084022300004, 25.499475714000027], [85.09193983400007, 25.499057187000062], [85.09370593100004, 25.498558024000033], [85.09535255500003, 25.498203201000024], [85.09616772000004, 25.49852002600005], [85.09656952400007, 25.49934642200003], [85.09684234500008, 25.49991542300006], [85.09701079700005, 25.500434623000046], [85.09740466000005, 25.501178672000037], [85.09800579700004, 25.501931843000023], [85.09866366100005, 25.50242805700003], [85.09932862900007, 25.502644447000023], [85.10000538300005, 25.502617052000062], [85.10052805200007, 25.502570683000044], [85.10113611700007, 25.50241643000004], [85.10164515600007, 25.502193875000046], [85.10210456000004, 25.501971016000027], [85.10262371000005, 25.501734956000064], [85.10317865900004, 25.501363725000033], [85.10371406000007, 25.50094266900004], [85.10420215800008, 25.500437431000023], [85.10418789900007, 25.499922928000046], [85.10442277200008, 25.498961786000052], [85.10509032800007, 25.498001053000053], [85.10549876100004, 25.497495943000047], [85.10630939200007, 25.497465128000044], [85.10716490000004, 25.497429886000077], [85.10752756800008, 25.497714575000032], [85.10866540800004, 25.498609361000035], [85.10948928500005, 25.500036446000024], [85.10953355600003, 25.50043816300007], [85.10946623200005, 25.501000384000065], [85.10965022200008, 25.501465280000048], [85.11004301300005, 25.50187605700006], [85.11058016200008, 25.502336505000073], [85.11118190200006, 25.502643427000066], [85.11215654900008, 25.503036233000046], [85.11295227800008, 25.503474065000034], [85.11355901600007, 25.50406537400005], [85.11453871400005, 25.505184779000047], [85.11508071800006, 25.50583927200006], [85.11547859800004, 25.506150778000062], [85.11584169900004, 25.50635393300007], [85.11632908600006, 25.50641706500005], [85.11696566400008, 25.50631338100004], [85.11776148700005, 25.506078647000038], [85.11924852600004, 25.505564177000053], [85.12014880600003, 25.505279940000037], [85.12081524700005, 25.50516705800004], [85.12161098600006, 25.505176163000044], [85.12216795000006, 25.505121959000064], [85.12269019300004, 25.504905345000054], [85.12352576100005, 25.504070401000035], [85.12426678900005, 25.503330203000075], [85.12452434100004, 25.503182283000058], [85.12490339400006, 25.502964578000046], [85.12541565200007, 25.502815602000055], [85.12604724700003, 25.502833697000028], [85.12653464100003, 25.50297811300004], [85.12722100600007, 25.50325344600003], [85.12751198600006, 25.50334823600008], [85.12780286100008, 25.50344299300008], [85.12862849900006, 25.503519682000046], [85.12937451800008, 25.503420341000037], [85.13025474500006, 25.50314048200005], [85.13079681200009, 25.502743330000044], [85.13132402100007, 25.502206228000034], [85.13179144900005, 25.501502113000072], [85.13217934400006, 25.500960405000058], [85.13243297000008, 25.50042332000004], [85.13327076500008, 25.499908756000025], [85.13463475400005, 25.499807196000063], [85.13548654200008, 25.500477294000063], [85.13590935900004, 25.501203903000032], [85.13601873400006, 25.50133482900003], [85.13651113500003, 25.50166424400004], [85.13717758200005, 25.501713832000064], [85.13794844600005, 25.501700285000027], [85.13868448200003, 25.50184011500005], [85.13978863900007, 25.502264285000024], [85.14033581300004, 25.50266591600007], [85.14082315700006, 25.50290956400005], [85.14159407500006, 25.503121621000048], [85.14234005400004, 25.502963557000044], [85.14318542400008, 25.502322582000033], [85.14377714200003, 25.501564212000062], [85.14443625600006, 25.500435882000033], [85.14439200600003, 25.499898796000025], [85.14429958200003, 25.49750203800005], [85.14397718100008, 25.496450168000024], [85.14337697900004, 25.49472556300003], [85.14185115700008, 25.49371347700003], [85.14101692500003, 25.492241397000043], [85.14037185300003, 25.49068375400003], [85.14041771800004, 25.489505756000028], [85.14120430300005, 25.488454710000042], [85.14165185300004, 25.488459590000048], [85.14318376700004, 25.488167357000066], [85.14429225600009, 25.488714295000023], [85.14586899900007, 25.48829567200005], [85.14637666200008, 25.48774985700004], [85.14679500200003, 25.487037], [85.14883592100006, 25.484556006000048], [85.15055197700008, 25.483839578000072], [85.15147725800006, 25.48346102800008], [85.15259104000006, 25.483588157000042], [85.15356063100006, 25.48367457300003], [85.15484933700003, 25.482574170000078], [85.15703346200007, 25.48109063800007], [85.15758115500006, 25.48009799700003], [85.15754699400009, 25.479231338000034], [85.15836757700004, 25.47908295700006], [85.15890926300006, 25.47954816200007], [85.16078860000005, 25.479860762000044], [85.16262866700004, 25.479487262000077], [85.16303627800005, 25.47967704100006], [85.16477708500008, 25.478996555000037], [85.16576753200007, 25.477634031000036], [85.16668765000009, 25.477323154000032], [85.16774647500006, 25.47772542900003], [85.16877060900003, 25.478037404000077], [85.16979512500006, 25.477636279000023], [85.17020369000005, 25.476490098000056], [85.17085021900004, 25.476210598000023], [85.17176974600005, 25.476770733000023], [85.17207743400007, 25.47772782900006], [85.17242010300004, 25.47835083900003], [85.17333979200004, 25.478631178000057], [85.17477140000005, 25.479376643000023], [85.17777441600003, 25.479969467000046], [85.17930569900005, 25.480371922000074], [85.17919570400005, 25.481495730000063], [85.17974663300004, 25.48330585800005], [85.17965617000004, 25.48494418200005], [85.17960506300005, 25.48729574300006], [85.17988322400004, 25.487927795000076], [85.18067359300005, 25.48830726500006], [85.18192176000008, 25.48834847300003], [85.18326447200008, 25.488349123000035], [85.18386595200008, 25.488814270000034], [85.18484012900007, 25.48969482900003], [85.18664496500008, 25.490246291000062], [85.18794282600004, 25.490413799000066], [85.18942479200007, 25.49024747200008], [85.18924177000008, 25.488423879000038], [85.18913276900008, 25.487498577000054], [85.18896409300004, 25.486622882000063], [85.18874587400006, 25.485498994000068], [85.18800682600005, 25.481729904000076], [85.18659085600007, 25.47940481100005], [85.18592067200007, 25.47742306300006], [85.18602096000006, 25.47586147900006], [85.18645875600004, 25.475419345000034], [85.18696625100006, 25.47465227300006], [85.18689692900006, 25.47410156500007], [85.18672818400006, 25.47355086500005], [85.18669453100006, 25.471226424000065], [85.18699886000007, 25.46933080100007], [85.18834710900006, 25.467738164000025], [85.18979915400007, 25.46706621000004], [85.19144997000006, 25.46694504000004], [85.19589481000008, 25.467131839000047], [85.19922602100007, 25.467038199000058], [85.20182136000005, 25.466980397000043], [85.20266168100005, 25.46685883600003], [85.20360655500008, 25.466340057000025], [85.20427860400008, 25.463984285000038], [85.20441347100007, 25.46217893100004], [85.20397706500006, 25.459208852000074], [85.20407734400004, 25.456947583000044], [85.20387889000006, 25.455999762000033], [85.20357577500005, 25.45557081800007], [85.20253194900005, 25.455141758000025], [85.19885810500006, 25.454896724000037], [85.19849069100007, 25.453948756000045], [85.19751276000005, 25.450581353000075], [85.19620236400004, 25.445873292000044], [85.19556232900004, 25.442997943000023], [85.19451955400007, 25.440614331000063], [85.19418200300004, 25.43960318300003], [85.19431716200006, 25.437522530000024], [85.19125506600005, 25.437737954000056], [85.18909763600004, 25.43801238800006], [85.18636851600007, 25.438318157000026], [85.18482270300007, 25.43810082400006], [85.18374424200005, 25.437797956000054], [85.18313832500007, 25.436944673000028], [85.18287058200008, 25.435626515000024], [85.18317531900004, 25.43287342900004], [85.18290814100004, 25.43067075500005], [85.18368498500007, 25.427890739000077], [85.18351638300004, 25.427186585000072], [85.18270664600004, 25.426360186000068], [85.18075440300004, 25.42449064500005], [85.17879118700006, 25.42446715500006], [85.17575910500005, 25.424998278000032], [85.17418337900006, 25.42518255400006], [85.17403382200007, 25.425922657000058], [85.17377450000004, 25.427326201000028], [85.17388684900004, 25.430481264000036], [85.17201774200004, 25.430823299000053], [85.16956728100007, 25.430984472000034], [85.16516309200006, 25.43151008600006], [85.16247884800003, 25.431666407000023], [85.16151928400006, 25.43206755400007], [85.16102158600006, 25.433046701000023], [85.16023112800008, 25.43315008600007], [85.15801410900008, 25.433414928000047], [85.15603061300004, 25.43375670300003], [85.15501156600004, 25.43381028300007], [85.15394750500008, 25.43427444100007], [85.15345002000004, 25.43484280800004], [85.15352330100006, 25.43647221200007], [85.15278177500005, 25.437609176000024], [85.15220987200007, 25.437861543000054], [85.15079795100007, 25.43822165200004], [85.14936662500008, 25.43791378000003], [85.14748277300004, 25.437858335000044], [85.14373459400008, 25.43808131000003], [85.14380586500005, 25.436172116000023], [85.14308045600006, 25.435788005000063], [85.14214615900005, 25.435651921000044], [85.14111196900006, 25.435899404000054], [85.14018724400006, 25.436183037000035], [85.13963516300004, 25.436507547000076], [85.13845672100007, 25.436971610000057], [85.13642849500008, 25.437141566000037], [85.13557386500008, 25.436824968000053], [85.13428175100006, 25.43655756800007], [85.13317331000007, 25.436484478000068], [85.13150770700008, 25.436966082000026], [85.13018440700006, 25.438016727000047], [85.12930855300004, 25.439094744000045], [85.12896387700005, 25.440800499000034], [85.12935962300008, 25.442741660000024], [85.12998820000007, 25.445454789000053], [85.13080651700005, 25.447445972000025], [85.13210220700006, 25.44927050600006], [85.13334400700006, 25.450282516000073], [85.13320785600007, 25.45231797300005], [85.13272997200005, 25.453017216000035], [85.13135723900007, 25.453661516000068], [85.12977101400008, 25.45402129400003], [85.12932404800006, 25.453542541000047], [85.12863990400007, 25.451596652000035], [85.12871592600004, 25.450179390000073], [85.12848349800004, 25.44890641300003], [85.12779347900005, 25.447994099000027], [85.12729231300005, 25.447109063000028], [85.12731835600005, 25.445836288000066], [85.12739884900003, 25.44490200100006], [85.12723533200005, 25.44440088700003], [85.12630132000004, 25.443840419000026], [85.12576034900007, 25.443032025000036], [85.12573607700006, 25.442494903000068], [85.12630367000008, 25.44155658300008], [85.12669749200006, 25.440433092000035], [85.12721696500006, 25.437991714000077], [85.12721829400004, 25.436669190000032], [85.12662740700006, 25.435973605000072], [85.12571314900003, 25.43566141100007], [85.12500221200008, 25.435796246000052], [85.12441009600008, 25.436441132000027], [85.12374355200006, 25.43691450800003], [85.12312706600005, 25.436959092000052], [85.12218826700007, 25.43637601000006], [85.12167180700004, 25.435856520000073], [85.12053845400004, 25.435923225000067], [85.11904718500006, 25.436007721000067], [85.11787327700006, 25.436751351000055], [85.11718701700005, 25.437062156000025], [85.11693774000008, 25.43775703700004], [85.11696131100007, 25.438944093000032], [85.11725872900007, 25.439680062000036], [85.11712382900004, 25.440257708000047], [85.11687437500007, 25.441110534000074], [85.11623234200005, 25.441868189000047], [85.11492422500004, 25.442539504000024], [85.11413887900005, 25.44247109400004], [85.11319989500004, 25.442068470000038], [85.11204235300005, 25.441417482000077], [85.11103371400003, 25.440992274000052], [85.11058644200006, 25.440924127000073], [85.11019365500005, 25.441036621000023], [85.10962602300003, 25.441816939000034], [85.10856648800006, 25.442465828000024], [85.10751198100007, 25.44306057600005], [85.10634404000007, 25.442829285000073], [85.10579764800008, 25.442481197000063], [85.10507779800008, 25.44173120800008], [85.10471142000006, 25.440480657000023], [85.10421532800007, 25.43967218800003], [85.10367418200008, 25.439112011000077], [85.10303315100003, 25.43893077100006], [85.10284003600003, 25.438285190000045], [85.10276653400007, 25.437432053000066], [85.10338388900004, 25.436651874000063], [85.10454279700008, 25.436003062000054], [85.10552844800003, 25.43474926700003], [85.10696109500003, 25.433811826000067], [85.10716105200004, 25.432868734000067], [85.10684388400006, 25.432019843000035], [85.10621336100007, 25.431427989000042], [85.10483260300003, 25.430537482000034], [85.10402373300008, 25.429494055000077], [85.10324806200003, 25.429737014000068], [85.10274041000008, 25.430228464000038], [85.10290778100006, 25.431573615000048], [85.10239925300004, 25.432922675000043], [85.10155841300008, 25.433594349000032], [85.10034525000003, 25.433841366000024], [85.09940133600008, 25.43341156200006], [85.09838878600004, 25.432277645000056], [85.09755036300004, 25.430990464000047], [85.09657181000006, 25.430497407000075], [85.09576166000005, 25.430496582000046], [85.09497136800007, 25.430459644000052], [85.09401214700006, 25.43039546400007], [85.09257174200008, 25.429644675000077], [85.09174762200007, 25.42892613600003], [85.09068875800006, 25.42905133100004], [85.08979564100008, 25.42786785100003], [85.08859905700007, 25.426869027000066], [85.08633402100008, 25.425837455000078], [85.08541172700006, 25.424247665000053], [85.08514047800008, 25.422690216000035], [85.08397339700008, 25.42200277300003], [85.08191683000007, 25.421255691000056], [85.08057976700007, 25.42131736300007], [85.07848967400008, 25.419694595000067], [85.07762860400004, 25.420600818000025], [85.07745780000005, 25.421846369000036], [85.07663149100006, 25.422811307000075], [85.07570577100006, 25.42368132200005], [85.07505419700004, 25.424023500000033], [85.07371726100007, 25.423958755000058], [85.07200370800007, 25.423211925000032], [85.07090570700007, 25.422899161000032], [85.07018995100003, 25.42298859300007], [85.06820223400007, 25.422733349000055], [85.06710455500007, 25.422267119000026], [85.06679749700004, 25.42151746600007], [85.06656082600006, 25.420271428000035], [85.06584177300005, 25.41920986200006], [85.06477934900005, 25.418490863000045], [85.06402366600008, 25.418616290000045], [85.06354556500008, 25.419270114000028], [85.06299568800006, 25.421323070000028], [85.06275468900003, 25.422943135000025], [85.06213680700006, 25.423939868000048], [85.06117213600004, 25.424222951000047], [85.05990508000008, 25.424063344000047], [85.05915106900005, 25.423096459000078], [85.05908297000008, 25.422162085000025], [85.05960082500008, 25.42157153900007], [85.06032202600005, 25.42116618800003], [85.06028818500005, 25.420574943000076], [85.05970807900007, 25.41967145600006], [85.05826852100006, 25.418577276000065], [85.05717002800003, 25.418670659000043], [85.05613956400003, 25.41972548700005], [85.05408071800008, 25.420503560000043], [85.05236558300004, 25.42084428900006], [85.05102931300007, 25.420440791000033], [85.04959078100006, 25.418723670000077], [85.04873771200005, 25.417661880000026], [85.04808175000005, 25.417593257000078], [85.04687771700003, 25.41840400600006], [85.04578406400003, 25.41855590600005], [85.04410496800006, 25.418151899000065], [85.04245618900006, 25.41740033900004], [85.04060199100007, 25.417618832000073], [85.03892287500008, 25.417241846000024], [85.03861653000007, 25.416212337000047], [85.03542548200005, 25.41642437300004], [85.03511513500007, 25.41766960900003], [85.03548984800005, 25.41938530300007], [85.03573013100004, 25.42122268600008], [85.03418433300004, 25.421283552000034], [85.03414777300009, 25.422312593000072], [85.03582630700004, 25.423059774000023], [85.03651125200008, 25.423593408000045], [85.03678800400007, 25.424528101000078], [85.03736507100007, 25.427051961000075], [85.03766454300006, 25.429178243000024], [85.03751845600004, 25.43028386700007], [85.03690660300003, 25.430571821000058], [85.03507678400007, 25.43094830800004], [85.03456404600007, 25.43141243100007], [85.03414976300007, 25.432409337000024], [85.03409902900006, 25.432959949000065], [85.03156398700008, 25.43302387800003], [85.02859672400007, 25.43293361700006], [85.02553015200004, 25.432793564000065], [85.02172744800004, 25.432923172000073], [85.01874951600007, 25.433247945000062], [85.01502010500008, 25.43401837400006], [85.01302152400007, 25.434213750000026], [85.01294555200008, 25.434922277000055], [85.01374801900005, 25.436340806000032], [85.01335740700006, 25.437847625000074], [85.01205340800004, 25.43870312100006], [85.01476398200003, 25.440476787000023], [85.01585106900006, 25.441299935000075], [85.01763149900006, 25.44345127100007], [85.01786226400003, 25.444927497000037], [85.01779053800004, 25.446087410000075], [85.01732521100007, 25.447625750000043], [85.01643779100004, 25.448951282000053], [85.01597443300005, 25.449519275000057], [85.01611040800003, 25.45116239300006], [85.01641157900008, 25.452282248000074], [85.01719473300005, 25.453484038000056], [85.01809624600008, 25.455191538000065], [85.01818931600008, 25.45593198000006], [85.01804752300006, 25.45729933100006], [85.01776718600007, 25.458269277000056], [85.01739274100004, 25.459108181000033], [85.01755173000004, 25.459483142000067], [85.01771445900005, 25.459866920000024], [85.01875681400008, 25.460775846000047], [85.02010303400004, 25.461306018000073], [85.02060919200005, 25.461852961000034], [85.02070136400005, 25.463076260000037], [85.01988843900006, 25.464401966000025], [85.01965186400008, 25.465918067000075], [85.01943843600003, 25.46834152200006], [85.01948275200004, 25.468594349000057], [85.01931887200004, 25.47108102900006], [85.01924401400004, 25.473861172000056], [85.01861421000007, 25.475566334000064], [85.01782577100005, 25.477063524000073], [85.01830760500008, 25.477294467000036], [85.01833135400005, 25.477863184000057], [85.01728706000006, 25.477947328000027], [85.01647626500005, 25.47809500900007], [85.01554577700006, 25.478450074000023], [85.01480473500004, 25.47853462000006], [85.01452529000005, 25.479017085000066], [85.01440941700008, 25.47981584000007], [85.01486946800009, 25.481017112000075], [85.01635420800005, 25.482075671000075], [85.01670003900006, 25.48325871000003], [85.01680947500006, 25.485827051000058], [85.01715513600004, 25.487113969000063], [85.01750144300007, 25.48802173300004], [85.01801259300004, 25.48854613800006], [85.01868102500003, 25.49008626600005], [85.01874649800004, 25.492257365000057], [85.01857107800004, 25.492983727000023], [85.01839566100006, 25.49371018200003], [85.01814137300005, 25.494048269000075], [85.01862684100007, 25.495060008000053], [85.01925235800007, 25.495589090000067], [85.02034128000008, 25.495694580000077], [85.02127161900006, 25.495529110000064], [85.02191830800007, 25.495403663000047], [85.02242984400004, 25.495761083000048], [85.02270470500008, 25.49772031400005], [85.02253730200005, 25.499489329000028], [85.02272055400005, 25.49986879100004], [85.02318748600004, 25.500185475000023], [85.02343571400007, 25.500434092000035], [85.02342231200004, 25.501936219000072], [85.02386923100005, 25.502758010000036], [85.02480836300003, 25.503715537000062], [85.02591215900009, 25.504104417000065], [85.02689188600004, 25.504127664000066], [85.02791172000008, 25.503767253000035], [85.02862339100005, 25.50327574000005], [85.02946448600005, 25.502504499000054], [85.02987758200004, 25.50210756100006], [85.03028565600005, 25.501737767000066], [85.03071858700008, 25.50145814900003], [85.03119619400007, 25.50124633300004], [85.03187761600003, 25.501152043000047], [85.03285227500004, 25.501260967000064], [85.03359903200004, 25.50148327100004], [85.03452789200009, 25.502221957000074], [85.03467916000005, 25.50234225300005], [85.03468183500007, 25.502344381000057], [85.03497308800007, 25.502576], [85.03538145900006, 25.503138584000055], [85.03740248800005, 25.50342536900007], [85.03741250000007, 25.50342679000005], [85.03740883400008, 25.503438387000074], [85.03744285100004, 25.503465616000028], [85.04084095200005, 25.50618548700004], [85.04077602300003, 25.50662317700005], [85.04080555000007, 25.507083584000043], [85.04098436900006, 25.507467312000074], [85.04131245500008, 25.507742868000037], [85.04183453200005, 25.50789664200005], [85.04234677500006, 25.507919507000054], [85.04313272300004, 25.507847742000024], [85.04388382100007, 25.50765407500006], [85.04456046200005, 25.50730691800004], [85.04513772600006, 25.506797135000056], [85.04567036800006, 25.506115950000037], [85.04609842100007, 25.505556497000043], [85.04655132300007, 25.505109873000038], [85.04704394900006, 25.504636263000066], [85.04765103000005, 25.504126605000067], [85.04829792200007, 25.503553673000056], [85.04869114000007, 25.503088999000056], [85.04905955600003, 25.502538568000034], [85.04935833400003, 25.501861659000042], [85.04950287500003, 25.50135175400004]]]]}}, {"type": "Feature", "properties": {"OBJECTID": 181, "BLOCK_CODE": "0015", "NEAR_TOWN": "FATWAH", "BLK_NAME": "DANIAWAN", "DIST_NAME": "PATNA"}, "geometry": {"type": "MultiPolygon", "coordinates": [[[[85.30613984700005, 25.48278413500003], [85.30741772600004, 25.482616560000054], [85.30928253600007, 25.482782820000068], [85.31034169400004, 25.482813990000068], [85.31109264500003, 25.482894935000047], [85.31196258100005, 25.482447773000047], [85.31277269000003, 25.48159890200003], [85.31379656900003, 25.480808554000077], [85.31585489000008, 25.480238975000077], [85.31747058700006, 25.479619886000023], [85.31796756000006, 25.479249569000046], [85.31834498800004, 25.47840085000007], [85.31817510800005, 25.47698819200008], [85.31806519900005, 25.476058461000036], [85.31745823000006, 25.475318540000046], [85.31736262000004, 25.473454451000066], [85.31707861300004, 25.472407458000077], [85.31659608200005, 25.47192924600006], [85.31707268800005, 25.470606602000032], [85.31775307100008, 25.469170966000036], [85.31839313900008, 25.46695452000006], [85.31866066800006, 25.46519420000004], [85.31842097000003, 25.463519788000042], [85.31874847900008, 25.462355125000045], [85.31912045000007, 25.46081584500007], [85.31837432600008, 25.460057947000053], [85.31744917800006, 25.459385846000032], [85.31655934400004, 25.459467459000052], [85.31572438000006, 25.460005006000074], [85.31435721700007, 25.460005613000078], [85.31373044400004, 25.459360385000025], [85.31322243200003, 25.45770869100005], [85.31356440200005, 25.45581734500007], [85.31299714900007, 25.45473887000003], [85.31249470200004, 25.454116271000032], [85.31133107600004, 25.453493837000053], [85.30969526500007, 25.453169563000074], [85.30862107900003, 25.452384626000025], [85.30711912200007, 25.450927355000033], [85.30646254900006, 25.45035891400005], [85.30581132700007, 25.450359178000042], [85.30452874900004, 25.450305510000078], [85.30440924600003, 25.449926375000075], [85.30481631800006, 25.448630813000022], [85.30484546100007, 25.447064603000058], [85.30533247600005, 25.44676207300006], [85.30622221800007, 25.446653355000024], [85.30726642800005, 25.447140475000026], [85.30966236600005, 25.447031219000053], [85.31138729400004, 25.44686800200003], [85.31382835200003, 25.44730024300003], [85.31683604500006, 25.447700591000057], [85.31871039000004, 25.448051793000047], [85.31947153600004, 25.44899926900007], [85.32018827600007, 25.450461347000044], [85.32086944700006, 25.45072726500007], [85.32289789800006, 25.450997149000045], [85.32548835000006, 25.451564534000056], [85.32718365000005, 25.451726164000036], [85.32786000600004, 25.452199716000052], [85.32836142900004, 25.451170327000057], [85.32911656400006, 25.45044323700006], [85.33070719200003, 25.450099393000073], [85.33144271700007, 25.449751400000025], [85.33271917100006, 25.448189085000024], [85.33456176900006, 25.44575067200003], [85.33636606900006, 25.44552393600003], [85.33871745600004, 25.445626393000055], [85.33858705300008, 25.44402420600005], [85.33762268700008, 25.444074433000026], [85.33648896600005, 25.443542425000032], [85.33686565900007, 25.442093448000037], [85.33646609800007, 25.43934945500007], [85.33667220400008, 25.435770088000027], [85.33629230000008, 25.432723690000046], [85.33618608900008, 25.430169079000052], [85.33706466400008, 25.428530133000038], [85.33740150000006, 25.426968215000045], [85.33899174400005, 25.42674162000003], [85.34125778400005, 25.42620760500006], [85.34339447800005, 25.42552024400004], [85.34435838100006, 25.42502311900006], [85.34473557600006, 25.424336864000054], [85.34481776900003, 25.421479736000038], [85.34460727000004, 25.41927270000008], [85.34430312400008, 25.417954993000023], [85.34458587300009, 25.417336461000048], [85.34458490100008, 25.41603206600007], [85.34390732400004, 25.413893065000025], [85.34368751400007, 25.412462386000072], [85.34284719200008, 25.411970969000038], [85.34119230000005, 25.411922338000068], [85.33939342200006, 25.41209499300004], [85.33924332100008, 25.410795179000047], [85.33911792600009, 25.409156777000078], [85.33881293700006, 25.40666552700003], [85.33815113900005, 25.405600685000024], [85.33667488200007, 25.40501931400007], [85.33570067000005, 25.404690421000055], [85.33465631500007, 25.403661937000038], [85.33393940800005, 25.401685416000078], [85.33359619800007, 25.401207149000072], [85.33302957800004, 25.401085631000058], [85.33169786700006, 25.401136033000057], [85.32894006100008, 25.401322571000037], [85.32627174800007, 25.401581231000023], [85.32591410800006, 25.401892846000067], [85.32601880000004, 25.402371216000063], [85.32569631500007, 25.403215442000032], [85.32431520000006, 25.40369455000007], [85.32267035900009, 25.40379919000003], [85.32039448200004, 25.40384994200008], [85.31984814400005, 25.40439633400007], [85.31905367000007, 25.40543034600006], [85.31710583900008, 25.405860027000074], [85.31606728700007, 25.40586045300006], [85.31527182500008, 25.40531015700003], [85.31492350700006, 25.404380548000063], [85.31416229400008, 25.40261158800007], [85.31378389900004, 25.401375020000046], [85.31303841800008, 25.40116773400007], [85.31215393900004, 25.401253852000025], [85.31137886100004, 25.40146184200006], [85.30999728200004, 25.401205136000044], [85.30854114600004, 25.40089874800003], [85.30761693000005, 25.40107065600006], [85.30747292700005, 25.40134148100003], [85.30732463400005, 25.402803963000053], [85.30753428100007, 25.40470861700004], [85.30761923000006, 25.40571955400003], [85.30635189700007, 25.405580201000078], [85.30329082200006, 25.405721210000024], [85.30165583900003, 25.405631508000056], [85.30139232500005, 25.405216394000036], [85.30067138400005, 25.404309442000056], [85.29999035600008, 25.403880875000027], [85.29968711000004, 25.403434144000073], [85.29927441500007, 25.402969325000072], [85.29924431800004, 25.40229682100005], [85.29926325500008, 25.400012995000054], [85.29933708200008, 25.398297763000073], [85.30251249800006, 25.398671352000065], [85.30387405200008, 25.398724990000062], [85.30372463700007, 25.39803897400003], [85.30362001900005, 25.397330427000043], [85.30352486500004, 25.395615259000067], [85.30352454900003, 25.395033005000073], [85.30386228300006, 25.39465378500006], [85.30411055600007, 25.39422494100006], [85.30392143600005, 25.393674290000035], [85.30342943900007, 25.393453314000055], [85.30200839700007, 25.39355312300006], [85.30079094700005, 25.39344978300005], [85.29850505600007, 25.393021728000065], [85.29780451100004, 25.393089691000057], [85.29774481600003, 25.392850425000063], [85.29719797400008, 25.39237222400004], [85.29604526500003, 25.392458297000076], [85.29512108200004, 25.392575977000035], [85.29403326800008, 25.393519583000057], [85.29240848200004, 25.393745807000073], [85.28994897700005, 25.394071413000063], [85.28945695700008, 25.393778187000066], [85.28942196600008, 25.393128227000034], [85.28917333300006, 25.392595708000044], [85.28862686900004, 25.392699634000053], [85.28851254500006, 25.39288715200007], [85.28839841400008, 25.393074357000046], [85.28861739100006, 25.394243293000045], [85.28893083100007, 25.395367100000044], [85.28910506900007, 25.396346451000056], [85.28937370700004, 25.397497388000033], [85.28910557200004, 25.39790818700004], [85.28797759100007, 25.398039405000077], [85.28475764500007, 25.39822074700004], [85.28316758200003, 25.39838352000004], [85.28115018500006, 25.39836594800005], [85.28104107900003, 25.399286708000034], [85.28080786800007, 25.400735654000073], [85.28079826200008, 25.401981362000072], [85.28082334300007, 25.402667391000023], [85.28008297400004, 25.402906830000063], [85.27883572300004, 25.40302887000007], [85.27666413700007, 25.40317370100007], [85.27491997100003, 25.403201086000024], [85.27356825400005, 25.40321943200007], [85.27323028100005, 25.403029872000047], [85.27300169900008, 25.40270949300003], [85.27304126900003, 25.402154258000053], [85.27328959300007, 25.401413985000033], [85.27360740300009, 25.39987035300004], [85.27336869000004, 25.398918050000077], [85.27320940200008, 25.397545923000052], [85.27311928800003, 25.397207571000024], [85.27311924300005, 25.39720740300004], [85.27303029200004, 25.39687341800004], [85.27268745900005, 25.396796753000046], [85.27248369200004, 25.39686898100007], [85.27221544700006, 25.397130826000023], [85.27176831900005, 25.397699644000056], [85.27134114700004, 25.398435404000054], [85.27094373400007, 25.39932009000006], [85.27090910000004, 25.399663144000044], [85.27075499500006, 25.399766929000066], [85.27020346800003, 25.399776098000075], [85.26950775200004, 25.399785191000035], [85.26869289800004, 25.399929756000063], [85.26705304000006, 25.400272913000038], [85.26587038400004, 25.400237006000054], [85.26489641400008, 25.400169323000057], [85.26366402200006, 25.399636919000045], [85.26256579800008, 25.399609911000027], [85.26130867700005, 25.399772486000074], [85.26029497200005, 25.399971185000027], [85.25927626800006, 25.400016333000053], [85.25836688800007, 25.400084107000055], [85.25803394800005, 25.399885502000075], [85.25785503900005, 25.399605690000044], [85.25740776800006, 25.39886545300004], [85.25682135900007, 25.398134352000056], [85.25618035500008, 25.397362550000025], [85.25577777900008, 25.39702851900006], [85.25514689100004, 25.396722769000064], [85.25452060200007, 25.39641924500006], [85.25316904900006, 25.396044697000036], [85.25284108800008, 25.396058202000063], [85.25259759800008, 25.396437337000066], [85.25222986800009, 25.39750710100003], [85.25206597800008, 25.398066725000035], [85.25237898800003, 25.39861737800004], [85.25284118900004, 25.399159017000045], [85.25305486500008, 25.399596804000055], [85.25329344500005, 25.400729745000035], [85.25339773400003, 25.401320991000034], [85.25316427200005, 25.402043226000046], [85.25273192200007, 25.402801484000065], [85.25249841600004, 25.404241266000042], [85.25224502600008, 25.405184658000053], [85.25222024000004, 25.406403329000057], [85.25230970100006, 25.40847050700006], [85.25233456200004, 25.410460942000043], [85.25225013900007, 25.411629961000074], [85.25222529900003, 25.412600422000025], [85.25247388100007, 25.41400857600007], [85.25230492100007, 25.41417114500007], [85.25168363400007, 25.414238788000034], [85.25095806200005, 25.41423886000007], [85.24926840100005, 25.414107905000037], [85.24842345900004, 25.413954424000053], [85.24815020100004, 25.413841641000033], [85.24798117300008, 25.413706174000026], [85.24780233700005, 25.413512095000044], [85.24709661900005, 25.41323223300003], [85.24546649800004, 25.41323221300007], [85.24480066000007, 25.41255966400007], [85.24430866300008, 25.410718116000055], [85.24413483600006, 25.40796037800004], [85.24359319000007, 25.40668295200004], [85.24369269200008, 25.40572157200006], [85.24287776000006, 25.40522508300006], [85.24114845100007, 25.40433132900006], [85.23826136300005, 25.403162062000035], [85.23707372700005, 25.40286859400004], [85.23554312000005, 25.403297243000054], [85.23225843000006, 25.403211113000054], [85.22658344000007, 25.40302977500005], [85.22530137900003, 25.40334550400007], [85.22540014700007, 25.406107811000027], [85.22569275400008, 25.40942980400007], [85.22623897900007, 25.41180853700007], [85.22623865800006, 25.413334158000055], [85.22544829300006, 25.414502996000067], [85.22426535000005, 25.41490452100004], [85.22342556700005, 25.414412362000064], [85.22277968100008, 25.413649531000033], [85.22189498900008, 25.413825392000035], [85.22080648600007, 25.414587958000027], [85.22296306900006, 25.41604168400005], [85.22452851000008, 25.416145796000023], [85.22470215300007, 25.41782939500007], [85.22603348400008, 25.420618947000037], [85.22727543200006, 25.423656755000025], [85.22794650500003, 25.423304792000067], [85.23058073600004, 25.422885432000044], [85.23260852800007, 25.422885734000033], [85.23371200800005, 25.42235770800005], [85.23371205900008, 25.422041810000053], [85.23365241100004, 25.421464065000066], [85.23423399300003, 25.421039850000057], [85.23469623600005, 25.421039905000043], [85.23515844100007, 25.421252062000065], [85.23579954600007, 25.421513898000057], [85.23626178600006, 25.421464307000065], [85.23683827900004, 25.42109431600005], [85.23718629800004, 25.420516620000058], [85.23718627500006, 25.419884642000056], [85.23811574200005, 25.419726800000035], [85.23904014100003, 25.419618581000066], [85.24063542600004, 25.420241512000075], [85.24115719400004, 25.42229517100003], [85.24109741400008, 25.42392456700003], [85.24057558700008, 25.424294660000044], [85.23959141200004, 25.424610562000055], [85.23924342200007, 25.425820146000035], [85.23953137800004, 25.42924143600004], [85.23976482900008, 25.432292578000045], [85.23831836400007, 25.432721248000064], [85.23824863100003, 25.433935424000026], [85.23819374200008, 25.436007078000046], [85.23635470100004, 25.43593020000003], [85.23607629000009, 25.436133279000046], [85.23567329000008, 25.439089670000044], [85.23531011700004, 25.44182026900006], [85.23476781800008, 25.445814675000065], [85.23504569500005, 25.450088994000055], [85.23515984300008, 25.45170484500005], [85.23732737300008, 25.451678005000076], [85.23733243200007, 25.45101906700006], [85.23708405600007, 25.448893111000075], [85.23724815500003, 25.448134864000053], [85.23761107500007, 25.44806274700005], [85.23877922700007, 25.44838782000005], [85.24041972100008, 25.448211853000032], [85.24170233700005, 25.44793661700004], [85.24231377200005, 25.447656794000068], [85.24238345900005, 25.446266629000036], [85.24227419900006, 25.444547001000046], [85.24246822300006, 25.441590662000067], [85.24363639000006, 25.441486892000057], [85.24490395900006, 25.44156367000005], [85.24601736200003, 25.443635415000074], [85.24645975900006, 25.445151938000038], [85.24734963700007, 25.44626679000004], [85.24780191900004, 25.44624430600004], [85.24794117300007, 25.446325521000063], [85.24823447700004, 25.446727272000032], [85.24822453100006, 25.44753511600004], [85.24802565500005, 25.44820319400003], [85.24829411700006, 25.44912392300006], [85.24858244000006, 25.44953017000006], [85.24945729000007, 25.449642949000065], [85.25067526400005, 25.449791908000066], [85.25346415900003, 25.44986859900007], [85.25471197500008, 25.450225115000023], [85.25541784500007, 25.45018002000006], [85.25569621500006, 25.449882141000046], [85.25602423300006, 25.44843320500007], [85.25579055400004, 25.447580197000036], [85.25696374600005, 25.447368036000057], [85.25878816400007, 25.447282159000054], [85.25967788800006, 25.446817201000044], [85.26080133400006, 25.446559912000055], [85.26135318300004, 25.446519184000067], [85.26209884900004, 25.446645483000054], [85.26235727400007, 25.44651910700003], [85.26245170500005, 25.445796990000076], [85.26205376800004, 25.44371177000005], [85.26202871600003, 25.44164907800007], [85.26152644700005, 25.439906864000022], [85.26103420400005, 25.438760457000058], [85.26058679200008, 25.438417463000064], [85.26077561700004, 25.437438044000032], [85.26020392200007, 25.436332273000062], [85.25935886400003, 25.43603444200005], [85.25958745900004, 25.435479260000022], [85.25932373900008, 25.432766612000023], [85.26021352700008, 25.432658246000074], [85.26098889900004, 25.43236477000005], [85.26146592000003, 25.431741937000027], [85.26230086300006, 25.43076693200004], [85.26378709000005, 25.430685554000036], [85.26488557300007, 25.431010400000048], [85.26459263300006, 25.433470344000057], [85.26426497600005, 25.43647180100004], [85.26445889200005, 25.437040556000056], [85.26481681600006, 25.43741964000003], [85.26686968500007, 25.43731107900004], [85.27002606900004, 25.437148240000056], [85.27172110900005, 25.437364630000047], [85.27287918000007, 25.437012407000054], [85.27384838500006, 25.436605997000072], [85.27536451500004, 25.436876598000026], [85.27652268100007, 25.43665972900004], [85.27671684300003, 25.43828004100004], [85.27644874200007, 25.439309150000042], [85.27576280100004, 25.43949890500005], [85.27493261700005, 25.43958028000003], [85.27412737900005, 25.439580402000047], [85.27368009800006, 25.43993250500006], [85.27365044700008, 25.440957092000076], [85.27382974200003, 25.442365254000038], [85.27423274800003, 25.444364720000067], [85.27497864500003, 25.44552907700006], [85.27509338400006, 25.44723064300007], [85.27513844100008, 25.44893227500006], [85.27406477500006, 25.44952818400003], [85.27299605800005, 25.449772104000033], [85.27260850100004, 25.450530439000033], [85.27257884000005, 25.45158209600004], [85.27258401300008, 25.452430599000024], [85.27138588500009, 25.45266103800003], [85.27248476000005, 25.453811749000067], [85.27335499100008, 25.454858788000024], [85.27470742800006, 25.455756806000068], [85.27493125200004, 25.45623970500003], [85.27489177300004, 25.45764792600005], [85.27472298900005, 25.458825970000078], [85.27398760000005, 25.46059087100008], [85.27432587100003, 25.461868176000053], [85.27501730600005, 25.463276223000037], [85.27538037800008, 25.46396676100005], [85.27557949900006, 25.464964214000076], [85.27614143900007, 25.465704351000056], [85.27732492500007, 25.466372139000043], [85.27839900100008, 25.467139236000037], [85.27860804200003, 25.46795611400006], [85.27999022900008, 25.467698547000055], [85.28124319600005, 25.467878867000024], [85.28251105500004, 25.468009490000043], [85.28369442500008, 25.468135612000026], [85.28499199800007, 25.467905104000067], [85.28696089600004, 25.467778250000038], [85.28800495600007, 25.46757035400003], [85.28859671200007, 25.46785456400005], [85.28927318800004, 25.468874409000023], [85.28951256000005, 25.470819624000058], [85.28953785500005, 25.472173691000023], [85.28928974000007, 25.473582020000038], [85.28941472400004, 25.475883860000067], [85.29073753000006, 25.476136231000055], [85.29224401400006, 25.475779276000026], [85.29382034700006, 25.476266292000048], [85.29478006700003, 25.476369755000064], [85.29565508900004, 25.47623858600008], [85.29680876500004, 25.476265331000036], [85.29765382400007, 25.475854369000047], [85.29925975300006, 25.47560105900004], [85.30135778700009, 25.474954886000035], [85.30132836000007, 25.475889202000076], [85.30182628900008, 25.47750036900004], [85.30269772900004, 25.480185601000073], [85.30290211900007, 25.48139963400007], [85.30318093500006, 25.48230674200005], [85.30371342000007, 25.483182155000065], [85.30458410600005, 25.484170335000044], [85.30535936400008, 25.483294423000075], [85.30613984700005, 25.48278413500003]]]]}}, {"type": "Feature", "properties": {"OBJECTID": 182, "BLOCK_CODE": "0023", "NEAR_TOWN": "MOKAMEH", "BLK_NAME": "MOKAMA", "DIST_NAME": "PATNA"}, "geometry": {"type": "MultiPolygon", "coordinates": [[[[85.87466978700007, 25.50544526300007], [85.88420235300003, 25.500443548000078], [85.88950971400004, 25.50049442100004], [85.88983760300005, 25.500469327000076], [85.88970599000004, 25.499106936000032], [85.88950156500005, 25.498056249000058], [85.88933192700006, 25.496080090000078], [85.88942900400008, 25.494689580000056], [85.88978934000005, 25.49325278400005], [85.89029416700004, 25.49092171800004], [85.89114633600008, 25.488449238000044], [85.89185331500005, 25.48672652500005], [85.89229482800005, 25.485605339000074], [85.89221727100005, 25.48417668600007], [85.89217357200005, 25.483371719000047], [85.89209585200007, 25.48185114000006], [85.89290253400009, 25.479256932000055], [85.89298697200007, 25.478304233000074], [85.89443722100003, 25.47612696300007], [85.89582419200008, 25.475146042000063], [85.89621428300006, 25.47462524200006], [85.89726575100008, 25.471348440000043], [85.90112732100005, 25.469178519000025], [85.90187175000005, 25.46891798200005], [85.90307634100003, 25.46732391200004], [85.90378753100003, 25.466445170000043], [85.90441798300003, 25.464433925000037], [85.90504371100008, 25.463375029000076], [85.90569480200008, 25.46150815900006], [85.90613635000005, 25.460422924000056], [85.90645819800005, 25.459261552000044], [85.90635038900007, 25.458630166000034], [85.90595524400004, 25.45819864500004], [85.90531273900007, 25.457971362000023], [85.90386547300005, 25.457883034000076], [85.90165434500005, 25.458118521000074], [85.90041134700004, 25.45901316100003], [85.89961111400004, 25.459048297000038], [85.89596351400007, 25.459348739000063], [85.89485966400008, 25.460260795000067], [85.89433822000007, 25.46129210500004], [85.89366896600006, 25.462590353000053], [85.89240912500009, 25.46410336400004], [85.89082219400007, 25.46580278500005], [85.88936594800003, 25.466829132000044], [85.88903104500008, 25.467448869000066], [85.88666209400003, 25.46983321500005], [85.88535210900005, 25.471278606000055], [85.88385180900008, 25.472476604000065], [85.88273298200005, 25.473420261000058], [85.88189452900008, 25.47376237900005], [85.88155447300005, 25.473393744000077], [85.88070449200006, 25.471551393000027], [85.88009081300004, 25.470191038000053], [85.87960664700006, 25.468879750000042], [85.87909164000007, 25.467365414000028], [85.87874680100003, 25.466071593000038], [85.87869983200005, 25.46469527800008], [85.87859168800009, 25.46302127000007], [85.87899258100003, 25.460749317000023], [85.87914626600008, 25.457810437000035], [85.87920749800008, 25.456203509000034], [85.87927334300008, 25.453571923000027], [85.87916187300004, 25.452209373000073], [85.87876297100007, 25.449110421000057], [85.87815645300003, 25.447194790000026], [85.87759873200008, 25.446059811000055], [85.87635025100008, 25.443997997000054], [85.87540006800003, 25.44290081500003], [85.87411303600004, 25.441069344000027], [85.87359015500004, 25.43992068600005], [85.87363112300005, 25.439198345000023], [85.87488905100008, 25.43731542300003], [85.87562921400007, 25.436274222000065], [85.87753759600008, 25.434280224000076], [85.87868777500006, 25.432754328000044], [85.88077267300008, 25.430321667000044], [85.88196021100003, 25.42928308200004], [85.88338778600007, 25.42758440700004], [85.88387871200007, 25.42641784700004], [85.88502976000007, 25.425081430000034], [85.88622422200007, 25.423496579000073], [85.88783986400006, 25.421675201000028], [85.88967613000005, 25.420218397000042], [85.89023550000007, 25.42074855100003], [85.89059267100004, 25.421559413000068], [85.89167498100005, 25.423206580000056], [85.89241394000004, 25.424774026000023], [85.89317518700005, 25.42586291300006], [85.89518526800003, 25.424396310000077], [85.89726445500008, 25.422834565000073], [85.89929495200005, 25.421476098000028], [85.90052150100007, 25.42035140300004], [85.90101827400008, 25.421242876000065], [85.90226325500004, 25.423539092000055], [85.90343767400003, 25.425646199000028], [85.90464298200004, 25.427938101000052], [85.90604739100007, 25.43028781000004], [85.90689794800005, 25.43130405200003], [85.90756358500005, 25.431237890000034], [85.90872177500006, 25.43033902800005], [85.90987152900004, 25.42879935600007], [85.91053986400004, 25.428317914000047], [85.91148591000007, 25.42770438100007], [85.91263859700007, 25.42581260000003], [85.91386159500007, 25.424046902000043], [85.91500712100003, 25.421775945000036], [85.91607333600007, 25.42044426600006], [85.91708687700003, 25.419482776000052], [85.91824688300005, 25.41893140700006], [85.92112905700003, 25.417961470000023], [85.92424830300007, 25.41583944100006], [85.92929599900003, 25.412873515000058], [85.93038663100003, 25.412390105000043], [85.93523580100003, 25.41127988900007], [85.93746679600008, 25.410330690000023], [85.93964061500003, 25.408943880000038], [85.94259045900003, 25.408582499000033], [85.94540667900003, 25.408311945000037], [85.94740616200005, 25.40775643300003], [85.95062448200008, 25.407407074000048], [85.95111917000008, 25.40788321900004], [85.95175602500007, 25.408868565000034], [85.95230430900006, 25.41171384100005], [85.95262182000005, 25.41247958200006], [85.95333141500004, 25.413148653000064], [85.95438684100003, 25.413459553000052], [85.95702345100005, 25.413063317000024], [85.95793510000004, 25.41258050600004], [85.95719398400007, 25.41162719500005], [85.95627472300004, 25.41080121300007], [85.95549188300004, 25.40949162000004], [85.95562891000003, 25.409138889000076], [85.95776901700003, 25.407977694000067], [85.95959084200007, 25.40678642000006], [85.96251429900008, 25.404488522000065], [85.96430197500007, 25.403423780000026], [85.96651016500005, 25.402036448000047], [85.97138993200008, 25.399521295000056], [85.97509259600008, 25.39795042700007], [85.97716252700008, 25.396757748000027], [85.97912222700006, 25.39540762200005], [85.98329607900007, 25.39292260700006], [85.98537987800006, 25.39158529100007], [85.98723935700008, 25.390136209000048], [85.98877956800004, 25.38929802800004], [85.99256335700005, 25.386467160000052], [85.99646675900004, 25.383712351000042], [85.99770561700007, 25.38317802800003], [85.99813643200008, 25.382941191000043], [85.99847138000007, 25.382470025000032], [85.99889501100006, 25.38188119600005], [86.00008208300005, 25.381013078000024], [86.00112339600008, 25.380673837000074], [86.00277220200007, 25.38055702500003], [86.00390490800004, 25.380551293000053], [86.00435977600006, 25.38018785400004], [86.00448066300004, 25.379654677000076], [86.00432411000008, 25.379240211000024], [86.00389082200007, 25.378281163000054], [86.00271847700003, 25.376702944000044], [86.00225314300008, 25.375373886000034], [86.00163060000006, 25.37354019600008], [86.00263229800004, 25.372433819000037], [86.00963129100006, 25.365903161000062], [86.01197307100006, 25.363833020000072], [86.01328210200006, 25.36265724900005], [86.01537142100005, 25.363901154000075], [86.01644406700007, 25.36461767800006], [86.01751702800004, 25.364612135000073], [86.01886068300007, 25.364198935000047], [86.02096611000007, 25.363271663000035], [86.02347099700006, 25.36267631900006], [86.02488038600006, 25.362443281000026], [86.02769401400008, 25.362735344000043], [86.02901183100005, 25.362949488000027], [86.02935525900006, 25.36382326200004], [86.03006561400008, 25.370002792000037], [86.03072490000005, 25.377491304000046], [86.03129654200006, 25.38062955600003], [86.03185009600008, 25.385559613000055], [86.03207301200007, 25.387002763000055], [86.03232308400004, 25.388030404000062], [86.03265430700003, 25.391616761000023], [86.03675296000006, 25.391495529000053], [86.03902035000004, 25.391736179000077], [86.04317991200008, 25.39182216300003], [86.04599622400008, 25.39166702500006], [86.04740109300008, 25.391465293000067], [86.04731908800005, 25.388058261000026], [86.04746141600003, 25.38627928300008], [86.04808565300004, 25.38374388400007], [86.04938475400007, 25.381078505000062], [86.05212923700003, 25.375345307000032], [86.05536616200004, 25.36974921700005], [86.05657029300005, 25.36704360600004], [86.05829218800005, 25.363766571000042], [86.05901744100004, 25.362259648000077], [86.05958989100003, 25.360947638000027], [86.06030809300006, 25.359138449000056], [86.06213412100004, 25.357359161000034], [86.06368306200005, 25.355734863000066], [86.06520155600003, 25.354029472000036], [86.06680582200005, 25.35178196700008], [86.06719163000008, 25.350055758000053], [86.06748713800005, 25.348943862000056], [86.06765910900003, 25.347191751000025], [86.06776918000008, 25.345087937000073], [86.06812201100007, 25.342915102000063], [86.06843983000005, 25.340688268000065], [86.06913151500004, 25.338666964000026], [86.06909008700006, 25.336943097000074], [86.06886769600004, 25.335635534000062], [86.06833890900003, 25.334555265000063], [86.06707938400007, 25.33336625100003], [86.06612424800005, 25.332396634000077], [86.06483726500005, 25.332295471000066], [86.06269883300007, 25.332614170000056], [86.06056169800007, 25.333135922000054], [86.05891563000006, 25.333564743000068], [86.05760473800007, 25.334348202000058], [86.05590630900008, 25.33660963400007], [86.05508749700005, 25.337476093000078], [86.05447812300008, 25.338454309000042], [86.05390350400006, 25.339432361000036], [86.05354243200009, 25.339655497000024], [86.05307938700008, 25.33949099700004], [86.05111532300003, 25.33840040900003], [86.04868890600005, 25.33724465800003], [86.04500917800004, 25.335815799000045], [86.04283268400008, 25.33488420200007], [86.04163818200004, 25.334502499000052], [86.04071348400004, 25.333600271000023], [86.04073573300008, 25.33243118200005], [86.04134005700007, 25.331426040000053], [86.04158287200005, 25.330589760000066], [86.04160796300005, 25.32986745100004], [86.04059875700005, 25.329705878000027], [86.04016491000004, 25.329432970000028], [86.03936638200008, 25.32882337500007], [86.03834876900004, 25.327366484000038], [86.03670991100006, 25.325068931000033], [86.03377682700005, 25.320756347000042], [86.03297173200008, 25.319117763000065], [86.03212757900008, 25.31681141300004], [86.03202548200005, 25.314826055000026], [86.03184898800004, 25.311324640000066], [86.03140855700008, 25.309237292000034], [86.02938416600006, 25.308706416000064], [86.02739409400004, 25.308107664000033], [86.02482363500008, 25.307588578000036], [86.02289408300004, 25.307129288000056], [86.02033793200007, 25.30650630100007], [86.02022215100004, 25.305473386000074], [86.02005559400004, 25.303483794000044], [86.02022335800007, 25.30095545200004], [86.02013907400004, 25.29706092200007], [86.01982899700005, 25.296701433000067], [86.01836368200009, 25.29659623300006], [86.01646849800005, 25.29682729900003], [86.01539643100006, 25.296891506000065], [86.01322838400006, 25.297164542000075], [86.01011290400004, 25.29756873900004], [86.00589511800007, 25.297978581000052], [86.00661126300008, 25.29975765100005], [86.00705745400006, 25.302851574000044], [86.00603027800008, 25.302947046000043], [86.00273053900008, 25.30329798200006], [85.99997838000007, 25.303894153000044], [86.00030749100006, 25.30734075400005], [85.99944994100008, 25.307566231000067], [85.99770817500007, 25.307751134000057], [85.99541201500006, 25.308223068000075], [85.99326854000003, 25.308486664000043], [85.98863232800005, 25.30956609800006], [85.98403444000007, 25.31124989700004], [85.98040104300009, 25.31231060500005], [85.97601094000004, 25.313067945000057], [85.97211257400005, 25.31385429100004], [85.97097301200006, 25.31429323800006], [85.96679058500007, 25.314918402000046], [85.96208710200005, 25.315613619000032], [85.95938055000005, 25.31642553000006], [85.95929289800006, 25.316728392000073], [85.95756996000006, 25.31676821700006], [85.95427016300005, 25.31719926100004], [85.95181458300004, 25.318492770000034], [85.95118710000008, 25.319037364000053], [85.95020683600006, 25.31955653600005], [85.94851947500007, 25.319754171000056], [85.94498522100008, 25.32001004800003], [85.94115887800007, 25.32044323100007], [85.93761012100003, 25.320780284000023], [85.93292034500007, 25.321330181000064], [85.93335736500006, 25.322217248000072], [85.93365463300006, 25.32385428200007], [85.93344094500009, 25.32470832300004], [85.93287033000007, 25.325690353000027], [85.93294808400003, 25.32626773900006], [85.93305877400007, 25.327404605000027], [85.93301268900007, 25.32805020400008], [85.93274782500004, 25.328633615000058], [85.93275274400008, 25.329509221000023], [85.93288083200008, 25.330203699000037], [85.93328932400004, 25.33131211600005], [85.93357686800005, 25.332105136000052], [85.93402799000006, 25.332834223000077], [85.93442931300007, 25.334434560000034], [85.93524939200006, 25.33630378500004], [85.93559567600005, 25.337809683000046], [85.93654174400007, 25.340003311000032], [85.93708709100008, 25.341571405000025], [85.93774988300004, 25.343730185000027], [85.93816491900003, 25.345091296000078], [85.93868395700008, 25.34726884400004], [85.93906785800004, 25.348399923000045], [85.93957162500004, 25.35051430200008], [85.93968256400007, 25.351696280000056], [85.93987554800003, 25.352435609000054], [85.94018359300009, 25.35332326100007], [85.94029296300005, 25.35419835400006], [85.94067193100005, 25.35532943100003], [85.94134695100007, 25.35697368700005], [85.94151444400006, 25.357604735000052], [85.94214395500006, 25.35910472200004], [85.94235370000007, 25.36018249500006], [85.94311678400004, 25.36244461900003], [85.94373902500007, 25.363538444000028], [85.94395731600008, 25.364363294000043], [85.94448246000007, 25.365850228000056], [85.94521318300008, 25.367656667000062], [85.94579382600006, 25.369287752000048], [85.94627260400006, 25.370463435000033], [85.94647133200004, 25.371333615000026], [85.94747945300008, 25.372998772000074], [85.94750762900009, 25.373576384000046], [85.94392819600006, 25.374031039000045], [85.94179486800004, 25.37456016300007], [85.93819689600008, 25.37525849700006], [85.93745183900006, 25.375293579000072], [85.93702095200007, 25.374650237000026], [85.93665096200004, 25.372481007000033], [85.93576881300004, 25.371108504000063], [85.93420847700008, 25.371928232000073], [85.93410561800005, 25.373061547000077], [85.93261259400003, 25.373488188000067], [85.92922750900004, 25.374054542000067], [85.92720231300007, 25.37438882500004], [85.92441858100005, 25.374112681000042], [85.92269149500004, 25.37443200900003], [85.92262695100004, 25.375339539000038], [85.92327298900005, 25.376275371000077], [85.92324224000004, 25.376988620000077], [85.92385538400003, 25.378249502000074], [85.92317732900005, 25.37873554400005], [85.92150699300004, 25.379456350000055], [85.92079677800007, 25.379491125000072], [85.91950730100007, 25.378106923000075], [85.91900455400008, 25.37794667600008], [85.91875807900004, 25.378304386000025], [85.91886668400008, 25.379080203000058], [85.91962732200005, 25.380954316000043], [85.91922161300005, 25.381267534000074], [85.91619499600006, 25.38202596900004], [85.91242439700005, 25.38301335500006], [85.91053434800006, 25.383572550000054], [85.91044153900003, 25.385680699000034], [85.90923145200009, 25.386105804000067], [85.90641574600005, 25.38637570000003], [85.90493870000006, 25.38705026200006], [85.90390151400004, 25.386373371000047], [85.90269255100003, 25.386992563000035], [85.90131050800005, 25.38777944800006], [85.89938854800005, 25.388889195000047], [85.89793051800007, 25.38941014100004], [85.89601074700005, 25.39000537900006], [85.89480029500004, 25.390367188000027], [85.89528994700004, 25.391809357000056], [85.89251247500005, 25.39276030800005], [85.89134290000004, 25.393347602000063], [85.88998669200004, 25.393421243000034], [85.88792427600004, 25.394301277000068], [85.88637817300008, 25.391329081000038], [85.88525934900008, 25.389262274000032], [85.88432134500005, 25.38663957800003], [85.88305956200008, 25.383828624000046], [85.88238616700005, 25.381421372000034], [85.88087573200005, 25.378543835000073], [85.88072926700005, 25.37905446900004], [85.88089468600003, 25.380285878000052], [85.88054860100004, 25.38156920800003], [85.88020567500007, 25.383461769000064], [85.87933169600007, 25.385455900000068], [85.87900519700008, 25.386689473000047], [85.87788526200006, 25.388233349000075], [85.87725823300008, 25.38996910700007], [85.87613962300009, 25.39177019600004], [85.87656667000005, 25.392666604000055], [85.87685488300008, 25.393631190000065], [85.87639734500004, 25.393565445000036], [85.87604638800008, 25.39391902400007], [85.87523202000006, 25.394021740000028], [85.87464939200004, 25.393780459000027], [85.87358311200006, 25.393207276000055], [85.87301698200008, 25.392311524000036], [85.87259346500008, 25.39208769700008], [85.87100561900007, 25.392514092000056], [85.86972337100008, 25.390529092000065], [85.86891087200007, 25.390018027000053], [85.86763775200006, 25.38980221500003], [85.86689868200006, 25.390062596000064], [85.86637209400004, 25.391057756000066], [85.86606196000008, 25.392598064000026], [85.86525183400005, 25.392569855000033], [85.86365518200006, 25.39126316100004], [85.86323365400006, 25.39142289800003], [85.86343480700003, 25.39287081300006], [85.86149630900007, 25.393740920000027], [85.86136091000003, 25.39448176800005], [85.86203688800003, 25.39550347200003], [85.86232413900007, 25.396301110000024], [85.86172682200004, 25.39707535900004], [85.86162816000007, 25.398195161000046], [85.86211924700007, 25.399023595000074], [85.86207859100006, 25.399818063000055], [85.86059286700004, 25.39983775500008], [85.85289132300005, 25.397379341000033], [85.84516621600005, 25.393796991000045], [85.83924898400005, 25.38891148700003], [85.83403666700008, 25.384427670000036], [85.83201585500007, 25.37860680800003], [85.83068276200004, 25.373844286000065], [85.83050769400006, 25.374625843000047], [85.82862055600003, 25.375833801000056], [85.82762831600007, 25.377169112000047], [85.82642963000006, 25.381073446000073], [85.82602723400004, 25.383173786000043], [85.82563723400006, 25.383694340000034], [85.82477737500005, 25.383634537000034], [85.82446689100004, 25.38522441300006], [85.82422458100007, 25.38756780700004], [85.82396397900004, 25.389180123000074], [85.82346258000007, 25.38927688800004], [85.82238849900006, 25.389118632000077], [85.82228985000006, 25.39032406800004], [85.82133544600003, 25.39234074600006], [85.82066592500007, 25.39471738800006], [85.82012186000009, 25.397368881000034], [85.82002779900006, 25.39954926000007], [85.82032680400005, 25.40289246800006], [85.82035361200008, 25.40437274900006], [85.82122611000005, 25.408138130000054], [85.82224238400005, 25.410765471000047], [85.82370243500003, 25.413702494000063], [85.82607564300008, 25.41632452300007], [85.82708520400007, 25.417521187000034], [85.83209375900003, 25.421419048000075], [85.83371363900005, 25.42339400800006], [85.83518828800004, 25.425143855000044], [85.83671882500005, 25.42713716000003], [85.83750517300007, 25.42837071100007], [85.83489557000007, 25.428331490000062], [85.83243397000007, 25.429103978000057], [85.83065385300006, 25.429991186000052], [85.82836436900004, 25.430388315000073], [85.82654118000005, 25.430589561000033], [85.82507889100003, 25.430383171000074], [85.82466013900006, 25.432230747000062], [85.82495383600008, 25.433362466000062], [85.82470970200006, 25.435340267000072], [85.82455834300004, 25.43694318300004], [85.82474136200005, 25.438856117000057], [85.82471716300006, 25.441090290000034], [85.82429544800004, 25.442292533000057], [85.82314339500005, 25.44360592700008], [85.82265463200008, 25.445359023000037], [85.82180767600005, 25.447077387000036], [85.82106135900005, 25.447991975000036], [85.81999382300006, 25.448253382000075], [85.81935130400007, 25.447998668000025], [85.81856406200006, 25.447609003000025], [85.81824181700006, 25.447804302000065], [85.81853859600005, 25.44958593900003], [85.81952533000003, 25.451152767000053], [85.82010568900006, 25.45299652700004], [85.82071957400007, 25.454551268000046], [85.82190508400004, 25.456099291000044], [85.82183678300004, 25.457430929000054], [85.82250330200003, 25.458543210000073], [85.82347569300003, 25.46019123700006], [85.82440624400004, 25.46038169600007], [85.82462079500004, 25.460543400000063], [85.82534008700009, 25.462291741000058], [85.82581222200008, 25.463296351000054], [85.82563631100004, 25.463942485000075], [85.82477684100007, 25.464076728000066], [85.82464034600008, 25.46465948100007], [85.82503674400004, 25.465402578000067], [85.82557744700006, 25.466203903000064], [85.82604415100008, 25.46709569500007], [85.82656672100006, 25.468244587000072], [85.82661081300006, 25.469156118000058], [85.82749549800008, 25.47115199600006], [85.82752656200006, 25.472460827000077], [85.82920062900007, 25.47419178800004], [85.83029314300006, 25.47598382600006], [85.83141077000005, 25.477811848000044], [85.83257245200008, 25.47947268300004], [85.83370813800008, 25.480912407000062], [85.83436517200005, 25.482069753000076], [85.83525161400007, 25.483366027000045], [85.83661843600004, 25.48529231300006], [85.83840869200003, 25.487338700000066], [85.84058576100006, 25.490168823000033], [85.84271226500005, 25.492823139000052], [85.84469309900004, 25.495153066000057], [85.84593660500008, 25.497219682000036], [85.84701728600004, 25.49851510700006], [85.84973875800006, 25.50040696700006], [85.85099390900007, 25.50210947100004], [85.85226958400006, 25.503602728000033], [85.85431796000006, 25.506442204000052], [85.85683566900008, 25.509622706000073], [85.85827776800005, 25.51152587300004], [85.86253734700006, 25.509973604000038], [85.86443854200007, 25.509230012000046], [85.86641977900007, 25.508589847000053], [85.86915603600005, 25.50776589700007], [85.87190567100004, 25.50664848100007], [85.87466978700007, 25.50544526300007]]]]}}, {"type": "Feature", "properties": {"OBJECTID": 183, "BLOCK_CODE": "0020", "NEAR_TOWN": "BARH", "BLK_NAME": "BARH", "DIST_NAME": "PATNA"}, "geometry": {"type": "MultiPolygon", "coordinates": [[[[85.73021761500007, 25.525338201000068], [85.73132792500007, 25.523095888000057], [85.73197362400003, 25.52037666900003], [85.72878660500004, 25.518229745000042], [85.72693409300007, 25.516443940000045], [85.72446121200005, 25.513707901000032], [85.72528066000007, 25.513375750000023], [85.72683365200004, 25.51492329900003], [85.72882721400003, 25.515932330000055], [85.72990305100006, 25.513807523000025], [85.73173490500005, 25.511684717000037], [85.73248473500007, 25.510129626000037], [85.73307262800006, 25.50913932000003], [85.73334347600007, 25.507229255000027], [85.73340311300007, 25.507229064000057], [85.73340314700005, 25.507229077000034], [85.73345784500003, 25.50722889800005], [85.73492007400006, 25.507224051000037], [85.73900176400008, 25.50804542800006], [85.74228541300005, 25.507077589000062], [85.74200909000007, 25.503973322000036], [85.74199470500008, 25.500443954000048], [85.74176480500006, 25.496508994000067], [85.74182771300008, 25.496215638000024], [85.74189166900004, 25.49591739300007], [85.74192656100007, 25.493484564000028], [85.74131294200004, 25.49179858800005], [85.73813307000006, 25.491276626000058], [85.73519286700008, 25.49097039000003], [85.73444978500004, 25.489208119000068], [85.73349600300008, 25.488227331000076], [85.73293290300006, 25.487917750000065], [85.73293501000006, 25.487209182000072], [85.73293243900008, 25.486577329000056], [85.73314941800004, 25.486107208000078], [85.73208163500004, 25.48425836100006], [85.73185550500006, 25.482126142000027], [85.73473246300006, 25.48158406600004], [85.73572657300008, 25.481504027000028], [85.73675787000008, 25.480755930000043], [85.73848446400007, 25.479806920000044], [85.73877253000006, 25.476037245000043], [85.73829076400006, 25.47371892600006], [85.73819729000007, 25.47273986500005], [85.73836748700006, 25.47179599900005], [85.73905208000008, 25.47018245000004], [85.73958572100008, 25.468117991000042], [85.73970715800004, 25.46619487600003], [85.74329799700007, 25.466458225000054], [85.74372734300005, 25.465671470000075], [85.74354801400005, 25.464376704000074], [85.74411562500006, 25.463363766000043], [85.74469407800007, 25.462558406000028], [85.74521328100008, 25.461888703000056], [85.74594236200005, 25.461452919000067], [85.74676497200005, 25.460782195000036], [85.74697698600005, 25.460352665000073], [85.74662670300006, 25.45980322300005], [85.74580552700007, 25.459611936000044], [85.74515792000005, 25.45929815900007], [85.74506856700003, 25.458120536000024], [85.74497687000007, 25.457570171000043], [85.74406979400004, 25.45702706800006], [85.74376467400003, 25.45655424000006], [85.74406575900008, 25.456043214000033], [85.74475393400007, 25.455336763000048], [85.74485934500007, 25.454375106000043], [85.74761431100006, 25.454555361000075], [85.74867332900004, 25.454583356000057], [85.74978753200008, 25.454723974000046], [85.75032039600006, 25.454947851000043], [85.75053831400004, 25.455939989000058], [85.75050499300005, 25.45751537500007], [85.75090216800004, 25.458570133000023], [85.75160810000006, 25.458567723000044], [85.75315667800004, 25.457953125000074], [85.75386054800003, 25.457436166000036], [85.75474469300008, 25.457243557000027], [85.75499559500008, 25.45782043300005], [85.75520806700007, 25.458681696000042], [85.75624465700008, 25.45808689100005], [85.75741130200004, 25.45769477400006], [85.75783856800007, 25.458817112000077], [85.75783939500008, 25.45901115600003], [85.75953459100003, 25.458973737000065], [85.75988571700003, 25.45736572900006], [85.75935261700005, 25.45707870600006], [85.75878556000004, 25.457017506000057], [85.75857430800005, 25.45644054400003], [85.75810561900005, 25.45493463300005], [85.75821165200006, 25.454130908000025], [85.75924973200006, 25.452732642000058], [85.75931028000008, 25.450584047000063], [85.75892135000004, 25.450296551000065], [85.75743388300003, 25.45004440100007], [85.75734276700007, 25.44848762400005], [85.75804667300008, 25.448006746000033], [85.75927970000004, 25.448034102000065], [85.76023502200007, 25.44825644200006], [85.76105128000006, 25.448474731000033], [85.76209387900008, 25.448164185000053], [85.76205046700005, 25.447302356000023], [85.76236532000007, 25.446529459000033], [85.76187170800006, 25.446179080000036], [85.76133521100007, 25.44508871100004], [85.76062414800003, 25.443872554000052], [85.75959896900008, 25.443587320000063], [85.75658029200008, 25.44329530300007], [85.75643440600004, 25.44288511600007], [85.75592023900003, 25.441180813000074], [85.75530782200008, 25.439756669000076], [85.75580192400008, 25.43904188500005], [85.75673097500004, 25.438907739000058], [85.75858504400009, 25.438901359000056], [85.76072166400007, 25.43869987200003], [85.76250406000008, 25.438210683000023], [85.76272033200007, 25.43763229700005], [85.76332685500006, 25.437661710000043], [85.76397026300003, 25.43817848900005], [85.76582642400007, 25.438659487000052], [85.76771961200006, 25.438490349000062], [85.76848285000005, 25.437950563000072], [85.76861735900007, 25.436880389000066], [85.76815094900007, 25.435907175000068], [85.76789718500004, 25.43468039000004], [85.76796538800005, 25.43435518800004], [85.76964608700007, 25.434511710000038], [85.76985660600008, 25.433766252000055], [85.76920674500008, 25.432892989000038], [85.76921900700006, 25.431123628000023], [85.76600774000008, 25.431040230000065], [85.76478908700005, 25.429681392000077], [85.76378687000005, 25.428940212000043], [85.76128959100004, 25.428429864000066], [85.75911121000007, 25.428112489000057], [85.75716763800006, 25.42806951600005], [85.75435184800006, 25.427456388000053], [85.75142818700004, 25.427177521000033], [85.75113699400003, 25.426496935000046], [85.75069736600005, 25.423551220000036], [85.75065430300003, 25.421542857000077], [85.75022848700007, 25.418326274000037], [85.74969047100006, 25.416807041000027], [85.74968007200005, 25.41431120200008], [85.74621683100008, 25.414471821000063], [85.74496344800008, 25.414241377000053], [85.74336771500003, 25.414129348000074], [85.74202946800006, 25.413781818000075], [85.74012186500005, 25.412768111000048], [85.73802637800009, 25.411967203000074], [85.73711975700007, 25.411424041000032], [85.73633716700004, 25.410835387000077], [85.73586175300005, 25.410015497000074], [85.73576854300006, 25.409072499000047], [85.73619088600003, 25.40660228300004], [85.73598727900008, 25.404143154000053], [85.73589397500007, 25.40194992200003], [85.73567000300005, 25.400614662000066], [85.73489116200005, 25.39971903600008], [85.73437296900005, 25.399364228000024], [85.73437138200006, 25.398971521000078], [85.73471251500007, 25.39854163600006], [85.73527215200005, 25.398070414000074], [85.73573142600009, 25.397351253000068], [85.73624603900004, 25.39682145100005], [85.73689578800008, 25.396525955000072], [85.73766983900003, 25.39623], [85.73896574800006, 25.395990994000044], [85.73993475100008, 25.39598772900007], [85.74077518500007, 25.396161009000025], [85.74181304000007, 25.39598145900004], [85.74219935700006, 25.395682339000075], [85.74232661800005, 25.39521245800006], [85.74258164700007, 25.39439021100003], [85.74264361900003, 25.393740088000072], [85.74296473400005, 25.393269564000036], [85.74354744300007, 25.392387461000055], [85.74311801100004, 25.39064226800008], [85.74142883500008, 25.389474393000057], [85.74019824200008, 25.38865253800003], [85.73908776600007, 25.38683278900004], [85.73752573800004, 25.383899704000044], [85.73622259800004, 25.382315320000032], [85.73551023100003, 25.38184823000006], [85.73466562600004, 25.381851014000063], [85.73363175600008, 25.381737087000033], [85.73396493000007, 25.37933931300006], [85.73305006900006, 25.376674881000042], [85.73226977800005, 25.376600664000023], [85.73162351700006, 25.376485470000034], [85.73106110700007, 25.376248071000077], [85.73032336800009, 25.37562309200007], [85.72946047300007, 25.37476388600004], [85.72859398900005, 25.37425668000003], [85.72769508600004, 25.374331810000058], [85.72730782000008, 25.37441428300008], [85.72665845500006, 25.374768408000023], [85.72735497800005, 25.376296253000078], [85.72748833300005, 25.37735200700007], [85.72745279300005, 25.37841280400005], [85.72700581400005, 25.379727650000063], [85.72631726600008, 25.380239903000074], [85.72567225000006, 25.38047669300005], [85.72480778000005, 25.380479421000075], [85.72407247200005, 25.380481796000026], [85.72399044500008, 25.381109441000035], [85.72399412900006, 25.38205272400006], [85.72395397900004, 25.383226431000026], [85.72352372000006, 25.383737791000044], [85.72180028600008, 25.38390126300004], [85.71921216500004, 25.38402688900004], [85.71761282600005, 25.384149351000076], [85.71666406700007, 25.384233621000078], [85.71601892100006, 25.384429753000063], [85.71545918000004, 25.384864804000074], [85.71507226100005, 25.385019448000037], [85.71446532700008, 25.384827292000068], [85.71370793700004, 25.384260993000055], [85.71248401400004, 25.385126911000043], [85.71149129200006, 25.38540537600005], [85.71045788600009, 25.38540862700006], [85.70816647700008, 25.385181034000027], [85.70661013500006, 25.38486997600006], [85.70509897600004, 25.384680579000076], [85.70397596700008, 25.384643424000046], [85.70264100300005, 25.385080790000075], [85.70156195800007, 25.38484939400007], [85.70091061400007, 25.384729562000075], [85.70034915100007, 25.38473123400007], [85.69983351800005, 25.385008198000037], [85.69906101400005, 25.385719148000078], [85.69845686300005, 25.386267131000068], [85.69797994800007, 25.38626854200004], [85.69750670300004, 25.38595857000007], [85.69745915400006, 25.385173407000025], [85.69796900500006, 25.383325787000047], [85.69816035500008, 25.382679773000064], [85.69794472300003, 25.382129777000046], [85.69720738900008, 25.381585967000035], [85.69595231400007, 25.38076374800005], [85.69594975500007, 25.380059646000063], [85.69508209400004, 25.379195736000042], [85.69494881800006, 25.378099340000063], [85.69459839200005, 25.376019702000065], [85.69420212500006, 25.375000852000028], [85.69374753400007, 25.374316116000045], [85.69322522900006, 25.374123626000028], [85.69275350200007, 25.374201838000033], [85.69223824600004, 25.374596025000073], [85.69176272800007, 25.37499013300004], [85.69137535300007, 25.37503189800003], [85.69107043300005, 25.37452275100003], [85.69114981900003, 25.37310987500007], [85.69080390000005, 25.372248798000044], [85.69006592900007, 25.371501778000038], [85.68868410000005, 25.37131180800003], [85.68760564800004, 25.371197648000077], [85.68691590200007, 25.371434444000045], [85.68652835300009, 25.37143558300005], [85.68600678900003, 25.37143712200003], [85.68557301800007, 25.371005092000075], [85.68540099600006, 25.370143520000056], [85.68501121900005, 25.36951726800004], [85.68431544600008, 25.36944265900007], [85.68362490300007, 25.369444677000047], [85.68306918800005, 25.369640342000025], [85.68229243200005, 25.370545358000072], [85.68121957400007, 25.372001829000055], [85.68008008200007, 25.372889822000047], [85.67870063800007, 25.37336324900008], [85.67628376100004, 25.374119491000044], [85.67673984300006, 25.375237514000048], [85.67816595600004, 25.375314606000074], [85.67954781300006, 25.375504670000055], [85.68036851500005, 25.375777645000028], [85.68059115500006, 25.376914344000056], [85.68089656900008, 25.378953559000024], [85.68090091100004, 25.380172221000066], [85.68081972800007, 25.38111123400006], [85.68043588100005, 25.38213244800005], [85.67972893000007, 25.383136483000044], [85.67951237200003, 25.383728403000077], [85.67960488400007, 25.384590124000056], [85.67956202400006, 25.385127414000067], [85.68022390800007, 25.385414315000048], [85.68068672300006, 25.385620634000077], [85.68094593700005, 25.38585900700008], [85.68091692400003, 25.386093849000076], [85.68068991300004, 25.386509760000024], [85.68066266600005, 25.38724553000003], [85.68074888900009, 25.387741706000043], [85.68123061000006, 25.389058284000043], [85.68137831700005, 25.39007788400005], [85.68092292700004, 25.391961294000055], [85.68037970500006, 25.392906269000036], [85.67900366100008, 25.394399690000057], [85.67788827000004, 25.39513413700007], [85.67736676800007, 25.395216884000035], [85.67696407100004, 25.395163928000045], [85.67676464600004, 25.39495688900007], [85.67643001500005, 25.39447036100006], [85.67579396000008, 25.39305948300006], [85.67538899600004, 25.392356581000058], [85.67486629400008, 25.392069262000064], [85.67446369000004, 25.392043286000046], [85.67403198600005, 25.392202503000078], [85.67371994900003, 25.392492282000035], [85.67372369300006, 25.393566432000057], [85.67358475100008, 25.395056342000032], [85.67344190000006, 25.395395286000053], [85.67309410700005, 25.39542330300003], [85.67251717800008, 25.395267008000076], [85.67151245300005, 25.394981010000038], [85.67015420400008, 25.394488436000074], [85.66743216400005, 25.393331670000066], [85.66489452700006, 25.392291731000057], [85.66339704200004, 25.391772409000055], [85.66241789200006, 25.391671298000063], [85.66161286600004, 25.391673618000027], [85.66121103900008, 25.391859801000066], [85.66063744400003, 25.392669304000037], [85.66026769900003, 25.393536943000072], [85.65972245900008, 25.393926580000027], [85.66002889700007, 25.39491865800005], [85.66042149200007, 25.396411526000065], [85.66072881000008, 25.397624819000043], [85.66051786200006, 25.39845138000004], [85.66091762900004, 25.39910476700004], [85.66130755000006, 25.399771591000047], [85.66187034200004, 25.40015816700003], [85.66295620700004, 25.400904393000076], [85.66468532500005, 25.40231222600005], [85.66633147100003, 25.40414908100007], [85.66689199500007, 25.403836054000067], [85.66754065300006, 25.403166285000054], [85.66779609800005, 25.402303455000038], [85.66800578200008, 25.401160993000076], [85.66822147100004, 25.40029823200007], [85.66865244200005, 25.399904363000076], [85.66947199100008, 25.399784682000075], [85.67089289000006, 25.399703886000054], [85.67275144300004, 25.399739152000052], [85.67353341900008, 25.400246990000028], [85.67383396000008, 25.40095021600007], [85.67354090500004, 25.40240440100007], [85.67229595800006, 25.404484205000074], [85.67152151100004, 25.40613827800007], [85.66949408900007, 25.40618018600003], [85.66621043900005, 25.406505439000057], [85.66583187300006, 25.409133349000058], [85.66553219100007, 25.410154282000065], [85.66458937100003, 25.41200291900003], [85.66407702400005, 25.413335853000035], [85.66382145400007, 25.41416256800005], [85.66371571800005, 25.415205424000078], [85.66406798700007, 25.41649986400006], [85.66476322800008, 25.41779328800004], [85.66550295100006, 25.41900531700003], [85.66580504100006, 25.420141776000037], [85.66581036400004, 25.421671882000055], [85.66511961200007, 25.421718948000034], [85.66507745400008, 25.422468321000053], [85.66499460500006, 25.422937972000057], [85.66456329100004, 25.423255108000035], [85.66404689300003, 25.423410016000048], [85.66331194300005, 25.423570047000055], [85.66226262400005, 25.42339697500006], [85.66095498100003, 25.423260682000034], [85.65932493000008, 25.423301388000027], [85.65730766900003, 25.42350109000006], [85.65606017000005, 25.42350450200007], [85.65477217300008, 25.42327791100007], [85.65391517200004, 25.422652885000048], [85.65352414400007, 25.421642892000023], [85.65339237200004, 25.420862469000042], [85.65296351000006, 25.42043487600006], [85.65222995000005, 25.419538685000077], [85.65209783500006, 25.418681454000023], [85.65192698300007, 25.418099658000074], [85.65153722700006, 25.41747343000003], [85.65101785100006, 25.416734579000035], [85.65037880900007, 25.417359153000064], [85.64934867600005, 25.41845427900006], [85.64804851100007, 25.420543046000034], [85.64685142300004, 25.42226136000005], [85.64719864700004, 25.423587421000036], [85.64729449100008, 25.425532393000026], [85.64751377000005, 25.427210819000038], [85.64861400200004, 25.429252487000042], [85.64457794900005, 25.42924985700006], [85.64441256800006, 25.430346989000043], [85.64389987300007, 25.43163471200006], [85.64338993500007, 25.432258971000067], [85.64300382100004, 25.432765522000068], [85.64304805100005, 25.434133003000056], [85.64267105300007, 25.435889676000045], [85.64199102700007, 25.437723962000064], [85.64035646400004, 25.437958512000023], [85.63851257600004, 25.438044625000032], [85.63735534700004, 25.43835914600004], [85.63692953100008, 25.43886573900005], [85.63714541000007, 25.439528711000037], [85.63714741200005, 25.44015156100005], [85.63740849600003, 25.440972327000054], [85.63757876500006, 25.441359988000045], [85.63843843800004, 25.44128102700006], [85.63968001200004, 25.440925668000034], [85.64045553300008, 25.44092362500004], [85.64105683200006, 25.44088140100007], [85.64161357200004, 25.44087994000006], [85.64212255600006, 25.441474308000068], [85.64332436100005, 25.441123590000075], [85.64426731000003, 25.440651675000026], [85.64503668300006, 25.44033814100004], [85.64572280800007, 25.44037690500005], [85.64649839800006, 25.440410935000045], [85.64854012000006, 25.440030793000062], [85.65021438500008, 25.439755473000048], [85.65317580600004, 25.439395276000027], [85.65377878200007, 25.439822414000048], [85.65464094500004, 25.44048354100005], [85.65515394700003, 25.44079357000004], [85.65596820000007, 25.440520529000025], [85.65832790700006, 25.440085186000033], [85.65837609800008, 25.441096062000042], [85.65867944000007, 25.442616287000078], [85.65894330300006, 25.444177189000072], [85.65873412900004, 25.445540830000027], [85.65792160200004, 25.446360018000064], [85.65691371200006, 25.44673288100006], [85.65561603700007, 25.446664333000058], [85.65368704600007, 25.446592904000056], [85.65218076900004, 25.446596959000033], [85.65093984400005, 25.447146554000028], [85.64957041500008, 25.447926575000054], [85.64841402700006, 25.448516452000035], [85.64751170300008, 25.44925908600004], [85.64691109900008, 25.449536090000038], [85.64575305600005, 25.449615917000074], [85.64480980800005, 25.45000660900007], [85.64438308500007, 25.450242458000048], [85.64356922500008, 25.450673382000048], [85.64262482700008, 25.45071658300003], [85.64210739400005, 25.450600561000044], [85.64159332400004, 25.449979116000065], [85.64103068600008, 25.449705297000037], [85.63826676500008, 25.44973063200007], [85.63826789300003, 25.450078202000043], [85.63779849900004, 25.45097764700006], [85.63700593700008, 25.451855308000063], [85.63705426400008, 25.45298803000003], [85.63693415700004, 25.455836370000043], [85.63689783600006, 25.45844522300007], [85.63683881900005, 25.460196650000057], [85.63906611100003, 25.46019076700003], [85.64039596700007, 25.46000355600006], [85.64122284000007, 25.459887150000043], [85.64255486500008, 25.459788782000032], [85.64381323500004, 25.45994784800007], [85.64518137000005, 25.46023757000006], [85.64800516200006, 25.460211874000038], [85.64926372300005, 25.460407088000068], [85.65081056700006, 25.460628541000062], [85.65282478900008, 25.460821619000058], [85.65354565000007, 25.46081966400004], [85.65401324700008, 25.46089961000007], [85.65448084500008, 25.460979554000062], [85.65509335500008, 25.461271218000036], [85.65542366800008, 25.463391629000057], [85.65510449000004, 25.46457053100005], [85.65510673700004, 25.46525655000005], [85.65482545000003, 25.467347120000056], [85.65431349000005, 25.470367984000063], [85.65414035800006, 25.472133245000066], [85.65403717600003, 25.473961442000075], [85.65327204500005, 25.477113924000037], [85.65231371600004, 25.480515120000064], [85.65151370400008, 25.48366774400006], [85.65080530800003, 25.48595795500006], [85.65026906600008, 25.487719653000056], [85.64932270600008, 25.490254304000075], [85.64871931100004, 25.49273832800003], [85.64775722000007, 25.495056350000027], [85.64703001300006, 25.497752836000075], [85.64751760700005, 25.498491268000066], [85.64787692900006, 25.498882989000037], [85.64857438700005, 25.499398255000074], [85.64958852200004, 25.49993487100005], [85.65060534200006, 25.50010977900007], [85.65112618400008, 25.500103256000045], [85.65173873300006, 25.50009558100004], [85.65239908300003, 25.50017984400006], [85.65329057200006, 25.500093210000045], [85.65408403200007, 25.499823264000042], [85.65433637800004, 25.499429901000042], [85.65397659700005, 25.498943435000058], [85.65343168900006, 25.498096400000065], [85.65267365400007, 25.49744400700007], [85.65242304200007, 25.496857956000042], [85.65248931500008, 25.495878403000063], [85.65270518300008, 25.494993149000038], [85.65341701700004, 25.493718458000046], [85.65395574100006, 25.49270593800003], [85.65420292100004, 25.492280985000036], [85.65495785900004, 25.491981026000076], [85.65611155700003, 25.491977844000075], [85.65877315700004, 25.492299969000044], [85.65987225500004, 25.492314960000044], [85.66328989700008, 25.492661929000064], [85.66458342200008, 25.492820751000068], [85.66803753700003, 25.493627824000043], [85.67376511500004, 25.49465851100007], [85.67702506900008, 25.495384802000046], [85.67752734900006, 25.495383280000055], [85.67816889000005, 25.493977762000043], [85.67852096400009, 25.492311306000033], [85.67830134500008, 25.490678113000058], [85.67847769000008, 25.48992385200006], [85.67889665200005, 25.486072678000028], [85.67883109800005, 25.483017248000067], [85.67910346000008, 25.478512033000072], [85.67915055100008, 25.476372610000055], [85.67943853400004, 25.47627244800003], [85.68084483700005, 25.477414753000062], [85.68336782600005, 25.47933450800008], [85.68654693000008, 25.48255669200006], [85.68805972200005, 25.48390506900006], [85.68957514700008, 25.485255746000064], [85.69060286500007, 25.486182409000037], [85.69150539400005, 25.48686570700005], [85.69226276000006, 25.48725608500007], [85.69251134900009, 25.48725534700003], [85.69308708300008, 25.48696029900003], [85.69405294400008, 25.48591021200008], [85.69433975300007, 25.485485115000074], [85.69459240000003, 25.48522255000006], [85.69480656000007, 25.485289572000056], [85.69538511100006, 25.48577528900006], [85.69628932300003, 25.48688283300004], [85.69716113600003, 25.48864496300007], [85.69770555200006, 25.490633718000026], [85.69811104700005, 25.492690571000026], [85.69823940200007, 25.493782473000067], [85.69806316800003, 25.494536754000023], [85.69824391600008, 25.49499202800007], [85.69922288800007, 25.49613088500007], [85.70156836000007, 25.498281145000078], [85.70416675000007, 25.50023196500007], [85.70446592700006, 25.50044764000006], [85.70537077100005, 25.502994901000022], [85.70698709700008, 25.504303236000055], [85.71119102700004, 25.507246364000025], [85.71570805000005, 25.510066493000068], [85.71809986900007, 25.512478127000065], [85.71929320500004, 25.514952133000065], [85.72064109300004, 25.518739012000026], [85.72351041900004, 25.524881545000028], [85.72643440200005, 25.524664452000025], [85.72867540800007, 25.525284514000077], [85.73021761500007, 25.525338201000068]]]]}}, {"type": "Feature", "properties": {"OBJECTID": 184, "BLOCK_CODE": "0014", "NEAR_TOWN": "FATWAH", "BLK_NAME": "FATUHA", "DIST_NAME": "PATNA"}, "geometry": {"type": "MultiPolygon", "coordinates": [[[[85.28170682500007, 25.549298501000067], [85.28170683800005, 25.549298477000036], [85.281951, 25.54883820300006], [85.28235946800004, 25.548179566000044], [85.28297706100005, 25.547322351000048], [85.28343530900008, 25.54665013700003], [85.28386860600006, 25.546054654000045], [85.28476000600006, 25.544850131000032], [85.28527311400006, 25.54401994500006], [85.28581605700003, 25.543049865000057], [85.28620962400004, 25.542346044000055], [85.28669781900004, 25.54146623200006], [85.28719598500004, 25.540577330000076], [85.28771387700004, 25.539819355000077], [85.28819691200005, 25.539156224000067], [85.28882942700005, 25.538276460000077], [85.28935720900006, 25.537586197000053], [85.28965607400005, 25.537040215000047], [85.28994997500007, 25.536548460000063], [85.29018153100003, 25.53617394500003], [85.29041308700005, 25.535799431000044], [85.29062741200005, 25.535276035000038], [85.29088154600004, 25.534603657000048], [85.29108611300006, 25.533683025000073], [85.29123592300004, 25.532888769000067], [85.29135080200007, 25.532211834000066], [85.29166482000005, 25.531309295000028], [85.29205834700008, 25.530510596000056], [85.29257643200003, 25.52953598700003], [85.29292509300006, 25.528850156000033], [85.29333857100005, 25.527974795000034], [85.29383648300006, 25.527216828000064], [85.29435436900008, 25.52631892900007], [85.29494196000007, 25.525484224000024], [85.29545468700007, 25.52486163900005], [85.29596743400003, 25.524239030000047], [85.29736637100007, 25.522425386000066], [85.29830530900006, 25.521456371000056], [85.29912344700006, 25.520611933000055], [85.30076589500004, 25.518911134000064], [85.30246310900003, 25.51721046800003], [85.30416516500009, 25.515563861000032], [85.30480614900006, 25.514927556000032], [85.30623562000005, 25.515763926000034], [85.30784175700006, 25.51641827700007], [85.30980481200004, 25.516537250000056], [85.31176786700007, 25.51641827700007], [85.31325503000005, 25.51582341200003], [85.31432578800008, 25.514871628000037], [85.31492065300006, 25.51290857200007], [85.31540848100008, 25.510798152000064], [85.31625906200009, 25.510735312000065], [85.31726877600005, 25.51067254000003], [85.31778960800006, 25.510645520000025], [85.31839284700004, 25.51061422400005], [85.31855462500005, 25.510607114000038], [85.31943616300003, 25.510568198000044], [85.32031775300004, 25.510529277000046], [85.32142182300004, 25.51053415800004], [85.32256584000004, 25.510489402000076], [85.32325717000003, 25.510431063000055], [85.32458522200005, 25.510282543000073], [85.32586855700004, 25.51018371200007], [85.32757449000007, 25.510143580000033], [85.32904176100004, 25.509999637000078], [85.32912134400004, 25.509963565000078], [85.32900715700004, 25.509408373000042], [85.32895601200005, 25.509004539000045], [85.32891791400004, 25.50870423400005], [85.32894029200008, 25.508688453000048], [85.32828817400008, 25.498684069000035], [85.32862647800005, 25.498873407000076], [85.32942255400008, 25.499369454000032], [85.33109826400005, 25.49894885200007], [85.33248537100008, 25.49833876100007], [85.33352946100007, 25.497954479000043], [85.33311086100008, 25.496736062000025], [85.33302526400007, 25.495215081000026], [85.33365609100008, 25.494185678000065], [85.33357125500004, 25.493653144000064], [85.33369504600006, 25.492930903000058], [85.33331647600005, 25.49201484200006], [85.33268906200004, 25.490832699000066], [85.33100877100009, 25.49163706400003], [85.32817880700009, 25.491137567000067], [85.32876430700009, 25.489079083000036], [85.32878305200006, 25.487440680000077], [85.32786100200008, 25.484164401000044], [85.32643205900007, 25.48142540300006], [85.32632695900008, 25.480279084000074], [85.32582445300005, 25.47990013100008], [85.32523738600008, 25.479444598000043], [85.32523680100007, 25.478451625000048], [85.32511176000008, 25.477233048000073], [85.32489713500007, 25.476014505000023], [85.32443900400006, 25.474832223000078], [85.32340871000008, 25.473271065000063], [85.32422347500005, 25.47216934100004], [85.32476959600007, 25.470909859000074], [85.32540034900006, 25.469731461000038], [85.32640383400008, 25.46839493300007], [85.32740768600007, 25.46755939800005], [85.32867033900004, 25.46721570300008], [85.32929632900004, 25.466642165000053], [85.33005121800005, 25.46526966500005], [85.33048788700006, 25.46404172800004], [85.33082682100007, 25.46526023900003], [85.33103652100004, 25.466632203000074], [85.33221026000007, 25.467204779000042], [85.33409949100007, 25.466973506000045], [85.33548177300008, 25.467090093000024], [85.33614748300005, 25.466363014000024], [85.33686261900004, 25.465216197000075], [85.33786720900008, 25.465675927000063], [85.33937882600009, 25.465823948000036], [85.34059190200009, 25.465710357000034], [85.34134803800004, 25.46624253400006], [85.34239764100005, 25.467040713000074], [85.34319324800003, 25.467157632000067], [85.34340583500006, 25.465595781000047], [85.34377736500005, 25.463880450000033], [85.34392582500004, 25.462964112000066], [85.34363064500008, 25.460603751000065], [85.34325129900003, 25.458622510000055], [85.34337407500004, 25.456681625000044], [85.34257850900008, 25.45660541500007], [85.34133997200007, 25.45568995900004], [85.34071235500005, 25.45409256000005], [85.33961845400006, 25.453863038000065], [85.33756511800004, 25.453674721000027], [85.33601427400004, 25.453941928000063], [85.33568186900004, 25.454853813000057], [85.33496570300008, 25.454475052000078], [85.33366825900004, 25.454706075000047], [85.33253491100004, 25.454819546000067], [85.33140069900008, 25.453791014000046], [85.33136062100004, 25.453294597000024], [85.33152885900006, 25.452152591000072], [85.33144271700007, 25.449751400000025], [85.33070719200003, 25.450099393000073], [85.32911656400006, 25.45044323700006], [85.32836142900004, 25.451170327000057], [85.32786000600004, 25.452199716000052], [85.32718365000005, 25.451726164000036], [85.32548835000006, 25.451564534000056], [85.32289789800006, 25.450997149000045], [85.32086944700006, 25.45072726500007], [85.32018827600007, 25.450461347000044], [85.31947153600004, 25.44899926900007], [85.31871039000004, 25.448051793000047], [85.31683604500006, 25.447700591000057], [85.31382835200003, 25.44730024300003], [85.31138729400004, 25.44686800200003], [85.30966236600005, 25.447031219000053], [85.30726642800005, 25.447140475000026], [85.30622221800007, 25.446653355000024], [85.30533247600005, 25.44676207300006], [85.30484546100007, 25.447064603000058], [85.30481631800006, 25.448630813000022], [85.30440924600003, 25.449926375000075], [85.30452874900004, 25.450305510000078], [85.30581132700007, 25.450359178000042], [85.30646254900006, 25.45035891400005], [85.30711912200007, 25.450927355000033], [85.30862107900003, 25.452384626000025], [85.30969526500007, 25.453169563000074], [85.31133107600004, 25.453493837000053], [85.31249470200004, 25.454116271000032], [85.31299714900007, 25.45473887000003], [85.31356440200005, 25.45581734500007], [85.31322243200003, 25.45770869100005], [85.31373044400004, 25.459360385000025], [85.31435721700007, 25.460005613000078], [85.31572438000006, 25.460005006000074], [85.31655934400004, 25.459467459000052], [85.31744917800006, 25.459385846000032], [85.31837432600008, 25.460057947000053], [85.31912045000007, 25.46081584500007], [85.31874847900008, 25.462355125000045], [85.31842097000003, 25.463519788000042], [85.31866066800006, 25.46519420000004], [85.31839313900008, 25.46695452000006], [85.31775307100008, 25.469170966000036], [85.31707268800005, 25.470606602000032], [85.31659608200005, 25.47192924600006], [85.31707861300004, 25.472407458000077], [85.31736262000004, 25.473454451000066], [85.31745823000006, 25.475318540000046], [85.31806519900005, 25.476058461000036], [85.31817510800005, 25.47698819200008], [85.31834498800004, 25.47840085000007], [85.31796756000006, 25.479249569000046], [85.31747058700006, 25.479619886000023], [85.31585489000008, 25.480238975000077], [85.31379656900003, 25.480808554000077], [85.31277269000003, 25.48159890200003], [85.31196258100005, 25.482447773000047], [85.31109264500003, 25.482894935000047], [85.31034169400004, 25.482813990000068], [85.30928253600007, 25.482782820000068], [85.30741772600004, 25.482616560000054], [85.30613984700005, 25.48278413500003], [85.30535936400008, 25.483294423000075], [85.30458410600005, 25.484170335000044], [85.30371342000007, 25.483182155000065], [85.30318093500006, 25.48230674200005], [85.30290211900007, 25.48139963400007], [85.30269772900004, 25.480185601000073], [85.30182628900008, 25.47750036900004], [85.30132836000007, 25.475889202000076], [85.30135778700009, 25.474954886000035], [85.29925975300006, 25.47560105900004], [85.29765382400007, 25.475854369000047], [85.29680876500004, 25.476265331000036], [85.29565508900004, 25.47623858600008], [85.29478006700003, 25.476369755000064], [85.29382034700006, 25.476266292000048], [85.29224401400006, 25.475779276000026], [85.29073753000006, 25.476136231000055], [85.28941472400004, 25.475883860000067], [85.28928974000007, 25.473582020000038], [85.28953785500005, 25.472173691000023], [85.28951256000005, 25.470819624000058], [85.28927318800004, 25.468874409000023], [85.28859671200007, 25.46785456400005], [85.28800495600007, 25.46757035400003], [85.28696089600004, 25.467778250000038], [85.28499199800007, 25.467905104000067], [85.28369442500008, 25.468135612000026], [85.28251105500004, 25.468009490000043], [85.28124319600005, 25.467878867000024], [85.27999022900008, 25.467698547000055], [85.27860804200003, 25.46795611400006], [85.27839900100008, 25.467139236000037], [85.27732492500007, 25.466372139000043], [85.27614143900007, 25.465704351000056], [85.27557949900006, 25.464964214000076], [85.27538037800008, 25.46396676100005], [85.27501730600005, 25.463276223000037], [85.27432587100003, 25.461868176000053], [85.27398760000005, 25.46059087100008], [85.27472298900005, 25.458825970000078], [85.27489177300004, 25.45764792600005], [85.27493125200004, 25.45623970500003], [85.27470742800006, 25.455756806000068], [85.27335499100008, 25.454858788000024], [85.27248476000005, 25.453811749000067], [85.27138588500009, 25.45266103800003], [85.27258401300008, 25.452430599000024], [85.27257884000005, 25.45158209600004], [85.27260850100004, 25.450530439000033], [85.27299605800005, 25.449772104000033], [85.27406477500006, 25.44952818400003], [85.27513844100008, 25.44893227500006], [85.27509338400006, 25.44723064300007], [85.27497864500003, 25.44552907700006], [85.27423274800003, 25.444364720000067], [85.27382974200003, 25.442365254000038], [85.27365044700008, 25.440957092000076], [85.27368009800006, 25.43993250500006], [85.27412737900005, 25.439580402000047], [85.27493261700005, 25.43958028000003], [85.27576280100004, 25.43949890500005], [85.27644874200007, 25.439309150000042], [85.27671684300003, 25.43828004100004], [85.27652268100007, 25.43665972900004], [85.27536451500004, 25.436876598000026], [85.27384838500006, 25.436605997000072], [85.27287918000007, 25.437012407000054], [85.27172110900005, 25.437364630000047], [85.27002606900004, 25.437148240000056], [85.26686968500007, 25.43731107900004], [85.26481681600006, 25.43741964000003], [85.26445889200005, 25.437040556000056], [85.26426497600005, 25.43647180100004], [85.26459263300006, 25.433470344000057], [85.26488557300007, 25.431010400000048], [85.26378709000005, 25.430685554000036], [85.26230086300006, 25.43076693200004], [85.26146592000003, 25.431741937000027], [85.26098889900004, 25.43236477000005], [85.26021352700008, 25.432658246000074], [85.25932373900008, 25.432766612000023], [85.25958745900004, 25.435479260000022], [85.25935886400003, 25.43603444200005], [85.26020392200007, 25.436332273000062], [85.26077561700004, 25.437438044000032], [85.26058679200008, 25.438417463000064], [85.26103420400005, 25.438760457000058], [85.26152644700005, 25.439906864000022], [85.26202871600003, 25.44164907800007], [85.26205376800004, 25.44371177000005], [85.26245170500005, 25.445796990000076], [85.26235727400007, 25.44651910700003], [85.26209884900004, 25.446645483000054], [85.26135318300004, 25.446519184000067], [85.26080133400006, 25.446559912000055], [85.25967788800006, 25.446817201000044], [85.25878816400007, 25.447282159000054], [85.25696374600005, 25.447368036000057], [85.25579055400004, 25.447580197000036], [85.25602423300006, 25.44843320500007], [85.25569621500006, 25.449882141000046], [85.25541784500007, 25.45018002000006], [85.25471197500008, 25.450225115000023], [85.25346415900003, 25.44986859900007], [85.25067526400005, 25.449791908000066], [85.24945729000007, 25.449642949000065], [85.24858244000006, 25.44953017000006], [85.24829411700006, 25.44912392300006], [85.24802565500005, 25.44820319400003], [85.24822453100006, 25.44753511600004], [85.24823447700004, 25.446727272000032], [85.24794117300007, 25.446325521000063], [85.24780191900004, 25.44624430600004], [85.24734963700007, 25.44626679000004], [85.24645975900006, 25.445151938000038], [85.24601736200003, 25.443635415000074], [85.24490395900006, 25.44156367000005], [85.24363639000006, 25.441486892000057], [85.24246822300006, 25.441590662000067], [85.24227419900006, 25.444547001000046], [85.24238345900005, 25.446266629000036], [85.24231377200005, 25.447656794000068], [85.24170233700005, 25.44793661700004], [85.24041972100008, 25.448211853000032], [85.23877922700007, 25.44838782000005], [85.23761107500007, 25.44806274700005], [85.23724815500003, 25.448134864000053], [85.23708405600007, 25.448893111000075], [85.23733243200007, 25.45101906700006], [85.23732737300008, 25.451678005000076], [85.23515984300008, 25.45170484500005], [85.23504569500005, 25.450088994000055], [85.23476781800008, 25.445814675000065], [85.23531011700004, 25.44182026900006], [85.23567329000008, 25.439089670000044], [85.23607629000009, 25.436133279000046], [85.23635470100004, 25.43593020000003], [85.23819374200008, 25.436007078000046], [85.23824863100003, 25.433935424000026], [85.23831836400007, 25.432721248000064], [85.23976482900008, 25.432292578000045], [85.23953137800004, 25.42924143600004], [85.23924342200007, 25.425820146000035], [85.23959141200004, 25.424610562000055], [85.24057558700008, 25.424294660000044], [85.24109741400008, 25.42392456700003], [85.24115719400004, 25.42229517100003], [85.24063542600004, 25.420241512000075], [85.23904014100003, 25.419618581000066], [85.23811574200005, 25.419726800000035], [85.23718627500006, 25.419884642000056], [85.23718629800004, 25.420516620000058], [85.23683827900004, 25.42109431600005], [85.23626178600006, 25.421464307000065], [85.23579954600007, 25.421513898000057], [85.23515844100007, 25.421252062000065], [85.23469623600005, 25.421039905000043], [85.23423399300003, 25.421039850000057], [85.23365241100004, 25.421464065000066], [85.23371205900008, 25.422041810000053], [85.23371200800005, 25.42235770800005], [85.23260852800007, 25.422885734000033], [85.23058073600004, 25.422885432000044], [85.22794650500003, 25.423304792000067], [85.22727543200006, 25.423656755000025], [85.22603348400008, 25.420618947000037], [85.22470215300007, 25.41782939500007], [85.22452851000008, 25.416145796000023], [85.22296306900006, 25.41604168400005], [85.22080648600007, 25.414587958000027], [85.21902724400007, 25.41476812800005], [85.21586634900007, 25.415083352000067], [85.21325215200005, 25.415394132000074], [85.21029006400005, 25.41561902500007], [85.20786953700008, 25.41629086100005], [85.20673628000003, 25.416651623000064], [85.20609043300004, 25.416019505000065], [85.20549957100008, 25.414448626000024], [85.20500830400005, 25.41256633300003], [85.20461206200008, 25.408842571000037], [85.20184908000004, 25.408706233000032], [85.19858923300006, 25.408213138000065], [85.19765009300005, 25.40798720400005], [85.19666658100004, 25.40704346800004], [85.19587642800008, 25.40690776100007], [85.19370472100007, 25.407042403000048], [85.19271591700004, 25.406861482000068], [85.19237342900004, 25.40605337100004], [85.19192810300007, 25.401882702000023], [85.18689427100009, 25.40174521800003], [85.18111499500003, 25.401968269000065], [85.17877408100009, 25.402499773000045], [85.17914443400008, 25.406720122000024], [85.17887542900007, 25.407699446000038], [85.17800071800008, 25.407974280000076], [85.17682256100005, 25.408555978000038], [85.17618102600005, 25.409318409000036], [85.17574303700007, 25.41048267900004], [85.17543846800004, 25.412834141000076], [85.17584488600005, 25.414612695000073], [85.17664950800008, 25.415375847000064], [85.17647987500004, 25.416508685000053], [85.17661310600005, 25.418038850000073], [85.17782505000008, 25.419321272000047], [85.17886857500008, 25.419597071000055], [85.17964400200003, 25.41938532300003], [85.18095641700006, 25.418803730000036], [85.18213957500006, 25.41816335900006], [85.18264152400008, 25.418195212000057], [85.18281012900007, 25.418894857000055], [85.18271040900004, 25.419477019000055], [85.18203374200004, 25.420912030000068], [85.18072062600004, 25.422658219000027], [85.18075440300004, 25.42449064500005], [85.18270664600004, 25.426360186000068], [85.18351638300004, 25.427186585000072], [85.18368498500007, 25.427890739000077], [85.18290814100004, 25.43067075500005], [85.18317531900004, 25.43287342900004], [85.18287058200008, 25.435626515000024], [85.18313832500007, 25.436944673000028], [85.18374424200005, 25.437797956000054], [85.18482270300007, 25.43810082400006], [85.18636851600007, 25.438318157000026], [85.18909763600004, 25.43801238800006], [85.19125506600005, 25.437737954000056], [85.19431716200006, 25.437522530000024], [85.19418200300004, 25.43960318300003], [85.19451955400007, 25.440614331000063], [85.19556232900004, 25.442997943000023], [85.19620236400004, 25.445873292000044], [85.19751276000005, 25.450581353000075], [85.19849069100007, 25.453948756000045], [85.19885810500006, 25.454896724000037], [85.20253194900005, 25.455141758000025], [85.20357577500005, 25.45557081800007], [85.20387889000006, 25.455999762000033], [85.20407734400004, 25.456947583000044], [85.20397706500006, 25.459208852000074], [85.20441347100007, 25.46217893100004], [85.20427860400008, 25.463984285000038], [85.20360655500008, 25.466340057000025], [85.20266168100005, 25.46685883600003], [85.20182136000005, 25.466980397000043], [85.19922602100007, 25.467038199000058], [85.19589481000008, 25.467131839000047], [85.19144997000006, 25.46694504000004], [85.18979915400007, 25.46706621000004], [85.18834710900006, 25.467738164000025], [85.18699886000007, 25.46933080100007], [85.18669453100006, 25.471226424000065], [85.18672818400006, 25.47355086500005], [85.18689692900006, 25.47410156500007], [85.18696625100006, 25.47465227300006], [85.18645875600004, 25.475419345000034], [85.18602096000006, 25.47586147900006], [85.18592067200007, 25.47742306300006], [85.18659085600007, 25.47940481100005], [85.18800682600005, 25.481729904000076], [85.18874587400006, 25.485498994000068], [85.18896409300004, 25.486622882000063], [85.18913276900008, 25.487498577000054], [85.18924177000008, 25.488423879000038], [85.18942479200007, 25.49024747200008], [85.19095671900004, 25.489697456000044], [85.19331898800004, 25.489323716000058], [85.19419891900003, 25.48991083100003], [85.19410389200004, 25.491215201000045], [85.19364083400006, 25.492307272000062], [85.19345600700007, 25.494243549000032], [85.19405675700006, 25.496301895000045], [85.19423949600008, 25.499077727000042], [85.19464542400004, 25.500431537000054], [85.19467134100006, 25.500896844000067], [85.19540683600007, 25.502359523000052], [85.19597835600007, 25.503185710000025], [85.19638112500007, 25.50349280000006], [85.19685366000004, 25.503339482000058], [85.19715738300005, 25.50251364500008], [85.19763016200005, 25.501687854000068], [85.19897804500005, 25.50141293300004], [85.20117126200006, 25.501535602000047], [85.20180769600006, 25.50199619400007], [85.20292104300006, 25.503707167000073], [85.20440294200006, 25.504258294000067], [85.20531251400007, 25.50591051200007], [85.20682870900004, 25.507865250000066], [85.20775342900004, 25.508899186000065], [85.20866292600004, 25.510948489000043], [85.20967702800004, 25.512722600000075], [85.21011433700005, 25.513882654000042], [85.21068615300004, 25.514528275000032], [85.21149675200007, 25.514839960000074], [85.21319775100005, 25.515165296000077], [85.21494852500007, 25.515165788000047], [85.21646554500006, 25.51544146200007], [85.21761429900005, 25.51642111800004], [85.21835517000005, 25.51730590300008], [85.21929519600008, 25.517644691000044], [85.22014079900003, 25.51740112500005], [85.22078251900007, 25.51703115500004], [85.22141932800008, 25.516570912000077], [85.22185719200007, 25.515596022000068], [85.22200664200005, 25.514666290000036], [85.22194212100004, 25.514115627000024], [85.22214611500004, 25.51371847400003], [85.22241470700004, 25.513655378000067], [85.22315582800007, 25.513962434000064], [85.22386202000007, 25.514422891000038], [85.22487140100003, 25.51564626000004], [85.22561221800004, 25.517203566000035], [85.22571649000008, 25.51821455000004], [85.22588546900005, 25.51916238900003], [85.22659156800006, 25.52020513900004], [85.22740210600006, 25.521550300000058], [85.22767062100007, 25.522159658000078], [85.22853115100008, 25.522268076000046], [85.22944133700008, 25.522421691000034], [85.23068496800005, 25.52239028500003], [85.23153052800006, 25.52220983500007], [85.23240601800006, 25.522512411000037], [85.23327598900005, 25.522866229000044], [85.23335103200003, 25.522941291000052], [85.23452990700008, 25.523063256000057], [85.23597737100005, 25.523126604000026], [85.23698716400008, 25.522941598000045], [85.23843971100007, 25.52221054300003], [85.23932022000008, 25.52174556800003], [85.23943958900009, 25.521682533000046], [85.23973810000007, 25.521524647000035], [85.24057873900006, 25.521095939000077], [85.24155860000008, 25.521186257000068], [85.24236441900007, 25.521709851000026], [85.24304086600006, 25.52217472700005], [85.24307636600008, 25.52219603900005], [85.24465740400007, 25.523145201000034], [85.24506030200007, 25.52354241200004], [85.24506031900006, 25.524521821000064], [85.24499563900008, 25.525564471000052], [85.24452298500006, 25.52672441800007], [85.24351321500006, 25.52767218300005], [85.24323955900007, 25.52785723200003], [85.24405040300007, 25.52856142400003], [85.24558249500006, 25.529527280000025], [85.24676140200006, 25.530231453000056], [85.24780108200008, 25.530503622000026], [85.24827860000005, 25.530628656000033], [85.24918380800005, 25.530575730000066], [85.25082060700004, 25.53077761800006], [85.25313379500005, 25.529753008000057], [85.25462599800005, 25.527654265000024], [85.25648143400008, 25.525970607000033], [85.25815793500004, 25.527942910000036], [85.25498934000007, 25.53122437600007], [85.25521829100006, 25.53287180700005], [85.25612362200008, 25.533074886000065], [85.25820801500004, 25.533196677000035], [85.26005363600007, 25.53367491700004], [85.26132243000006, 25.535358380000048], [85.25722325000004, 25.536471881000068], [85.25709464700003, 25.536506813000074], [85.25714780100003, 25.536604320000038], [85.25796958600006, 25.538111813000057], [85.25810897600007, 25.538770801000055], [85.26313368500007, 25.539140557000053], [85.26630279900007, 25.540124194000043], [85.26747207100004, 25.541342691000068], [85.26706454200007, 25.544177124000043], [85.26727894000004, 25.547074807000058], [85.26728003200003, 25.547076918000073], [85.26792587400007, 25.54832492500003], [85.27131894800004, 25.548035609000067], [85.27335882200003, 25.54799469900007], [85.27385670800004, 25.549763915000028], [85.28170682500007, 25.549298501000067]]]]}}, {"type": "Feature", "properties": {"OBJECTID": 185, "BLOCK_CODE": "0017", "NEAR_TOWN": "BAKHTIARP", "BLK_NAME": "BAKHTIARPUR", "DIST_NAME": "PATNA"}, "geometry": {"type": "MultiPolygon", "coordinates": [[[[85.50484000400007, 25.539484005000077], [85.50565579900007, 25.53943748200004], [85.50645195100003, 25.539526392000027], [85.50726707100006, 25.539186366000024], [85.50800773700007, 25.538873660000036], [85.50906295100003, 25.539115550000076], [85.51142266600004, 25.539887660000034], [85.51318867600008, 25.53983489500007], [85.51441694600004, 25.53958892600008], [85.51575357800004, 25.538859814000034], [85.51730628900003, 25.539100732000065], [85.51912769200004, 25.53934110700004], [85.52111242500007, 25.539238202000035], [85.52255429300004, 25.538847343000043], [85.52533916200008, 25.538404343000025], [85.52871099400005, 25.537915061000035], [85.52982266100008, 25.532469689000038], [85.53029332300008, 25.527364136000074], [85.53081759900004, 25.523964466000052], [85.53140091200004, 25.520266857000024], [85.53260429200003, 25.509522520000075], [85.53324265200007, 25.508162732000073], [85.53849014400004, 25.508296977000043], [85.54175531700008, 25.509310587000073], [85.54384552500005, 25.509839011000054], [85.54420391900004, 25.511982110000076], [85.54497626200003, 25.516593365000062], [85.54516748700007, 25.520358518000023], [85.54846250500003, 25.523848154000063], [85.55246245300003, 25.522278933000052], [85.55749952000008, 25.521175801000027], [85.56464878200006, 25.519745166000064], [85.57060155700003, 25.518440957000053], [85.57634763400006, 25.516640606000067], [85.57784799600006, 25.51601419700006], [85.58275198200005, 25.513966612000047], [85.58130402300003, 25.514006362000032], [85.58008752100005, 25.51477632900003], [85.57864026100003, 25.51482476700005], [85.57552250600008, 25.51329260500006], [85.57087732200006, 25.51343372200006], [85.56647983600004, 25.513226606000046], [85.56483829200005, 25.513166941000065], [85.56118716900005, 25.51301681500007], [85.55614639800007, 25.512129264000066], [85.55134345400006, 25.51085284900006], [85.54592762300007, 25.51018017900003], [85.54565680400003, 25.506143295000072], [85.54586466900008, 25.50366506000006], [85.54567763100005, 25.500442846000055], [85.54520116900005, 25.496787866000034], [85.54468008700007, 25.48908446100006], [85.54423980900003, 25.485948450000024], [85.54452274700003, 25.48372723400007], [85.54519401500005, 25.481667775000062], [85.54608635200003, 25.478565264000054], [85.54964068700008, 25.470153941000035], [85.55201227500004, 25.466177247000076], [85.55387596600008, 25.46389405800005], [85.55545026700008, 25.461209868000026], [85.55573238400007, 25.460730770000055], [85.55668891800008, 25.457573900000057], [85.55640330600005, 25.454744552000022], [85.55627183000007, 25.453864690000046], [85.55658725100005, 25.450826466000024], [85.55731729000007, 25.446640951000063], [85.55712119600008, 25.445765703000063], [85.55730996000005, 25.443779419000066], [85.55756625600003, 25.442898737000064], [85.55865806000008, 25.442196824000064], [85.55903858900007, 25.44132043600007], [85.55948972100003, 25.44085009500003], [85.55948462100008, 25.438859697000055], [85.55864697400006, 25.437868456000047], [85.55812932200007, 25.437576152000076], [85.55786705600008, 25.436118863000047], [85.55709067300006, 25.43377800500008], [85.55666719300007, 25.431413813000063], [85.55659731500003, 25.429364845000066], [85.55790795700005, 25.426816467000037], [85.55996898800004, 25.426166742000078], [85.56176764600008, 25.425928166000062], [85.56337827500005, 25.42604208000006], [85.56421404000008, 25.426333731000057], [85.56460349900004, 25.427032474000043], [85.56512284400003, 25.42797017600003], [85.56518871400004, 25.428434883000023], [85.56621772400007, 25.42849134900007], [85.56923910600005, 25.428250152000032], [85.57084918300006, 25.428129323000064], [85.57226427600006, 25.427602663000073], [85.57432014900007, 25.42689398300007], [85.57695958000005, 25.427005498000028], [85.57728938800005, 25.429460155000072], [85.57781435200008, 25.43244237400006], [85.57781914200007, 25.43419360000007], [85.57973163200006, 25.43375601300005], [85.58178927100005, 25.433692748000055], [85.58352825500003, 25.43345404400003], [85.58539668000003, 25.433273843000052], [85.58745699300005, 25.43414924600006], [85.58816319900006, 25.432509176000053], [85.58802391100005, 25.428939355000068], [85.58791698500005, 25.424466727000038], [85.58765366300008, 25.422711631000027], [85.58942273100007, 25.422621812000045], [85.59090387800006, 25.42261834100003], [85.59186924700003, 25.423026845000038], [85.59483674000006, 25.424888510000073], [85.59825318000009, 25.427281581000045], [85.59954237400007, 25.42791948400003], [85.60037748500008, 25.427976186000024], [85.60121701900005, 25.427798126000027], [85.60230924100006, 25.427389324000046], [85.60353011500007, 25.426740900000027], [85.60475125500005, 25.426209893000077], [85.60565133700004, 25.426383773000055], [85.60681607600003, 25.42696772000005], [85.60829282500004, 25.42714016900004], [85.60913172200009, 25.426786072000027], [85.60961183900008, 25.42611234900005], [85.60980365600005, 25.42541230200004], [85.60967174200005, 25.424532474000046], [85.60909230700008, 25.423540896000077], [85.60818547500008, 25.422780372000034], [85.60689694900003, 25.422377296000036], [85.60606318800006, 25.422785541000053], [85.60529336200005, 25.42296341100007], [85.60464828300007, 25.423317024000028], [85.60393705600006, 25.42314267000006], [85.60335949400007, 25.42279207100006], [85.60290537100008, 25.42215221400005], [85.60283899400008, 25.421565585000053], [85.60328924200007, 25.420864959000028], [85.60380511500006, 25.42051169100006], [85.60489830000006, 25.420450354000025], [85.60682717000003, 25.420621763000042], [85.60921316700006, 25.420733231000042], [85.61107535200006, 25.420200626000053], [85.61231851000008, 25.420436751000068], [85.61379971300005, 25.420455718000028], [85.61465881100008, 25.42021884600007], [85.61577094900008, 25.419864027000074], [85.61666973000007, 25.419590982000045], [85.61563306100004, 25.417612655000028], [85.61436931600008, 25.41580652400006], [85.61474908500008, 25.414941069000065], [85.61728296900003, 25.413667774000032], [85.61763163200004, 25.413942245000044], [85.61823794400004, 25.413940726000078], [85.61896825400004, 25.413857617000076], [85.61996, 25.413151036000045], [85.62168495900005, 25.411652722000042], [85.62284532100006, 25.410828372000026], [85.62375369900008, 25.410510077000026], [85.62513966200004, 25.411923777000027], [85.62587229400003, 25.412589946000026], [85.62721558300007, 25.413055906000068], [85.62868223900006, 25.413250722000043], [85.63071545900004, 25.413439505000042], [85.63265964500005, 25.413750408000055], [85.63377769200008, 25.41370693600004], [85.63468569100007, 25.41323513800006], [85.63433514300004, 25.412410055000066], [85.63407420700008, 25.411629980000043], [85.63355442700004, 25.410687987000074], [85.63311815200007, 25.409470499000065], [85.63291882400006, 25.407724264000024], [85.63283174500003, 25.406898539000053], [85.63227899800006, 25.403392960000076], [85.63192455100005, 25.401313207000044], [85.63244018300009, 25.39934848300004], [85.63344884900005, 25.39775712100004], [85.63517459900004, 25.396678438000038], [85.63507903900006, 25.394755900000064], [85.63274888700005, 25.39484324600005], [85.63102028800006, 25.39504180800003], [85.63011637500006, 25.395161495000025], [85.62976936300004, 25.395437714000025], [85.62921233400004, 25.39685183200004], [85.62887459700005, 25.398500140000067], [85.62870422000003, 25.399637980000023], [85.62853298000005, 25.400500536000038], [85.62801798300006, 25.401052451000055], [85.62747693200004, 25.401270492000037], [85.62670145800007, 25.401155131000053], [85.62635208100005, 25.400686631000042], [85.62613484600007, 25.399549782000065], [85.62582812100004, 25.398372519000077], [85.62547807000004, 25.396057987000063], [85.62517096900007, 25.394763479000062], [85.62447625300007, 25.39346986100003], [85.62365323100005, 25.392451879000077], [85.62207505800006, 25.391458424000064], [85.62077435600008, 25.390206935000037], [85.61964710800004, 25.38879707500007], [85.61656832000006, 25.38448526700006], [85.61201238600006, 25.38455981000004], [85.61039592100008, 25.380664051000053], [85.60748958200008, 25.380729786000074], [85.60555199900006, 25.38073455600005], [85.60468101800006, 25.381941734000065], [85.60423385700005, 25.383644425000057], [85.60236553900006, 25.38529632700005], [85.60075486300008, 25.386708347000024], [85.59972475800004, 25.387884303000078], [85.59914493000008, 25.388413780000064], [85.59811237200006, 25.388709619000053], [85.59669032700003, 25.38836093200007], [85.59513875300007, 25.38789514000007], [85.59436205200006, 25.38736885800006], [85.59403400800005, 25.38555067300007], [85.59409249800007, 25.383433737000075], [85.59363321100005, 25.38091177900003], [85.59324201000004, 25.37962181100005], [85.59278809600005, 25.37897739500005], [85.59214221100007, 25.37897895800006], [85.59182044300007, 25.379390412000078], [85.59027368100004, 25.380567537000047], [85.58924316700006, 25.38162609400007], [85.58859726500003, 25.381627550000076], [85.58769134100004, 25.38104289100005], [85.58672094700006, 25.380458340000075], [85.58607505100008, 25.380459785000028], [85.58513833300003, 25.38131496500006], [85.58443914100008, 25.38536973600003], [85.58367402200008, 25.38900933800005], [85.58329052200008, 25.390481597000075], [85.58213105700008, 25.391657757000075], [85.58051997600006, 25.393069565000076], [85.57867822000009, 25.39369208900007], [85.57641883000008, 25.394225162000055], [85.57473928400003, 25.39422891600003], [85.57280149200005, 25.39423318400003], [85.57287031400006, 25.395817271000055], [85.57448601600004, 25.396107080000036], [85.57610279500005, 25.39681214700005], [85.57714033800005, 25.398276742000064], [85.57779456400004, 25.40132638800003], [85.57826364800007, 25.407549439000036], [85.57806642500003, 25.41175168500007], [85.57798654400005, 25.413453726000057], [85.57747660600006, 25.41603660800007], [85.57696483300003, 25.417919812000036], [85.57651740700004, 25.419681144000037], [85.57590368500007, 25.420652834000066], [85.57519476000004, 25.421299858000054], [85.57429016000003, 25.42130189100004], [85.57306067300004, 25.42060047800004], [85.57176635400003, 25.419781830000034], [85.57066762100004, 25.41966693300003], [85.56956923000007, 25.419669267000074], [85.56789096300008, 25.42025969900004], [85.56692384100006, 25.421024550000027], [85.56634326300008, 25.42137780300004], [85.56576176100003, 25.421379056000035], [85.56518026000003, 25.42138030700005], [85.56388760100003, 25.42120711000007], [85.56252783900004, 25.420095165000077], [85.56135915100003, 25.417867946000058], [85.56019141700006, 25.415988294000044], [85.55960688900007, 25.414816010000038], [85.55863569900004, 25.413996630000042], [85.55766530300008, 25.413470576000066], [85.55701924000005, 25.413471901000037], [85.55646853600007, 25.41385665400003], [85.55660075500003, 25.415029959000037], [85.55803188600004, 25.416909039000075], [85.55855351700006, 25.418785617000026], [85.55888079300007, 25.42042784000006], [85.55888385300005, 25.421660020000047], [85.55862771000005, 25.422540711000067], [85.55817642200003, 25.422952391000024], [85.55740290100005, 25.423662619000027], [85.55610469400006, 25.423254593000024], [85.55422840800009, 25.42225641400006], [85.55248244900008, 25.421673274000057], [85.55125241200005, 25.420678353000028], [85.55021442900005, 25.418978845000026], [85.54969446600006, 25.41774775700003], [85.54924195200005, 25.417631318000076], [85.54794946000004, 25.41751656400004], [85.54749836800005, 25.417986877000033], [85.54659651000009, 25.419103595000024], [85.54588842200008, 25.420161153000038], [85.54492084700007, 25.42080853400006], [85.54388714800007, 25.420810584000037], [85.54304660900004, 25.42057757500004], [85.54130104200004, 25.420111641000062], [85.54033142000003, 25.419937482000023], [85.53929783900008, 25.419998261000046], [85.53833023200008, 25.420645601000047], [85.53723331100008, 25.421293131000027], [85.53590773500008, 25.421855420000043], [85.53506720400009, 25.421622369000033], [85.53396702300006, 25.42086169600003], [85.53325455100008, 25.420100260000027], [85.53247697300003, 25.419162920000076], [85.53150664500004, 25.41863670300006], [85.53086066300006, 25.41869667800006], [85.53015007700003, 25.41875665300006], [85.52982867100008, 25.419079098000054], [85.52982851200005, 25.419079257000078], [85.52950552800007, 25.419403284000055], [85.52963688700004, 25.42034185400007], [85.53035036900008, 25.42151406000005], [85.53151575800007, 25.422567999000023], [85.53197003200006, 25.423388573000068], [85.53222978700006, 25.423974861000033], [85.53197241900006, 25.424444754000035], [85.53035809200009, 25.424863015000028], [85.52790415000004, 25.42545450700004], [85.52661302300004, 25.42592632700007], [85.52538628500008, 25.426339288000065], [85.52441815600008, 25.426810541000066], [85.52377132100008, 25.42651839800004], [85.52214964000007, 25.42370044300003], [85.52111441800008, 25.423056921000068], [85.51943349400005, 25.42259055900007], [85.51781807500004, 25.422534849000044], [85.51584618800007, 25.42309812800005], [85.51500920400008, 25.42444914300006], [85.51371774700004, 25.424803524000026], [85.51229775200005, 25.425510159000055], [85.51061837300006, 25.425747881000063], [85.50932678900006, 25.42604807200007], [85.50809970400007, 25.426343564000035], [85.50635693400005, 25.427168080000058], [85.50500232500008, 25.428285320000043], [85.50448634100007, 25.42869692100004], [85.50403448200007, 25.428932444000054], [85.50364685500006, 25.428933029000063], [85.50319406000006, 25.428699125000037], [85.50286944300007, 25.427995637000038], [85.50234887400006, 25.42623621300004], [85.50228287500005, 25.425586362000047], [85.50144266200004, 25.42547046100003], [85.50099173700005, 25.426121241000033], [85.50066918600004, 25.42635649600004], [85.50008840100008, 25.426709500000072], [85.49950659500007, 25.42659317400006], [85.49776979900008, 25.425512841000057], [85.49711390800007, 25.42558159200007], [85.49658828400004, 25.426196322000067], [85.49655058300004, 25.42722093900005], [85.49602474800008, 25.427731872000038], [85.49449135300006, 25.42889440500005], [85.49272212500006, 25.429037299000072], [85.49076932600008, 25.429279696000037], [85.48994531200003, 25.429827138000064], [85.49006141900009, 25.43074775200006], [85.49098241300004, 25.431459348000033], [85.49214813800006, 25.432788947000063], [85.49204001800007, 25.433402965000028], [85.49140077600003, 25.434356310000055], [85.49061705900004, 25.43517909700006], [85.49088220000004, 25.436031710000066], [85.49189806200008, 25.436950766000052], [85.49298832000005, 25.43780206300005], [85.49302425800005, 25.438348162000068], [85.49203065300009, 25.438620609000054], [85.49075364500004, 25.438898015000063], [85.48958681300007, 25.43951376800004], [85.48887800200004, 25.440539466000075], [85.48873153200003, 25.441902807000076], [85.48865705800006, 25.444430456000077], [85.48828536000008, 25.445008753000025], [85.48689334700003, 25.444943334000072], [85.48430296400005, 25.44470825600007], [85.48242375100006, 25.444607430000076], [85.48097620000004, 25.44413129800006], [85.48014936000004, 25.44324344300003], [85.47999784400008, 25.442015996000066], [85.48007066300005, 25.44109515400004], [85.48059665100004, 25.440615869000055], [85.48119805800007, 25.440547183000035], [85.48187466200005, 25.440853093000044], [85.48284917600006, 25.440955329000076], [85.48352484200007, 25.440782788000035], [85.48352350200008, 25.440101178000077], [85.48341166500006, 25.438801501000057], [85.48291648100007, 25.437236116000065], [85.48213014000004, 25.436691213000074], [85.48126534900007, 25.436760277000076], [85.48051634700005, 25.437578374000054], [85.47976200400007, 25.438229489000037], [85.47861834900004, 25.438023697000062], [85.47786646000003, 25.43730716600004], [85.47726217600007, 25.43580963000005], [85.47586979600004, 25.435536526000078], [85.47493137100008, 25.43608405300006], [85.47456029500006, 25.43697379100007], [85.47467277700008, 25.438643613000067], [85.47505265800004, 25.439771363000034], [85.47467560200005, 25.440178229000026], [85.47407415600009, 25.44021520700005], [85.47302392400007, 25.43943144600007], [85.47155528800005, 25.438237568000034], [85.47039102100007, 25.437625532000027], [85.46933683200007, 25.437423979000073], [85.46774172700003, 25.437697214000025], [85.46605266500006, 25.43821422600007], [85.46443893900005, 25.43924111700005], [85.46286487500004, 25.440164174000074], [85.46132471800007, 25.44060874400003], [85.45963481700005, 25.440746525000066], [85.45847193900005, 25.440883609000025], [85.45805557800009, 25.44160183400004], [85.45821307500006, 25.44354693200006], [85.45757306700006, 25.444301575000054], [85.45648436700003, 25.44423092100004], [85.45563835200005, 25.44368596100003], [85.45421019700007, 25.442803281000067], [85.45293304700004, 25.443044272000066], [85.45075521600006, 25.442704242000048], [85.44853851000005, 25.442946436000057], [85.44759875700004, 25.442776267000056], [85.44699547000005, 25.441684765000048], [85.44647084000007, 25.44001550400003], [85.44567822200008, 25.438617313000066], [85.44481307800004, 25.43847858600003], [85.44396897200005, 25.439093527000068], [85.44393547000004, 25.43987895500004], [85.44333446600007, 25.44015507900008], [85.44265863200008, 25.44029134500005], [85.44104239700005, 25.43981496300006], [85.44002928800006, 25.440430192000065], [85.43946867900007, 25.441112436000026], [85.43961949300007, 25.442172862000064], [85.44025869600006, 25.444081271000073], [85.44061858300006, 25.445308527000066], [85.44028175700004, 25.44605817000007], [85.43934389700007, 25.44712002400007], [85.43829623400006, 25.447902230000068], [85.43765546000003, 25.44824613000003], [85.43705424500007, 25.44841834300007], [85.43660123500007, 25.448044356000025], [85.43622692800005, 25.44708791900007], [85.43588710200004, 25.44592838500006], [85.43498446200005, 25.444051941000055], [85.43411772200005, 25.44289299600007], [85.43332705100005, 25.442654797000046], [85.43321353100004, 25.443201070000043], [85.43385601500006, 25.44402175600004], [85.43472340300008, 25.445622952000065], [85.43434646400004, 25.44616952000007], [85.43352149800006, 25.446342100000038], [85.43175614000006, 25.44589746200006], [85.43036397000003, 25.445696059000056], [85.42985725000005, 25.445967445000065], [85.42941132600004, 25.446920374000058], [85.42900079900005, 25.44832004400007], [85.42881421600003, 25.449891010000044], [85.42843741300004, 25.450573038000073], [85.42723482700006, 25.45088138400007], [85.42565946400003, 25.451226245000043], [85.42413940200004, 25.452045043000055], [85.42301703600003, 25.45283168700007], [85.42279365800005, 25.452932324000074], [85.42256492100006, 25.45303537800004], [85.42121406400008, 25.453993750000052], [85.41922203900003, 25.45505224300007], [85.41835781900005, 25.45566708900003], [85.41813514800003, 25.456421067000065], [85.41806157800005, 25.45710269600005], [85.41734669900006, 25.457821182000032], [85.41644780400009, 25.458535313000027], [85.41599675300006, 25.459492699000066], [85.41528811600006, 25.46119965400004], [85.41423534300003, 25.46208998700007], [85.41318657500005, 25.46229421000004], [85.41258456700007, 25.461956391000058], [85.41198233600005, 25.461510177000036], [85.41183265400008, 25.461104170000056], [85.41186647800004, 25.46035034500005], [85.41261617900005, 25.45960027900003], [85.41355478000008, 25.458881655000027], [85.41351899100005, 25.458132376000037], [85.41325475700006, 25.457618188000026], [85.41263315900005, 25.457447296000055], [85.41117175300008, 25.457656601000053], [85.41004306700006, 25.45751784500004], [85.40925279000004, 25.45769027800003], [85.40846814200006, 25.45834106500007], [85.40719140600004, 25.459060024000053], [85.40655008300007, 25.459060733000058], [85.40572395300006, 25.45844325400003], [85.40493259300007, 25.45776257600005], [85.40440598000004, 25.458038436000038], [85.40358155300004, 25.458684781000045], [85.40160789900006, 25.458754529000032], [85.40260297500004, 25.459349290000034], [85.40436962600006, 25.460669904000042], [85.40553420900005, 25.46165707600005], [85.40611193400008, 25.462383140000043], [85.40641997100005, 25.462915188000068], [85.40686930400005, 25.463691278000056], [85.40739311900006, 25.465013170000077], [85.40782363200003, 25.467246879000072], [85.40805907600009, 25.468596133000062], [85.40795215000009, 25.470473909000077], [85.40793936500006, 25.47208527300006], [85.40794635900005, 25.473619778000057], [85.40759921300008, 25.474373925000066], [85.40685952900003, 25.475205207000045], [85.40522505200005, 25.47631725100007], [85.40341670000004, 25.477524299000038], [85.40305408000006, 25.477867656000058], [85.40332452600006, 25.47932077400003], [85.40348626300005, 25.481396768000025], [85.40297157300006, 25.483315524000034], [85.40292876700005, 25.484823109000047], [85.40319979000003, 25.486858359000053], [85.40239959700006, 25.487175136000076], [85.39964042400004, 25.48774668200008], [85.39776162600003, 25.488475253000047], [85.39581844100007, 25.489402486000074], [85.39450640700005, 25.490089846000046], [85.39389519500008, 25.490446977000033], [85.39260347600003, 25.491522454000062], [85.39210249100006, 25.492633254000054], [85.39194623200007, 25.49501205400003], [85.39229160700006, 25.496929968000074], [85.39210438200007, 25.49843306500003], [85.39222120100004, 25.500441529000057], [85.39467389300006, 25.50508596700007], [85.39537011900006, 25.50491882700004], [85.39641455000003, 25.50474722100006], [85.39762795100006, 25.50438590400006], [85.39847340300008, 25.50420075900007], [85.399866, 25.50395678500007], [85.40183037100007, 25.503514136000035], [85.40354113600006, 25.50306693700003], [85.40528170900006, 25.502664914000036], [85.40678362500006, 25.502362179000045], [85.40868826100007, 25.50196462300005], [85.41048352900003, 25.50158955300003], [85.41148313400004, 25.501309441000046], [85.41263684000006, 25.501047433000053], [85.41729631600003, 25.500243571000055], [85.41729637200007, 25.500243557000033], [85.42149793400006, 25.498797496000066], [85.42566087600005, 25.49855488600008], [85.42769097700005, 25.49848389300007], [85.43117714100003, 25.500439260000064], [85.43174105600008, 25.504602462000037], [85.43213946400004, 25.50568099000003], [85.43243830200004, 25.506479799000033], [85.43277696900003, 25.507508748000078], [85.43293631300008, 25.507899112000075], [85.43309564800006, 25.508289455000067], [85.43360851000006, 25.509345367000037], [85.43387244100006, 25.51010809400003], [85.43425592700004, 25.51111889200007], [85.43459456800008, 25.512003427000025], [85.43430448100008, 25.512315390000026], [85.43484877600008, 25.512928585000054], [85.43492342200005, 25.513032344000067], [85.43512235100008, 25.512987157000055], [85.43565438000007, 25.512770329000034], [85.43671359300004, 25.512196663000054], [85.43766323800008, 25.511686232000045], [85.43853838800004, 25.511216441000045], [85.43947816200006, 25.51071048800003], [85.44030854600004, 25.51024078300003], [85.44113891200004, 25.50981610900004], [85.44183140800004, 25.509683521000056], [85.44306831400007, 25.509451434000027], [85.44361894400004, 25.509369310000068], [85.44604483500007, 25.50940991400006], [85.45124790100004, 25.510535873000038], [85.45947174800006, 25.515084742000056], [85.46253748800007, 25.51656888800005], [85.46369213200006, 25.516977962000055], [85.46526001200004, 25.51753982100007], [85.46764844000006, 25.518059866000044], [85.47102846700005, 25.51951269700004], [85.47317534900003, 25.52115234400003], [85.47495003800003, 25.523207747000072], [85.47643701700008, 25.52571047200007], [85.47817012200005, 25.52935462000005], [85.47916670200004, 25.53286909800005], [85.48007514400007, 25.534474442000032], [85.48065305800003, 25.534884229000056], [85.48139575300007, 25.535668376000046], [85.48209739500004, 25.53574407700006], [85.48246604900004, 25.53604133600004], [85.48280103600007, 25.53686676800004], [85.48321131900008, 25.538098271000024], [85.48408726500008, 25.53831801800004], [85.48540578100005, 25.538388119000047], [85.48647565500005, 25.538535334000073], [85.48742692800005, 25.539057429000025], [85.48845683200005, 25.539096355000027], [85.48977445600008, 25.53875569300004], [85.49084464900005, 25.53905179000003], [85.49167180500007, 25.539722936000032], [85.49245495700006, 25.540732714000058], [85.49390152800004, 25.542639439000027], [85.49444071100004, 25.543532218000053], [85.49505809000004, 25.543793014000073], [85.49612713900007, 25.543457231000048], [85.49732059100006, 25.543193385000052], [85.49769374300007, 25.543192788000056], [85.49776929300003, 25.543148484000028], [85.50060603300005, 25.541720949000023], [85.50219095600005, 25.540725285000065], [85.50484000400007, 25.539484005000077]]]]}}, {"type": "Feature", "properties": {"OBJECTID": 186, "BLOCK_CODE": "0021", "NEAR_TOWN": "BARH", "BLK_NAME": "PANDARAKH", "DIST_NAME": "PATNA"}, "geometry": {"type": "MultiPolygon", "coordinates": [[[[85.82408363300004, 25.534650147000036], [85.82528370900008, 25.533855635000066], [85.82612643500005, 25.534285554000064], [85.82665419100005, 25.534360245000073], [85.82831477400003, 25.533121504000064], [85.82970807100008, 25.532177301000047], [85.83085395200004, 25.531486650000033], [85.83222151400008, 25.530366451000077], [85.83313896600004, 25.529776103000074], [85.83588571400009, 25.527901154000062], [85.83697624400008, 25.527111491000028], [85.83750419700004, 25.526220201000058], [85.83769089400005, 25.524721029000034], [85.83774887800007, 25.52234678600007], [85.83801974900007, 25.52077057200006], [85.83814959400007, 25.518842833000065], [85.83850533200007, 25.517315922000023], [85.84121272600004, 25.516623534000075], [85.84286412400007, 25.516616817000056], [85.84329129700006, 25.516497756000035], [85.84422011800007, 25.516241259000026], [85.84684643300005, 25.51524215300003], [85.85039118900005, 25.51390985300003], [85.85336658700004, 25.513121297000055], [85.85587975100003, 25.51240235000006], [85.85827776800005, 25.51152587300004], [85.85683566900008, 25.509622706000073], [85.85431796000006, 25.506442204000052], [85.85226958400006, 25.503602728000033], [85.85099390900007, 25.50210947100004], [85.84973875800006, 25.50040696700006], [85.84701728600004, 25.49851510700006], [85.84593660500008, 25.497219682000036], [85.84469309900004, 25.495153066000057], [85.84271226500005, 25.492823139000052], [85.84058576100006, 25.490168823000033], [85.83840869200003, 25.487338700000066], [85.83661843600004, 25.48529231300006], [85.83525161400007, 25.483366027000045], [85.83436517200005, 25.482069753000076], [85.83370813800008, 25.480912407000062], [85.83257245200008, 25.47947268300004], [85.83141077000005, 25.477811848000044], [85.83029314300006, 25.47598382600006], [85.82920062900007, 25.47419178800004], [85.82752656200006, 25.472460827000077], [85.82749549800008, 25.47115199600006], [85.82661081300006, 25.469156118000058], [85.82656672100006, 25.468244587000072], [85.82604415100008, 25.46709569500007], [85.82557744700006, 25.466203903000064], [85.82503674400004, 25.465402578000067], [85.82464034600008, 25.46465948100007], [85.82477684100007, 25.464076728000066], [85.82563631100004, 25.463942485000075], [85.82581222200008, 25.463296351000054], [85.82534008700009, 25.462291741000058], [85.82462079500004, 25.460543400000063], [85.82440624400004, 25.46038169600007], [85.82347569300003, 25.46019123700006], [85.82250330200003, 25.458543210000073], [85.82183678300004, 25.457430929000054], [85.82190508400004, 25.456099291000044], [85.82071957400007, 25.454551268000046], [85.82010568900006, 25.45299652700004], [85.81952533000003, 25.451152767000053], [85.81853859600005, 25.44958593900003], [85.81824181700006, 25.447804302000065], [85.81856406200006, 25.447609003000025], [85.81935130400007, 25.447998668000025], [85.81999382300006, 25.448253382000075], [85.82106135900005, 25.447991975000036], [85.82180767600005, 25.447077387000036], [85.82265463200008, 25.445359023000037], [85.82314339500005, 25.44360592700008], [85.82429544800004, 25.442292533000057], [85.82471716300006, 25.441090290000034], [85.82474136200005, 25.438856117000057], [85.82455834300004, 25.43694318300004], [85.82470970200006, 25.435340267000072], [85.82495383600008, 25.433362466000062], [85.82466013900006, 25.432230747000062], [85.82507889100003, 25.430383171000074], [85.82654118000005, 25.430589561000033], [85.82836436900004, 25.430388315000073], [85.83065385300006, 25.429991186000052], [85.83243397000007, 25.429103978000057], [85.83489557000007, 25.428331490000062], [85.83750517300007, 25.42837071100007], [85.83671882500005, 25.42713716000003], [85.83518828800004, 25.425143855000044], [85.83371363900005, 25.42339400800006], [85.83209375900003, 25.421419048000075], [85.82708520400007, 25.417521187000034], [85.82607564300008, 25.41632452300007], [85.82370243500003, 25.413702494000063], [85.82224238400005, 25.410765471000047], [85.82122611000005, 25.408138130000054], [85.82035361200008, 25.40437274900006], [85.82032680400005, 25.40289246800006], [85.82002779900006, 25.39954926000007], [85.82012186000009, 25.397368881000034], [85.82066592500007, 25.39471738800006], [85.82133544600003, 25.39234074600006], [85.82228985000006, 25.39032406800004], [85.82238849900006, 25.389118632000077], [85.82346258000007, 25.38927688800004], [85.82396397900004, 25.389180123000074], [85.82422458100007, 25.38756780700004], [85.82446689100004, 25.38522441300006], [85.82477737500005, 25.383634537000034], [85.82563723400006, 25.383694340000034], [85.82602723400004, 25.383173786000043], [85.82642963000006, 25.381073446000073], [85.82762831600007, 25.377169112000047], [85.82862055600003, 25.375833801000056], [85.83050769400006, 25.374625843000047], [85.83068276200004, 25.373844286000065], [85.82861146800008, 25.372877500000072], [85.82651129200008, 25.37317016800006], [85.82490560600007, 25.37296430200007], [85.82272212000004, 25.373487299000033], [85.82113145100004, 25.37329943700007], [85.81887472500006, 25.37305089700004], [85.81657677600003, 25.372482020000064], [85.81540650400007, 25.371877252000047], [85.81308900800008, 25.370297352000023], [85.81135396600007, 25.368954517000077], [85.81004638100006, 25.368738336000035], [85.80800369000008, 25.369644209000057], [85.80659325800008, 25.369744308000065], [85.80610252600007, 25.36997188500004], [85.80559939600005, 25.36859269400003], [85.80584278700007, 25.36749946900005], [85.80587327700005, 25.366569618000028], [85.80529848000003, 25.364712264000048], [85.80561332000008, 25.364038527000048], [85.80534173100006, 25.363312879000034], [85.80526374500005, 25.362568465000038], [85.80529660400003, 25.361047322000047], [85.80553751300005, 25.359426085000052], [85.80481578700005, 25.35803416300007], [85.80531178100006, 25.356768517000035], [85.80573046500007, 25.35492091900005], [85.80583443100005, 25.353756083000064], [85.80595532400008, 25.353033507000077], [85.80580656300003, 25.35200498200004], [85.80552089200006, 25.351459946000034], [85.80541208900007, 25.350467414000036], [85.80550985700006, 25.34905427700005], [85.80522193600007, 25.347999274000074], [85.80511280000007, 25.34693895500004], [85.80519408700007, 25.34516036100007], [85.80608552100006, 25.343505065000045], [85.80703505700006, 25.34260331100006], [85.80816382500007, 25.342887931000064], [85.81060185100006, 25.343808438000053], [85.81198083600003, 25.343419577000077], [85.81268373800003, 25.342902321000054], [85.81292057500008, 25.34148874400006], [85.81252229400008, 25.33915230200006], [85.81222671100005, 25.336458918000062], [85.81241, 25.334196916000053], [85.81184026300008, 25.33342727400003], [85.81014152000006, 25.332314456000063], [85.80823334000007, 25.33100377200003], [85.80653217500009, 25.32934474900003], [85.80573486800006, 25.32875642500005], [85.80485427600007, 25.328403168000023], [85.80287834000006, 25.328541572000063], [85.80139644800005, 25.32921959300006], [85.80125627400008, 25.32678280700003], [85.80099944700004, 25.32380044300004], [85.80089309000005, 25.320063615000038], [85.80060025500006, 25.31791634900003], [85.80112033900008, 25.315413927000066], [85.80109031700005, 25.313184410000076], [85.80118441100007, 25.31094084700004], [85.80142303500008, 25.30880508300004], [85.80118394300007, 25.308643433000043], [85.79899506100008, 25.30663411100005], [85.79665670000009, 25.306724019000058], [85.79527221000006, 25.306905151000024], [85.79418130600004, 25.307243222000068], [85.79208222300008, 25.30753082500007], [85.79145466900007, 25.308223617000067], [85.79126389700008, 25.30886074500006], [85.78864249700007, 25.30895162300004], [85.78817405400008, 25.308565096000052], [85.78780131200006, 25.307365919000063], [85.78714755500005, 25.306632578000062], [85.78509271200005, 25.30681609000004], [85.78330251100004, 25.30735061400003], [85.78164116000005, 25.30781250900003], [85.78160922000006, 25.308471607000058], [85.78199512700007, 25.310219920000065], [85.78206015700005, 25.31051453300006], [85.78219853700006, 25.311516032000043], [85.78132946700003, 25.31375790800007], [85.77903488800007, 25.31364878000005], [85.77701094000008, 25.313656052000056], [85.77562341900006, 25.313661032000027], [85.77095600800004, 25.31373621000006], [85.77007953300006, 25.31431253200003], [85.76834979500006, 25.315063310000028], [85.76644043200008, 25.316812208000044], [85.76540748000008, 25.316815830000053], [85.76449071100006, 25.31725231000007], [85.76265361200007, 25.317317427000035], [85.76187863000007, 25.317238841000062], [85.76057558300005, 25.31676499300005], [85.76071686700004, 25.316110039000023], [85.76055278600006, 25.314896418000046], [85.76013983600006, 25.313521265000077], [85.75933922400003, 25.31323064600008], [85.75833691800005, 25.313423673000045], [85.75747331200006, 25.313922872000035], [85.75691516500007, 25.314245502000063], [85.75630053200007, 25.314504896000074], [85.75505574600004, 25.31489280200003], [85.75366604200008, 25.315055511000025], [85.75265388800005, 25.315262130000065], [85.75228800900004, 25.315660579000053], [85.75216705200006, 25.316414716000054], [85.75213465100006, 25.317006110000023], [85.75124678700007, 25.317217280000023], [85.75036362200007, 25.317427331000033], [85.74988798600003, 25.317699778000076], [85.74774000500008, 25.31764722400004], [85.74761839200005, 25.317644249000068], [85.74694069800006, 25.318278462000023], [85.74513599000005, 25.31898864200008], [85.74366360300007, 25.319557624000026], [85.74275609400007, 25.31990831400003], [85.74133682800004, 25.32015223800005], [85.74092094800005, 25.320465092000063], [85.74060547100004, 25.321039334000034], [85.74015756400007, 25.323256952000065], [85.73993675200006, 25.325162353000053], [85.73964235100004, 25.327266593000047], [85.73947913100005, 25.329356818000065], [85.73934480300005, 25.331077021000056], [85.73916009900006, 25.332084146000057], [85.73847841500003, 25.33299812300004], [85.73724262900004, 25.33321429700004], [85.73575269400004, 25.33321925300004], [85.73462983100006, 25.333092057000044], [85.73388496100006, 25.333117042000026], [85.73279843700004, 25.333409456000027], [85.73084726900004, 25.333573837000074], [85.73082670700006, 25.33592095700004], [85.73069163200006, 25.338164534000043], [85.73017381000005, 25.34162362400008], [85.73134242100008, 25.341971804000025], [85.73172869900003, 25.341695267000034], [85.73241048000006, 25.340758755000024], [85.73386517100005, 25.339390915000024], [85.73510559000005, 25.33907539100005], [85.73626754000009, 25.33899028700006], [85.73708296300003, 25.339222352000036], [85.73819963700004, 25.340234159000033], [85.73914778300008, 25.34135942200004], [85.74035257900005, 25.342059456000072], [85.74086996200003, 25.34225187800007], [85.74151069200008, 25.342249695000078], [85.74210828000008, 25.34143075700007], [85.74287937400004, 25.340489413000057], [85.74334994100008, 25.340176375000055], [85.74424748700005, 25.339821348000044], [85.74492997200008, 25.339119461000053], [85.74544320300004, 25.338300779000065], [85.74582862600005, 25.33783005600003], [85.74621475900005, 25.33751737500006], [85.74668094700007, 25.337348742000074], [85.74774031700008, 25.33770177100007], [85.74853608900008, 25.33796536500006], [85.74889070800003, 25.338447146000078], [85.75026801800004, 25.33882613000003], [85.75045475100006, 25.340752706000046], [85.75070693400005, 25.341681635000043], [85.75200349100004, 25.344128092000062], [85.75299740300005, 25.34547421700006], [85.75353361100008, 25.346596171000044], [85.75410158700004, 25.34822818300006], [85.75385748000008, 25.34925355300004], [85.75288151400008, 25.35105323600004], [85.75335962900004, 25.351372076000075], [85.75385997500007, 25.352246002000072], [85.75386387800006, 25.353184785000053], [85.75349939300008, 25.355113293000045], [85.75343525600005, 25.357609404000073], [85.75316374700003, 25.360426768000025], [85.75146027000005, 25.361732431000064], [85.75099644800008, 25.362478728000042], [85.75098675800007, 25.363756069000033], [85.75113683200004, 25.365213459000074], [85.75128721100003, 25.366738449000025], [85.75163182700004, 25.368371189000072], [85.75127562200004, 25.36872891300004], [85.75077962400007, 25.368924728000025], [85.74906462800004, 25.368673225000066], [85.74894217900004, 25.369102413000064], [85.74937567500007, 25.370622058000038], [85.74934000800005, 25.371592511000074], [85.74977552400009, 25.372403447000067], [85.74995223600007, 25.373084429000073], [85.75034720500008, 25.37369688800004], [85.75063888600005, 25.374535448000074], [85.75021169000007, 25.374572943000032], [85.74931990600004, 25.375158244000033], [85.74779085700004, 25.37545223400008], [85.74471663400004, 25.375715421000052], [85.74312329600008, 25.37607281800007], [85.74299997700007, 25.377526516000046], [85.74209213000006, 25.377841002000025], [85.73993682500009, 25.378082852000034], [85.73855665000008, 25.378322140000023], [85.73631271000005, 25.37876286900007], [85.73396493000007, 25.37933931300006], [85.73363175600008, 25.381737087000033], [85.73466562600004, 25.381851014000063], [85.73551023100003, 25.38184823000006], [85.73622259800004, 25.382315320000032], [85.73752573800004, 25.383899704000044], [85.73908776600007, 25.38683278900004], [85.74019824200008, 25.38865253800003], [85.74142883500008, 25.389474393000057], [85.74311801100004, 25.39064226800008], [85.74354744300007, 25.392387461000055], [85.74296473400005, 25.393269564000036], [85.74264361900003, 25.393740088000072], [85.74258164700007, 25.39439021100003], [85.74232661800005, 25.39521245800006], [85.74219935700006, 25.395682339000075], [85.74181304000007, 25.39598145900004], [85.74077518500007, 25.396161009000025], [85.73993475100008, 25.39598772900007], [85.73896574800006, 25.395990994000044], [85.73766983900003, 25.39623], [85.73689578800008, 25.396525955000072], [85.73624603900004, 25.39682145100005], [85.73573142600009, 25.397351253000068], [85.73527215200005, 25.398070414000074], [85.73471251500007, 25.39854163600006], [85.73437138200006, 25.398971521000078], [85.73437296900005, 25.399364228000024], [85.73489116200005, 25.39971903600008], [85.73567000300005, 25.400614662000066], [85.73589397500007, 25.40194992200003], [85.73598727900008, 25.404143154000053], [85.73619088600003, 25.40660228300004], [85.73576854300006, 25.409072499000047], [85.73586175300005, 25.410015497000074], [85.73633716700004, 25.410835387000077], [85.73711975700007, 25.411424041000032], [85.73802637800009, 25.411967203000074], [85.74012186500005, 25.412768111000048], [85.74202946800006, 25.413781818000075], [85.74336771500003, 25.414129348000074], [85.74496344800008, 25.414241377000053], [85.74621683100008, 25.414471821000063], [85.74968007200005, 25.41431120200008], [85.74969047100006, 25.416807041000027], [85.75022848700007, 25.418326274000037], [85.75065430300003, 25.421542857000077], [85.75069736600005, 25.423551220000036], [85.75113699400003, 25.426496935000046], [85.75142818700004, 25.427177521000033], [85.75435184800006, 25.427456388000053], [85.75716763800006, 25.42806951600005], [85.75911121000007, 25.428112489000057], [85.76128959100004, 25.428429864000066], [85.76378687000005, 25.428940212000043], [85.76478908700005, 25.429681392000077], [85.76600774000008, 25.431040230000065], [85.76921900700006, 25.431123628000023], [85.76920674500008, 25.432892989000038], [85.76985660600008, 25.433766252000055], [85.76964608700007, 25.434511710000038], [85.76796538800005, 25.43435518800004], [85.76789718500004, 25.43468039000004], [85.76815094900007, 25.435907175000068], [85.76861735900007, 25.436880389000066], [85.76848285000005, 25.437950563000072], [85.76771961200006, 25.438490349000062], [85.76582642400007, 25.438659487000052], [85.76397026300003, 25.43817848900005], [85.76332685500006, 25.437661710000043], [85.76272033200007, 25.43763229700005], [85.76250406000008, 25.438210683000023], [85.76072166400007, 25.43869987200003], [85.75858504400009, 25.438901359000056], [85.75673097500004, 25.438907739000058], [85.75580192400008, 25.43904188500005], [85.75530782200008, 25.439756669000076], [85.75592023900003, 25.441180813000074], [85.75643440600004, 25.44288511600007], [85.75658029200008, 25.44329530300007], [85.75959896900008, 25.443587320000063], [85.76062414800003, 25.443872554000052], [85.76133521100007, 25.44508871100004], [85.76187170800006, 25.446179080000036], [85.76236532000007, 25.446529459000033], [85.76205046700005, 25.447302356000023], [85.76209387900008, 25.448164185000053], [85.76105128000006, 25.448474731000033], [85.76023502200007, 25.44825644200006], [85.75927970000004, 25.448034102000065], [85.75804667300008, 25.448006746000033], [85.75734276700007, 25.44848762400005], [85.75743388300003, 25.45004440100007], [85.75892135000004, 25.450296551000065], [85.75931028000008, 25.450584047000063], [85.75924973200006, 25.452732642000058], [85.75821165200006, 25.454130908000025], [85.75810561900005, 25.45493463300005], [85.75857430800005, 25.45644054400003], [85.75878556000004, 25.457017506000057], [85.75935261700005, 25.45707870600006], [85.75988571700003, 25.45736572900006], [85.75953459100003, 25.458973737000065], [85.75783939500008, 25.45901115600003], [85.75783856800007, 25.458817112000077], [85.75741130200004, 25.45769477400006], [85.75624465700008, 25.45808689100005], [85.75520806700007, 25.458681696000042], [85.75499559500008, 25.45782043300005], [85.75474469300008, 25.457243557000027], [85.75386054800003, 25.457436166000036], [85.75315667800004, 25.457953125000074], [85.75160810000006, 25.458567723000044], [85.75090216800004, 25.458570133000023], [85.75050499300005, 25.45751537500007], [85.75053831400004, 25.455939989000058], [85.75032039600006, 25.454947851000043], [85.74978753200008, 25.454723974000046], [85.74867332900004, 25.454583356000057], [85.74761431100006, 25.454555361000075], [85.74485934500007, 25.454375106000043], [85.74475393400007, 25.455336763000048], [85.74406575900008, 25.456043214000033], [85.74376467400003, 25.45655424000006], [85.74406979400004, 25.45702706800006], [85.74497687000007, 25.457570171000043], [85.74506856700003, 25.458120536000024], [85.74515792000005, 25.45929815900007], [85.74580552700007, 25.459611936000044], [85.74662670300006, 25.45980322300005], [85.74697698600005, 25.460352665000073], [85.74676497200005, 25.460782195000036], [85.74594236200005, 25.461452919000067], [85.74521328100008, 25.461888703000056], [85.74469407800007, 25.462558406000028], [85.74411562500006, 25.463363766000043], [85.74354801400005, 25.464376704000074], [85.74372734300005, 25.465671470000075], [85.74329799700007, 25.466458225000054], [85.73970715800004, 25.46619487600003], [85.73958572100008, 25.468117991000042], [85.73905208000008, 25.47018245000004], [85.73836748700006, 25.47179599900005], [85.73819729000007, 25.47273986500005], [85.73829076400006, 25.47371892600006], [85.73877253000006, 25.476037245000043], [85.73848446400007, 25.479806920000044], [85.73675787000008, 25.480755930000043], [85.73572657300008, 25.481504027000028], [85.73473246300006, 25.48158406600004], [85.73185550500006, 25.482126142000027], [85.73208163500004, 25.48425836100006], [85.73314941800004, 25.486107208000078], [85.73293243900008, 25.486577329000056], [85.73293501000006, 25.487209182000072], [85.73293290300006, 25.487917750000065], [85.73349600300008, 25.488227331000076], [85.73444978500004, 25.489208119000068], [85.73519286700008, 25.49097039000003], [85.73813307000006, 25.491276626000058], [85.74131294200004, 25.49179858800005], [85.74192656100007, 25.493484564000028], [85.74189166900004, 25.49591739300007], [85.74182771300008, 25.496215638000024], [85.74176480500006, 25.496508994000067], [85.74199470500008, 25.500443954000048], [85.74200909000007, 25.503973322000036], [85.74228541300005, 25.507077589000062], [85.73900176400008, 25.50804542800006], [85.73492007400006, 25.507224051000037], [85.73345784500003, 25.50722889800005], [85.73340314700005, 25.507229077000034], [85.73340311300007, 25.507229064000057], [85.73334347600007, 25.507229255000027], [85.73307262800006, 25.50913932000003], [85.73248473500007, 25.510129626000037], [85.73173490500005, 25.511684717000037], [85.72990305100006, 25.513807523000025], [85.72882721400003, 25.515932330000055], [85.72683365200004, 25.51492329900003], [85.72528066000007, 25.513375750000023], [85.72446121200005, 25.513707901000032], [85.72693409300007, 25.516443940000045], [85.72878660500004, 25.518229745000042], [85.73197362400003, 25.52037666900003], [85.73373983600004, 25.521715851000067], [85.73483320900004, 25.52395091900007], [85.73572918100007, 25.52532453500004], [85.73759328700004, 25.52746671400007], [85.74168741000005, 25.531153983000024], [85.74356349300007, 25.53251975300003], [85.74676197700006, 25.53489649100004], [85.74766545400007, 25.53561553700007], [85.74881173500006, 25.536121664000063], [85.75046667000004, 25.53692845200004], [85.75228606400003, 25.537784299000066], [85.75418050000007, 25.538730093000026], [85.75623018500005, 25.539914554000063], [85.75953963700005, 25.54135186900004], [85.76367131800004, 25.543075060000035], [85.76588414600008, 25.54398356300004], [85.76790121900007, 25.544481889000053], [85.76943858800007, 25.54450350600007], [85.77137017300004, 25.544776544000058], [85.77404266300005, 25.544956513000045], [85.77704105400005, 25.545731099000022], [85.77886193100005, 25.54684383600005], [85.78007189700008, 25.54818441900005], [85.78144928100005, 25.549145271000043], [85.78267885400004, 25.549289762000058], [85.78453763600004, 25.548840666000046], [85.78595902300003, 25.54850603600005], [85.78772414800005, 25.54824681300005], [85.79304767300005, 25.54712138000008], [85.79478271000005, 25.546835198000053], [85.79822267500003, 25.54618597900003], [85.79962057100005, 25.546153653000033], [85.80251404300003, 25.545700400000044], [85.80396529500007, 25.545365498000024], [85.80617155200008, 25.544774933000042], [85.80810016500004, 25.544410991000063], [85.80991956000008, 25.544074599000055], [85.81102204200005, 25.54365062900007], [85.81238629500007, 25.542805962000045], [85.81445058200006, 25.541683242000033], [85.81640355800005, 25.540150184000026], [85.81776555100004, 25.53884953000005], [85.81861939500004, 25.538453611000023], [85.82065278300007, 25.537123337000025], [85.82252211200006, 25.535820649000073], [85.82408363300004, 25.534650147000036]]]]}}, {"type": "Feature", "properties": {"OBJECTID": 187, "BLOCK_CODE": "0006", "NEAR_TOWN": "DINAPUR", "BLK_NAME": "BIHTA", "DIST_NAME": "PATNA"}, "geometry": {"type": "MultiPolygon", "coordinates": [[[[84.88782808500008, 25.505469378000043], [84.88783005600004, 25.504828493000048], [84.88762732800006, 25.504430806000073], [84.88745909700003, 25.504155058000038], [84.88695686500006, 25.504095178000057], [84.88631561400007, 25.50400330000008], [84.88571280800005, 25.50433573600003], [84.88550736900004, 25.504854290000026], [84.88530752600008, 25.50512910200007], [84.88486921400005, 25.505371730000036], [84.88419813700006, 25.50524827600003], [84.88349048000003, 25.505702332000055], [84.88271370100006, 25.506007263000072], [84.88141898600009, 25.506532080000056], [84.87960260900007, 25.506866004000074], [84.87837150800004, 25.50773402300007], [84.87776949000005, 25.507795671000054], [84.87685898400008, 25.507883586000048], [84.87652390600005, 25.508492114000035], [84.87631853400006, 25.508978975000048], [84.87578104100004, 25.509072383000046], [84.87513884300006, 25.509251310000025], [84.87473539000007, 25.50946693700007], [84.87483789600003, 25.510076543000025], [84.87563952100004, 25.511419010000054], [84.87617551400007, 25.51178598200005], [84.87726335500008, 25.512249154000074], [84.87887620500004, 25.511828929000046], [84.88188665100006, 25.511389691000034], [84.88286341500003, 25.510751296000024], [84.88330796200006, 25.510129549000055], [84.88334498500006, 25.50942549800004], [84.88270549300006, 25.508724313000073], [84.88223923600003, 25.50829439300003], [84.88203725600005, 25.507653018000042], [84.88230715300006, 25.507224896000025], [84.88311416000005, 25.506802621000077], [84.88550370800004, 25.506045807000078], [84.88782808500008, 25.505469378000043]]], [[[84.85961207900004, 25.635061911000037], [84.86346183000006, 25.63318563000007], [84.86495276900007, 25.634010930000045], [84.86603767200006, 25.63417630500004], [84.86778345800008, 25.633178929000053], [84.86848659100008, 25.632828733000053], [84.86941313900007, 25.632650624000064], [84.86957513100003, 25.631811506000076], [84.86899287800009, 25.630167193000034], [84.86899417500007, 25.62975648400004], [84.87021677700005, 25.628856959000075], [84.87076138400005, 25.628244602000052], [84.87067214800004, 25.62811793700007], [84.86813876500008, 25.627908211000033], [84.86782037100005, 25.62782620100006], [84.86732991800005, 25.625482431000023], [84.86733035100008, 25.625360598000043], [84.86873553000004, 25.624953597000058], [84.86932387800005, 25.624670801000036], [84.86941443300003, 25.624382152000067], [84.86866123200008, 25.620110572000044], [84.86861867500005, 25.619415423000078], [84.87101579300008, 25.618600154000035], [84.87400456300008, 25.61798957700006], [84.87676863900003, 25.617631110000048], [84.87966195300004, 25.617308956000045], [84.88065610400008, 25.617762798000058], [84.88119554100007, 25.618829344000062], [84.88142064000004, 25.620102721000023], [84.88119051000007, 25.620472190000044], [84.88001738300005, 25.619896075000042], [84.87934075800007, 25.61976797500006], [84.87934005800008, 25.619975543000066], [84.87928905100006, 25.62198391000004], [84.87975438000007, 25.624467390000063], [84.88317025400005, 25.624250398000072], [84.88444171500004, 25.623599119000062], [84.88516502200008, 25.62314959200006], [84.88584218300008, 25.623110619000045], [84.88849198400004, 25.622688507000078], [84.88903510000006, 25.62252280100006], [84.88921599000008, 25.621950086000027], [84.88841206700005, 25.61944763100007], [84.88791928300003, 25.61776298700005], [84.88837715300008, 25.61616187100003], [84.88992306600005, 25.613584074000073], [84.89092223000006, 25.612394997000024], [84.89356999300009, 25.612545863000037], [84.89546565600006, 25.612879961000033], [84.89626179200008, 25.612994739000044], [84.89512806000005, 25.61426470300006], [84.89462737800005, 25.615247405000048], [84.89458103400005, 25.61573928100006], [84.89539518500004, 25.616522085000042], [84.89624939600003, 25.617223698000032], [84.89624731100008, 25.617918778000046], [84.89628767100004, 25.619439854000063], [84.89556381800008, 25.620133186000032], [84.89538252700004, 25.620832347000032], [84.89544851800008, 25.62208714800005], [84.89612399200007, 25.62262137500005], [84.89711938100004, 25.62270500900007], [84.89874827400007, 25.62237953700003], [84.90006243600004, 25.622427779000077], [84.90160245600003, 25.62185379500005], [84.90250522700006, 25.62124207900007], [84.90431784700007, 25.62108395100006], [84.90544708600004, 25.621370945000024], [84.90766209600008, 25.621498040000063], [84.90952118700005, 25.620726054000045], [84.91084451300009, 25.619262245000073], [84.91179509500006, 25.61934572800004], [84.91224758700008, 25.619549834000054], [84.91287778200007, 25.62029149700004], [84.91355430900006, 25.62045555000003], [84.91428183100004, 25.620213481000064], [84.91513808300004, 25.620215490000078], [84.91579354300006, 25.620808278000027], [84.91683039500003, 25.622123973000043], [84.91836556000004, 25.62327388800003], [84.92087289000006, 25.625721338000062], [84.92182354500005, 25.62514978400003], [84.92155360000004, 25.62440946600003], [84.92151133900006, 25.623466068000027], [84.92268693500006, 25.62322044700005], [84.92404755300004, 25.62265026500006], [84.92513308700006, 25.62257147300005], [84.92535811600004, 25.622201913000026], [84.925384, 25.62180929300007], [84.92430152400004, 25.620782296000073], [84.92298906000008, 25.62012491300004], [84.92181555600007, 25.619625822000046], [84.92181718300003, 25.619012058000067], [84.92141348100006, 25.61736823800004], [84.92154964500008, 25.616714116000026], [84.92218763500006, 25.616426687000057], [84.92236778000006, 25.616102106000028], [84.92210096400004, 25.615361396000026], [84.92158538100006, 25.61275142100004], [84.92140518700006, 25.61127519000007], [84.92118656100007, 25.60930238800006], [84.92173518500005, 25.607087506000028], [84.92151603200006, 25.60532226600003], [84.92079144400003, 25.60454439500006], [84.91982910000007, 25.60332810500006], [84.92099340100003, 25.603497670000024], [84.92270404500005, 25.60410184500006], [84.92370931600004, 25.604144661000078], [84.92421151100007, 25.604353419000063], [84.92434340400007, 25.605306049000035], [84.92459672300004, 25.605491664000056], [84.92527812000003, 25.605678255000043], [84.92773130000006, 25.605986087000076], [84.92820842100008, 25.60625787400005], [84.92850457200007, 25.607210906000034], [84.92874330600006, 25.607231719000026], [84.92898236200006, 25.607252560000063], [84.92934682200007, 25.606815582000024], [84.92960255700007, 25.606116585000052], [84.92992228100007, 25.605702019000034], [84.93069845100007, 25.605807494000032], [84.93170363000007, 25.605931570000052], [84.93318870500008, 25.60527133900007], [84.93310825400005, 25.60367794700005], [84.93276562300008, 25.603401903000076], [84.93218722400007, 25.603770730000065], [84.93181877000006, 25.603801489000034], [84.93154610700003, 25.603399189000072], [84.93121164400003, 25.601859438000076], [84.93121221600006, 25.60167442900007], [84.93199433400008, 25.601400795000075], [84.93334939200008, 25.600943399000073], [84.93474564400003, 25.599962489000063], [84.93484859100005, 25.598671829000068], [84.93512626500006, 25.597164935000023], [84.93551539200007, 25.596818315000064], [84.93721357300007, 25.596483405000072], [84.93765601800004, 25.596696505000068], [84.93765114100006, 25.598574017000033], [84.93750749000003, 25.600234667000052], [84.93754103800006, 25.600726696000038], [84.93774460600008, 25.60091221500005], [84.94079622100008, 25.600733594000076], [84.94364859200005, 25.600649376000035], [84.94507229800007, 25.600589141000057], [84.94568429100008, 25.600685218000024], [84.94624129800007, 25.60085339500006], [84.94705517800008, 25.601811919000056], [84.94783426200007, 25.60276583800004], [84.94823904600008, 25.604120721000072], [84.94846930700004, 25.60559709100005], [84.94891123200006, 25.606031264000023], [84.94979201200005, 25.606123367000066], [84.95036929200006, 25.606187660000046], [84.95135075000007, 25.60585122200007], [84.95196418500007, 25.60536048700004], [84.95250542900004, 25.60591220200007], [84.95291306800004, 25.60612968500004], [84.95328621700008, 25.606193661000077], [84.95420296900005, 25.605856966000033], [84.95498446900007, 25.60582697500007], [84.95566978500005, 25.606487344000072], [84.95632977300005, 25.607319145000076], [84.95669249000008, 25.607608678000076], [84.95744403800006, 25.607628249000072], [84.95865325600005, 25.607775106000076], [84.95872498300008, 25.60693128400004], [84.95887100500005, 25.604182870000045], [84.95941530200008, 25.603484365000043], [84.96032225600004, 25.603034869000055], [84.96262975400003, 25.601847896000038], [84.96448887700006, 25.600786362000065], [84.96458071300003, 25.59980266200006], [84.96426590300007, 25.59824042300005], [84.96494872600005, 25.597831025000062], [84.96567104400003, 25.59758868700004], [84.96675683700005, 25.597261334000052], [84.96800120800003, 25.597241152000038], [84.97003676100007, 25.597326310000028], [84.97049002200004, 25.59720526700005], [84.97062459500006, 25.597119836000047], [84.97062534900004, 25.596794854000052], [84.97008450300007, 25.59605358700003], [84.97008566400007, 25.59556164600008], [84.97058419900003, 25.595192557000075], [84.97135071100007, 25.595193992000077], [84.97266387300004, 25.595566604000055], [84.97370425900004, 25.59548734300006], [84.97535810200003, 25.594890168000063], [84.97616962300003, 25.59476978600003], [84.97841032300005, 25.594340702000068], [84.97954079600004, 25.594053906000056], [84.98026252000005, 25.59405526000006], [84.98125753200009, 25.594224093000037], [84.98207451300004, 25.59393674300003], [84.98342679000007, 25.594598162000068], [84.98455845600006, 25.59603554000006], [84.98613657600004, 25.598173231000033], [84.98712918100006, 25.599488347000033], [84.98798325000007, 25.60043322200005], [84.98893342500008, 25.60063807000006], [84.99008839200008, 25.60057693600004], [84.99095101900008, 25.59983825200004], [84.99221854700005, 25.598324013000024], [84.99355243200006, 25.598348908000048], [84.99459114300004, 25.599090940000053], [84.99571963500006, 25.599747295000043], [84.99671419800006, 25.600159787000052], [84.99677370900008, 25.600263675000065], [84.99676342500004, 25.598052087000042], [84.99659751800004, 25.596454077000033], [84.99573489400007, 25.59485029900003], [84.99559197400004, 25.59418204600007], [84.99542450600006, 25.593319734000033], [84.99546079300006, 25.592674353000064], [84.99563066300004, 25.59236777800004], [84.99641281300006, 25.591985428000044], [84.99727391100004, 25.591941795000025], [84.99781641100003, 25.591956292000077], [85.00011289900004, 25.590994326000043], [85.00190018900008, 25.590713108000045], [85.00414718800005, 25.592021241000054], [85.00844820500004, 25.59410457900003], [85.00969128400004, 25.59470695300007], [85.01008063200004, 25.59414336900005], [85.01008123200006, 25.593827411000063], [85.00721215500005, 25.592482235000034], [85.00360782100006, 25.59047228000003], [85.00294708400008, 25.589870805000032], [85.00252569500003, 25.589062257000023], [85.00167415600004, 25.58687627100005], [85.00113483200005, 25.585363393000023], [85.00036844100003, 25.582915807000063], [85.00036990900009, 25.58221168800003], [85.00098792800009, 25.58178846100003], [85.00098959700006, 25.580980647000047], [85.00002500800008, 25.580518596000047], [84.99932450300008, 25.579957704000037], [84.99917322600004, 25.578513173000033], [84.99791342100008, 25.578372285000057], [84.99782953800008, 25.578515352000068], [84.99728621100007, 25.57892971800004], [84.99701761900008, 25.57889756700007], [84.99688866900004, 25.578671691000068], [84.99666567700007, 25.57820647500006], [84.99631285600003, 25.577993694000043], [84.99587003600004, 25.577943297000047], [84.99536219300006, 25.578037168000037], [84.99522817200005, 25.577896999000075], [84.99504013600006, 25.57735966000007], [84.99485780500004, 25.57654238600003], [84.99470445000009, 25.576081741000053], [84.99497894300004, 25.575730176000036], [84.99521292800006, 25.57565386300007], [84.99574043000007, 25.57566829500007], [84.99588537400007, 25.575366201000065], [84.99588603600006, 25.57504572700003], [84.99564780700007, 25.574738371000024], [84.99523982100004, 25.574706097000046], [84.99459774100006, 25.574768095000024], [84.99398577100004, 25.574735473000032], [84.99371723800004, 25.574626701000057], [84.99347948100007, 25.574102744000072], [84.99339641500006, 25.573380437000026], [84.99309474300009, 25.572486239000057], [84.99290629500007, 25.57221061200005], [84.99261769600008, 25.572164917000066], [84.99220933600003, 25.572317645000055], [84.99182072900004, 25.572547179000026], [84.99160182600008, 25.57252870900004], [84.99146768600008, 25.572393052000052], [84.99133932300003, 25.57195057000007], [84.99117184900007, 25.571133365000037], [84.99124234300007, 25.57074977800005], [84.99175106700005, 25.570227147000026], [84.99287278400004, 25.569231658000035], [84.99350028200007, 25.569002542000078], [84.99419737100004, 25.56880065200005], [84.99441641600004, 25.56874240800005], [84.99453644100004, 25.568480803000057], [84.99455316200005, 25.567623327000035], [84.99399132400004, 25.567410172000052], [84.99237687900006, 25.566103010000063], [84.99116111200004, 25.56453015200003], [84.99045159100007, 25.563558535000027], [84.98967220700007, 25.562744690000045], [84.98875789100003, 25.56215636400003], [84.98749482600005, 25.56177491400007], [84.98586800700008, 25.561632124000027], [84.98500772500006, 25.561418391000075], [84.98393951100007, 25.56066277900004], [84.98122084500005, 25.559308248000036], [84.97844631300006, 25.558441024000047], [84.97630736100007, 25.558179834000043], [84.97489925100007, 25.558159115000024], [84.97428995800004, 25.556957410000052], [84.97445171400005, 25.55584288400007], [84.97465779500004, 25.554936061000035], [84.97462493000006, 25.554073911000046], [84.97434372700008, 25.553030851000074], [84.97372280900004, 25.552564811000025], [84.97250281800007, 25.55302278100004], [84.97206005800007, 25.55299487700006], [84.97138435100004, 25.552591911000036], [84.97036745300005, 25.551267505000055], [84.96799936100007, 25.549046882000027], [84.96634098200008, 25.54756782900006], [84.96562755500008, 25.548428528000045], [84.96540733500007, 25.54896515200005], [84.96554041400003, 25.551641853000035], [84.96529952500003, 25.552503458000047], [84.96482407700006, 25.553671561000044], [84.96446144600003, 25.555530372000078], [84.96388288000009, 25.556143090000035], [84.96198565700007, 25.556784784000058], [84.95896410700004, 25.557333907000043], [84.95811711300007, 25.55779255400006], [84.95787771600004, 25.55804035400007], [84.95777571700006, 25.559055708000074], [84.95786893400003, 25.561669116000076], [84.95632498300006, 25.562266304000048], [84.95483137400004, 25.56260182500006], [84.95425481700005, 25.56232085700003], [84.95384929600004, 25.56130899300007], [84.95337853500007, 25.560504648000062], [84.95280382300007, 25.559519542000032], [84.95287418300006, 25.557213355000044], [84.95233166400004, 25.557275412000024], [84.95144966500004, 25.55779269100003], [84.95087213800008, 25.557949508000036], [84.94965388300005, 25.557635573000027], [84.94870280200007, 25.557913410000026], [84.94843337600008, 25.55821979600006], [84.94829294000004, 25.55867990300004], [84.94825827600005, 25.560588986000027], [84.94821685700003, 25.56123885200003], [84.94814596500004, 25.561730628000078], [84.94995721700008, 25.563715778000073], [84.95158050200007, 25.565258176000043], [84.950205, 25.566135479000025], [84.94850672000007, 25.56671872000004], [84.94691372500006, 25.56695916800004], [84.94535661800006, 25.566833991000067], [84.94396359000007, 25.566709283000023], [84.94359101500004, 25.56646027200003], [84.94332336900004, 25.566058009000074], [84.94217249400003, 25.564642854000056], [84.94112615000006, 25.56325502800007], [84.94055070200005, 25.56257681900007], [84.93909587400003, 25.56134608600007], [84.93664153600008, 25.559910096000067], [84.93589550100006, 25.559786663000068], [84.93503087400006, 25.559328957000048], [84.93389824500008, 25.55864494800005], [84.93308166800006, 25.558855337000068], [84.93236989500008, 25.558948576000034], [84.93155845700005, 25.559100228000034], [84.93111393200007, 25.559744657000067], [84.93087074300007, 25.56137350800003], [84.93002587900008, 25.561001521000037], [84.92873787300005, 25.560723433000078], [84.92594357700006, 25.559931878000043], [84.92485917200008, 25.559807616000057], [84.92303067100005, 25.558851209000068], [84.92177821000007, 25.558356462000063], [84.92133529600005, 25.558382563000066], [84.92069298700005, 25.55853459800005], [84.92041713600008, 25.55933737400005], [84.92032797900004, 25.561020626000072], [84.91864184000008, 25.560768605000078], [84.91827579800008, 25.55995983100007], [84.91805649600008, 25.558284877000062], [84.91620162500004, 25.556100651000065], [84.91545210200007, 25.55545806500004], [84.91424341200008, 25.555328917000054], [84.91344843000007, 25.554934452000055], [84.91296732200004, 25.55437369400005], [84.91217180500007, 25.554186795000078], [84.91087310600005, 25.554224377000025], [84.90994237800004, 25.55433051600005], [84.90934540600006, 25.55428852500006], [84.90916669400008, 25.554139200000066], [84.90871080900007, 25.553497243000038], [84.90827992800007, 25.552774106000072], [84.90784901800004, 25.552087064000034], [84.90725748800008, 25.551882551000062], [84.90648048500003, 25.552187592000053], [84.90640964000005, 25.55260273300007], [84.90649686600005, 25.553433330000075], [84.90676741900006, 25.554530792000037], [84.90676503600008, 25.555356670000037], [84.90583916900005, 25.555494491000047], [84.90456179500006, 25.55503557000003], [84.90379204200008, 25.554514750000067], [84.90341986800007, 25.554175299000065], [84.90251402700005, 25.55426348000003], [84.90136970100008, 25.554260748000047], [84.89978992400006, 25.553403958000047], [84.89707164500004, 25.55226906100006], [84.89579444400005, 25.551778479000063], [84.89433238000004, 25.55151766000006], [84.89356126500007, 25.55148422900004], [84.89288772600008, 25.550444474000074], [84.89131777000006, 25.547998946000064], [84.88994402700007, 25.546533158000045], [84.88890267200009, 25.545370711000032], [84.88855105300007, 25.544837202000053], [84.88878555800005, 25.54459408400004], [84.89033279100005, 25.544629521000047], [84.89174667500004, 25.544294457000035], [84.89225525200004, 25.543930081000042], [84.89239222300006, 25.54301423000004], [84.89262753100007, 25.542527336000035], [84.89323446000003, 25.54252883500004], [84.89434374600006, 25.54259470100004], [84.89501473500007, 25.54280845200003], [84.89541631400004, 25.54329690900005], [84.89635579000003, 25.543574474000025], [84.89790312900004, 25.54354666300003], [84.89844172300008, 25.543092089000027], [84.89878065100004, 25.542880745000048], [84.89795232400007, 25.542007682000076], [84.89620939800005, 25.540875146000076], [84.89530049300004, 25.54035388400007], [84.89472921000004, 25.540077136000036], [84.89454628400006, 25.53969762400004], [84.89454811600007, 25.539056663000054], [84.89474758500006, 25.538903685000037], [84.89548889400004, 25.538905542000066], [84.89602546100008, 25.539150508000034], [84.89690155500006, 25.53897213600004], [84.89646577800005, 25.538285030000054], [84.89572621600007, 25.537700968000024], [84.89461857400005, 25.53712058900004], [84.89297338500006, 25.536597569000037], [84.89193449100009, 25.536319710000043], [84.89072017500007, 25.536470219000023], [84.88994699100004, 25.53716789200007], [84.88977403200005, 25.538453764000053], [84.88966701000004, 25.539306515000078], [84.88952908400006, 25.540529310000068], [84.88926080400006, 25.54040681600003], [84.88839285600005, 25.53952003300003], [84.88771882100008, 25.53866084300006], [84.88691274600006, 25.53869045400006], [84.88536369300004, 25.539327437000054], [84.88516307000003, 25.539846011000066], [84.88542966900008, 25.540519224000036], [84.88576103200006, 25.54119251700007], [84.88542602700005, 25.541737787000045], [84.88502115300008, 25.54237770700007], [84.88518423100004, 25.542716600000062], [84.88572422700008, 25.543507823000027], [84.88582294900004, 25.543756288000054], [84.88532027800005, 25.543813728000032], [84.88494753800006, 25.543690922000053], [84.88434862100007, 25.542651359000047], [84.88294115600007, 25.54087855000006], [84.88146241300007, 25.539624649000075], [84.88017019100005, 25.539206146000026], [84.87987237500005, 25.53737742800007], [84.88078468800006, 25.53673888000003], [84.88202866700004, 25.53664718600004], [84.88142850100007, 25.534420597000064], [84.88119748900004, 25.533503800000062], [84.88153696300003, 25.533107478000034], [84.88264724000004, 25.53280330900003], [84.88312027300003, 25.531026220000058], [84.88278543200005, 25.52989702800005], [84.88222066500003, 25.529132813000047], [84.88117857900005, 25.52830422900007], [84.88082693000007, 25.527802377000057], [84.88069435700004, 25.527219785000057], [84.88079538200003, 25.52670554200006], [84.88146857500004, 25.526188225000055], [84.88184191100004, 25.526094345000047], [84.881942, 25.525882442000068], [84.88174487500004, 25.525299763000078], [84.88124075700006, 25.524201764000054], [84.88047438500007, 25.522683263000033], [84.87954146200008, 25.520329446000062], [84.87929398400007, 25.518329322000056], [84.87912925900008, 25.516893651000032], [84.87873398100004, 25.51439225400003], [84.87726367800008, 25.512249625000038], [84.87726114300006, 25.512249447000045], [84.87485500700006, 25.512567915000034], [84.87263510300005, 25.513081283000076], [84.87098803100008, 25.51332074100003], [84.87004751800004, 25.51347180500005], [84.86940613000007, 25.513379860000043], [84.86877125300003, 25.51282756200004], [84.86832155900004, 25.511896602000036], [84.87023657800006, 25.511874557000056], [84.87057538600004, 25.511690346000023], [84.87071214900004, 25.51089633500004], [84.87085009400005, 25.509736709000038], [84.87135439400004, 25.509097191000023], [84.87179402700008, 25.508488984000053], [84.87179533600005, 25.50806019600003], [84.87099419900005, 25.506595772000026], [84.87043985800005, 25.505727770000078], [84.87007611900003, 25.50435477600007], [84.86994587900006, 25.503072617000043], [84.86975112900006, 25.50172710000004], [84.86833143200005, 25.500870400000053], [84.86560746500004, 25.50043894600003], [84.86374785900006, 25.50028529000008], [84.86231737100007, 25.50023536300006], [84.86142720500004, 25.499908391000076], [84.85965029900007, 25.49940698200004], [84.85840138000003, 25.498817647000067], [84.85810028600008, 25.49810374300006], [84.85780608100004, 25.496807551000074], [84.85683571800007, 25.495473493000077], [84.85597548400006, 25.493905033000033], [84.85530377200007, 25.49247248100005], [84.85459369300008, 25.49216364700004], [84.85455510700007, 25.49178886900006], [84.85455657100005, 25.491346629000077], [84.85418491200005, 25.490934845000027], [84.85354942500004, 25.490626252000027], [84.85268465700005, 25.490456877000042], [84.85215529800007, 25.49113699700007], [84.85174, 25.491916685000035], [84.85160940000003, 25.492309], [84.85145773300007, 25.49305779100007], [84.85108188100008, 25.493941404000054], [84.85036461300007, 25.494282530000078], [84.84965234200007, 25.49461907600005], [84.84935270400007, 25.49499282100004], [84.84927632100005, 25.495538786000054], [84.84927359900007, 25.496360179000078], [84.84908273500008, 25.496937439000078], [84.84847966200005, 25.49734193300003], [84.84795081800007, 25.497855068000035], [84.84765012700007, 25.49853576000004], [84.84701300700004, 25.498700969000026], [84.84688239800005, 25.49879278900005], [84.84633503400005, 25.49917759300007], [84.84531926100004, 25.49954937800004], [84.84410071200006, 25.499564027000076], [84.84331621200005, 25.49918729700005], [84.84245308800007, 25.498534920000054], [84.84192565100005, 25.49860119400006], [84.84117412900008, 25.498770592000028], [84.84023974100006, 25.49859641300003], [84.83986320700006, 25.498189169000057], [84.83952817500005, 25.49726753400006], [84.83867023300007, 25.496547477000036], [84.83754562400009, 25.495285059000025], [84.83691112000008, 25.49466944900007], [84.83668996600005, 25.49391958800004], [84.83660042900004, 25.492470566000065], [84.83627182800006, 25.491106528000046], [84.83604741800008, 25.489846706000037], [84.83627963200007, 25.48882726900007], [84.83568720500006, 25.48609956200005], [84.83525993700005, 25.48454567300007], [84.83451237700007, 25.48358668900005], [84.83357936800007, 25.48303800900004], [84.83241607300005, 25.482966959000066], [84.83110352800009, 25.48289548300005], [84.82926215900005, 25.483332559000075], [84.82787332700008, 25.483739326000034], [84.82629409900005, 25.48458775100005], [84.82524220200008, 25.485333938000053], [84.82379048200005, 25.486674709000056], [84.82269686100005, 25.48796685700006], [84.82167843200006, 25.489087776000076], [84.82084778600006, 25.490547712000023], [84.82080995000007, 25.49140057900007], [84.82076527800007, 25.492763532000026], [84.82080307400008, 25.493345899000076], [84.82012455300008, 25.49395769700004], [84.81929673900004, 25.494600740000067], [84.81842881300008, 25.495315745000028], [84.81760063300004, 25.49606256900006], [84.81749429700005, 25.495209208000063], [84.81713893900007, 25.494440927000028], [84.81665574300007, 25.493279545000064], [84.81605851400008, 25.49201847200004], [84.81572574500007, 25.49051907000006], [84.81512633600005, 25.489867385000025], [84.81486573000007, 25.48904965500003], [84.81453061200006, 25.48819565200006], [84.81412114900007, 25.48730979100003], [84.81318880600008, 25.486593837000044], [84.81234304800006, 25.486708744000055], [84.81155071300003, 25.487148615000024], [84.81054439500008, 25.48629708800007], [84.81031837200004, 25.48554273700006], [84.81055162200005, 25.484284165000076], [84.80991178400006, 25.48383989000007], [84.80883326100007, 25.482338259000073], [84.80834310700004, 25.481754527000078], [84.80740937500008, 25.481444768000074], [84.80586523100004, 25.48215772700007], [84.80488761600003, 25.482971735000035], [84.80334673900006, 25.484158527000034], [84.80255613800006, 25.48415620000003], [84.80042946800006, 25.48638378100003], [84.79929815600008, 25.487061890000064], [84.79768230200006, 25.488316135000048], [84.79689365200005, 25.489099013000043], [84.79583607400008, 25.489980348000074], [84.79519506200006, 25.491169902000024], [84.79451423000006, 25.492363906000037], [84.79387486600007, 25.493111122000073], [84.79256036100008, 25.493549339000026], [84.79096317800008, 25.49376550900007], [84.78964777900006, 25.494442871000047], [84.78814366100005, 25.495020332000024], [84.78683105500005, 25.494944060000023], [84.78596992200005, 25.495148893000078], [84.78503029100006, 25.495078232000026], [84.78450552800007, 25.494462716000044], [84.78316263300007, 25.493194678000066], [84.78132407200007, 25.492814210000063], [84.77957764700005, 25.49306589400004], [84.77863665700005, 25.493338248000043], [84.77799771000008, 25.493949927000074], [84.77799546500006, 25.494527637000033], [84.77825584600004, 25.49534542600003], [84.77847569400006, 25.496370730000024], [84.77858667300006, 25.497219546000053], [84.77817125300004, 25.497899758000074], [84.77764198400007, 25.49844415000007], [84.77677887700008, 25.499159040000052], [84.77608199000008, 25.499190670000075], [84.77538611900007, 25.49922225000006], [84.77437827800009, 25.498776634000023], [84.77377872800008, 25.498192483000025], [84.77303214000005, 25.497102341000073], [84.77292151300009, 25.49614512900007], [84.77273782800006, 25.49536014800003], [84.77255474300006, 25.49457772900007], [84.77199583500004, 25.49379056600003], [84.77109813500005, 25.493173857000045], [84.76977942200006, 25.493408781000028], [84.76902787400007, 25.49354624500006], [84.76801604900004, 25.49412062600004], [84.76692518900006, 25.494559304000063], [84.76561234600007, 25.494554962000052], [84.76497278800008, 25.49407440300007], [84.76430149300006, 25.494040591000044], [84.76365906700005, 25.49427772000007], [84.76253449100005, 25.49444096600007], [84.76122169100006, 25.494405002000065], [84.76001863000005, 25.494297150000023], [84.75817832800004, 25.494358740000052], [84.75645320200005, 25.49423555800007], [84.75665266900006, 25.49653354900005], [84.75674072900006, 25.498122598000066], [84.75677843100004, 25.498465630000055], [84.75688463600005, 25.49943193400003], [84.75440888000008, 25.50039851200006], [84.75463290400006, 25.501554655000064], [84.75506014600006, 25.502901075000068], [84.75582801300004, 25.504844433000073], [84.75700260400004, 25.507082508000053], [84.75840666100004, 25.509154328000022], [84.75926451700008, 25.511021241000037], [84.75960290900008, 25.51220038400004], [84.76058977900004, 25.515385630000026], [84.76180697000007, 25.519442723000054], [84.76259759700008, 25.520749696000053], [84.76368415100006, 25.522657993000053], [84.76431652800005, 25.523734267000066], [84.76612890400008, 25.525807378000025], [84.76681017200008, 25.52709144100004], [84.76721346600004, 25.528252637000037], [84.76732330600004, 25.529390430000035], [84.76788642800005, 25.53108793100006], [84.76844898600007, 25.53278368100007], [84.76984694900005, 25.53651183100004], [84.77129314700005, 25.539409568000053], [84.77204031900004, 25.540427580000028], [84.77363205400007, 25.54175516600003], [84.77462791900007, 25.542791946000023], [84.77617484000007, 25.54416001800007], [84.77701389700007, 25.54496965900006], [84.77785499100008, 25.545781249000072], [84.78066979900007, 25.54864275500006], [84.78264477700003, 25.549993991000065], [84.78560002100005, 25.55260762000006], [84.78625044900008, 25.55359502300007], [84.78691093700007, 25.55459768000003], [84.78813912200008, 25.556091018000075], [84.78936404400008, 25.55716898000003], [84.79229841000006, 25.558812044000035], [84.79411858500004, 25.560388352000075], [84.79593153200005, 25.562546901000076], [84.79679019900004, 25.56445424800006], [84.79701615200008, 25.565240263000078], [84.79618890300009, 25.566889555000046], [84.79586844300007, 25.56742568900006], [84.79595705800006, 25.567674147000048], [84.79620953300008, 25.56773848100005], [84.79645920000007, 25.567802099000062], [84.79999342700006, 25.567460948000075], [84.80300336600004, 25.567637217000026], [84.80619029300004, 25.568391647000055], [84.80864878700004, 25.56968081100007], [84.81083270100004, 25.571217484000044], [84.81300960000004, 25.573331685000028], [84.81448777000008, 25.574640456000054], [84.81616933200007, 25.576175499000044], [84.81852633700004, 25.579450136000048], [84.81961483700007, 25.58123162100003], [84.82002189800005, 25.58292983000007], [84.81994876100003, 25.58390004000006], [84.82006644100005, 25.58458396800006], [84.82030461300008, 25.585968153000067], [84.82112078500006, 25.587378707000028], [84.82198235900006, 25.588622472000054], [84.82207022900008, 25.590527352000038], [84.82161051400004, 25.591017949000047], [84.82078730700005, 25.591597726000032], [84.81951171700007, 25.592004708000047], [84.81638428300005, 25.59251450800008], [84.81501438100008, 25.592844451000076], [84.81478371800006, 25.593295054000066], [84.81487506800005, 25.59420702600005], [84.81600287300006, 25.59751866600004], [84.81666424900004, 25.59951803100006], [84.81710579300005, 25.600852795000037], [84.81776739800006, 25.606519039000034], [84.81826123200005, 25.609002817000032], [84.81923783600007, 25.61014311200006], [84.82048845400004, 25.61120289300004], [84.82173909400007, 25.612262663000024], [84.82582867500008, 25.615749922000077], [84.82867055800006, 25.618754973000023], [84.82953213800005, 25.62007989400007], [84.82980133100006, 25.621407573000056], [84.83111528300003, 25.62294133900008], [84.83089034600005, 25.623188932000062], [84.83135414300006, 25.624408902000027], [84.83157554100006, 25.626584989000037], [84.83252302000005, 25.627571596000053], [84.83340279900005, 25.627998354000056], [84.83647641600004, 25.62890975700003], [84.83713203500008, 25.62913787800005], [84.83778418100007, 25.629364787000043], [84.83936433400004, 25.630271894000032], [84.84139867400006, 25.630850757000076], [84.84483503700005, 25.632011272000057], [84.84619091800005, 25.63299896500007], [84.84830875800003, 25.635423954000032], [84.84889386000003, 25.636165702000028], [84.85101206900003, 25.638509429000067], [84.85246821200008, 25.639325804000066], [84.85360640100004, 25.63842620300005], [84.85446382300006, 25.63810357400007], [84.85385283300008, 25.63767314000006], [84.85435249500006, 25.637141990000032], [84.85961207900004, 25.635061911000037]]]]}}, {"type": "Feature", "properties": {"OBJECTID": 188, "BLOCK_CODE": "0005", "NEAR_TOWN": "PHULWARI", "BLK_NAME": "PHULWARI", "DIST_NAME": "PATNA"}, "geometry": {"type": "MultiPolygon", "coordinates": [[[[85.13323920900007, 25.575143247000028], [85.13335513600003, 25.573667491000037], [85.13340484500003, 25.572160204000056], [85.13416342700003, 25.571384349000027], [85.13416374200006, 25.57106387400006], [85.13381117000006, 25.57033238400004], [85.13335836600004, 25.570241820000035], [85.13305570800009, 25.569329844000038], [85.13290713600009, 25.568616564000024], [85.13275872400004, 25.567659613000046], [85.13240568000003, 25.567474307000055], [85.13180376500009, 25.567293265000046], [85.13145064800005, 25.567017621000048], [85.13135179700004, 25.566376642000023], [85.13114830800004, 25.56587550200004], [85.13145242300004, 25.56523483500007], [85.13185533400008, 25.565415732000076], [85.13285995200005, 25.565967193000063], [85.13336270800005, 25.56573738900005], [85.13371680300008, 25.564961353000058], [85.13361779100006, 25.564415138000072], [85.13266294300007, 25.56381857200006], [85.13195689600008, 25.563317007000023], [85.13135506700007, 25.56299608000006], [85.13115176100007, 25.562309836000054], [85.13130265100006, 25.560617428000057], [85.13095624900006, 25.558698984000046], [85.13050428000008, 25.557831990000068], [85.12974872600006, 25.557100173000038], [85.12909234400007, 25.556688950000023], [85.12854005300005, 25.55673362300007], [85.12758457400008, 25.55691335000006], [85.12697742300008, 25.55700762300006], [85.12662463500004, 25.55654695100003], [85.12617203200006, 25.55632090000006], [85.12555004000006, 25.556419709000068], [85.12539620800004, 25.555986263000023], [85.12516326700006, 25.555119482000066], [85.12520365300009, 25.55449664500003], [85.12593017200004, 25.554425052000056], [85.12669656000008, 25.55425415600007], [85.12791579600008, 25.554047581000077], [85.12803083600005, 25.553456442000027], [85.12875758800004, 25.553145581000024], [85.12929475800007, 25.553285952000067], [85.12940840900006, 25.554116519000047], [85.13013480700005, 25.554153205000034], [85.13123959700005, 25.553910419000033], [85.13131987200006, 25.553219957000067], [85.12979275100008, 25.552835026000025], [85.12956452900005, 25.55224813500007], [85.12952579700004, 25.551101622000033], [85.13040185700004, 25.55068710100005], [85.13097940600005, 25.550303989000042], [85.13082557700005, 25.549888596000073], [85.13067154100008, 25.549748554000075], [85.12987047900003, 25.549747858000046], [85.12861164200007, 25.549819099000047], [85.12841797500005, 25.549435225000025], [85.12811521800006, 25.548708331000057], [85.12796202900006, 25.547701704000076], [85.12803724600008, 25.547115009000038], [85.12855496300006, 25.54682210200008], [85.13019716700006, 25.54643982500005], [85.13058065400008, 25.54602490800005], [85.13042773000006, 25.544706828000074], [85.13012054400008, 25.54342478600006], [85.13080724800005, 25.543217730000038], [85.13318101200008, 25.542596764000052], [85.13505202000005, 25.54211533000006], [85.13653977000007, 25.54194041200003], [85.13719139200003, 25.54197705100006], [85.13799281100006, 25.54157139800003], [85.13998014900005, 25.538964128000032], [85.13983168100003, 25.538165194000044], [85.13965919500004, 25.536310049000065], [85.13966103200005, 25.53429699900005], [85.13951444600008, 25.531349636000073], [85.13940132000005, 25.529927736000047], [85.13905968300008, 25.52819430900007], [85.13882612700007, 25.52791886400007], [85.13821926900005, 25.527918417000024], [85.13752767300008, 25.528021703000036], [85.13615455300004, 25.52826430700003], [85.13460756800004, 25.528208937000045], [85.13334878200004, 25.528483281000035], [85.13128451200004, 25.528310072000068], [85.12944922500003, 25.528033312000048], [85.12731038900006, 25.527855515000056], [85.12547983700006, 25.527817801000026], [85.12410209600006, 25.52760902700004], [85.12461662900006, 25.526577432000067], [85.12505069500008, 25.52552171700006], [85.12529449300007, 25.524184344000048], [85.12416550200004, 25.524007324000024], [85.12351924400008, 25.52361858000006], [85.12323132700004, 25.523072228000046], [85.12223721100008, 25.52238084100003], [85.12126283400005, 25.52184737500005], [85.11935334800006, 25.521263431000023], [85.11817503800006, 25.52076135200008], [85.11726069000008, 25.519997775000036], [85.11669492200008, 25.51883279200007], [85.11509957600003, 25.51755854000004], [85.11339413100006, 25.51698373200003], [85.11337970200003, 25.516577537000046], [85.11321313600007, 25.514307107000036], [85.11299078000008, 25.513056663000043], [85.11307617400007, 25.512289408000072], [85.11349960200005, 25.511730099000033], [85.11409175900008, 25.51144638100004], [85.11544003500006, 25.51106849000007], [85.11574873100005, 25.510784346000037], [85.11577908400005, 25.51035116500003], [85.11572595800004, 25.50892026300005], [85.11632908600006, 25.50641706500005], [85.11584169900004, 25.50635393300007], [85.11547859800004, 25.506150778000062], [85.11508071800006, 25.50583927200006], [85.11453871400005, 25.505184779000047], [85.11355901600007, 25.50406537400005], [85.11295227800008, 25.503474065000034], [85.11215654900008, 25.503036233000046], [85.11118190200006, 25.502643427000066], [85.11058016200008, 25.502336505000073], [85.11004301300005, 25.50187605700006], [85.10965022200008, 25.501465280000048], [85.10946623200005, 25.501000384000065], [85.10953355600003, 25.50043816300007], [85.10948928500005, 25.500036446000024], [85.10866540800004, 25.498609361000035], [85.10752756800008, 25.497714575000032], [85.10716490000004, 25.497429886000077], [85.10630939200007, 25.497465128000044], [85.10549876100004, 25.497495943000047], [85.10509032800007, 25.498001053000053], [85.10442277200008, 25.498961786000052], [85.10418789900007, 25.499922928000046], [85.10420215800008, 25.500437431000023], [85.10371406000007, 25.50094266900004], [85.10317865900004, 25.501363725000033], [85.10262371000005, 25.501734956000064], [85.10210456000004, 25.501971016000027], [85.10164515600007, 25.502193875000046], [85.10113611700007, 25.50241643000004], [85.10052805200007, 25.502570683000044], [85.10000538300005, 25.502617052000062], [85.09932862900007, 25.502644447000023], [85.09866366100005, 25.50242805700003], [85.09800579700004, 25.501931843000023], [85.09740466000005, 25.501178672000037], [85.09701079700005, 25.500434623000046], [85.09684234500008, 25.49991542300006], [85.09656952400007, 25.49934642200003], [85.09616772000004, 25.49852002600005], [85.09535255500003, 25.498203201000024], [85.09370593100004, 25.498558024000033], [85.09193983400007, 25.499057187000062], [85.09084022300004, 25.499475714000027], [85.09062486800008, 25.499528072000032], [85.08993473400005, 25.499695858000052], [85.08832367900004, 25.499481994000064], [85.08734475300008, 25.49890767100004], [85.08644624100003, 25.497697032000076], [85.08577625300006, 25.496626612000057], [85.08503103300006, 25.49605714000006], [85.08455867500004, 25.49605659300005], [85.08383791800009, 25.49578045100003], [85.08353924300008, 25.49598316500004], [85.08334451100006, 25.496551664000037], [85.08324911300008, 25.497219591000032], [85.08349502100003, 25.49922831600003], [85.08330004100003, 25.49994122000004], [85.08290650300006, 25.50043279500005], [85.08172260500004, 25.501057352000032], [85.08113490200003, 25.50104777000007], [85.08059701700006, 25.501094204000026], [85.07979081000008, 25.501178243000027], [85.07858115600004, 25.50116801200005], [85.07812587500007, 25.50150826400005], [85.07725957500008, 25.502243123000028], [85.07684904400008, 25.502583564000076], [85.07616926300005, 25.502994604000037], [85.07567608800008, 25.503086248000045], [85.07509447100006, 25.50302828100007], [85.07431163700005, 25.50263054100003], [85.07326515700004, 25.502221984000073], [85.07242485800003, 25.50217596300007], [85.07166328400007, 25.502234281000028], [85.07111074300008, 25.502284936000024], [85.07045263600008, 25.502470266000046], [85.06971429800006, 25.502740912000036], [85.06921541100007, 25.50291376000007], [85.06844383600009, 25.50298104500007], [85.06780834800009, 25.502823420000027], [85.06736745900008, 25.50258576600004], [85.06674038900007, 25.501990343000045], [85.06583039700007, 25.501307273000066], [85.06502555300005, 25.50118012100006], [85.06502118900005, 25.50118081200003], [85.06442283700005, 25.501275580000026], [85.06384222700007, 25.501736833000052], [85.06292122900004, 25.502453134000064], [85.06211128700005, 25.502976102000048], [85.06166704800006, 25.50315828600003], [85.06122952600003, 25.503128352000033], [85.06086328000004, 25.502886772000068], [85.06026110400006, 25.50229143300004], [85.05971807200007, 25.501759639000056], [85.05895422600008, 25.501483775000054], [85.05829229100004, 25.501529110000035], [85.05757520300006, 25.50161924500003], [85.05693882500003, 25.501574506000054], [85.05627913000006, 25.50133538700004], [85.05561035300008, 25.500974358000065], [85.05470964900007, 25.500456319000023], [85.05463675800007, 25.500405940000064], [85.05447230500005, 25.500292278000074], [85.05392412900005, 25.49991340400004], [85.05322236300003, 25.499705649000077], [85.05226656700006, 25.49981728700004], [85.05117025100003, 25.49994532900007], [85.05062559600003, 25.50014085500004], [85.04979186700007, 25.50044015000003], [85.04968734000005, 25.500683813000023], [85.04960253500008, 25.500977207000062], [85.04950287500003, 25.50135175400004], [85.04935833400003, 25.501861659000042], [85.04905955600003, 25.502538568000034], [85.04869114000007, 25.503088999000056], [85.04829792200007, 25.503553673000056], [85.04765103000005, 25.504126605000067], [85.04704394900006, 25.504636263000066], [85.04655132300007, 25.505109873000038], [85.04609842100007, 25.505556497000043], [85.04567036800006, 25.506115950000037], [85.04513772600006, 25.506797135000056], [85.04456046200005, 25.50730691800004], [85.04388382100007, 25.50765407500006], [85.04313272300004, 25.507847742000024], [85.04234677500006, 25.507919507000054], [85.04183453200005, 25.50789664200005], [85.04131245500008, 25.507742868000037], [85.04098436900006, 25.507467312000074], [85.04080555000007, 25.507083584000043], [85.04077602300003, 25.50662317700005], [85.04084095200005, 25.50618548700004], [85.03744285100004, 25.503465616000028], [85.03769589800004, 25.50403289700006], [85.03742577900005, 25.507477227000038], [85.03791675200006, 25.508893640000053], [85.03803650300006, 25.509467794000045], [85.03813236400003, 25.509919877000073], [85.03817791100005, 25.510439345000066], [85.03784487400003, 25.51102405200004], [85.03753735500004, 25.511527628000067], [85.03638636600004, 25.511741146000077], [85.03509075600005, 25.512003364000066], [85.03377105600003, 25.512161650000053], [85.03235308100005, 25.512174663000053], [85.03167719800007, 25.512088924000068], [85.03103973600008, 25.512174879000042], [85.03049609700008, 25.512347300000044], [85.02987284900007, 25.512505632000057], [85.02925399400004, 25.51274982800004], [85.02878772700006, 25.51318909500003], [85.02824825400006, 25.51406584800003], [85.02784745400004, 25.514415322000048], [85.02720454900003, 25.514546376000055], [85.02686346700006, 25.51458247000005], [85.02652238700006, 25.514618565000035], [85.02597987500008, 25.514642027000036], [85.02525545600008, 25.514411318000043], [85.02498992300008, 25.51341633800007], [85.02467132200007, 25.512831763000065], [85.02455576500006, 25.51237055000007], [85.02437107900005, 25.511836523000056], [85.02415726800007, 25.511212087000047], [85.02295905300008, 25.511732214000062], [85.02181273100007, 25.511977242000057], [85.02111032500005, 25.512094357000024], [85.02032938700006, 25.512080113000025], [85.01959549800006, 25.512395583000057], [85.01638225800008, 25.51291552200007], [85.01569399600004, 25.51313207000004], [85.01516976500005, 25.513349669000036], [85.01473832100004, 25.513780216000043], [85.01377562900007, 25.514694622000036], [85.01325028200006, 25.51505213300004], [85.01272132600008, 25.515242710000052], [85.01206362600004, 25.51476418900006], [85.01114014700005, 25.513936208000075], [85.01050616800006, 25.513588691000052], [85.00940699700004, 25.512953586000037], [85.00700886400006, 25.511763376000033], [85.00578476000004, 25.51119959300007], [85.00523922500008, 25.510992676000058], [85.00460432100004, 25.51075806500006], [85.00260356200005, 25.510252173000026], [85.00188739600009, 25.510220093000044], [85.00129565000003, 25.510193395000044], [85.00067325900005, 25.510252310000055], [84.99989233500008, 25.510219821000078], [84.99787750100006, 25.510429203000058], [84.99779287600006, 25.511526787000037], [84.99779277700009, 25.511527904000047], [84.99678788800009, 25.51035617100007], [84.99597141300006, 25.510688738000056], [84.99597011600008, 25.511307056000078], [84.99576496200007, 25.51192051700008], [84.99461044100008, 25.512198390000037], [84.99276484500007, 25.512362103000044], [84.99259003500003, 25.515038263000065], [84.99287068900009, 25.51871723900007], [84.99326942700003, 25.520685852000042], [84.99524503400005, 25.524981595000042], [84.99656418900008, 25.526920113000074], [84.99666172700006, 25.527872650000063], [84.99783272000008, 25.531616125000028], [84.99959893600004, 25.531569657000034], [84.99949291100006, 25.532291624000038], [84.99697194800007, 25.534133301000054], [84.99520808700004, 25.53548434000004], [84.99449145800008, 25.535604917000057], [84.99391967300005, 25.535450465000054], [84.99354569800005, 25.535851468000033], [84.99350913800004, 25.53668188000006], [84.99357182600005, 25.537602751000065], [84.99367385900007, 25.538771910000037], [84.99339964800004, 25.539019693000057], [84.99263840000003, 25.539095100000054], [84.99148416100007, 25.539093079000054], [84.99016601300008, 25.539000456000053], [84.98809665300007, 25.53893352500006], [84.98643468000006, 25.539084066000044], [84.98501115400006, 25.539419945000077], [84.98378577700004, 25.540094771000042], [84.98270069500006, 25.540341029000047], [84.98219343000005, 25.540276918000075], [84.98140090600003, 25.538722802000052], [84.98076148100006, 25.53764298400006], [84.98035506000008, 25.536996780000038], [84.98035680100008, 25.536197879000042], [84.98035880600008, 25.535304212000028], [84.98056496800007, 25.53432065800007], [84.98066707900006, 25.533151848000045], [84.97943347000006, 25.53085676200004], [84.97685716600006, 25.53063540200003], [84.97421576200009, 25.53057171200004], [84.97339917300008, 25.530908666000073], [84.97241721200004, 25.531768896000074], [84.97115549500006, 25.533147590000056], [84.97075096000003, 25.533823838000046], [84.97060994900005, 25.53456384200007], [84.97020541700005, 25.535271673000068], [84.96984597500006, 25.53580806900004], [84.96980958200004, 25.536484959000063], [84.97034960600007, 25.537469931000032], [84.97071917800008, 25.538978155000052], [84.97058151100003, 25.540453813000056], [84.97010043200004, 25.541928769000037], [84.97004928000007, 25.542528961000073], [84.97018169100005, 25.543391245000066], [84.97119760100009, 25.545085779000033], [84.97295442800004, 25.547025371000075], [84.97440824500006, 25.54875217400007], [84.97474325700006, 25.550197121000053], [84.97467713200007, 25.55084245300003], [84.97406281100007, 25.55185683700006], [84.97372280900004, 25.552564811000025], [84.97434372700008, 25.553030851000074], [84.97462493000006, 25.554073911000046], [84.97465779500004, 25.554936061000035], [84.97445171400005, 25.55584288400007], [84.97428995800004, 25.556957410000052], [84.97489925100007, 25.558159115000024], [84.97630736100007, 25.558179834000043], [84.97844631300006, 25.558441024000047], [84.98122084500005, 25.559308248000036], [84.98393951100007, 25.56066277900004], [84.98500772500006, 25.561418391000075], [84.98586800700008, 25.561632124000027], [84.98749482600005, 25.56177491400007], [84.98875789100003, 25.56215636400003], [84.98967220700007, 25.562744690000045], [84.99045159100007, 25.563558535000027], [84.99116111200004, 25.56453015200003], [84.99237687900006, 25.566103010000063], [84.99399132400004, 25.567410172000052], [84.99455316200005, 25.567623327000035], [84.99526484800003, 25.567579439000042], [84.99668851100006, 25.567320092000045], [84.99689018200007, 25.56845784500007], [84.99712725700005, 25.569306785000038], [84.99750783400003, 25.57054863600007], [84.99892962300004, 25.571205570000075], [85.00063092400006, 25.57388487000003], [85.00123556900007, 25.575104577000047], [85.00204994600006, 25.57594992500003], [85.00375489100009, 25.57694126000007], [85.00499636900008, 25.578207100000043], [85.00565074400004, 25.579476476000025], [85.00634751200005, 25.579441493000047], [85.00650041800003, 25.577605437000045], [85.00653782500007, 25.577504157000078], [85.00683061300003, 25.576779419000047], [85.00732475600006, 25.576067145000025], [85.00868372600007, 25.575857201000076], [85.01019712300007, 25.57554382400008], [85.01066593100006, 25.57504810900008], [85.01105923300008, 25.57244443600007], [85.01141001300005, 25.57121290300006], [85.01202356400006, 25.570455595000055], [85.01377011700004, 25.57053071100006], [85.01609768500003, 25.57120244500004], [85.01787867900003, 25.57141738300004], [85.02040148800006, 25.57152516900004], [85.02273092200005, 25.571249006000073], [85.02451251900004, 25.571179492000056], [85.02551938900007, 25.570963472000074], [85.02552072900005, 25.570970834000036], [85.02603079300007, 25.57086589100004], [85.02820034200005, 25.570905330000073], [85.03002314200006, 25.57009571100008], [85.03138311200007, 25.569289832000038], [85.03365899100004, 25.568318335000072], [85.03602425800005, 25.567405509000025], [85.03680092200005, 25.56715848600004], [85.03723057000008, 25.56617516400007], [85.03785343600003, 25.56568412400003], [85.03940201800003, 25.56508605700003], [85.04088021500007, 25.564876006000077], [85.04204092200007, 25.567026094000028], [85.04347400900008, 25.56702808400007], [85.04475384200003, 25.56646576600008], [85.04568391300006, 25.566751401000033], [85.04653989100007, 25.566644299000075], [85.04637253200008, 25.565651719000073], [85.04641615000008, 25.565638573000058], [85.04641629000008, 25.565638750000062], [85.04682049700006, 25.565516245000026], [85.04758715100007, 25.56527363400005], [85.04809358300008, 25.565978388000076], [85.04875002900008, 25.566191496000044], [85.04956605100006, 25.566260271000033], [85.05020289800007, 25.566288274000044], [85.05082436100008, 25.566605003000063], [85.05140466500006, 25.567770258000053], [85.05222034700006, 25.567979001000026], [85.05326487700006, 25.568300833000023], [85.05363640200005, 25.570436664000056], [85.05361427700007, 25.570693454000036], [85.05399415000005, 25.572737295000024], [85.05451178600003, 25.575164302000076], [85.05502990900004, 25.576676923000036], [85.05550213200007, 25.577492792000044], [85.05554203200006, 25.57757461700004], [85.05631346300004, 25.578699356000072], [85.05747870000005, 25.57849064900006], [85.05952500100005, 25.578035416000034], [85.06012013400004, 25.577327180000054], [85.06074601600005, 25.577395099000057], [85.06155442500005, 25.57828193000006], [85.06305412600005, 25.57836037100003], [85.06502358500006, 25.577935856000067], [85.06582146400007, 25.578020690000074], [85.06746838100008, 25.57793924400005], [85.06863358700008, 25.578039792000027], [85.06943806300006, 25.578290682000045], [85.07038110300005, 25.578952767000033], [85.07124798100006, 25.58000534300004], [85.07191662800005, 25.581452395000042], [85.07274145500008, 25.583753503000025], [85.07338621600007, 25.58536761700003], [85.07332565300004, 25.587305463000064], [85.07628716100004, 25.58712848700003], [85.07787524000008, 25.586836966000078], [85.07924406500007, 25.586703159000024], [85.08132945900007, 25.58661532900004], [85.08332074700007, 25.586188822000054], [85.08402796700005, 25.585864737000065], [85.08472046000009, 25.585323901000038], [85.08492001800005, 25.58498558200006], [85.08489634500006, 25.58410546600004], [85.08482340700004, 25.582796462000033], [85.08440239700008, 25.581329138000058], [85.08437825600004, 25.580814616000055], [85.08462775600003, 25.580340953000075], [85.08527506700005, 25.580048289000047], [85.08637001800008, 25.579981858000053], [85.08706659000006, 25.580117983000036], [85.08813155600006, 25.58009663100006], [85.08932620100006, 25.57989486100007], [85.08999790000007, 25.580030959000055], [85.09089351200004, 25.580144795000024], [85.09121664700007, 25.580415986000048], [85.09135030600004, 25.580944137000074], [85.09157394700009, 25.581192620000024], [85.09221587600007, 25.58121595800003], [85.09288795300006, 25.58108120600008], [85.09413236700004, 25.580856864000054], [85.09542645400006, 25.580767999000045], [85.09738759700008, 25.58043152700003], [85.09810998300009, 25.57984553500006], [85.09828540300003, 25.578852796000035], [85.09878453500005, 25.577657243000033], [85.09901909700005, 25.57717456000006], [85.09981544100003, 25.577017371000068], [85.10050775900004, 25.57658936200005], [85.10207637300005, 25.57571080400004], [85.10312203000007, 25.57526049100005], [85.10349512900007, 25.575351183000066], [85.10388791800005, 25.575644922000038], [85.10475862400006, 25.575781230000075], [85.10523118200007, 25.575962208000078], [85.10550447900005, 25.57623325800006], [85.10567817100008, 25.57670741100003], [85.10590134000006, 25.57731687000006], [85.10634905500007, 25.577493412000024], [85.10687154400006, 25.57753903400004], [85.10715520600007, 25.577485136000064], [85.10779741100004, 25.57732781800007], [85.10844480000009, 25.576944807000075], [85.10941540200008, 25.576720046000048], [85.10996291100008, 25.576675418000036], [85.11133181400004, 25.57629314600007], [85.11254644800005, 25.57595572300005], [85.11301932500004, 25.575911054000073], [85.11316844100008, 25.57600145400005], [85.11319295000004, 25.576362549000066], [85.11339138300008, 25.57697207500007], [85.11373879300004, 25.577762251000024], [85.11428535400006, 25.57848490500004], [85.11494173100004, 25.579013598000074], [85.11603553600008, 25.57989475100004], [85.11670797200009, 25.579412348000062], [85.11833581000008, 25.57892645000004], [85.11923680100006, 25.578733114000045], [85.12022229700005, 25.57857603100007], [85.12150651000007, 25.57833799900004], [85.12373602100007, 25.578249629000027], [85.12445760100007, 25.578345073000037], [85.12618474800007, 25.57805766900003], [85.12665779300005, 25.577769199000045], [85.12678263200007, 25.57734055700007], [85.12665968000005, 25.57585096300005], [85.12715245200008, 25.57580623900003], [85.12806847700006, 25.575436928000045], [85.12854639500006, 25.575229696000065], [85.12881004900004, 25.57534282000006], [85.12903858100003, 25.575726642000063], [85.12939164900007, 25.57595256600007], [85.12964546700005, 25.575957258000074], [85.13026278200005, 25.575732156000072], [85.13117887400006, 25.575304071000062], [85.13138802400005, 25.575159858000063], [85.13181120800004, 25.574889411000072], [85.13184654100007, 25.57442449200005], [85.13169278500004, 25.57394602200003], [85.13172786900003, 25.57363913300003], [85.13192193000003, 25.573675356000024], [85.13218542800007, 25.573883145000025], [85.13253336300005, 25.57431228400003], [85.13323920900007, 25.575143247000028]]]]}}, {"type": "Feature", "properties": {"OBJECTID": 189, "BLOCK_CODE": "0004", "NEAR_TOWN": "PATNA", "BLK_NAME": "SAMPAT CHAK", "DIST_NAME": "PATNA"}, "geometry": {"type": "MultiPolygon", "coordinates": [[[[85.15291546700007, 25.588142903000062], [85.15384671900006, 25.58744842300007], [85.15440927500003, 25.587187012000072], [85.15603180500005, 25.587048157000027], [85.15704234700007, 25.586836692000077], [85.15812248600008, 25.586593624000045], [85.15831680800005, 25.58631385500007], [85.15859110500008, 25.585470065000038], [85.15866647900003, 25.584558383000058], [85.15874648600004, 25.584030366000036], [85.15890083200009, 25.584030488000053], [85.15909474300008, 25.584170466000046], [85.15916911200009, 25.58462640600004], [85.15924788900008, 25.585714196000026], [85.15928714000006, 25.586454471000025], [85.15988388300008, 25.58708220400007], [85.16210880100004, 25.586781087000077], [85.16322378400008, 25.586488388000078], [85.16436904600005, 25.585766928000055], [85.16548909800008, 25.585383982000053], [85.16660395000008, 25.585316876000036], [85.16859482500007, 25.585092332000045], [85.17007293900008, 25.584971305000067], [85.17079481100006, 25.584655721000047], [85.17089452900007, 25.584317294000073], [85.17027288700007, 25.583685089000028], [85.16960180500007, 25.582556332000024], [85.16940807300006, 25.581901775000063], [85.16940869400008, 25.581089356000064], [85.16959324400005, 25.580335735000062], [85.16979285700006, 25.579640733000076], [85.16994253700005, 25.57891875300004], [85.16984364700005, 25.578038553000056], [85.16964504800006, 25.57729372600005], [85.16935202200006, 25.576503695000042], [85.16922805700005, 25.57569118400005], [85.16946226800007, 25.57524900800007], [85.17038995100006, 25.575021140000047], [85.17125900700006, 25.574807664000048], [85.17343883200004, 25.57465991500004], [85.17441896000008, 25.574908680000078], [85.17469246500008, 25.575301440000032], [85.17491087300004, 25.576095975000044], [85.17425855700003, 25.576786180000056], [85.17371083600005, 25.57738163700003], [85.17398424600003, 25.57777449300005], [85.17474540300003, 25.578221636000023], [85.17469006700009, 25.579061113000023], [85.17458000900007, 25.58014884100004], [85.17436020800005, 25.58143508300003], [85.17501606600007, 25.583069246000036], [85.17542368300008, 25.58392699700005], [85.17684235300004, 25.583331974000032], [85.17716291200009, 25.58312145800005], [85.17798747200004, 25.582642], [85.17853538100007, 25.581753131000028], [85.17858602600006, 25.580317815000058], [85.17869636000006, 25.578932260000045], [85.17820925700005, 25.577794638000057], [85.17782671200007, 25.57675639000007], [85.17738925200007, 25.575966308000034], [85.17690234400004, 25.574630039000056], [85.17646606100004, 25.57196241400004], [85.17641190000006, 25.57092426300005], [85.17674039600007, 25.570825184000057], [85.17821329100008, 25.57097028900006], [85.17963159600004, 25.570925841000076], [85.18083063400007, 25.571170211000037], [85.18153749400005, 25.570827447000056], [85.18159284800004, 25.569789417000038], [85.18181216400006, 25.569144107000056], [85.18181267300008, 25.568155700000034], [85.18197745500004, 25.567167336000068], [85.18230104000008, 25.56681995200006], [85.18421236300009, 25.565981314000055], [85.18513794000006, 25.56583271900007], [85.18745185100005, 25.565653214000065], [85.18929634300008, 25.56900302400004], [85.19013657200009, 25.570528852000052], [85.19059893400004, 25.571373048000055], [85.19103168700008, 25.57176589100004], [85.19168350900009, 25.57188803500003], [85.19260920700003, 25.57162667600005], [85.19342050100005, 25.57131103000006], [85.19455499800006, 25.571365632000038], [85.19579926600005, 25.570968908000054], [85.19640643900004, 25.570707318000075], [85.19661060500005, 25.57052238500006], [85.19667072000004, 25.569551964000027], [85.19643732500003, 25.568342263000034], [85.19568650000008, 25.567024082000046], [85.19502020300007, 25.566026394000062], [85.19442854100004, 25.564933933000077], [85.19402064700006, 25.564617806000058], [85.19364266300005, 25.56417083100007], [85.19349864400004, 25.56362016500003], [85.19352869600004, 25.563173262000078], [85.19387728500004, 25.562645349000036], [85.19486264800008, 25.562280126000076], [85.19608185500005, 25.562095579000072], [85.19744038700009, 25.561807178000038], [85.19859974300005, 25.56170381100003], [85.19981870100008, 25.562096921000034], [85.20150029100006, 25.562544328000058], [85.20300301200007, 25.56270274800005], [85.20433647900006, 25.56288819100007], [85.20571472800003, 25.562929291000046], [85.20603329800008, 25.562717210000073], [85.20638209300006, 25.561430991000066], [85.20666129600005, 25.559770181000033], [85.20677575800005, 25.559711549000042], [85.20583089500008, 25.558194738000054], [85.20603507200008, 25.557589951000068], [85.20649811100003, 25.556773149000037], [85.20682185300006, 25.555933757000048], [85.20682221300007, 25.554958878000036], [85.20658876800007, 25.553672470000038], [85.20661895900008, 25.552724585000078], [85.20621129600005, 25.551803723000035], [85.20583836300005, 25.551122142000054], [85.20566459000008, 25.55022842900007], [85.20577934000005, 25.549307729000077], [85.20586440200003, 25.54794009400007], [85.20578026900006, 25.546807254000043], [85.20544737500006, 25.545398930000033], [85.20506989000006, 25.54392745100006], [85.20478173500004, 25.542744812000024], [85.20446372000004, 25.541638871000032], [85.20394185100008, 25.540325283000072], [85.20308694000005, 25.538393321000058], [85.20233620900007, 25.537102223000034], [85.20175451700004, 25.536235430000033], [85.20123240400005, 25.535657555000057], [85.20082950900007, 25.535472321000043], [85.19975491200006, 25.535417794000068], [85.19830735300008, 25.535182633000034], [85.19714861100005, 25.534419410000055], [85.19649734800004, 25.533408133000023], [85.19617951500004, 25.532117155000037], [85.19603584400005, 25.530830752000043], [85.19562898300006, 25.52843848300006], [85.19538112400005, 25.526506596000047], [85.19497898700007, 25.52471911200007], [85.19439785600008, 25.52287738700005], [85.19395071200006, 25.52159993400005], [85.19380691400005, 25.52065656900004], [85.19357352100008, 25.519943391000027], [85.19311121400006, 25.519288707000044], [85.19206705800008, 25.518471328000032], [85.19157481000008, 25.518078537000065], [85.19090837400006, 25.517762296000058], [85.19004310600008, 25.51747305400005], [85.19031716100005, 25.516462114000035], [85.19011894300007, 25.51485529000007], [85.18971181600006, 25.51330702100006], [85.18933439900007, 25.512255147000076], [85.18928011500003, 25.51143826300006], [85.18923633000009, 25.50937557000003], [85.18918194700007, 25.508743609000078], [85.18888868000005, 25.50829663600007], [85.18877493500008, 25.507059953000066], [85.18874524100005, 25.506771039000057], [85.18944244000005, 25.504902746000027], [85.18960171500004, 25.504704210000057], [85.19061719400008, 25.502890190000073], [85.19084645300006, 25.501811576000023], [85.19154302800007, 25.50110328900007], [85.19226927100004, 25.50094555000004], [85.19371659300003, 25.500815249000027], [85.19467134100006, 25.500896844000067], [85.19464542400004, 25.500431537000054], [85.19423949600008, 25.499077727000042], [85.19405675700006, 25.496301895000045], [85.19345600700007, 25.494243549000032], [85.19364083400006, 25.492307272000062], [85.19410389200004, 25.491215201000045], [85.19419891900003, 25.48991083100003], [85.19331898800004, 25.489323716000058], [85.19095671900004, 25.489697456000044], [85.18942479200007, 25.49024747200008], [85.18794282600004, 25.490413799000066], [85.18664496500008, 25.490246291000062], [85.18484012900007, 25.48969482900003], [85.18386595200008, 25.488814270000034], [85.18326447200008, 25.488349123000035], [85.18192176000008, 25.48834847300003], [85.18067359300005, 25.48830726500006], [85.17988322400004, 25.487927795000076], [85.17960506300005, 25.48729574300006], [85.17965617000004, 25.48494418200005], [85.17974663300004, 25.48330585800005], [85.17919570400005, 25.481495730000063], [85.17930569900005, 25.480371922000074], [85.17777441600003, 25.479969467000046], [85.17477140000005, 25.479376643000023], [85.17333979200004, 25.478631178000057], [85.17242010300004, 25.47835083900003], [85.17207743400007, 25.47772782900006], [85.17176974600005, 25.476770733000023], [85.17085021900004, 25.476210598000023], [85.17020369000005, 25.476490098000056], [85.16979512500006, 25.477636279000023], [85.16877060900003, 25.478037404000077], [85.16774647500006, 25.47772542900003], [85.16668765000009, 25.477323154000032], [85.16576753200007, 25.477634031000036], [85.16477708500008, 25.478996555000037], [85.16303627800005, 25.47967704100006], [85.16262866700004, 25.479487262000077], [85.16078860000005, 25.479860762000044], [85.15890926300006, 25.47954816200007], [85.15836757700004, 25.47908295700006], [85.15754699400009, 25.479231338000034], [85.15758115500006, 25.48009799700003], [85.15703346200007, 25.48109063800007], [85.15484933700003, 25.482574170000078], [85.15356063100006, 25.48367457300003], [85.15259104000006, 25.483588157000042], [85.15147725800006, 25.48346102800008], [85.15055197700008, 25.483839578000072], [85.14883592100006, 25.484556006000048], [85.14679500200003, 25.487037], [85.14637666200008, 25.48774985700004], [85.14586899900007, 25.48829567200005], [85.14429225600009, 25.488714295000023], [85.14318376700004, 25.488167357000066], [85.14165185300004, 25.488459590000048], [85.14120430300005, 25.488454710000042], [85.14041771800004, 25.489505756000028], [85.14037185300003, 25.49068375400003], [85.14101692500003, 25.492241397000043], [85.14185115700008, 25.49371347700003], [85.14337697900004, 25.49472556300003], [85.14397718100008, 25.496450168000024], [85.14429958200003, 25.49750203800005], [85.14439200600003, 25.499898796000025], [85.14443625600006, 25.500435882000033], [85.14377714200003, 25.501564212000062], [85.14318542400008, 25.502322582000033], [85.14234005400004, 25.502963557000044], [85.14159407500006, 25.503121621000048], [85.14082315700006, 25.50290956400005], [85.14033581300004, 25.50266591600007], [85.13978863900007, 25.502264285000024], [85.13868448200003, 25.50184011500005], [85.13794844600005, 25.501700285000027], [85.13717758200005, 25.501713832000064], [85.13651113500003, 25.50166424400004], [85.13601873400006, 25.50133482900003], [85.13590935900004, 25.501203903000032], [85.13548654200008, 25.500477294000063], [85.13463475400005, 25.499807196000063], [85.13327076500008, 25.499908756000025], [85.13243297000008, 25.50042332000004], [85.13217934400006, 25.500960405000058], [85.13179144900005, 25.501502113000072], [85.13132402100007, 25.502206228000034], [85.13079681200009, 25.502743330000044], [85.13025474500006, 25.50314048200005], [85.12937451800008, 25.503420341000037], [85.12862849900006, 25.503519682000046], [85.12780286100008, 25.50344299300008], [85.12751198600006, 25.50334823600008], [85.12722100600007, 25.50325344600003], [85.12653464100003, 25.50297811300004], [85.12604724700003, 25.502833697000028], [85.12541565200007, 25.502815602000055], [85.12490339400006, 25.502964578000046], [85.12452434100004, 25.503182283000058], [85.12426678900005, 25.503330203000075], [85.12352576100005, 25.504070401000035], [85.12269019300004, 25.504905345000054], [85.12216795000006, 25.505121959000064], [85.12161098600006, 25.505176163000044], [85.12081524700005, 25.50516705800004], [85.12014880600003, 25.505279940000037], [85.11924852600004, 25.505564177000053], [85.11776148700005, 25.506078647000038], [85.11696566400008, 25.50631338100004], [85.11632908600006, 25.50641706500005], [85.11572595800004, 25.50892026300005], [85.11577908400005, 25.51035116500003], [85.11574873100005, 25.510784346000037], [85.11544003500006, 25.51106849000007], [85.11409175900008, 25.51144638100004], [85.11349960200005, 25.511730099000033], [85.11307617400007, 25.512289408000072], [85.11299078000008, 25.513056663000043], [85.11321313600007, 25.514307107000036], [85.11337970200003, 25.516577537000046], [85.11339413100006, 25.51698373200003], [85.11509957600003, 25.51755854000004], [85.11669492200008, 25.51883279200007], [85.11726069000008, 25.519997775000036], [85.11817503800006, 25.52076135200008], [85.11935334800006, 25.521263431000023], [85.12126283400005, 25.52184737500005], [85.12223721100008, 25.52238084100003], [85.12323132700004, 25.523072228000046], [85.12351924400008, 25.52361858000006], [85.12416550200004, 25.524007324000024], [85.12529449300007, 25.524184344000048], [85.12505069500008, 25.52552171700006], [85.12461662900006, 25.526577432000067], [85.12410209600006, 25.52760902700004], [85.12547983700006, 25.527817801000026], [85.12731038900006, 25.527855515000056], [85.12944922500003, 25.528033312000048], [85.13128451200004, 25.528310072000068], [85.13334878200004, 25.528483281000035], [85.13460756800004, 25.528208937000045], [85.13615455300004, 25.52826430700003], [85.13752767300008, 25.528021703000036], [85.13821926900005, 25.527918417000024], [85.13882612700007, 25.52791886400007], [85.13905968300008, 25.52819430900007], [85.13940132000005, 25.529927736000047], [85.13951444600008, 25.531349636000073], [85.13966103200005, 25.53429699900005], [85.13965919500004, 25.536310049000065], [85.13983168100003, 25.538165194000044], [85.13998014900005, 25.538964128000032], [85.13799281100006, 25.54157139800003], [85.13719139200003, 25.54197705100006], [85.13653977000007, 25.54194041200003], [85.13505202000005, 25.54211533000006], [85.13318101200008, 25.542596764000052], [85.13080724800005, 25.543217730000038], [85.13012054400008, 25.54342478600006], [85.13042773000006, 25.544706828000074], [85.13058065400008, 25.54602490800005], [85.13019716700006, 25.54643982500005], [85.12855496300006, 25.54682210200008], [85.12803724600008, 25.547115009000038], [85.12796202900006, 25.547701704000076], [85.12811521800006, 25.548708331000057], [85.12841797500005, 25.549435225000025], [85.12861164200007, 25.549819099000047], [85.12987047900003, 25.549747858000046], [85.13067154100008, 25.549748554000075], [85.13082557700005, 25.549888596000073], [85.13097940600005, 25.550303989000042], [85.13040185700004, 25.55068710100005], [85.12952579700004, 25.551101622000033], [85.12956452900005, 25.55224813500007], [85.12979275100008, 25.552835026000025], [85.13131987200006, 25.553219957000067], [85.13123959700005, 25.553910419000033], [85.13013480700005, 25.554153205000034], [85.12940840900006, 25.554116519000047], [85.12929475800007, 25.553285952000067], [85.12875758800004, 25.553145581000024], [85.12803083600005, 25.553456442000027], [85.12791579600008, 25.554047581000077], [85.12669656000008, 25.55425415600007], [85.12593017200004, 25.554425052000056], [85.12520365300009, 25.55449664500003], [85.12516326700006, 25.555119482000066], [85.12539620800004, 25.555986263000023], [85.12555004000006, 25.556419709000068], [85.12617203200006, 25.55632090000006], [85.12662463500004, 25.55654695100003], [85.12697742300008, 25.55700762300006], [85.12758457400008, 25.55691335000006], [85.12854005300005, 25.55673362300007], [85.12909234400007, 25.556688950000023], [85.12974872600006, 25.557100173000038], [85.13050428000008, 25.557831990000068], [85.13095624900006, 25.558698984000046], [85.13130265100006, 25.560617428000057], [85.13115176100007, 25.562309836000054], [85.13135506700007, 25.56299608000006], [85.13195689600008, 25.563317007000023], [85.13266294300007, 25.56381857200006], [85.13361779100006, 25.564415138000072], [85.13371680300008, 25.564961353000058], [85.13336270800005, 25.56573738900005], [85.13285995200005, 25.565967193000063], [85.13185533400008, 25.565415732000076], [85.13145242300004, 25.56523483500007], [85.13114830800004, 25.56587550200004], [85.13135179700004, 25.566376642000023], [85.13145064800005, 25.567017621000048], [85.13180376500009, 25.567293265000046], [85.13240568000003, 25.567474307000055], [85.13275872400004, 25.567659613000046], [85.13290713600009, 25.568616564000024], [85.13305570800009, 25.569329844000038], [85.13335836600004, 25.570241820000035], [85.13381117000006, 25.57033238400004], [85.13416374200006, 25.57106387400006], [85.13416342700003, 25.571384349000027], [85.13340484500003, 25.572160204000056], [85.13335513600003, 25.573667491000037], [85.13323920900007, 25.575143247000028], [85.13284473500005, 25.576519547000032], [85.13288375900004, 25.577359105000028], [85.13311203100005, 25.577991197000074], [85.13365375100005, 25.578835595000044], [85.13400103200007, 25.579892048000033], [85.13454251400003, 25.58098020400007], [85.13442702100008, 25.58196401200007], [85.13430656400004, 25.583051674000046], [85.13283724500008, 25.584278126000072], [85.13260293100006, 25.584733872000072], [85.13210832500005, 25.58667418500005], [85.13282956100005, 25.58714872300004], [85.13347604100005, 25.587690833000067], [85.13409797000008, 25.587826730000074], [85.13466529500005, 25.587872343000072], [85.13511304800005, 25.588098346000038], [85.13585906100008, 25.58864056300007], [85.13665485100006, 25.589200837000078], [85.13717739900005, 25.589246356000046], [85.13778487000008, 25.588944384000058], [85.13825283500006, 25.58880937400005], [85.13904905800007, 25.588832573000047], [85.13999478900007, 25.58872042400003], [85.14069202000007, 25.588247043000024], [85.14203213200005, 25.58680830000003], [85.14280373400004, 25.586515423000037], [85.14320176300004, 25.586651148000044], [85.14392318700004, 25.58689992400008], [85.14479372200003, 25.58744211900006], [85.14537554400005, 25.587925547000054], [85.14611689400004, 25.588214908000054], [85.14681380700006, 25.588107094000065], [85.14798344700006, 25.587927343000047], [85.14848124700006, 25.587814887000036], [85.14887926800003, 25.588040842000055], [85.14915269600004, 25.58835242300006], [85.14927657400006, 25.58900701400006], [85.14956987100004, 25.589435992000062], [85.15024180900008, 25.589436456000044], [85.15081438800007, 25.589075733000072], [85.15188499200008, 25.588444604000074], [85.15250730500009, 25.588196780000033], [85.15291546700007, 25.588142903000062]]]]}}, {"type": "Feature", "properties": {"OBJECTID": 190, "BLOCK_CODE": "0002", "NEAR_TOWN": "KHAGAUL", "BLK_NAME": "DANAPUR-CUM-KHAGAUL", "DIST_NAME": "PATNA"}, "geometry": {"type": "MultiPolygon", "coordinates": [[[[84.99554854000007, 25.730133597000076], [84.99623168800008, 25.729927131000068], [84.99783048400008, 25.730259429000057], [84.99880525800006, 25.731118645000038], [84.99940317500005, 25.731158179000033], [84.99985653600004, 25.73118815500004], [85.00112744900008, 25.73102335300007], [85.00130143400008, 25.730985607000036], [85.00215939400005, 25.730799473000047], [85.00328119500006, 25.730471873000056], [85.00343653400006, 25.73003430500006], [85.00349247000008, 25.72950638800006], [85.00342503100006, 25.72835992000006], [85.00310989700006, 25.726576618000024], [85.00322144200004, 25.72561093300004], [85.00336686500003, 25.725182431000064], [85.00373161800007, 25.72469107200004], [85.00490856900007, 25.72416952100008], [85.00537435100006, 25.72296067600007], [85.00557582600004, 25.72192745500007], [85.00586727100006, 25.72068232400005], [85.00657647300005, 25.71986202100004], [85.00744420400008, 25.719470838000063], [85.00810717100006, 25.719295903000045], [85.00876104800005, 25.718723858000033], [85.00899725300008, 25.71769070700003], [85.00866754000003, 25.71565908100007], [85.00885401100004, 25.714612336000073], [85.00923349500005, 25.71418420300006], [85.00948954600005, 25.713232264000055], [85.00963499400007, 25.712740586000052], [85.01026798200007, 25.712610710000035], [85.01090078700008, 25.712530559000072], [85.01107610500009, 25.712093070000037], [85.01107836100005, 25.710924087000024], [85.01147982600008, 25.709498508000024], [85.01214906800004, 25.70864658800008], [85.01301194300004, 25.70812901200003], [85.01426276500007, 25.707932420000077], [85.01477244600005, 25.707179551000024], [85.01484447100006, 25.705997171000035], [85.01502131500007, 25.704756255000063], [85.01525829700006, 25.703307882000047], [85.01547956000007, 25.702206959000023], [85.01598929100004, 25.701386313000057], [85.01678690600005, 25.701125870000055], [85.01761919400008, 25.70091503900005], [85.01863505900008, 25.701128831000062], [85.02006380400007, 25.701659105000033], [85.02135711200003, 25.70264961400005], [85.02211770600007, 25.703503830000045], [85.02292819100006, 25.70432650500004], [85.02403358100008, 25.704639667000038], [85.02440701400008, 25.70467067800007], [85.02502969000005, 25.70472238600007], [85.02626061700005, 25.70453020700006], [85.02715826600007, 25.703994481000052], [85.02752302000005, 25.703403796000032], [85.02796865800008, 25.702859369000066], [85.02835690000006, 25.70238506100003], [85.02924444000007, 25.701944121000054], [85.03048717100006, 25.700673205000044], [85.03067336700008, 25.699676057000033], [85.03136374800005, 25.698065835000023], [85.03205246800007, 25.697331229000042], [85.03286979300003, 25.69713387400003], [85.03410031000004, 25.697072484000046], [85.03497697100005, 25.69711434800007], [85.03641103800004, 25.697459501000026], [85.03777563300008, 25.697633049000046], [85.03904611900003, 25.697549147000075], [85.03945975100004, 25.697405264000054], [85.03971477400006, 25.696886609000046], [85.03980513600004, 25.696462514000075], [85.03995112100006, 25.69560965100004], [85.04035033900004, 25.69518603800003], [85.04087372200007, 25.69502422900007], [85.04151082900006, 25.695286984000063], [85.04300955800005, 25.695663680000052], [85.04390184100004, 25.69532194100003], [85.04431628800006, 25.694713208000053], [85.04435244700005, 25.69397761700003], [85.04412931400003, 25.69335900300007], [85.04425980200006, 25.692785908000076], [85.04478418800005, 25.692033001000027], [85.04527216800005, 25.69211485900007], [85.04688408700008, 25.693326678000062], [85.04833157800005, 25.69456085400003], [85.04912610100007, 25.69601981200003], [85.04977806700003, 25.696431403000076], [85.05130632700008, 25.697047292000036], [85.05327700800007, 25.69826405300006], [85.05530735200006, 25.699544132000028], [85.05622801300007, 25.70011850000003], [85.05786732700005, 25.699849894000067], [85.05900869600003, 25.699472249000053], [85.06147007000004, 25.69921368100006], [85.06250687600004, 25.698772750000046], [85.06338435000004, 25.698286449000022], [85.06405492300007, 25.69958261800008], [85.06538054000004, 25.70244579000007], [85.06640870100006, 25.70443294300003], [85.06760226000006, 25.705847126000037], [85.06859630000008, 25.707342296000036], [85.06922861300006, 25.707591283000056], [85.06923014100005, 25.706593845000043], [85.06912180600006, 25.705785801000047], [85.06965047100005, 25.705357709000054], [85.07033268700008, 25.70554806900003], [85.07101417400008, 25.70626209900007], [85.07127379000008, 25.70583357000004], [85.07243031200005, 25.705361138000058], [85.07384585600005, 25.704839269000047], [85.07505685500007, 25.704556378000063], [85.07631286700007, 25.704178824000053], [85.07741950600007, 25.70365660300007], [85.07852190200003, 25.702660399000024], [85.07910084900004, 25.701898319000065], [85.07925674100005, 25.700851448000037], [85.07993996900007, 25.70037830600006], [85.08019410500003, 25.700310887000057], [85.08105186200004, 25.69965745500008], [85.08177993300006, 25.699080631000072], [85.08227888800008, 25.698507979000055], [85.08225609300007, 25.69696888800007], [85.08198367500006, 25.69586280900006], [85.08451930600006, 25.695784498000023], [85.08565100200008, 25.695171983000023], [85.08678189000005, 25.695087468000054], [85.09130617400007, 25.69410852200008], [85.09148600300006, 25.69374315400006], [85.09365876900006, 25.693086532000052], [85.09478983400004, 25.692803428000047], [85.09528837600004, 25.692515085000025], [85.09822841800008, 25.69161556800003], [85.09886171900007, 25.691083569000057], [85.09886221300007, 25.690695480000045], [85.09886270700008, 25.690307304000044], [85.09863987400007, 25.689237372000036], [85.09768844400008, 25.689277048000065], [85.09596958300006, 25.68956406800004], [85.09370713800007, 25.69034244900007], [85.09117579500008, 25.69103485200003], [85.09052144300006, 25.68859232400007], [85.08961789800009, 25.68637535000005], [85.08867370400003, 25.68473593600004], [85.08731759800008, 25.681985793000024], [85.08831425400007, 25.681580705000044], [85.09032810400004, 25.68036882800004], [85.09458364200003, 25.678856944000074], [85.09788685200004, 25.67803897300007], [85.10064638900008, 25.677879285000074], [85.10200139400007, 25.677632510000024], [85.10290781900005, 25.677674024000055], [85.10421753900005, 25.677882951000072], [85.10502959100006, 25.677716779000036], [85.10693195000005, 25.677885682000067], [85.10760955700005, 25.677678702000037], [85.10747595000004, 25.676902248000033], [85.10774568300008, 25.67628417700007], [85.10847377900006, 25.67546798400008], [85.10892263000005, 25.67493582800006], [85.10842536300004, 25.674276391000035], [85.10607545000005, 25.673538418000078], [85.10417919400004, 25.672471332000043], [85.10273066100007, 25.671892194000066], [85.10176021700005, 25.67125480800007], [85.10144809200006, 25.669900505000044], [85.10131033300007, 25.668586978000064], [85.10059104200008, 25.666252848000056], [85.10013987300005, 25.664650062000078], [85.10032530000007, 25.663706957000045], [85.10059480800004, 25.66325593700003], [85.10079915700004, 25.663111752000077], [85.10134272300007, 25.662688109000044], [85.10134245100005, 25.662688024000033], [85.09760401000005, 25.661497154000074], [85.09536899500006, 25.660700374000044], [85.09167033300008, 25.659640289000038], [85.08553725200005, 25.658044791000066], [85.08553626200006, 25.658040076000077], [85.07979714200007, 25.656891828000028], [85.07590486300006, 25.655560261000062], [85.07152581300005, 25.653438222000034], [85.06947976100008, 25.653083620000075], [85.06588150400006, 25.651756762000048], [85.06500553400008, 25.651489368000057], [85.06481295000003, 25.650432934000037], [85.06181601600008, 25.649928098000032], [85.06289423200008, 25.648223444000052], [85.06375168800008, 25.647615207000058], [85.06366275800008, 25.64712767900005], [85.06312580400004, 25.646639556000025], [85.06119528400006, 25.64566220300003], [85.06097198100008, 25.645169934000023], [85.06128937500006, 25.64285497800006], [85.06228049000003, 25.639439604000074], [85.06304268200006, 25.639196903000027], [85.06338228500005, 25.63856990000005], [85.06356447300004, 25.636660995000057], [85.06384191300003, 25.634300818000042], [85.06377810600009, 25.63050054000007], [85.06427500900008, 25.627860819000034], [85.06445963700008, 25.624403723000057], [85.06480346700005, 25.620919881000077], [85.06468704200006, 25.618924827000058], [85.06755977600005, 25.618716316000075], [85.07110376600008, 25.61906817700003], [85.07112763900005, 25.619063978000042], [85.07326985700007, 25.61868722500003], [85.07228353200009, 25.61232662200007], [85.07184175700007, 25.61147306500004], [85.07156461600005, 25.610389447000045], [85.07131230100003, 25.60933752300008], [85.07094145300005, 25.607653536000043], [85.07075315900005, 25.607057545000032], [85.07029080200005, 25.60609015700004], [85.07017256000006, 25.605842755000026], [85.06979534700008, 25.60509758300003], [85.06986100100005, 25.604474794000055], [85.07014486400004, 25.604416447000062], [85.06998620700006, 25.60396046900007], [85.07017751200004, 25.602507305000074], [85.07046283000005, 25.601424472000076], [85.07083623600005, 25.601370752000037], [85.07071343500007, 25.600260356000035], [85.07079421900005, 25.599502166000036], [85.07403768200004, 25.59732609100007], [85.07454122000007, 25.596798662000026], [85.07438760500008, 25.596270419000064], [85.07392072700009, 25.595601850000037], [85.07361452400005, 25.593985727000074], [85.07346358200004, 25.591697191000037], [85.07327368000006, 25.588844522000045], [85.07332565300004, 25.587305463000064], [85.07338621600007, 25.58536761700003], [85.07274145500008, 25.583753503000025], [85.07191662800005, 25.581452395000042], [85.07124798100006, 25.58000534300004], [85.07038110300005, 25.578952767000033], [85.06943806300006, 25.578290682000045], [85.06863358700008, 25.578039792000027], [85.06746838100008, 25.57793924400005], [85.06582146400007, 25.578020690000074], [85.06502358500006, 25.577935856000067], [85.06305412600005, 25.57836037100003], [85.06155442500005, 25.57828193000006], [85.06074601600005, 25.577395099000057], [85.06012013400004, 25.577327180000054], [85.05952500100005, 25.578035416000034], [85.05747870000005, 25.57849064900006], [85.05631346300004, 25.578699356000072], [85.05554203200006, 25.57757461700004], [85.05550213200007, 25.577492792000044], [85.05502990900004, 25.576676923000036], [85.05451178600003, 25.575164302000076], [85.05399415000005, 25.572737295000024], [85.05361427700007, 25.570693454000036], [85.05363640200005, 25.570436664000056], [85.05326487700006, 25.568300833000023], [85.05222034700006, 25.567979001000026], [85.05140466500006, 25.567770258000053], [85.05082436100008, 25.566605003000063], [85.05020289800007, 25.566288274000044], [85.04956605100006, 25.566260271000033], [85.04875002900008, 25.566191496000044], [85.04809358300008, 25.565978388000076], [85.04758715100007, 25.56527363400005], [85.04682049700006, 25.565516245000026], [85.04641629000008, 25.565638750000062], [85.04641615000008, 25.565638573000058], [85.04637253200008, 25.565651719000073], [85.04653989100007, 25.566644299000075], [85.04568391300006, 25.566751401000033], [85.04475384200003, 25.56646576600008], [85.04347400900008, 25.56702808400007], [85.04204092200007, 25.567026094000028], [85.04088021500007, 25.564876006000077], [85.03940201800003, 25.56508605700003], [85.03785343600003, 25.56568412400003], [85.03723057000008, 25.56617516400007], [85.03680092200005, 25.56715848600004], [85.03602425800005, 25.567405509000025], [85.03365899100004, 25.568318335000072], [85.03138311200007, 25.569289832000038], [85.03002314200006, 25.57009571100008], [85.02820034200005, 25.570905330000073], [85.02603079300007, 25.57086589100004], [85.02552072900005, 25.570970834000036], [85.02551938900007, 25.570963472000074], [85.02451251900004, 25.571179492000056], [85.02273092200005, 25.571249006000073], [85.02040148800006, 25.57152516900004], [85.01787867900003, 25.57141738300004], [85.01609768500003, 25.57120244500004], [85.01377011700004, 25.57053071100006], [85.01202356400006, 25.570455595000055], [85.01141001300005, 25.57121290300006], [85.01105923300008, 25.57244443600007], [85.01066593100006, 25.57504810900008], [85.01019712300007, 25.57554382400008], [85.00868372600007, 25.575857201000076], [85.00732475600006, 25.576067145000025], [85.00683061300003, 25.576779419000047], [85.00653782500007, 25.577504157000078], [85.00650041800003, 25.577605437000045], [85.00634751200005, 25.579441493000047], [85.00565074400004, 25.579476476000025], [85.00499636900008, 25.578207100000043], [85.00375489100009, 25.57694126000007], [85.00204994600006, 25.57594992500003], [85.00123556900007, 25.575104577000047], [85.00063092400006, 25.57388487000003], [84.99892962300004, 25.571205570000075], [84.99750783400003, 25.57054863600007], [84.99712725700005, 25.569306785000038], [84.99689018200007, 25.56845784500007], [84.99668851100006, 25.567320092000045], [84.99526484800003, 25.567579439000042], [84.99455316200005, 25.567623327000035], [84.99453644100004, 25.568480803000057], [84.99441641600004, 25.56874240800005], [84.99419737100004, 25.56880065200005], [84.99350028200007, 25.569002542000078], [84.99287278400004, 25.569231658000035], [84.99175106700005, 25.570227147000026], [84.99124234300007, 25.57074977800005], [84.99117184900007, 25.571133365000037], [84.99133932300003, 25.57195057000007], [84.99146768600008, 25.572393052000052], [84.99160182600008, 25.57252870900004], [84.99182072900004, 25.572547179000026], [84.99220933600003, 25.572317645000055], [84.99261769600008, 25.572164917000066], [84.99290629500007, 25.57221061200005], [84.99309474300009, 25.572486239000057], [84.99339641500006, 25.573380437000026], [84.99347948100007, 25.574102744000072], [84.99371723800004, 25.574626701000057], [84.99398577100004, 25.574735473000032], [84.99459774100006, 25.574768095000024], [84.99523982100004, 25.574706097000046], [84.99564780700007, 25.574738371000024], [84.99588603600006, 25.57504572700003], [84.99588537400007, 25.575366201000065], [84.99574043000007, 25.57566829500007], [84.99521292800006, 25.57565386300007], [84.99497894300004, 25.575730176000036], [84.99470445000009, 25.576081741000053], [84.99485780500004, 25.57654238600003], [84.99504013600006, 25.57735966000007], [84.99522817200005, 25.577896999000075], [84.99536219300006, 25.578037168000037], [84.99587003600004, 25.577943297000047], [84.99631285600003, 25.577993694000043], [84.99666567700007, 25.57820647500006], [84.99688866900004, 25.578671691000068], [84.99701761900008, 25.57889756700007], [84.99728621100007, 25.57892971800004], [84.99782953800008, 25.578515352000068], [84.99791342100008, 25.578372285000057], [84.99917322600004, 25.578513173000033], [84.99932450300008, 25.579957704000037], [85.00002500800008, 25.580518596000047], [85.00098959700006, 25.580980647000047], [85.00098792800009, 25.58178846100003], [85.00036990900009, 25.58221168800003], [85.00036844100003, 25.582915807000063], [85.00113483200005, 25.585363393000023], [85.00167415600004, 25.58687627100005], [85.00252569500003, 25.589062257000023], [85.00294708400008, 25.589870805000032], [85.00360782100006, 25.59047228000003], [85.00721215500005, 25.592482235000034], [85.01008123200006, 25.593827411000063], [85.01008063200004, 25.59414336900005], [85.00969128400004, 25.59470695300007], [85.00844820500004, 25.59410457900003], [85.00414718800005, 25.592021241000054], [85.00190018900008, 25.590713108000045], [85.00011289900004, 25.590994326000043], [84.99781641100003, 25.591956292000077], [84.99727391100004, 25.591941795000025], [84.99641281300006, 25.591985428000044], [84.99563066300004, 25.59236777800004], [84.99546079300006, 25.592674353000064], [84.99542450600006, 25.593319734000033], [84.99559197400004, 25.59418204600007], [84.99573489400007, 25.59485029900003], [84.99659751800004, 25.596454077000033], [84.99676342500004, 25.598052087000042], [84.99677370900008, 25.600263675000065], [84.99683322000004, 25.600367564000067], [84.99710404200005, 25.601776280000024], [84.99719192200007, 25.602602380000064], [84.99749786700005, 25.60387561500005], [84.99724765800005, 25.604493527000045], [84.99672371600008, 25.605115455000032], [84.99660868600006, 25.605386102000068], [84.99660793700008, 25.605756206000024], [84.99662601100005, 25.60660471500006], [84.99687883100006, 25.607101654000076], [84.99726595000004, 25.607661953000047], [84.99755933500006, 25.607788888000073], [84.99783339900006, 25.60767647800003], [84.99815318100008, 25.607274010000026], [84.99914296900005, 25.60743056000007], [84.99910135900006, 25.608310548000077], [84.99909976500004, 25.609086853000065], [84.99952586800003, 25.610035399000026], [84.99991140100008, 25.611340410000025], [85.00044976600003, 25.613417579000043], [85.00079353000007, 25.615670348000037], [85.00028949500006, 25.61626972700003], [84.99904784400007, 25.61728759600004], [84.99892650300006, 25.618167567000057], [84.99970069100004, 25.61936494500003], [85.00082056900004, 25.621880757000042], [85.00124473200003, 25.623781661000066], [85.00143081800007, 25.62526232500005], [85.00104653400007, 25.625753702000054], [84.99836584700006, 25.626805165000064], [84.99870041000008, 25.62885902200003], [84.99871002400005, 25.628918035000027], [84.99870012600007, 25.628994689000024], [84.99877393000008, 25.62941911000007], [84.99865672800007, 25.630682641000078], [84.99784188100006, 25.63190624400005], [84.99637334800008, 25.632091444000025], [84.99781101100007, 25.63500956200005], [84.99793922700007, 25.635158107000052], [84.99890679000004, 25.63674400900004], [85.00002933000007, 25.63804582100005], [85.00162145000007, 25.63861271500008], [85.00278540000005, 25.639142736000053], [85.00390818900007, 25.64037674000008], [85.00398090100003, 25.641360857000052], [85.00332060000005, 25.642840121000063], [85.00440269800004, 25.644457747000047], [85.00609637200006, 25.64659083400005], [85.00618312900008, 25.646700097000064], [85.00599710900008, 25.64691170800006], [85.00629841500006, 25.648108252000043], [85.00555541700004, 25.64865768800007], [85.00380166000008, 25.64911508800003], [85.00133481700004, 25.65009034900004], [84.99846387900004, 25.651430405000042], [84.99783150400003, 25.651742269000067], [84.99496878600007, 25.653473329000064], [84.99211739200007, 25.65490360600006], [84.99043522600005, 25.656787251000026], [84.98984701000006, 25.657034404000058], [84.98731145100004, 25.657440561000044], [84.98613491100008, 25.658052244000032], [84.98524869000005, 25.66020806800003], [84.98411577600007, 25.661352391000037], [84.98279818000003, 25.662622697000074], [84.98238487000003, 25.66487870700007], [84.98165728200007, 25.667301044000055], [84.98058557800005, 25.66994839000006], [84.98049063900004, 25.672326773000066], [84.98125722400005, 25.674751850000064], [84.98134497700005, 25.675573411000073], [84.98275920600008, 25.680193202000055], [84.98343592800006, 25.682739919000028], [84.98378987300003, 25.68483475100004], [84.98453287700005, 25.686704682000027], [84.98462116100006, 25.68732318900004], [84.98579570000004, 25.687776660000054], [84.98806056700005, 25.68847579100003], [84.98982241900006, 25.689137908000077], [84.99163501500004, 25.68938485700005], [84.99462400200008, 25.68922761500005], [84.99566520400003, 25.68918881600007], [84.99656294600004, 25.69099570900005], [84.99823905200003, 25.692203652000046], [84.99829774100004, 25.695128440000076], [84.99920132200003, 25.698939273000065], [84.99974239500006, 25.70224842400006], [84.99780719200004, 25.703396049000048], [84.99721399300006, 25.70355746900003], [84.99264324400008, 25.70470040600003], [84.99033082300008, 25.705147560000057], [84.98978796700004, 25.705060846000038], [84.98920156400004, 25.704364785000053], [84.98834050500005, 25.704033778000053], [84.98639146800008, 25.704562855000063], [84.98421887400008, 25.70480709900005], [84.98311294600006, 25.704787029000045], [84.98177684700005, 25.705217858000026], [84.98168684000007, 25.705380218000073], [84.98145544100004, 25.70640875600003], [84.98136039400003, 25.708787178000023], [84.98185418200006, 25.710755867000046], [84.98180540100003, 25.712520496000025], [84.98225626300007, 25.713631582000062], [84.98095514600004, 25.718453921000048], [84.98040404000005, 25.722023007000075], [84.98019906900004, 25.724536498000077], [84.98225434200003, 25.725659621000034], [84.98667194900008, 25.728854070000068], [84.99225833600008, 25.73086795000006], [84.99385655900005, 25.731453053000052], [84.99417567300009, 25.73134980900005], [84.99449478600008, 25.73124656400006], [84.99554854000007, 25.730133597000076]]]]}}, {"type": "Feature", "properties": {"OBJECTID": 191, "BLOCK_CODE": "0001", "NEAR_TOWN": "DINAPUR", "BLK_NAME": "MANER", "DIST_NAME": "PATNA"}, "geometry": {"type": "MultiPolygon", "coordinates": [[[[84.98019906900004, 25.724536498000077], [84.98040404000005, 25.722023007000075], [84.98095514600004, 25.718453921000048], [84.98225626300007, 25.713631582000062], [84.98180540100003, 25.712520496000025], [84.98185418200006, 25.710755867000046], [84.98136039400003, 25.708787178000023], [84.98145544100004, 25.70640875600003], [84.98168684000007, 25.705380218000073], [84.98177684700005, 25.705217858000026], [84.98311294600006, 25.704787029000045], [84.98421887400008, 25.70480709900005], [84.98639146800008, 25.704562855000063], [84.98834050500005, 25.704033778000053], [84.98920156400004, 25.704364785000053], [84.98978796700004, 25.705060846000038], [84.99033082300008, 25.705147560000057], [84.99264324400008, 25.70470040600003], [84.99721399300006, 25.70355746900003], [84.99780719200004, 25.703396049000048], [84.99974239500006, 25.70224842400006], [84.99920132200003, 25.698939273000065], [84.99829774100004, 25.695128440000076], [84.99823905200003, 25.692203652000046], [84.99656294600004, 25.69099570900005], [84.99566520400003, 25.68918881600007], [84.99462400200008, 25.68922761500005], [84.99163501500004, 25.68938485700005], [84.98982241900006, 25.689137908000077], [84.98806056700005, 25.68847579100003], [84.98579570000004, 25.687776660000054], [84.98462116100006, 25.68732318900004], [84.98453287700005, 25.686704682000027], [84.98378987300003, 25.68483475100004], [84.98343592800006, 25.682739919000028], [84.98275920600008, 25.680193202000055], [84.98134497700005, 25.675573411000073], [84.98125722400005, 25.674751850000064], [84.98049063900004, 25.672326773000066], [84.98058557800005, 25.66994839000006], [84.98165728200007, 25.667301044000055], [84.98238487000003, 25.66487870700007], [84.98279818000003, 25.662622697000074], [84.98411577600007, 25.661352391000037], [84.98524869000005, 25.66020806800003], [84.98613491100008, 25.658052244000032], [84.98731145100004, 25.657440561000044], [84.98984701000006, 25.657034404000058], [84.99043522600005, 25.656787251000026], [84.99211739200007, 25.65490360600006], [84.99496878600007, 25.653473329000064], [84.99783150400003, 25.651742269000067], [84.99846387900004, 25.651430405000042], [85.00133481700004, 25.65009034900004], [85.00380166000008, 25.64911508800003], [85.00555541700004, 25.64865768800007], [85.00629841500006, 25.648108252000043], [85.00599710900008, 25.64691170800006], [85.00618312900008, 25.646700097000064], [85.00609637200006, 25.64659083400005], [85.00440269800004, 25.644457747000047], [85.00332060000005, 25.642840121000063], [85.00398090100003, 25.641360857000052], [85.00390818900007, 25.64037674000008], [85.00278540000005, 25.639142736000053], [85.00162145000007, 25.63861271500008], [85.00002933000007, 25.63804582100005], [84.99890679000004, 25.63674400900004], [84.99793922700007, 25.635158107000052], [84.99781101100007, 25.63500956200005], [84.99637334800008, 25.632091444000025], [84.99784188100006, 25.63190624400005], [84.99865672800007, 25.630682641000078], [84.99877393000008, 25.62941911000007], [84.99870012600007, 25.628994689000024], [84.99871002400005, 25.628918035000027], [84.99870041000008, 25.62885902200003], [84.99836584700006, 25.626805165000064], [85.00104653400007, 25.625753702000054], [85.00143081800007, 25.62526232500005], [85.00124473200003, 25.623781661000066], [85.00082056900004, 25.621880757000042], [84.99970069100004, 25.61936494500003], [84.99892650300006, 25.618167567000057], [84.99904784400007, 25.61728759600004], [85.00028949500006, 25.61626972700003], [85.00079353000007, 25.615670348000037], [85.00044976600003, 25.613417579000043], [84.99991140100008, 25.611340410000025], [84.99952586800003, 25.610035399000026], [84.99909976500004, 25.609086853000065], [84.99910135900006, 25.608310548000077], [84.99914296900005, 25.60743056000007], [84.99815318100008, 25.607274010000026], [84.99783339900006, 25.60767647800003], [84.99755933500006, 25.607788888000073], [84.99726595000004, 25.607661953000047], [84.99687883100006, 25.607101654000076], [84.99662601100005, 25.60660471500006], [84.99660793700008, 25.605756206000024], [84.99660868600006, 25.605386102000068], [84.99672371600008, 25.605115455000032], [84.99724765800005, 25.604493527000045], [84.99749786700005, 25.60387561500005], [84.99719192200007, 25.602602380000064], [84.99710404200005, 25.601776280000024], [84.99683322000004, 25.600367564000067], [84.99677370900008, 25.600263675000065], [84.99671419800006, 25.600159787000052], [84.99571963500006, 25.599747295000043], [84.99459114300004, 25.599090940000053], [84.99355243200006, 25.598348908000048], [84.99221854700005, 25.598324013000024], [84.99095101900008, 25.59983825200004], [84.99008839200008, 25.60057693600004], [84.98893342500008, 25.60063807000006], [84.98798325000007, 25.60043322200005], [84.98712918100006, 25.599488347000033], [84.98613657600004, 25.598173231000033], [84.98455845600006, 25.59603554000006], [84.98342679000007, 25.594598162000068], [84.98207451300004, 25.59393674300003], [84.98125753200009, 25.594224093000037], [84.98026252000005, 25.59405526000006], [84.97954079600004, 25.594053906000056], [84.97841032300005, 25.594340702000068], [84.97616962300003, 25.59476978600003], [84.97535810200003, 25.594890168000063], [84.97370425900004, 25.59548734300006], [84.97266387300004, 25.595566604000055], [84.97135071100007, 25.595193992000077], [84.97058419900003, 25.595192557000075], [84.97008566400007, 25.59556164600008], [84.97008450300007, 25.59605358700003], [84.97062534900004, 25.596794854000052], [84.97062459500006, 25.597119836000047], [84.97049002200004, 25.59720526700005], [84.97003676100007, 25.597326310000028], [84.96800120800003, 25.597241152000038], [84.96675683700005, 25.597261334000052], [84.96567104400003, 25.59758868700004], [84.96494872600005, 25.597831025000062], [84.96426590300007, 25.59824042300005], [84.96458071300003, 25.59980266200006], [84.96448887700006, 25.600786362000065], [84.96262975400003, 25.601847896000038], [84.96032225600004, 25.603034869000055], [84.95941530200008, 25.603484365000043], [84.95887100500005, 25.604182870000045], [84.95872498300008, 25.60693128400004], [84.95865325600005, 25.607775106000076], [84.95744403800006, 25.607628249000072], [84.95669249000008, 25.607608678000076], [84.95632977300005, 25.607319145000076], [84.95566978500005, 25.606487344000072], [84.95498446900007, 25.60582697500007], [84.95420296900005, 25.605856966000033], [84.95328621700008, 25.606193661000077], [84.95291306800004, 25.60612968500004], [84.95250542900004, 25.60591220200007], [84.95196418500007, 25.60536048700004], [84.95135075000007, 25.60585122200007], [84.95036929200006, 25.606187660000046], [84.94979201200005, 25.606123367000066], [84.94891123200006, 25.606031264000023], [84.94846930700004, 25.60559709100005], [84.94823904600008, 25.604120721000072], [84.94783426200007, 25.60276583800004], [84.94705517800008, 25.601811919000056], [84.94624129800007, 25.60085339500006], [84.94568429100008, 25.600685218000024], [84.94507229800007, 25.600589141000057], [84.94364859200005, 25.600649376000035], [84.94079622100008, 25.600733594000076], [84.93774460600008, 25.60091221500005], [84.93754103800006, 25.600726696000038], [84.93750749000003, 25.600234667000052], [84.93765114100006, 25.598574017000033], [84.93765601800004, 25.596696505000068], [84.93721357300007, 25.596483405000072], [84.93551539200007, 25.596818315000064], [84.93512626500006, 25.597164935000023], [84.93484859100005, 25.598671829000068], [84.93474564400003, 25.599962489000063], [84.93334939200008, 25.600943399000073], [84.93199433400008, 25.601400795000075], [84.93121221600006, 25.60167442900007], [84.93121164400003, 25.601859438000076], [84.93154610700003, 25.603399189000072], [84.93181877000006, 25.603801489000034], [84.93218722400007, 25.603770730000065], [84.93276562300008, 25.603401903000076], [84.93310825400005, 25.60367794700005], [84.93318870500008, 25.60527133900007], [84.93170363000007, 25.605931570000052], [84.93069845100007, 25.605807494000032], [84.92992228100007, 25.605702019000034], [84.92960255700007, 25.606116585000052], [84.92934682200007, 25.606815582000024], [84.92898236200006, 25.607252560000063], [84.92874330600006, 25.607231719000026], [84.92850457200007, 25.607210906000034], [84.92820842100008, 25.60625787400005], [84.92773130000006, 25.605986087000076], [84.92527812000003, 25.605678255000043], [84.92459672300004, 25.605491664000056], [84.92434340400007, 25.605306049000035], [84.92421151100007, 25.604353419000063], [84.92370931600004, 25.604144661000078], [84.92270404500005, 25.60410184500006], [84.92099340100003, 25.603497670000024], [84.91982910000007, 25.60332810500006], [84.92079144400003, 25.60454439500006], [84.92151603200006, 25.60532226600003], [84.92173518500005, 25.607087506000028], [84.92118656100007, 25.60930238800006], [84.92140518700006, 25.61127519000007], [84.92158538100006, 25.61275142100004], [84.92210096400004, 25.615361396000026], [84.92236778000006, 25.616102106000028], [84.92218763500006, 25.616426687000057], [84.92154964500008, 25.616714116000026], [84.92141348100006, 25.61736823800004], [84.92181718300003, 25.619012058000067], [84.92181555600007, 25.619625822000046], [84.92298906000008, 25.62012491300004], [84.92430152400004, 25.620782296000073], [84.925384, 25.62180929300007], [84.92535811600004, 25.622201913000026], [84.92513308700006, 25.62257147300005], [84.92404755300004, 25.62265026500006], [84.92268693500006, 25.62322044700005], [84.92151133900006, 25.623466068000027], [84.92155360000004, 25.62440946600003], [84.92182354500005, 25.62514978400003], [84.92087289000006, 25.625721338000062], [84.91836556000004, 25.62327388800003], [84.91683039500003, 25.622123973000043], [84.91579354300006, 25.620808278000027], [84.91513808300004, 25.620215490000078], [84.91428183100004, 25.620213481000064], [84.91355430900006, 25.62045555000003], [84.91287778200007, 25.62029149700004], [84.91224758700008, 25.619549834000054], [84.91179509500006, 25.61934572800004], [84.91084451300009, 25.619262245000073], [84.90952118700005, 25.620726054000045], [84.90766209600008, 25.621498040000063], [84.90544708600004, 25.621370945000024], [84.90431784700007, 25.62108395100006], [84.90250522700006, 25.62124207900007], [84.90160245600003, 25.62185379500005], [84.90006243600004, 25.622427779000077], [84.89874827400007, 25.62237953700003], [84.89711938100004, 25.62270500900007], [84.89612399200007, 25.62262137500005], [84.89544851800008, 25.62208714800005], [84.89538252700004, 25.620832347000032], [84.89556381800008, 25.620133186000032], [84.89628767100004, 25.619439854000063], [84.89624731100008, 25.617918778000046], [84.89624939600003, 25.617223698000032], [84.89539518500004, 25.616522085000042], [84.89458103400005, 25.61573928100006], [84.89462737800005, 25.615247405000048], [84.89512806000005, 25.61426470300006], [84.89626179200008, 25.612994739000044], [84.89546565600006, 25.612879961000033], [84.89356999300009, 25.612545863000037], [84.89092223000006, 25.612394997000024], [84.88992306600005, 25.613584074000073], [84.88837715300008, 25.61616187100003], [84.88791928300003, 25.61776298700005], [84.88841206700005, 25.61944763100007], [84.88921599000008, 25.621950086000027], [84.88903510000006, 25.62252280100006], [84.88849198400004, 25.622688507000078], [84.88584218300008, 25.623110619000045], [84.88516502200008, 25.62314959200006], [84.88444171500004, 25.623599119000062], [84.88317025400005, 25.624250398000072], [84.87975438000007, 25.624467390000063], [84.87928905100006, 25.62198391000004], [84.87934005800008, 25.619975543000066], [84.87934075800007, 25.61976797500006], [84.88001738300005, 25.619896075000042], [84.88119051000007, 25.620472190000044], [84.88142064000004, 25.620102721000023], [84.88119554100007, 25.618829344000062], [84.88065610400008, 25.617762798000058], [84.87966195300004, 25.617308956000045], [84.87676863900003, 25.617631110000048], [84.87400456300008, 25.61798957700006], [84.87101579300008, 25.618600154000035], [84.86861867500005, 25.619415423000078], [84.86866123200008, 25.620110572000044], [84.86941443300003, 25.624382152000067], [84.86932387800005, 25.624670801000036], [84.86873553000004, 25.624953597000058], [84.86733035100008, 25.625360598000043], [84.86732991800005, 25.625482431000023], [84.86782037100005, 25.62782620100006], [84.86813876500008, 25.627908211000033], [84.87067214800004, 25.62811793700007], [84.87076138400005, 25.628244602000052], [84.87021677700005, 25.628856959000075], [84.86899417500007, 25.62975648400004], [84.86899287800009, 25.630167193000034], [84.86957513100003, 25.631811506000076], [84.86941313900007, 25.632650624000064], [84.86848659100008, 25.632828733000053], [84.86778345800008, 25.633178929000053], [84.86603767200006, 25.63417630500004], [84.86495276900007, 25.634010930000045], [84.86346183000006, 25.63318563000007], [84.85961207900004, 25.635061911000037], [84.85435249500006, 25.637141990000032], [84.85385283300008, 25.63767314000006], [84.85446382300006, 25.63810357400007], [84.85360640100004, 25.63842620300005], [84.85246821200008, 25.639325804000066], [84.85101206900003, 25.638509429000067], [84.84889386000003, 25.636165702000028], [84.84830875800003, 25.635423954000032], [84.84619091800005, 25.63299896500007], [84.84483503700005, 25.632011272000057], [84.84139867400006, 25.630850757000076], [84.83936433400004, 25.630271894000032], [84.83778418100007, 25.629364787000043], [84.83713203500008, 25.62913787800005], [84.83647641600004, 25.62890975700003], [84.83340279900005, 25.627998354000056], [84.83252302000005, 25.627571596000053], [84.83157554100006, 25.626584989000037], [84.83135414300006, 25.624408902000027], [84.83089034600005, 25.623188932000062], [84.83029808900005, 25.62314215600003], [84.82910930700007, 25.62284984200005], [84.82797145200004, 25.622228232000055], [84.82482746500006, 25.621555673000046], [84.82195526800007, 25.621466029000032], [84.82145002600004, 25.622168608000038], [84.82144797500007, 25.622746273000075], [84.82162888400006, 25.62365857800006], [84.82257904100004, 25.625272575000054], [84.82318786600007, 25.627652932000046], [84.82413270700005, 25.63220507500006], [84.82430663300005, 25.63369500300007], [84.82366666900003, 25.63443785800007], [84.82321128300003, 25.635095427000067], [84.82388256200005, 25.638161918000037], [84.82445122000007, 25.63848341700003], [84.82461295200005, 25.63857485500006], [84.82545336500004, 25.638888705000056], [84.82558390000008, 25.641411966000078], [84.82598596300005, 25.643150771000023], [84.82743444200008, 25.64613379800005], [84.82945783800005, 25.64847752000003], [84.83182388400007, 25.651093050000043], [84.83536870100005, 25.654163186000062], [84.83591575400004, 25.654372394000063], [84.83932927600006, 25.656570977000058], [84.84205383900007, 25.657864946000075], [84.84013492000008, 25.65835600500003], [84.83730498800008, 25.65876325000005], [84.83397028500008, 25.659665489000076], [84.83191605600007, 25.660399772000062], [84.83010804300005, 25.661906529000078], [84.82681882000008, 25.664009237000073], [84.82370895400004, 25.666067354000063], [84.82297833800004, 25.66674538500007], [84.82224487400003, 25.667426050000074], [84.82248309200008, 25.670468725000035], [84.82315699000003, 25.67283116400006], [84.82501923800004, 25.675770295000063], [84.82638122100008, 25.67720255300003], [84.82774354000009, 25.678635119000035], [84.83031847800004, 25.680068730000073], [84.83473934100004, 25.680663646000028], [84.83898476900004, 25.68013856500005], [84.84026591800006, 25.679808181000055], [84.84587732300008, 25.678916634000075], [84.84692762600008, 25.679082031000064], [84.84704034400005, 25.679642012000045], [84.84730552900004, 25.68224691000006], [84.84731068200006, 25.688141345000076], [84.84766651000007, 25.69046211600005], [84.84834674200005, 25.69261237300003], [84.85011355100005, 25.696051828000066], [84.85074506100005, 25.697913005000032], [84.85074045100004, 25.699280533000035], [84.84928200100006, 25.700418392000074], [84.84914294400005, 25.701781088000075], [84.85109272800008, 25.705717528000037], [84.85313303200007, 25.709401410000055], [84.85379384400005, 25.709922263000067], [84.85666770100005, 25.71017825200005], [84.85858545100007, 25.71026463900006], [84.85958496600006, 25.710845042000074], [84.86217499700007, 25.71411957400005], [84.86353547600004, 25.717101984000067], [84.86444541300006, 25.717682120000063], [84.87203899500008, 25.719087590000072], [84.87368198400003, 25.719461937000062], [84.87446041000004, 25.71909382800004], [84.87482748300005, 25.718020628000033], [84.87488166300005, 25.71504202500006], [84.87534190100007, 25.714420372000063], [84.87557161200004, 25.714258486000062], [84.87582131700003, 25.713968324000064], [84.87607161300008, 25.713677477000033], [84.87644483800005, 25.71223421700006], [84.87703893300005, 25.71182049600003], [84.87744754600004, 25.711821581000038], [84.87922911300006, 25.712448959000028], [84.88148320100004, 25.71338438300006], [84.88353929700008, 25.713886067000033], [84.88759764100007, 25.714559675000032], [84.88978887000007, 25.714894612000023], [84.89188238800006, 25.716222106000032], [84.89388545800006, 25.717842819000055], [84.89691629800006, 25.71898753100004], [84.89915099200005, 25.719818902000043], [84.90188935300006, 25.720488888000034], [84.90321003100007, 25.720365669000046], [84.90276823000005, 25.716352305000044], [84.90232170600007, 25.712257685000054], [84.90241877900007, 25.709734928000046], [84.90269409300004, 25.70927978000003], [84.90321782300003, 25.709055360000036], [84.90874147000005, 25.709519688000057], [84.91471738200005, 25.710404668000024], [84.91599372900004, 25.710078150000072], [84.91759620100004, 25.70888123800006], [84.91835005400003, 25.708323360000065], [84.91912828300008, 25.707955025000047], [84.92049808800004, 25.70803929400006], [84.92223063600005, 25.70845845100007], [84.92309700300007, 25.708622903000048], [84.92428281700006, 25.708584889000065], [84.92560914300003, 25.708177154000055], [84.92583969100008, 25.707636093000076], [84.92511377300008, 25.70527849800004], [84.92507279500006, 25.70387482500007], [84.92557756800005, 25.70325307300004], [84.92767627700005, 25.70272066600006], [84.93046031400007, 25.703015614000037], [84.93488576900006, 25.702361789000065], [84.93769090900008, 25.702182854000057], [84.93767857500006, 25.706939849000037], [84.93786017000008, 25.707973792000075], [84.93836101200003, 25.708882041000038], [84.93899832400007, 25.70900976000007], [84.94361209200008, 25.70686665900007], [84.94740781200005, 25.705096388000072], [84.94840984700005, 25.704809540000042], [84.94946148300005, 25.70460415900004], [84.95030342100006, 25.704628455000034], [84.95285328800009, 25.70694903100008], [84.95554218000007, 25.709518063000075], [84.95946164600008, 25.712130114000047], [84.96087505200006, 25.712755790000074], [84.96279220700006, 25.713170268000056], [84.96404694700004, 25.713484149000067], [84.96514326100004, 25.713359921000063], [84.96559841100003, 25.71261614900004], [84.96592383900008, 25.711957821000055], [84.96610660200008, 25.710509345000048], [84.96642610600009, 25.710221164000075], [84.96729328600009, 25.710096504000035], [84.96766168400006, 25.71022358400006], [84.96897950200008, 25.711259676000054], [84.96966158300006, 25.71357631400008], [84.96997218600006, 25.717092776000072], [84.96910330400004, 25.717957694000063], [84.96923711800008, 25.71825128000006], [84.97047021200007, 25.719327816000032], [84.97137838600008, 25.720900241000038], [84.97228640600008, 25.722517690000075], [84.97353927100005, 25.723698073000037], [84.97554563900007, 25.724405932000025], [84.97613724200005, 25.724984750000033], [84.97718914000006, 25.724738483000067], [84.97773806900005, 25.724369461000038], [84.97951703200005, 25.724286996000046], [84.98019906900004, 25.724536498000077]]]]}}, {"type": "Feature", "properties": {"OBJECTID": 192, "BLOCK_CODE": "0022", "NEAR_TOWN": "MOKAMEH", "BLK_NAME": "GHOSWARI", "DIST_NAME": "PATNA"}, "geometry": {"type": "MultiPolygon", "coordinates": [[[[85.86323365400006, 25.39142289800003], [85.86365518200006, 25.39126316100004], [85.86525183400005, 25.392569855000033], [85.86606196000008, 25.392598064000026], [85.86637209400004, 25.391057756000066], [85.86689868200006, 25.390062596000064], [85.86763775200006, 25.38980221500003], [85.86891087200007, 25.390018027000053], [85.86972337100008, 25.390529092000065], [85.87100561900007, 25.392514092000056], [85.87259346500008, 25.39208769700008], [85.87301698200008, 25.392311524000036], [85.87358311200006, 25.393207276000055], [85.87464939200004, 25.393780459000027], [85.87523202000006, 25.394021740000028], [85.87604638800008, 25.39391902400007], [85.87639734500004, 25.393565445000036], [85.87685488300008, 25.393631190000065], [85.87656667000005, 25.392666604000055], [85.87613962300009, 25.39177019600004], [85.87725823300008, 25.38996910700007], [85.87788526200006, 25.388233349000075], [85.87900519700008, 25.386689473000047], [85.87933169600007, 25.385455900000068], [85.88020567500007, 25.383461769000064], [85.88054860100004, 25.38156920800003], [85.88089468600003, 25.380285878000052], [85.88072926700005, 25.37905446900004], [85.88087573200005, 25.378543835000073], [85.88238616700005, 25.381421372000034], [85.88305956200008, 25.383828624000046], [85.88432134500005, 25.38663957800003], [85.88525934900008, 25.389262274000032], [85.88637817300008, 25.391329081000038], [85.88792427600004, 25.394301277000068], [85.88998669200004, 25.393421243000034], [85.89134290000004, 25.393347602000063], [85.89251247500005, 25.39276030800005], [85.89528994700004, 25.391809357000056], [85.89480029500004, 25.390367188000027], [85.89601074700005, 25.39000537900006], [85.89793051800007, 25.38941014100004], [85.89938854800005, 25.388889195000047], [85.90131050800005, 25.38777944800006], [85.90269255100003, 25.386992563000035], [85.90390151400004, 25.386373371000047], [85.90493870000006, 25.38705026200006], [85.90641574600005, 25.38637570000003], [85.90923145200009, 25.386105804000067], [85.91044153900003, 25.385680699000034], [85.91053434800006, 25.383572550000054], [85.91242439700005, 25.38301335500006], [85.91619499600006, 25.38202596900004], [85.91922161300005, 25.381267534000074], [85.91962732200005, 25.380954316000043], [85.91886668400008, 25.379080203000058], [85.91875807900004, 25.378304386000025], [85.91900455400008, 25.37794667600008], [85.91950730100007, 25.378106923000075], [85.92079677800007, 25.379491125000072], [85.92150699300004, 25.379456350000055], [85.92317732900005, 25.37873554400005], [85.92385538400003, 25.378249502000074], [85.92324224000004, 25.376988620000077], [85.92327298900005, 25.376275371000077], [85.92262695100004, 25.375339539000038], [85.92269149500004, 25.37443200900003], [85.92441858100005, 25.374112681000042], [85.92720231300007, 25.37438882500004], [85.92922750900004, 25.374054542000067], [85.93261259400003, 25.373488188000067], [85.93410561800005, 25.373061547000077], [85.93420847700008, 25.371928232000073], [85.93576881300004, 25.371108504000063], [85.93665096200004, 25.372481007000033], [85.93702095200007, 25.374650237000026], [85.93745183900006, 25.375293579000072], [85.93819689600008, 25.37525849700006], [85.94179486800004, 25.37456016300007], [85.94392819600006, 25.374031039000045], [85.94750762900009, 25.373576384000046], [85.94747945300008, 25.372998772000074], [85.94647133200004, 25.371333615000026], [85.94627260400006, 25.370463435000033], [85.94579382600006, 25.369287752000048], [85.94521318300008, 25.367656667000062], [85.94448246000007, 25.365850228000056], [85.94395731600008, 25.364363294000043], [85.94373902500007, 25.363538444000028], [85.94311678400004, 25.36244461900003], [85.94235370000007, 25.36018249500006], [85.94214395500006, 25.35910472200004], [85.94151444400006, 25.357604735000052], [85.94134695100007, 25.35697368700005], [85.94067193100005, 25.35532943100003], [85.94029296300005, 25.35419835400006], [85.94018359300009, 25.35332326100007], [85.93987554800003, 25.352435609000054], [85.93968256400007, 25.351696280000056], [85.93957162500004, 25.35051430200008], [85.93906785800004, 25.348399923000045], [85.93868395700008, 25.34726884400004], [85.93816491900003, 25.345091296000078], [85.93774988300004, 25.343730185000027], [85.93708709100008, 25.341571405000025], [85.93654174400007, 25.340003311000032], [85.93559567600005, 25.337809683000046], [85.93524939200006, 25.33630378500004], [85.93442931300007, 25.334434560000034], [85.93402799000006, 25.332834223000077], [85.93357686800005, 25.332105136000052], [85.93328932400004, 25.33131211600005], [85.93288083200008, 25.330203699000037], [85.93275274400008, 25.329509221000023], [85.93274782500004, 25.328633615000058], [85.93301268900007, 25.32805020400008], [85.93305877400007, 25.327404605000027], [85.93294808400003, 25.32626773900006], [85.93287033000007, 25.325690353000027], [85.93344094500009, 25.32470832300004], [85.93365463300006, 25.32385428200007], [85.93335736500006, 25.322217248000072], [85.93292034500007, 25.321330181000064], [85.93112851300003, 25.32149643500003], [85.93098111800003, 25.320892326000035], [85.93115305400005, 25.31967738800006], [85.93195442900009, 25.318233932000055], [85.93201889600005, 25.317335490000062], [85.93183782800008, 25.316921058000048], [85.93210705300004, 25.31446003800005], [85.93253566000004, 25.31207499100003], [85.93245149400008, 25.310351205000075], [85.93246864600007, 25.307218861000024], [85.93209129900004, 25.305446879000044], [85.93225754300005, 25.304101057000025], [85.93234924900008, 25.301866528000062], [85.93220628800003, 25.30116312100006], [85.93228158500006, 25.298653310000077], [85.93133274100006, 25.298562884000035], [85.93010052900007, 25.298406103000048], [85.92869865600005, 25.298990297000046], [85.92743209000008, 25.298901321000073], [85.92574060400005, 25.29829971600003], [85.92362624200007, 25.29754218100004], [85.91961182600005, 25.29615222900003], [85.91903102800006, 25.296172950000027], [85.91733560200004, 25.294835625000076], [85.91585619000006, 25.29394861800006], [85.91455376800008, 25.293665609000072], [85.91413262400005, 25.293825492000053], [85.91406712300005, 25.294561470000076], [85.91418520600007, 25.297088478000035], [85.91397978000003, 25.297662595000077], [85.91327632800005, 25.29795457700004], [85.91285354500008, 25.29779854000003], [85.91130385600007, 25.29678096500004], [85.91016985600004, 25.295508734000066], [85.90974434200007, 25.294869705000053], [85.90945702300007, 25.294072111000048], [85.90917400700005, 25.293148145000032], [85.90758177700008, 25.29158458200004], [85.90689489100004, 25.291253620000077], [85.90397530000007, 25.29119892700004], [85.90197550100004, 25.291401807000057], [85.90015072200003, 25.291825166000024], [85.89892328500008, 25.29253464100003], [85.89695568800005, 25.29318412400005], [85.89611129400004, 25.293120185000078], [85.89344674900008, 25.291547551000065], [85.89235652700006, 25.290979182000058], [85.89126342700007, 25.290821409000046], [85.89056557800006, 25.291244165000023], [85.89003733500005, 25.29086287900003], [85.89101427200006, 25.289707645000078], [85.89202066700005, 25.28755940600007], [85.89236625600006, 25.286248998000076], [85.89250921300004, 25.28322886500007], [85.89253570000005, 25.281662609000023], [85.89185593700006, 25.27984215600003], [85.89113081700003, 25.278838798000038], [85.88789282200008, 25.278595558000063], [85.88582356900008, 25.278766976000043], [85.88174267500005, 25.278716759000076], [85.87759827200006, 25.278865341000028], [85.87558102200006, 25.27949673200004], [85.87332951900004, 25.27896472900005], [85.87108004700008, 25.27884329500006], [85.87009480200004, 25.279361976000075], [85.86830060000005, 25.278954252000062], [85.86756660400005, 25.279083671000024], [85.86711182600004, 25.27946920100004], [85.86661536000008, 25.27947133300006], [85.86554124600008, 25.27911018100008], [85.86392200600005, 25.278922859000033], [85.86411330900006, 25.281418005000035], [85.86433058400007, 25.283172798000066], [85.86423327600005, 25.284549828000024], [85.86456542300004, 25.28739190500005], [85.86452519400007, 25.290253604000043], [85.86498992000008, 25.291817910000077], [85.86573353000006, 25.29258208500005], [85.86541917800008, 25.293255878000025], [85.86127280500006, 25.293110581000064], [85.86028894600008, 25.29295674800005], [85.85908928000003, 25.292320806000077], [85.85567800300004, 25.29224004300005], [85.85223281800006, 25.292317276000063], [85.85080801500004, 25.292341161000024], [85.84915172600006, 25.291738603000056], [85.84789037800005, 25.291680566000025], [85.84630214000003, 25.290757133000056], [85.84471994700004, 25.29108399200004], [85.84261628500008, 25.291381312000055], [85.84057177200003, 25.290559046000055], [85.83790746800008, 25.288859084000023], [85.83565358900006, 25.28784345400004], [85.83365195600004, 25.287661838000076], [85.83006907200007, 25.28799645400005], [85.82901234500008, 25.288158561000046], [85.82635383900003, 25.28764091900007], [85.82406997500004, 25.287618201000043], [85.82146911700005, 25.287754664000033], [85.81897676500006, 25.287732705000053], [85.81693761000008, 25.287997775000065], [85.81551262700003, 25.28798523300003], [85.81319332100009, 25.287804503000075], [85.80876570800007, 25.287979361000055], [85.80891172200006, 25.289513388000046], [85.80912947800005, 25.29044235300006], [85.80984052000008, 25.29283630900005], [85.80977884100008, 25.294529105000038], [85.80955683500008, 25.295920050000063], [85.80934915800003, 25.297198163000076], [85.80872501700009, 25.298577102000024], [85.80845019900005, 25.30037000300007], [85.80838601200008, 25.301521226000034], [85.80802203200005, 25.30227182400006], [85.80754896100007, 25.30630419000005], [85.80701909800007, 25.30662657000005], [85.80626830600005, 25.306673096000054], [85.80593195500006, 25.30669394000006], [85.80372432000007, 25.308205143000066], [85.80205874600006, 25.308834244000025], [85.80142303500008, 25.30880508300004], [85.80118441100007, 25.31094084700004], [85.80109031700005, 25.313184410000076], [85.80112033900008, 25.315413927000066], [85.80060025500006, 25.31791634900003], [85.80089309000005, 25.320063615000038], [85.80099944700004, 25.32380044300004], [85.80125627400008, 25.32678280700003], [85.80139644800005, 25.32921959300006], [85.80287834000006, 25.328541572000063], [85.80485427600007, 25.328403168000023], [85.80573486800006, 25.32875642500005], [85.80653217500009, 25.32934474900003], [85.80823334000007, 25.33100377200003], [85.81014152000006, 25.332314456000063], [85.81184026300008, 25.33342727400003], [85.81241, 25.334196916000053], [85.81222671100005, 25.336458918000062], [85.81252229400008, 25.33915230200006], [85.81292057500008, 25.34148874400006], [85.81268373800003, 25.342902321000054], [85.81198083600003, 25.343419577000077], [85.81060185100006, 25.343808438000053], [85.80816382500007, 25.342887931000064], [85.80703505700006, 25.34260331100006], [85.80608552100006, 25.343505065000045], [85.80519408700007, 25.34516036100007], [85.80511280000007, 25.34693895500004], [85.80522193600007, 25.347999274000074], [85.80550985700006, 25.34905427700005], [85.80541208900007, 25.350467414000036], [85.80552089200006, 25.351459946000034], [85.80580656300003, 25.35200498200004], [85.80595532400008, 25.353033507000077], [85.80583443100005, 25.353756083000064], [85.80573046500007, 25.35492091900005], [85.80531178100006, 25.356768517000035], [85.80481578700005, 25.35803416300007], [85.80553751300005, 25.359426085000052], [85.80529660400003, 25.361047322000047], [85.80526374500005, 25.362568465000038], [85.80534173100006, 25.363312879000034], [85.80561332000008, 25.364038527000048], [85.80529848000003, 25.364712264000048], [85.80587327700005, 25.366569618000028], [85.80584278700007, 25.36749946900005], [85.80559939600005, 25.36859269400003], [85.80610252600007, 25.36997188500004], [85.80659325800008, 25.369744308000065], [85.80800369000008, 25.369644209000057], [85.81004638100006, 25.368738336000035], [85.81135396600007, 25.368954517000077], [85.81308900800008, 25.370297352000023], [85.81540650400007, 25.371877252000047], [85.81657677600003, 25.372482020000064], [85.81887472500006, 25.37305089700004], [85.82113145100004, 25.37329943700007], [85.82272212000004, 25.373487299000033], [85.82490560600007, 25.37296430200007], [85.82651129200008, 25.37317016800006], [85.82861146800008, 25.372877500000072], [85.83068276200004, 25.373844286000065], [85.83201585500007, 25.37860680800003], [85.83403666700008, 25.384427670000036], [85.83924898400005, 25.38891148700003], [85.84516621600005, 25.393796991000045], [85.85289132300005, 25.397379341000033], [85.86059286700004, 25.39983775500008], [85.86207859100006, 25.399818063000055], [85.86211924700007, 25.399023595000074], [85.86162816000007, 25.398195161000046], [85.86172682200004, 25.39707535900004], [85.86232413900007, 25.396301110000024], [85.86203688800003, 25.39550347200003], [85.86136091000003, 25.39448176800005], [85.86149630900007, 25.393740920000027], [85.86343480700003, 25.39287081300006], [85.86323365400006, 25.39142289800003]]]]}}, {"type": "Feature", "properties": {"OBJECTID": 193, "BLOCK_CODE": "0019", "NEAR_TOWN": "BARH", "BLK_NAME": "BELCHHI", "DIST_NAME": "PATNA"}, "geometry": {"type": "MultiPolygon", "coordinates": [[[[85.66404689300003, 25.423410016000048], [85.66456329100004, 25.423255108000035], [85.66499460500006, 25.422937972000057], [85.66507745400008, 25.422468321000053], [85.66511961200007, 25.421718948000034], [85.66581036400004, 25.421671882000055], [85.66580504100006, 25.420141776000037], [85.66550295100006, 25.41900531700003], [85.66476322800008, 25.41779328800004], [85.66406798700007, 25.41649986400006], [85.66371571800005, 25.415205424000078], [85.66382145400007, 25.41416256800005], [85.66407702400005, 25.413335853000035], [85.66458937100003, 25.41200291900003], [85.66553219100007, 25.410154282000065], [85.66583187300006, 25.409133349000058], [85.66621043900005, 25.406505439000057], [85.66949408900007, 25.40618018600003], [85.67152151100004, 25.40613827800007], [85.67229595800006, 25.404484205000074], [85.67354090500004, 25.40240440100007], [85.67383396000008, 25.40095021600007], [85.67353341900008, 25.400246990000028], [85.67275144300004, 25.399739152000052], [85.67089289000006, 25.399703886000054], [85.66947199100008, 25.399784682000075], [85.66865244200005, 25.399904363000076], [85.66822147100004, 25.40029823200007], [85.66800578200008, 25.401160993000076], [85.66779609800005, 25.402303455000038], [85.66754065300006, 25.403166285000054], [85.66689199500007, 25.403836054000067], [85.66633147100003, 25.40414908100007], [85.66468532500005, 25.40231222600005], [85.66295620700004, 25.400904393000076], [85.66187034200004, 25.40015816700003], [85.66130755000006, 25.399771591000047], [85.66091762900004, 25.39910476700004], [85.66051786200006, 25.39845138000004], [85.66072881000008, 25.397624819000043], [85.66042149200007, 25.396411526000065], [85.66002889700007, 25.39491865800005], [85.65972245900008, 25.393926580000027], [85.66026769900003, 25.393536943000072], [85.66063744400003, 25.392669304000037], [85.66121103900008, 25.391859801000066], [85.66161286600004, 25.391673618000027], [85.66241789200006, 25.391671298000063], [85.66339704200004, 25.391772409000055], [85.66489452700006, 25.392291731000057], [85.66743216400005, 25.393331670000066], [85.67015420400008, 25.394488436000074], [85.67151245300005, 25.394981010000038], [85.67251717800008, 25.395267008000076], [85.67309410700005, 25.39542330300003], [85.67344190000006, 25.395395286000053], [85.67358475100008, 25.395056342000032], [85.67372369300006, 25.393566432000057], [85.67371994900003, 25.392492282000035], [85.67403198600005, 25.392202503000078], [85.67446369000004, 25.392043286000046], [85.67486629400008, 25.392069262000064], [85.67538899600004, 25.392356581000058], [85.67579396000008, 25.39305948300006], [85.67643001500005, 25.39447036100006], [85.67676464600004, 25.39495688900007], [85.67696407100004, 25.395163928000045], [85.67736676800007, 25.395216884000035], [85.67788827000004, 25.39513413700007], [85.67900366100008, 25.394399690000057], [85.68037970500006, 25.392906269000036], [85.68092292700004, 25.391961294000055], [85.68137831700005, 25.39007788400005], [85.68123061000006, 25.389058284000043], [85.68074888900009, 25.387741706000043], [85.68066266600005, 25.38724553000003], [85.68068991300004, 25.386509760000024], [85.68091692400003, 25.386093849000076], [85.68094593700005, 25.38585900700008], [85.68068672300006, 25.385620634000077], [85.68022390800007, 25.385414315000048], [85.67956202400006, 25.385127414000067], [85.67960488400007, 25.384590124000056], [85.67951237200003, 25.383728403000077], [85.67972893000007, 25.383136483000044], [85.68043588100005, 25.38213244800005], [85.68081972800007, 25.38111123400006], [85.68090091100004, 25.380172221000066], [85.68089656900008, 25.378953559000024], [85.68059115500006, 25.376914344000056], [85.68036851500005, 25.375777645000028], [85.67954781300006, 25.375504670000055], [85.67816595600004, 25.375314606000074], [85.67673984300006, 25.375237514000048], [85.67628376100004, 25.374119491000044], [85.67870063800007, 25.37336324900008], [85.68008008200007, 25.372889822000047], [85.68121957400007, 25.372001829000055], [85.68229243200005, 25.370545358000072], [85.68306918800005, 25.369640342000025], [85.68362490300007, 25.369444677000047], [85.68431544600008, 25.36944265900007], [85.68501121900005, 25.36951726800004], [85.68540099600006, 25.370143520000056], [85.68557301800007, 25.371005092000075], [85.68600678900003, 25.37143712200003], [85.68652835300009, 25.37143558300005], [85.68691590200007, 25.371434444000045], [85.68760564800004, 25.371197648000077], [85.68868410000005, 25.37131180800003], [85.69006592900007, 25.371501778000038], [85.69080390000005, 25.372248798000044], [85.69114981900003, 25.37310987500007], [85.69107043300005, 25.37452275100003], [85.69137535300007, 25.37503189800003], [85.69176272800007, 25.37499013300004], [85.69223824600004, 25.374596025000073], [85.69275350200007, 25.374201838000033], [85.69322522900006, 25.374123626000028], [85.69374753400007, 25.374316116000045], [85.69420212500006, 25.375000852000028], [85.69459839200005, 25.376019702000065], [85.69494881800006, 25.378099340000063], [85.69508209400004, 25.379195736000042], [85.69594975500007, 25.380059646000063], [85.69595231400007, 25.38076374800005], [85.69720738900008, 25.381585967000035], [85.69794472300003, 25.382129777000046], [85.69816035500008, 25.382679773000064], [85.69796900500006, 25.383325787000047], [85.69745915400006, 25.385173407000025], [85.69750670300004, 25.38595857000007], [85.69797994800007, 25.38626854200004], [85.69845686300005, 25.386267131000068], [85.69906101400005, 25.385719148000078], [85.69983351800005, 25.385008198000037], [85.70034915100007, 25.38473123400007], [85.70091061400007, 25.384729562000075], [85.70156195800007, 25.38484939400007], [85.70264100300005, 25.385080790000075], [85.70397596700008, 25.384643424000046], [85.70509897600004, 25.384680579000076], [85.70661013500006, 25.38486997600006], [85.70816647700008, 25.385181034000027], [85.71045788600009, 25.38540862700006], [85.71149129200006, 25.38540537600005], [85.71248401400004, 25.385126911000043], [85.71370793700004, 25.384260993000055], [85.71446532700008, 25.384827292000068], [85.71507226100005, 25.385019448000037], [85.71545918000004, 25.384864804000074], [85.71601892100006, 25.384429753000063], [85.71666406700007, 25.384233621000078], [85.71761282600005, 25.384149351000076], [85.71921216500004, 25.38402688900004], [85.72180028600008, 25.38390126300004], [85.72352372000006, 25.383737791000044], [85.72395397900004, 25.383226431000026], [85.72399412900006, 25.38205272400006], [85.72399044500008, 25.381109441000035], [85.72407247200005, 25.380481796000026], [85.72480778000005, 25.380479421000075], [85.72567225000006, 25.38047669300005], [85.72631726600008, 25.380239903000074], [85.72700581400005, 25.379727650000063], [85.72745279300005, 25.37841280400005], [85.72748833300005, 25.37735200700007], [85.72735497800005, 25.376296253000078], [85.72665845500006, 25.374768408000023], [85.72730782000008, 25.37441428300008], [85.72769508600004, 25.374331810000058], [85.72859398900005, 25.37425668000003], [85.72946047300007, 25.37476388600004], [85.73032336800009, 25.37562309200007], [85.73106110700007, 25.376248071000077], [85.73162351700006, 25.376485470000034], [85.73226977800005, 25.376600664000023], [85.73305006900006, 25.376674881000042], [85.73396493000007, 25.37933931300006], [85.73631271000005, 25.37876286900007], [85.73855665000008, 25.378322140000023], [85.73993682500009, 25.378082852000034], [85.74209213000006, 25.377841002000025], [85.74299997700007, 25.377526516000046], [85.74312329600008, 25.37607281800007], [85.74471663400004, 25.375715421000052], [85.74779085700004, 25.37545223400008], [85.74931990600004, 25.375158244000033], [85.75021169000007, 25.374572943000032], [85.75063888600005, 25.374535448000074], [85.75034720500008, 25.37369688800004], [85.74995223600007, 25.373084429000073], [85.74977552400009, 25.372403447000067], [85.74934000800005, 25.371592511000074], [85.74937567500007, 25.370622058000038], [85.74894217900004, 25.369102413000064], [85.74906462800004, 25.368673225000066], [85.75077962400007, 25.368924728000025], [85.75127562200004, 25.36872891300004], [85.75163182700004, 25.368371189000072], [85.75128721100003, 25.366738449000025], [85.75113683200004, 25.365213459000074], [85.75098675800007, 25.363756069000033], [85.75099644800008, 25.362478728000042], [85.75146027000005, 25.361732431000064], [85.75316374700003, 25.360426768000025], [85.75343525600005, 25.357609404000073], [85.75349939300008, 25.355113293000045], [85.75386387800006, 25.353184785000053], [85.75385997500007, 25.352246002000072], [85.75335962900004, 25.351372076000075], [85.75288151400008, 25.35105323600004], [85.75385748000008, 25.34925355300004], [85.75410158700004, 25.34822818300006], [85.75353361100008, 25.346596171000044], [85.75299740300005, 25.34547421700006], [85.75200349100004, 25.344128092000062], [85.75070693400005, 25.341681635000043], [85.75045475100006, 25.340752706000046], [85.75026801800004, 25.33882613000003], [85.74889070800003, 25.338447146000078], [85.74853608900008, 25.33796536500006], [85.74774031700008, 25.33770177100007], [85.74668094700007, 25.337348742000074], [85.74621475900005, 25.33751737500006], [85.74582862600005, 25.33783005600003], [85.74544320300004, 25.338300779000065], [85.74492997200008, 25.339119461000053], [85.74424748700005, 25.339821348000044], [85.74334994100008, 25.340176375000055], [85.74287937400004, 25.340489413000057], [85.74210828000008, 25.34143075700007], [85.74151069200008, 25.342249695000078], [85.74086996200003, 25.34225187800007], [85.74035257900005, 25.342059456000072], [85.73914778300008, 25.34135942200004], [85.73819963700004, 25.340234159000033], [85.73708296300003, 25.339222352000036], [85.73626754000009, 25.33899028700006], [85.73510559000005, 25.33907539100005], [85.73386517100005, 25.339390915000024], [85.73241048000006, 25.340758755000024], [85.73172869900003, 25.341695267000034], [85.73134242100008, 25.341971804000025], [85.73017381000005, 25.34162362400008], [85.72987270800007, 25.344598920000067], [85.72966386600007, 25.345813805000034], [85.72915099700003, 25.346731712000064], [85.72794330000005, 25.346550582000077], [85.72667951100004, 25.346008492000067], [85.72492300400006, 25.345206224000037], [85.72406229100005, 25.344843491000063], [85.72334179500007, 25.34476453900004], [85.72245341300004, 25.34495246700004], [85.72148176100006, 25.345424966000053], [85.72070942500005, 25.346077369000056], [85.72032628300008, 25.34718887100007], [85.72035810300008, 25.347712380000075], [85.72084856600009, 25.348649592000072], [85.72191640000005, 25.34989645400003], [85.72298860200004, 25.352267032000043], [85.72296708100004, 25.35248373400003], [85.72294554900003, 25.35270054500006], [85.72246056200004, 25.353171470000063], [85.72111702700005, 25.353825709000034], [85.72014081400005, 25.354429073000063], [85.71957320500007, 25.355369687000064], [85.71940417200005, 25.356624989000068], [85.71941041400004, 25.358240803000058], [85.71939983800007, 25.359351163000042], [85.71946433900007, 25.360605674000055], [85.71943790000006, 25.361490480000043], [85.71803331400008, 25.361806302000048], [85.71585263900005, 25.361840312000027], [85.71237530500008, 25.361851251000076], [85.71209048800006, 25.361409839000032], [85.71219639900005, 25.359215939000023], [85.71222099400006, 25.357861884000044], [85.71207137300007, 25.35639993600006], [85.71229454400003, 25.354991030000065], [85.71232018200004, 25.353894208000042], [85.71202833200005, 25.352906635000068], [85.71123486200008, 25.35196131300006], [85.71066229400003, 25.351597468000023], [85.71014567700007, 25.35159909400005], [85.70902868900004, 25.35308753700008], [85.70748754600004, 25.355362581000065], [85.70626272600003, 25.35724405600007], [85.70524966400006, 25.358664434000048], [85.70504910400007, 25.359477440000035], [85.70447291200009, 25.36083327700004], [85.70318755700004, 25.362480125000047], [85.70112150300008, 25.363957910000067], [85.69937310500006, 25.36402193400005], [85.69879057600008, 25.363671585000077], [85.69755425600005, 25.36249736900004], [85.69664540700006, 25.361209231000032], [85.69560265800004, 25.359975749000057], [85.69430415000005, 25.35809756200007], [85.69118134200005, 25.354460035000045], [85.68886192000008, 25.351808507000044], [85.68782932100004, 25.35196956300007], [85.68731261000005, 25.351943943000038], [85.68690843600007, 25.351426084000025], [85.68647105200006, 25.349992178000036], [85.68652437400004, 25.348245226000074], [85.68640064800007, 25.345609702000047], [85.68597658700008, 25.343697233000057], [85.68580098300004, 25.343196774000035], [85.68270069800008, 25.342948670000055], [85.67925767300005, 25.34266986500006], [85.67604338000007, 25.34244450500006], [85.67386868600005, 25.342671893000045], [85.67193410900006, 25.343381609000062], [85.66999734000007, 25.343477353000026], [85.66883444600006, 25.343304628000055], [85.66738624900006, 25.342487310000024], [85.66726327600009, 25.339937509000038], [85.66783829700006, 25.338175628000045], [85.66801842900009, 25.337123460000043], [85.66602498900005, 25.33659651800008], [85.66440993300006, 25.336307651000027], [85.66324576000005, 25.335724198000037], [85.66195027400005, 25.334495584000024], [85.66078494800007, 25.333560098000078], [85.65891194200003, 25.333389199000067], [85.65559693200004, 25.332662689000074], [85.65548050200005, 25.330519131000074], [85.65689636600007, 25.32916560800004], [85.65844072000004, 25.32763577000003], [85.65953560100007, 25.32537602600007], [85.65884159100005, 25.321333808000077], [85.65811036500008, 25.31651991600006], [85.65764862300006, 25.31358737000005], [85.65663662500003, 25.31092269900006], [85.65579543900003, 25.310333756000034], [85.65479283500008, 25.310467349000078], [85.64827970500005, 25.310972530000072], [85.64722122000006, 25.313764777000074], [85.64567202400008, 25.313768916000072], [85.64391768100006, 25.31334481300007], [85.64121720900005, 25.31360482300005], [85.64148303600007, 25.314407496000058], [85.64265068300006, 25.317712853000046], [85.64349598400008, 25.319588176000025], [85.64369401600004, 25.32093724400005], [85.64369638400007, 25.321641274000058], [85.64305192100005, 25.321995066000056], [85.64227737700008, 25.322055789000046], [85.64098587200004, 25.32194189200004], [85.63995103400003, 25.32135789000006], [85.63852763400007, 25.320364115000075], [85.63768616100003, 25.319662248000043], [85.63545581700004, 25.319465019000063], [85.63248643000009, 25.319531357000074], [85.63029147800006, 25.319537075000028], [85.62767563300008, 25.319931937000035], [85.62791786000008, 25.32435912400007], [85.62790142100005, 25.328637999000023], [85.62845454200004, 25.330816640000023], [85.63142473900007, 25.33092629600003], [85.63432912600007, 25.330625345000044], [85.63671793400005, 25.330619157000058], [85.63846927400004, 25.331612068000027], [85.64109079800005, 25.33292755000008], [85.64328685900006, 25.333215119000045], [85.64561214100007, 25.333502279000072], [85.64697201300004, 25.334730798000066], [85.64743514600008, 25.33813729800005], [85.64738172300008, 25.34154511500003], [85.647385, 25.34254257500004], [85.64196027000008, 25.342263762000073], [85.64235354300007, 25.344081653000046], [85.64136003700008, 25.347108341000023], [85.64097634900008, 25.348287343000038], [85.64085311700006, 25.350106622000055], [85.64059855100004, 25.35128082800003], [85.63989243500004, 25.352573618000065], [85.63873117900005, 25.352928684000062], [85.63718140700007, 25.352932742000064], [85.63621156000005, 25.35252458900004], [85.63536756100007, 25.35111861100006], [85.63458839500004, 25.349771065000027], [85.63323039400007, 25.349129224000023], [85.63206734500005, 25.348897462000025], [85.63135704800004, 25.348899324000058], [85.63148837700004, 25.34960307700004], [85.63233659100007, 25.352358636000076], [85.63311851100008, 25.354590823000024], [85.63487488200008, 25.358634878000032], [85.63594803000007, 25.360247878000052], [85.63614548900006, 25.361420922000036], [85.63540468400004, 25.362303392000058], [85.63540466800004, 25.362303412000074], [85.63466076500004, 25.363189555000076], [85.63053324200007, 25.364960522000047], [85.62814777100004, 25.366257589000043], [85.62692258200008, 25.36684746000003], [85.62576007500007, 25.36685041800007], [85.62517892400007, 25.366851890000078], [85.62557055500008, 25.368200456000068], [85.62570755000007, 25.37072770000003], [85.62601694500006, 25.375985101000026], [85.62537217600004, 25.377923013000043], [85.62388899000007, 25.378689578000035], [85.62143524800007, 25.37887188600007], [85.61665761000006, 25.379529286000036], [85.61421027900008, 25.379752305000068], [85.61421006400008, 25.379752325000027], [85.61401024400004, 25.379770533000055], [85.61039592100008, 25.380664051000053], [85.61201238600006, 25.38455981000004], [85.61656832000006, 25.38448526700006], [85.61964710800004, 25.38879707500007], [85.62077435600008, 25.390206935000037], [85.62207505800006, 25.391458424000064], [85.62365323100005, 25.392451879000077], [85.62447625300007, 25.39346986100003], [85.62517096900007, 25.394763479000062], [85.62547807000004, 25.396057987000063], [85.62582812100004, 25.398372519000077], [85.62613484600007, 25.399549782000065], [85.62635208100005, 25.400686631000042], [85.62670145800007, 25.401155131000053], [85.62747693200004, 25.401270492000037], [85.62801798300006, 25.401052451000055], [85.62853298000005, 25.400500536000038], [85.62870422000003, 25.399637980000023], [85.62887459700005, 25.398500140000067], [85.62921233400004, 25.39685183200004], [85.62976936300004, 25.395437714000025], [85.63011637500006, 25.395161495000025], [85.63102028800006, 25.39504180800003], [85.63274888700005, 25.39484324600005], [85.63507903900006, 25.394755900000064], [85.63517459900004, 25.396678438000038], [85.63344884900005, 25.39775712100004], [85.63244018300009, 25.39934848300004], [85.63192455100005, 25.401313207000044], [85.63227899800006, 25.403392960000076], [85.63283174500003, 25.406898539000053], [85.63291882400006, 25.407724264000024], [85.63311815200007, 25.409470499000065], [85.63355442700004, 25.410687987000074], [85.63407420700008, 25.411629980000043], [85.63433514300004, 25.412410055000066], [85.63468569100007, 25.41323513800006], [85.63505932000004, 25.41352754500008], [85.63548968500004, 25.414465230000076], [85.63558350900007, 25.41584160700006], [85.63585195600007, 25.418977724000058], [85.63735758500007, 25.418874455000037], [85.63851589900008, 25.418988742000067], [85.63941663900005, 25.419338422000067], [85.63989096400007, 25.420036762000052], [85.64041093800006, 25.420969699000068], [85.64088585200005, 25.42182598000005], [85.64148836200008, 25.422176457000035], [85.64234814500008, 25.422174190000078], [85.64320216000004, 25.421901053000056], [85.64367392800006, 25.421782473000064], [85.64419107200007, 25.421857786000032], [85.64494251100007, 25.422149130000037], [85.64601597000006, 25.422146249000036], [85.64685142300004, 25.42226136000005], [85.64804851100007, 25.420543046000034], [85.64934867600005, 25.41845427900006], [85.65037880900007, 25.417359153000064], [85.65101785100006, 25.416734579000035], [85.65153722700006, 25.41747343000003], [85.65192698300007, 25.418099658000074], [85.65209783500006, 25.418681454000023], [85.65222995000005, 25.419538685000077], [85.65296351000006, 25.42043487600006], [85.65339237200004, 25.420862469000042], [85.65352414400007, 25.421642892000023], [85.65391517200004, 25.422652885000048], [85.65477217300008, 25.42327791100007], [85.65606017000005, 25.42350450200007], [85.65730766900003, 25.42350109000006], [85.65932493000008, 25.423301388000027], [85.66095498100003, 25.423260682000034], [85.66226262400005, 25.42339697500006], [85.66331194300005, 25.423570047000055], [85.66404689300003, 25.423410016000048]]]]}}, {"type": "Feature", "properties": {"OBJECTID": 194, "BLOCK_CODE": "0008", "NEAR_TOWN": "MASAURHI", "BLK_NAME": "BIKRAM", "DIST_NAME": "PATNA"}, "geometry": {"type": "MultiPolygon", "coordinates": [[[[84.90555696700005, 25.504352184000027], [84.90683608000006, 25.504021218000048], [84.90810866300006, 25.50423633500003], [84.90867852000008, 25.504973326000027], [84.90888044700006, 25.505705009000053], [84.90879377200008, 25.506449502000066], [84.91050925800005, 25.506570844000066], [84.91047573000003, 25.50614195600008], [84.91047756100005, 25.50547399800007], [84.91058501900005, 25.504404518000058], [84.91041753000007, 25.503821939000034], [84.91031415400005, 25.503429055000026], [84.91075293000006, 25.503059904000054], [84.91092306500008, 25.502694740000038], [84.91099550600006, 25.50165684700005], [84.91163342400006, 25.50120238100004], [84.91219350800003, 25.500312476000033], [84.91306552000003, 25.499486146000038], [84.91303330900007, 25.49854272700003], [84.91267734700006, 25.497792624000056], [84.91365097600004, 25.496395697000025], [84.91458232400004, 25.495910378000076], [84.91508258600004, 25.496660788000042], [84.91529778400007, 25.497961141000076], [84.91540017300008, 25.49871061400006], [84.91615493200004, 25.499136642000053], [84.91716053100004, 25.498782298000037], [84.91723206000006, 25.498064887000055], [84.91812938300006, 25.497286040000063], [84.91691546700008, 25.495653960000027], [84.91609290500008, 25.494577924000055], [84.91609884000007, 25.492429535000042], [84.91348359300008, 25.49222946900005], [84.91082938000005, 25.49173591400006], [84.90821611300004, 25.49084965000003], [84.90639187300008, 25.488796338000043], [84.90576886200006, 25.487544591000074], [84.90495002400007, 25.48520024900006], [84.90492021100005, 25.483439934000046], [84.90449054500004, 25.482432360000075], [84.90417076100005, 25.481226548000052], [84.90351908600007, 25.477821864000077], [84.90338106200005, 25.47567312900003], [84.90395670200007, 25.474338454000076], [84.90369068600006, 25.473475805000078], [84.90394042400004, 25.473052136000035], [84.90530158600006, 25.473511173000077], [84.90774279900006, 25.473548536000067], [84.90981891000007, 25.474370305000036], [84.91275591500005, 25.47492766700003], [84.91451505200007, 25.47529280200007], [84.91458802800008, 25.47408791600003], [84.91462689000008, 25.472621107000066], [84.91502682600003, 25.471841162000032], [84.91583349200005, 25.471405264000055], [84.91691268400007, 25.471339943000032], [84.91730975200005, 25.469779175000042], [84.91813885200008, 25.468413474000045], [84.91950402800006, 25.467342398000028], [84.92079450900007, 25.466365858000074], [84.92255654500008, 25.46562059100006], [84.92538618800006, 25.46536963400007], [84.92743056300003, 25.465013077000037], [84.92881420100008, 25.46447894000005], [84.92921133300007, 25.46281885600007], [84.92896234800008, 25.461094208000077], [84.92860748900006, 25.459919929000023], [84.92864920500006, 25.459202336000033], [84.93008335700006, 25.45829380300006], [84.93069571200004, 25.457970173000035], [84.93130470200003, 25.457059763000075], [84.93080397500006, 25.456535115000065], [84.92893987800005, 25.456436232000044], [84.92463815500008, 25.456945801000074], [84.92055166400007, 25.45690509900004], [84.91827481400009, 25.456850305000046], [84.91626578400007, 25.457075965000058], [84.91479937100007, 25.457004922000067], [84.91394000400004, 25.456745655000077], [84.91397707800007, 25.455897265000033], [84.91272134500008, 25.455176657000038], [84.91150199200007, 25.45566134200004], [84.91085648300003, 25.45537097700003], [84.91067338600004, 25.455090745000064], [84.91122037100007, 25.455042304000074], [84.91290208900006, 25.45452714000004], [84.91394725200007, 25.45410533200004], [84.91434147600006, 25.45358718400007], [84.91322901100006, 25.45319190400005], [84.91269265000005, 25.452996625000026], [84.91280304000009, 25.45260423800005], [84.91355434300004, 25.45238024300005], [84.91466762200008, 25.452477587000033], [84.91602983900003, 25.452480655000045], [84.91728359900003, 25.452126989000078], [84.91796612100006, 25.45157335500005], [84.91793286500007, 25.45102261100004], [84.91775840600008, 25.449361327000076], [84.91710440900005, 25.44676911700003], [84.91703153100008, 25.446150560000035], [84.91904134900005, 25.44557289200003], [84.92076192100006, 25.445378163000044], [84.92201925000006, 25.445511864000025], [84.92251438600005, 25.446230567000043], [84.92348392000008, 25.44616508100006], [84.92470377700005, 25.445454659000063], [84.92624507800008, 25.44535875500003], [84.92793008400008, 25.445425690000036], [84.92875630000003, 25.445039278000024], [84.92935054800006, 25.444016066000074], [84.92978789800009, 25.442161937000037], [84.92975097000004, 25.44108317200005], [84.92932546300005, 25.44033750400007], [84.92720945900004, 25.43974610400005], [84.92434247400007, 25.43928395900008], [84.92255519600008, 25.438462978000075], [84.92078260400007, 25.437759478000032], [84.91945689100004, 25.43720128600006], [84.91858167800007, 25.43732573500006], [84.91777357000007, 25.43657918300005], [84.91702602900006, 25.43547164900008], [84.91692083400005, 25.433941317000063], [84.91596064800007, 25.432440662000033], [84.91588991400005, 25.43107297100005], [84.91533611900007, 25.430015553000032], [84.91469099900007, 25.429621405000034], [84.91251785200006, 25.430022601000076], [84.91214830700005, 25.428866325000058], [84.91152014500005, 25.427740984000025], [84.91125938900007, 25.426779070000066], [84.91069040400004, 25.425865961000056], [84.91040695500004, 25.424141150000025], [84.91071564300006, 25.422173994000048], [84.91071930200008, 25.420838013000036], [84.91036653600008, 25.41904540300004], [84.90979955200004, 25.41738306600007], [84.90953578400007, 25.41573958400005], [84.90949537700004, 25.414227442000026], [84.90983072500006, 25.41336167000003], [84.91047467800007, 25.41235213300007], [84.91094468100005, 25.411315040000034], [84.91159233800005, 25.41072982700007], [84.91259850500006, 25.409919695000042], [84.91507552400003, 25.409144539000067], [84.91654320400005, 25.40852953600006], [84.91723500300003, 25.408151945000043], [84.91766235100005, 25.406347492000066], [84.91748884700007, 25.404361238000035], [84.91842264400003, 25.40270233900003], [84.91856939200005, 25.40172777400005], [84.91810412700005, 25.401076800000055], [84.91642118200008, 25.400454581000076], [84.91632233000007, 25.398468439000055], [84.91568613800007, 25.39853465400006], [84.91430975200007, 25.398490885000058], [84.91305760300008, 25.398474479000072], [84.91122849400006, 25.39864633800005], [84.91122256600005, 25.400781211000037], [84.91125188800004, 25.402735663000044], [84.91108419800008, 25.40406672200004], [84.90966520300003, 25.405024833000027], [84.90862048600007, 25.40543759700006], [84.90803178400006, 25.40626672600007], [84.90704813600007, 25.40792538200003], [84.90634226000003, 25.40798694700004], [84.90526898900004, 25.40792576900003], [84.90440460300005, 25.40781994400004], [84.90331249000008, 25.40740212600008], [84.90253230900004, 25.407413808000058], [84.90150264800008, 25.40773635000005], [84.90119859600009, 25.40806514700006], [84.90057755200007, 25.408009443000026], [84.89999124600007, 25.407976490000067], [84.89948649500008, 25.407235082000057], [84.89898174900009, 25.406493671000078], [84.89813829600007, 25.406031218000066], [84.89613253300007, 25.405376524000076], [84.89455249000008, 25.405282371000055], [84.89286003700005, 25.404480412000055], [84.89174206300004, 25.40421270400003], [84.89086063200006, 25.40386844300008], [84.88923163300007, 25.403157153000052], [84.88830181500003, 25.40334891400005], [84.88742129000008, 25.40364465300007], [84.88624335900005, 25.403727450000076], [84.88593461100004, 25.403920807000077], [84.88560441900006, 25.404678251000064], [84.88502539500007, 25.40553884700006], [84.88455121500004, 25.406219231000023], [84.88456425800007, 25.406842182000048], [84.88493566600005, 25.40729894900005], [84.88501932300005, 25.407569915000067], [84.88469060900007, 25.407790328000033], [84.88368156400009, 25.407859957000028], [84.88283100200005, 25.408142199000054], [84.88197359200007, 25.409002152000028], [84.88118282900007, 25.40921232900007], [84.87953026200006, 25.410088268000038], [84.87773897000005, 25.410796895000033], [84.87706089100004, 25.40989694900003], [84.87637529600005, 25.409850085000073], [84.87570199500004, 25.408995291000053], [84.87495623700005, 25.40749491500003], [84.87395251300006, 25.40586303400005], [84.87357380400005, 25.404580235000026], [84.87240573700007, 25.403083263000042], [84.87135894600004, 25.400923102000036], [84.87118160300008, 25.400403572000073], [84.87082742500007, 25.399247262000074], [84.87065119700009, 25.398402799000053], [84.86906994200007, 25.398737203000053], [84.86862958100005, 25.398144796000054], [84.86772683400005, 25.397614330000067], [84.86652117500006, 25.397047043000043], [84.86452130600009, 25.396197726000025], [84.86213402100003, 25.395306842000025], [84.86075377600008, 25.394978252000044], [84.85943336800005, 25.394545922000077], [84.85919098600004, 25.394202284000073], [84.85786860400003, 25.394406349000064], [84.85742569200005, 25.394599249000066], [84.85639111500006, 25.394912438000063], [84.85513740300007, 25.39538747100005], [84.85374979700003, 25.395767410000076], [84.85208522900007, 25.395776498000032], [84.85001876100006, 25.395563216000028], [84.84966554000005, 25.395702177000032], [84.84813392000007, 25.396054522000043], [84.84514955200007, 25.39693102800004], [84.84335391700006, 25.397463138000035], [84.84327579400008, 25.398532627000066], [84.84343433500004, 25.400162460000047], [84.84355950100007, 25.401363366000055], [84.84313361300008, 25.402427414000044], [84.84235718500008, 25.40278631600006], [84.84041405500005, 25.402812538000035], [84.83919105400008, 25.402998696000054], [84.83933780500007, 25.403667017000032], [84.83923602000004, 25.404393467000034], [84.83822621500008, 25.404670486000043], [84.83581116200008, 25.404677208000066], [84.83591394600006, 25.403670961000046], [84.83562311300005, 25.402975083000058], [84.83420674600006, 25.403002666000077], [84.83395666600006, 25.403489420000028], [84.83408389200008, 25.40406304100003], [84.83337837200008, 25.404029410000078], [84.83266689500005, 25.40426210000004], [84.83175722800007, 25.404345239000065], [84.83113997000004, 25.404645896000034], [84.83046975600007, 25.40446795200006], [84.82941161200006, 25.404370141000072], [84.82897579100006, 25.40393109200005], [84.82843063600006, 25.403509813000028], [84.82790160100006, 25.402749968000023], [84.82749287500008, 25.401674653000043], [84.82725664700007, 25.40099243900005], [84.82686403900004, 25.401004844000056], [84.82605839300004, 25.401205626000035], [84.82469175600005, 25.401215183000033], [84.82265449800008, 25.401177716000063], [84.82183893200005, 25.401346829000033], [84.82161658000007, 25.40100767000007], [84.82113759300006, 25.400135186000057], [84.82100574700007, 25.39948038400007], [84.82028597900006, 25.39926157600007], [84.81897902600008, 25.39929390900005], [84.81654909200006, 25.39926865600006], [84.81492370500007, 25.399403763000066], [84.81360709700004, 25.399341221000043], [84.81357375900006, 25.398948389000054], [84.81342230400008, 25.39822134700006], [84.81305047600006, 25.39798553600008], [84.81224485500007, 25.398154659000056], [84.81180953400008, 25.397629720000054], [84.81160791900004, 25.397024317000046], [84.81142276100007, 25.396012748000032], [84.81106910200003, 25.394860813000037], [84.80981713100005, 25.394825428000047], [84.80843513800005, 25.394974744000024], [84.80653563400006, 25.395357236000052], [84.80484919400004, 25.395884683000077], [84.80400853400005, 25.396116825000036], [84.80339236700007, 25.396115009000027], [84.80272608800004, 25.396239339000033], [84.80227831500008, 25.396391433000076], [84.80197212200005, 25.395894055000042], [84.80177068500006, 25.395256956000026], [84.80142922400006, 25.39488130600006], [84.80084784100006, 25.394893137000054], [84.80038539500003, 25.394972929000062], [84.80031386200005, 25.395514327000058], [84.80039631200003, 25.396060719000047], [84.80003717300008, 25.39641615900007], [84.79926645600005, 25.396553744000073], [84.79693041400003, 25.39672704800006], [84.79419139700008, 25.396984881000037], [84.79338602600006, 25.397090724000066], [84.79223263600005, 25.397254193000038], [84.79165321900007, 25.398033214000066], [84.79172559300008, 25.39993804900007], [84.79235611900003, 25.40009804600004], [84.79228159700006, 25.40138867400003], [84.79387128300004, 25.401533479000022], [84.79404224000007, 25.40231030500007], [84.79394316000008, 25.403564764000066], [84.79404305600008, 25.404761132000033], [84.79410460800005, 25.405551193000065], [84.79415065500007, 25.406544328000052], [84.79344979900003, 25.406591777000074], [84.79288286500008, 25.406698349000067], [84.79291526500003, 25.40731673600004], [84.79303274100005, 25.407786533000035], [84.79325389400003, 25.40846879700007], [84.79323254600007, 25.408856873000047], [84.79306236800005, 25.409185824000076], [84.79189906100004, 25.409290471000077], [84.79028900200007, 25.40926746100007], [84.78931504800005, 25.409232804000055], [84.78711829400004, 25.40929804900003], [84.78569714900004, 25.409261978000075], [84.78451379400008, 25.409416271000055], [84.78338420100005, 25.40978272600006], [84.78181566600006, 25.41061274200007], [84.78104295600008, 25.411215063000043], [84.77971040800008, 25.41139592600007], [84.77828603100005, 25.41219926800005], [84.77758347800005, 25.412666342000023], [84.77493675200003, 25.41336640700007], [84.77246961300006, 25.41391816400005], [84.77166834800005, 25.414213372000063], [84.76956796900004, 25.414991844000042], [84.76676231400006, 25.415682288000028], [84.76561256100007, 25.41609821800006], [84.76306546600006, 25.416735249000055], [84.76346650000005, 25.417124710000053], [84.76531923400006, 25.41862932300006], [84.76646585600008, 25.420226339000067], [84.76672332700008, 25.421712083000045], [84.76692941400006, 25.423644554000077], [84.76748981500003, 25.425212518000023], [84.76812111200007, 25.426424225000062], [84.76909915200008, 25.427970963000064], [84.77044398600003, 25.42976720400003], [84.77176883900006, 25.431608526000048], [84.77263255800005, 25.433154889000036], [84.77313434500007, 25.43448354800006], [84.77365459100008, 25.43617326100008], [84.77330335700003, 25.436998024000047], [84.77271930000006, 25.437641539000026], [84.77226851700004, 25.438511169000037], [84.77399504700008, 25.440620051000053], [84.77548797100008, 25.44273720900003], [84.77725274500006, 25.445274919000042], [84.77826034800006, 25.446930078000037], [84.77889212800005, 25.448105620000035], [84.77892292100006, 25.44913023500004], [84.77853578700007, 25.45026183400006], [84.77779474800008, 25.451604434000046], [84.77741605500006, 25.45310623100005], [84.77698920500006, 25.454201659000034], [84.77674232300006, 25.455053871000075], [84.77636537500007, 25.456095271000038], [84.77552264100007, 25.458024255000055], [84.77478097100004, 25.459520358000077], [84.77419441900008, 25.460746107000034], [84.77339274800005, 25.462336684000036], [84.77201307300004, 25.464223315000027], [84.77011780300006, 25.46698382900007], [84.76898848600007, 25.46841096000003], [84.76813850600007, 25.469604165000078], [84.76652513600004, 25.471462923000047], [84.76595350300005, 25.472670583000024], [84.76531367600006, 25.47598133200006], [84.76320285200006, 25.480329806000043], [84.76181972700005, 25.483001621000028], [84.76041419400008, 25.485032465000074], [84.75914861800004, 25.486869769000066], [84.75803431000008, 25.488192924000032], [84.75663046300008, 25.489781488000062], [84.75598764300008, 25.49132737900004], [84.75605962400005, 25.49197758400004], [84.75620441900008, 25.493052178000028], [84.75645320200005, 25.49423555800007], [84.75817832800004, 25.494358740000052], [84.76001863000005, 25.494297150000023], [84.76122169100006, 25.494405002000065], [84.76253449100005, 25.49444096600007], [84.76365906700005, 25.49427772000007], [84.76430149300006, 25.494040591000044], [84.76497278800008, 25.49407440300007], [84.76561234600007, 25.494554962000052], [84.76692518900006, 25.494559304000063], [84.76801604900004, 25.49412062600004], [84.76902787400007, 25.49354624500006], [84.76977942200006, 25.493408781000028], [84.77109813500005, 25.493173857000045], [84.77199583500004, 25.49379056600003], [84.77255474300006, 25.49457772900007], [84.77273782800006, 25.49536014800003], [84.77292151300009, 25.49614512900007], [84.77303214000005, 25.497102341000073], [84.77377872800008, 25.498192483000025], [84.77437827800009, 25.498776634000023], [84.77538611900007, 25.49922225000006], [84.77608199000008, 25.499190670000075], [84.77677887700008, 25.499159040000052], [84.77764198400007, 25.49844415000007], [84.77817125300004, 25.497899758000074], [84.77858667300006, 25.497219546000053], [84.77847569400006, 25.496370730000024], [84.77825584600004, 25.49534542600003], [84.77799546500006, 25.494527637000033], [84.77799771000008, 25.493949927000074], [84.77863665700005, 25.493338248000043], [84.77957764700005, 25.49306589400004], [84.78132407200007, 25.492814210000063], [84.78316263300007, 25.493194678000066], [84.78450552800007, 25.494462716000044], [84.78503029100006, 25.495078232000026], [84.78596992200005, 25.495148893000078], [84.78683105500005, 25.494944060000023], [84.78814366100005, 25.495020332000024], [84.78964777900006, 25.494442871000047], [84.79096317800008, 25.49376550900007], [84.79256036100008, 25.493549339000026], [84.79387486600007, 25.493111122000073], [84.79451423000006, 25.492363906000037], [84.79519506200006, 25.491169902000024], [84.79583607400008, 25.489980348000074], [84.79689365200005, 25.489099013000043], [84.79768230200006, 25.488316135000048], [84.79929815600008, 25.487061890000064], [84.80042946800006, 25.48638378100003], [84.80255613800006, 25.48415620000003], [84.80334673900006, 25.484158527000034], [84.80488761600003, 25.482971735000035], [84.80586523100004, 25.48215772700007], [84.80740937500008, 25.481444768000074], [84.80834310700004, 25.481754527000078], [84.80883326100007, 25.482338259000073], [84.80991178400006, 25.48383989000007], [84.81055162200005, 25.484284165000076], [84.81031837200004, 25.48554273700006], [84.81054439500008, 25.48629708800007], [84.81155071300003, 25.487148615000024], [84.81234304800006, 25.486708744000055], [84.81318880600008, 25.486593837000044], [84.81412114900007, 25.48730979100003], [84.81453061200006, 25.48819565200006], [84.81486573000007, 25.48904965500003], [84.81512633600005, 25.489867385000025], [84.81572574500007, 25.49051907000006], [84.81605851400008, 25.49201847200004], [84.81665574300007, 25.493279545000064], [84.81713893900007, 25.494440927000028], [84.81749429700005, 25.495209208000063], [84.81760063300004, 25.49606256900006], [84.81842881300008, 25.495315745000028], [84.81929673900004, 25.494600740000067], [84.82012455300008, 25.49395769700004], [84.82080307400008, 25.493345899000076], [84.82076527800007, 25.492763532000026], [84.82080995000007, 25.49140057900007], [84.82084778600006, 25.490547712000023], [84.82167843200006, 25.489087776000076], [84.82269686100005, 25.48796685700006], [84.82379048200005, 25.486674709000056], [84.82524220200008, 25.485333938000053], [84.82629409900005, 25.48458775100005], [84.82787332700008, 25.483739326000034], [84.82926215900005, 25.483332559000075], [84.83110352800009, 25.48289548300005], [84.83241607300005, 25.482966959000066], [84.83357936800007, 25.48303800900004], [84.83451237700007, 25.48358668900005], [84.83525993700005, 25.48454567300007], [84.83568720500006, 25.48609956200005], [84.83627963200007, 25.48882726900007], [84.83604741800008, 25.489846706000037], [84.83627182800006, 25.491106528000046], [84.83660042900004, 25.492470566000065], [84.83668996600005, 25.49391958800004], [84.83691112000008, 25.49466944900007], [84.83754562400009, 25.495285059000025], [84.83867023300007, 25.496547477000036], [84.83952817500005, 25.49726753400006], [84.83986320700006, 25.498189169000057], [84.84023974100006, 25.49859641300003], [84.84117412900008, 25.498770592000028], [84.84192565100005, 25.49860119400006], [84.84245308800007, 25.498534920000054], [84.84331621200005, 25.49918729700005], [84.84410071200006, 25.499564027000076], [84.84531926100004, 25.49954937800004], [84.84633503400005, 25.49917759300007], [84.84688239800005, 25.49879278900005], [84.84701300700004, 25.498700969000026], [84.84765012700007, 25.49853576000004], [84.84795081800007, 25.497855068000035], [84.84847966200005, 25.49734193300003], [84.84908273500008, 25.496937439000078], [84.84927359900007, 25.496360179000078], [84.84927632100005, 25.495538786000054], [84.84935270400007, 25.49499282100004], [84.84965234200007, 25.49461907600005], [84.85036461300007, 25.494282530000078], [84.85108188100008, 25.493941404000054], [84.85145773300007, 25.49305779100007], [84.85160940000003, 25.492309], [84.85174, 25.491916685000035], [84.85215529800007, 25.49113699700007], [84.85268465700005, 25.490456877000042], [84.85354942500004, 25.490626252000027], [84.85418491200005, 25.490934845000027], [84.85455657100005, 25.491346629000077], [84.85455510700007, 25.49178886900006], [84.85459369300008, 25.49216364700004], [84.85530377200007, 25.49247248100005], [84.85597548400006, 25.493905033000033], [84.85683571800007, 25.495473493000077], [84.85780608100004, 25.496807551000074], [84.85810028600008, 25.49810374300006], [84.85840138000003, 25.498817647000067], [84.85965029900007, 25.49940698200004], [84.86142720500004, 25.499908391000076], [84.86231737100007, 25.50023536300006], [84.86374785900006, 25.50028529000008], [84.86560746500004, 25.50043894600003], [84.86833143200005, 25.500870400000053], [84.86975112900006, 25.50172710000004], [84.87022125300007, 25.500902366000048], [84.87129568600005, 25.500846454000055], [84.87227047400006, 25.500849006000067], [84.87274177200004, 25.501215811000066], [84.87378628800008, 25.50118688200007], [84.87576622200004, 25.501011428000027], [84.87657865100005, 25.50043127200007], [84.87802062300005, 25.500111571000048], [84.88021419200004, 25.499546473000066], [84.88220307900008, 25.49922351600003], [84.88513496000007, 25.49878766300003], [84.88702526500003, 25.498752522000075], [84.88976790300006, 25.498762726000052], [84.89047445700004, 25.498615502000064], [84.89148452200004, 25.49846902400003], [84.89227994700008, 25.49855215300005], [84.89304078900005, 25.498572092000074], [84.89350793100004, 25.49871768500003], [84.89386979900007, 25.49909764000006], [84.89462957000006, 25.499492211000074], [84.89458919000003, 25.499704269000063], [84.89525968900006, 25.500003766000077], [84.89585768600006, 25.500460753000027], [84.89636835900006, 25.501816313000063], [84.89667137200007, 25.50193889700006], [84.89724189100008, 25.502427736000072], [84.89740427000004, 25.503037470000038], [84.89713372500006, 25.50370930100007], [84.89693230300009, 25.504561833000025], [84.89685894000007, 25.505843494000032], [84.89702537000005, 25.50676011300004], [84.89742814500005, 25.50679271100006], [84.89821941800005, 25.50662307400006], [84.89872701800005, 25.50653403000007], [84.90010543500006, 25.506261961000064], [84.90181850000005, 25.505534905000047], [84.90417778800008, 25.50486798600008], [84.90555696700005, 25.504352184000027]]]]}}, {"type": "Feature", "properties": {"OBJECTID": 195, "BLOCK_CODE": "0016", "NEAR_TOWN": "FATWAH", "BLK_NAME": "KHUSRUPUR", "DIST_NAME": "PATNA"}, "geometry": {"type": "MultiPolygon", "coordinates": [[[[85.34389865600008, 25.50850510400005], [85.34497307100008, 25.508058461000076], [85.34581856400007, 25.507860067000024], [85.34701226500005, 25.507657223000024], [85.34805676300005, 25.507752194000034], [85.34907129500004, 25.50782461400007], [85.35021528500005, 25.50784283200005], [85.35137405300009, 25.507874623000077], [85.35235886600003, 25.507942521000075], [85.35371666900005, 25.50793363100007], [85.35431911400008, 25.507866523000075], [85.35460700400006, 25.507834487000025], [85.35545250800004, 25.507726293000076], [85.35658653600007, 25.50745111300006], [85.35795923800003, 25.50718048600004], [85.35957071500007, 25.506914400000028], [85.36060526200004, 25.506675228000063], [85.36161990400007, 25.506508387000054], [85.36264945600004, 25.506273702000044], [85.36369886700004, 25.506219661000046], [85.36486262500006, 25.506003070000077], [85.36566344100004, 25.505899312000054], [85.36691181500004, 25.50572343400006], [85.36805573200007, 25.505624191000038], [85.36923942800007, 25.505524945000047], [85.37102488800008, 25.505574600000045], [85.37216877200007, 25.505624340000054], [85.37893253400006, 25.500440191000052], [85.37908144100004, 25.500214456000037], [85.38040365100005, 25.49958131300008], [85.38221787900005, 25.498600279000073], [85.38312240300007, 25.498071392000043], [85.38348537600007, 25.49807105000008], [85.38375918600008, 25.498310030000027], [85.38440105800004, 25.49854416000005], [85.38498301400006, 25.49865198300006], [85.38559457800005, 25.498516006000045], [85.38679795200005, 25.498411059000034], [85.38826448100008, 25.49789514200006], [85.39163032000005, 25.497034360000043], [85.39229160700006, 25.496929968000074], [85.39194623200007, 25.49501205400003], [85.39210249100006, 25.492633254000054], [85.39260347600003, 25.491522454000062], [85.39389519500008, 25.490446977000033], [85.39450640700005, 25.490089846000046], [85.39581844100007, 25.489402486000074], [85.39776162600003, 25.488475253000047], [85.39964042400004, 25.48774668200008], [85.40239959700006, 25.487175136000076], [85.40319979000003, 25.486858359000053], [85.40292876700005, 25.484823109000047], [85.40297157300006, 25.483315524000034], [85.40348626300005, 25.481396768000025], [85.40332452600006, 25.47932077400003], [85.40305408000006, 25.477867656000058], [85.40341670000004, 25.477524299000038], [85.40522505200005, 25.47631725100007], [85.40685952900003, 25.475205207000045], [85.40759921300008, 25.474373925000066], [85.40794635900005, 25.473619778000057], [85.40793936500006, 25.47208527300006], [85.40795215000009, 25.470473909000077], [85.40805907600009, 25.468596133000062], [85.40782363200003, 25.467246879000072], [85.40739311900006, 25.465013170000077], [85.40686930400005, 25.463691278000056], [85.40641997100005, 25.462915188000068], [85.40611193400008, 25.462383140000043], [85.40553420900005, 25.46165707600005], [85.40436962600006, 25.460669904000042], [85.40260297500004, 25.459349290000034], [85.40160789900006, 25.458754529000032], [85.40132375500008, 25.458154535000062], [85.40124766600007, 25.45695398500004], [85.40117157800006, 25.45575343400003], [85.40103910700003, 25.45315832500006], [85.40047335800006, 25.44998139200004], [85.40039138500003, 25.448036130000048], [85.40025830900004, 25.44499866900003], [85.40029499000008, 25.442538753000065], [85.40029330500005, 25.441175715000043], [85.40055121800003, 25.44073312200004], [85.40085424000006, 25.440525198000046], [85.40107762500008, 25.44028578500007], [85.40111699600004, 25.439978822000057], [85.40104191300009, 25.439536495000027], [85.40054927500006, 25.439126299000066], [85.40041919200007, 25.438472027000046], [85.39996412800008, 25.436324040000045], [85.39902038600007, 25.43284506300006], [85.39781840000006, 25.433563940000056], [85.39718153500007, 25.433054493000043], [85.39680221800006, 25.431754968000064], [85.39605018100008, 25.43049650100005], [85.39544863700007, 25.430429380000078], [85.39492213000005, 25.43073680300006], [85.39455003400008, 25.431247187000054], [85.39398339500008, 25.431283841000038], [85.39338645000004, 25.430873750000046], [85.39313798700005, 25.43087397200003], [85.39289435400008, 25.430874192000033], [85.39233365300004, 25.431623960000024], [85.39132024000008, 25.43210339700005], [85.39052984400007, 25.432036465000067], [85.38958965200004, 25.431387406000056], [85.38898702900008, 25.43039946700003], [85.38823531800006, 25.429307933000075], [85.38751937000006, 25.42913708900005], [85.38695841800006, 25.429751458000055], [85.38620838600008, 25.430230555000037], [85.38500587700008, 25.43050698600007], [85.38447876400005, 25.430268325000043], [85.38403071300007, 25.429686418000074], [85.38384058300005, 25.428495054000052], [85.38338756300004, 25.427881635000062], [85.38290044900003, 25.427882056000044], [85.38178237700004, 25.42807264100003], [85.38030545400005, 25.427387903000067], [85.37989742300005, 25.426973049000026], [85.37789594700007, 25.428450696000027], [85.37494518800008, 25.430014910000068], [85.37407581800005, 25.43043084800007], [85.37319050200006, 25.429917113000045], [85.37257266900008, 25.428419124000072], [85.37087056100006, 25.426172785000063], [85.36978037000006, 25.424435928000037], [85.36928683300005, 25.422973960000036], [85.36888807300005, 25.421805275000054], [85.36798300400005, 25.421309509000025], [85.36719726500007, 25.42082719900003], [85.36691356600005, 25.420398615000067], [85.36675846500003, 25.41932004000006], [85.36592737700005, 25.41820130600007], [85.36580261100005, 25.417565056000058], [85.36563217100007, 25.41608922100005], [85.36592317700007, 25.413818700000036], [85.36559847100006, 25.412081198000067], [85.36505099500005, 25.411260171000038], [85.36408605800005, 25.410299589000033], [85.36334959500005, 25.409338743000035], [85.36304572100005, 25.40854907100004], [85.36278199400004, 25.408170167000037], [85.36240437100008, 25.408238211000025], [85.36175875700008, 25.408703546000027], [85.36138127700008, 25.40892502500003], [85.36070045300005, 25.408925536000027], [85.36027237300004, 25.408172113000035], [85.36087477000007, 25.403978512000037], [85.35992857600007, 25.401708943000074], [85.35801539400006, 25.401678726000057], [85.35362294700008, 25.40214230400005], [85.34954383600007, 25.402916934000075], [85.348123, 25.403450495000072], [85.34816326000004, 25.403969482000036], [85.34874109000003, 25.405648185000075], [85.34953299900008, 25.40781408600003], [85.34949911500007, 25.408897358000047], [85.34875887600003, 25.409254458000078], [85.34766566800005, 25.40937708100006], [85.34601140000007, 25.410046136000062], [85.34436662000007, 25.41030444200004], [85.34209539400007, 25.410134397000036], [85.34005270800003, 25.409878439000067], [85.33911792600009, 25.409156777000078], [85.33924332100008, 25.410795179000047], [85.33939342200006, 25.41209499300004], [85.34119230000005, 25.411922338000068], [85.34284719200008, 25.411970969000038], [85.34368751400007, 25.412462386000072], [85.34390732400004, 25.413893065000025], [85.34458490100008, 25.41603206600007], [85.34458587300009, 25.417336461000048], [85.34430312400008, 25.417954993000023], [85.34460727000004, 25.41927270000008], [85.34481776900003, 25.421479736000038], [85.34473557600006, 25.424336864000054], [85.34435838100006, 25.42502311900006], [85.34339447800005, 25.42552024400004], [85.34125778400005, 25.42620760500006], [85.33899174400005, 25.42674162000003], [85.33740150000006, 25.426968215000045], [85.33706466400008, 25.428530133000038], [85.33618608900008, 25.430169079000052], [85.33629230000008, 25.432723690000046], [85.33667220400008, 25.435770088000027], [85.33646609800007, 25.43934945500007], [85.33686565900007, 25.442093448000037], [85.33648896600005, 25.443542425000032], [85.33762268700008, 25.444074433000026], [85.33858705300008, 25.44402420600005], [85.33871745600004, 25.445626393000055], [85.33636606900006, 25.44552393600003], [85.33456176900006, 25.44575067200003], [85.33271917100006, 25.448189085000024], [85.33144271700007, 25.449751400000025], [85.33152885900006, 25.452152591000072], [85.33136062100004, 25.453294597000024], [85.33140069900008, 25.453791014000046], [85.33253491100004, 25.454819546000067], [85.33366825900004, 25.454706075000047], [85.33496570300008, 25.454475052000078], [85.33568186900004, 25.454853813000057], [85.33601427400004, 25.453941928000063], [85.33756511800004, 25.453674721000027], [85.33961845400006, 25.453863038000065], [85.34071235500005, 25.45409256000005], [85.34133997200007, 25.45568995900004], [85.34257850900008, 25.45660541500007], [85.34337407500004, 25.456681625000044], [85.34325129900003, 25.458622510000055], [85.34363064500008, 25.460603751000065], [85.34392582500004, 25.462964112000066], [85.34377736500005, 25.463880450000033], [85.34340583500006, 25.465595781000047], [85.34319324800003, 25.467157632000067], [85.34239764100005, 25.467040713000074], [85.34134803800004, 25.46624253400006], [85.34059190200009, 25.465710357000034], [85.33937882600009, 25.465823948000036], [85.33786720900008, 25.465675927000063], [85.33686261900004, 25.465216197000075], [85.33614748300005, 25.466363014000024], [85.33548177300008, 25.467090093000024], [85.33409949100007, 25.466973506000045], [85.33221026000007, 25.467204779000042], [85.33103652100004, 25.466632203000074], [85.33082682100007, 25.46526023900003], [85.33048788700006, 25.46404172800004], [85.33005121800005, 25.46526966500005], [85.32929632900004, 25.466642165000053], [85.32867033900004, 25.46721570300008], [85.32740768600007, 25.46755939800005], [85.32640383400008, 25.46839493300007], [85.32540034900006, 25.469731461000038], [85.32476959600007, 25.470909859000074], [85.32422347500005, 25.47216934100004], [85.32340871000008, 25.473271065000063], [85.32443900400006, 25.474832223000078], [85.32489713500007, 25.476014505000023], [85.32511176000008, 25.477233048000073], [85.32523680100007, 25.478451625000048], [85.32523738600008, 25.479444598000043], [85.32582445300005, 25.47990013100008], [85.32632695900008, 25.480279084000074], [85.32643205900007, 25.48142540300006], [85.32786100200008, 25.484164401000044], [85.32878305200006, 25.487440680000077], [85.32876430700009, 25.489079083000036], [85.32817880700009, 25.491137567000067], [85.33100877100009, 25.49163706400003], [85.33268906200004, 25.490832699000066], [85.33331647600005, 25.49201484200006], [85.33369504600006, 25.492930903000058], [85.33357125500004, 25.493653144000064], [85.33365609100008, 25.494185678000065], [85.33302526400007, 25.495215081000026], [85.33311086100008, 25.496736062000025], [85.33352946100007, 25.497954479000043], [85.33248537100008, 25.49833876100007], [85.33109826400005, 25.49894885200007], [85.32942255400008, 25.499369454000032], [85.32862647800005, 25.498873407000076], [85.32828817400008, 25.498684069000035], [85.32894029200008, 25.508688453000048], [85.32896267200005, 25.508672674000024], [85.32960432800007, 25.50862319500004], [85.33003208300005, 25.508533079000074], [85.33170324800005, 25.508411761000048], [85.33277756500007, 25.508416569000076], [85.33490129300003, 25.50843972800004], [85.33552062500007, 25.50850534600005], [85.33613971500006, 25.50857093700006], [85.33792030600006, 25.508566896000048], [85.33958636800008, 25.508738811000057], [85.34077017900006, 25.508716588000027], [85.34180461700004, 25.50875291400007], [85.34297838900005, 25.508694458000036], [85.34321080400008, 25.508646636000037], [85.34389865600008, 25.50850510400005]]]]}}, {"type": "Feature", "properties": {"OBJECTID": 196, "BLOCK_CODE": "0018", "NEAR_TOWN": "BARH", "BLK_NAME": "ATHMALGOLA", "DIST_NAME": "PATNA"}, "geometry": {"type": "MultiPolygon", "coordinates": [[[[85.61373701100007, 25.485449672000072], [85.61470663000006, 25.48541569200006], [85.61603942300007, 25.485443995000026], [85.61675545100007, 25.485442207000062], [85.61729654900006, 25.485147502000075], [85.61811982900008, 25.484427740000058], [85.61861954100004, 25.483609625000042], [85.61912530500007, 25.483120838000048], [85.61944747000007, 25.482790581000074], [85.61977003700008, 25.482564109000066], [85.62002313900007, 25.482400943000073], [85.62027110400004, 25.482201764000024], [85.62027034600004, 25.48193993800004], [85.62026972700005, 25.481745896000064], [85.62009051200005, 25.481678612000053], [85.61937059600007, 25.48204151500005], [85.61883448800006, 25.482336232000023], [85.61822339800005, 25.48253188600006], [85.61682126900007, 25.482571508000035], [85.61495012000006, 25.482084214000054], [85.61138700300006, 25.481145171000037], [85.60659788600003, 25.47929735100007], [85.60092705900007, 25.476810515000068], [85.59790009100004, 25.475513328000034], [85.59653102700008, 25.47492987100003], [85.59570394700006, 25.47434509200008], [85.59559416400003, 25.474178290000054], [85.59561338700007, 25.47396612500006], [85.59593633100008, 25.473866056000077], [85.59805320100008, 25.47340524200007], [85.60143219500009, 25.472711125000046], [85.60513478000007, 25.472115492000057], [85.60948691500005, 25.470962995000036], [85.61079764000004, 25.470323361000055], [85.61180516300004, 25.469734104000054], [85.61266445900003, 25.469438677000028], [85.61385224600008, 25.46923709400005], [85.61478660800003, 25.469135490000042], [85.61593512900004, 25.46913260200006], [85.61737704700005, 25.469129029000044], [85.61823693700006, 25.469032127000048], [85.61945872200005, 25.468604809000055], [85.62046657300004, 25.468141850000052], [85.62145517200008, 25.467859556000064], [85.62221034800007, 25.46766354500005], [85.62260222600008, 25.467369157000064], [85.62260067300008, 25.466877186000033], [85.62212936400005, 25.46560561800004], [85.62133650100003, 25.46482676900007], [85.62101143700005, 25.464236361000076], [85.62108262500004, 25.463125842000068], [85.62305683800008, 25.463251768000077], [85.62442395200009, 25.46321666800003], [85.62557731900006, 25.463182122000035], [85.62672509100008, 25.462949007000077], [85.63078334300008, 25.461796693000053], [85.63401659400006, 25.460741105000068], [85.63572556500003, 25.460330404000047], [85.63683881900005, 25.460196650000057], [85.63689783600006, 25.45844522300007], [85.63693415700004, 25.455836370000043], [85.63705426400008, 25.45298803000003], [85.63700593700008, 25.451855308000063], [85.63779849900004, 25.45097764700006], [85.63826789300003, 25.450078202000043], [85.63826676500008, 25.44973063200007], [85.64103068600008, 25.449705297000037], [85.64159332400004, 25.449979116000065], [85.64210739400005, 25.450600561000044], [85.64262482700008, 25.45071658300003], [85.64356922500008, 25.450673382000048], [85.64438308500007, 25.450242458000048], [85.64480980800005, 25.45000660900007], [85.64575305600005, 25.449615917000074], [85.64691109900008, 25.449536090000038], [85.64751170300008, 25.44925908600004], [85.64841402700006, 25.448516452000035], [85.64957041500008, 25.447926575000054], [85.65093984400005, 25.447146554000028], [85.65218076900004, 25.446596959000033], [85.65368704600007, 25.446592904000056], [85.65561603700007, 25.446664333000058], [85.65691371200006, 25.44673288100006], [85.65792160200004, 25.446360018000064], [85.65873412900004, 25.445540830000027], [85.65894330300006, 25.444177189000072], [85.65867944000007, 25.442616287000078], [85.65837609800008, 25.441096062000042], [85.65832790700006, 25.440085186000033], [85.65596820000007, 25.440520529000025], [85.65515394700003, 25.44079357000004], [85.65464094500004, 25.44048354100005], [85.65377878200007, 25.439822414000048], [85.65317580600004, 25.439395276000027], [85.65021438500008, 25.439755473000048], [85.64854012000006, 25.440030793000062], [85.64649839800006, 25.440410935000045], [85.64572280800007, 25.44037690500005], [85.64503668300006, 25.44033814100004], [85.64426731000003, 25.440651675000026], [85.64332436100005, 25.441123590000075], [85.64212255600006, 25.441474308000068], [85.64161357200004, 25.44087994000006], [85.64105683200006, 25.44088140100007], [85.64045553300008, 25.44092362500004], [85.63968001200004, 25.440925668000034], [85.63843843800004, 25.44128102700006], [85.63757876500006, 25.441359988000045], [85.63740849600003, 25.440972327000054], [85.63714741200005, 25.44015156100005], [85.63714541000007, 25.439528711000037], [85.63692953100008, 25.43886573900005], [85.63735534700004, 25.43835914600004], [85.63851257600004, 25.438044625000032], [85.64035646400004, 25.437958512000023], [85.64199102700007, 25.437723962000064], [85.64267105300007, 25.435889676000045], [85.64304805100005, 25.434133003000056], [85.64300382100004, 25.432765522000068], [85.64338993500007, 25.432258971000067], [85.64389987300007, 25.43163471200006], [85.64441256800006, 25.430346989000043], [85.64457794900005, 25.42924985700006], [85.64861400200004, 25.429252487000042], [85.64751377000005, 25.427210819000038], [85.64729449100008, 25.425532393000026], [85.64719864700004, 25.423587421000036], [85.64685142300004, 25.42226136000005], [85.64601597000006, 25.422146249000036], [85.64494251100007, 25.422149130000037], [85.64419107200007, 25.421857786000032], [85.64367392800006, 25.421782473000064], [85.64320216000004, 25.421901053000056], [85.64234814500008, 25.422174190000078], [85.64148836200008, 25.422176457000035], [85.64088585200005, 25.42182598000005], [85.64041093800006, 25.420969699000068], [85.63989096400007, 25.420036762000052], [85.63941663900005, 25.419338422000067], [85.63851589900008, 25.418988742000067], [85.63735758500007, 25.418874455000037], [85.63585195600007, 25.418977724000058], [85.63558350900007, 25.41584160700006], [85.63548968500004, 25.414465230000076], [85.63505932000004, 25.41352754500008], [85.63468569100007, 25.41323513800006], [85.63377769200008, 25.41370693600004], [85.63265964500005, 25.413750408000055], [85.63071545900004, 25.413439505000042], [85.62868223900006, 25.413250722000043], [85.62721558300007, 25.413055906000068], [85.62587229400003, 25.412589946000026], [85.62513966200004, 25.411923777000027], [85.62375369900008, 25.410510077000026], [85.62284532100006, 25.410828372000026], [85.62168495900005, 25.411652722000042], [85.61996, 25.413151036000045], [85.61896825400004, 25.413857617000076], [85.61823794400004, 25.413940726000078], [85.61763163200004, 25.413942245000044], [85.61728296900003, 25.413667774000032], [85.61474908500008, 25.414941069000065], [85.61436931600008, 25.41580652400006], [85.61563306100004, 25.417612655000028], [85.61666973000007, 25.419590982000045], [85.61577094900008, 25.419864027000074], [85.61465881100008, 25.42021884600007], [85.61379971300005, 25.420455718000028], [85.61231851000008, 25.420436751000068], [85.61107535200006, 25.420200626000053], [85.60921316700006, 25.420733231000042], [85.60682717000003, 25.420621763000042], [85.60489830000006, 25.420450354000025], [85.60380511500006, 25.42051169100006], [85.60328924200007, 25.420864959000028], [85.60283899400008, 25.421565585000053], [85.60290537100008, 25.42215221400005], [85.60335949400007, 25.42279207100006], [85.60393705600006, 25.42314267000006], [85.60464828300007, 25.423317024000028], [85.60529336200005, 25.42296341100007], [85.60606318800006, 25.422785541000053], [85.60689694900003, 25.422377296000036], [85.60818547500008, 25.422780372000034], [85.60909230700008, 25.423540896000077], [85.60967174200005, 25.424532474000046], [85.60980365600005, 25.42541230200004], [85.60961183900008, 25.42611234900005], [85.60913172200009, 25.426786072000027], [85.60829282500004, 25.42714016900004], [85.60681607600003, 25.42696772000005], [85.60565133700004, 25.426383773000055], [85.60475125500005, 25.426209893000077], [85.60353011500007, 25.426740900000027], [85.60230924100006, 25.427389324000046], [85.60121701900005, 25.427798126000027], [85.60037748500008, 25.427976186000024], [85.59954237400007, 25.42791948400003], [85.59825318000009, 25.427281581000045], [85.59483674000006, 25.424888510000073], [85.59186924700003, 25.423026845000038], [85.59090387800006, 25.42261834100003], [85.58942273100007, 25.422621812000045], [85.58765366300008, 25.422711631000027], [85.58791698500005, 25.424466727000038], [85.58802391100005, 25.428939355000068], [85.58816319900006, 25.432509176000053], [85.58745699300005, 25.43414924600006], [85.58539668000003, 25.433273843000052], [85.58352825500003, 25.43345404400003], [85.58178927100005, 25.433692748000055], [85.57973163200006, 25.43375601300005], [85.57781914200007, 25.43419360000007], [85.57781435200008, 25.43244237400006], [85.57728938800005, 25.429460155000072], [85.57695958000005, 25.427005498000028], [85.57432014900007, 25.42689398300007], [85.57226427600006, 25.427602663000073], [85.57084918300006, 25.428129323000064], [85.56923910600005, 25.428250152000032], [85.56621772400007, 25.42849134900007], [85.56518871400004, 25.428434883000023], [85.56512284400003, 25.42797017600003], [85.56460349900004, 25.427032474000043], [85.56421404000008, 25.426333731000057], [85.56337827500005, 25.42604208000006], [85.56176764600008, 25.425928166000062], [85.55996898800004, 25.426166742000078], [85.55790795700005, 25.426816467000037], [85.55659731500003, 25.429364845000066], [85.55666719300007, 25.431413813000063], [85.55709067300006, 25.43377800500008], [85.55786705600008, 25.436118863000047], [85.55812932200007, 25.437576152000076], [85.55864697400006, 25.437868456000047], [85.55948462100008, 25.438859697000055], [85.55948972100003, 25.44085009500003], [85.55903858900007, 25.44132043600007], [85.55865806000008, 25.442196824000064], [85.55756625600003, 25.442898737000064], [85.55730996000005, 25.443779419000066], [85.55712119600008, 25.445765703000063], [85.55731729000007, 25.446640951000063], [85.55658725100005, 25.450826466000024], [85.55627183000007, 25.453864690000046], [85.55640330600005, 25.454744552000022], [85.55668891800008, 25.457573900000057], [85.55573238400007, 25.460730770000055], [85.55545026700008, 25.461209868000026], [85.55387596600008, 25.46389405800005], [85.55201227500004, 25.466177247000076], [85.54964068700008, 25.470153941000035], [85.54608635200003, 25.478565264000054], [85.54519401500005, 25.481667775000062], [85.54452274700003, 25.48372723400007], [85.55153373000007, 25.483559615000047], [85.55700459800005, 25.483940886000028], [85.56160991000007, 25.48419301100006], [85.56520524500007, 25.484252997000056], [85.56693125900006, 25.48444334900006], [85.56819064300004, 25.484932633000028], [85.56847996900007, 25.485256952000043], [85.57078195200006, 25.485121083000024], [85.57382522000006, 25.485132443000055], [85.57713256900007, 25.485319195000045], [85.58073301700006, 25.485378823000076], [85.58248829600007, 25.485844132000068], [85.58426123000004, 25.486314110000023], [85.58978492800009, 25.48772776000004], [85.59413780200003, 25.488304304000053], [85.59741672200005, 25.488951065000037], [85.59855110900008, 25.48912888500007], [85.60016674200006, 25.48896254300007], [85.60243376200003, 25.48872698300005], [85.60728383600008, 25.48760495600004], [85.61152629200006, 25.486159267000062], [85.61287233500008, 25.485650426000063], [85.61373701100007, 25.485449672000072]]]]}}, {"type": "Feature", "properties": {"OBJECTID": 197, "BLOCK_CODE": "0003", "NEAR_TOWN": "PATNA", "BLK_NAME": "PATNA", "DIST_NAME": "PATNA"}, "geometry": {"type": "MultiPolygon", "coordinates": [[[[85.10915695400007, 25.653420722000078], [85.11096459000004, 25.65338190500006], [85.11250329100005, 25.653383315000042], [85.11408660900008, 25.65358794100007], [85.11553031700004, 25.653918696000062], [85.11715835900003, 25.654245209000067], [85.12070844600004, 25.654555342000037], [85.12405453900004, 25.65480195400005], [85.12609157600008, 25.654474177000054], [85.12984715600004, 25.653619845000037], [85.13296544800005, 25.652471456000058], [85.13409642300007, 25.65185848300007], [85.13459504700006, 25.651204518000043], [85.13428219500008, 25.650342185000056], [85.13409884600009, 25.649317465000024], [85.13475695200003, 25.648473970000055], [85.13600906000005, 25.64815115300007], [85.13697332300006, 25.647902544000033], [85.13896100700003, 25.64692013100006], [85.14290160600007, 25.644833349000066], [85.14602003900006, 25.64315215700003], [85.14665204600004, 25.64360398200006], [85.14710410800006, 25.64475515500004], [85.14757780600007, 25.64485667100007], [85.14805496500009, 25.64495892800005], [85.14836868200007, 25.64495921500003], [85.14855319900005, 25.644670405000056], [85.14848402300004, 25.643952787000046], [85.14807653500003, 25.643085876000043], [85.14776045100007, 25.639971483000068], [85.14649953100007, 25.635624160000077], [85.14507869100004, 25.631949174000056], [85.14404122000008, 25.628418940000074], [85.14295900300004, 25.62493382200006], [85.14237367200008, 25.622473632000037], [85.14280230400004, 25.62195942200003], [85.14343458400003, 25.621919244000026], [85.14533616900007, 25.622042470000054], [85.14628202200004, 25.622128916000065], [85.14669002900007, 25.62241357100004], [85.15107608600005, 25.622172802000023], [85.15647785300007, 25.62182434600004], [85.16014239500004, 25.621208353000043], [85.16443375800003, 25.62104843900005], [85.17060661100004, 25.621480706000057], [85.17334733100006, 25.621142878000057], [85.17625737600008, 25.620784120000053], [85.17654616800007, 25.620706366000036], [85.17655648000004, 25.620703589000072], [85.18423872900007, 25.61863499900005], [85.18880421700004, 25.617612449000035], [85.19872706400008, 25.61427185200006], [85.20170952700005, 25.612711237000042], [85.20582681600007, 25.611074133000045], [85.20771370500006, 25.61011320500006], [85.21180101600004, 25.608031552000057], [85.21520644500004, 25.60629704200005], [85.21841756100008, 25.604532998000025], [85.22547157000008, 25.600517385000046], [85.22840856700003, 25.59883886600005], [85.22886149800007, 25.598838904000047], [85.23130051800007, 25.598365400000034], [85.23955330600006, 25.593144168000038], [85.24778867500004, 25.593427864000034], [85.24801271000007, 25.593373881000048], [85.24831141300007, 25.59326129300007], [85.24881471400005, 25.592661452000073], [85.25006549100004, 25.591159563000076], [85.25110705200007, 25.58986512100006], [85.25167035500004, 25.589026110000077], [85.25231817200006, 25.588205234000043], [85.25298098600007, 25.587285036000026], [85.25358410700005, 25.586437026000056], [85.25404778200004, 25.58553921400005], [85.25440194300006, 25.584704502000022], [85.25486067400004, 25.58390152100003], [85.25532938000003, 25.582958593000058], [85.25589267800007, 25.582051783000054], [85.25614938600006, 25.58162776900008], [85.25640609400006, 25.581203755000047], [85.25699912600004, 25.580378262000067], [85.25762685200004, 25.579638524000075], [85.25885738400007, 25.57829903100003], [85.26021713100005, 25.577045398000053], [85.26091439000004, 25.57643663600004], [85.26135524600005, 25.57598332200007], [85.26179604800006, 25.575530064000077], [85.26295668500006, 25.57431234200004], [85.26370885400007, 25.573486949000028], [85.26431676300007, 25.572679519000076], [85.26477535600003, 25.57183138000005], [85.26525873200006, 25.571059939000065], [85.26556762300004, 25.570676496000033], [85.26587651500006, 25.570293054000047], [85.26652903700005, 25.569521765000047], [85.26717669300007, 25.56871886700003], [85.26733126800008, 25.56855007000007], [85.26790391000003, 25.567925053000067], [85.26854625400006, 25.567370329000028], [85.26929313900007, 25.566797688000065], [85.27002021600003, 25.566170829000043], [85.27098605700007, 25.56560732400004], [85.27164333600007, 25.565043605000028], [85.27232562000006, 25.564443856000025], [85.27293822500008, 25.563740197000072], [85.27345637800005, 25.562959714000044], [85.27387985600006, 25.562273985000047], [85.27458729600005, 25.56120471500003], [85.27497610400007, 25.560446762000026], [85.27549424300008, 25.559580534000077], [85.27586815300003, 25.558673527000053], [85.27623707300006, 25.557825258000037], [85.27667559600008, 25.556931891000033], [85.27717380800004, 25.556232650000027], [85.27770190100006, 25.55538449100004], [85.27828964800005, 25.554545352000048], [85.27877285200003, 25.553837129000044], [85.27933067700008, 25.553070190000028], [85.27994332300005, 25.552217488000053], [85.28041657300008, 25.55147764000003], [85.28100442900006, 25.550570797000034], [85.28144094400005, 25.549797199000068], [85.28146270100007, 25.54975870100003], [85.28170682500007, 25.549298501000067], [85.27385670800004, 25.549763915000028], [85.27335882200003, 25.54799469900007], [85.27131894800004, 25.548035609000067], [85.26792587400007, 25.54832492500003], [85.26728003200003, 25.547076918000073], [85.26727894000004, 25.547074807000058], [85.26706454200007, 25.544177124000043], [85.26747207100004, 25.541342691000068], [85.26630279900007, 25.540124194000043], [85.26313368500007, 25.539140557000053], [85.25810897600007, 25.538770801000055], [85.25796958600006, 25.538111813000057], [85.25714780100003, 25.536604320000038], [85.25709464700003, 25.536506813000074], [85.25722325000004, 25.536471881000068], [85.26132243000006, 25.535358380000048], [85.26005363600007, 25.53367491700004], [85.25820801500004, 25.533196677000035], [85.25612362200008, 25.533074886000065], [85.25521829100006, 25.53287180700005], [85.25498934000007, 25.53122437600007], [85.25815793500004, 25.527942910000036], [85.25648143400008, 25.525970607000033], [85.25462599800005, 25.527654265000024], [85.25313379500005, 25.529753008000057], [85.25082060700004, 25.53077761800006], [85.24918380800005, 25.530575730000066], [85.24827860000005, 25.530628656000033], [85.24780108200008, 25.530503622000026], [85.24676140200006, 25.530231453000056], [85.24558249500006, 25.529527280000025], [85.24405040300007, 25.52856142400003], [85.24323955900007, 25.52785723200003], [85.24351321500006, 25.52767218300005], [85.24452298500006, 25.52672441800007], [85.24499563900008, 25.525564471000052], [85.24506031900006, 25.524521821000064], [85.24506030200007, 25.52354241200004], [85.24465740400007, 25.523145201000034], [85.24307636600008, 25.52219603900005], [85.24304086600006, 25.52217472700005], [85.24236441900007, 25.521709851000026], [85.24155860000008, 25.521186257000068], [85.24057873900006, 25.521095939000077], [85.23973810000007, 25.521524647000035], [85.23943958900009, 25.521682533000046], [85.23932022000008, 25.52174556800003], [85.23843971100007, 25.52221054300003], [85.23698716400008, 25.522941598000045], [85.23597737100005, 25.523126604000026], [85.23452990700008, 25.523063256000057], [85.23335103200003, 25.522941291000052], [85.23327598900005, 25.522866229000044], [85.23240601800006, 25.522512411000037], [85.23153052800006, 25.52220983500007], [85.23068496800005, 25.52239028500003], [85.22944133700008, 25.522421691000034], [85.22853115100008, 25.522268076000046], [85.22767062100007, 25.522159658000078], [85.22740210600006, 25.521550300000058], [85.22659156800006, 25.52020513900004], [85.22588546900005, 25.51916238900003], [85.22571649000008, 25.51821455000004], [85.22561221800004, 25.517203566000035], [85.22487140100003, 25.51564626000004], [85.22386202000007, 25.514422891000038], [85.22315582800007, 25.513962434000064], [85.22241470700004, 25.513655378000067], [85.22214611500004, 25.51371847400003], [85.22194212100004, 25.514115627000024], [85.22200664200005, 25.514666290000036], [85.22185719200007, 25.515596022000068], [85.22141932800008, 25.516570912000077], [85.22078251900007, 25.51703115500004], [85.22014079900003, 25.51740112500005], [85.21929519600008, 25.517644691000044], [85.21835517000005, 25.51730590300008], [85.21761429900005, 25.51642111800004], [85.21646554500006, 25.51544146200007], [85.21494852500007, 25.515165788000047], [85.21319775100005, 25.515165296000077], [85.21149675200007, 25.514839960000074], [85.21068615300004, 25.514528275000032], [85.21011433700005, 25.513882654000042], [85.20967702800004, 25.512722600000075], [85.20866292600004, 25.510948489000043], [85.20775342900004, 25.508899186000065], [85.20682870900004, 25.507865250000066], [85.20531251400007, 25.50591051200007], [85.20440294200006, 25.504258294000067], [85.20292104300006, 25.503707167000073], [85.20180769600006, 25.50199619400007], [85.20117126200006, 25.501535602000047], [85.19897804500005, 25.50141293300004], [85.19763016200005, 25.501687854000068], [85.19715738300005, 25.50251364500008], [85.19685366000004, 25.503339482000058], [85.19638112500007, 25.50349280000006], [85.19597835600007, 25.503185710000025], [85.19540683600007, 25.502359523000052], [85.19467134100006, 25.500896844000067], [85.19371659300003, 25.500815249000027], [85.19226927100004, 25.50094555000004], [85.19154302800007, 25.50110328900007], [85.19084645300006, 25.501811576000023], [85.19061719400008, 25.502890190000073], [85.18960171500004, 25.504704210000057], [85.18944244000005, 25.504902746000027], [85.18874524100005, 25.506771039000057], [85.18877493500008, 25.507059953000066], [85.18888868000005, 25.50829663600007], [85.18918194700007, 25.508743609000078], [85.18923633000009, 25.50937557000003], [85.18928011500003, 25.51143826300006], [85.18933439900007, 25.512255147000076], [85.18971181600006, 25.51330702100006], [85.19011894300007, 25.51485529000007], [85.19031716100005, 25.516462114000035], [85.19004310600008, 25.51747305400005], [85.19090837400006, 25.517762296000058], [85.19157481000008, 25.518078537000065], [85.19206705800008, 25.518471328000032], [85.19311121400006, 25.519288707000044], [85.19357352100008, 25.519943391000027], [85.19380691400005, 25.52065656900004], [85.19395071200006, 25.52159993400005], [85.19439785600008, 25.52287738700005], [85.19497898700007, 25.52471911200007], [85.19538112400005, 25.526506596000047], [85.19562898300006, 25.52843848300006], [85.19603584400005, 25.530830752000043], [85.19617951500004, 25.532117155000037], [85.19649734800004, 25.533408133000023], [85.19714861100005, 25.534419410000055], [85.19830735300008, 25.535182633000034], [85.19975491200006, 25.535417794000068], [85.20082950900007, 25.535472321000043], [85.20123240400005, 25.535657555000057], [85.20175451700004, 25.536235430000033], [85.20233620900007, 25.537102223000034], [85.20308694000005, 25.538393321000058], [85.20394185100008, 25.540325283000072], [85.20446372000004, 25.541638871000032], [85.20478173500004, 25.542744812000024], [85.20506989000006, 25.54392745100006], [85.20544737500006, 25.545398930000033], [85.20578026900006, 25.546807254000043], [85.20586440200003, 25.54794009400007], [85.20577934000005, 25.549307729000077], [85.20566459000008, 25.55022842900007], [85.20583836300005, 25.551122142000054], [85.20621129600005, 25.551803723000035], [85.20661895900008, 25.552724585000078], [85.20658876800007, 25.553672470000038], [85.20682221300007, 25.554958878000036], [85.20682185300006, 25.555933757000048], [85.20649811100003, 25.556773149000037], [85.20603507200008, 25.557589951000068], [85.20583089500008, 25.558194738000054], [85.20677575800005, 25.559711549000042], [85.20666129600005, 25.559770181000033], [85.20638209300006, 25.561430991000066], [85.20603329800008, 25.562717210000073], [85.20571472800003, 25.562929291000046], [85.20433647900006, 25.56288819100007], [85.20300301200007, 25.56270274800005], [85.20150029100006, 25.562544328000058], [85.19981870100008, 25.562096921000034], [85.19859974300005, 25.56170381100003], [85.19744038700009, 25.561807178000038], [85.19608185500005, 25.562095579000072], [85.19486264800008, 25.562280126000076], [85.19387728500004, 25.562645349000036], [85.19352869600004, 25.563173262000078], [85.19349864400004, 25.56362016500003], [85.19364266300005, 25.56417083100007], [85.19402064700006, 25.564617806000058], [85.19442854100004, 25.564933933000077], [85.19502020300007, 25.566026394000062], [85.19568650000008, 25.567024082000046], [85.19643732500003, 25.568342263000034], [85.19667072000004, 25.569551964000027], [85.19661060500005, 25.57052238500006], [85.19640643900004, 25.570707318000075], [85.19579926600005, 25.570968908000054], [85.19455499800006, 25.571365632000038], [85.19342050100005, 25.57131103000006], [85.19260920700003, 25.57162667600005], [85.19168350900009, 25.57188803500003], [85.19103168700008, 25.57176589100004], [85.19059893400004, 25.571373048000055], [85.19013657200009, 25.570528852000052], [85.18929634300008, 25.56900302400004], [85.18745185100005, 25.565653214000065], [85.18513794000006, 25.56583271900007], [85.18421236300009, 25.565981314000055], [85.18230104000008, 25.56681995200006], [85.18197745500004, 25.567167336000068], [85.18181267300008, 25.568155700000034], [85.18181216400006, 25.569144107000056], [85.18159284800004, 25.569789417000038], [85.18153749400005, 25.570827447000056], [85.18083063400007, 25.571170211000037], [85.17963159600004, 25.570925841000076], [85.17821329100008, 25.57097028900006], [85.17674039600007, 25.570825184000057], [85.17641190000006, 25.57092426300005], [85.17646606100004, 25.57196241400004], [85.17690234400004, 25.574630039000056], [85.17738925200007, 25.575966308000034], [85.17782671200007, 25.57675639000007], [85.17820925700005, 25.577794638000057], [85.17869636000006, 25.578932260000045], [85.17858602600006, 25.580317815000058], [85.17853538100007, 25.581753131000028], [85.17798747200004, 25.582642], [85.17716291200009, 25.58312145800005], [85.17684235300004, 25.583331974000032], [85.17542368300008, 25.58392699700005], [85.17501606600007, 25.583069246000036], [85.17436020800005, 25.58143508300003], [85.17458000900007, 25.58014884100004], [85.17469006700009, 25.579061113000023], [85.17474540300003, 25.578221636000023], [85.17398424600003, 25.57777449300005], [85.17371083600005, 25.57738163700003], [85.17425855700003, 25.576786180000056], [85.17491087300004, 25.576095975000044], [85.17469246500008, 25.575301440000032], [85.17441896000008, 25.574908680000078], [85.17343883200004, 25.57465991500004], [85.17125900700006, 25.574807664000048], [85.17038995100006, 25.575021140000047], [85.16946226800007, 25.57524900800007], [85.16922805700005, 25.57569118400005], [85.16935202200006, 25.576503695000042], [85.16964504800006, 25.57729372600005], [85.16984364700005, 25.578038553000056], [85.16994253700005, 25.57891875300004], [85.16979285700006, 25.579640733000076], [85.16959324400005, 25.580335735000062], [85.16940869400008, 25.581089356000064], [85.16940807300006, 25.581901775000063], [85.16960180500007, 25.582556332000024], [85.17027288700007, 25.583685089000028], [85.17089452900007, 25.584317294000073], [85.17079481100006, 25.584655721000047], [85.17007293900008, 25.584971305000067], [85.16859482500007, 25.585092332000045], [85.16660395000008, 25.585316876000036], [85.16548909800008, 25.585383982000053], [85.16436904600005, 25.585766928000055], [85.16322378400008, 25.586488388000078], [85.16210880100004, 25.586781087000077], [85.15988388300008, 25.58708220400007], [85.15928714000006, 25.586454471000025], [85.15924788900008, 25.585714196000026], [85.15916911200009, 25.58462640600004], [85.15909474300008, 25.584170466000046], [85.15890083200009, 25.584030488000053], [85.15874648600004, 25.584030366000036], [85.15866647900003, 25.584558383000058], [85.15859110500008, 25.585470065000038], [85.15831680800005, 25.58631385500007], [85.15812248600008, 25.586593624000045], [85.15704234700007, 25.586836692000077], [85.15603180500005, 25.587048157000027], [85.15440927500003, 25.587187012000072], [85.15384671900006, 25.58744842300007], [85.15291546700007, 25.588142903000062], [85.15250730500009, 25.588196780000033], [85.15188499200008, 25.588444604000074], [85.15081438800007, 25.589075733000072], [85.15024180900008, 25.589436456000044], [85.14956987100004, 25.589435992000062], [85.14927657400006, 25.58900701400006], [85.14915269600004, 25.58835242300006], [85.14887926800003, 25.588040842000055], [85.14848124700006, 25.587814887000036], [85.14798344700006, 25.587927343000047], [85.14681380700006, 25.588107094000065], [85.14611689400004, 25.588214908000054], [85.14537554400005, 25.587925547000054], [85.14479372200003, 25.58744211900006], [85.14392318700004, 25.58689992400008], [85.14320176300004, 25.586651148000044], [85.14280373400004, 25.586515423000037], [85.14203213200005, 25.58680830000003], [85.14069202000007, 25.588247043000024], [85.13999478900007, 25.58872042400003], [85.13904905800007, 25.588832573000047], [85.13825283500006, 25.58880937400005], [85.13778487000008, 25.588944384000058], [85.13717739900005, 25.589246356000046], [85.13665485100006, 25.589200837000078], [85.13585906100008, 25.58864056300007], [85.13511304800005, 25.588098346000038], [85.13466529500005, 25.587872343000072], [85.13409797000008, 25.587826730000074], [85.13347604100005, 25.587690833000067], [85.13282956100005, 25.58714872300004], [85.13210832500005, 25.58667418500005], [85.13260293100006, 25.584733872000072], [85.13283724500008, 25.584278126000072], [85.13430656400004, 25.583051674000046], [85.13442702100008, 25.58196401200007], [85.13454251400003, 25.58098020400007], [85.13400103200007, 25.579892048000033], [85.13365375100005, 25.578835595000044], [85.13311203100005, 25.577991197000074], [85.13288375900004, 25.577359105000028], [85.13284473500005, 25.576519547000032], [85.13323920900007, 25.575143247000028], [85.13253336300005, 25.57431228400003], [85.13218542800007, 25.573883145000025], [85.13192193000003, 25.573675356000024], [85.13172786900003, 25.57363913300003], [85.13169278500004, 25.57394602200003], [85.13184654100007, 25.57442449200005], [85.13181120800004, 25.574889411000072], [85.13138802400005, 25.575159858000063], [85.13117887400006, 25.575304071000062], [85.13026278200005, 25.575732156000072], [85.12964546700005, 25.575957258000074], [85.12939164900007, 25.57595256600007], [85.12903858100003, 25.575726642000063], [85.12881004900004, 25.57534282000006], [85.12854639500006, 25.575229696000065], [85.12806847700006, 25.575436928000045], [85.12715245200008, 25.57580623900003], [85.12665968000005, 25.57585096300005], [85.12678263200007, 25.57734055700007], [85.12665779300005, 25.577769199000045], [85.12618474800007, 25.57805766900003], [85.12445760100007, 25.578345073000037], [85.12373602100007, 25.578249629000027], [85.12150651000007, 25.57833799900004], [85.12022229700005, 25.57857603100007], [85.11923680100006, 25.578733114000045], [85.11833581000008, 25.57892645000004], [85.11670797200009, 25.579412348000062], [85.11603553600008, 25.57989475100004], [85.11494173100004, 25.579013598000074], [85.11428535400006, 25.57848490500004], [85.11373879300004, 25.577762251000024], [85.11339138300008, 25.57697207500007], [85.11319295000004, 25.576362549000066], [85.11316844100008, 25.57600145400005], [85.11301932500004, 25.575911054000073], [85.11254644800005, 25.57595572300005], [85.11133181400004, 25.57629314600007], [85.10996291100008, 25.576675418000036], [85.10941540200008, 25.576720046000048], [85.10844480000009, 25.576944807000075], [85.10779741100004, 25.57732781800007], [85.10715520600007, 25.577485136000064], [85.10687154400006, 25.57753903400004], [85.10634905500007, 25.577493412000024], [85.10590134000006, 25.57731687000006], [85.10567817100008, 25.57670741100003], [85.10550447900005, 25.57623325800006], [85.10523118200007, 25.575962208000078], [85.10475862400006, 25.575781230000075], [85.10388791800005, 25.575644922000038], [85.10349512900007, 25.575351183000066], [85.10312203000007, 25.57526049100005], [85.10207637300005, 25.57571080400004], [85.10050775900004, 25.57658936200005], [85.09981544100003, 25.577017371000068], [85.09901909700005, 25.57717456000006], [85.09878453500005, 25.577657243000033], [85.09828540300003, 25.578852796000035], [85.09810998300009, 25.57984553500006], [85.09738759700008, 25.58043152700003], [85.09542645400006, 25.580767999000045], [85.09413236700004, 25.580856864000054], [85.09288795300006, 25.58108120600008], [85.09221587600007, 25.58121595800003], [85.09157394700009, 25.581192620000024], [85.09135030600004, 25.580944137000074], [85.09121664700007, 25.580415986000048], [85.09089351200004, 25.580144795000024], [85.08999790000007, 25.580030959000055], [85.08932620100006, 25.57989486100007], [85.08813155600006, 25.58009663100006], [85.08706659000006, 25.580117983000036], [85.08637001800008, 25.579981858000053], [85.08527506700005, 25.580048289000047], [85.08462775600003, 25.580340953000075], [85.08437825600004, 25.580814616000055], [85.08440239700008, 25.581329138000058], [85.08482340700004, 25.582796462000033], [85.08489634500006, 25.58410546600004], [85.08492001800005, 25.58498558200006], [85.08472046000009, 25.585323901000038], [85.08402796700005, 25.585864737000065], [85.08332074700007, 25.586188822000054], [85.08132945900007, 25.58661532900004], [85.07924406500007, 25.586703159000024], [85.07787524000008, 25.586836966000078], [85.07628716100004, 25.58712848700003], [85.07332565300004, 25.587305463000064], [85.07327368000006, 25.588844522000045], [85.07346358200004, 25.591697191000037], [85.07361452400005, 25.593985727000074], [85.07392072700009, 25.595601850000037], [85.07438760500008, 25.596270419000064], [85.07454122000007, 25.596798662000026], [85.07403768200004, 25.59732609100007], [85.07079421900005, 25.599502166000036], [85.07071343500007, 25.600260356000035], [85.07083623600005, 25.601370752000037], [85.07046283000005, 25.601424472000076], [85.07017751200004, 25.602507305000074], [85.06998620700006, 25.60396046900007], [85.07014486400004, 25.604416447000062], [85.06986100100005, 25.604474794000055], [85.06979534700008, 25.60509758300003], [85.07017256000006, 25.605842755000026], [85.07029080200005, 25.60609015700004], [85.07075315900005, 25.607057545000032], [85.07094145300005, 25.607653536000043], [85.07131230100003, 25.60933752300008], [85.07156461600005, 25.610389447000045], [85.07184175700007, 25.61147306500004], [85.07228353200009, 25.61232662200007], [85.07326985700007, 25.61868722500003], [85.07112763900005, 25.619063978000042], [85.07110376600008, 25.61906817700003], [85.06755977600005, 25.618716316000075], [85.06468704200006, 25.618924827000058], [85.06480346700005, 25.620919881000077], [85.06445963700008, 25.624403723000057], [85.06427500900008, 25.627860819000034], [85.06377810600009, 25.63050054000007], [85.06384191300003, 25.634300818000042], [85.06356447300004, 25.636660995000057], [85.06338228500005, 25.63856990000005], [85.06304268200006, 25.639196903000027], [85.06228049000003, 25.639439604000074], [85.06128937500006, 25.64285497800006], [85.06097198100008, 25.645169934000023], [85.06119528400006, 25.64566220300003], [85.06312580400004, 25.646639556000025], [85.06366275800008, 25.64712767900005], [85.06375168800008, 25.647615207000058], [85.06289423200008, 25.648223444000052], [85.06181601600008, 25.649928098000032], [85.06481295000003, 25.650432934000037], [85.06500553400008, 25.651489368000057], [85.06588150400006, 25.651756762000048], [85.06947976100008, 25.653083620000075], [85.07152581300005, 25.653438222000034], [85.07590486300006, 25.655560261000062], [85.07979714200007, 25.656891828000028], [85.08553626200006, 25.658040076000077], [85.08553725200005, 25.658044791000066], [85.09167033300008, 25.659640289000038], [85.09536899500006, 25.660700374000044], [85.09760401000005, 25.661497154000074], [85.10134245100005, 25.662688024000033], [85.10134272300007, 25.662688109000044], [85.10274820100005, 25.661592695000024], [85.10505584000003, 25.659956674000057], [85.10682025300008, 25.658645008000065], [85.10849584500005, 25.65663816700004], [85.10922434800005, 25.655411256000036], [85.10917488800004, 25.655122363000032], [85.10836363300007, 25.654792032000046], [85.10732295100007, 25.65466914700005], [85.10695973600008, 25.654425096000068], [85.10698496500004, 25.654154282000036], [85.10748343000006, 25.653744063000033], [85.10829530300003, 25.65358238500005], [85.10915695400007, 25.653420722000078]]]]}}]}