{"type": "FeatureCollection", "features": [{"type": "Feature", "properties": {"OBJECTID": 1615, "GPCODE": "91347", "GPNAME_1": "BHAWANIPUR", "DIST_CEN_C": null, "BLK_NAME": "DEO", "ST_NAME": null, "ST_CODE_1": null, "GPCODE2011": "93907", "REMARKS": "FINALIZED", "MAP_STATUS": "COMPLETED", "BLK_C_2001": "340010", "BLK_C_2011": "01485", "DIST_NAME": "AURANGABAD", "code2011": 0.0, "Shape_Leng": 0.14580713058, "Shape_Area": 0.00089635415, "Area": 10.0571}, "geometry": {"type": "MultiPolygon", "coordinates": [[[[84.46122422100007, 24.69332090100005], [84.46179996900008, 24.689767161000077], [84.46199794700004, 24.688129676000074], [84.46219253100008, 24.68626652200004], [84.46254152000006, 24.684178565000025], [84.46302221900004, 24.68395537300006], [84.46428823000008, 24.682964532000028], [84.46555193000006, 24.682334642000058], [84.46559716300004, 24.68221754700005], [84.46552386800005, 24.680506482000055], [84.46497954300008, 24.678273888000035], [84.46489155800003, 24.67733901300005], [84.46433717200006, 24.675146960000063], [84.46368542200008, 24.675084866000077], [84.46331550200006, 24.675001715000064], [84.46308370100007, 24.67414294100007], [84.46302440300008, 24.67336621900006], [84.46299998500007, 24.67330742200005], [84.46274623300008, 24.67280962500007], [84.46191853200008, 24.672466702000065], [84.46032802700006, 24.672431303000053], [84.45994387200005, 24.671454332000053], [84.45962263800004, 24.67069881900005], [84.45895158400003, 24.670573431000037], [84.45766620200004, 24.67072915400007], [84.45720835300006, 24.670487519000062], [84.45706222900003, 24.670148166000047], [84.45661167300005, 24.66953197500004], [84.45591473900004, 24.669604994000053], [84.45373381500008, 24.66997263500008], [84.45214652500005, 24.670221409000078], [84.45027657000009, 24.67064477200006], [84.44909848100008, 24.67101765800004], [84.44778548900007, 24.671629035000024], [84.44787272400004, 24.671886826000048], [84.44854522600008, 24.672567470000047], [84.44830216100007, 24.672724166000023], [84.44777796800008, 24.672802572000023], [84.44712386200007, 24.673115003000078], [84.44679858600006, 24.67299598200003], [84.44667143800007, 24.672796636000044], [84.44680533400003, 24.671939819000045], [84.44643853700006, 24.671360054000047], [84.44604956200004, 24.67115941700007], [84.44548061900008, 24.67129621500004], [84.44443602700005, 24.67164725200007], [84.44347497200005, 24.67206182600006], [84.44350600500007, 24.671845390000044], [84.44325312200004, 24.67045377900007], [84.44282235400004, 24.66985116400008], [84.44203764800005, 24.66972953100003], [84.44156128100008, 24.66928914700003], [84.44143933400005, 24.668290945000024], [84.44108958600003, 24.66813116800006], [84.44017576000005, 24.668126174000065], [84.43856516600005, 24.66815809600007], [84.43539126500008, 24.66853812900007], [84.43077502100004, 24.668910280000034], [84.42977041100005, 24.66918462900003], [84.43015882600008, 24.66946656600004], [84.43024519300008, 24.669864216000065], [84.42993603200006, 24.670300406000024], [84.43028360100004, 24.67078072700008], [84.43071467700008, 24.671338323000043], [84.43035541000006, 24.672649815000057], [84.43130677100004, 24.673729281000078], [84.43199774400006, 24.67423687300004], [84.43200000200005, 24.67423853200006], [84.43199893000008, 24.674239732000046], [84.43164668600008, 24.674633807000077], [84.43081415200004, 24.675784812000074], [84.42967459700003, 24.67705148300007], [84.42905861800006, 24.67756262100005], [84.42836334000003, 24.677360238000063], [84.42801627500006, 24.67755691700006], [84.42674766700009, 24.678150346000052], [84.42566718600006, 24.678686044000074], [84.42669812300005, 24.67967565500004], [84.42787305500008, 24.681325060000063], [84.42905265300004, 24.682256868000024], [84.43005890500007, 24.682501527000056], [84.43093586100008, 24.682867429000055], [84.43132168200003, 24.684313905000067], [84.43095938100004, 24.686076823000064], [84.43126311400005, 24.686480198000027], [84.43209801400008, 24.68648475300006], [84.43284957800006, 24.686385036000047], [84.43288969200006, 24.687057766000066], [84.43352758900005, 24.68925036400003], [84.43225968800004, 24.690475694000042], [84.43168435000007, 24.691582917000062], [84.43055502700008, 24.692014581000024], [84.42953360700005, 24.69180591500003], [84.42934800100005, 24.692992015000073], [84.43108256600004, 24.692938307000077], [84.43343122700009, 24.69267118600004], [84.43494932900006, 24.693234629000074], [84.43616709700007, 24.693643017000056], [84.44042340800007, 24.69406321300005], [84.44157337100006, 24.694258986000023], [84.44272449900006, 24.695046070000046], [84.44420547600004, 24.696015412000065], [84.44511918700005, 24.697604607000073], [84.44585024000008, 24.69918837800003], [84.44621675500008, 24.699813190000043], [84.44800889300006, 24.700048520000053], [84.45073137800006, 24.70006299100004], [84.45289402800006, 24.70030018800003], [84.45399896600009, 24.701380330000063], [84.45461367200005, 24.701839431000053], [84.45677684600008, 24.702017885000032], [84.45950107200008, 24.701752503000023], [84.46154261800007, 24.70161874200005], [84.46168990600006, 24.697841606000054], [84.46170699400005, 24.69513340800006], [84.46122422100007, 24.69332090100005]]]]}}, {"type": "Feature", "properties": {"OBJECTID": 1616, "GPCODE": "91348", "GPNAME_1": "DEO", "DIST_CEN_C": null, "BLK_NAME": "DEO", "ST_NAME": null, "ST_CODE_1": null, "GPCODE2011": "93908", "REMARKS": "FINALIZED", "MAP_STATUS": "COMPLETED", "BLK_C_2001": "340010", "BLK_C_2011": "01485", "DIST_NAME": "AURANGABAD", "code2011": 0.0, "Shape_Leng": 0.1906161515, "Shape_Area": 0.00092066256, "Area": 10.3316}, "geometry": {"type": "MultiPolygon", "coordinates": [[[[84.43200000200005, 24.67423853200006], [84.43199774400006, 24.67423687300004], [84.43130677100004, 24.673729281000078], [84.43035541000006, 24.672649815000057], [84.43071467700008, 24.671338323000043], [84.43028360100004, 24.67078072700008], [84.42993603200006, 24.670300406000024], [84.43024519300008, 24.669864216000065], [84.43015882600008, 24.66946656600004], [84.42977041100005, 24.66918462900003], [84.43077502100004, 24.668910280000034], [84.43539126500008, 24.66853812900007], [84.43856516600005, 24.66815809600007], [84.44017576000005, 24.668126174000065], [84.44108958600003, 24.66813116800006], [84.44143933400005, 24.668290945000024], [84.44156128100008, 24.66928914700003], [84.44203764800005, 24.66972953100003], [84.44282235400004, 24.66985116400008], [84.44325312200004, 24.67045377900007], [84.44350600500007, 24.671845390000044], [84.44347497200005, 24.67206182600006], [84.44443602700005, 24.67164725200007], [84.44548061900008, 24.67129621500004], [84.44604956200004, 24.67115941700007], [84.44643853700006, 24.671360054000047], [84.44680533400003, 24.671939819000045], [84.44667143800007, 24.672796636000044], [84.44679858600006, 24.67299598200003], [84.44712386200007, 24.673115003000078], [84.44777796800008, 24.672802572000023], [84.44830216100007, 24.672724166000023], [84.44854522600008, 24.672567470000047], [84.44787272400004, 24.671886826000048], [84.44778548900007, 24.671629035000024], [84.44909848100008, 24.67101765800004], [84.45027657000009, 24.67064477200006], [84.45214652500005, 24.670221409000078], [84.45373381500008, 24.66997263500008], [84.45591473900004, 24.669604994000053], [84.45661167300005, 24.66953197500004], [84.45706222900003, 24.670148166000047], [84.45720835300006, 24.670487519000062], [84.45766620200004, 24.67072915400007], [84.45895158400003, 24.670573431000037], [84.45962263800004, 24.67069881900005], [84.45994387200005, 24.671454332000053], [84.46032802700006, 24.672431303000053], [84.46191853200008, 24.672466702000065], [84.46274623300008, 24.67280962500007], [84.46299998500007, 24.67330742200005], [84.46302440300008, 24.67336621900006], [84.46308370100007, 24.67414294100007], [84.46331550200006, 24.675001715000064], [84.46368542200008, 24.675084866000077], [84.46433717200006, 24.675146960000063], [84.46807898200007, 24.67480090500004], [84.47216585000007, 24.674582917000066], [84.47464718100008, 24.674356533000037], [84.47479034100007, 24.672768415000064], [84.47483872200007, 24.671333374000028], [84.47371930100007, 24.67021713200006], [84.47182185200006, 24.667909873000042], [84.47130299900005, 24.667148877000045], [84.47104532600008, 24.666474995000044], [84.47152840600006, 24.66584106600004], [84.47174849500004, 24.665404332000037], [84.47101169000007, 24.66472353100005], [84.46984455000006, 24.66415772700003], [84.46909324800004, 24.661842802000024], [84.46737037600008, 24.66008706200006], [84.46563923800005, 24.65888182300006], [84.46564265200004, 24.658326654000064], [84.46435057000008, 24.657994987000052], [84.46416781000005, 24.658003044000054], [84.46207445800007, 24.658628492000048], [84.45886097600004, 24.659085512000047], [84.45599163000009, 24.658993659000032], [84.45468922400005, 24.658747506000054], [84.45470925900008, 24.655569971000034], [84.45394651400005, 24.65278101800004], [84.45225077700007, 24.653038276000075], [84.45036521200007, 24.65361510100007], [84.44970413300007, 24.653489663000073], [84.44913950600005, 24.65296756500004], [84.44835255000004, 24.652439816000026], [84.44712521000008, 24.65203604100003], [84.44524294200005, 24.65133989900005], [84.44413096600005, 24.650665924000066], [84.44295830000004, 24.65022176100007], [84.44182778900006, 24.650134415000025], [84.43964969900009, 24.650122743000054], [84.43768810400007, 24.65023394900004], [84.43647276000007, 24.65029058300007], [84.43559227400004, 24.650488911000025], [84.43506327300008, 24.650562809000064], [84.43540464100005, 24.652013517000057], [84.43544330100008, 24.65289843100004], [84.43443388900005, 24.653172862000076], [84.43328626300007, 24.653446471000052], [84.43236129200005, 24.653644494000048], [84.43161472100007, 24.653757797000026], [84.43122242000004, 24.65331781900005], [84.43083228600005, 24.652548385000046], [84.43030799900004, 24.65190457800003], [84.43000413700008, 24.65154182400005], [84.42938786100007, 24.651375957000027], [84.42723099100004, 24.651887801000044], [84.42608096200007, 24.652522412000053], [84.42546611500006, 24.652884658000062], [84.42546238100005, 24.653444345000025], [84.42523881900007, 24.653646225000045], [84.42435865500005, 24.65379934400005], [84.42326163700005, 24.65387458200007], [84.42264504100007, 24.653749318000052], [84.42190018600007, 24.65358720200004], [84.42133046300006, 24.653101168000035], [84.42089347900009, 24.652706016000025], [84.42039139500008, 24.652446015000066], [84.41984387400004, 24.652339115000075], [84.41901022400003, 24.652176584000074], [84.41815613700004, 24.652108589000022], [84.41739092500006, 24.65205471400003], [84.41734172500009, 24.652776622000033], [84.41759558500007, 24.65396514100007], [84.41783121700007, 24.65492786300007], [84.41810599300004, 24.65670778200007], [84.41858850300008, 24.656931599000075], [84.41913667900008, 24.656957242000033], [84.41974869600006, 24.657019279000053], [84.41976770000008, 24.657141242000023], [84.41979065200007, 24.657398681000075], [84.42002577200003, 24.658442656000034], [84.42010510400007, 24.659147246000032], [84.42040978800009, 24.66013285300005], [84.42095454100007, 24.660677545000055], [84.42107954200003, 24.661197338000022], [84.42118949700006, 24.661748603000035], [84.42147359700004, 24.66211120400004], [84.42174839100005, 24.663132852000047], [84.42159074900007, 24.663813564000066], [84.42147863700006, 24.664332052000077], [84.42143132900009, 24.664774070000078], [84.42112156600007, 24.66529592300003], [84.42054505600004, 24.66583445200007], [84.41982297100003, 24.66597038900005], [84.41861297700007, 24.66592300700006], [84.41754117400006, 24.665899012000068], [84.41685905900005, 24.665971983000077], [84.41661614000003, 24.66609251600005], [84.41648151000004, 24.666290360000062], [84.41643260300003, 24.66695358100003], [84.41654201400007, 24.667595133000077], [84.41653712500005, 24.66833087300006], [84.41659282000006, 24.66887282600004], [84.41654700900006, 24.669071165000048], [84.41658936500005, 24.669391880000035], [84.41763222500003, 24.669311889000028], [84.41780872600003, 24.669511502000034], [84.41806629700005, 24.67014936000004], [84.41863050600006, 24.669994469000073], [84.41923756200003, 24.670074613000054], [84.42046081200004, 24.66960293300008], [84.42137491600005, 24.669571836000046], [84.42149707300007, 24.67052490800006], [84.42223520800007, 24.670966778000036], [84.42275979500005, 24.670811719000028], [84.42332217700005, 24.670932184000037], [84.42332062100007, 24.671171350000066], [84.42357667000005, 24.672048455000038], [84.42391720000006, 24.673603009000033], [84.42434483200003, 24.674679583000056], [84.42456167700004, 24.67476206300006], [84.42482004000004, 24.675278023000033], [84.42489782100006, 24.676235405000057], [84.42536656200008, 24.677826803000073], [84.42566718600006, 24.678686044000074], [84.42674766700009, 24.678150346000052], [84.42801627500006, 24.67755691700006], [84.42836334000003, 24.677360238000063], [84.42905861800006, 24.67756262100005], [84.42967459700003, 24.67705148300007], [84.43081415200004, 24.675784812000074], [84.43164668600008, 24.674633807000077], [84.43199893000008, 24.674239732000046], [84.43200000200005, 24.67423853200006]]]]}}, {"type": "Feature", "properties": {"OBJECTID": 1617, "GPCODE": "91350", "GPNAME_1": "EAST KATAKI", "DIST_CEN_C": null, "BLK_NAME": "DEO", "ST_NAME": null, "ST_CODE_1": null, "GPCODE2011": "93910", "REMARKS": "FINALIZED", "MAP_STATUS": "COMPLETED", "BLK_C_2001": "340010", "BLK_C_2011": "01485", "DIST_NAME": "AURANGABAD", "code2011": 0.0, "Shape_Leng": 0.26290605058, "Shape_Area": 0.00172940921, "Area": 19.4174}, "geometry": {"type": "MultiPolygon", "coordinates": [[[[84.46585014300007, 24.610003713000026], [84.47380647400007, 24.61582714900004], [84.47704254100006, 24.617921075000027], [84.47971453000008, 24.622172146000025], [84.48032139800006, 24.622252051000032], [84.48058013500008, 24.62273181100005], [84.48057773500005, 24.62312898400006], [84.48083416800006, 24.623996978000037], [84.48134731400006, 24.62487528500003], [84.48203989600006, 24.625474608000047], [84.48282481800004, 24.625519203000067], [84.48373928900008, 24.62536594100004], [84.48439062000006, 24.625446010000076], [84.48503981900006, 24.62588713400004], [84.48542747700003, 24.62628631000007], [84.48542509200007, 24.62668348300008], [84.48520397200008, 24.627318781000042], [84.48497987100006, 24.628432604000068], [84.48423748300007, 24.628704114000072], [84.48327954800004, 24.62949367600004], [84.48283328500008, 24.630606312000054], [84.48192227100003, 24.63099887100003], [84.48143862200004, 24.631750215000068], [84.48156243500006, 24.63250461800004], [84.48209631100008, 24.63321596000003], [84.48262126900005, 24.63297943400005], [84.48357684600006, 24.632587141000045], [84.48426952600005, 24.63236046800006], [84.48496703200004, 24.63216533800005], [84.48640159800004, 24.63177096900006], [84.48918398300003, 24.63142842900004], [84.49192645600004, 24.63116695800005], [84.49327482200005, 24.63113317500006], [84.49342774400003, 24.631354526000052], [84.49417932000006, 24.63100225000005], [84.49470376900007, 24.630007414000033], [84.49497003200008, 24.62925490600003], [84.49510918100003, 24.62746816300006], [84.49542321400008, 24.626156232000028], [84.49599491600009, 24.625522664000073], [84.49738254100004, 24.624699109000062], [84.49764804100005, 24.624063969000076], [84.49730733700005, 24.62322719900004], [84.49718211700008, 24.621872444000076], [84.49766985300005, 24.62124749000003], [84.49857905000005, 24.619482659000028], [84.49869368600008, 24.618481160000044], [84.49819667700007, 24.61736376700003], [84.49819016300006, 24.616799571000058], [84.49785162500007, 24.616436759000067], [84.49608442300007, 24.616360203000056], [84.49508178500008, 24.616395812000064], [84.49434673900004, 24.616274753000027], [84.49387333900006, 24.615356086000077], [84.49326934400005, 24.614797801000066], [84.49301835200004, 24.613013585000033], [84.49245837000007, 24.612532311000052], [84.49202629100006, 24.61213297200004], [84.49102560200004, 24.611848033000058], [84.49050587900007, 24.611249606000058], [84.48994770600007, 24.610461436000037], [84.48991115800004, 24.60914765800004], [84.48974268400008, 24.608433706000028], [84.48957084200003, 24.60827032800006], [84.48918540000005, 24.60751452100004], [84.48940721000008, 24.60676183700008], [84.48975399100004, 24.606565016000047], [84.49006224900006, 24.606205445000057], [84.49014762200005, 24.605966683000077], [84.48958763800005, 24.605489912000053], [84.48867663200008, 24.60508812200004], [84.48807112300005, 24.60480519200007], [84.48803217900007, 24.603893194000023], [84.48820712100007, 24.603532995000023], [84.48868775800008, 24.603260059000036], [84.48899428400006, 24.60318038400004], [84.48986444500008, 24.602986182000052], [84.49056208200005, 24.60275048500006], [84.49099989600006, 24.602197471000068], [84.49113157800008, 24.601642970000057], [84.48948980000006, 24.60125097200006], [84.48857886800005, 24.600844667000047], [84.48823582300008, 24.599610651000035], [84.48863700400005, 24.59857906800005], [84.48924905600006, 24.59778774600005], [84.48860463500006, 24.596592817000044], [84.48752311000004, 24.595829004000052], [84.48687375700007, 24.595428518000062], [84.48678563100003, 24.595310690000076], [84.48696428200003, 24.59435467700007], [84.48670671700006, 24.593676291000065], [84.48623722800005, 24.59212566800005], [84.48594017500005, 24.59144714000007], [84.48638133900005, 24.59033444000005], [84.48660487100005, 24.589301953000074], [84.48738765900004, 24.58883193400004], [84.48891188400006, 24.589038264000067], [84.49029481700006, 24.588927953000052], [84.49125542500008, 24.588458810000077], [84.49169244700005, 24.588023168000063], [84.49213167800008, 24.587226460000068], [84.49230806700007, 24.586631502000046], [84.49252687100005, 24.58635725000005], [84.49317830400008, 24.586396652000076], [84.49395825200008, 24.58640061400007], [84.49469821400004, 24.58648560300003], [84.49522153600003, 24.586488204000034], [84.49613977400008, 24.58565770000007], [84.49683813700005, 24.585264064000057], [84.49704189300007, 24.585043855000038], [84.49727542300008, 24.584787773000073], [84.49749049800005, 24.58431483700008], [84.49767365500009, 24.583403995000026], [84.49759026300006, 24.58248730200006], [84.49750953800003, 24.58194977000005], [84.49761516200005, 24.580794781000066], [84.49752956400005, 24.578600601000062], [84.49754071500007, 24.576736500000038], [84.49720801200004, 24.574590707000027], [84.49676505300005, 24.572719781000046], [84.49635289500003, 24.570645943000045], [84.49585248200003, 24.568490302000043], [84.49528671100006, 24.565702532000046], [84.49445767500004, 24.563188656000023], [84.49392329200003, 24.56093810400006], [84.49332098000008, 24.55850668000005], [84.49265320400008, 24.55628248900007], [84.49208167500007, 24.554469642000072], [84.49160655500003, 24.55304989600006], [84.49115133900006, 24.55242020000003], [84.49088156400006, 24.55243966100005], [84.48810986100005, 24.55263958000006], [84.48648802400004, 24.55314594200007], [84.48556391500006, 24.553348894000067], [84.48485238600006, 24.553476102000047], [84.48370517500007, 24.55384047900003], [84.48232968600007, 24.554420225000058], [84.48161217900008, 24.55471450600004], [84.48036523300004, 24.55524075200003], [84.47851874100007, 24.556161176000046], [84.47765676700004, 24.556689376000065], [84.47627368500008, 24.557675333000077], [84.47547995900004, 24.558339249000028], [84.47467939700005, 24.559296563000032], [84.47467710300003, 24.559671172000037], [84.47396220000007, 24.56034909400006], [84.47353437300006, 24.56089763400007], [84.47244624900009, 24.562070087000052], [84.47176148500006, 24.56266237500006], [84.47109570900005, 24.56338113700008], [84.47053862100006, 24.56405980200003], [84.46899392600005, 24.56562259900005], [84.46847127000007, 24.56634207700006], [84.46799820900003, 24.567007701000023], [84.46760531200005, 24.567493123000077], [84.46721754000004, 24.56792893000005], [84.46695326300005, 24.568356363000078], [84.46693635200006, 24.568699338000044], [84.46701723400008, 24.569187230000068], [84.46716989100008, 24.57004564600004], [84.46715120700009, 24.570668518000048], [84.46700148300005, 24.571732921000034], [84.46706098300007, 24.572487093000063], [84.46706854100006, 24.57365166900007], [84.46718997600004, 24.574762648000046], [84.46721424800006, 24.575624970000035], [84.46722847400008, 24.576514204000034], [84.46772294000004, 24.577175803000046], [84.46820811900005, 24.577738002000046], [84.46872427200003, 24.578083751000065], [84.46901351900004, 24.57841029000008], [84.46989882700007, 24.578929371000072], [84.47015355500008, 24.579242170000043], [84.47033336000004, 24.579703515000062], [84.47024529300006, 24.580384682000044], [84.47013725300008, 24.58108825900007], [84.47022396500006, 24.58142721300004], [84.47041908700004, 24.581807420000075], [84.47048250300008, 24.581925053000077], [84.47065412900008, 24.58212456700005], [84.47093414100004, 24.58234718800003], [84.47102085500006, 24.582686141000067], [84.47092948500006, 24.583100915000045], [84.47073497800005, 24.583420396000065], [84.47064409000006, 24.583735948000026], [84.47046874600005, 24.58415481700007], [84.47029440800009, 24.584411165000063], [84.46998512800008, 24.584924193000063], [84.46985413300007, 24.585361302000024], [84.46980549900007, 24.586038099000064], [84.46988745700008, 24.586359044000062], [84.47008240400004, 24.58675721800006], [84.47045083400008, 24.58705704600004], [84.47066671900006, 24.58727480400006], [84.47096643700007, 24.587493076000044], [84.47127157100005, 24.587652606000063], [84.47166079400006, 24.587776533000067], [84.47200537100008, 24.587931784000034], [84.47248426300007, 24.58793418600004], [84.47350537800008, 24.588056895000022], [84.47374671200004, 24.588157384000056], [84.47365696500003, 24.588296873000047], [84.47361127100004, 24.58849523400005], [84.47345694000006, 24.58871563300005], [84.47323806800006, 24.58897180400004], [84.47288992700004, 24.589389796000034], [84.47262499700008, 24.589920977000077], [84.47290553500005, 24.59006242600003], [84.47318637100005, 24.59016315100007], [84.47347196700008, 24.590281977000075], [84.47414311700004, 24.59032604500004], [84.47464096800007, 24.590450494000038], [84.47479200300006, 24.590767219000043], [84.47477041700006, 24.591065009000033], [84.47457051400005, 24.591461197000058], [84.47424216200005, 24.591874749000056], [84.47385054100005, 24.592134556000076], [84.47395724400008, 24.592451095000058], [84.47419259100008, 24.59270955100004], [84.47465007300008, 24.59297371300005], [84.47484048800004, 24.593313244000058], [84.47523015500008, 24.593373959000076], [84.47601208800006, 24.59387445400006], [84.47629195700006, 24.59411512400004], [84.47646812400006, 24.594377875000077], [84.47537532000007, 24.594652070000052], [84.47433268900005, 24.594804683000064], [84.47268190400007, 24.595112105000055], [84.47154989100005, 24.595345499000075], [84.47115394200006, 24.595501427000045], [84.47037293300008, 24.59565986800004], [84.47062227700007, 24.595259488000067], [84.47066863700007, 24.59494375500003], [84.47054395900005, 24.59434724700003], [84.46993157800006, 24.594380215000058], [84.46884517000007, 24.594415233000063], [84.46775936600005, 24.59436898100006], [84.46675648300004, 24.594485571000064], [84.46606113400009, 24.59436009700005], [84.46562889100005, 24.594001221000042], [84.46480294600008, 24.59344180000005], [84.46389016000006, 24.593355779000035], [84.46319114400006, 24.593830524000055], [84.46271074700007, 24.594067266000025], [84.46205932900006, 24.594023221000043], [84.46132129400007, 24.593622158000073], [84.46041030100008, 24.59325631400003], [84.45906401700006, 24.59301000800008], [84.45723790300008, 24.592923668000026], [84.45645169400007, 24.59311811400005], [84.45644922100007, 24.593515291000074], [84.45662269200005, 24.59419330000003], [84.45692078400003, 24.594673343000068], [84.45774490700006, 24.595512702000065], [84.45804084300005, 24.596349287000066], [84.45786305200005, 24.597147259000053], [84.45847025800003, 24.597944899000026], [84.45911794800008, 24.59858477100005], [84.45981156900007, 24.598985656000025], [84.46050663200003, 24.599151789000075], [84.46137634100006, 24.59903440000005], [84.46215981900008, 24.599277736000033], [84.46267590600007, 24.599637048000034], [84.46289065900004, 24.600039907000053], [84.46310239600007, 24.60091668800004], [84.46353616800008, 24.60183069900006], [84.46392466000003, 24.602072020000037], [84.46479357500004, 24.602076503000035], [84.46579627100004, 24.60200506900003], [84.46618389900004, 24.602404294000053], [84.46692444000007, 24.60240815700007], [84.46693731600004, 24.60272410400006], [84.46675855000007, 24.602885697000033], [84.46543674700007, 24.604237469000054], [84.46497273900007, 24.605020439000043], [84.46484077200006, 24.605602003000058], [84.46503125800007, 24.60672239400003], [84.46519917900008, 24.607508695000035], [84.46530323600007, 24.608231446000048], [84.46554219400008, 24.608715673000063], [84.46584369000004, 24.60945748000006], [84.46585014300007, 24.610003713000026]]]]}}, {"type": "Feature", "properties": {"OBJECTID": 1618, "GPCODE": "91357", "GPNAME_1": "PACHHMI KETAKI", "DIST_CEN_C": null, "BLK_NAME": "DEO", "ST_NAME": null, "ST_CODE_1": null, "GPCODE2011": "93917", "REMARKS": "FINALIZED", "MAP_STATUS": "COMPLETED", "BLK_C_2001": "340010", "BLK_C_2011": "01485", "DIST_NAME": "AURANGABAD", "code2011": 0.0, "Shape_Leng": 0.12845621694, "Shape_Area": 0.00062706857, "Area": 7.03876}, "geometry": {"type": "MultiPolygon", "coordinates": [[[[84.47971453000008, 24.622172146000025], [84.47704254100006, 24.617921075000027], [84.47380647400007, 24.61582714900004], [84.46585014300007, 24.610003713000026], [84.46505422500007, 24.610162004000074], [84.46364117000007, 24.61031716800005], [84.46235562600003, 24.61059030800004], [84.46144745100008, 24.610544851000043], [84.46086849200003, 24.61074501300004], [84.46086716500008, 24.610948070000063], [84.46077557200005, 24.611389921000068], [84.46062299100004, 24.61445399100006], [84.46053139500003, 24.614895842000067], [84.46017644900007, 24.615580113000078], [84.45976966300003, 24.61667026200007], [84.45941782500006, 24.61687148900006], [84.45880014500005, 24.616949514000055], [84.45782681400004, 24.617025668000053], [84.45760788400008, 24.617299868000032], [84.45747019500004, 24.617985216000022], [84.45697721700003, 24.61943598700003], [84.45657773100004, 24.619352664000075], [84.45573853600007, 24.619307664000075], [84.45432587900007, 24.619381391000047], [84.45406595500003, 24.61910012900006], [84.45327244300006, 24.61885225000003], [84.45167879200005, 24.619435044000056], [84.45074765600003, 24.61987249200007], [84.45026473600007, 24.61970737100006], [84.44903161500008, 24.619497774000024], [84.44743775500007, 24.62009858400006], [84.44619766400007, 24.620209351000028], [84.44509720800005, 24.62008607300004], [84.44359638100008, 24.62003743200006], [84.44293475000006, 24.620033850000027], [84.44273498800004, 24.621147732000054], [84.44343419000006, 24.621471891000056], [84.44395551700006, 24.62179518800008], [84.44386441400007, 24.62291864900004], [84.44517574700006, 24.623250661000043], [84.44684118500004, 24.623819215000026], [84.44709985500003, 24.624303543000053], [84.44762817100008, 24.624306442000034], [84.44964135000004, 24.624556350000034], [84.45131045000005, 24.62456525400006], [84.45139318600008, 24.62552710600005], [84.45188813700008, 24.63002543400006], [84.45109753200006, 24.630102434000037], [84.44943235800008, 24.63024705600003], [84.44933522300005, 24.631532996000033], [84.45002377200007, 24.633540707000066], [84.45134331900005, 24.633389759000067], [84.45195361400005, 24.633713501000045], [84.45256240900005, 24.63427640900005], [84.45291002100004, 24.634761196000056], [84.45308064700004, 24.63588603200003], [84.45332868100007, 24.638053928000033], [84.45463127100004, 24.641360349000024], [84.45697667800005, 24.64144950000008], [84.45923462700006, 24.641303402000062], [84.46094238300003, 24.640694025000073], [84.46228980000006, 24.63925213600004], [84.46385828700005, 24.638786493000055], [84.46472745000005, 24.638790976000053], [84.46646780900005, 24.63768520700006], [84.46899431200006, 24.637224350000054], [84.47003536800008, 24.63738778000004], [84.47176828100004, 24.637473466000074], [84.47219503100007, 24.63874855100005], [84.47326715300005, 24.638677366000024], [84.47396375500006, 24.638640380000027], [84.47470112400003, 24.638404901000058], [84.47470646000005, 24.63752930000004], [84.47449484000003, 24.63661642900007], [84.47471622900008, 24.635940521000066], [84.47515165600004, 24.635820934000037], [84.47625426300004, 24.635609935000048], [84.47607113100008, 24.63487318800003], [84.47599054000005, 24.634317597000063], [84.47534726200007, 24.632919573000038], [84.47379134800008, 24.631363357000055], [84.47257112600005, 24.631433779000076], [84.47192103400005, 24.631155027000034], [84.47162029100008, 24.630277806000038], [84.47171388500004, 24.62952003500004], [84.47289180700005, 24.62908828700006], [84.47384783800004, 24.62861921800004], [84.47442183100009, 24.627633702000026], [84.47581821400007, 24.626205549000076], [84.47783210500006, 24.623949942000024], [84.47906151500007, 24.622367435000058], [84.47971453000008, 24.622172146000025]]]]}}, {"type": "Feature", "properties": {"OBJECTID": 1462, "GPCODE": "91342", "GPNAME_1": "BANUA", "DIST_CEN_C": null, "BLK_NAME": "DEO", "ST_NAME": null, "ST_CODE_1": null, "GPCODE2011": "93902", "REMARKS": "FINALIZED", "MAP_STATUS": "COMPLETED", "BLK_C_2001": "340010", "BLK_C_2011": "01485", "DIST_NAME": "AURANGABAD", "code2011": 0.0, "Shape_Leng": 0.21719811565, "Shape_Area": 0.00131960906, "Area": 14.8189}, "geometry": {"type": "MultiPolygon", "coordinates": [[[[84.39511663600007, 24.596569213000066], [84.39569171000005, 24.596224884000037], [84.39716788400005, 24.59623332900003], [84.39878137900007, 24.596368824000024], [84.40011659600003, 24.596028841000077], [84.40140463400007, 24.595381614000075], [84.40293389100003, 24.594821439000043], [84.40412304400007, 24.59491843400008], [84.40479108200003, 24.594701016000045], [84.40541191100004, 24.59414025700005], [84.40665047800007, 24.59423296400007], [84.40845678800008, 24.594333366000058], [84.41112347900008, 24.594217334000064], [84.41529194300006, 24.594710018000058], [84.41630317700003, 24.594092704000047], [84.41709761200008, 24.59341094900003], [84.41727166400005, 24.593213349000052], [84.41805834800005, 24.593700639000076], [84.41849695600007, 24.593820427000026], [84.41955247300007, 24.593225955000037], [84.42017247800004, 24.592787024000074], [84.42079017000003, 24.59194635800003], [84.42132349000008, 24.59118649800007], [84.42282716500006, 24.58923123900007], [84.42344247500006, 24.588756228000022], [84.42397389500007, 24.588276162000057], [84.42423732800006, 24.58799778200006], [84.42427709500004, 24.58813262600006], [84.42497209300006, 24.588114665000035], [84.42523375600007, 24.588116084000035], [84.42576276800008, 24.587997074000043], [84.42602464600003, 24.587957863000042], [84.42681510700004, 24.58788098800005], [84.42808898000004, 24.58784732400005], [84.42962468300004, 24.58777894800005], [84.43032463100008, 24.587940745000026], [84.43032309200004, 24.58818000900004], [84.43027653900003, 24.58850466800004], [84.43010145600005, 24.588864802000046], [84.43005288300003, 24.589505561000067], [84.43021862600006, 24.59058976500006], [84.43100220800005, 24.59155091300005], [84.43113293200008, 24.591795813000033], [84.43113392700008, 24.591795371000046], [84.43182710800005, 24.59148766800007], [84.43240157200006, 24.591210919000048], [84.43355257600007, 24.59109535700003], [84.43452279300004, 24.59069437100004], [84.43624544900007, 24.590744349000033], [84.43717384500007, 24.590708677000066], [84.43769992400007, 24.591036556000063], [84.43822583700006, 24.59140045500004], [84.43901595800008, 24.59213145900003], [84.43971957300005, 24.59250082500006], [84.44042758800003, 24.59217966700004], [84.44122598800004, 24.59161972000004], [84.44180520600008, 24.59137909100008], [84.44185137000005, 24.59109948400004], [84.44123352100007, 24.590450759000078], [84.44048804200008, 24.58967933100007], [84.43991826500007, 24.589229472000056], [84.43917049800007, 24.58882370400005], [84.43846721600005, 24.58841370300007], [84.43780906000006, 24.58788652000004], [84.43745442800008, 24.58776270900006], [84.43706550700006, 24.586830848000034], [84.43733935900008, 24.585703865000028], [84.43747291900007, 24.584896599000047], [84.43770080300004, 24.58400859300008], [84.43757406900005, 24.582996869000056], [84.43712826600006, 24.582457302000023], [84.43652074100004, 24.581740834000072], [84.43571479300005, 24.58117681500005], [84.43493970800006, 24.580432373000065], [84.43455889700004, 24.579775785000038], [84.43440343900005, 24.578619436000054], [84.43437691100007, 24.577378038000063], [84.43451118200005, 24.576462425000045], [84.43532573500005, 24.575695057000075], [84.43611043400006, 24.574959035000063], [84.43666332900006, 24.57419016700004], [84.43699874500004, 24.572684382000034], [84.43613570800005, 24.572566831000074], [84.43544431000004, 24.572621838000032], [84.43366296400006, 24.57252187000006], [84.43109048800005, 24.57188504800007], [84.43012410500006, 24.57171728700007], [84.42911382500006, 24.57146797000007], [84.42870554700005, 24.569741511000075], [84.42894583300006, 24.565423184000053], [84.42845991900003, 24.56348865600006], [84.42732401500007, 24.561320326000043], [84.42640752700004, 24.55957751400007], [84.42566260900009, 24.55800266700004], [84.42509781400008, 24.556821496000055], [84.42424471200007, 24.555209956000056], [84.42372061700007, 24.553834907000066], [84.42315288100008, 24.55310959800005], [84.42265256300004, 24.55264644300007], [84.42190363100008, 24.55244825500006], [84.42138286400007, 24.552093273000025], [84.42085914500007, 24.552934485000037], [84.42085071700006, 24.554211805000023], [84.42080908000008, 24.555290374000037], [84.41983355200006, 24.556530785000064], [84.41842930500007, 24.557669544000078], [84.41691824100008, 24.558545878000075], [84.41511776700008, 24.559876511000027], [84.41403558600007, 24.560822870000038], [84.41267464500004, 24.56137052300005], [84.40814841300005, 24.562884518000033], [84.40707298700005, 24.56353301100006], [84.40674177100004, 24.564352631000077], [84.40637893300004, 24.56546101200007], [84.40648077800006, 24.566477156000076], [84.40708257800009, 24.56726593600007], [84.40822352600009, 24.567895218000046], [84.40918347300004, 24.56901539100005], [84.40960816100005, 24.57047576800005], [84.40802744700005, 24.570647485000052], [84.40716689700008, 24.570904421000023], [84.40690902600005, 24.571819306000066], [84.40683561200007, 24.572464361000073], [84.40565069500008, 24.57250286200008], [84.40402008700005, 24.572750945000053], [84.40311224300007, 24.57269169400007], [84.40232285300004, 24.57189287800003], [84.40175538700004, 24.57113589200003], [84.40115739500004, 24.57051407800003], [84.39987376400006, 24.56982074900003], [84.39901772900004, 24.568664944000034], [84.39798738500008, 24.56774283200008], [84.39555165100006, 24.567367911000076], [84.39366865200003, 24.567718334000062], [84.39221496100004, 24.56809370700006], [84.39213362600003, 24.568431780000026], [84.39223084300005, 24.569389294000075], [84.39174505600005, 24.570411145000037], [84.39120686000007, 24.57116634600004], [84.39085863200006, 24.571552557000075], [84.39004592800006, 24.572026341000026], [84.39022146900004, 24.57234778800006], [84.39033582600007, 24.572939767000037], [84.39077171000008, 24.573452298000063], [84.39127001000008, 24.57348221500007], [84.39194164300005, 24.573431932000062], [84.39232433900008, 24.573781644000064], [84.39264073700008, 24.574428931000057], [84.39290206000004, 24.57520674700004], [84.39260006400008, 24.576062619000027], [84.39239001900006, 24.577189906000058], [84.39273604200008, 24.577837268000053], [84.39267860600006, 24.578297355000075], [84.39162254400009, 24.578264276000027], [84.39033324900004, 24.578392312000062], [84.38933595700007, 24.578413733000048], [84.38933688100008, 24.578278300000022], [84.38922131400005, 24.577848844000073], [84.38913536700005, 24.57741955700004], [84.38875553200006, 24.577390310000055], [84.38819718400003, 24.57746388000004], [84.38820163400004, 24.57682292100003], [84.38811754200003, 24.57612276800006], [84.38782994100006, 24.57558399100003], [84.38724333500005, 24.57547238500007], [84.38603798400004, 24.575600851000047], [84.38538828300005, 24.576053019000028], [84.38515384700008, 24.57640373600003], [84.38456495100007, 24.57661246400005], [84.38394909100003, 24.576446411000063], [84.38368889500003, 24.57623283600003], [84.38336466900006, 24.576014266000072], [84.38298674200007, 24.575691662000054], [84.38229833200006, 24.57530852900004], [84.38205513200006, 24.576218895000068], [84.38252489100006, 24.57681292600006], [84.38287101200007, 24.57745579300007], [84.38327585900004, 24.578157782000062], [84.38314876600003, 24.57941634900004], [84.38299656800007, 24.580733477000024], [84.38331316900008, 24.581349180000075], [84.38359954700007, 24.58205048700006], [84.38391494500007, 24.582846672000073], [84.38391590500004, 24.58284909500003], [84.38426998400007, 24.58291643000007], [84.38512652600008, 24.583268885000052], [84.38602448700004, 24.584059443000058], [84.38606962800003, 24.584669052000038], [84.38625036300004, 24.58567217600006], [84.38801265400008, 24.585682231000078], [84.39010687400008, 24.585518200000024], [84.39210761400005, 24.585312959000078], [84.39191181100006, 24.586530567000068], [84.39256429100004, 24.58858349700006], [84.39283381700005, 24.59032734300007], [84.39282220100006, 24.592024397000046], [84.39319988900007, 24.593114378000053], [84.39346299400006, 24.59581508900004], [84.39278466200005, 24.597553443000038], [84.39411382500003, 24.597389528000065], [84.39511663600007, 24.596569213000066]]]]}}, {"type": "Feature", "properties": {"OBJECTID": 1463, "GPCODE": "91343", "GPNAME_1": "BARANDA RAMPUR", "DIST_CEN_C": null, "BLK_NAME": "DEO", "ST_NAME": null, "ST_CODE_1": null, "GPCODE2011": "93903", "REMARKS": "FINALIZED", "MAP_STATUS": "COMPLETED", "BLK_C_2001": "340010", "BLK_C_2011": "01485", "DIST_NAME": "AURANGABAD", "code2011": 0.0, "Shape_Leng": 0.16807635336, "Shape_Area": 0.00067907726, "Area": 7.6263}, "geometry": {"type": "MultiPolygon", "coordinates": [[[[84.38486949700007, 24.597697770000025], [84.38619801600004, 24.597624121000024], [84.38659687500007, 24.59777534400007], [84.38744527200004, 24.59788861800007], [84.38817540700006, 24.597978543000067], [84.38904849000005, 24.59809184200003], [84.39078248400006, 24.59793475400005], [84.39235857000006, 24.597767687000044], [84.39278466200005, 24.597553443000038], [84.39346299400006, 24.59581508900004], [84.39319988900007, 24.593114378000053], [84.39282220100006, 24.592024397000046], [84.39283381700005, 24.59032734300007], [84.39256429100004, 24.58858349700006], [84.39191181100006, 24.586530567000068], [84.39210761400005, 24.585312959000078], [84.39010687400008, 24.585518200000024], [84.38801265400008, 24.585682231000078], [84.38625036300004, 24.58567217600006], [84.38606962800003, 24.584669052000038], [84.38602448700004, 24.584059443000058], [84.38512652600008, 24.583268885000052], [84.38426998400007, 24.58291643000007], [84.38391590500004, 24.58284909500003], [84.38391494500007, 24.582846672000073], [84.38359954700007, 24.58205048700006], [84.38331316900008, 24.581349180000075], [84.38299656800007, 24.580733477000024], [84.38314876600003, 24.57941634900004], [84.38327585900004, 24.578157782000062], [84.38287101200007, 24.57745579300007], [84.38252489100006, 24.57681292600006], [84.38205513200006, 24.576218895000068], [84.38229833200006, 24.57530852900004], [84.38298674200007, 24.575691662000054], [84.38336466900006, 24.576014266000072], [84.38368889500003, 24.57623283600003], [84.38394909100003, 24.576446411000063], [84.38456495100007, 24.57661246400005], [84.38515384700008, 24.57640373600003], [84.38538828300005, 24.576053019000028], [84.38603798400004, 24.575600851000047], [84.38724333500005, 24.57547238500007], [84.38782994100006, 24.57558399100003], [84.38811754200003, 24.57612276800006], [84.38820163400004, 24.57682292100003], [84.38819718400003, 24.57746388000004], [84.38875553200006, 24.577390310000055], [84.38913536700005, 24.57741955700004], [84.38922131400005, 24.577848844000073], [84.38933688100008, 24.578278300000022], [84.38933595700007, 24.578413733000048], [84.39033324900004, 24.578392312000062], [84.39162254400009, 24.578264276000027], [84.39267860600006, 24.578297355000075], [84.39273604200008, 24.577837268000053], [84.39239001900006, 24.577189906000058], [84.39260006400008, 24.576062619000027], [84.39290206000004, 24.57520674700004], [84.39264073700008, 24.574428931000057], [84.39232433900008, 24.573781644000064], [84.39194164300005, 24.573431932000062], [84.39127001000008, 24.57348221500007], [84.39077171000008, 24.573452298000063], [84.39033582600007, 24.572939767000037], [84.39022146900004, 24.57234778800006], [84.39004592800006, 24.572026341000026], [84.39085863200006, 24.571552557000075], [84.39120686000007, 24.57116634600004], [84.39174505600005, 24.570411145000037], [84.39223084300005, 24.569389294000075], [84.39213362600003, 24.568431780000026], [84.39221496100004, 24.56809370700006], [84.39180603200003, 24.56725184100003], [84.39188472800004, 24.56656169200005], [84.39267506200008, 24.56574918700005], [84.39247046400004, 24.56463768100008], [84.39193864600009, 24.563718352000024], [84.39158597100004, 24.563323660000037], [84.39105006300008, 24.563013685000044], [84.39019622100005, 24.563008825000054], [84.38945129300004, 24.56295489200005], [84.38907639000007, 24.562930204000054], [84.38879066400006, 24.56212056000004], [84.38847500600008, 24.561360496000077], [84.38855865800008, 24.560679417000074], [84.38864147200007, 24.560115624000048], [84.38849737800007, 24.559537109000075], [84.38769324000003, 24.559482828000057], [84.38654806300008, 24.55949886800005], [84.38590862200004, 24.559179205000078], [84.38543285500003, 24.55873863100004], [84.38490362900006, 24.557467237000026], [84.38477970100007, 24.556098913000028], [84.38455408000004, 24.554459077000047], [84.38434681400008, 24.553018051000038], [84.38381850500008, 24.552328879000072], [84.38315466500006, 24.55197756800004], [84.38224720600005, 24.55187756400005], [84.38218876700006, 24.552486534000025], [84.38202038200006, 24.554002178000076], [84.38171519200006, 24.555318417000024], [84.38093538600003, 24.556049694000023], [84.38037614200005, 24.55626309200005], [84.37957048600003, 24.55642997800004], [84.37871532800006, 24.556619085000023], [84.37770217900004, 24.556820875000028], [84.37805014000008, 24.557179440000027], [84.37820237700004, 24.558010860000024], [84.37855122900004, 24.558229569000048], [84.37838722400005, 24.558400128000073], [84.37790699600004, 24.558618548000027], [84.37744211500006, 24.560177613000064], [84.37756938200005, 24.56103590300006], [84.37729355900007, 24.562379389000057], [84.37664813000004, 24.562935398000036], [84.37584783000005, 24.563030077000064], [84.37483016100003, 24.563168602000076], [84.37371023800006, 24.563089871000045], [84.37282677600007, 24.563084651000054], [84.37220579900008, 24.564376485000025], [84.37180361700007, 24.56471720600007], [84.37080919400006, 24.565054469000074], [84.37006256300003, 24.565244222000047], [84.36927074400006, 24.56553298500006], [84.36951558600003, 24.566527403000066], [84.36962625200005, 24.567642888000023], [84.36952783200007, 24.568310369000073], [84.36936788400004, 24.56858931200003], [84.36950363900007, 24.568942123000056], [84.36920618600004, 24.56912548400004], [84.36864621000007, 24.569447183000023], [84.36773745600004, 24.569523064000066], [84.36694674500006, 24.569649387000027], [84.36615171700004, 24.56969891400007], [84.36607022200008, 24.570768171000054], [84.36603547200008, 24.571490125000025], [84.36620336000004, 24.57219076800004], [84.36652788300006, 24.572377678000066], [84.36775533900004, 24.572601531000032], [84.36898637400003, 24.573037593000038], [84.36985957600007, 24.573818997000046], [84.37064464100007, 24.574496139000075], [84.37105642400007, 24.574900253000067], [84.37172137600004, 24.575815962000036], [84.37209850100004, 24.576946539000062], [84.37232383000008, 24.57791377800004], [84.37255546100005, 24.578668978000053], [84.37316407800006, 24.579182548000063], [84.37374664500004, 24.57988099000005], [84.37400997600008, 24.580338407000056], [84.37412714200008, 24.580528702000038], [84.37491635800006, 24.580614522000076], [84.37567764700003, 24.580456480000066], [84.37635416900008, 24.580433301000028], [84.37661981600007, 24.580570279000028], [84.37678898500008, 24.581081306000044], [84.37675725600008, 24.581392536000067], [84.37649227600008, 24.581873986000062], [84.37598863600005, 24.58259774800007], [84.37572379500006, 24.583065652000073], [84.37477211900006, 24.583624357000076], [84.37453712500007, 24.584051802000033], [84.37462842800005, 24.58439988300006], [84.37538043400008, 24.58487814600005], [84.37650755500005, 24.58535864600003], [84.37674091500008, 24.585879086000034], [84.37659601000007, 24.58613550000007], [84.37621963200007, 24.586309416000063], [84.37569890100008, 24.586649366000074], [84.37522382800006, 24.586818162000043], [84.37455785600008, 24.587464271000044], [84.37417577500008, 24.58845501600007], [84.37407561500004, 24.589361670000073], [84.37482525300004, 24.59018754500005], [84.37552693200007, 24.590796471000033], [84.37624451700003, 24.591265575000023], [84.37628308100005, 24.592109798000024], [84.37625573300005, 24.59321104600008], [84.37603685800008, 24.594157641000038], [84.37544086500003, 24.595372862000033], [84.37522217300005, 24.596301396000058], [84.37556948400004, 24.597467994000056], [84.37554522800008, 24.598126827000044], [84.37712533300004, 24.59808636400004], [84.37901743200007, 24.597921232000033], [84.38132845500007, 24.597848897000063], [84.38321495400004, 24.59777395800006], [84.38486949700007, 24.597697770000025]]]]}}, {"type": "Feature", "properties": {"OBJECTID": 1464, "GPCODE": "91344", "GPNAME_1": "BASDIHA", "DIST_CEN_C": null, "BLK_NAME": "DEO", "ST_NAME": null, "ST_CODE_1": null, "GPCODE2011": "93904", "REMARKS": "FINALIZED", "MAP_STATUS": "COMPLETED", "BLK_C_2001": "340010", "BLK_C_2011": "01485", "DIST_NAME": "AURANGABAD", "code2011": 0.0, "Shape_Leng": 0.31202583242, "Shape_Area": 0.00211823244, "Area": 23.7679}, "geometry": {"type": "MultiPolygon", "coordinates": [[[[84.40298036100006, 24.707365886000048], [84.40665496600008, 24.706908139000063], [84.40767764400005, 24.707672160000072], [84.40961528000008, 24.706838987000026], [84.41161888000005, 24.70649816300005], [84.41308239000006, 24.70640041300004], [84.41455033800008, 24.70630235300007], [84.41617202400005, 24.706171453000024], [84.41752978500006, 24.706341467000072], [84.42012998300004, 24.706188937000036], [84.42314049300006, 24.70600239600003], [84.42462459100005, 24.705735253000057], [84.42478739900008, 24.705781242000057], [84.42604771700007, 24.70574755800004], [84.42626793100004, 24.705310990000044], [84.42557912700005, 24.70411103600003], [84.42601841700008, 24.703436431000057], [84.42680486100005, 24.70331888900006], [84.42713068200004, 24.70336130100003], [84.42728802700003, 24.702721221000047], [84.42707273800005, 24.702404095000077], [84.42546059000006, 24.702593789000048], [84.42489162100009, 24.702708031000043], [84.42423891700008, 24.702785711000047], [84.42416069300003, 24.70190959100006], [84.42488896500004, 24.69710208200007], [84.42580280600004, 24.69638944600007], [84.42628466900004, 24.69599482900003], [84.42633907800007, 24.694487535000064], [84.42704175900008, 24.69357517700007], [84.42839367000005, 24.693104078000033], [84.42934800100005, 24.692992015000073], [84.42953360700005, 24.69180591500003], [84.43055502700008, 24.692014581000024], [84.43168435000007, 24.691582917000062], [84.43225968800004, 24.690475694000042], [84.43352758900005, 24.68925036400003], [84.43288969200006, 24.687057766000066], [84.43284957800006, 24.686385036000047], [84.43209801400008, 24.68648475300006], [84.43126311400005, 24.686480198000027], [84.43095938100004, 24.686076823000064], [84.43132168200003, 24.684313905000067], [84.43093586100008, 24.682867429000055], [84.43005890500007, 24.682501527000056], [84.42905265300004, 24.682256868000024], [84.42787305500008, 24.681325060000063], [84.42669812300005, 24.67967565500004], [84.42566718600006, 24.678686044000074], [84.42536656200008, 24.677826803000073], [84.42489782100006, 24.676235405000057], [84.42482004000004, 24.675278023000033], [84.42456167700004, 24.67476206300006], [84.42434483200003, 24.674679583000056], [84.42391720000006, 24.673603009000033], [84.42357667000005, 24.672048455000038], [84.42332062100007, 24.671171350000066], [84.42332217700005, 24.670932184000037], [84.42275979500005, 24.670811719000028], [84.42223520800007, 24.670966778000036], [84.42149707300007, 24.67052490800006], [84.42137491600005, 24.669571836000046], [84.42046081200004, 24.66960293300008], [84.41923756200003, 24.670074613000054], [84.41863050600006, 24.669994469000073], [84.41806629700005, 24.67014936000004], [84.41780872600003, 24.669511502000034], [84.41763222500003, 24.669311889000028], [84.41658936500005, 24.669391880000035], [84.41654700900006, 24.669071165000048], [84.41659282000006, 24.66887282600004], [84.41653712500005, 24.66833087300006], [84.41654201400007, 24.667595133000077], [84.41643260300003, 24.66695358100003], [84.41648151000004, 24.666290360000062], [84.41661614000003, 24.66609251600005], [84.41685905900005, 24.665971983000077], [84.41754117400006, 24.665899012000068], [84.41861297700007, 24.66592300700006], [84.41982297100003, 24.66597038900005], [84.42054505600004, 24.66583445200007], [84.42112156600007, 24.66529592300003], [84.42143132900009, 24.664774070000078], [84.42147863700006, 24.664332052000077], [84.42159074900007, 24.663813564000066], [84.42174839100005, 24.663132852000047], [84.42147359700004, 24.66211120400004], [84.42118949700006, 24.661748603000035], [84.42116357800006, 24.66175485900004], [84.42076894000007, 24.66185010600003], [84.42039716000005, 24.66205116200007], [84.41929880800006, 24.662306855000054], [84.41797798500005, 24.662597471000026], [84.41698849100004, 24.662835750000056], [84.41582519500008, 24.663208418000067], [84.41525140400006, 24.663327098000025], [84.41463822500003, 24.663422955000044], [84.41426194600007, 24.663560844000074], [84.41331316700007, 24.663614171000063], [84.41189333700004, 24.663931241000057], [84.41079074300006, 24.664087606000066], [84.41069263700007, 24.664718980000032], [84.41073204700007, 24.665486521000048], [84.41105927100006, 24.666034522000075], [84.41149945900008, 24.66670502200003], [84.41175457600008, 24.666963646000056], [84.41195086300007, 24.667149804000076], [84.41184509800007, 24.667460666000068], [84.41126059500004, 24.66770564500007], [84.41013091100007, 24.668204880000076], [84.40951227900007, 24.668386535000025], [84.40896197000006, 24.668667740000046], [84.40813797900006, 24.66853674200007], [84.40790415400005, 24.66803442300005], [84.40780531200005, 24.667311690000076], [84.40788435300004, 24.665840718000027], [84.40741183000006, 24.66484054600005], [84.40684162100007, 24.66295963400006], [84.40709483300003, 24.661300011000037], [84.40706610500007, 24.660428723000052], [84.40563663600005, 24.66070502200006], [84.40368999700007, 24.66077538600007], [84.40192224000003, 24.661410784000054], [84.40033345000006, 24.66115807600005], [84.39732581900006, 24.66179104500003], [84.39484898000006, 24.662097394000057], [84.39450106200007, 24.66169373500003], [84.39494347000004, 24.661290019000035], [84.39530897200007, 24.659838704000038], [84.39486775300009, 24.65935324000003], [84.39381008600003, 24.659428434000063], [84.39203967700007, 24.65973882700007], [84.39089263800008, 24.65916808700007], [84.38703852200007, 24.659353542000076], [84.38626634200006, 24.65958387200004], [84.38605674100006, 24.659907619000023], [84.38549170000005, 24.66018869900006], [84.38564218200008, 24.660564283000042], [84.38651257800007, 24.661133447000054], [84.38712513500008, 24.661841111000058], [84.38742078800004, 24.663391027000046], [84.38781888700004, 24.665130998000052], [84.38801435600004, 24.666869919000078], [84.38815077000004, 24.669312588000025], [84.38808984900004, 24.67169998600008], [84.38834566800006, 24.67401692900006], [84.38888732800007, 24.674990500000035], [84.38960131200008, 24.67605983800007], [84.39075260100003, 24.67747466000003], [84.39159819900004, 24.67879299200007], [84.39186964700008, 24.679548302000057], [84.38970550600004, 24.68031679300003], [84.38899755300008, 24.679094012000064], [84.38774365500007, 24.676798392000023], [84.38727069700008, 24.675888445000055], [84.38728206200005, 24.674231976000044], [84.38736714100008, 24.671917028000053], [84.38726687700006, 24.67141539200003], [84.38696294700009, 24.671066100000075], [84.38627760600008, 24.670877064000024], [84.38535323200006, 24.670962037000038], [84.38429156000007, 24.671614902000044], [84.38298380100008, 24.672139999000024], [84.38021261000006, 24.672123982000073], [84.37946156900006, 24.67142897800005], [84.37913596100003, 24.670655289000024], [84.37880070500006, 24.669840885000042], [84.37874443000004, 24.667994471000043], [84.37874677000008, 24.66765147700005], [84.37816431000005, 24.66758493800006], [84.37761887300007, 24.667175522000036], [84.37738587600006, 24.666578354000023], [84.37663193400005, 24.666321220000043], [84.37594239900005, 24.66672793600003], [84.37532442600008, 24.667505204000065], [84.37480110700005, 24.66887877700003], [84.37387396600008, 24.66937438800005], [84.37339477000006, 24.669371588000047], [84.37251059200008, 24.668648826000037], [84.37101175200007, 24.667543178000074], [84.36936263700005, 24.668129328000077], [84.36820813800006, 24.668632638000076], [84.36898829000006, 24.670781199000032], [84.36969307200008, 24.672428233000062], [84.37065900200008, 24.674171668000042], [84.37028521000008, 24.67604712600007], [84.36996646700004, 24.67782817500006], [84.36990389100004, 24.67900140300003], [84.36973786000004, 24.68083292600005], [84.36980709800008, 24.681532933000028], [84.36970712300007, 24.68240353300007], [84.36924614300005, 24.683321577000072], [84.36914693200004, 24.68477889500008], [84.36886182300003, 24.68598688800006], [84.36821512300008, 24.687314643000036], [84.36783987400008, 24.68868905000005], [84.36782906500008, 24.690232652000077], [84.36800182300004, 24.69165094300007], [84.36736097000005, 24.692148159000055], [84.36589971400008, 24.691972625000062], [84.36471277500004, 24.69213260400005], [84.36425677400007, 24.692337560000055], [84.36466216800005, 24.693003458000078], [84.36515645700007, 24.69367439000007], [84.36651981700004, 24.694431611000027], [84.36646917300004, 24.695306980000055], [84.36614676100004, 24.696180740000045], [84.36600075900003, 24.69726771200004], [84.36663166700004, 24.698187611000037], [84.36703562200006, 24.69906567000004], [84.36698559700005, 24.699855266000043], [84.36857062200005, 24.700009047000037], [84.37121145600008, 24.699681457000054], [84.37281813600003, 24.699564516000066], [84.37487658500004, 24.699138701000038], [84.37617802400007, 24.698866430000066], [84.37846299900008, 24.698550195000053], [84.37842209500008, 24.698044478000043], [84.37804588600005, 24.69387163500005], [84.37755125400008, 24.691115480000065], [84.37971015200003, 24.690437402000043], [84.38228415500004, 24.68973469100007], [84.38447326300007, 24.68968415200004], [84.38457422900007, 24.690090894000036], [84.38496401800006, 24.69088761300003], [84.38567516800003, 24.692363158000035], [84.38649449600007, 24.692489713000043], [84.38755867300006, 24.692215987000054], [84.38957959100009, 24.692195954000056], [84.39160180300007, 24.691986387000043], [84.39198032200005, 24.69155070200003], [84.39253061700003, 24.69127407700006], [84.39338554200003, 24.691247324000074], [84.39378896000005, 24.69222002400005], [84.39402632700006, 24.69291200600003], [84.39402173100007, 24.693598080000072], [84.39367627800004, 24.694255089000023], [84.39363699000006, 24.69494095400006], [84.39393823200004, 24.695696422000026], [84.39382871000004, 24.696539862000066], [84.39345124000005, 24.696817552000027], [84.39375155900007, 24.69769942100004], [84.39327042100007, 24.697976565000033], [84.39319847700006, 24.69838233200005], [84.39302342100007, 24.699414989000047], [84.39151535700006, 24.69956433400006], [84.39065926000006, 24.69974447100003], [84.39106989300006, 24.701841169000033], [84.39182712200005, 24.70381792200004], [84.39280556600005, 24.70742091900007], [84.39427245600007, 24.710426383000026], [84.39593735600005, 24.71049001500006], [84.39689766900005, 24.709516027000063], [84.39785009100007, 24.70897526400006], [84.40053688400008, 24.708448843000042], [84.40298036100006, 24.707365886000048]]]]}}, {"type": "Feature", "properties": {"OBJECTID": 1465, "GPCODE": "91345", "GPNAME_1": "BERHANI", "DIST_CEN_C": null, "BLK_NAME": "DEO", "ST_NAME": null, "ST_CODE_1": null, "GPCODE2011": "93905", "REMARKS": "FINALIZED", "MAP_STATUS": "COMPLETED", "BLK_C_2001": "340010", "BLK_C_2011": "01485", "DIST_NAME": "AURANGABAD", "code2011": 0.0, "Shape_Leng": 0.25402373863, "Shape_Area": 0.00125746083, "Area": 14.1149}, "geometry": {"type": "MultiPolygon", "coordinates": [[[[84.42723099100004, 24.651887801000044], [84.42938786100007, 24.651375957000027], [84.43000413700008, 24.65154182400005], [84.43030799900004, 24.65190457800003], [84.43083228600005, 24.652548385000046], [84.43122242000004, 24.65331781900005], [84.43161472100007, 24.653757797000026], [84.43236129200005, 24.653644494000048], [84.43328626300007, 24.653446471000052], [84.43443388900005, 24.653172862000076], [84.43544330100008, 24.65289843100004], [84.43540464100005, 24.652013517000057], [84.43506327300008, 24.650562809000064], [84.43559227400004, 24.650488911000025], [84.43647276000007, 24.65029058300007], [84.43768810400007, 24.65023394900004], [84.43964969900009, 24.650122743000054], [84.44182778900006, 24.650134415000025], [84.44295830000004, 24.65022176100007], [84.44413096600005, 24.650665924000066], [84.44524294200005, 24.65133989900005], [84.44712521000008, 24.65203604100003], [84.44835255000004, 24.652439816000026], [84.44913950600005, 24.65296756500004], [84.44970413300007, 24.653489663000073], [84.45036521200007, 24.65361510100007], [84.45225077700007, 24.653038276000075], [84.45394651400005, 24.65278101800004], [84.45295061500008, 24.64627597200007], [84.45261653600005, 24.643651661000035], [84.45262766600007, 24.641904973000067], [84.45463127100004, 24.641360349000024], [84.45332868100007, 24.638053928000033], [84.45308064700004, 24.63588603200003], [84.45291002100004, 24.634761196000056], [84.45256240900005, 24.63427640900005], [84.45195361400005, 24.633713501000045], [84.45134331900005, 24.633389759000067], [84.45002377200007, 24.633540707000066], [84.44933522300005, 24.631532996000033], [84.44943235800008, 24.63024705600003], [84.45109753200006, 24.630102434000037], [84.45188813700008, 24.63002543400006], [84.45139318600008, 24.62552710600005], [84.45131045000005, 24.62456525400006], [84.44964135000004, 24.624556350000034], [84.44762817100008, 24.624306442000034], [84.44709985500003, 24.624303543000053], [84.44684118500004, 24.623819215000026], [84.44517574700006, 24.623250661000043], [84.44386441400007, 24.62291864900004], [84.44395551700006, 24.62179518800008], [84.44343419000006, 24.621471891000056], [84.44273498800004, 24.621147732000054], [84.44293475000006, 24.620033850000027], [84.44292440800007, 24.619334180000067], [84.44292900600004, 24.618611971000064], [84.44398696100006, 24.617656277000037], [84.44391068400006, 24.616450686000064], [84.44330077400008, 24.615323490000037], [84.44383834000007, 24.61388197900004], [84.44375712800007, 24.612676345000068], [84.44217717000004, 24.61266792500004], [84.44103554700007, 24.612824266000075], [84.44112024400005, 24.613465697000038], [84.44111202200008, 24.614752021000072], [84.44040315400008, 24.615948831000026], [84.43961315500007, 24.61594460500004], [84.43820873200008, 24.616262049000056], [84.43798936600007, 24.615832026000078], [84.43719821800005, 24.61599031000003], [84.43654075300003, 24.616104026000073], [84.43592768800005, 24.616222632000074], [84.43570784100007, 24.61586032400004], [84.43633211100007, 24.614780378000034], [84.43597963100007, 24.614300023000055], [84.43532660800008, 24.613732336000055], [84.43528575400006, 24.613172358000043], [84.43559890700004, 24.61285356700006], [84.43616524900006, 24.613095916000077], [84.43677693700005, 24.613180458000045], [84.43660821600008, 24.612538588000064], [84.43621585800008, 24.612134730000037], [84.43543031100006, 24.611448902000063], [84.43434062600005, 24.610436437000033], [84.43372840900008, 24.60967486900006], [84.43373833900006, 24.608149277000052], [84.43339552300006, 24.606942231000062], [84.43358295500008, 24.605462746000057], [84.43389685900007, 24.60425927700004], [84.43438622100007, 24.60339977500007], [84.43473832800004, 24.603162488000066], [84.43530615700007, 24.603165579000063], [84.43640836600008, 24.60297292300004], [84.43697850300003, 24.602610342000048], [84.43737678200006, 24.602093444000047], [84.43702836900007, 24.601771132000067], [84.43659492000006, 24.60084341000004], [84.43655337700005, 24.600400895000064], [84.43690620800004, 24.60004171500003], [84.43725851000005, 24.599763702000075], [84.43730562800005, 24.59936229500005], [84.43674355300004, 24.598478992000025], [84.43648261700008, 24.59759291000006], [84.43547105600004, 24.598269043000073], [84.43494179500004, 24.59842862200003], [84.43437192900006, 24.59874605300007], [84.43397571100007, 24.598942513000054], [84.43318528700007, 24.599019422000026], [84.43283266500003, 24.599338057000068], [84.43252341900006, 24.59981931300007], [84.43242935600006, 24.60062221000004], [84.43185432300004, 24.600980218000075], [84.43031990200006, 24.60080935600007], [84.42944605900004, 24.600804636000078], [84.42865769700006, 24.600561092000078], [84.42869714000005, 24.60132413200006], [84.42837777200003, 24.60260429300007], [84.42801938000008, 24.603807463000066], [84.42653046700008, 24.604237216000058], [84.42609026400004, 24.60435662200007], [84.42603979900008, 24.60527717900004], [84.42577623300008, 24.605555563000053], [84.42463235400004, 24.606072933000064], [84.42379663600008, 24.60626687900003], [84.42348627400008, 24.60691063400003], [84.42339530800007, 24.607230668000057], [84.42247542200005, 24.60746479000005], [84.42130714000007, 24.607178502000068], [84.42112852800005, 24.607299414000067], [84.42103631300006, 24.607817985000054], [84.42077273100006, 24.608096361000037], [84.41985048600003, 24.60793334300007], [84.41923829500007, 24.607929901000034], [84.41884359000005, 24.607887151000057], [84.41866253900008, 24.60913190900004], [84.41822285200004, 24.60917012500005], [84.41708338200004, 24.609001345000024], [84.41651193700005, 24.60879951000004], [84.41598368800004, 24.608796596000047], [84.41459504400007, 24.60897400700003], [84.41383484600004, 24.608947150000063], [84.41327632900004, 24.60902532500006], [84.41241032500005, 24.60931845300007], [84.41208172800003, 24.609731870000076], [84.41231176000008, 24.610775830000023], [84.41237158000007, 24.611430606000056], [84.41264665400007, 24.61239811200005], [84.41279446200008, 24.613188812000033], [84.41318497800006, 24.614599205000047], [84.41350571400005, 24.615372885000056], [84.41374059000003, 24.61570817200004], [84.41438738200003, 24.61571175100005], [84.41509742500006, 24.615855645000067], [84.41607108000005, 24.61572116800005], [84.41622263900007, 24.61595668700005], [84.41622026000005, 24.61631323100005], [84.41634689700004, 24.616571202000046], [84.41684492500008, 24.616673266000078], [84.41710108800004, 24.616774063000037], [84.41713925900007, 24.617722099000048], [84.41719862000008, 24.61845370800006], [84.41705995600006, 24.61926081400003], [84.41712201100006, 24.620326437000074], [84.41698446100008, 24.620957575000034], [84.41670021100003, 24.621389349000026], [84.41590531900005, 24.621357876000047], [84.41577472700004, 24.621695619000036], [84.41561445900004, 24.622778022000034], [84.41560817600003, 24.62372585600008], [84.41555825900008, 24.624556115000075], [84.41637802900004, 24.624542664000046], [84.41763126600006, 24.62470754700007], [84.41836677800006, 24.624752228000034], [84.41857320600008, 24.624897834000024], [84.41852557700008, 24.625371461000043], [84.41894999400006, 24.62616371000007], [84.41960187800004, 24.62616730700006], [84.42020240000005, 24.62645055400003], [84.42067332600004, 24.626927084000044], [84.42166538300006, 24.627009249000025], [84.42279261200008, 24.62681690100004], [84.42348439200003, 24.62674389600005], [84.42478134900006, 24.62627714000007], [84.42564468500007, 24.626399175000074], [84.42598803100003, 24.626757673000043], [84.42675638100008, 24.627827138000043], [84.42714253000008, 24.62842500200003], [84.42709241600005, 24.62929138000004], [84.42704569100005, 24.63039696800007], [84.42734562000004, 24.630597263000027], [84.42863914000003, 24.630644932000052], [84.42959331900005, 24.630492142000037], [84.43088705500008, 24.630499256000064], [84.43248576200006, 24.630706498000052], [84.43450403800006, 24.630938681000032], [84.43468165600007, 24.630966731000058], [84.43401360000007, 24.631942545000072], [84.43408531200004, 24.633834226000033], [84.43335314500007, 24.634028831000023], [84.43253361600006, 24.63398378100004], [84.43115397800005, 24.634251619000054], [84.42981111800003, 24.63495288200005], [84.42985040300005, 24.635743], [84.43019016400007, 24.636652148000053], [84.43056693300008, 24.637954104000073], [84.43030190900004, 24.63921657000003], [84.43038176800007, 24.639844415000027], [84.42982082900005, 24.640274585000043], [84.42938059400007, 24.641143330000034], [84.42843260400008, 24.641097528000046], [84.42697126700006, 24.641008343000067], [84.42490124100004, 24.64111882000003], [84.42222477200005, 24.641063460000055], [84.41967799600008, 24.641559495000024], [84.41916757500007, 24.64181850500006], [84.41894823700005, 24.642119645000037], [84.41845983000007, 24.642793999000048], [84.41816458900007, 24.644119389000025], [84.41833505600005, 24.64522168900004], [84.41883210900005, 24.646249041000033], [84.41942222200004, 24.64663151800005], [84.41996954400008, 24.64677444000006], [84.42080177300005, 24.647140113000034], [84.42171727000004, 24.647623599000042], [84.42200019000006, 24.648166864000075], [84.42193490700004, 24.64832892000004], [84.42179945200007, 24.64864865800007], [84.42162069700004, 24.648787625000068], [84.42125024500007, 24.648785633000045], [84.42065979800003, 24.64844379300007], [84.42004934200008, 24.64815604200004], [84.41888755100007, 24.647567416000072], [84.41779362400007, 24.647182153000074], [84.41689593000007, 24.646996669000032], [84.41625877200005, 24.647011151000072], [84.41605694200007, 24.647655545000077], [84.41620372800008, 24.648599723000075], [84.41648546200008, 24.64932347900003], [84.41678698900006, 24.650024745000053], [84.41715378400005, 24.651326734000065], [84.41739092500006, 24.65205471400003], [84.41815613700004, 24.652108589000022], [84.41901022400003, 24.652176584000074], [84.41984387400004, 24.652339115000075], [84.42039139500008, 24.652446015000066], [84.42089347900009, 24.652706016000025], [84.42133046300006, 24.653101168000035], [84.42190018600007, 24.65358720200004], [84.42264504100007, 24.653749318000052], [84.42326163700005, 24.65387458200007], [84.42435865500005, 24.65379934400005], [84.42523881900007, 24.653646225000045], [84.42546238100005, 24.653444345000025], [84.42546611500006, 24.652884658000062], [84.42608096200007, 24.652522412000053], [84.42723099100004, 24.651887801000044]]]]}}, {"type": "Feature", "properties": {"OBJECTID": 1466, "GPCODE": "91346", "GPNAME_1": "BERHNA", "DIST_CEN_C": null, "BLK_NAME": "DEO", "ST_NAME": null, "ST_CODE_1": null, "GPCODE2011": "93906", "REMARKS": "FINALIZED", "MAP_STATUS": "COMPLETED", "BLK_C_2001": "340010", "BLK_C_2011": "01485", "DIST_NAME": "AURANGABAD", "code2011": 0.0, "Shape_Leng": 0.19167731343, "Shape_Area": 0.00112378793, "Area": 12.6176}, "geometry": {"type": "MultiPolygon", "coordinates": [[[[84.39630029400007, 24.61204888800006], [84.39700756700006, 24.61187690500003], [84.39719189000004, 24.613087622000023], [84.39751192000006, 24.61468723400003], [84.39874715900004, 24.61456787700007], [84.39970970900004, 24.614618415000052], [84.40143262300006, 24.614673297000024], [84.40260851400006, 24.614571633000025], [84.40333638000004, 24.615004488000068], [84.40439305800004, 24.615741678000063], [84.40516293100006, 24.616544907000048], [84.40584650200003, 24.61694594900007], [84.40653480900005, 24.61666098300003], [84.40668359800009, 24.61583582000003], [84.40668676900003, 24.615357388000064], [84.40740590900003, 24.61487846700004], [84.41050756100003, 24.61402914300004], [84.41236821800004, 24.61342568200007], [84.41279446200008, 24.613188812000033], [84.41264665400007, 24.61239811200005], [84.41237158000007, 24.611430606000056], [84.41231176000008, 24.610775830000023], [84.41208172800003, 24.609731870000076], [84.41241032500005, 24.60931845300007], [84.41327632900004, 24.60902532500006], [84.41383484600004, 24.608947150000063], [84.41459504400007, 24.60897400700003], [84.41598368800004, 24.608796596000047], [84.41651193700005, 24.60879951000004], [84.41708338200004, 24.609001345000024], [84.41822285200004, 24.60917012500005], [84.41866253900008, 24.60913190900004], [84.41884359000005, 24.607887151000057], [84.41923829500007, 24.607929901000034], [84.41985048600003, 24.60793334300007], [84.42077273100006, 24.608096361000037], [84.42103631300006, 24.607817985000054], [84.42112852800005, 24.607299414000067], [84.42130714000007, 24.607178502000068], [84.42247542200005, 24.60746479000005], [84.42339530800007, 24.607230668000057], [84.42348627400008, 24.60691063400003], [84.42379663600008, 24.60626687900003], [84.42463235400004, 24.606072933000064], [84.42577623300008, 24.605555563000053], [84.42603979900008, 24.60527717900004], [84.42609026400004, 24.60435662200007], [84.42653046700008, 24.604237216000058], [84.42801938000008, 24.603807463000066], [84.42837777200003, 24.60260429300007], [84.42869714000005, 24.60132413200006], [84.42865769700006, 24.600561092000078], [84.42944605900004, 24.600804636000078], [84.43031990200006, 24.60080935600007], [84.43185432300004, 24.600980218000075], [84.43242935600006, 24.60062221000004], [84.43252341900006, 24.59981931300007], [84.43283266500003, 24.599338057000068], [84.43318528700007, 24.599019422000026], [84.43397571100007, 24.598942513000054], [84.43437192900006, 24.59874605300007], [84.43494179500004, 24.59842862200003], [84.43547105600004, 24.598269043000073], [84.43648261700008, 24.59759291000006], [84.43775004000008, 24.597053651000067], [84.43877014000003, 24.596576130000074], [84.43938805000005, 24.596457645000044], [84.43973985900004, 24.596256371000038], [84.43984036200004, 24.594437909000078], [84.43980347100006, 24.59326866400005], [84.43971957300005, 24.59250082500006], [84.43901595800008, 24.59213145900003], [84.43822583700006, 24.59140045500004], [84.43769992400007, 24.591036556000063], [84.43717384500007, 24.590708677000066], [84.43624544900007, 24.590744349000033], [84.43452279300004, 24.59069437100004], [84.43355257600007, 24.59109535700003], [84.43240157200006, 24.591210919000048], [84.43182710800005, 24.59148766800007], [84.43113392700008, 24.591795371000046], [84.43113293200008, 24.591795813000033], [84.43100220800005, 24.59155091300005], [84.43021862600006, 24.59058976500006], [84.43005288300003, 24.589505561000067], [84.43010145600005, 24.588864802000046], [84.43027653900003, 24.58850466800004], [84.43032309200004, 24.58818000900004], [84.43032463100008, 24.587940745000026], [84.42962468300004, 24.58777894800005], [84.42808898000004, 24.58784732400005], [84.42681510700004, 24.58788098800005], [84.42602464600003, 24.587957863000042], [84.42576276800008, 24.587997074000043], [84.42523375600007, 24.588116084000035], [84.42497209300006, 24.588114665000035], [84.42427709500004, 24.58813262600006], [84.42423732800006, 24.58799778200006], [84.42397389500007, 24.588276162000057], [84.42344247500006, 24.588756228000022], [84.42282716500006, 24.58923123900007], [84.42132349000008, 24.59118649800007], [84.42079017000003, 24.59194635800003], [84.42017247800004, 24.592787024000074], [84.41955247300007, 24.593225955000037], [84.41849695600007, 24.593820427000026], [84.41805834800005, 24.593700639000076], [84.41727166400005, 24.593213349000052], [84.41709761200008, 24.59341094900003], [84.41630317700003, 24.594092704000047], [84.41529194300006, 24.594710018000058], [84.41112347900008, 24.594217334000064], [84.40845678800008, 24.594333366000058], [84.40665047800007, 24.59423296400007], [84.40541191100004, 24.59414025700005], [84.40479108200003, 24.594701016000045], [84.40412304400007, 24.59491843400008], [84.40293389100003, 24.594821439000043], [84.40140463400007, 24.595381614000075], [84.40011659600003, 24.596028841000077], [84.39878137900007, 24.596368824000024], [84.39716788400005, 24.59623332900003], [84.39569171000005, 24.596224884000037], [84.39511663600007, 24.596569213000066], [84.39411382500003, 24.597389528000065], [84.39278466200005, 24.597553443000038], [84.39235857000006, 24.597767687000044], [84.39078248400006, 24.59793475400005], [84.38904849000005, 24.59809184200003], [84.38817540700006, 24.597978543000067], [84.38744527200004, 24.59788861800007], [84.38659687500007, 24.59777534400007], [84.38619801600004, 24.597624121000024], [84.38486949700007, 24.597697770000025], [84.38321495400004, 24.59777395800006], [84.38132845500007, 24.597848897000063], [84.37901743200007, 24.597921232000033], [84.37712533300004, 24.59808636400004], [84.37554522800008, 24.598126827000044], [84.37523623800007, 24.598535738000066], [84.37430842900005, 24.599198397000066], [84.37383523300008, 24.599800522000066], [84.37361745400005, 24.600575567000078], [84.37373110900006, 24.60127589500007], [84.37385581000007, 24.60180015900005], [84.37432421400007, 24.602601779000054], [84.37436912300006, 24.603247501000055], [84.37365335400006, 24.603933977000054], [84.37261386400007, 24.60432060100004], [84.37251372900005, 24.60522273500004], [84.37321369300008, 24.60609350200008], [84.37367961600006, 24.607260695000036], [84.37315601400007, 24.607993388000068], [84.37240118200003, 24.60861639500007], [84.37187088500008, 24.609606265000025], [84.37205808800007, 24.61038372200005], [84.37285557500007, 24.610731474000033], [84.37342243900008, 24.610865620000027], [84.37341579800005, 24.61181797100005], [84.37262059000005, 24.612558093000075], [84.37287950300004, 24.614378616000067], [84.37371654900005, 24.616847961000076], [84.37445533200008, 24.618535850000058], [84.37477626700007, 24.619959539000035], [84.37467318100005, 24.621299561000058], [84.37417746600005, 24.622285136000073], [84.37577301600004, 24.622204190000048], [84.37704724100007, 24.622170948000075], [84.37841162300003, 24.62196214900007], [84.37964011300005, 24.62140505600007], [84.38134374000003, 24.620683748000033], [84.38266598500007, 24.620131702000037], [84.38394233000008, 24.619791425000074], [84.38557741600005, 24.618266223000035], [84.38666885400005, 24.616805574000068], [84.38842620400004, 24.615434461000063], [84.39040983800004, 24.614190995000058], [84.39282151800006, 24.61317110600004], [84.39540520100007, 24.612255978000064], [84.39630029400007, 24.61204888800006]]]]}}, {"type": "Feature", "properties": {"OBJECTID": 1467, "GPCODE": "91349", "GPNAME_1": "DULARE", "DIST_CEN_C": null, "BLK_NAME": "DEO", "ST_NAME": null, "ST_CODE_1": null, "GPCODE2011": "93909", "REMARKS": "FINALIZED", "MAP_STATUS": "COMPLETED", "BLK_C_2001": "340010", "BLK_C_2011": "01485", "DIST_NAME": "AURANGABAD", "code2011": 0.0, "Shape_Leng": 0.35314529407, "Shape_Area": 0.0041725941, "Area": 46.8781}, "geometry": {"type": "MultiPolygon", "coordinates": [[[[84.37006256300003, 24.565244222000047], [84.37080919400006, 24.565054469000074], [84.37180361700007, 24.56471720600007], [84.37220579900008, 24.564376485000025], [84.37282677600007, 24.563084651000054], [84.37371023800006, 24.563089871000045], [84.37483016100003, 24.563168602000076], [84.37584783000005, 24.563030077000064], [84.37664813000004, 24.562935398000036], [84.37729355900007, 24.562379389000057], [84.37756938200005, 24.56103590300006], [84.37744211500006, 24.560177613000064], [84.37790699600004, 24.558618548000027], [84.37838722400005, 24.558400128000073], [84.37855122900004, 24.558229569000048], [84.37820237700004, 24.558010860000024], [84.37805014000008, 24.557179440000027], [84.37770217900004, 24.556820875000028], [84.37871532800006, 24.556619085000023], [84.37957048600003, 24.55642997800004], [84.38037614200005, 24.55626309200005], [84.38093538600003, 24.556049694000023], [84.38171519200006, 24.555318417000024], [84.38202038200006, 24.554002178000076], [84.38218876700006, 24.552486534000025], [84.38224720600005, 24.55187756400005], [84.38315466500006, 24.55197756800004], [84.38381850500008, 24.552328879000072], [84.38434681400008, 24.553018051000038], [84.38455408000004, 24.554459077000047], [84.38477970100007, 24.556098913000028], [84.38490362900006, 24.557467237000026], [84.38543285500003, 24.55873863100004], [84.38590862200004, 24.559179205000078], [84.38654806300008, 24.55949886800005], [84.38769324000003, 24.559482828000057], [84.38849737800007, 24.559537109000075], [84.38864147200007, 24.560115624000048], [84.38855865800008, 24.560679417000074], [84.38847500600008, 24.561360496000077], [84.38879066400006, 24.56212056000004], [84.38907639000007, 24.562930204000054], [84.38945129300004, 24.56295489200005], [84.39019622100005, 24.563008825000054], [84.39105006300008, 24.563013685000044], [84.39130752300008, 24.56217557000008], [84.39181159300006, 24.56135695100005], [84.39214161000007, 24.56073590400007], [84.39235730700005, 24.560218060000068], [84.39253965300009, 24.559528545000035], [84.39307941700008, 24.559269785000026], [84.39351418200005, 24.558486850000065], [84.39348786800008, 24.55727252500003], [84.39388124400006, 24.556755689000056], [84.39432290900004, 24.555679446000056], [84.39418551500006, 24.554825600000072], [84.39400489700006, 24.553799904000073], [84.39376124300009, 24.55334711300003], [84.39283853900008, 24.552588069000024], [84.39212720700004, 24.551961163000044], [84.39188129900003, 24.55111114600004], [84.39177644600005, 24.55055537100003], [84.39220689700005, 24.550390831000072], [84.39271056000007, 24.55036209600007], [84.39285456800008, 24.55023206800007], [84.39238969300004, 24.549638110000046], [84.39121651900007, 24.548715144000028], [84.39043131300008, 24.548056162000023], [84.38979050300009, 24.547231031000024], [84.38947144900004, 24.546967375000065], [84.39019036600007, 24.54647949500003], [84.39066070700005, 24.546256526000036], [84.39077265600008, 24.545765128000028], [84.39038119300005, 24.545270858000038], [84.39002563000008, 24.54459179500003], [84.38892159100004, 24.54437787100005], [84.38809771700005, 24.54434156700006], [84.38763399900006, 24.543585165000025], [84.38667961500005, 24.543155375000026], [84.38546022300005, 24.54321156700007], [84.38391883800006, 24.543464554000025], [84.38284750700006, 24.54353060400007], [84.38227612400004, 24.543364755000027], [84.38217435500007, 24.54238018700005], [84.38264227800005, 24.54179613100007], [84.38364533400005, 24.541603249000048], [84.38418481100007, 24.541376213000035], [84.38426874300006, 24.53993674800006], [84.38448425200005, 24.539445998000076], [84.38481355600004, 24.538928888000044], [84.38453651600008, 24.537582142000076], [84.38446741400008, 24.536859537000055], [84.38418620900006, 24.536135787000035], [84.38412097300005, 24.534857990000035], [84.38463210000003, 24.533718995000072], [84.38492361700008, 24.532935274000067], [84.38556780100004, 24.53254626000006], [84.38607157600006, 24.532481433000044], [84.38643307000007, 24.532289393000042], [84.38618728400007, 24.53143484700007], [84.38605043700005, 24.53051778300005], [84.38580703800005, 24.530028955000034], [84.38502007700004, 24.52966328900004], [84.38340771200006, 24.52949153000003], [84.38112105800008, 24.529054123000037], [84.38001625500004, 24.528271353000036], [84.37955000600004, 24.528616227000043], [84.37886644800005, 24.529005047000055], [84.37782390000007, 24.52919755000005], [84.37693488300005, 24.52860114200007], [84.37600508700007, 24.528203106000035], [84.37528941200009, 24.528230536000024], [84.37431886600007, 24.528716841000062], [84.37339348700004, 24.529104215000075], [84.37242519000006, 24.52926555600004], [84.37149403200004, 24.52906152500003], [84.37103181600008, 24.528828609000072], [84.37171907900006, 24.527916325000035], [84.37251429600008, 24.526381779000076], [84.37294286700006, 24.525774917000035], [84.37327076200006, 24.525447349000046], [84.37356012200007, 24.52499311200006], [84.37337961200006, 24.524694169000043], [84.37256372300004, 24.524233555000023], [84.37267898200008, 24.522559600000022], [84.37373140500006, 24.52092728300005], [84.37413175200004, 24.520112578000067], [84.37424426500007, 24.51883589600004], [84.37472148200004, 24.517601910000053], [84.37444262800005, 24.516553092000038], [84.37516232200005, 24.51593435700005], [84.37537721900009, 24.51553842000004], [84.37477509900003, 24.51484882500006], [84.37456372800006, 24.51402607400007], [84.37453168100006, 24.51366930300003], [84.37390297300004, 24.513254870000026], [84.37308387200005, 24.51256406400006], [84.37284741700006, 24.511790844000075], [84.37280558900005, 24.51163150700006], [84.37255905200004, 24.510692366000058], [84.37206646000004, 24.509867925000037], [84.37135635800007, 24.509109995000074], [84.36892350900007, 24.508472993000055], [84.36610223500008, 24.50767102900005], [84.36385493900008, 24.506610669000054], [84.36211606100005, 24.50552619900003], [84.36011538900004, 24.50449886800004], [84.35776234000008, 24.503076641000064], [84.35544799200005, 24.50174945200007], [84.35412592500006, 24.501055551000036], [84.35320074600008, 24.50072053300005], [84.35261369200003, 24.50073059300007], [84.35097299600005, 24.500685318000023], [84.35049615900004, 24.500626392000072], [84.35028180200004, 24.50050008100004], [84.34936805300003, 24.499957460000076], [84.34742812700006, 24.498740705000046], [84.34719409400003, 24.49844898300006], [84.34695871600007, 24.498155583000027], [84.34688259100005, 24.49776698200003], [84.34706552800003, 24.49701881900006], [84.34684885600007, 24.49558214500007], [84.34666506800005, 24.495066517000055], [84.34621854400007, 24.49472079800006], [84.34585057500004, 24.494447750000063], [84.34486070300005, 24.49421611300005], [84.34414985200004, 24.49427956100004], [84.34321806900005, 24.494206277000046], [84.34250965100006, 24.493926705000035], [84.34120814700003, 24.49313346100007], [84.33856703200007, 24.492025169000044], [84.33608901000008, 24.490895289000036], [84.33489765500008, 24.490549607000048], [84.33295571000008, 24.490330149000044], [84.33213860900008, 24.490086014000042], [84.33150477700008, 24.489739077000024], [84.33061200300006, 24.489052058000027], [84.33023934800008, 24.48874290400005], [84.32998064700007, 24.488362103000043], [84.32953991900007, 24.487917150000044], [84.32871874300008, 24.48756902300005], [84.32801019600004, 24.487325499000065], [84.32736928100007, 24.487276459000043], [84.32734207600004, 24.488291866000054], [84.32743189400009, 24.49154227300005], [84.32746587100007, 24.492296288000034], [84.32717982000008, 24.49296257900005], [84.32657837500005, 24.493577307000066], [84.32646173900008, 24.494018957000037], [84.32655975600005, 24.496140912000044], [84.32676993200005, 24.497753638000063], [84.32700524300003, 24.498630769000044], [84.32754160300004, 24.500315285000056], [84.32712502400005, 24.501154648000067], [84.32603951900006, 24.50252468000008], [84.32419777800004, 24.50408414700007], [84.32376133600008, 24.505078986000058], [84.32333046500008, 24.505979065000076], [84.32315779300006, 24.506650543000035], [84.32209129000006, 24.508106504000068], [84.32192130300007, 24.509089434000032], [84.32180513900005, 24.510122344000024], [84.32165533000006, 24.511037647000023], [84.32168215400003, 24.512089571000047], [84.32171570200006, 24.51290669200006], [84.32201380000004, 24.51329671600007], [84.32226141200005, 24.51384438200006], [84.32230842500007, 24.51482868000005], [84.32232149400005, 24.51573148800003], [84.32211810500007, 24.516565300000025], [84.32141544800004, 24.517513345000054], [84.32053240300007, 24.518162381000025], [84.31943493300008, 24.518449065000027], [84.31831830600004, 24.51932681900007], [84.31736655300006, 24.51993032400003], [84.31641135600006, 24.520317085000045], [84.31524006300003, 24.521244154000044], [84.31437564500004, 24.52204222200004], [84.31220246100008, 24.522994665000056], [84.31260583000005, 24.52649076600005], [84.31289122800007, 24.52925943300005], [84.31241056000005, 24.530863321000027], [84.31231655300007, 24.531553302000077], [84.31145492700006, 24.533962789000043], [84.31067384000005, 24.53547900500007], [84.30899243400006, 24.537287539000033], [84.30659482600004, 24.539177339000048], [84.30436244400005, 24.54073409800003], [84.30228244800008, 24.543032032000042], [84.30114819400006, 24.54423907200004], [84.30002918400004, 24.545378526000036], [84.29983668400007, 24.547358792000068], [84.29937593500006, 24.548899524000035], [84.29880858100006, 24.550191394000024], [84.29848001300007, 24.551218406000032], [84.29850033000008, 24.553100706000066], [84.29852478000004, 24.55444596700005], [84.29827759400007, 24.556457503000047], [84.29829325500003, 24.55699923800006], [84.29831490900006, 24.558055528000068], [84.29831271700004, 24.55834896600004], [84.29816008100005, 24.55961175300007], [84.29946410400004, 24.55815756800007], [84.30088391300006, 24.557719726000073], [84.30199778500008, 24.557279824000034], [84.30315164900009, 24.556759026000066], [84.30528079600003, 24.55584711700004], [84.30768137700005, 24.554927770000063], [84.30928027000004, 24.55428781100005], [84.31087582400005, 24.554099188000066], [84.31229338200006, 24.55394546800005], [84.31313513100008, 24.554253134000078], [84.31361993700006, 24.554093650000027], [84.31459977000003, 24.55373413800004], [84.31624038200005, 24.553460005000034], [84.31832065100008, 24.55379786700007], [84.31916036400008, 24.554371763000063], [84.31963862600008, 24.555101422000064], [84.32034159600005, 24.556161909000025], [84.32126689100005, 24.557178665000038], [84.32183253000005, 24.55811652700004], [84.32240579700004, 24.558684250000056], [84.32355422300003, 24.558894456000075], [84.32386781700006, 24.558530743000063], [84.32451161400007, 24.558039351000048], [84.32462856800004, 24.557768061000047], [84.32503016300006, 24.55752687100005], [84.32564620000005, 24.557652438000048], [84.32600004700004, 24.55785776600004], [84.32617476400003, 24.55826506300008], [84.32670744300003, 24.558304446000022], [84.32826097000003, 24.55779037700006], [84.32942001200007, 24.557228705000057], [84.33066058700007, 24.556992561000072], [84.33139217500008, 24.55683455600007], [84.33267714900006, 24.55591256400004], [84.33369888800007, 24.555228158000034], [84.33503166400004, 24.554509567000025], [84.33617901100007, 24.55419153400004], [84.33759571000007, 24.55415947000006], [84.33891628500004, 24.554451852000057], [84.33966500200006, 24.55465947400006], [84.34029228100007, 24.554595557000027], [84.34128491000007, 24.555188330000078], [84.34326873900005, 24.55659054700004], [84.34539517000007, 24.558083777000036], [84.34651942200009, 24.558916535000037], [84.34742728500004, 24.559648726000034], [84.34759815300004, 24.55991600400006], [84.34855795100003, 24.560968934000073], [84.34957671100005, 24.562076382000043], [84.35089271000004, 24.563023071000032], [84.35133052700007, 24.56323785400008], [84.35296946900007, 24.563893076000056], [84.35419172400003, 24.564839164000034], [84.35500856400006, 24.565891214000033], [84.35556068500006, 24.56668886800003], [84.35687998900005, 24.566480040000044], [84.35787892000008, 24.566215142000033], [84.35864124300008, 24.56589917900004], [84.35943404700004, 24.56547512900005], [84.36026000500004, 24.56523620400003], [84.36107778200005, 24.56545770500003], [84.36259742900006, 24.566243044000032], [84.36414385900008, 24.56743474900003], [84.36539969400008, 24.568538971000066], [84.36603509300005, 24.569431868000038], [84.36615171700004, 24.56969891400007], [84.36694674500006, 24.569649387000027], [84.36773745600004, 24.569523064000066], [84.36864621000007, 24.569447183000023], [84.36920618600004, 24.56912548400004], [84.36950363900007, 24.568942123000056], [84.36936788400004, 24.56858931200003], [84.36952783200007, 24.568310369000073], [84.36962625200005, 24.567642888000023], [84.36951558600003, 24.566527403000066], [84.36927074400006, 24.56553298500006], [84.37006256300003, 24.565244222000047]]]]}}, {"type": "Feature", "properties": {"OBJECTID": 1468, "GPCODE": "91351", "GPNAME_1": "AROURA", "DIST_CEN_C": null, "BLK_NAME": "DEO", "ST_NAME": null, "ST_CODE_1": null, "GPCODE2011": "93911", "REMARKS": "FINALIZED", "MAP_STATUS": "COMPLETED", "BLK_C_2001": "340010", "BLK_C_2011": "01485", "DIST_NAME": "AURANGABAD", "code2011": 0.0, "Shape_Leng": 0.32688798371, "Shape_Area": 0.00281420317, "Area": 31.6028}, "geometry": {"type": "MultiPolygon", "coordinates": [[[[84.46062299100004, 24.61445399100006], [84.46077557200005, 24.611389921000068], [84.46086716500008, 24.610948070000063], [84.46086849200003, 24.61074501300004], [84.46144745100008, 24.610544851000043], [84.46235562600003, 24.61059030800004], [84.46364117000007, 24.61031716800005], [84.46505422500007, 24.610162004000074], [84.46585014300007, 24.610003713000026], [84.46584369000004, 24.60945748000006], [84.46554219400008, 24.608715673000063], [84.46530323600007, 24.608231446000048], [84.46519917900008, 24.607508695000035], [84.46503125800007, 24.60672239400003], [84.46484077200006, 24.605602003000058], [84.46497273900007, 24.605020439000043], [84.46543674700007, 24.604237469000054], [84.46675855000007, 24.602885697000033], [84.46693731600004, 24.60272410400006], [84.46692444000007, 24.60240815700007], [84.46618389900004, 24.602404294000053], [84.46579627100004, 24.60200506900003], [84.46479357500004, 24.602076503000035], [84.46392466000003, 24.602072020000037], [84.46353616800008, 24.60183069900006], [84.46310239600007, 24.60091668800004], [84.46289065900004, 24.600039907000053], [84.46267590600007, 24.599637048000034], [84.46215981900008, 24.599277736000033], [84.46137634100006, 24.59903440000005], [84.46050663200003, 24.599151789000075], [84.45981156900007, 24.598985656000025], [84.45911794800008, 24.59858477100005], [84.45847025800003, 24.597944899000026], [84.45786305200005, 24.597147259000053], [84.45804084300005, 24.596349287000066], [84.45774490700006, 24.595512702000065], [84.45692078400003, 24.594673343000068], [84.45662269200005, 24.59419330000003], [84.45644922100007, 24.593515291000074], [84.45645169400007, 24.59311811400005], [84.45723790300008, 24.592923668000026], [84.45906401700006, 24.59301000800008], [84.46041030100008, 24.59325631400003], [84.46132129400007, 24.593622158000073], [84.46205932900006, 24.594023221000043], [84.46271074700007, 24.594067266000025], [84.46319114400006, 24.593830524000055], [84.46389016000006, 24.593355779000035], [84.46480294600008, 24.59344180000005], [84.46562889100005, 24.594001221000042], [84.46606113400009, 24.59436009700005], [84.46675648300004, 24.594485571000064], [84.46775936600005, 24.59436898100006], [84.46884517000007, 24.594415233000063], [84.46993157800006, 24.594380215000058], [84.47054395900005, 24.59434724700003], [84.47066863700007, 24.59494375500003], [84.47062227700007, 24.595259488000067], [84.47037293300008, 24.59565986800004], [84.47115394200006, 24.595501427000045], [84.47154989100005, 24.595345499000075], [84.47268190400007, 24.595112105000055], [84.47433268900005, 24.594804683000064], [84.47537532000007, 24.594652070000052], [84.47646812400006, 24.594377875000077], [84.47629195700006, 24.59411512400004], [84.47601208800006, 24.59387445400006], [84.47523015500008, 24.593373959000076], [84.47484048800004, 24.593313244000058], [84.47465007300008, 24.59297371300005], [84.47419259100008, 24.59270955100004], [84.47395724400008, 24.592451095000058], [84.47385054100005, 24.592134556000076], [84.47424216200005, 24.591874749000056], [84.47457051400005, 24.591461197000058], [84.47477041700006, 24.591065009000033], [84.47479200300006, 24.590767219000043], [84.47464096800007, 24.590450494000038], [84.47414311700004, 24.59032604500004], [84.47347196700008, 24.590281977000075], [84.47318637100005, 24.59016315100007], [84.47290553500005, 24.59006242600003], [84.47262499700008, 24.589920977000077], [84.47288992700004, 24.589389796000034], [84.47323806800006, 24.58897180400004], [84.47345694000006, 24.58871563300005], [84.47361127100004, 24.58849523400005], [84.47365696500003, 24.588296873000047], [84.47374671200004, 24.588157384000056], [84.47350537800008, 24.588056895000022], [84.47248426300007, 24.58793418600004], [84.47200537100008, 24.587931784000034], [84.47166079400006, 24.587776533000067], [84.47127157100005, 24.587652606000063], [84.47096643700007, 24.587493076000044], [84.47066671900006, 24.58727480400006], [84.47045083400008, 24.58705704600004], [84.47008240400004, 24.58675721800006], [84.46988745700008, 24.586359044000062], [84.46980549900007, 24.586038099000064], [84.46985413300007, 24.585361302000024], [84.46998512800008, 24.584924193000063], [84.47029440800009, 24.584411165000063], [84.47046874600005, 24.58415481700007], [84.47064409000006, 24.583735948000026], [84.47073497800005, 24.583420396000065], [84.47092948500006, 24.583100915000045], [84.47102085500006, 24.582686141000067], [84.47093414100004, 24.58234718800003], [84.47065412900008, 24.58212456700005], [84.47048250300008, 24.581925053000077], [84.47041908700004, 24.581807420000075], [84.47022396500006, 24.58142721300004], [84.47013725300008, 24.58108825900007], [84.47024529300006, 24.580384682000044], [84.47033336000004, 24.579703515000062], [84.47015355500008, 24.579242170000043], [84.46989882700007, 24.578929371000072], [84.46901351900004, 24.57841029000008], [84.46872427200003, 24.578083751000065], [84.46820811900005, 24.577738002000046], [84.46772294000004, 24.577175803000046], [84.46722847400008, 24.576514204000034], [84.46721424800006, 24.575624970000035], [84.46718997600004, 24.574762648000046], [84.46706854100006, 24.57365166900007], [84.46706098300007, 24.572487093000063], [84.46700148300005, 24.571732921000034], [84.46715120700009, 24.570668518000048], [84.46716989100008, 24.57004564600004], [84.46701723400008, 24.569187230000068], [84.46693635200006, 24.568699338000044], [84.46695326300005, 24.568356363000078], [84.46721754000004, 24.56792893000005], [84.46760531200005, 24.567493123000077], [84.46799820900003, 24.567007701000023], [84.46847127000007, 24.56634207700006], [84.46899392600005, 24.56562259900005], [84.47053862100006, 24.56405980200003], [84.47109570900005, 24.56338113700008], [84.47176148500006, 24.56266237500006], [84.47244624900009, 24.562070087000052], [84.47353437300006, 24.56089763400007], [84.47396220000007, 24.56034909400006], [84.47467710300003, 24.559671172000037], [84.47467939700005, 24.559296563000032], [84.47547995900004, 24.558339249000028], [84.47627368500008, 24.557675333000077], [84.47765676700004, 24.556689376000065], [84.47851874100007, 24.556161176000046], [84.48036523300004, 24.55524075200003], [84.48161217900008, 24.55471450600004], [84.48232968600007, 24.554420225000058], [84.48370517500007, 24.55384047900003], [84.48485238600006, 24.553476102000047], [84.48556391500006, 24.553348894000067], [84.48648802400004, 24.55314594200007], [84.48810986100005, 24.55263958000006], [84.49088156400006, 24.55243966100005], [84.49115133900006, 24.55242020000003], [84.49206116600004, 24.551314339000044], [84.49278432200003, 24.549237117000075], [84.49397348100007, 24.545975122000073], [84.49443598300007, 24.54455104500005], [84.49529052700007, 24.54277238800006], [84.49549174400005, 24.54212344900003], [84.49530148800005, 24.540930842000023], [84.49421104600003, 24.539264225000068], [84.49220805100003, 24.53752989700007], [84.49104249400006, 24.53686952000004], [84.49020686700004, 24.535502191000035], [84.48741925200005, 24.534594397000035], [84.48582269900004, 24.534000830000025], [84.48515446700003, 24.53375238800004], [84.48106568900005, 24.53343360100007], [84.47905242400003, 24.533423365000033], [84.47717898900004, 24.533950958000048], [84.47587230400006, 24.534598664000043], [84.47353640500006, 24.534884583000064], [84.47210582900004, 24.534818546000054], [84.47145906200006, 24.534873898000058], [84.47112928200005, 24.535526722000043], [84.47060674900007, 24.53623718700004], [84.46904680500006, 24.53634648900004], [84.46781460500006, 24.536100830000066], [84.46779983500005, 24.536087257000077], [84.46597314600007, 24.536240192000037], [84.46532548100004, 24.536435469000025], [84.46457534700005, 24.536431520000065], [84.46389808700008, 24.535836740000036], [84.46154230300004, 24.53457863500006], [84.46036497700004, 24.534247502000028], [84.45903803900006, 24.534172815000034], [84.45817897400008, 24.53423600900004], [84.45735943400007, 24.53429492300006], [84.45621692400005, 24.533927747000064], [84.45503747500004, 24.533167743000035], [84.45421878400003, 24.53231033800006], [84.45307663700004, 24.531880030000025], [84.45228552600008, 24.532137618000036], [84.45088475600005, 24.532816293000053], [84.44930230400007, 24.534121433000053], [84.44782646400006, 24.535747540000045], [84.44673785900005, 24.53777291700004], [84.44615147300004, 24.539963501000045], [84.44596394400008, 24.541506232000074], [84.44571308100006, 24.542159389000062], [84.44556268000008, 24.542519665000043], [84.44516890800008, 24.543140469000036], [84.44505601200007, 24.543826027000023], [84.44511527800006, 24.54536550000006], [84.44449674500004, 24.54716320600005], [84.44420283000005, 24.548375820000047], [84.44450877700007, 24.550702021000063], [84.44496423100009, 24.55279886900007], [84.44495227700008, 24.554667494000057], [84.44475593700008, 24.556828563000067], [84.44459793600004, 24.559152304000065], [84.44433342700006, 24.56193591400006], [84.44411428500007, 24.56301353400005], [84.44367981200008, 24.563796611000043], [84.44299681500007, 24.56409081700008], [84.44220422500007, 24.564542473000074], [84.44126782700005, 24.565097111000057], [84.44019046000005, 24.566070876000026], [84.43932433900005, 24.567212641000026], [84.43906313200006, 24.568687280000063], [84.43865727300005, 24.57038679200008], [84.43843417900007, 24.571301839000057], [84.43782308400006, 24.57192150800006], [84.43699874500004, 24.572684382000034], [84.43666332900006, 24.57419016700004], [84.43611043400006, 24.574959035000063], [84.43532573500005, 24.575695057000075], [84.43451118200005, 24.576462425000045], [84.43437691100007, 24.577378038000063], [84.43440343900005, 24.578619436000054], [84.43455889700004, 24.579775785000038], [84.43493970800006, 24.580432373000065], [84.43571479300005, 24.58117681500005], [84.43652074100004, 24.581740834000072], [84.43712826600006, 24.582457302000023], [84.43757406900005, 24.582996869000056], [84.43770080300004, 24.58400859300008], [84.43747291900007, 24.584896599000047], [84.43733935900008, 24.585703865000028], [84.43706550700006, 24.586830848000034], [84.43745442800008, 24.58776270900006], [84.43780906000006, 24.58788652000004], [84.43846721600005, 24.58841370300007], [84.43917049800007, 24.58882370400005], [84.43991826500007, 24.589229472000056], [84.44048804200008, 24.58967933100007], [84.44123352100007, 24.590450759000078], [84.44185137000005, 24.59109948400004], [84.44180520600008, 24.59137909100008], [84.44122598800004, 24.59161972000004], [84.44042758800003, 24.59217966700004], [84.43971957300005, 24.59250082500006], [84.43980347100006, 24.59326866400005], [84.43984036200004, 24.594437909000078], [84.43973985900004, 24.596256371000038], [84.43938805000005, 24.596457645000044], [84.43877014000003, 24.596576130000074], [84.43775004000008, 24.597053651000067], [84.43648261700008, 24.59759291000006], [84.43674355300004, 24.598478992000025], [84.43730562800005, 24.59936229500005], [84.43725851000005, 24.599763702000075], [84.43690620800004, 24.60004171500003], [84.43655337700005, 24.600400895000064], [84.43659492000006, 24.60084341000004], [84.43702836900007, 24.601771132000067], [84.43737678200006, 24.602093444000047], [84.43697850300003, 24.602610342000048], [84.43640836600008, 24.60297292300004], [84.43530615700007, 24.603165579000063], [84.43473832800004, 24.603162488000066], [84.43438622100007, 24.60339977500007], [84.43389685900007, 24.60425927700004], [84.43358295500008, 24.605462746000057], [84.43339552300006, 24.606942231000062], [84.43373833900006, 24.608149277000052], [84.43372840900008, 24.60967486900006], [84.43434062600005, 24.610436437000033], [84.43543031100006, 24.611448902000063], [84.43621585800008, 24.612134730000037], [84.43660821600008, 24.612538588000064], [84.43677693700005, 24.613180458000045], [84.43616524900006, 24.613095916000077], [84.43559890700004, 24.61285356700006], [84.43528575400006, 24.613172358000043], [84.43532660800008, 24.613732336000055], [84.43597963100007, 24.614300023000055], [84.43633211100007, 24.614780378000034], [84.43570784100007, 24.61586032400004], [84.43592768800005, 24.616222632000074], [84.43654075300003, 24.616104026000073], [84.43719821800005, 24.61599031000003], [84.43798936600007, 24.615832026000078], [84.43820873200008, 24.616262049000056], [84.43961315500007, 24.61594460500004], [84.44040315400008, 24.615948831000026], [84.44111202200008, 24.614752021000072], [84.44112024400005, 24.613465697000038], [84.44103554700007, 24.612824266000075], [84.44217717000004, 24.61266792500004], [84.44375712800007, 24.612676345000068], [84.44383834000007, 24.61388197900004], [84.44330077400008, 24.615323490000037], [84.44391068400006, 24.616450686000064], [84.44398696100006, 24.617656277000037], [84.44292900600004, 24.618611971000064], [84.44292440800007, 24.619334180000067], [84.44293475000006, 24.620033850000027], [84.44359638100008, 24.62003743200006], [84.44509720800005, 24.62008607300004], [84.44619766400007, 24.620209351000028], [84.44743775500007, 24.62009858400006], [84.44903161500008, 24.619497774000024], [84.45026473600007, 24.61970737100006], [84.45074765600003, 24.61987249200007], [84.45167879200005, 24.619435044000056], [84.45327244300006, 24.61885225000003], [84.45406595500003, 24.61910012900006], [84.45432587900007, 24.619381391000047], [84.45573853600007, 24.619307664000075], [84.45657773100004, 24.619352664000075], [84.45697721700003, 24.61943598700003], [84.45747019500004, 24.617985216000022], [84.45760788400008, 24.617299868000032], [84.45782681400004, 24.617025668000053], [84.45880014500005, 24.616949514000055], [84.45941782500006, 24.61687148900006], [84.45976966300003, 24.61667026200007], [84.46017644900007, 24.615580113000078], [84.46053139500003, 24.614895842000067], [84.46062299100004, 24.61445399100006]]]]}}, {"type": "Feature", "properties": {"OBJECTID": 1469, "GPCODE": "91352", "GPNAME_1": "HASAULI", "DIST_CEN_C": null, "BLK_NAME": "DEO", "ST_NAME": null, "ST_CODE_1": null, "GPCODE2011": "93912", "REMARKS": "FINALIZED", "MAP_STATUS": "COMPLETED", "BLK_C_2001": "340010", "BLK_C_2011": "01485", "DIST_NAME": "AURANGABAD", "code2011": 0.0, "Shape_Leng": 0.19260361338, "Shape_Area": 0.00144149522, "Area": 16.1708}, "geometry": {"type": "MultiPolygon", "coordinates": [[[[84.40591945200003, 24.734662918000026], [84.40608392700005, 24.73372045800005], [84.40652033300006, 24.733506272000056], [84.40830791700006, 24.733732990000078], [84.40863063900008, 24.73279143900004], [84.40858138400006, 24.73129266600006], [84.40825624800004, 24.726723030000073], [84.40806145200008, 24.72628859200006], [84.40714916400003, 24.72599007100007], [84.40595816000007, 24.725983389000078], [84.40381355900007, 24.72593521600004], [84.40246658900008, 24.725602657000024], [84.40168152900003, 24.72476320000004], [84.40128910800007, 24.723600929000042], [84.40157030400007, 24.722948047000045], [84.40163160600008, 24.721919279000076], [84.40129610100007, 24.71892480300005], [84.40208102700007, 24.716861992000076], [84.40233256600004, 24.714742005000062], [84.40132506400005, 24.714655074000063], [84.40092611900008, 24.712260651000065], [84.40053688400008, 24.708448843000042], [84.39785009100007, 24.70897526400006], [84.39689766900005, 24.709516027000063], [84.39593735600005, 24.71049001500006], [84.39427245600007, 24.710426383000026], [84.39280556600005, 24.70742091900007], [84.39182712200005, 24.70381792200004], [84.39106989300006, 24.701841169000033], [84.39065926000006, 24.69974447100003], [84.39151535700006, 24.69956433400006], [84.39302342100007, 24.699414989000047], [84.39319847700006, 24.69838233200005], [84.39327042100007, 24.697976565000033], [84.39375155900007, 24.69769942100004], [84.39345124000005, 24.696817552000027], [84.39382871000004, 24.696539862000066], [84.39393823200004, 24.695696422000026], [84.39363699000006, 24.69494095400006], [84.39367627800004, 24.694255089000023], [84.39402173100007, 24.693598080000072], [84.39402632700006, 24.69291200600003], [84.39378896000005, 24.69222002400005], [84.39338554200003, 24.691247324000074], [84.39253061700003, 24.69127407700006], [84.39198032200005, 24.69155070200003], [84.39160180300007, 24.691986387000043], [84.38957959100009, 24.692195954000056], [84.38755867300006, 24.692215987000054], [84.38649449600007, 24.692489713000043], [84.38567516800003, 24.692363158000035], [84.38496401800006, 24.69088761300003], [84.38457422900007, 24.690090894000036], [84.38447326300007, 24.68968415200004], [84.38228415500004, 24.68973469100007], [84.37971015200003, 24.690437402000043], [84.37755125400008, 24.691115480000065], [84.37804588600005, 24.69387163500005], [84.37842209500008, 24.698044478000043], [84.37846299900008, 24.698550195000053], [84.37617802400007, 24.698866430000066], [84.37487658500004, 24.699138701000038], [84.37281813600003, 24.699564516000066], [84.37121145600008, 24.699681457000054], [84.36857062200005, 24.700009047000037], [84.36698559700005, 24.699855266000043], [84.36561694800008, 24.699847230000046], [84.36583773300003, 24.700764742000047], [84.36610504100008, 24.702102336000053], [84.36586994300006, 24.702507181000044], [84.36486445800006, 24.70285333100003], [84.36452215900005, 24.70374505600006], [84.36412900200008, 24.704825938000056], [84.36327833600006, 24.705637912000043], [84.36284809700004, 24.707079709000027], [84.36266477500004, 24.709249730000067], [84.36239239100007, 24.711419138000053], [84.36196162300007, 24.71223359100003], [84.36026180600004, 24.71291859400003], [84.36040055900008, 24.714950549000037], [84.36044059000005, 24.717672423000067], [84.36096844600007, 24.718492553000033], [84.36263685100005, 24.718773271000032], [84.36400532000005, 24.718835503000037], [84.36447656200005, 24.719276079000053], [84.36470688300005, 24.720256964000043], [84.36422058100004, 24.72193761400007], [84.36443881700006, 24.723920428000042], [84.36467672700007, 24.725912263000055], [84.36424502600005, 24.726866656000027], [84.36435298200007, 24.727670654000065], [84.36403708900008, 24.728314311000076], [84.36340828800007, 24.729163656000026], [84.36308857000006, 24.730348830000025], [84.36316486400005, 24.731432535000067], [84.36349822800008, 24.73252232300007], [84.36471485700008, 24.732403066000074], [84.36547231100008, 24.73223600600005], [84.36584609000005, 24.73249548700005], [84.36603509200006, 24.73301570600006], [84.36503806300004, 24.733528876000037], [84.36394411900005, 24.73447032000007], [84.36375224300008, 24.735033371000043], [84.36441056100006, 24.735596959000077], [84.36568905600006, 24.735130540000057], [84.36677910500003, 24.734748843000034], [84.367677, 24.734280194000064], [84.36843260700005, 24.734370338000076], [84.37022879200003, 24.73476912600006], [84.37173879200003, 24.73512101800003], [84.37230597100006, 24.73529578800003], [84.37268363900006, 24.734995586000025], [84.37301687500008, 24.734699681000052], [84.37334742100006, 24.734787391000054], [84.37437469900004, 24.734197597000048], [84.37533889000008, 24.734140036000042], [84.37650798600004, 24.734458260000054], [84.37757358200008, 24.734748833000026], [84.38025702300007, 24.73479607300004], [84.38325422700007, 24.734497417000057], [84.38777906700005, 24.734144382000068], [84.38922799600005, 24.734026337000046], [84.39056805400008, 24.733939286000066], [84.39197651200004, 24.734674003000066], [84.39375814800007, 24.735780973000033], [84.39492066900004, 24.736356414000056], [84.39605763000003, 24.736331289000077], [84.39719587500008, 24.736116560000028], [84.39967477600004, 24.735719895000045], [84.40312552700004, 24.73485931400006], [84.40591945200003, 24.734662918000026]]]]}}, {"type": "Feature", "properties": {"OBJECTID": 1470, "GPCODE": "91353", "GPNAME_1": "ISRAUR", "DIST_CEN_C": null, "BLK_NAME": "DEO", "ST_NAME": null, "ST_CODE_1": null, "GPCODE2011": "93913", "REMARKS": "FINALIZED", "MAP_STATUS": "COMPLETED", "BLK_C_2001": "340010", "BLK_C_2011": "01485", "DIST_NAME": "AURANGABAD", "code2011": 0.0, "Shape_Leng": 0.22680048825, "Shape_Area": 0.0009847507, "Area": 11.0522}, "geometry": {"type": "MultiPolygon", "coordinates": [[[[84.38808984900004, 24.67169998600008], [84.38815077000004, 24.669312588000025], [84.38801435600004, 24.666869919000078], [84.38781888700004, 24.665130998000052], [84.38742078800004, 24.663391027000046], [84.38712513500008, 24.661841111000058], [84.38651257800007, 24.661133447000054], [84.38564218200008, 24.660564283000042], [84.38549170000005, 24.66018869900006], [84.38605674100006, 24.659907619000023], [84.38626634200006, 24.65958387200004], [84.38703852200007, 24.659353542000076], [84.39089263800008, 24.65916808700007], [84.39203967700007, 24.65973882700007], [84.39381008600003, 24.659428434000063], [84.39486775300009, 24.65935324000003], [84.39530897200007, 24.659838704000038], [84.39494347000004, 24.661290019000035], [84.39450106200007, 24.66169373500003], [84.39484898000006, 24.662097394000057], [84.39732581900006, 24.66179104500003], [84.40033345000006, 24.66115807600005], [84.40192224000003, 24.661410784000054], [84.40368999700007, 24.66077538600007], [84.40563663600005, 24.66070502200006], [84.40706610500007, 24.660428723000052], [84.40709483300003, 24.661300011000037], [84.40684162100007, 24.66295963400006], [84.40741183000006, 24.66484054600005], [84.40788435300004, 24.665840718000027], [84.40780531200005, 24.667311690000076], [84.40790415400005, 24.66803442300005], [84.40813797900006, 24.66853674200007], [84.40896197000006, 24.668667740000046], [84.40951227900007, 24.668386535000025], [84.41013091100007, 24.668204880000076], [84.41126059500004, 24.66770564500007], [84.41184509800007, 24.667460666000068], [84.41195086300007, 24.667149804000076], [84.41175457600008, 24.666963646000056], [84.41149945900008, 24.66670502200003], [84.41105927100006, 24.666034522000075], [84.41073204700007, 24.665486521000048], [84.41069263700007, 24.664718980000032], [84.41079074300006, 24.664087606000066], [84.41189333700004, 24.663931241000057], [84.41331316700007, 24.663614171000063], [84.41426194600007, 24.663560844000074], [84.41463822500003, 24.663422955000044], [84.41525140400006, 24.663327098000025], [84.41582519500008, 24.663208418000067], [84.41698849100004, 24.662835750000056], [84.41797798500005, 24.662597471000026], [84.41929880800006, 24.662306855000054], [84.42039716000005, 24.66205116200007], [84.42076894000007, 24.66185010600003], [84.42116357800006, 24.66175485900004], [84.42118949700006, 24.661748603000035], [84.42107954200003, 24.661197338000022], [84.42095454100007, 24.660677545000055], [84.42040978800009, 24.66013285300005], [84.42010510400007, 24.659147246000032], [84.42002577200003, 24.658442656000034], [84.41979065200007, 24.657398681000075], [84.41976770000008, 24.657141242000023], [84.41974869600006, 24.657019279000053], [84.41913667900008, 24.656957242000033], [84.41858850300008, 24.656931599000075], [84.41810599300004, 24.65670778200007], [84.41753093400007, 24.657020587000034], [84.41567285600007, 24.657141161000027], [84.41438814800006, 24.65721977800007], [84.41247209800008, 24.657145961000026], [84.41194023100007, 24.65689922000007], [84.41159195000006, 24.656536137000046], [84.41137409700008, 24.655884972000024], [84.41138532300005, 24.65419237800006], [84.41135395400005, 24.652233325000054], [84.41093014000006, 24.651359800000023], [84.41055440200006, 24.65066258300004], [84.40969332200007, 24.650919526000052], [84.40964475100003, 24.651528668000026], [84.40816745400008, 24.65160611300007], [84.40827733500004, 24.64921451600003], [84.40828172700003, 24.648560029000066], [84.40766516400004, 24.648425678000024], [84.40786042300005, 24.647293844000046], [84.40881402800005, 24.64724952800003], [84.40934016700004, 24.646859766000034], [84.40953714100004, 24.64621091400005], [84.40906413500005, 24.64529199900005], [84.40857918600005, 24.644698025000025], [84.40696163200005, 24.644341389000033], [84.40520487200007, 24.64411030200006], [84.40468519000007, 24.643543193000028], [84.40388259100007, 24.64245083900005], [84.40302943000006, 24.64152978000004], [84.40270056200006, 24.641225535000046], [84.39946109200008, 24.641162097000063], [84.39879143800005, 24.641596083000024], [84.39793094200007, 24.641762769000024], [84.39721834200003, 24.641975339000055], [84.39671526100005, 24.641146501000037], [84.39619764300005, 24.640272481000068], [84.39605647600007, 24.639969223000037], [84.39472515200003, 24.639654681000025], [84.39334182800008, 24.639732624000033], [84.39262908300003, 24.639949690000037], [84.39173110600007, 24.638373829000045], [84.39107681700006, 24.637282250000055], [84.39045609200008, 24.637062103000062], [84.39074965900005, 24.636016562000066], [84.39098870500004, 24.63571554600003], [84.39075436900004, 24.63532153700004], [84.39009611700004, 24.634973366000054], [84.39009007900006, 24.634970172000067], [84.38976457100006, 24.63563177900005], [84.38949310500004, 24.636320862000048], [84.38932687600004, 24.637525074000052], [84.38910949200005, 24.63898174700006], [84.38894537500005, 24.639860928000076], [84.38860531400007, 24.64048637800005], [84.38809543700006, 24.64065951200007], [84.38693557200008, 24.64126224100005], [84.38559914200005, 24.64168778900006], [84.38397983500005, 24.64232392400004], [84.38228959400004, 24.64249026500005], [84.38100975500004, 24.642577681000034], [84.37992380400004, 24.64249009100007], [84.37808114700005, 24.642560684000046], [84.37680639300004, 24.642643590000034], [84.37717086000004, 24.643489690000024], [84.37776045000004, 24.64535726200006], [84.37753181300008, 24.646285789000046], [84.37655328600005, 24.64707902200007], [84.37608481300003, 24.647685611000043], [84.37608152300004, 24.64815501000004], [84.37633475500007, 24.648675616000048], [84.37699401000003, 24.649758175000045], [84.37796506800004, 24.65074777800004], [84.37524241600005, 24.650921529000072], [84.37354856300004, 24.65086653000003], [84.37196057300008, 24.65052775500004], [84.37052925300009, 24.64967082000004], [84.37016707200007, 24.649903445000064], [84.36964783900004, 24.65069926600006], [84.36989645900007, 24.651874276000058], [84.37017823300005, 24.65465180900003], [84.37016177900006, 24.656998887000043], [84.37050268800004, 24.659113200000036], [84.37019278300005, 24.659630529000026], [84.36921903100006, 24.65971957200003], [84.36726236700008, 24.660507023000036], [84.36638289500007, 24.66125104500003], [84.36652738700008, 24.66247063900005], [84.36672698700005, 24.663600245000055], [84.36620624800008, 24.664585655000053], [84.36691589800006, 24.665528658000028], [84.36722583900007, 24.66571552000005], [84.36711445400005, 24.66679360300003], [84.36803459600003, 24.667318076000072], [84.36844030900005, 24.667929797000056], [84.36820813800006, 24.668632638000076], [84.36936263700005, 24.668129328000077], [84.37101175200007, 24.667543178000074], [84.37251059200008, 24.668648826000037], [84.37339477000006, 24.669371588000047], [84.37387396600008, 24.66937438800005], [84.37480110700005, 24.66887877700003], [84.37532442600008, 24.667505204000065], [84.37594239900005, 24.66672793600003], [84.37663193400005, 24.666321220000043], [84.37738587600006, 24.666578354000023], [84.37761887300007, 24.667175522000036], [84.37816431000005, 24.66758493800006], [84.37874677000008, 24.66765147700005], [84.37874443000004, 24.667994471000043], [84.37880070500006, 24.669840885000042], [84.37913596100003, 24.670655289000024], [84.37946156900006, 24.67142897800005], [84.38021261000006, 24.672123982000073], [84.38298380100008, 24.672139999000024], [84.38429156000007, 24.671614902000044], [84.38535323200006, 24.670962037000038], [84.38627760600008, 24.670877064000024], [84.38696294700009, 24.671066100000075], [84.38726687700006, 24.67141539200003], [84.38736714100008, 24.671917028000053], [84.38728206200005, 24.674231976000044], [84.38727069700008, 24.675888445000055], [84.38774365500007, 24.676798392000023], [84.38899755300008, 24.679094012000064], [84.38970550600004, 24.68031679300003], [84.39186964700008, 24.679548302000057], [84.39159819900004, 24.67879299200007], [84.39075260100003, 24.67747466000003], [84.38960131200008, 24.67605983800007], [84.38888732800007, 24.674990500000035], [84.38834566800006, 24.67401692900006], [84.38808984900004, 24.67169998600008]]]]}}, {"type": "Feature", "properties": {"OBJECTID": 1471, "GPCODE": "91354", "GPNAME_1": "KHARKANI", "DIST_CEN_C": null, "BLK_NAME": "DEO", "ST_NAME": null, "ST_CODE_1": null, "GPCODE2011": "93914", "REMARKS": "FINALIZED", "MAP_STATUS": "COMPLETED", "BLK_C_2001": "340010", "BLK_C_2011": "01485", "DIST_NAME": "AURANGABAD", "code2011": 0.0, "Shape_Leng": 0.26497125281, "Shape_Area": 0.00203185621, "Area": 22.793}, "geometry": {"type": "MultiPolygon", "coordinates": [[[[84.34379947400004, 24.76093030800007], [84.34633277500006, 24.76063873000004], [84.34723959700005, 24.760337227000036], [84.34839049600004, 24.759775452000042], [84.34948730300005, 24.75987228500003], [84.35115844300003, 24.75983722500007], [84.35244800400005, 24.759930719000067], [84.35358029000008, 24.75990144000008], [84.35530240200006, 24.759649919000026], [84.35540604900007, 24.75829642700006], [84.35471080100007, 24.755286282000043], [84.35514838700004, 24.754241683000032], [84.35553398400003, 24.753544413000043], [84.35554047500005, 24.752628223000045], [84.35538226500006, 24.75125964600005], [84.35647199700009, 24.750941131000047], [84.35732325200007, 24.751496904000078], [84.35849754900005, 24.751792737000073], [84.35900316500005, 24.752292225000076], [84.36063148400007, 24.752008567000075], [84.36206106100008, 24.751872633000062], [84.36288859900003, 24.75158865800006], [84.36352704700005, 24.75147508400005], [84.36315846200006, 24.750475367000035], [84.36336757500004, 24.749569377000057], [84.36292626600004, 24.746966925000038], [84.36182722100006, 24.744419269000048], [84.36345205100008, 24.744618504000073], [84.36479042400003, 24.744784381000045], [84.36657838200006, 24.74498449400005], [84.36686131500005, 24.744105973000046], [84.36745612800007, 24.742471074000036], [84.36839104500007, 24.741668590000074], [84.37021725500006, 24.741336299000068], [84.37307477900004, 24.741258257000027], [84.37304923700003, 24.739967258000036], [84.37274793200004, 24.738521137000077], [84.37313814900006, 24.73714226800007], [84.37359025700005, 24.736106772000028], [84.37334742100006, 24.734787391000054], [84.37301687500008, 24.734699681000052], [84.37268363900006, 24.734995586000025], [84.37230597100006, 24.73529578800003], [84.37173879200003, 24.73512101800003], [84.37022879200003, 24.73476912600006], [84.36843260700005, 24.734370338000076], [84.367677, 24.734280194000064], [84.36677910500003, 24.734748843000034], [84.36568905600006, 24.735130540000057], [84.36441056100006, 24.735596959000077], [84.36375224300008, 24.735033371000043], [84.36394411900005, 24.73447032000007], [84.36503806300004, 24.733528876000037], [84.36603509200006, 24.73301570600006], [84.36584609000005, 24.73249548700005], [84.36547231100008, 24.73223600600005], [84.36471485700008, 24.732403066000074], [84.36349822800008, 24.73252232300007], [84.36316486400005, 24.731432535000067], [84.36308857000006, 24.730348830000025], [84.36340828800007, 24.729163656000026], [84.36403708900008, 24.728314311000076], [84.36435298200007, 24.727670654000065], [84.36424502600005, 24.726866656000027], [84.36467672700007, 24.725912263000055], [84.36443881700006, 24.723920428000042], [84.36422058100004, 24.72193761400007], [84.36470688300005, 24.720256964000043], [84.36447656200005, 24.719276079000053], [84.36400532000005, 24.718835503000037], [84.36263685100005, 24.718773271000032], [84.36096844600007, 24.718492553000033], [84.36044059000005, 24.717672423000067], [84.36040055900008, 24.714950549000037], [84.36026180600004, 24.71291859400003], [84.36196162300007, 24.71223359100003], [84.36239239100007, 24.711419138000053], [84.36266477500004, 24.709249730000067], [84.36284809700004, 24.707079709000027], [84.36327833600006, 24.705637912000043], [84.36412900200008, 24.704825938000056], [84.36452215900005, 24.70374505600006], [84.36486445800006, 24.70285333100003], [84.36586994300006, 24.702507181000044], [84.36610504100008, 24.702102336000053], [84.36583773300003, 24.700764742000047], [84.36561694800008, 24.699847230000046], [84.36698559700005, 24.699855266000043], [84.36703562200006, 24.69906567000004], [84.36663166700004, 24.698187611000037], [84.36600075900003, 24.69726771200004], [84.36614676100004, 24.696180740000045], [84.36646917300004, 24.695306980000055], [84.36651981700004, 24.694431611000027], [84.36515645700007, 24.69367439000007], [84.36466216800005, 24.693003458000078], [84.36425677400007, 24.692337560000055], [84.36388675600006, 24.692958258000033], [84.36319856900008, 24.69316628300004], [84.36260659700008, 24.693036395000036], [84.36238374500005, 24.692407698000068], [84.36225336600006, 24.69128304700007], [84.36175790800007, 24.690779133000035], [84.36103022600008, 24.69027377200007], [84.35998053100008, 24.689892928000063], [84.35838950000004, 24.689215497000077], [84.35720411400007, 24.68916776100008], [84.35628831700006, 24.689415070000052], [84.35582813100007, 24.690202251000073], [84.35532150900008, 24.690573854000036], [84.35436570700006, 24.690193544000067], [84.35359369100007, 24.689687927000023], [84.35318238700006, 24.689852442000074], [84.35297264700006, 24.690158087000043], [84.35378249300004, 24.691611824000063], [84.35189313400008, 24.693261508000035], [84.35000145800007, 24.695231679000074], [84.34876394900004, 24.696244324000077], [84.34764229600006, 24.696932692000075], [84.34659685900004, 24.695964995000054], [84.34453875400004, 24.69632723500007], [84.34289608700004, 24.69663777200003], [84.33977981200007, 24.697796922000066], [84.33836397200008, 24.698158501000023], [84.33774090000009, 24.69687278400005], [84.33518352400006, 24.697945008000033], [84.33391699200007, 24.69817201400008], [84.33168439100007, 24.698740610000073], [84.33060313700008, 24.698616608000066], [84.32996363900008, 24.698901590000048], [84.32976880400008, 24.699193795000042], [84.33005653700008, 24.700382665000063], [84.33007851900004, 24.700560469000038], [84.33030840200007, 24.702419847000044], [84.33070758000008, 24.704588750000028], [84.33035100200004, 24.70469492600006], [84.32945649100003, 24.704716543000075], [84.32862508100004, 24.704896468000072], [84.32853491800006, 24.705058437000048], [84.32844481000006, 24.705220315000076], [84.32823246500004, 24.705873521000058], [84.32864032900005, 24.70685094600003], [84.32922748500005, 24.707639950000043], [84.32955022000004, 24.70810681200004], [84.32975079800008, 24.709051369000065], [84.33004833800004, 24.712948400000073], [84.33018260900008, 24.71484942400008], [84.33000974400005, 24.715516442000023], [84.33067704900003, 24.71548886200003], [84.33115300400004, 24.715270647000068], [84.33402020700004, 24.71378516900006], [84.33501494500007, 24.71358809800006], [84.33453379100007, 24.714519481000025], [84.33267865600004, 24.716810115000044], [84.33230066100003, 24.71781430300007], [84.33237333800008, 24.719367412000054], [84.33167194400005, 24.722003622000045], [84.33195236600005, 24.722185856000067], [84.33328319000003, 24.721986359000027], [84.33543740900006, 24.721381181000027], [84.33699629500006, 24.721079264000025], [84.33710015200006, 24.722424895000074], [84.33681751500006, 24.72255405800007], [84.33553860000006, 24.723087951000025], [84.33477641600007, 24.723236761000067], [84.33434745000005, 24.723775766000074], [84.33418656500004, 24.724830961000066], [84.33435248500007, 24.726474935000056], [84.33461349300006, 24.727947955000047], [84.33225557300005, 24.728014759000075], [84.33104794600007, 24.728251036000074], [84.32971300200006, 24.72832416400007], [84.32986146500008, 24.733001083000033], [84.32993095700004, 24.73564648300004], [84.33100816900009, 24.735689188000038], [84.33261801000003, 24.735879586000067], [84.33317162900005, 24.739245663000077], [84.33380807100008, 24.73940297000007], [84.33439836100007, 24.73979478700005], [84.33451811900005, 24.740996093000035], [84.33566389000003, 24.741120473000024], [84.33614801200008, 24.74454016100003], [84.33656290200008, 24.745932855000035], [84.33662946400005, 24.748334519000025], [84.33691529500004, 24.750475708000067], [84.33656457400008, 24.75248207900006], [84.33615725500005, 24.754781555000022], [84.33578503600006, 24.75633646400007], [84.33526757400006, 24.75814322000008], [84.33537193700005, 24.759416702000067], [84.33579577000006, 24.760944813000037], [84.33771964400006, 24.760830216000045], [84.33850025400005, 24.760898162000046], [84.34074355400008, 24.761042666000037], [84.34379947400004, 24.76093030800007]]]]}}, {"type": "Feature", "properties": {"OBJECTID": 1472, "GPCODE": "91355", "GPNAME_1": "PAWAI", "DIST_CEN_C": null, "BLK_NAME": "DEO", "ST_NAME": null, "ST_CODE_1": null, "GPCODE2011": "93915", "REMARKS": "FINALIZED", "MAP_STATUS": "COMPLETED", "BLK_C_2001": "340010", "BLK_C_2011": "01485", "DIST_NAME": "AURANGABAD", "code2011": 0.0, "Shape_Leng": 0.17919500535, "Shape_Area": 0.00099495261, "Area": 11.1618}, "geometry": {"type": "MultiPolygon", "coordinates": [[[[84.33392161200004, 24.747528145000047], [84.33322094500005, 24.744657694000068], [84.33456692900006, 24.74444929400005], [84.33614801200008, 24.74454016100003], [84.33566389000003, 24.741120473000024], [84.33451811900005, 24.740996093000035], [84.33439836100007, 24.73979478700005], [84.33380807100008, 24.73940297000007], [84.33317162900005, 24.739245663000077], [84.33261801000003, 24.735879586000067], [84.33100816900009, 24.735689188000038], [84.32993095700004, 24.73564648300004], [84.32986146500008, 24.733001083000033], [84.32971300200006, 24.72832416400007], [84.33104794600007, 24.728251036000074], [84.33225557300005, 24.728014759000075], [84.33461349300006, 24.727947955000047], [84.33435248500007, 24.726474935000056], [84.33418656500004, 24.724830961000066], [84.33434745000005, 24.723775766000074], [84.33477641600007, 24.723236761000067], [84.33553860000006, 24.723087951000025], [84.33681751500006, 24.72255405800007], [84.33710015200006, 24.722424895000074], [84.33699629500006, 24.721079264000025], [84.33543740900006, 24.721381181000027], [84.33328319000003, 24.721986359000027], [84.33195236600005, 24.722185856000067], [84.33167194400005, 24.722003622000045], [84.33237333800008, 24.719367412000054], [84.33230066100003, 24.71781430300007], [84.33267865600004, 24.716810115000044], [84.33453379100007, 24.714519481000025], [84.33501494500007, 24.71358809800006], [84.33402020700004, 24.71378516900006], [84.33115300400004, 24.715270647000068], [84.33067704900003, 24.71548886200003], [84.33000974400005, 24.715516442000023], [84.33018260900008, 24.71484942400008], [84.33004833800004, 24.712948400000073], [84.32975079800008, 24.709051369000065], [84.32955022000004, 24.70810681200004], [84.32922748500005, 24.707639950000043], [84.32864032900005, 24.70685094600003], [84.32823246500004, 24.705873521000058], [84.32844481000006, 24.705220315000076], [84.32853491800006, 24.705058437000048], [84.32862508100004, 24.704896468000072], [84.32945649100003, 24.704716543000075], [84.33035100200004, 24.70469492600006], [84.33070758000008, 24.704588750000028], [84.33030840200007, 24.702419847000044], [84.33007851900004, 24.700560469000038], [84.32881932000004, 24.700645832000077], [84.32760789500009, 24.70075573400004], [84.32716669300004, 24.700288139000065], [84.32697829500006, 24.699704761000078], [84.32628049600004, 24.699176848000036], [84.32577164200006, 24.699173716000075], [84.32550992700004, 24.69981301400003], [84.32258322100006, 24.70002514400005], [84.31818538900006, 24.700056627000038], [84.31386197400008, 24.70003423000003], [84.31253790600005, 24.700684891000037], [84.31179887800005, 24.701713866000034], [84.31092596900004, 24.702800739000054], [84.30959137100007, 24.703523604000054], [84.30825766800007, 24.704120060000037], [84.30713024800008, 24.704234821000057], [84.30668105600006, 24.704818712000076], [84.30816252600005, 24.706258885000068], [84.30907600200004, 24.70701388300006], [84.30996458100003, 24.70713679100004], [84.30937685400005, 24.70971934000005], [84.31039640400007, 24.712140543000032], [84.31019963200004, 24.713348877000044], [84.31072992500003, 24.71774849600007], [84.31034403800004, 24.719127171000025], [84.30901551600004, 24.72032853500008], [84.30739126300006, 24.72273305400006], [84.30612810100007, 24.729030512000065], [84.30633653100006, 24.729184202000056], [84.30887562100008, 24.731056398000078], [84.30866972000007, 24.732797262000076], [84.30888678300005, 24.733511844000077], [84.30891481200007, 24.734387643000048], [84.31075968100004, 24.736191034000058], [84.31351124900004, 24.737702308000053], [84.31619952300008, 24.739095659000043], [84.31794235200005, 24.741345224000042], [84.31875394300005, 24.741219435000062], [84.31942358400005, 24.74090308700005], [84.32018913600007, 24.740971082000044], [84.32050263400004, 24.74135661100007], [84.32141704200006, 24.743357349000064], [84.32158605700005, 24.743900005000057], [84.32112650900007, 24.744538101000046], [84.32087326700008, 24.745366972000056], [84.32048176500007, 24.746163425000077], [84.32089803900004, 24.746680642000058], [84.32188216800006, 24.746618993000027], [84.32282645400005, 24.746593269000073], [84.32391717500008, 24.746153192000065], [84.32511104700006, 24.745808492000037], [84.32601079600005, 24.747127469000077], [84.32719093600008, 24.74863771100007], [84.32760352900004, 24.749664917000075], [84.32788423900007, 24.750474490000045], [84.32823682700007, 24.751591524000048], [84.32870930700005, 24.75187429700003], [84.32976826600003, 24.751727326000037], [84.33104903000003, 24.751658490000068], [84.33120548500005, 24.75133947100005], [84.33123572600005, 24.750472530000025], [84.33148604800004, 24.750031770000078], [84.33137124700005, 24.748171487000036], [84.33302908300004, 24.747910778000062], [84.33392161200004, 24.747528145000047]]]]}}, {"type": "Feature", "properties": {"OBJECTID": 1473, "GPCODE": "91356", "GPNAME_1": "SARGANWAN", "DIST_CEN_C": null, "BLK_NAME": "DEO", "ST_NAME": null, "ST_CODE_1": null, "GPCODE2011": "93916", "REMARKS": "FINALIZED", "MAP_STATUS": "COMPLETED", "BLK_C_2001": "340010", "BLK_C_2011": "01485", "DIST_NAME": "AURANGABAD", "code2011": 0.0, "Shape_Leng": 0.22495261444, "Shape_Area": 0.00137494818, "Area": 15.4342}, "geometry": {"type": "MultiPolygon", "coordinates": [[[[84.41715378400005, 24.651326734000065], [84.41678698900006, 24.650024745000053], [84.41648546200008, 24.64932347900003], [84.41620372800008, 24.648599723000075], [84.41605694200007, 24.647655545000077], [84.41625877200005, 24.647011151000072], [84.41689593000007, 24.646996669000032], [84.41779362400007, 24.647182153000074], [84.41888755100007, 24.647567416000072], [84.42004934200008, 24.64815604200004], [84.42065979800003, 24.64844379300007], [84.42125024500007, 24.648785633000045], [84.42162069700004, 24.648787625000068], [84.42179945200007, 24.64864865800007], [84.42193490700004, 24.64832892000004], [84.42200019000006, 24.648166864000075], [84.42171727000004, 24.647623599000042], [84.42080177300005, 24.647140113000034], [84.41996954400008, 24.64677444000006], [84.41942222200004, 24.64663151800005], [84.41883210900005, 24.646249041000033], [84.41833505600005, 24.64522168900004], [84.41816458900007, 24.644119389000025], [84.41845983000007, 24.642793999000048], [84.41894823700005, 24.642119645000037], [84.41916757500007, 24.64181850500006], [84.41967799600008, 24.641559495000024], [84.42222477200005, 24.641063460000055], [84.42490124100004, 24.64111882000003], [84.42697126700006, 24.641008343000067], [84.42843260400008, 24.641097528000046], [84.42938059400007, 24.641143330000034], [84.42982082900005, 24.640274585000043], [84.43038176800007, 24.639844415000027], [84.43030190900004, 24.63921657000003], [84.43056693300008, 24.637954104000073], [84.43019016400007, 24.636652148000053], [84.42985040300005, 24.635743], [84.42981111800003, 24.63495288200005], [84.43115397800005, 24.634251619000054], [84.43253361600006, 24.63398378100004], [84.43335314500007, 24.634028831000023], [84.43408531200004, 24.633834226000033], [84.43401360000007, 24.631942545000072], [84.43468165600007, 24.630966731000058], [84.43450403800006, 24.630938681000032], [84.43248576200006, 24.630706498000052], [84.43088705500008, 24.630499256000064], [84.42959331900005, 24.630492142000037], [84.42863914000003, 24.630644932000052], [84.42734562000004, 24.630597263000027], [84.42704569100005, 24.63039696800007], [84.42709241600005, 24.62929138000004], [84.42714253000008, 24.62842500200003], [84.42675638100008, 24.627827138000043], [84.42598803100003, 24.626757673000043], [84.42564468500007, 24.626399175000074], [84.42478134900006, 24.62627714000007], [84.42348439200003, 24.62674389600005], [84.42279261200008, 24.62681690100004], [84.42166538300006, 24.627009249000025], [84.42067332600004, 24.626927084000044], [84.42020240000005, 24.62645055400003], [84.41960187800004, 24.62616730700006], [84.41894999400006, 24.62616371000007], [84.41852557700008, 24.625371461000043], [84.41857320600008, 24.624897834000024], [84.41836677800006, 24.624752228000034], [84.41763126600006, 24.62470754700007], [84.41637802900004, 24.624542664000046], [84.41555825900008, 24.624556115000075], [84.41560817600003, 24.62372585600008], [84.41561445900004, 24.622778022000034], [84.41577472700004, 24.621695619000036], [84.41590531900005, 24.621357876000047], [84.41670021100003, 24.621389349000026], [84.41698446100008, 24.620957575000034], [84.41712201100006, 24.620326437000074], [84.41705995600006, 24.61926081400003], [84.41719862000008, 24.61845370800006], [84.41713925900007, 24.617722099000048], [84.41710108800004, 24.616774063000037], [84.41684492500008, 24.616673266000078], [84.41634689700004, 24.616571202000046], [84.41622026000005, 24.61631323100005], [84.41622263900007, 24.61595668700005], [84.41607108000005, 24.61572116800005], [84.41509742500006, 24.615855645000067], [84.41438738200003, 24.61571175100005], [84.41374059000003, 24.61570817200004], [84.41350571400005, 24.615372885000056], [84.41318497800006, 24.614599205000047], [84.41279446200008, 24.613188812000033], [84.41236821800004, 24.61342568200007], [84.41050756100003, 24.61402914300004], [84.40740590900003, 24.61487846700004], [84.40668676900003, 24.615357388000064], [84.40668359800009, 24.61583582000003], [84.40653480900005, 24.61666098300003], [84.40584650200003, 24.61694594900007], [84.40516293100006, 24.616544907000048], [84.40439305800004, 24.615741678000063], [84.40333638000004, 24.615004488000068], [84.40260851400006, 24.614571633000025], [84.40143262300006, 24.614673297000024], [84.39970970900004, 24.614618415000052], [84.39874715900004, 24.61456787700007], [84.39751192000006, 24.61468723400003], [84.39719189000004, 24.613087622000023], [84.39700756700006, 24.61187690500003], [84.39630029400007, 24.61204888800006], [84.39540520100007, 24.612255978000064], [84.39282151800006, 24.61317110600004], [84.39040983800004, 24.614190995000058], [84.38842620400004, 24.615434461000063], [84.38666885400005, 24.616805574000068], [84.38557741600005, 24.618266223000035], [84.38394233000008, 24.619791425000074], [84.38266598500007, 24.620131702000037], [84.38134374000003, 24.620683748000033], [84.37964011300005, 24.62140505600007], [84.37841162300003, 24.62196214900007], [84.37704724100007, 24.622170948000075], [84.37577301600004, 24.622204190000048], [84.37417746600005, 24.622285136000073], [84.37396059900004, 24.62293386400006], [84.37397790000006, 24.623994684000024], [84.37406579800006, 24.62484376200007], [84.37413008900006, 24.625543736000054], [84.37436688800005, 24.627693625000063], [84.37459124300005, 24.628818847000048], [84.37468027100005, 24.629496380000035], [84.37481107700006, 24.630575899000064], [84.37489301400007, 24.63157841700007], [84.37497645400003, 24.633063925000044], [84.37560839400004, 24.635225157000036], [84.37643268100004, 24.636714958000027], [84.37725617400008, 24.63760890800006], [84.37716263200008, 24.638280938000037], [84.37706264600007, 24.639169520000053], [84.37612566600006, 24.64039182500005], [84.37639887600005, 24.641580501000078], [84.37680639300004, 24.642643590000034], [84.37808114700005, 24.642560684000046], [84.37992380400004, 24.64249009100007], [84.38100975500004, 24.642577681000034], [84.38228959400004, 24.64249026500005], [84.38397983500005, 24.64232392400004], [84.38559914200005, 24.64168778900006], [84.38693557200008, 24.64126224100005], [84.38809543700006, 24.64065951200007], [84.38860531400007, 24.64048637800005], [84.38894537500005, 24.639860928000076], [84.38910949200005, 24.63898174700006], [84.38932687600004, 24.637525074000052], [84.38949310500004, 24.636320862000048], [84.38976457100006, 24.63563177900005], [84.39009007900006, 24.634970172000067], [84.39009611700004, 24.634973366000054], [84.39075436900004, 24.63532153700004], [84.39098870500004, 24.63571554600003], [84.39074965900005, 24.636016562000066], [84.39045609200008, 24.637062103000062], [84.39107681700006, 24.637282250000055], [84.39173110600007, 24.638373829000045], [84.39262908300003, 24.639949690000037], [84.39334182800008, 24.639732624000033], [84.39472515200003, 24.639654681000025], [84.39605647600007, 24.639969223000037], [84.39619764300005, 24.640272481000068], [84.39671526100005, 24.641146501000037], [84.39721834200003, 24.641975339000055], [84.39793094200007, 24.641762769000024], [84.39879143800005, 24.641596083000024], [84.39946109200008, 24.641162097000063], [84.40270056200006, 24.641225535000046], [84.40302943000006, 24.64152978000004], [84.40388259100007, 24.64245083900005], [84.40468519000007, 24.643543193000028], [84.40520487200007, 24.64411030200006], [84.40696163200005, 24.644341389000033], [84.40857918600005, 24.644698025000025], [84.40906413500005, 24.64529199900005], [84.40953714100004, 24.64621091400005], [84.40934016700004, 24.646859766000034], [84.40881402800005, 24.64724952800003], [84.40786042300005, 24.647293844000046], [84.40766516400004, 24.648425678000024], [84.40828172700003, 24.648560029000066], [84.40827733500004, 24.64921451600003], [84.40816745400008, 24.65160611300007], [84.40964475100003, 24.651528668000026], [84.40969332200007, 24.650919526000052], [84.41055440200006, 24.65066258300004], [84.41093014000006, 24.651359800000023], [84.41135395400005, 24.652233325000054], [84.41138532300005, 24.65419237800006], [84.41137409700008, 24.655884972000024], [84.41159195000006, 24.656536137000046], [84.41194023100007, 24.65689922000007], [84.41247209800008, 24.657145961000026], [84.41438814800006, 24.65721977800007], [84.41567285600007, 24.657141161000027], [84.41753093400007, 24.657020587000034], [84.41810599300004, 24.65670778200007], [84.41783121700007, 24.65492786300007], [84.41759558500007, 24.65396514100007], [84.41734172500009, 24.652776622000033], [84.41739092500006, 24.65205471400003], [84.41715378400005, 24.651326734000065]]]]}}]}