{"type": "FeatureCollection", "features": [{"type": "Feature", "properties": {"OBJECTID": 3751, "GPCODE": "92741", "GPNAME_1": "AHIYARI SOUTH", "DIST_CEN_C": "13", "BLK_NAME": "JALE", "ST_NAME": "BIHAR", "ST_CODE_1": "10", "GPCODE2011": "95296", "REMARKS": "FINALIZED", "MAP_STATUS": "COMPLETED", "BLK_C_2001": "130001", "BLK_C_2011": "01181", "DIST_NAME": "DARBHANGA", "code2011": 12.0, "Shape_Leng": 0.13386558937, "Shape_Area": 0.00093262781, "Area": 10.3152}, "geometry": {"type": "MultiPolygon", "coordinates": [[[[85.81747343700005, 26.296851770000046], [85.81641660100007, 26.296390849000034], [85.81536107100004, 26.29593049700003], [85.81521413600007, 26.295570043000055], [85.81544662400006, 26.295000490000064], [85.81623280100007, 26.29399551800003], [85.81674261800003, 26.29380393100007], [85.81748758900005, 26.293606993000026], [85.81813213700008, 26.293329190000065], [85.81914456700008, 26.292521889000056], [85.82105549600004, 26.291173964000052], [85.82214775800009, 26.29033927100005], [85.82214780200007, 26.29033923700007], [85.82076142300008, 26.28825134500005], [85.82011003700006, 26.287116708000042], [85.81883589800003, 26.28660271700005], [85.81767391900007, 26.286503582000023], [85.81693529800003, 26.285946893000073], [85.81575113700006, 26.28128520200005], [85.81380150000007, 26.276694234000047], [85.81240112000006, 26.27488558600004], [85.81037925700008, 26.272903316000054], [85.80899446600006, 26.27225435400004], [85.80524086700007, 26.27240881700004], [85.80323264400005, 26.27220892500003], [85.80145265400006, 26.27054601800006], [85.80051837500008, 26.26880317100006], [85.79984708300003, 26.26657184900006], [85.79939646000008, 26.26653748900003], [85.79901586700004, 26.266502830000036], [85.79871108200007, 26.26660776800003], [85.79768316100007, 26.267302117000042], [85.79590683900005, 26.26851388600005], [85.79384378000003, 26.268345645000068], [85.79149328700004, 26.26881936700005], [85.78977491100005, 26.269583999000076], [85.78891698700005, 26.270241605000024], [85.78846533100005, 26.271073697000077], [85.78828166000005, 26.27250048800005], [85.78825334300006, 26.27503228300003], [85.78864235700007, 26.276885613000047], [85.78866479800007, 26.277404535000073], [85.78822702300005, 26.278010935000054], [85.78640571100004, 26.280368877000058], [85.78499906800005, 26.281479811000054], [85.78397500900007, 26.28304513200004], [85.78376972000007, 26.284128964000047], [85.78399967700005, 26.288419840000074], [85.78420407400006, 26.28933522500006], [85.78404406500005, 26.291565126000023], [85.78333999300008, 26.293052484000043], [85.78294749600008, 26.29372189600008], [85.78168324700005, 26.294245536000062], [85.78054426200003, 26.29477140800003], [85.78419739400005, 26.297106573000065], [85.78855180800008, 26.296821038000076], [85.79112162600006, 26.297463492000077], [85.79740340300003, 26.300104694000026], [85.80318549300006, 26.30146098700004], [85.80796821000007, 26.302674512000067], [85.81203708800007, 26.30224620900003], [85.81510659300005, 26.30110406700004], [85.82024751000006, 26.298948317000054], [85.82004913900005, 26.298321808000026], [85.81980701800006, 26.29796168200005], [85.81940480000009, 26.29761580400003], [85.81877210100004, 26.297239201000025], [85.81799956600008, 26.29694448600003], [85.81747343700005, 26.296851770000046]]]]}}, {"type": "Feature", "properties": {"OBJECTID": 3757, "GPCODE": "92752", "GPNAME_1": "KACHHUA", "DIST_CEN_C": "13", "BLK_NAME": "JALE", "ST_NAME": "BIHAR", "ST_CODE_1": "10", "GPCODE2011": "95307", "REMARKS": "FINALIZED", "MAP_STATUS": "COMPLETED", "BLK_C_2001": "130001", "BLK_C_2011": "01181", "DIST_NAME": "DARBHANGA", "code2011": 13.0, "Shape_Leng": 0.15991255207, "Shape_Area": 0.00046084116, "Area": 5.0964}, "geometry": {"type": "MultiPolygon", "coordinates": [[[[85.73893326000007, 26.32104166000005], [85.73854412700007, 26.31899416300007], [85.73850130700004, 26.31716656100008], [85.73807923000004, 26.316820478000068], [85.73627467900008, 26.316379891000054], [85.73592505700003, 26.315415311000038], [85.73625775800008, 26.31234087200005], [85.73723803400009, 26.308470045000035], [85.73780318100006, 26.305927309000026], [85.73767729300005, 26.303368979000027], [85.73844215100007, 26.303091056000028], [85.73841005600008, 26.301389793000055], [85.73799839600008, 26.299956078000037], [85.73673739400004, 26.300118372000043], [85.73610784600004, 26.30044995800006], [85.73581874300004, 26.300757813000075], [85.73541804700005, 26.30072750900007], [85.73518516900003, 26.300123624000037], [85.73493127200004, 26.299257972000078], [85.73414541000005, 26.299314801000037], [85.73322394700006, 26.29928178600005], [85.73202118800003, 26.299001520000047], [85.73066810300008, 26.299917657000037], [85.72890672200003, 26.30018532300005], [85.72797232600004, 26.300653246000024], [85.72696108700006, 26.300692710000078], [85.72609554800005, 26.300867117000053], [85.72520156000007, 26.30142062400006], [85.72506872700006, 26.301994198000045], [85.72499534800005, 26.30240965300004], [85.72414961200008, 26.302516216000072], [85.72311275000004, 26.302415843000063], [85.72250415100007, 26.302986496000074], [85.72037752800009, 26.30333648000004], [85.71900166700004, 26.303602711000053], [85.71831191600006, 26.303898316000073], [85.71754894500003, 26.304677022000078], [85.71689769600005, 26.305856944000027], [85.71695984100006, 26.30511668200006], [85.71672617000007, 26.30428709000006], [85.71641918700004, 26.303890895000052], [85.71555697200006, 26.30365005300007], [85.71465520800007, 26.30353105900008], [85.71426682700007, 26.302810312000076], [85.71359119800007, 26.30164357800004], [85.71261102900007, 26.300694543000077], [85.71262941200007, 26.300279355000043], [85.71319936000003, 26.300056366000035], [85.71425572100009, 26.300052899000036], [85.71469605500005, 26.299961218000078], [85.71486944600008, 26.299513941000043], [85.71480544000008, 26.29853029900005], [85.71472584500003, 26.29740684500007], [85.71402975500007, 26.296100383000066], [85.71268577000006, 26.29311203900005], [85.71144, 26.293328162000023], [85.71042958100008, 26.293570653000074], [85.71023453900006, 26.29362767500004], [85.71003949700008, 26.29368469700006], [85.70947458000006, 26.293876010000076], [85.70934496600006, 26.294020852000074], [85.70928058900006, 26.294206115000065], [85.70921650000008, 26.294450006000034], [85.70903155600007, 26.294545412000048], [85.70759496500006, 26.29461769200003], [85.70614383400004, 26.294816328000024], [85.70560315600005, 26.294845095000028], [85.70537818200006, 26.294936067000037], [85.70526886700009, 26.29513502800006], [85.70515511000008, 26.29549644100007], [85.70515738300008, 26.296064972000067], [85.70524348900005, 26.29631745900008], [85.70549518700005, 26.296668656000065], [85.70553049200004, 26.296749755000064], [85.70549594800008, 26.29686276900003], [85.70528693200004, 26.297183843000028], [85.70486823000005, 26.297668051000073], [85.70444461900007, 26.298165785000037], [85.70418574000007, 26.29856821100003], [85.70406159400005, 26.298830400000043], [85.70402289000003, 26.29916900300003], [85.70408463600006, 26.29958844400005], [85.70415629800004, 26.299994451000032], [85.70428357100008, 26.300522054000055], [85.70423032300005, 26.300996046000023], [85.70414724700004, 26.301510800000074], [85.70397880700006, 26.301994152000077], [85.70399514900004, 26.302314543000023], [85.70415215700007, 26.302778832000058], [85.70445579600005, 26.303612791000035], [85.70470364600004, 26.304230252000025], [85.70487643000007, 26.304884053000023], [85.70507395500005, 26.30546109900007], [85.70546168500005, 26.306329633000075], [85.70617836100007, 26.307286030000057], [85.70662947700004, 26.307976242000052], [85.70675484400005, 26.308147666000025], [85.70697521900007, 26.308246859000064], [85.70719058500003, 26.308341447000032], [85.70748104200004, 26.308372906000045], [85.70788653100004, 26.308286937000048], [85.70836711000004, 26.308119704000035], [85.70923301800008, 26.307613720000063], [85.70952340500008, 26.30751427900003], [85.70967863800007, 26.307545796000056], [85.70973892600006, 26.30781201800005], [85.71002474200003, 26.308389512000076], [85.71036554500006, 26.308813478000047], [85.71106703000004, 26.309462953000036], [85.71131249900003, 26.309688438000023], [85.71142285700006, 26.309873388000028], [85.71147304800007, 26.31010803600003], [85.71142329700007, 26.310568459000024], [85.71115840500005, 26.311195904000044], [85.71097844400003, 26.311593152000057], [85.71096357500005, 26.311814252000033], [85.71115901600007, 26.31200373200005], [85.71236121200008, 26.31254901400007], [85.71310245300003, 26.312792271000035], [85.71346808900006, 26.312832661000073], [85.71394382100004, 26.31290004500005], [85.71578664300006, 26.312975696000024], [85.71822024700003, 26.312906449000025], [85.71968234000008, 26.312792642000034], [85.72050351300004, 26.312769486000036], [85.72126462700004, 26.31279160400004], [85.72185557900008, 26.312795648000076], [85.72209590600005, 26.312790990000053], [85.72223604600003, 26.312745815000028], [85.72228101100006, 26.312583261000043], [85.72224080400008, 26.312393816000053], [85.72206970300005, 26.311337888000025], [85.72184354900008, 26.31031361600003], [85.72170764200007, 26.309523902000024], [85.72164182600005, 26.308594279000033], [85.72167142900008, 26.308097859000043], [85.72180631200007, 26.307691569000042], [85.72190133100008, 26.30751322200007], [85.72199633700006, 26.307334902000036], [85.72211135700007, 26.307208443000036], [85.72231656200006, 26.30708199600008], [85.72265206100008, 26.30709078800004], [85.72314288500007, 26.30719422900006], [85.72403953700007, 26.307595321000065], [85.72477075600005, 26.307874608000077], [85.72602294200004, 26.30823477000007], [85.72671413900008, 26.30847344600005], [85.72734027200005, 26.30877084100007], [85.72781126800004, 26.309086439000055], [85.72804675900005, 26.30930287500007], [85.72812218900003, 26.30969096700005], [85.72816258700004, 26.31007454300004], [85.72811271700004, 26.310286619000067], [85.72799278700006, 26.310503382000036], [85.72787776200005, 26.31068397100006], [85.72749756400003, 26.31111748400008], [85.72680213700005, 26.311826465000024], [85.72626677400007, 26.31239554700005], [85.72548643000005, 26.31330315200006], [85.72491118700003, 26.31408430500005], [85.72460139500004, 26.314833639000028], [85.72449162200007, 26.315370828000027], [85.72447203700006, 26.315871757000025], [85.72449249400006, 26.316359161000037], [85.72464808600006, 26.31680129500006], [85.72488359200008, 26.316977139000073], [85.72527426500005, 26.317040058000032], [85.72582500800007, 26.316985543000044], [85.72618056300007, 26.316904027000078], [85.72647085800008, 26.316795538000065], [85.72674114500006, 26.316578699000047], [85.72699112600003, 26.316203905000066], [85.72718615400004, 26.315869880000037], [85.72752123200007, 26.315364198000054], [85.72783146000006, 26.315061572000047], [85.72821685300005, 26.31482210100006], [85.72874747400004, 26.314695407000045], [85.72923824200006, 26.314681464000046], [85.72962390400005, 26.314753392000057], [85.72980426800007, 26.314848036000058], [85.72991456400007, 26.31497433800007], [85.73021059000007, 26.31562395900005], [85.73035155000008, 26.316499363000048], [85.73063274600008, 26.31741528200007], [85.73087364000008, 26.31793409100004], [85.73107940300008, 26.318425836000074], [85.73150048200006, 26.318885842000043], [85.73183628800007, 26.319269258000077], [85.73230232300006, 26.319634455000028], [85.73294893200006, 26.320207140000036], [85.73351525800007, 26.32079786500003], [85.73381614000004, 26.321181268000032], [85.73397186700004, 26.32171369100007], [85.73405752200006, 26.322250617000066], [85.73407291400008, 26.32269291500006], [85.73393295700004, 26.322923117000073], [85.73371281900006, 26.323185074000037], [85.73333250700006, 26.323523786000067], [85.73289704700005, 26.323776888000054], [85.73248151200005, 26.323921648000066], [85.73206097200006, 26.32402121000007], [85.73098426400009, 26.324035569000046], [85.73120004400005, 26.32440285800004], [85.73176646100006, 26.32453636300005], [85.73181850300006, 26.325009993000037], [85.73234438600008, 26.325008194000077], [85.73370974000005, 26.32456587200005], [85.73789926100005, 26.324046285000065], [85.73794506300004, 26.323026232000075], [85.73779437600007, 26.321731529000033], [85.73795699600004, 26.32109463200004], [85.73824224800006, 26.32104402300007], [85.73893326000007, 26.32104166000005]]]]}}, {"type": "Feature", "properties": {"OBJECTID": 3759, "GPCODE": "92742", "GPNAME_1": "AIHYARI NORTH", "DIST_CEN_C": "13", "BLK_NAME": "JALE", "ST_NAME": "BIHAR", "ST_CODE_1": "10", "GPCODE2011": "95297", "REMARKS": "FINALIZED", "MAP_STATUS": "COMPLETED", "BLK_C_2001": "130001", "BLK_C_2011": "01181", "DIST_NAME": "DARBHANGA", "code2011": 8.0, "Shape_Leng": 0.16194305812, "Shape_Area": 0.00061055285, "Area": 6.75162}, "geometry": {"type": "MultiPolygon", "coordinates": [[[[85.82069140600004, 26.325125425000067], [85.82065836300006, 26.32452986900006], [85.82065021400007, 26.32388910700007], [85.82063753000006, 26.323347656000067], [85.82069967000007, 26.32274717300004], [85.82051555900006, 26.321958129000052], [85.82030213900003, 26.321331731000043], [85.82028887700005, 26.320677442000033], [85.82038638800003, 26.320135476000075], [85.82041501300006, 26.31984204400004], [85.82044875100007, 26.319562139000027], [85.82029131800005, 26.319134057000042], [85.82010895700006, 26.318696962000047], [85.81979616400008, 26.318224405000024], [85.81959403500008, 26.317850643000043], [85.81925168500004, 26.31747740700007], [85.81880276500004, 26.316833909000025], [85.81850986900008, 26.316320564000023], [85.81824758500005, 26.315933482000048], [85.81812599600005, 26.315654204000055], [85.81809515600008, 26.31548284200005], [85.81846520100004, 26.31538658200003], [85.81931128800005, 26.315347158000066], [85.82005239800003, 26.315330602000074], [85.82053356700004, 26.315419003000045], [85.82088406200006, 26.315417638000042], [85.82103859400007, 26.315277113000036], [85.82097796300008, 26.31516448700006], [85.82087183300007, 26.314957358000072], [85.82032271400004, 26.314291636000064], [85.81947756600005, 26.313496185000076], [85.81911010400006, 26.313118544000076], [85.81952435900007, 26.312841680000076], [85.81939844900006, 26.312688679000075], [85.81915176100006, 26.31240991800007], [85.81873880200004, 26.311937681000074], [85.81791347200004, 26.31110162300007], [85.81808266100006, 26.31087982200006], [85.81829676600006, 26.31063075700007], [85.81826627300006, 26.310531552000043], [85.81806521800007, 26.31039248700006], [85.81779433300005, 26.310294224000074], [85.81746805300008, 26.310114990000045], [85.81715680300005, 26.309962812000038], [85.81695551000007, 26.309765023000068], [85.81699996400005, 26.309638541000027], [85.81715482700008, 26.30954762400006], [85.81743922000004, 26.30934795400003], [85.81774362200008, 26.309139162000065], [85.81806814700008, 26.30894379600005], [85.81832797400006, 26.308820985000068], [85.81840698500008, 26.30859950400003], [85.81838045900008, 26.308292750000078], [85.81820848300003, 26.307932406000077], [85.81817707700003, 26.307666246000053], [85.81806700400006, 26.30768028700004], [85.81782183800004, 26.30772181900005], [85.81705119800006, 26.307815135000055], [85.81626020100003, 26.307849829000077], [85.81571471600006, 26.307915149000053], [85.81545372500005, 26.30778079600003], [85.81533179500008, 26.307420243000024], [85.81515926600008, 26.30696068000003], [85.81500673700003, 26.30648288200007], [85.81517511200008, 26.306085104000033], [85.81534815300006, 26.30563762500003], [85.81565685400005, 26.305275404000042], [85.81595486100008, 26.30478681900007], [85.81637875000007, 26.30442868500006], [85.81686802300004, 26.304133383000078], [85.81736707900006, 26.30380199700005], [85.81779700500005, 26.30366033300004], [85.81829173900007, 26.30345531300003], [85.81896624600006, 26.303159365000056], [85.81977129600006, 26.302939561000073], [85.82039134200005, 26.302774605000025], [85.82073027300004, 26.30245285500007], [85.82069105600004, 26.301604548000057], [85.82063159800003, 26.300715753000077], [85.82043204600006, 26.299827574000062], [85.82024751000006, 26.298948317000054], [85.81510659300005, 26.30110406700004], [85.81203708800007, 26.30224620900003], [85.80796821000007, 26.302674512000067], [85.80318549300006, 26.30146098700004], [85.79740340300003, 26.300104694000026], [85.79112162600006, 26.297463492000077], [85.78855180800008, 26.296821038000076], [85.78419739400005, 26.297106573000065], [85.78054426200003, 26.29477140800003], [85.77990955000007, 26.295064455000045], [85.77872325900006, 26.29622414100004], [85.77777948800008, 26.297879309000052], [85.77755303200007, 26.298742138000023], [85.77711642400004, 26.29962369200007], [85.77697597100007, 26.301776893000067], [85.77704218700006, 26.303125992000048], [85.77740623100004, 26.303900887000054], [85.77837048700007, 26.30455168000003], [85.77921553300007, 26.30539245800003], [85.78039170700004, 26.307459575000053], [85.78094928700006, 26.307854572000053], [85.78192957900006, 26.308694841000033], [85.78266069100005, 26.30979784400006], [85.78277807900008, 26.310298325000076], [85.78251096700006, 26.312095442000043], [85.78328687900006, 26.31204288400005], [85.78767975600005, 26.310162682000055], [85.79073331900008, 26.30887410100007], [85.79380451300005, 26.30817202000003], [85.79432476100004, 26.308048154000062], [85.79526299300005, 26.308441780000067], [85.79581984500004, 26.308678787000076], [85.79733023500006, 26.30827589100005], [85.79847828800007, 26.308564872000034], [85.79942031300004, 26.308719266000026], [85.80055072700009, 26.30950920400005], [85.80150456100006, 26.310024464000037], [85.80269175800004, 26.310105665000037], [85.80338315600005, 26.31018870400004], [85.80389064300005, 26.312655332000077], [85.80438085900005, 26.314639034000038], [85.80496412400004, 26.316184685000053], [85.80554172900008, 26.31656154600006], [85.80738005100005, 26.316658197000038], [85.80788547200007, 26.318669026000066], [85.80830876800007, 26.319222464000063], [85.80827831300007, 26.32018832400007], [85.80879828300004, 26.321048206000057], [85.80948881900008, 26.320919158000038], [85.81033736000006, 26.32138976500005], [85.81216165500007, 26.32167136000004], [85.81265285800004, 26.321768801000076], [85.81277565400006, 26.323343238000064], [85.81276219900008, 26.32470171800003], [85.81353339000003, 26.324680579000074], [85.81444925500006, 26.324564208000027], [85.81676845200008, 26.328770003000045], [85.81819094300005, 26.32890566800006], [85.82255545400005, 26.32942330000003], [85.82244349100006, 26.32906266200007], [85.82215369900007, 26.328183850000073], [85.82175299600004, 26.32714301200008], [85.82144412900004, 26.32646273200004], [85.82118182000005, 26.326075751000076], [85.82087446900005, 26.325697811000055], [85.82069140600004, 26.325125425000067]]]]}}, {"type": "Feature", "properties": {"OBJECTID": 3761, "GPCODE": "92753", "GPNAME_1": "KAMTOUL", "DIST_CEN_C": "13", "BLK_NAME": "JALE", "ST_NAME": "BIHAR", "ST_CODE_1": "10", "GPCODE2011": "95308", "REMARKS": "FINALIZED", "MAP_STATUS": "COMPLETED", "BLK_C_2001": "130001", "BLK_C_2011": "01181", "DIST_NAME": "DARBHANGA", "code2011": 15.0, "Shape_Leng": 0.16415561561, "Shape_Area": 0.00061973189, "Area": 6.85152}, "geometry": {"type": "MultiPolygon", "coordinates": [[[[85.82065072400007, 26.34321828800006], [85.82471454400007, 26.342534182000065], [85.82703636300005, 26.34209157500004], [85.82989655700004, 26.342264294000074], [85.83083789600005, 26.34219281700007], [85.83196572500003, 26.342377740000074], [85.83291872900008, 26.342626620000033], [85.83394742800004, 26.343019586000025], [85.83484587900006, 26.343394947000036], [85.83578901500005, 26.343684406000023], [85.83630067500007, 26.343822251000063], [85.83700717800008, 26.34388258200005], [85.83728708000007, 26.343768569000076], [85.83750156200006, 26.343587222000053], [85.83767039100007, 26.34328413700007], [85.83773318600004, 26.342837083000063], [85.83773008000009, 26.342227898000033], [85.83775519200003, 26.341239505000033], [85.83777028500003, 26.339276363000067], [85.83756389200005, 26.338090322000028], [85.83742101400009, 26.33756294500006], [85.83722368900004, 26.33717107900003], [85.83695619200006, 26.33677060200006], [85.83669405300003, 26.33643767700005], [85.83631192900003, 26.33614145000007], [85.83586546400005, 26.33600328800003], [85.83515233800006, 26.335613649000038], [85.83483028000006, 26.33532162000006], [85.83469812700008, 26.33492050500007], [85.83468599300005, 26.334518959000036], [85.83474437100006, 26.33417121000008], [85.83485266800005, 26.333782658000075], [85.83504021300007, 26.33323585200003], [85.83525694000008, 26.332512869000027], [85.83560307400006, 26.331640529000026], [85.83583552400006, 26.331052921000037], [85.83600171900008, 26.330230931000074], [85.83609738300004, 26.329341429000067], [85.83614778900005, 26.32891017700007], [85.83619817700009, 26.328479075000075], [85.83624643000007, 26.32811789300007], [85.83622927700009, 26.327702816000055], [85.83610666700008, 26.327215917000046], [85.83596941100006, 26.326814807000062], [85.83579725500005, 26.326449981000053], [85.83565678100007, 26.326396404000036], [85.83547186000004, 26.326460291000046], [85.83521178000007, 26.32653361200005], [85.83496669800007, 26.326588791000063], [85.83488604500008, 26.326494316000037], [85.83477930000004, 26.326187895000032], [85.83458198700004, 26.325777979000065], [85.83436432200006, 26.32532307200006], [85.83424232200008, 26.32496253900007], [85.83402679100004, 26.324918298000057], [85.83385701800006, 26.32501834800007], [85.83357751200003, 26.32520902500005], [85.83332755100008, 26.32529577300005], [85.83303721400006, 26.325337541000067], [85.83241588400006, 26.32526333900006], [85.83190476400006, 26.325197724000077], [85.83142498300003, 26.325402775000043], [85.83102514200004, 26.325571334000074], [85.83102572200005, 26.325670639000066], [85.83145437900004, 26.326264596000044], [85.83137991000007, 26.326391280000053], [85.83108385500003, 26.326293150000026], [85.83068293400004, 26.326227102000075], [85.83028261400005, 26.32629193100007], [85.83009853300007, 26.326545320000037], [85.82978947100008, 26.32683991700003], [85.82947968700006, 26.32697657500006], [85.82910485100007, 26.32712698200004], [85.82857000900003, 26.32733674700006], [85.82784654200003, 26.327881257000058], [85.82724222800005, 26.32822662500007], [85.82666151100005, 26.328269543000033], [85.82619601200008, 26.328325561000042], [85.82592206900006, 26.32861552600008], [85.82579349900004, 26.32896349600003], [85.82559438000004, 26.329190007000022], [85.82552144200008, 26.329646092000075], [85.82518091200006, 26.329642860000035], [85.82459472400006, 26.32960459800006], [85.82397362300009, 26.32958908300003], [85.82297173100005, 26.329534456000033], [85.82255545400005, 26.32942330000003], [85.81819094300005, 26.32890566800006], [85.81676845200008, 26.328770003000045], [85.81444925500006, 26.324564208000027], [85.81353339000003, 26.324680579000074], [85.81276219900008, 26.32470171800003], [85.81277565400006, 26.323343238000064], [85.81265285800004, 26.321768801000076], [85.81216165500007, 26.32167136000004], [85.81033736000006, 26.32138976500005], [85.80948881900008, 26.320919158000038], [85.80879828300004, 26.321048206000057], [85.80585992900006, 26.322354843000028], [85.80590781100005, 26.32398830900007], [85.80535303800008, 26.32421613200006], [85.80580135900004, 26.325807379000025], [85.80508679500008, 26.32615316700003], [85.80512682100004, 26.32718645400007], [85.80524476500005, 26.32777268800004], [85.80513148200004, 26.328165730000023], [85.80344071800005, 26.328578423000067], [85.80282132800005, 26.328937326000073], [85.80249307800005, 26.329412450000063], [85.80260701400005, 26.330192698000076], [85.80260815300005, 26.33044543400007], [85.80230424100006, 26.330771540000057], [85.80200544800005, 26.331129213000054], [85.80201738000005, 26.331539787000054], [85.80165148700007, 26.331468958000073], [85.80113047600008, 26.33145746100007], [85.80079062700008, 26.33160769600005], [85.80034101200005, 26.331830583000055], [85.79980587600005, 26.331995059000064], [85.79925595900005, 26.33221835100005], [85.79877833400008, 26.33287897100007], [85.79870416900008, 26.333082399000034], [85.79987133900005, 26.33312755000003], [85.79974938400005, 26.333818515000075], [85.79878750200004, 26.333754514000077], [85.79932074300007, 26.335313894000024], [85.79540536800005, 26.335599606000073], [85.79582184900005, 26.33895107400008], [85.79664998400006, 26.33932244600004], [85.79759856800007, 26.339724970000077], [85.79802003000003, 26.340946334000023], [85.79884706300004, 26.34107858400006], [85.79921152000009, 26.342945504000056], [85.79980490100007, 26.34342158000004], [85.80089743400003, 26.343552803000023], [85.80214421900007, 26.34348028900007], [85.80259283900006, 26.34300475400005], [85.80216884200007, 26.341273435000062], [85.80102545000005, 26.338863417000027], [85.80042376200004, 26.33873036500006], [85.79980985300006, 26.337062971000023], [85.80037436500004, 26.33675849900004], [85.80177020200006, 26.336446178000074], [85.80260243400005, 26.33661448400005], [85.80266492500004, 26.339204642000027], [85.80314229600003, 26.339532206000058], [85.80484162100004, 26.33983252400003], [85.80609120800005, 26.340337686000055], [85.80763939000008, 26.341486881000037], [85.81049239300006, 26.343136558000026], [85.81188556400008, 26.343289023000068], [85.81219315600003, 26.343716491000066], [85.81272901600005, 26.34369637900005], [85.81335824200005, 26.34331480000003], [85.81421393200003, 26.343126390000066], [85.81516577300005, 26.343172352000067], [85.81635244300008, 26.344097325000064], [85.81697419800008, 26.344239236000078], [85.81781954500008, 26.344005717000073], [85.82065072400007, 26.34321828800006]]], [[[85.83266874700007, 26.355701244000045], [85.83222222200004, 26.355563166000024], [85.83152579200004, 26.355534378000073], [85.83070936800004, 26.35556474200007], [85.82990246700007, 26.355477749000045], [85.82948715600008, 26.355565223000042], [85.82897234300003, 26.35581096100003], [85.82816803300005, 26.356238433000044], [85.82702732000007, 26.356531802000063], [85.82723707300005, 26.357746270000064], [85.82821016000008, 26.35857653000005], [85.82917360100004, 26.359086740000066], [85.83082100600006, 26.359846971000024], [85.83115612500006, 26.35974628500003], [85.83212155400008, 26.359458138000036], [85.83299688200003, 26.35919277100004], [85.83346261500003, 26.359168303000047], [85.83404787600006, 26.358998994000046], [85.83412188500006, 26.358777517000078], [85.83380739600005, 26.35799816000008], [85.83356273600003, 26.357150748000038], [85.83303815700003, 26.356439800000032], [85.83266874700007, 26.355701244000045]]]]}}, {"type": "Feature", "properties": {"OBJECTID": 3762, "GPCODE": "92758", "GPNAME_1": "MURAITHA", "DIST_CEN_C": "13", "BLK_NAME": "JALE", "ST_NAME": "BIHAR", "ST_CODE_1": "10", "GPCODE2011": "95313", "REMARKS": "FINALIZED", "MAP_STATUS": "COMPLETED", "BLK_C_2001": "130001", "BLK_C_2011": "01181", "DIST_NAME": "DARBHANGA", "code2011": 12.0, "Shape_Leng": 0.13061172552, "Shape_Area": 0.00076011443, "Area": 8.40192}, "geometry": {"type": "MultiPolygon", "coordinates": [[[[85.76328730700004, 26.35405846100008], [85.76331477000008, 26.354608922000068], [85.76422853700006, 26.355070459000046], [85.76460597500005, 26.35547527600005], [85.76504549700007, 26.356308598000055], [85.76500842400003, 26.356985613000063], [85.76484141500003, 26.357717311000044], [85.76516560300007, 26.358528466000053], [85.76561792000007, 26.358847214000036], [85.76589898400005, 26.35896801800004], [85.76603914300006, 26.360068736000073], [85.76642128100008, 26.361520442000028], [85.76639582500007, 26.36255399500004], [85.76612359000006, 26.36329509500007], [85.76552500800005, 26.363865881000038], [85.76460636100006, 26.364582214000052], [85.76352007000008, 26.364780133000068], [85.76412256500004, 26.366208525000047], [85.76652544300003, 26.365780246000043], [85.76773241900008, 26.36570819600007], [85.76825996200006, 26.36603115500003], [85.77159064300008, 26.365852072000052], [85.77242098500005, 26.36556026900007], [85.77307687100006, 26.365472167000064], [85.77368366400003, 26.365605321000032], [85.77368625200006, 26.366182929000047], [85.77374495700008, 26.370307429000036], [85.77496677000005, 26.370167581000032], [85.77607791000008, 26.369942433000062], [85.77888161900006, 26.369507808000037], [85.78187544400004, 26.36905450300003], [85.78296010000008, 26.36850442900004], [85.78608904500004, 26.368027909000034], [85.78717087800004, 26.367960709000045], [85.78862078900005, 26.36839295900006], [85.79018762500004, 26.369185843000025], [85.79109825800003, 26.370012778000046], [85.79177785200005, 26.370718754000052], [85.79226722000004, 26.371447975000024], [85.79243965000006, 26.37188959200006], [85.79225687500008, 26.372445348000042], [85.79335109100003, 26.37286541900005], [85.79525496200006, 26.372876228000052], [85.79710376000008, 26.372882704000062], [85.79772529900004, 26.37294802300005], [85.79847946800004, 26.373509263000074], [85.79893057000004, 26.373539108000045], [85.80362861200007, 26.373236734000045], [85.80460785300005, 26.372655259000055], [85.80501937400004, 26.371755655000072], [85.80555467300007, 26.369515161000038], [85.80600201300007, 26.36876886500005], [85.80637699400006, 26.36861391700006], [85.80696438300004, 26.368864384000062], [85.80756963400006, 26.36866801800005], [85.80711588500003, 26.365984575000027], [85.80672098400004, 26.364072717000056], [85.80621893700004, 26.36384899500007], [85.80549641900006, 26.363612657000033], [85.80505423000005, 26.363352650000024], [85.80455480300003, 26.362614447000055], [85.80414562000004, 26.360865027000045], [85.80367968000007, 26.358750335000025], [85.80349883600007, 26.35654423300008], [85.80364253800008, 26.355167334000043], [85.80346394100008, 26.35446848400005], [85.80274400200005, 26.35372216500008], [85.80202554000005, 26.353282687000046], [85.80119751300003, 26.352947332000042], [85.80089016300008, 26.352573963000054], [85.80058444000008, 26.351492106000023], [85.80039800200007, 26.351253615000076], [85.79896651900003, 26.351498289000062], [85.79749965500008, 26.35167089600003], [85.79685719600008, 26.351411574000053], [85.79576135000008, 26.350580853000054], [85.79425099800005, 26.350045050000062], [85.78941056100007, 26.348610290000067], [85.78816618800005, 26.34816362500004], [85.78739473100006, 26.348143957000048], [85.78700278600007, 26.347874674000025], [85.78645980700009, 26.34744795900008], [85.78569533800004, 26.34784796200006], [85.78476592200008, 26.34834786600004], [85.78447397600007, 26.348042107000026], [85.78412653300006, 26.347646256000075], [85.78375059600006, 26.347579991000032], [85.78237472200004, 26.347928039000067], [85.78110493800006, 26.348487827000042], [85.77956137400008, 26.349409638000054], [85.77847599800003, 26.349770197000055], [85.77448097300004, 26.351377858000035], [85.77244497000004, 26.351976553000043], [85.77008144800004, 26.35215660700004], [85.76921551200007, 26.352313207000066], [85.76880219500003, 26.352856187000043], [85.76842699800005, 26.352961348000065], [85.76579198900004, 26.35293475900005], [85.76574128600004, 26.353918716000067], [85.76328730700004, 26.35405846100008]]]]}}, {"type": "Feature", "properties": {"OBJECTID": 3763, "GPCODE": "92756", "GPNAME_1": "KAZI BAHERA", "DIST_CEN_C": "13", "BLK_NAME": "JALE", "ST_NAME": "BIHAR", "ST_CODE_1": "10", "GPCODE2011": "95311", "REMARKS": "FINALIZED", "MAP_STATUS": "COMPLETED", "BLK_C_2001": "130001", "BLK_C_2011": "01181", "DIST_NAME": "DARBHANGA", "code2011": 10.0, "Shape_Leng": 0.11346670821, "Shape_Area": 0.00044153217, "Area": 4.88024}, "geometry": {"type": "MultiPolygon", "coordinates": [[[[85.76149188000005, 26.376295106000043], [85.76161450700005, 26.375698991000036], [85.76200468900004, 26.375566697000068], [85.76303791400005, 26.37581580500006], [85.76611289400006, 26.375520445000063], [85.77227335900005, 26.375051303000077], [85.77373170100003, 26.37512724100003], [85.77451315500008, 26.373996185000067], [85.77576693000003, 26.37206001000004], [85.77606405200004, 26.37129625400007], [85.77607791000008, 26.369942433000062], [85.77496677000005, 26.370167581000032], [85.77374495700008, 26.370307429000036], [85.77368625200006, 26.366182929000047], [85.77368366400003, 26.365605321000032], [85.77307687100006, 26.365472167000064], [85.77242098500005, 26.36556026900007], [85.77159064300008, 26.365852072000052], [85.76825996200006, 26.36603115500003], [85.76773241900008, 26.36570819600007], [85.76652544300003, 26.365780246000043], [85.76412256500004, 26.366208525000047], [85.76352007000008, 26.364780133000068], [85.76460636100006, 26.364582214000052], [85.76552500800005, 26.363865881000038], [85.76612359000006, 26.36329509500007], [85.76639582500007, 26.36255399500004], [85.76642128100008, 26.361520442000028], [85.76603914300006, 26.360068736000073], [85.76589898400005, 26.35896801800004], [85.76561792000007, 26.358847214000036], [85.76516560300007, 26.358528466000053], [85.76484141500003, 26.357717311000044], [85.76500842400003, 26.356985613000063], [85.76504549700007, 26.356308598000055], [85.76460597500005, 26.35547527600005], [85.76422853700006, 26.355070459000046], [85.76331477000008, 26.354608922000068], [85.76297555500008, 26.354930533000072], [85.76198366900007, 26.356053291000023], [85.76158885700005, 26.356275785000037], [85.75938405500006, 26.35611218300005], [85.75782729400004, 26.35638842900005], [85.75645689100008, 26.35688525100005], [85.75574441500004, 26.35776773400005], [85.75508991600003, 26.358162701000026], [85.75450423900008, 26.358263977000036], [85.75341214800005, 26.35826781700007], [85.75313369500003, 26.358729109000024], [85.75268930300007, 26.360233445000063], [85.75258509700006, 26.361605779000058], [85.75286111400004, 26.364046251000048], [85.75255876000006, 26.364791930000024], [85.75165849900003, 26.365119981000078], [85.75073666100008, 26.36512324200004], [85.74987313500003, 26.36468399100005], [85.74845250200008, 26.364021016000038], [85.74772914500005, 26.36376806000004], [85.74667635400004, 26.363399909000066], [85.74584923000003, 26.36326738500003], [85.74522796900004, 26.36326950800003], [85.74456758500008, 26.363461398000027], [85.74420439400006, 26.36405833500004], [85.74499456000007, 26.366086408000058], [85.74516804700005, 26.36683041400005], [85.74521209200003, 26.36776437900005], [85.74496965800006, 26.368478289000052], [85.74405024500004, 26.36902294400005], [85.74265962700008, 26.369537773000047], [85.74161176200005, 26.37053862700003], [85.74138124900009, 26.371703773000036], [85.74132310600004, 26.372177839000074], [85.74170459400005, 26.373530377000066], [85.74247219300008, 26.37613163000003], [85.74283164100007, 26.377010464000023], [85.74407337100007, 26.376821069000073], [85.74552547800005, 26.37660846800003], [85.74767184100006, 26.375888], [85.74772906800007, 26.375856441000053], [85.74875149200005, 26.375293070000055], [85.75019180600003, 26.374692415000027], [85.75072404200006, 26.374961318000032], [85.75121132500004, 26.375266483000075], [85.75565870500003, 26.374876285000028], [85.75641541700008, 26.376060427000027], [85.75931530200006, 26.375820065000028], [85.76028264300004, 26.37703509000005], [85.76149188000005, 26.376295106000043]]]]}}, {"type": "Feature", "properties": {"OBJECTID": 3764, "GPCODE": "92743", "GPNAME_1": "BANDHOULI", "DIST_CEN_C": "13", "BLK_NAME": "JALE", "ST_NAME": "BIHAR", "ST_CODE_1": "10", "GPCODE2011": "95298", "REMARKS": "FINALIZED", "MAP_STATUS": "COMPLETED", "BLK_C_2001": "130001", "BLK_C_2011": "01181", "DIST_NAME": "DARBHANGA", "code2011": 13.0, "Shape_Leng": 0.13478760532, "Shape_Area": 0.00049941441, "Area": 5.51944}, "geometry": {"type": "MultiPolygon", "coordinates": [[[[85.75815105100008, 26.393681454000046], [85.75786758200007, 26.391890899000032], [85.75742564700005, 26.389360686000032], [85.75717902900004, 26.387980680000055], [85.75699406800004, 26.386938885000063], [85.75779558300007, 26.386877339000023], [85.75773120200006, 26.385911830000055], [85.75916147000004, 26.385279438000055], [85.76468734000008, 26.383955485000058], [85.76509286900006, 26.385001016000047], [85.76808422400006, 26.383898137000074], [85.76887527600007, 26.38374634300004], [85.77004715800007, 26.383620257000075], [85.77219845100007, 26.38401858000003], [85.77393247200007, 26.384079924000048], [85.77498887600007, 26.38390458500004], [85.77562809800008, 26.383428372000026], [85.77615847400006, 26.383259477000024], [85.77684164800007, 26.383645048000062], [85.77706552500007, 26.384406944000034], [85.77721777900007, 26.384817008000027], [85.77804996900005, 26.384913191000066], [85.77854160400005, 26.38505132000006], [85.77903421300005, 26.38538795900007], [85.78107727500003, 26.38621524100006], [85.78269366400008, 26.385762514000078], [85.78465059400008, 26.38526329700005], [85.78498972300008, 26.38492351800005], [85.78519268900004, 26.384394830000076], [85.78508011900004, 26.38387625200005], [85.78473703600008, 26.38336758300005], [85.78488283800004, 26.382401293000044], [85.78491914500006, 26.38156626500006], [85.78469187800005, 26.381179048000035], [85.78425192700007, 26.38031423500007], [85.78441285100007, 26.379352355000037], [85.78482651500008, 26.378881499000045], [85.78491541400007, 26.37859230600003], [85.78461520800005, 26.37760514300004], [85.78669628300008, 26.37689787000005], [85.78863960100006, 26.376755236000065], [85.79074833900006, 26.376629924000042], [85.79090810000008, 26.37542442000006], [85.79135343700005, 26.374240369000063], [85.79139081800008, 26.373662571000068], [85.79225687500008, 26.372445348000042], [85.79243965000006, 26.37188959200006], [85.79226722000004, 26.371447975000024], [85.79177785200005, 26.370718754000052], [85.79109825800003, 26.370012778000046], [85.79018762500004, 26.369185843000025], [85.78862078900005, 26.36839295900006], [85.78717087800004, 26.367960709000045], [85.78608904500004, 26.368027909000034], [85.78296010000008, 26.36850442900004], [85.78187544400004, 26.36905450300003], [85.77888161900006, 26.369507808000037], [85.77607791000008, 26.369942433000062], [85.77606405200004, 26.37129625400007], [85.77576693000003, 26.37206001000004], [85.77451315500008, 26.373996185000067], [85.77373170100003, 26.37512724100003], [85.77227335900005, 26.375051303000077], [85.76611289400006, 26.375520445000063], [85.76303791400005, 26.37581580500006], [85.76200468900004, 26.375566697000068], [85.76161450700005, 26.375698991000036], [85.76149188000005, 26.376295106000043], [85.76028264300004, 26.37703509000005], [85.75931530200006, 26.375820065000028], [85.75641541700008, 26.376060427000027], [85.75565870500003, 26.374876285000028], [85.75121132500004, 26.375266483000075], [85.75072404200006, 26.374961318000032], [85.75019180600003, 26.374692415000027], [85.74875149200005, 26.375293070000055], [85.74892867900007, 26.37805435000007], [85.74954445100008, 26.381436833000066], [85.74956628900009, 26.383016213000076], [85.74959257600005, 26.385611078000068], [85.75054283600008, 26.388690001000043], [85.75127275400007, 26.390614369000048], [85.75223772600003, 26.39244328500007], [85.75289791700004, 26.393302832000074], [85.75363553400007, 26.393534988000056], [85.75497254800007, 26.393327189000047], [85.75512129900005, 26.392970095000067], [85.75511921300006, 26.392478272000062], [85.75536414100003, 26.39235548700003], [85.75566488100003, 26.39237249200005], [85.75596739800005, 26.392795634000038], [85.75672399800004, 26.39277947100004], [85.75815105100008, 26.393681454000046]]]]}}, {"type": "Feature", "properties": {"OBJECTID": 3765, "GPCODE": "92750", "GPNAME_1": "JALLEY EAST", "DIST_CEN_C": "13", "BLK_NAME": "JALE", "ST_NAME": "BIHAR", "ST_CODE_1": "10", "GPCODE2011": "95305", "REMARKS": "FINALIZED", "MAP_STATUS": "COMPLETED", "BLK_C_2001": "130001", "BLK_C_2011": "01181", "DIST_NAME": "DARBHANGA", "code2011": 15.0, "Shape_Leng": 0.15781091756, "Shape_Area": 0.00060723886, "Area": 6.71046}, "geometry": {"type": "MultiPolygon", "coordinates": [[[[85.77737956400006, 26.39945599300006], [85.77704693800007, 26.39777101100003], [85.77703593700005, 26.397715283000025], [85.77716124200003, 26.396622747000038], [85.77734455300003, 26.39616181300005], [85.77788348200005, 26.394571296000038], [85.77814710800004, 26.394128011000078], [85.77901169300009, 26.393632969000066], [85.77972681400007, 26.39330535700003], [85.77980094200007, 26.39308400400006], [85.77964147300008, 26.392173012000057], [85.77960490200007, 26.391852749000066], [85.77980866000007, 26.39149543600007], [85.77980713500006, 26.39115703300007], [85.77997551200008, 26.390714134000063], [85.78065035100008, 26.390368676000037], [85.78089459000006, 26.390083411000035], [85.78093289800006, 26.389690699000028], [85.78087041400005, 26.389185457000053], [85.78026697300004, 26.388695795000046], [85.78010893400005, 26.388118789000032], [85.78027501600008, 26.387183977000063], [85.78107727500003, 26.38621524100006], [85.77903421300005, 26.38538795900007], [85.77854160400005, 26.38505132000006], [85.77804996900005, 26.384913191000066], [85.77721777900007, 26.384817008000027], [85.77706552500007, 26.384406944000034], [85.77684164800007, 26.383645048000062], [85.77615847400006, 26.383259477000024], [85.77562809800008, 26.383428372000026], [85.77498887600007, 26.38390458500004], [85.77393247200007, 26.384079924000048], [85.77219845100007, 26.38401858000003], [85.77004715800007, 26.383620257000075], [85.76887527600007, 26.38374634300004], [85.76808422400006, 26.383898137000074], [85.76509286900006, 26.385001016000047], [85.76468734000008, 26.383955485000058], [85.75916147000004, 26.385279438000055], [85.75773120200006, 26.385911830000055], [85.75779558300007, 26.386877339000023], [85.75699406800004, 26.386938885000063], [85.75717902900004, 26.387980680000055], [85.75742564700005, 26.389360686000032], [85.75786758200007, 26.391890899000032], [85.75815105100008, 26.393681454000046], [85.75672399800004, 26.39277947100004], [85.75596739800005, 26.392795634000038], [85.75566488100003, 26.39237249200005], [85.75536414100003, 26.39235548700003], [85.75511921300006, 26.392478272000062], [85.75512129900005, 26.392970095000067], [85.75497254800007, 26.393327189000047], [85.75363553400007, 26.393534988000056], [85.75289791700004, 26.393302832000074], [85.75223772600003, 26.39244328500007], [85.75127275400007, 26.390614369000048], [85.75054283600008, 26.388690001000043], [85.74959257600005, 26.385611078000068], [85.74956628900009, 26.383016213000076], [85.74954445100008, 26.381436833000066], [85.74805162000007, 26.381491631000074], [85.74772907900007, 26.380878024000026], [85.74683921000008, 26.379185300000074], [85.74558418200007, 26.379798900000026], [85.74513735700003, 26.379579309000064], [85.74125706200005, 26.380237958000066], [85.74070584200007, 26.37903497700006], [85.74049955100008, 26.378828080000062], [85.73980311600008, 26.378816922000055], [85.73966671700003, 26.37856014600004], [85.73931033000008, 26.378407911000068], [85.73851887100005, 26.378446720000056], [85.73742220800005, 26.378603961000067], [85.73610494400003, 26.378694176000067], [85.73534893000004, 26.378832093000028], [85.73529586900008, 26.37932419200007], [85.73567822200005, 26.38090240300005], [85.73564800800006, 26.382048765000036], [85.73559265800003, 26.383204240000055], [85.73576480600008, 26.383627878000027], [85.73697297700005, 26.38377712700003], [85.73757951900006, 26.383842775000062], [85.73775926000008, 26.386053503000028], [85.73813983900004, 26.38720291900006], [85.73876141800008, 26.38725043100004], [85.73888043100004, 26.38815263300006], [85.74157686300003, 26.388287809000076], [85.74182709700005, 26.389397083000063], [85.74225014200005, 26.38991468300003], [85.74149139900004, 26.39167520600006], [85.74189114900008, 26.39338841800003], [85.74240511200009, 26.394302131000074], [85.74257643300007, 26.395444273000066], [85.74303329000008, 26.396186664000027], [85.74240511200009, 26.398071198000025], [85.74401718200005, 26.400053412000034], [85.74613053900003, 26.399739211000053], [85.74772881200005, 26.399996744000077], [85.74829695300008, 26.40008824800003], [85.74965717700007, 26.400593464000053], [85.75056497600008, 26.400775287000045], [85.75084559900006, 26.400774264000063], [85.75143095700008, 26.400551155000073], [85.75227721000005, 26.400381130000028], [85.75316290500007, 26.400089252000043], [85.75391985800007, 26.40014525600003], [85.75424158500005, 26.40037881300003], [85.75499843300008, 26.400412172000074], [85.75680682200004, 26.39910160000005], [85.75753173700008, 26.398719979000077], [85.75824466400007, 26.399015247000023], [85.75977576300005, 26.39971732300006], [85.75997574400003, 26.399621868000054], [85.76046583200008, 26.399385480000035], [85.76139250400007, 26.39929187900003], [85.76165863300008, 26.39941729000003], [85.76188840100008, 26.400373196000032], [85.76204595500008, 26.400873555000032], [85.76217794400003, 26.401252157000044], [85.76254870400004, 26.40123729800007], [85.76353068100008, 26.401184080000064], [85.76414638000006, 26.40103298100007], [85.76481310200006, 26.401075690000027], [85.76516372600008, 26.40103386100003], [85.76553523100006, 26.40119947100004], [85.76620259300006, 26.40138206100005], [85.76691502900007, 26.401578081000025], [85.76756215400007, 26.40171566500004], [85.76807322400003, 26.40168668900003], [85.76839348100003, 26.401581725000028], [85.76877308400003, 26.401314133000028], [85.76938791700007, 26.400968919000036], [85.77022786400005, 26.40053715600004], [85.77118296900005, 26.40007785000006], [85.77206328300008, 26.399704601000053], [85.77284791700004, 26.39923243000004], [85.77356287200007, 26.398859754000057], [85.77380343700008, 26.39887241100007], [85.77404954800005, 26.398997896000026], [85.77446665700006, 26.399249062000024], [85.77478831500008, 26.39946905000005], [85.77514544800005, 26.39974755700007], [85.77542247300005, 26.400066946000038], [85.77585504700005, 26.400430847000052], [85.77613228500007, 26.400777289000075], [85.77659458100004, 26.401046386000075], [85.77699679600005, 26.401351758000033], [85.77747879300006, 26.401530471000058], [85.77781548000007, 26.401741337000033], [85.77877852000006, 26.401936421000073], [85.77981078900007, 26.401919074000034], [85.78001065600006, 26.401680096000064], [85.77737956400006, 26.39945599300006]]]]}}, {"type": "Feature", "properties": {"OBJECTID": 3766, "GPCODE": "92757", "GPNAME_1": "MASSA", "DIST_CEN_C": "13", "BLK_NAME": "JALE", "ST_NAME": "BIHAR", "ST_CODE_1": "10", "GPCODE2011": "95312", "REMARKS": "FINALIZED", "MAP_STATUS": "COMPLETED", "BLK_C_2001": "130001", "BLK_C_2011": "01181", "DIST_NAME": "DARBHANGA", "code2011": 16.0, "Shape_Leng": 0.14874412458, "Shape_Area": 0.0007868223, "Area": 8.69499}, "geometry": {"type": "MultiPolygon", "coordinates": [[[[85.79536588600007, 26.40177589800004], [85.79678806700008, 26.39942834900006], [85.79749266600004, 26.397945390000075], [85.79958182600006, 26.397833585000058], [85.80006098800004, 26.398486105000075], [85.80047973400008, 26.39908020400003], [85.80068705400004, 26.39947200100005], [85.80099282500004, 26.399488917000042], [85.80228897500007, 26.399122895000062], [85.80764271600003, 26.398443290000046], [85.80814018600006, 26.396636228000034], [85.80907801600006, 26.394714586000077], [85.80958003600006, 26.39386418600003], [85.80992034800005, 26.392734718000042], [85.81008477200004, 26.392549022000026], [85.81022017900005, 26.392566543000044], [85.81037152400006, 26.392769041000065], [85.81061892100007, 26.393160626000054], [85.81114567200007, 26.393294035000054], [85.81358228000005, 26.39354615800005], [85.81735909900004, 26.394401196000047], [85.81759734100007, 26.393940006000037], [85.81790088200006, 26.393487523000033], [85.81824472600005, 26.393107087000033], [85.81873933600008, 26.39280268600004], [85.81905941700006, 26.39267958000005], [85.81925886500005, 26.392471215000057], [85.81928681200003, 26.39203791400007], [85.81937437400006, 26.39150951700003], [85.81962389200004, 26.39130094400008], [85.82002826700005, 26.390997044000073], [85.82056256300007, 26.390606751000064], [85.82106170700007, 26.390216659000032], [85.82146154400004, 26.390021081000043], [85.82166063500006, 26.389744978000067], [85.82180360600006, 26.389270573000033], [85.82171616000005, 26.388810638000052], [85.82174781500004, 26.388115501000073], [85.82173523800003, 26.387601138000036], [85.82181486300004, 26.387474459000032], [85.81895147500006, 26.38688202800006], [85.81755981200007, 26.387167435000038], [85.81544437600007, 26.388001577000068], [85.81431803000004, 26.38822719600006], [85.81328621200004, 26.38829888400005], [85.81282866000004, 26.38797577400004], [85.81170127000007, 26.387980219000042], [85.81083671100004, 26.387433088000023], [85.81005102100005, 26.38762567200007], [85.80942463800005, 26.387628144000075], [85.80900122900005, 26.387110820000032], [85.80883973600004, 26.38583881200003], [85.80935333500008, 26.385304348000034], [85.80988684700003, 26.38476518300007], [85.80983247300009, 26.381809478000037], [85.80978028600003, 26.379314116000046], [85.80951049300006, 26.37843521900004], [85.80863872800006, 26.37843861500005], [85.80744393500004, 26.377942301000076], [85.80649833000007, 26.377183312000057], [85.80579849100008, 26.376472997000064], [85.80521164100008, 26.376339961000042], [85.80477588000008, 26.37637317100007], [85.80421042800003, 26.37547735000004], [85.80362861200007, 26.373236734000045], [85.79893057000004, 26.373539108000045], [85.79847946800004, 26.373509263000074], [85.79772529900004, 26.37294802300005], [85.79710376000008, 26.372882704000062], [85.79525496200006, 26.372876228000052], [85.79335109100003, 26.37286541900005], [85.79225687500008, 26.372445348000042], [85.79139081800008, 26.373662571000068], [85.79135343700005, 26.374240369000063], [85.79090810000008, 26.37542442000006], [85.79074833900006, 26.376629924000042], [85.78863960100006, 26.376755236000065], [85.78669628300008, 26.37689787000005], [85.78461520800005, 26.37760514300004], [85.78491541400007, 26.37859230600003], [85.78482651500008, 26.378881499000045], [85.78441285100007, 26.379352355000037], [85.78425192700007, 26.38031423500007], [85.78469187800005, 26.381179048000035], [85.78491914500006, 26.38156626500006], [85.78488283800004, 26.382401293000044], [85.78473703600008, 26.38336758300005], [85.78508011900004, 26.38387625200005], [85.78519268900004, 26.384394830000076], [85.78498972300008, 26.38492351800005], [85.78465059400008, 26.38526329700005], [85.78269366400008, 26.385762514000078], [85.78107727500003, 26.38621524100006], [85.78027501600008, 26.387183977000063], [85.78010893400005, 26.388118789000032], [85.78026697300004, 26.388695795000046], [85.78087041400005, 26.389185457000053], [85.78093289800006, 26.389690699000028], [85.78089459000006, 26.390083411000035], [85.78065035100008, 26.390368676000037], [85.77997551200008, 26.390714134000063], [85.77980713500006, 26.39115703300007], [85.77980866000007, 26.39149543600007], [85.77960490200007, 26.391852749000066], [85.77964147300008, 26.392173012000057], [85.77980094200007, 26.39308400400006], [85.77972681400007, 26.39330535700003], [85.77901169300009, 26.393632969000066], [85.77814710800004, 26.394128011000078], [85.77788348200005, 26.394571296000038], [85.77734455300003, 26.39616181300005], [85.77716124200003, 26.396622747000038], [85.77703593700005, 26.397715283000025], [85.77704693800007, 26.39777101100003], [85.77737956400006, 26.39945599300006], [85.78001065600006, 26.401680096000064], [85.77981078900007, 26.401919074000034], [85.78072298800004, 26.401951721000046], [85.78139005200006, 26.402071114000023], [85.78216128300005, 26.401950920000047], [85.78311833200007, 26.40192031600003], [85.78387563700005, 26.402048327000045], [85.78454771800006, 26.402185746000043], [85.78535008900008, 26.402300025000045], [85.78568992200007, 26.402086698000062], [85.78602530100005, 26.40200875100004], [85.78666144100004, 26.401938637000057], [85.78696743700004, 26.40200969500006], [85.78738782300007, 26.40188174800005], [85.78792816300006, 26.401690174000066], [85.78833297600005, 26.401454], [85.78902330900007, 26.40118967500007], [85.78986330100008, 26.40078486500005], [85.79055440400003, 26.400687478000066], [85.79064976300003, 26.400714230000062], [85.79066255500004, 26.401314365000076], [85.79035221400005, 26.401383202000034], [85.78998179700005, 26.401483902000052], [85.78969204000003, 26.40167449100005], [85.78963350300006, 26.40200867200008], [85.78938981500005, 26.40241579800005], [85.78911339700005, 26.40333287900006], [85.78866304700006, 26.404553065000073], [85.78875372900006, 26.404651972000067], [85.78941559100008, 26.404735258000073], [85.79018771700004, 26.404809027000056], [85.79092947100008, 26.404824270000063], [85.79195219000007, 26.404901637000023], [85.79235345100005, 26.40497908900005], [85.79257887900008, 26.403758581000034], [85.79299035800005, 26.402804825000032], [85.79427098700006, 26.402326138000035], [85.79536588600007, 26.40177589800004]]]]}}, {"type": "Feature", "properties": {"OBJECTID": 3767, "GPCODE": "92764", "GPNAME_1": "REORHA", "DIST_CEN_C": "13", "BLK_NAME": "JALE", "ST_NAME": "BIHAR", "ST_CODE_1": "10", "GPCODE2011": "95319", "REMARKS": "FINALIZED", "MAP_STATUS": "COMPLETED", "BLK_C_2001": "130001", "BLK_C_2011": "01181", "DIST_NAME": "DARBHANGA", "code2011": 8.0, "Shape_Leng": 0.09302286119, "Shape_Area": 0.00046230491, "Area": 5.1086}, "geometry": {"type": "MultiPolygon", "coordinates": [[[[85.71099584000007, 26.40963599500003], [85.71068951500007, 26.406960861000073], [85.71060902500005, 26.405616357000042], [85.71080542100003, 26.403332180000064], [85.71077895600007, 26.40173478400004], [85.71115415400004, 26.401566538000054], [85.71132317000007, 26.40122302000003], [85.71126539700003, 26.400546297000062], [85.71133464200005, 26.400315956000043], [85.71193537600004, 26.400160549000077], [85.71199488800005, 26.400006868000048], [85.71161113100004, 26.39927706800006], [85.71062225100007, 26.396342418000074], [85.70952516500006, 26.39390442800004], [85.70941630200008, 26.39173409800003], [85.70914874500005, 26.38995688800003], [85.70936335200008, 26.387234980000073], [85.70871079200003, 26.386921181000048], [85.70615652900005, 26.38723624900007], [85.70427361000003, 26.38751297700003], [85.70274685800007, 26.387910435000038], [85.70075357300004, 26.388155891000054], [85.69877585700004, 26.388568278000037], [85.69764316600003, 26.38850416300005], [85.69662657600009, 26.388660771000048], [85.69506090000004, 26.389919461000034], [85.69557706300003, 26.390022990000034], [85.69672963100004, 26.39007203600005], [85.69689002900003, 26.390220921000036], [85.69695026700003, 26.390387906000058], [85.69692528900003, 26.390500744000065], [85.69676507400004, 26.390685794000035], [85.69607381900005, 26.39120065900005], [85.69503736400009, 26.392419631000053], [85.69415607500008, 26.393525711000052], [85.69368060100004, 26.394410552000068], [85.69330019900008, 26.395204945000046], [85.69285949100004, 26.395755773000076], [85.69226866800005, 26.396491643000047], [85.69118186600008, 26.39767909300008], [85.69042557100005, 26.39837440200006], [85.68964428700008, 26.399173521000023], [85.68881282900009, 26.39993663100006], [85.68818176500008, 26.400505504000023], [85.68784617300008, 26.40084861100007], [85.68757578500004, 26.401200759000062], [85.68741555600008, 26.401593449000075], [85.68736576800006, 26.40208990700006], [85.68737105200006, 26.402626978000058], [85.68746154400003, 26.403236150000055], [85.68780801800006, 26.40443190600007], [85.68833992700007, 26.405826175000072], [85.68871140700008, 26.40690458200004], [85.68905262600003, 26.40777542400008], [85.68920346000004, 26.408565104000047], [85.68922875100003, 26.408948744000043], [85.68916883100007, 26.40948128100007], [85.68903372700004, 26.40990554800004], [85.68869853900009, 26.410925620000057], [85.68852863700005, 26.41191850900003], [85.68844923600005, 26.413299566000035], [85.68842935400005, 26.41365152700007], [85.68849963700006, 26.41374626000004], [85.68867502000006, 26.413800355000035], [85.68926651000004, 26.41389941600005], [85.68966253600007, 26.414048110000067], [85.69041455500007, 26.414526161000026], [85.69088092100003, 26.414895959000035], [85.69101130000007, 26.415022285000077], [85.69136215000003, 26.415180074000034], [85.69188846100008, 26.41519782900008], [85.69461654200006, 26.41196231500004], [85.69695458200005, 26.411309714000026], [85.69872816100008, 26.411164282000072], [85.70175104900005, 26.411362358000076], [85.70265640400004, 26.41091726700006], [85.70355627100008, 26.41033669600006], [85.70479944100003, 26.410400518000074], [85.71099584000007, 26.40963599500003]]]]}}, {"type": "Feature", "properties": {"OBJECTID": 3768, "GPCODE": "92748", "GPNAME_1": "JALE SOUTH", "DIST_CEN_C": "13", "BLK_NAME": "JALE", "ST_NAME": "BIHAR", "ST_CODE_1": "10", "GPCODE2011": "95303", "REMARKS": "FINALIZED", "MAP_STATUS": "COMPLETED", "BLK_C_2001": "130001", "BLK_C_2011": "01181", "DIST_NAME": "DARBHANGA", "code2011": 9.0, "Shape_Leng": 0.16723643244, "Shape_Area": 0.00046873868, "Area": 5.18076}, "geometry": {"type": "MultiPolygon", "coordinates": [[[[85.70677618800005, 26.380451444000073], [85.71118301000007, 26.37988619400005], [85.71483786200008, 26.380000408000058], [85.71912089200003, 26.379657766000037], [85.72163360200005, 26.37800166100004], [85.72483159800004, 26.37594580700005], [85.72671613100005, 26.37531762900005], [85.72877198500004, 26.375488950000033], [85.73037098300006, 26.377030841000078], [85.72991412700009, 26.37862983900004], [85.72671613100005, 26.37908669500007], [85.72928594900003, 26.381656513000053], [85.72974280600005, 26.38319840400004], [85.72957148400008, 26.385596901000042], [85.72997123400006, 26.38731011300007], [85.73208419500008, 26.387824076000072], [85.73465401300007, 26.388966217000075], [85.73554656900006, 26.390900258000045], [85.73653616700005, 26.39022733200005], [85.73889183300008, 26.38972764500005], [85.74149139900004, 26.39167520600006], [85.74225014200005, 26.38991468300003], [85.74182709700005, 26.389397083000063], [85.74157686300003, 26.388287809000076], [85.73888043100004, 26.38815263300006], [85.73876141800008, 26.38725043100004], [85.73813983900004, 26.38720291900006], [85.73775926000008, 26.386053503000028], [85.73757951900006, 26.383842775000062], [85.73697297700005, 26.38377712700003], [85.73576480600008, 26.383627878000027], [85.73559265800003, 26.383204240000055], [85.73564800800006, 26.382048765000036], [85.73567822200005, 26.38090240300005], [85.73529586900008, 26.37932419200007], [85.73534893000004, 26.378832093000028], [85.73610494400003, 26.378694176000067], [85.73742220800005, 26.378603961000067], [85.73851887100005, 26.378446720000056], [85.73931033000008, 26.378407911000068], [85.73966671700003, 26.37856014600004], [85.73980311600008, 26.378816922000055], [85.74049955100008, 26.378828080000062], [85.74070584200007, 26.37903497700006], [85.74125706200005, 26.380237958000066], [85.74513735700003, 26.379579309000064], [85.74558418200007, 26.379798900000026], [85.74683921000008, 26.379185300000074], [85.74772907900007, 26.380878024000026], [85.74805162000007, 26.381491631000074], [85.74954445100008, 26.381436833000066], [85.74892867900007, 26.37805435000007], [85.74875149200005, 26.375293070000055], [85.74772906800007, 26.375856441000053], [85.74767184100006, 26.375888], [85.74552547800005, 26.37660846800003], [85.74407337100007, 26.376821069000073], [85.74283164100007, 26.377010464000023], [85.74247219300008, 26.37613163000003], [85.74170459400005, 26.373530377000066], [85.73812814500008, 26.373700529000075], [85.73625900800005, 26.37362120000006], [85.73617729100005, 26.37325140300004], [85.73573991400008, 26.37290091500006], [85.73470847700008, 26.37304424000007], [85.73375654200004, 26.373047491000023], [85.73262376900004, 26.371742553000047], [85.73145058600005, 26.369120037000073], [85.73107785100007, 26.366233074000036], [85.73096975900006, 26.363119535000067], [85.73110644000008, 26.362252672000068], [85.73080517400007, 26.36207308400003], [85.72947156200007, 26.36183836600003], [85.72914899000006, 26.361347602000023], [85.72895786600003, 26.361163237000028], [85.72867732600008, 26.36116412900003], [85.72852853400008, 26.361521116000063], [85.72824338800007, 26.36162140500005], [85.72756597900008, 26.36135286600006], [85.72675241900004, 26.36088174300005], [85.72510345000006, 26.360666089000063], [85.72335416500005, 26.36045077700004], [85.72193970700005, 26.359999604000052], [85.72098207500005, 26.359822205000057], [85.72050139900006, 26.359873486000026], [85.71991244100008, 26.360407932000044], [85.71837649800005, 26.36215036300007], [85.72022969300008, 26.36575915700007], [85.72034855400005, 26.366643257000078], [85.72023487200005, 26.367031718000078], [85.71880490700005, 26.36773591900004], [85.71562731900008, 26.36990341300003], [85.71417189000005, 26.37178551100004], [85.71297128000003, 26.373481734000052], [85.71265162700007, 26.37372196800004], [85.71172982000007, 26.373738435000064], [85.70907269800006, 26.374577388000034], [85.70826170400005, 26.374733382000045], [85.70745070700008, 26.37488937100005], [85.70705517700009, 26.374958394000032], [85.70664595200003, 26.375370330000067], [85.70577562500006, 26.375743130000046], [85.70566604600003, 26.37591502300006], [85.70595441000006, 26.37788617800004], [85.70677618800005, 26.380451444000073]]]]}}, {"type": "Feature", "properties": {"OBJECTID": 3769, "GPCODE": "92766", "GPNAME_1": "YOGIARA", "DIST_CEN_C": "13", "BLK_NAME": "JALE", "ST_NAME": "BIHAR", "ST_CODE_1": "10", "GPCODE2011": "92766", "REMARKS": "FINALIZED", "MAP_STATUS": "COMPLETED", "BLK_C_2001": "130001", "BLK_C_2011": "01181", "DIST_NAME": "DARBHANGA", "code2011": 12.0, "Shape_Leng": 0.12950881957, "Shape_Area": 0.00084798129, "Area": 9.36881}, "geometry": {"type": "MultiPolygon", "coordinates": [[[[85.74263689200006, 26.432941069000037], [85.74336867000005, 26.43289984300003], [85.74604751400005, 26.432921300000032], [85.74773191200006, 26.432859414000063], [85.74864591900007, 26.43277409700005], [85.74968551200004, 26.432768563000025], [85.75079869400008, 26.43285493700006], [85.75149563300005, 26.43290662900006], [85.75262342800005, 26.432880159000035], [85.75386172300006, 26.43292536900003], [85.75611178000008, 26.432773092000048], [85.75726941500005, 26.43271935000007], [85.75788631900008, 26.432789331000038], [85.75838291300005, 26.432859781000047], [85.75879936900003, 26.432953061000035], [85.75987280500004, 26.43312523800006], [85.76035405900006, 26.43313706200007], [85.76089562700008, 26.43316672900005], [85.76139180300004, 26.433164930000032], [85.76189799500008, 26.433136068000067], [85.76245438000007, 26.433138582000026], [85.76299542000004, 26.433059926000055], [85.76349159100005, 26.433026549000033], [85.76394247300004, 26.432970725000075], [85.76546562900006, 26.432807359000037], [85.76637741400003, 26.432709318000036], [85.76760015000008, 26.432614625000042], [85.76862254700006, 26.432588337000027], [85.76857958500005, 26.43193861700007], [85.76853012200007, 26.430964036000034], [85.76841065100007, 26.43004836700004], [85.76839038600008, 26.42886616000004], [85.76823606700003, 26.427986659000055], [85.76803635700008, 26.427039707000063], [85.76779147200006, 26.42609294600004], [85.76754765300007, 26.425371747000042], [85.76684147300006, 26.423244306000072], [85.76638465800005, 26.42196432800006], [85.76607511300006, 26.42111254300005], [85.76587606800007, 26.420309977000045], [85.76561821200005, 26.418695255000046], [85.76540650100003, 26.41730608900008], [85.76522174400003, 26.416318442000033], [85.76497647400004, 26.415272366000067], [85.76481995600005, 26.41502473500003], [85.76454857000004, 26.414840706000064], [85.76396680100004, 26.414757033000058], [85.76334966100006, 26.41460581000007], [85.76305281500004, 26.414345123000032], [85.76293541200005, 26.413867223000068], [85.76278083200003, 26.41290653300007], [85.76272514400006, 26.41165667300004], [85.76268148700007, 26.410853618000033], [85.76248075000007, 26.410782131000076], [85.76193853500007, 26.41058543400004], [85.76112484900005, 26.410173223000072], [85.76019556700004, 26.409698165000066], [85.75990259000008, 26.409180245000073], [85.76010121300004, 26.408764338000026], [85.76068595400005, 26.408387686000026], [85.76155006400006, 26.407721196000068], [85.76162849800005, 26.407341839000026], [85.76147584100005, 26.40681442400006], [85.76109662000005, 26.404911351000067], [85.76081614300006, 26.40382476900004], [85.76066191000007, 26.402931803000058], [85.76043204200005, 26.401948839000056], [85.76022210100007, 26.400934213000028], [85.75977576300005, 26.39971732300006], [85.75824466400007, 26.399015247000023], [85.75753173700008, 26.398719979000077], [85.75680682200004, 26.39910160000005], [85.75499843300008, 26.400412172000074], [85.75424158500005, 26.40037881300003], [85.75391985800007, 26.40014525600003], [85.75316290500007, 26.400089252000043], [85.75227721000005, 26.400381130000028], [85.75143095700008, 26.400551155000073], [85.75084559900006, 26.400774264000063], [85.75056497600008, 26.400775287000045], [85.74965717700007, 26.400593464000053], [85.74829695300008, 26.40008824800003], [85.74772881200005, 26.399996744000077], [85.74613053900003, 26.399739211000053], [85.74401718200005, 26.400053412000034], [85.74332666000004, 26.400294992000056], [85.74152281500005, 26.40154218200007], [85.73960234400005, 26.402460424000026], [85.73769924100003, 26.402755683000066], [85.73845420000004, 26.40707188700003], [85.73876946400009, 26.410518643000046], [85.73857887100007, 26.412879504000045], [85.73836044200004, 26.413354094000056], [85.73752121300004, 26.414015852000034], [85.73664590700008, 26.41443399700006], [85.73502548800008, 26.41527433300007], [85.73447008800008, 26.415479340000047], [85.73432155100005, 26.415922090000038], [85.73475036400004, 26.416583999000068], [85.73515192600007, 26.41671801800004], [85.73591868400007, 26.416710886000033], [85.73646538400004, 26.416794753000033], [85.73667633800005, 26.41691145900006], [85.73734560600008, 26.418727799000067], [85.73892278300008, 26.42190851500004], [85.73956635800005, 26.42356700600004], [85.74022879400007, 26.423767835000035], [85.74117337600006, 26.427821574000063], [85.73834249400005, 26.42810208800006], [85.73981055100006, 26.43380075700003], [85.74013126100004, 26.43371931300004], [85.74106833400003, 26.433348504000037], [85.74176985800005, 26.433095224000056], [85.74219575800004, 26.43298202300008], [85.74263689200006, 26.432941069000037]]]]}}, {"type": "Feature", "properties": {"OBJECTID": 3770, "GPCODE": "92751", "GPNAME_1": "JALLEY NORTH", "DIST_CEN_C": "13", "BLK_NAME": "JALE", "ST_NAME": "BIHAR", "ST_CODE_1": "10", "GPCODE2011": "95306", "REMARKS": "FINALIZED", "MAP_STATUS": "COMPLETED", "BLK_C_2001": "130001", "BLK_C_2011": "01181", "DIST_NAME": "DARBHANGA", "code2011": 16.0, "Shape_Leng": 0.18588960462, "Shape_Area": 0.00084284783, "Area": 9.31289}, "geometry": {"type": "MultiPolygon", "coordinates": [[[[85.71813157400004, 26.43168058400005], [85.71865751000007, 26.43159315300005], [85.72013188800008, 26.43175977800007], [85.72150462200005, 26.431570219000037], [85.72184483300003, 26.431415660000027], [85.72205275300007, 26.430769644000065], [85.72210342900007, 26.429681866000067], [85.72185259700007, 26.42964667700005], [85.72174692300007, 26.429529690000038], [85.72100337300003, 26.427889433000075], [85.72094592600007, 26.427325560000043], [85.72122523500008, 26.426986105000026], [85.72141360500007, 26.426475554000035], [85.72133543700005, 26.425731205000034], [85.72110553900006, 26.424662429000023], [85.72074600600007, 26.423774566000077], [85.71997265200008, 26.422170548000054], [85.71993908000007, 26.421308682000074], [85.72011664800004, 26.420604128000036], [85.71954411600007, 26.42033071000003], [85.71897679200003, 26.42009336500007], [85.71862542400004, 26.419963728000027], [85.71842430500004, 26.41980641500004], [85.71799426000007, 26.420051511000054], [85.71759406700005, 26.420242313000074], [85.71681775300004, 26.420380223000052], [85.71640385200004, 26.419668573000024], [85.71581107200006, 26.418081956000037], [85.71775520300008, 26.417958337000073], [85.71811541800008, 26.417785655000046], [85.71812917500006, 26.417478738000057], [85.71780620600003, 26.416938281000057], [85.71746675300005, 26.416036786000063], [85.71975131700003, 26.41581270000006], [85.72372885800007, 26.415339322000023], [85.72521729000005, 26.415302790000055], [85.72789365400007, 26.415293801000075], [85.72857626100006, 26.415544288000035], [85.72952109100004, 26.416168440000035], [85.72980735600004, 26.416302830000063], [85.73033361800003, 26.41630103800003], [85.73157445800007, 26.415786971000045], [85.73205003600003, 26.415649975000065], [85.73335366500004, 26.415789962000076], [85.73432155100005, 26.415922090000038], [85.73447008800008, 26.415479340000047], [85.73502548800008, 26.41527433300007], [85.73664590700008, 26.41443399700006], [85.73752121300004, 26.414015852000034], [85.73836044200004, 26.413354094000056], [85.73857887100007, 26.412879504000045], [85.73876946400009, 26.410518643000046], [85.73845420000004, 26.40707188700003], [85.73769924100003, 26.402755683000066], [85.73960234400005, 26.402460424000026], [85.74152281500005, 26.40154218200007], [85.74332666000004, 26.400294992000056], [85.74401718200005, 26.400053412000034], [85.74240511200009, 26.398071198000025], [85.74303329000008, 26.396186664000027], [85.74257643300007, 26.395444273000066], [85.74240511200009, 26.394302131000074], [85.74189114900008, 26.39338841800003], [85.74149139900004, 26.39167520600006], [85.73889183300008, 26.38972764500005], [85.73653616700005, 26.39022733200005], [85.73554656900006, 26.390900258000045], [85.73475157100006, 26.391440857000077], [85.73218175300008, 26.391869160000056], [85.73096822800005, 26.38937072600004], [85.72882671300005, 26.389299342000072], [85.72846979400003, 26.390298716000075], [85.72846979400003, 26.392368847000057], [85.72761318800008, 26.393296836000047], [85.72568582500008, 26.39336822000007], [85.72275908800003, 26.394367594000073], [85.72054618900006, 26.395938038000054], [85.72033203700005, 26.39807955300006], [85.72026065300008, 26.400934906000032], [85.71983235000005, 26.402077048000024], [85.71890436100006, 26.40421856200004], [85.71740530000005, 26.405432088000055], [85.71547793700006, 26.407502219000037], [85.71226566400009, 26.40771637000006], [85.71099584000007, 26.40963599500003], [85.70479944100003, 26.410400518000074], [85.70355627100008, 26.41033669600006], [85.70265640400004, 26.41091726700006], [85.70175104900005, 26.411362358000076], [85.69872816100008, 26.411164282000072], [85.69695458200005, 26.411309714000026], [85.69461654200006, 26.41196231500004], [85.69188846100008, 26.41519782900008], [85.69249484300008, 26.415147963000038], [85.69294084900008, 26.415070980000053], [85.69379780600008, 26.414905860000033], [85.69465476400006, 26.414740737000045], [85.69588248800005, 26.414496386000053], [85.69677951600005, 26.414310921000038], [85.69709025000003, 26.414337893000038], [85.69726070800004, 26.414446094000027], [85.69752655100007, 26.414797957000076], [85.69792284300007, 26.415393493000067], [85.69815359000006, 26.41556484700004], [85.69854455200004, 26.415632337000034], [85.69860973700008, 26.41571804800003], [85.69862536900007, 26.41661159000006], [85.69868554400006, 26.416701809000074], [85.70053512800007, 26.416921950000074], [85.70072062900005, 26.417003090000037], [85.70078132800006, 26.417977828000062], [85.70087666200004, 26.418090604000042], [85.70220991100007, 26.41813505700003], [85.70232527300004, 26.41827489900004], [85.70254644500005, 26.41933076600003], [85.70263182800005, 26.419565401000057], [85.70276723800004, 26.419664565000062], [85.70471190000006, 26.41967703800003], [85.70531852400006, 26.41987977200006], [85.70589036600006, 26.420542887000067], [85.70628686300006, 26.42132791100005], [85.70638249100006, 26.421851278000076], [85.70682988200008, 26.42378259000003], [85.70729800400005, 26.426553219000027], [85.70796131800006, 26.42889046600004], [85.70911609100006, 26.428465147000054], [85.70956602000007, 26.428174804000037], [85.71007443100007, 26.427460216000043], [85.71075014100006, 26.42720074600004], [85.71265299600003, 26.426752410000063], [85.71334960300004, 26.426700458000028], [85.71371148500003, 26.426970088000076], [85.71382939500006, 26.42761505200008], [85.71411327100003, 26.428394780000076], [85.71468537000004, 26.429805515000055], [85.71522495900007, 26.433111583000027], [85.71647876200007, 26.433274520000055], [85.71691396200004, 26.433051979000027], [85.71732863800008, 26.43269405600006], [85.71802449700004, 26.432470728000055], [85.71813157400004, 26.43168058400005]]]]}}, {"type": "Feature", "properties": {"OBJECTID": 3771, "GPCODE": "92765", "GPNAME_1": "SAHASPUR", "DIST_CEN_C": "13", "BLK_NAME": "JALE", "ST_NAME": "BIHAR", "ST_CODE_1": "10", "GPCODE2011": "95320", "REMARKS": "FINALIZED", "MAP_STATUS": "COMPLETED", "BLK_C_2001": "130001", "BLK_C_2011": "01181", "DIST_NAME": "DARBHANGA", "code2011": 14.0, "Shape_Leng": 0.15178374189, "Shape_Area": 0.00064908237, "Area": 7.1706}, "geometry": {"type": "MultiPolygon", "coordinates": [[[[85.72412936300003, 26.443880878000073], [85.72561294200005, 26.443464676000076], [85.72609901500005, 26.443301827000028], [85.72620414100004, 26.443134788000066], [85.72616854600005, 26.44249400500007], [85.72619852000008, 26.442363128000068], [85.72625353400008, 26.442299906000073], [85.72633880800004, 26.44225472200003], [85.72674973200003, 26.442082931000073], [85.72766174500003, 26.441775347000032], [85.72834831500006, 26.44149957600007], [85.72964118900006, 26.44093448900003], [85.73006723000003, 26.440839451000045], [85.73056841400006, 26.440748839000037], [85.73089415400005, 26.44064928100005], [85.73120988200003, 26.440486581000073], [85.73201128700003, 26.43980003300004], [85.73272279500009, 26.439397874000065], [85.73382024100005, 26.438990862000026], [85.73438635300005, 26.438624858000026], [85.73477201600008, 26.43824098400006], [85.73492211700005, 26.43798365200007], [85.73494668500007, 26.43748268300004], [85.73497645900005, 26.43711710200006], [85.73494090800006, 26.43668387100007], [85.73490064000003, 26.436485338000068], [85.73482530400008, 26.436336505000043], [85.73470488200007, 26.436178648000066], [85.73457944400008, 26.436083933000077], [85.73436865800005, 26.43577724100004], [85.73423301300005, 26.435474974000044], [85.73423282100003, 26.43531252500003], [85.73428783100007, 26.435163516000046], [85.73448321400008, 26.43501902500003], [85.73471375500003, 26.434942094000064], [85.73593138700005, 26.434449199000028], [85.73642242500006, 26.434299938000038], [85.73710903100005, 26.43416853900004], [85.73757010700007, 26.434039519000066], [85.73803118200004, 26.433910498000046], [85.73908878600008, 26.433846478000078], [85.73981055100006, 26.43380075700003], [85.73834249400005, 26.42810208800006], [85.74117337600006, 26.427821574000063], [85.74022879400007, 26.423767835000035], [85.73956635800005, 26.42356700600004], [85.73892278300008, 26.42190851500004], [85.73734560600008, 26.418727799000067], [85.73667633800005, 26.41691145900006], [85.73646538400004, 26.416794753000033], [85.73591868400007, 26.416710886000033], [85.73515192600007, 26.41671801800004], [85.73475036400004, 26.416583999000068], [85.73432155100005, 26.415922090000038], [85.73335366500004, 26.415789962000076], [85.73205003600003, 26.415649975000065], [85.73157445800007, 26.415786971000045], [85.73033361800003, 26.41630103800003], [85.72980735600004, 26.416302830000063], [85.72952109100004, 26.416168440000035], [85.72857626100006, 26.415544288000035], [85.72789365400007, 26.415293801000075], [85.72521729000005, 26.415302790000055], [85.72372885800007, 26.415339322000023], [85.71975131700003, 26.41581270000006], [85.71746675300005, 26.416036786000063], [85.71780620600003, 26.416938281000057], [85.71812917500006, 26.417478738000057], [85.71811541800008, 26.417785655000046], [85.71775520300008, 26.417958337000073], [85.71581107200006, 26.418081956000037], [85.71640385200004, 26.419668573000024], [85.71681775300004, 26.420380223000052], [85.71759406700005, 26.420242313000074], [85.71799426000007, 26.420051511000054], [85.71842430500004, 26.41980641500004], [85.71862542400004, 26.419963728000027], [85.71897679200003, 26.42009336500007], [85.71954411600007, 26.42033071000003], [85.72011664800004, 26.420604128000036], [85.71993908000007, 26.421308682000074], [85.71997265200008, 26.422170548000054], [85.72074600600007, 26.423774566000077], [85.72110553900006, 26.424662429000023], [85.72133543700005, 26.425731205000034], [85.72141360500007, 26.426475554000035], [85.72122523500008, 26.426986105000026], [85.72094592600007, 26.427325560000043], [85.72100337300003, 26.427889433000075], [85.72174692300007, 26.429529690000038], [85.72185259700007, 26.42964667700005], [85.72210342900007, 26.429681866000067], [85.72205275300007, 26.430769644000065], [85.72184483300003, 26.431415660000027], [85.72150462200005, 26.431570219000037], [85.72013188800008, 26.43175977800007], [85.71865751000007, 26.43159315300005], [85.71813157400004, 26.43168058400005], [85.71802449700004, 26.432470728000055], [85.71732863800008, 26.43269405600006], [85.71691396200004, 26.433051979000027], [85.71647876200007, 26.433274520000055], [85.71522495900007, 26.433111583000027], [85.71468537000004, 26.429805515000055], [85.71411327100003, 26.428394780000076], [85.71382939500006, 26.42761505200008], [85.71371148500003, 26.426970088000076], [85.71334960300004, 26.426700458000028], [85.71265299600003, 26.426752410000063], [85.71075014100006, 26.42720074600004], [85.71007443100007, 26.427460216000043], [85.70956602000007, 26.428174804000037], [85.70911609100006, 26.428465147000054], [85.70796131800006, 26.42889046600004], [85.70894456600007, 26.430013678000023], [85.70958152300005, 26.430545815000073], [85.71018344100008, 26.430983136000066], [85.71036904200008, 26.43118161500007], [85.71052972900009, 26.431659893000074], [85.71091619200007, 26.432345584000075], [85.71121994600009, 26.43297051600007], [85.71152365200004, 26.433595341000057], [85.71180970000006, 26.434001297000066], [85.71208564200003, 26.434357641000076], [85.71215108600006, 26.434718635000024], [85.71207117100005, 26.435007529000075], [85.71183073500004, 26.43534158700004], [85.71141997100005, 26.43569382900006], [85.71093898200007, 26.436005557000044], [85.70987146600004, 26.43632212700004], [85.70910967500004, 26.436448877000032], [85.70701454600004, 26.43689239300005], [85.70660363100006, 26.437005501000044], [85.70619277100008, 26.437262928000052], [85.70590221000003, 26.437633136000045], [85.70559686500008, 26.43821097600005], [85.70526150000006, 26.438996452000026], [85.70521163400008, 26.43924917700008], [85.70520667200003, 26.43942966800006], [85.70522694600004, 26.439668881000046], [85.70541262400008, 26.43996207400005], [85.70561833000005, 26.44030497500006], [85.70574388900008, 26.440616283000054], [85.70569450000005, 26.441681350000067], [85.70573523500008, 26.442574878000073], [85.70580087600007, 26.443269883000028], [85.70578626800005, 26.44391065700006], [85.70592177900005, 26.444127258000037], [85.70606222500004, 26.444235439000067], [85.70625287500008, 26.444339118000073], [85.70643834000003, 26.444338980000055], [85.70696447700004, 26.44397766900005], [85.70750571200006, 26.443729200000064], [85.70809210500005, 26.443575356000053], [85.70846305200007, 26.443521046000058], [85.70901453300007, 26.44354326000007], [85.70918003700007, 26.443628894000028], [85.70921517000005, 26.44377782400005], [85.70882993900005, 26.44486112900006], [85.70886016400004, 26.445005544000026], [85.70896053400008, 26.445122824000066], [85.70915601100006, 26.445154255000034], [85.71051939100005, 26.444842083000026], [85.71092541900003, 26.444733471000063], [85.71101560300008, 26.44470634000004], [85.71113092000007, 26.444746862000045], [85.71133683700003, 26.44516199900005], [85.71140227700005, 26.445550050000065], [85.71140266400005, 26.446037396000065], [85.71140782000003, 26.446276608000062], [85.71149316500004, 26.446389372000056], [85.71171369500007, 26.446420807000038], [85.71205960100008, 26.446357462000037], [85.71268602100008, 26.446032140000057], [85.71321699500004, 26.445481209000036], [85.71355748800005, 26.444977881000057], [85.71389806000008, 26.444474435000075], [85.71425848700005, 26.443901011000037], [85.71447395700005, 26.44369782800004], [85.71472949500009, 26.44353524400003], [85.71494001700006, 26.443485398000064], [85.71521065000007, 26.443489777000025], [85.71554659200007, 26.443575252000073], [85.71626875300007, 26.443904239000062], [85.71691567900007, 26.444174580000038], [85.71808418900008, 26.444737968000027], [85.71876126700005, 26.445112128000062], [85.71936319700006, 26.44548627000006], [85.71997004900004, 26.445815314000072], [85.72082759300008, 26.446198329000026], [85.72137425900007, 26.44635588500006], [85.72184548200005, 26.446441277000076], [85.72214127400008, 26.446441135000043], [85.72245710700008, 26.446395711000036], [85.72282296200007, 26.446228526000027], [85.72304332700008, 26.446043376000034], [85.72323864600008, 26.445804009000028], [85.72350368700006, 26.444968973000073], [85.72377371700009, 26.44423315800003], [85.72394899400007, 26.44400740900005], [85.72412936300003, 26.443880878000073]]]]}}, {"type": "Feature", "properties": {"OBJECTID": 3778, "GPCODE": "92744", "GPNAME_1": "BARAMPUR (E)", "DIST_CEN_C": "13", "BLK_NAME": "JALE", "ST_NAME": "BIHAR", "ST_CODE_1": "10", "GPCODE2011": "95299", "REMARKS": "FINALIZED", "MAP_STATUS": "COMPLETED", "BLK_C_2001": "130001", "BLK_C_2011": "01181", "DIST_NAME": "DARBHANGA", "code2011": 6.0, "Shape_Leng": 0.09276195823, "Shape_Area": 0.00031416012, "Area": 3.4748}, "geometry": {"type": "MultiPolygon", "coordinates": [[[[85.75993167300004, 26.292568940000024], [85.76169225000007, 26.29216553300006], [85.76411619600003, 26.292332953000027], [85.76535781700005, 26.292342002000055], [85.76650214000006, 26.29184142500003], [85.76791151700007, 26.291281344000026], [85.77004409300008, 26.29122846100006], [85.77256593600003, 26.290889879000076], [85.77478183000005, 26.29045301900004], [85.77615296600004, 26.290290114000072], [85.77720239500007, 26.289875538000047], [85.77781090600007, 26.289354368000033], [85.77859625300005, 26.289211539000064], [85.78031421100007, 26.289381253000045], [85.78116959500005, 26.28922458900007], [85.78399967700005, 26.288419840000074], [85.78376972000007, 26.284128964000047], [85.78397500900007, 26.28304513200004], [85.78499906800005, 26.281479811000054], [85.78640571100004, 26.280368877000058], [85.78822702300005, 26.278010935000054], [85.78866479800007, 26.277404535000073], [85.78864235700007, 26.276885613000047], [85.78825334300006, 26.27503228300003], [85.78713283700006, 26.275221552000062], [85.78592617600003, 26.27515836200007], [85.78440145500008, 26.275610769000025], [85.78228144800005, 26.276169245000062], [85.77953708900003, 26.275917588000027], [85.77935613500006, 26.277953582000066], [85.77682465100008, 26.279407080000055], [85.77636799200008, 26.280284235000067], [85.77615820300008, 26.280375211000035], [85.77568231200007, 26.280304802000046], [85.77514671300008, 26.28032478800003], [85.77450451300007, 26.281134966000025], [85.77278382300005, 26.281434596000054], [85.77244267500004, 26.281282330000067], [85.77188588400008, 26.28104072700006], [85.77118115400003, 26.28128696300007], [85.76719477700004, 26.28209109900007], [85.76547575800004, 26.282783296000048], [85.76316395900005, 26.283035222000024], [85.75994896100008, 26.283953763000056], [85.75767288700007, 26.284359035000023], [85.75765287200005, 26.28435903600007], [85.75596024600009, 26.285398489000045], [85.75476486600007, 26.28566898500003], [85.75373655100003, 26.286363034000033], [85.75301017000004, 26.287403590000054], [85.75263668600007, 26.289024995000034], [85.75251063000007, 26.291133002000038], [85.75511257000005, 26.290812466000034], [85.75707430800009, 26.29061600400007], [85.75755192400004, 26.292202830000065], [85.75812917400003, 26.292548302000057], [85.75993167300004, 26.292568940000024]]]]}}, {"type": "Feature", "properties": {"OBJECTID": 3780, "GPCODE": "92763", "GPNAME_1": "RATANPUR", "DIST_CEN_C": "13", "BLK_NAME": "JALE", "ST_NAME": "BIHAR", "ST_CODE_1": "10", "GPCODE2011": "95318", "REMARKS": "FINALIZED", "MAP_STATUS": "COMPLETED", "BLK_C_2001": "130001", "BLK_C_2011": "01181", "DIST_NAME": "DARBHANGA", "code2011": 18.0, "Shape_Leng": 0.19271147201, "Shape_Area": 0.000867286, "Area": 9.59273}, "geometry": {"type": "MultiPolygon", "coordinates": [[[[85.72250415100007, 26.302986496000074], [85.72311275000004, 26.302415843000063], [85.72414961200008, 26.302516216000072], [85.72499534800005, 26.30240965300004], [85.72506872700006, 26.301994198000045], [85.72520156000007, 26.30142062400006], [85.72609554800005, 26.300867117000053], [85.72696108700006, 26.300692710000078], [85.72797232600004, 26.300653246000024], [85.72890672200003, 26.30018532300005], [85.73066810300008, 26.299917657000037], [85.73202118800003, 26.299001520000047], [85.73322394700006, 26.29928178600005], [85.73414541000005, 26.299314801000037], [85.73493127200004, 26.299257972000078], [85.73518516900003, 26.300123624000037], [85.73541804700005, 26.30072750900007], [85.73581874300004, 26.300757813000075], [85.73610784600004, 26.30044995800006], [85.73673739400004, 26.300118372000043], [85.73799839600008, 26.299956078000037], [85.73750059500009, 26.29586911800004], [85.74235960400006, 26.295256841000025], [85.74256577100005, 26.29426777900005], [85.74463070900003, 26.293606306000072], [85.74700175000004, 26.293115260000036], [85.74772994000006, 26.292721725000035], [85.74911972300004, 26.291970696000078], [85.75251063000007, 26.291133002000038], [85.75263668600007, 26.289024995000034], [85.75301017000004, 26.287403590000054], [85.75373655100003, 26.286363034000033], [85.75476486600007, 26.28566898500003], [85.75596024600009, 26.285398489000045], [85.75765287200005, 26.28435903600007], [85.75767288700007, 26.284359035000023], [85.75994896100008, 26.283953763000056], [85.76316395900005, 26.283035222000024], [85.76547575800004, 26.282783296000048], [85.76719477700004, 26.28209109900007], [85.77118115400003, 26.28128696300007], [85.77188588400008, 26.28104072700006], [85.77244267500004, 26.281282330000067], [85.77278382300005, 26.281434596000054], [85.77450451300007, 26.281134966000025], [85.77514671300008, 26.28032478800003], [85.77568231200007, 26.280304802000046], [85.77615820300008, 26.280375211000035], [85.77636799200008, 26.280284235000067], [85.77682465100008, 26.279407080000055], [85.77935613500006, 26.277953582000066], [85.77953708900003, 26.275917588000027], [85.77784553600009, 26.274908440000047], [85.77709824100003, 26.274617840000076], [85.77611561600008, 26.274278495000033], [85.77601273000005, 26.27477977500007], [85.77572313500008, 26.27495231900008], [85.77522736300006, 26.274904553000056], [85.77459609300007, 26.274785019000035], [85.77400527000003, 26.274750981000068], [85.77337562100007, 26.274997032000044], [85.77126443700007, 26.276412723000078], [85.76947101300004, 26.27724506800007], [85.76884059000008, 26.277315024000075], [85.76807435800004, 26.277250158000072], [85.76564782900005, 26.27643298600003], [85.76466702000005, 26.27650416700004], [85.76484008000006, 26.27715800800007], [85.76522132700006, 26.27732805000005], [85.76547209200004, 26.27743101200008], [85.76556831000005, 26.277692398000056], [85.76545462900003, 26.278017687000045], [85.76486464800007, 26.278177822000032], [85.76367840800003, 26.278231721000054], [85.76270184800006, 26.278131416000065], [85.76243512500008, 26.27782090000005], [85.76231489400004, 26.276652538000064], [85.76141423000007, 26.276759497000057], [85.76137768800004, 26.27755391000005], [85.76114957100003, 26.278037609000023], [85.76077105900004, 26.278485705000037], [85.75871282300005, 26.279472399000042], [85.75736076100009, 26.280515061000074], [85.75261720100008, 26.283352343000047], [85.75179580200006, 26.28326945300006], [85.75205901300006, 26.28162586600007], [85.75189947200005, 26.280624560000035], [85.75044448100005, 26.278707121000025], [85.74925585600005, 26.278192278000063], [85.74917710500006, 26.27733058800004], [85.74798664700006, 26.27640504900006], [85.74773008700004, 26.276338360000068], [85.74680397900005, 26.27609773900008], [85.74500610600006, 26.275932536000028], [85.74435444000005, 26.275727190000055], [85.74312268600005, 26.274458752000044], [85.74204990200008, 26.274114963000045], [85.74033321300004, 26.27418846100005], [85.73884224700004, 26.27436954600006], [85.73716360100008, 26.275165078000043], [85.73558679200005, 26.276375337000047], [85.73199015700004, 26.277005745000054], [85.73138620800006, 26.27864596300003], [85.72998823900008, 26.27833924600003], [85.72910129300004, 26.276916106000044], [85.72801555000007, 26.278278114000045], [85.72705070100005, 26.27859720500004], [85.72617962200007, 26.27858209900006], [85.72449857200007, 26.278826809000066], [85.72297084200005, 26.27983371600004], [85.72023222400009, 26.283498201000043], [85.72127791600008, 26.287041934000058], [85.71987149700004, 26.288391309000076], [85.71773282500004, 26.289400174000036], [85.71604080200007, 26.289499926000076], [85.71602504800006, 26.290565015000027], [85.71587026500004, 26.29192847400003], [85.71578704600006, 26.292393537000066], [85.71564743000005, 26.29254740400006], [85.71512736800008, 26.292689046000078], [85.71397157000007, 26.292868758000054], [85.71268577000006, 26.29311203900005], [85.71402975500007, 26.296100383000066], [85.71472584500003, 26.29740684500007], [85.71480544000008, 26.29853029900005], [85.71486944600008, 26.299513941000043], [85.71469605500005, 26.299961218000078], [85.71425572100009, 26.300052899000036], [85.71319936000003, 26.300056366000035], [85.71262941200007, 26.300279355000043], [85.71261102900007, 26.300694543000077], [85.71359119800007, 26.30164357800004], [85.71426682700007, 26.302810312000076], [85.71465520800007, 26.30353105900008], [85.71555697200006, 26.30365005300007], [85.71641918700004, 26.303890895000052], [85.71672617000007, 26.30428709000006], [85.71695984100006, 26.30511668200006], [85.71689769600005, 26.305856944000027], [85.71754894500003, 26.304677022000078], [85.71831191600006, 26.303898316000073], [85.71900166700004, 26.303602711000053], [85.72037752800009, 26.30333648000004], [85.72250415100007, 26.302986496000074]]]]}}, {"type": "Feature", "properties": {"OBJECTID": 3781, "GPCODE": "92745", "GPNAME_1": "BRAHMAPUR WEST", "DIST_CEN_C": "13", "BLK_NAME": "JALE", "ST_NAME": "BIHAR", "ST_CODE_1": "10", "GPCODE2011": "95300", "REMARKS": "FINALIZED", "MAP_STATUS": "COMPLETED", "BLK_C_2001": "130001", "BLK_C_2011": "01181", "DIST_NAME": "DARBHANGA", "code2011": 10.0, "Shape_Leng": 0.15751830259, "Shape_Area": 0.00101528053, "Area": 11.2279}, "geometry": {"type": "MultiPolygon", "coordinates": [[[[85.74003842100007, 26.320667840000056], [85.74066704200004, 26.320110568000075], [85.74114207700006, 26.31874611300003], [85.74136482900008, 26.31812706900007], [85.74167897900008, 26.317810095000027], [85.74353361600004, 26.317054581000036], [85.74548566600004, 26.316831209000043], [85.74700172900003, 26.316537133000054], [85.74772967000007, 26.316200509000055], [85.74971547700005, 26.31528213100006], [85.75070380800008, 26.314538609000067], [85.75180555900005, 26.313392960000044], [85.75286527100008, 26.31295609400007], [85.75342143900008, 26.313021779000053], [85.75446821100007, 26.313081270000055], [85.75491919600006, 26.313138395000067], [85.75517335600006, 26.312871193000035], [85.75545264100003, 26.312608496000053], [85.75577852300006, 26.312693056000057], [85.75714171800007, 26.31411440000005], [85.75842182800005, 26.314827407000053], [85.75920777600004, 26.314770457000066], [85.76069791700007, 26.31428223200004], [85.76237245700008, 26.313612844000033], [85.76301317800005, 26.313560954000025], [85.76317414900006, 26.313713809000035], [85.76357250400008, 26.315472433000025], [85.76382461200006, 26.31586862900008], [85.76467572100006, 26.315811457000052], [85.76829171600008, 26.315938342000038], [85.76912419200005, 26.316188004000026], [85.77087731300008, 26.316289977000054], [85.77293460100003, 26.316101956000068], [85.77495610500006, 26.31575616200007], [85.77752682800008, 26.315038205000064], [85.77989127600006, 26.31412688100005], [85.78206423500006, 26.312954545000025], [85.78251096700006, 26.312095442000043], [85.78277807900008, 26.310298325000076], [85.78266069100005, 26.30979784400006], [85.78192957900006, 26.308694841000033], [85.78094928700006, 26.307854572000053], [85.78039170700004, 26.307459575000053], [85.77921553300007, 26.30539245800003], [85.77837048700007, 26.30455168000003], [85.77740623100004, 26.303900887000054], [85.77704218700006, 26.303125992000048], [85.77697597100007, 26.301776893000067], [85.77711642400004, 26.29962369200007], [85.77755303200007, 26.298742138000023], [85.77777948800008, 26.297879309000052], [85.77872325900006, 26.29622414100004], [85.77990955000007, 26.295064455000045], [85.78054426200003, 26.29477140800003], [85.78168324700005, 26.294245536000062], [85.78294749600008, 26.29372189600008], [85.78333999300008, 26.293052484000043], [85.78404406500005, 26.291565126000023], [85.78420407400006, 26.28933522500006], [85.78399967700005, 26.288419840000074], [85.78116959500005, 26.28922458900007], [85.78031421100007, 26.289381253000045], [85.77859625300005, 26.289211539000064], [85.77781090600007, 26.289354368000033], [85.77720239500007, 26.289875538000047], [85.77615296600004, 26.290290114000072], [85.77478183000005, 26.29045301900004], [85.77256593600003, 26.290889879000076], [85.77004409300008, 26.29122846100006], [85.76791151700007, 26.291281344000026], [85.76650214000006, 26.29184142500003], [85.76535781700005, 26.292342002000055], [85.76411619600003, 26.292332953000027], [85.76169225000007, 26.29216553300006], [85.75993167300004, 26.292568940000024], [85.75812917400003, 26.292548302000057], [85.75755192400004, 26.292202830000065], [85.75707430800009, 26.29061600400007], [85.75511257000005, 26.290812466000034], [85.75251063000007, 26.291133002000038], [85.74911972300004, 26.291970696000078], [85.74772994000006, 26.292721725000035], [85.74700175000004, 26.293115260000036], [85.74463070900003, 26.293606306000072], [85.74256577100005, 26.29426777900005], [85.74235960400006, 26.295256841000025], [85.73750059500009, 26.29586911800004], [85.73799839600008, 26.299956078000037], [85.73841005600008, 26.301389793000055], [85.73844215100007, 26.303091056000028], [85.73767729300005, 26.303368979000027], [85.73780318100006, 26.305927309000026], [85.73723803400009, 26.308470045000035], [85.73625775800008, 26.31234087200005], [85.73592505700003, 26.315415311000038], [85.73627467900008, 26.316379891000054], [85.73807923000004, 26.316820478000068], [85.73850130700004, 26.31716656100008], [85.73854412700007, 26.31899416300007], [85.73893326000007, 26.32104166000005], [85.74003842100007, 26.320667840000056]]]]}}, {"type": "Feature", "properties": {"OBJECTID": 3783, "GPCODE": "92747", "GPNAME_1": "DOGHRA", "DIST_CEN_C": "13", "BLK_NAME": "JALE", "ST_NAME": "BIHAR", "ST_CODE_1": "10", "GPCODE2011": "95302", "REMARKS": "FINALIZED", "MAP_STATUS": "COMPLETED", "BLK_C_2001": "130001", "BLK_C_2011": "01181", "DIST_NAME": "DARBHANGA", "code2011": 12.0, "Shape_Leng": 0.14512801938, "Shape_Area": 0.00043644746, "Area": 4.82443}, "geometry": {"type": "MultiPolygon", "coordinates": [[[[85.74170459400005, 26.373530377000066], [85.74132310600004, 26.372177839000074], [85.74138124900009, 26.371703773000036], [85.74161176200005, 26.37053862700003], [85.74265962700008, 26.369537773000047], [85.74405024500004, 26.36902294400005], [85.74496965800006, 26.368478289000052], [85.74521209200003, 26.36776437900005], [85.74516804700005, 26.36683041400005], [85.74499456000007, 26.366086408000058], [85.74420439400006, 26.36405833500004], [85.74456758500008, 26.363461398000027], [85.74522796900004, 26.36326950800003], [85.74584923000003, 26.36326738500003], [85.74667635400004, 26.363399909000066], [85.74772914500005, 26.36376806000004], [85.74845250200008, 26.364021016000038], [85.74987313500003, 26.36468399100005], [85.74925207300004, 26.362398148000068], [85.74885278800008, 26.359240535000026], [85.74848671100006, 26.355654120000054], [85.74777915400006, 26.35536772300003], [85.74772922000005, 26.35536385200004], [85.74688210500005, 26.355298622000078], [85.74466926900004, 26.355586060000064], [85.74013141000006, 26.355737024000064], [85.73633530600006, 26.35598011600007], [85.73248953000007, 26.35633613300007], [85.73224104500008, 26.355596885000068], [85.73147405200007, 26.355473036000035], [85.73117651600006, 26.354986695000036], [85.72998993700008, 26.35514857100003], [85.72973153000004, 26.355636883000045], [85.72729061100006, 26.355302081000048], [85.72677413200006, 26.352754025000024], [85.72569219900004, 26.352757576000045], [85.72428244400004, 26.353470768000022], [85.72349545300006, 26.35333343700006], [85.72319137300008, 26.35245896500004], [85.72272170600007, 26.34908036300004], [85.71860764500008, 26.34992425100006], [85.71839017900004, 26.351892582000062], [85.71780664900007, 26.35250829000006], [85.71700659100009, 26.35287187600005], [85.71651282100004, 26.352151424000056], [85.71529179600003, 26.35245326000006], [85.71513825900007, 26.352896015000056], [85.71055540600008, 26.353050713000073], [85.71001113500006, 26.352217578000023], [85.70778148600004, 26.351579740000034], [85.70769142300009, 26.351787470000033], [85.70748614300004, 26.351873300000022], [85.70683994400008, 26.35185114500007], [85.70566279100007, 26.351797651000027], [85.70437532700004, 26.35164489500005], [85.70201089700004, 26.351578455000038], [85.70121950900005, 26.351587899000037], [85.700959, 26.35153839800006], [85.70083869500007, 26.351403146000052], [85.70040833100006, 26.352111877000027], [85.70095440200004, 26.35216127500007], [85.70152563400006, 26.35241815200004], [85.70217690800007, 26.35255317900004], [85.70257759800006, 26.35259360200007], [85.70297839000006, 26.352634030000047], [85.70323395300005, 26.352827949000073], [85.70355993000004, 26.353279060000034], [85.70377586000006, 26.354100264000067], [85.70412191900004, 26.354718354000056], [85.70444272800006, 26.35505661600007], [85.70444779900004, 26.355182998000032], [85.70439780100008, 26.355300344000057], [85.70427269100009, 26.355471885000043], [85.70427282900005, 26.355693073000054], [85.70429793800008, 26.35576975400005], [85.70439315300007, 26.35579223700006], [85.70464859000003, 26.355760547000045], [85.70526460700006, 26.355656418000024], [85.70569529700003, 26.355507227000032], [85.70598087700006, 26.355457406000028], [85.70625141100004, 26.355497881000076], [85.70681255700003, 26.355759341000066], [85.70712824300006, 26.35583590600004], [85.70755408000008, 26.35585819000005], [85.70874614200005, 26.35570401700005], [85.71015875000006, 26.355703232000053], [85.71139612400003, 26.355734059000042], [85.71192216400004, 26.35586911200005], [85.71239323000003, 26.35604032200007], [85.71333557300005, 26.356802472000027], [85.71386687300009, 26.35719929700008], [85.71448321600008, 26.357447114000024], [85.71465361400004, 26.35755079000006], [85.71469372900003, 26.35770866000007], [85.71456943500004, 26.35885055700004], [85.71463484500003, 26.359216084000025], [85.71512148000005, 26.36019508700008], [85.71538720500007, 26.360087708000037], [85.71588403600003, 26.360218016000033], [85.71684427600007, 26.361072275000026], [85.71758426000008, 26.36196339600008], [85.71798052700007, 26.362097560000052], [85.71837649800005, 26.36215036300007], [85.71991244100008, 26.360407932000044], [85.72050139900006, 26.359873486000026], [85.72098207500005, 26.359822205000057], [85.72193970700005, 26.359999604000052], [85.72335416500005, 26.36045077700004], [85.72510345000006, 26.360666089000063], [85.72675241900004, 26.36088174300005], [85.72756597900008, 26.36135286600006], [85.72824338800007, 26.36162140500005], [85.72852853400008, 26.361521116000063], [85.72867732600008, 26.36116412900003], [85.72895786600003, 26.361163237000028], [85.72914899000006, 26.361347602000023], [85.72947156200007, 26.36183836600003], [85.73080517400007, 26.36207308400003], [85.73110644000008, 26.362252672000068], [85.73096975900006, 26.363119535000067], [85.73107785100007, 26.366233074000036], [85.73145058600005, 26.369120037000073], [85.73262376900004, 26.371742553000047], [85.73375654200004, 26.373047491000023], [85.73470847700008, 26.37304424000007], [85.73573991400008, 26.37290091500006], [85.73617729100005, 26.37325140300004], [85.73625900800005, 26.37362120000006], [85.73812814500008, 26.373700529000075], [85.74170459400005, 26.373530377000066]]]]}}, {"type": "Feature", "properties": {"OBJECTID": 3784, "GPCODE": "92760", "GPNAME_1": "RADHI EAST", "DIST_CEN_C": "13", "BLK_NAME": "JALE", "ST_NAME": "BIHAR", "ST_CODE_1": "10", "GPCODE2011": "95315", "REMARKS": "FINALIZED", "MAP_STATUS": "COMPLETED", "BLK_C_2001": "130001", "BLK_C_2011": "01181", "DIST_NAME": "DARBHANGA", "code2011": 10.0, "Shape_Leng": 0.12085148823, "Shape_Area": 0.00067376911, "Area": 7.44992}, "geometry": {"type": "MultiPolygon", "coordinates": [[[[85.77474301900008, 26.333100683000055], [85.77834567000008, 26.336533333000034], [85.78253486800008, 26.33642860300006], [85.78319857000008, 26.33971610100008], [85.78358058700007, 26.340021570000033], [85.78442717100006, 26.34003645000007], [85.78547351800006, 26.339946816000065], [85.78472527900004, 26.33734117700004], [85.78474397900004, 26.337052270000072], [85.78519320200007, 26.336730213000067], [85.78758268300004, 26.335723890000054], [85.78710551300009, 26.334335735000025], [85.78729002900008, 26.33418161900005], [85.78860690200008, 26.334109007000052], [85.78875626200005, 26.333905377000065], [85.78855701600008, 26.33197007900003], [85.79087432500006, 26.331654465000042], [85.79007341600004, 26.32958607200004], [85.79175055300004, 26.329444391000038], [85.79278591000008, 26.329169716000024], [85.79327611000008, 26.329032428000062], [85.79382303500006, 26.329251491000036], [85.79412363500006, 26.329281954000066], [85.79459370700005, 26.329126721000023], [85.79515752700007, 26.328682370000024], [85.79556788200006, 26.32861311700003], [85.79610023900005, 26.32891795300003], [85.79658566300003, 26.328848398000048], [85.79696531900004, 26.328643858000078], [85.79752680600006, 26.328745551000054], [85.79782774000006, 26.328843654000025], [85.79820773200004, 26.32870684900007], [85.79865542700009, 26.328077808000046], [85.79897558300007, 26.327990812000053], [85.80002704300006, 26.327932644000043], [85.80019809500004, 26.328103498000075], [85.80081128600006, 26.329621987000053], [85.80249307800005, 26.329412450000063], [85.80282132800005, 26.328937326000073], [85.80344071800005, 26.328578423000067], [85.80513148200004, 26.328165730000023], [85.80524476500005, 26.32777268800004], [85.80512682100004, 26.32718645400007], [85.80508679500008, 26.32615316700003], [85.80580135900004, 26.325807379000025], [85.80535303800008, 26.32421613200006], [85.80590781100005, 26.32398830900007], [85.80585992900006, 26.322354843000028], [85.80879828300004, 26.321048206000057], [85.80827831300007, 26.32018832400007], [85.80830876800007, 26.319222464000063], [85.80788547200007, 26.318669026000066], [85.80738005100005, 26.316658197000038], [85.80554172900008, 26.31656154600006], [85.80496412400004, 26.316184685000053], [85.80438085900005, 26.314639034000038], [85.80389064300005, 26.312655332000077], [85.80338315600005, 26.31018870400004], [85.80269175800004, 26.310105665000037], [85.80150456100006, 26.310024464000037], [85.80055072700009, 26.30950920400005], [85.79942031300004, 26.308719266000026], [85.79847828800007, 26.308564872000034], [85.79733023500006, 26.30827589100005], [85.79581984500004, 26.308678787000076], [85.79526299300005, 26.308441780000067], [85.79432476100004, 26.308048154000062], [85.79380451300005, 26.30817202000003], [85.79073331900008, 26.30887410100007], [85.78767975600005, 26.310162682000055], [85.78328687900006, 26.31204288400005], [85.78251096700006, 26.312095442000043], [85.78206423500006, 26.312954545000025], [85.77989127600006, 26.31412688100005], [85.77752682800008, 26.315038205000064], [85.77495610500006, 26.31575616200007], [85.77321390200007, 26.31956708100006], [85.77384228200003, 26.323651549000033], [85.77593688100006, 26.330563726000037], [85.77474301900008, 26.333100683000055]]]]}}, {"type": "Feature", "properties": {"OBJECTID": 3785, "GPCODE": "92746", "GPNAME_1": "DHADHIYA", "DIST_CEN_C": "13", "BLK_NAME": "JALE", "ST_NAME": "BIHAR", "ST_CODE_1": "10", "GPCODE2011": "95301", "REMARKS": "FINALIZED", "MAP_STATUS": "COMPLETED", "BLK_C_2001": "130001", "BLK_C_2011": "01181", "DIST_NAME": "DARBHANGA", "code2011": 14.0, "Shape_Leng": 0.20905947428, "Shape_Area": 0.00088128776, "Area": 9.74192}, "geometry": {"type": "MultiPolygon", "coordinates": [[[[85.82093476200004, 26.37156585500003], [85.82091671200004, 26.370952182000053], [85.82094976400003, 26.370536817000072], [85.82108888100004, 26.370306113000026], [85.82137245700005, 26.369898815000056], [85.82153171600004, 26.369690650000052], [85.82199014500009, 26.36918791900007], [85.82236522100004, 26.369050970000046], [85.82301654700007, 26.369048435000025], [85.82382864200008, 26.369148895000023], [85.82446007400006, 26.369191556000033], [85.82517123400004, 26.369139008000047], [85.82571650000006, 26.36896984300006], [85.82619505200006, 26.368485127000042], [85.82654145700008, 26.367635290000067], [85.82681740900006, 26.366699984000036], [85.82715844100005, 26.365768971000023], [85.82767000900003, 26.364877901000057], [85.82815807100008, 26.36429377500008], [85.82868093700006, 26.36365993000004], [85.82946897200009, 26.362966302000075], [85.83022660000006, 26.362196021000045], [85.83093558200005, 26.361710240000036], [85.83141933600007, 26.361284130000058], [85.83120757200004, 26.361014218000037], [85.83089975600006, 26.360568664000027], [85.83062114400008, 26.359947030000058], [85.83082100600006, 26.359846971000024], [85.82917360100004, 26.359086740000066], [85.82821016000008, 26.35857653000005], [85.82723707300005, 26.357746270000064], [85.82702732000007, 26.356531802000063], [85.82611590400006, 26.356589708000058], [85.82552922800005, 26.35646567200007], [85.82481650200003, 26.356197759000054], [85.82418826600008, 26.35577158700005], [85.82351383300005, 26.355142503000025], [85.82303657600005, 26.35485108100005], [85.82271379700006, 26.354419139000072], [85.82245119000004, 26.353991398000062], [85.82218810600006, 26.353446401000042], [85.82197486100006, 26.35287414100003], [85.82175032300006, 26.352040228000078], [85.82161575600009, 26.351165222000077], [85.82143067000004, 26.35019120800007], [85.82126095300003, 26.349289342000077], [85.82100546100008, 26.34827045000003], [85.82080630300004, 26.34749054300005], [85.82066290600005, 26.34685483000004], [85.82066312900008, 26.345879987000046], [85.82081956000007, 26.34509871100005], [85.82096189800006, 26.34450243200007], [85.82127267200008, 26.344559897000067], [85.82176441300004, 26.344724858000063], [85.82228607300004, 26.34486716300006], [85.82274268800006, 26.34504585600007], [85.82334909200006, 26.345115685000053], [85.82380941600007, 26.345014581000044], [85.82489404100005, 26.344545382000035], [85.82651298500008, 26.343740147000062], [85.82786285500003, 26.343251832000078], [85.82874214100008, 26.342792470000063], [85.82989655700004, 26.342264294000074], [85.82703636300005, 26.34209157500004], [85.82471454400007, 26.342534182000065], [85.82065072400007, 26.34321828800006], [85.81781954500008, 26.344005717000073], [85.81697419800008, 26.344239236000078], [85.81635244300008, 26.344097325000064], [85.81516577300005, 26.343172352000067], [85.81421393200003, 26.343126390000066], [85.81335824200005, 26.34331480000003], [85.81272901600005, 26.34369637900005], [85.81219315600003, 26.343716491000066], [85.81188556400008, 26.343289023000068], [85.81049239300006, 26.343136558000026], [85.80763939000008, 26.341486881000037], [85.80609120800005, 26.340337686000055], [85.80484162100004, 26.33983252400003], [85.80314229600003, 26.339532206000058], [85.80266492500004, 26.339204642000027], [85.80260243400005, 26.33661448400005], [85.80177020200006, 26.336446178000074], [85.80037436500004, 26.33675849900004], [85.79980985300006, 26.337062971000023], [85.80042376200004, 26.33873036500006], [85.80102545000005, 26.338863417000027], [85.80216884200007, 26.341273435000062], [85.80259283900006, 26.34300475400005], [85.80214421900007, 26.34348028900007], [85.80089743400003, 26.343552803000023], [85.79980490100007, 26.34342158000004], [85.79921152000009, 26.342945504000056], [85.79884706300004, 26.34107858400006], [85.79802003000003, 26.340946334000023], [85.79759856800007, 26.339724970000077], [85.79664998400006, 26.33932244600004], [85.79582184900005, 26.33895107400008], [85.79540536800005, 26.335599606000073], [85.79932074300007, 26.335313894000024], [85.79878750200004, 26.333754514000077], [85.79974938400005, 26.333818515000075], [85.79987133900005, 26.33312755000003], [85.79870416900008, 26.333082399000034], [85.79877833400008, 26.33287897100007], [85.79925595900005, 26.33221835100005], [85.79980587600005, 26.331995059000064], [85.80034101200005, 26.331830583000055], [85.80079062700008, 26.33160769600005], [85.80113047600008, 26.33145746100007], [85.80165148700007, 26.331468958000073], [85.80201738000005, 26.331539787000054], [85.80200544800005, 26.331129213000054], [85.80230424100006, 26.330771540000057], [85.80260815300005, 26.33044543400007], [85.80260701400005, 26.330192698000076], [85.80249307800005, 26.329412450000063], [85.80081128600006, 26.329621987000053], [85.80019809500004, 26.328103498000075], [85.80002704300006, 26.327932644000043], [85.79897558300007, 26.327990812000053], [85.79865542700009, 26.328077808000046], [85.79820773200004, 26.32870684900007], [85.79782774000006, 26.328843654000025], [85.79752680600006, 26.328745551000054], [85.79696531900004, 26.328643858000078], [85.79658566300003, 26.328848398000048], [85.79610023900005, 26.32891795300003], [85.79556788200006, 26.32861311700003], [85.79515752700007, 26.328682370000024], [85.79459370700005, 26.329126721000023], [85.79412363500006, 26.329281954000066], [85.79382303500006, 26.329251491000036], [85.79327611000008, 26.329032428000062], [85.79278591000008, 26.329169716000024], [85.79175055300004, 26.329444391000038], [85.79007341600004, 26.32958607200004], [85.79087432500006, 26.331654465000042], [85.78855701600008, 26.33197007900003], [85.78875626200005, 26.333905377000065], [85.78860690200008, 26.334109007000052], [85.78729002900008, 26.33418161900005], [85.78710551300009, 26.334335735000025], [85.78758268300004, 26.335723890000054], [85.78519320200007, 26.336730213000067], [85.78474397900004, 26.337052270000072], [85.78472527900004, 26.33734117700004], [85.78547351800006, 26.339946816000065], [85.78556718100003, 26.34179221100004], [85.78594662100005, 26.342603134000058], [85.78623267800003, 26.342737433000025], [85.78664363000007, 26.34277201900005], [85.78681467800004, 26.342938283000024], [85.78678141300009, 26.343331103000025], [85.78670776600006, 26.34363824500008], [85.78708424400008, 26.34382184900005], [85.78716119300003, 26.34420966700003], [85.78695797600005, 26.344684262000044], [85.78667445400004, 26.345114054000078], [85.78645980700009, 26.34744795900008], [85.78700278600007, 26.347874674000025], [85.78739473100006, 26.348143957000048], [85.78816618800005, 26.34816362500004], [85.78941056100007, 26.348610290000067], [85.79425099800005, 26.350045050000062], [85.79576135000008, 26.350580853000054], [85.79685719600008, 26.351411574000053], [85.79749965500008, 26.35167089600003], [85.79896651900003, 26.351498289000062], [85.80039800200007, 26.351253615000076], [85.80058444000008, 26.351492106000023], [85.80089016300008, 26.352573963000054], [85.80119751300003, 26.352947332000042], [85.80202554000005, 26.353282687000046], [85.80274400200005, 26.35372216500008], [85.80346394100008, 26.35446848400005], [85.80364253800008, 26.355167334000043], [85.80349883600007, 26.35654423300008], [85.80367968000007, 26.358750335000025], [85.80414562000004, 26.360865027000045], [85.80455480300003, 26.362614447000055], [85.80505423000005, 26.363352650000024], [85.80549641900006, 26.363612657000033], [85.80621893700004, 26.36384899500007], [85.80672098400004, 26.364072717000056], [85.80711588500003, 26.365984575000027], [85.80756963400006, 26.36866801800005], [85.80903029500007, 26.36819749600005], [85.80965169400008, 26.368231108000032], [85.81001429000008, 26.36861786700007], [85.80998211600007, 26.36922714800005], [85.81046348100006, 26.36931557500003], [85.81082893700005, 26.37027984200006], [85.81182010700007, 26.37012710600004], [85.81219967700008, 26.370906284000057], [85.81263864300007, 26.37154987200006], [85.81341501600008, 26.371506276000048], [85.81394121400007, 26.371544791000076], [85.81421101400008, 26.37240564500007], [85.81661092900003, 26.372432263000064], [85.81945268300007, 26.37277663200007], [85.81996304300003, 26.372625726000024], [85.82047294800003, 26.372402575000024], [85.82082695900004, 26.37205359400008], [85.82093476200004, 26.37156585500003]]]]}}, {"type": "Feature", "properties": {"OBJECTID": 3786, "GPCODE": "92755", "GPNAME_1": "KATRAUL BASANT", "DIST_CEN_C": "13", "BLK_NAME": "JALE", "ST_NAME": "BIHAR", "ST_CODE_1": "10", "GPCODE2011": "95310", "REMARKS": "FINALIZED", "MAP_STATUS": "COMPLETED", "BLK_C_2001": "130001", "BLK_C_2011": "01181", "DIST_NAME": "DARBHANGA", "code2011": 13.0, "Shape_Leng": 0.18220797703, "Shape_Area": 0.00059857512, "Area": 6.61644}, "geometry": {"type": "MultiPolygon", "coordinates": [[[[85.68938378800004, 26.35324550400003], [85.68978449700006, 26.353227236000066], [85.69069620200008, 26.353339669000036], [85.69102173800007, 26.35327636200003], [85.69143745500008, 26.353041506000068], [85.69180800900006, 26.352811147000068], [85.69243903500006, 26.35272060500006], [85.69396685300006, 26.35272442200005], [85.69444777100006, 26.352683523000053], [85.69486344400008, 26.352547980000054], [85.69550947300007, 26.352213686000027], [85.69643598900007, 26.352050779000024], [85.69728510700008, 26.35202774700008], [85.69813412400003, 26.352004717000057], [85.70040833100006, 26.352111877000027], [85.70083869500007, 26.351403146000052], [85.70079341500008, 26.35116399900005], [85.70087827400005, 26.350676543000077], [85.70109817600007, 26.34994078300008], [85.70119304700006, 26.34944881900003], [85.70113716800006, 26.348212337000064], [85.70115173400006, 26.347413464000056], [85.70098553800005, 26.346131941000067], [85.70102026200004, 26.345554262000064], [85.70114522700004, 26.345179574000042], [85.70137540200005, 26.34485903800004], [85.70175081600007, 26.344335390000026], [85.70180073600005, 26.34413225700007], [85.70175045800005, 26.343870554000034], [85.70146465200008, 26.343432883000048], [85.70127868100008, 26.342327340000054], [85.70119255600008, 26.34080650800007], [85.70122694000008, 26.33971437200006], [85.70122083100006, 26.338121305000072], [85.70129555600005, 26.337363125000024], [85.70133033000008, 26.336934376000045], [85.70133011100006, 26.336663572000077], [85.70102957000006, 26.33666367400008], [85.70045883000006, 26.33696634900008], [85.69984300800007, 26.33735480000007], [85.69909720100009, 26.33814950900006], [85.69812616200005, 26.33912474300007], [85.69760558000007, 26.33966205300004], [85.69661435600005, 26.340470389000075], [85.69588338200003, 26.340836324000065], [85.69533756600003, 26.341062221000072], [85.69480674000005, 26.341360381000072], [85.69451147100006, 26.341694416000053], [85.69439641600007, 26.342033024000045], [85.69438188900006, 26.342872399000044], [85.69436210800006, 26.34330114900007], [85.69428708300006, 26.343400442000075], [85.69399652800007, 26.343432199000063], [85.69225835300006, 26.343225439000037], [85.69119152400003, 26.343153737000023], [85.69035501900004, 26.343190176000064], [85.69016976200004, 26.343285012000024], [85.68994949800003, 26.34354690200007], [85.68974442600006, 26.34411108100005], [85.68970960900003, 26.344544335000023], [85.68968972400006, 26.344706881000036], [85.68958456600006, 26.34478361200007], [85.68912879500004, 26.344846963000066], [85.68835736800008, 26.344860864000054], [85.68717035300006, 26.34486595100003], [85.68626868700005, 26.344834690000027], [85.68609345400006, 26.344893441000067], [85.68599329500006, 26.344988305000072], [85.68594338600008, 26.345326743000044], [85.68587908200004, 26.347005661000026], [85.68570432900003, 26.348021148000043], [85.68573963300008, 26.348567185000036], [85.68577487500005, 26.348801824000077], [85.68571483000005, 26.348968867000053], [85.68553956700003, 26.34907723200007], [85.68528411200003, 26.349172129000067], [85.68439257800009, 26.349258218000045], [85.68316534800005, 26.34930836700005], [85.68119180900004, 26.349336202000075], [85.67979928200003, 26.349372910000056], [85.67847194100005, 26.34938689300003], [85.67811134400006, 26.34949986600003], [85.67759050200004, 26.349703158000068], [85.67708968500006, 26.35010049600004], [85.67683948900003, 26.350669236000044], [85.67668950700005, 26.351255968000032], [85.67674484400004, 26.351711714000032], [85.67689525100008, 26.352068185000064], [85.67708565200007, 26.35233888700003], [85.67739132000008, 26.352568951000023], [85.67781717000008, 26.352735739000025], [85.67917984300004, 26.353019542000027], [85.67967580100003, 26.353159293000033], [85.67996145800004, 26.353375812000024], [85.68006678800003, 26.353587837000077], [85.68012195100005, 26.35380895800006], [85.68015225700003, 26.354296356000077], [85.68023246400008, 26.35449493400006], [85.68040280400004, 26.35464826300006], [85.68086380800008, 26.354824075000067], [85.68139987700005, 26.355063063000046], [85.68178581500007, 26.35539688500006], [85.68192114700008, 26.355699222000055], [85.68206646800007, 26.355834497000046], [85.68225190500004, 26.355843496000034], [85.68288296200006, 26.355734951000045], [85.68341891200004, 26.355590280000058], [85.68430037300004, 26.355283005000047], [85.68499157900004, 26.355012008000074], [85.68547236500007, 26.354835739000066], [85.68747564600005, 26.354049673000077], [85.68836711700004, 26.353706295000052], [85.68938378800004, 26.35324550400003]]], [[[85.69662657600009, 26.388660771000048], [85.69764316600003, 26.38850416300005], [85.69877585700004, 26.388568278000037], [85.70075357300004, 26.388155891000054], [85.70274685800007, 26.387910435000038], [85.70427361000003, 26.38751297700003], [85.70615652900005, 26.38723624900007], [85.70871079200003, 26.386921181000048], [85.70867683200004, 26.385937526000077], [85.70782140600005, 26.38249694900003], [85.70774525000007, 26.382248995000054], [85.70742384400006, 26.382064944000035], [85.70677618800005, 26.380451444000073], [85.70595441000006, 26.37788617800004], [85.70566604600003, 26.37591502300006], [85.70577562500006, 26.375743130000046], [85.70664595200003, 26.375370330000067], [85.70705517700009, 26.374958394000032], [85.70745070700008, 26.37488937100005], [85.70826170400005, 26.374733382000045], [85.70907269800006, 26.374577388000034], [85.71172982000007, 26.373738435000064], [85.71265162700007, 26.37372196800004], [85.71297128000003, 26.373481734000052], [85.71417189000005, 26.37178551100004], [85.71562731900008, 26.36990341300003], [85.71880490700005, 26.36773591900004], [85.72023487200005, 26.367031718000078], [85.72034855400005, 26.366643257000078], [85.72022969300008, 26.36575915700007], [85.71837649800005, 26.36215036300007], [85.71798052700007, 26.362097560000052], [85.71758426000008, 26.36196339600008], [85.71684427600007, 26.361072275000026], [85.71588403600003, 26.360218016000033], [85.71538720500007, 26.360087708000037], [85.71512148000005, 26.36019508700008], [85.71512655400005, 26.36035755200004], [85.71506154600007, 26.360465876000035], [85.71475101100003, 26.360578850000024], [85.71233151900003, 26.360620982000057], [85.71106405600005, 26.360590156000058], [85.71089364400007, 26.360531580000043], [85.71056779800006, 26.360193331000062], [85.71039239000004, 26.36009867000007], [85.71011191600007, 26.360130454000057], [85.70863943900008, 26.360681847000023], [85.70705188500006, 26.361305635000065], [85.70617049800006, 26.36173932400004], [85.70578498900005, 26.36209609100007], [85.70558985200006, 26.36237144100005], [85.70531972700007, 26.362971880000032], [85.70514458400004, 26.36335557700005], [85.70460406700005, 26.364032801000064], [85.70372285500008, 26.36480953100005], [85.70307715100006, 26.365581529000053], [85.70270685100007, 26.36624517100006], [85.70258693800008, 26.36673712100003], [85.70266258500004, 26.367585527000074], [85.70276343500007, 26.36855580300005], [85.70281399900006, 26.369241738000028], [85.70275906300003, 26.369444865000048], [85.70259378200006, 26.369607375000044], [85.70200780500005, 26.369824349000055], [85.70152189500004, 26.369932922000032], [85.70110621900005, 26.370235453000078], [85.70073571300009, 26.370533574000035], [85.70038543400005, 26.371120353000038], [85.70015552000007, 26.37204120000007], [85.70000621800006, 26.37356661800004], [85.69995747000007, 26.375669643000037], [85.69992273800005, 26.37623377600005], [85.69979760500007, 26.37639629100005], [85.69944193800006, 26.376568037000027], [85.69896602100005, 26.37664945100005], [85.69851007100004, 26.376627134000046], [85.69823448800008, 26.376582134000046], [85.69807910200007, 26.376473936000025], [85.69718660800004, 26.375328078000052], [85.69633431100004, 26.374407921000056], [85.69621897800005, 26.374313173000075], [85.69608368400003, 26.374313224000048], [85.69524212500005, 26.37448517400003], [85.69400970100008, 26.37466178300008], [85.69219137900006, 26.375253859000054], [85.69102925100003, 26.375669599000048], [85.69088907900004, 26.37584563200005], [85.69086416100004, 26.376057786000047], [85.69092953900008, 26.37660382000007], [85.69114540200007, 26.377240013000062], [85.69131115500005, 26.377970995000055], [85.69147153000006, 26.378124398000068], [85.69180240400004, 26.37840404800005], [85.69209820900005, 26.37873790100008], [85.69235909200006, 26.37950490600008], [85.69296666700006, 26.381670817000042], [85.69341835300008, 26.382970355000054], [85.69403568700005, 26.384833898000068], [85.69447769800007, 26.386629817000028], [85.69492455700004, 26.388078267000026], [85.69505522600008, 26.388719025000057], [85.69490012200004, 26.389179472000023], [85.69484522100004, 26.389495347000036], [85.69490051100007, 26.389757044000078], [85.69506090000004, 26.389919461000034], [85.69662657600009, 26.388660771000048]]]]}}, {"type": "Feature", "properties": {"OBJECTID": 3787, "GPCODE": "92754", "GPNAME_1": "KARWA TARIYANI", "DIST_CEN_C": "13", "BLK_NAME": "JALE", "ST_NAME": "BIHAR", "ST_CODE_1": "10", "GPCODE2011": "95309", "REMARKS": "FINALIZED", "MAP_STATUS": "COMPLETED", "BLK_C_2001": "130001", "BLK_C_2011": "01181", "DIST_NAME": "DARBHANGA", "code2011": 21.0, "Shape_Leng": 0.19891531266, "Shape_Area": 0.0007109414, "Area": 7.85619}, "geometry": {"type": "MultiPolygon", "coordinates": [[[[85.83746864300008, 26.385556274000066], [85.83686929900006, 26.383961242000055], [85.83647116900005, 26.382518770000047], [85.836731, 26.382364276000033], [85.83725558500004, 26.38208234900003], [85.83835741100006, 26.381987543000037], [85.83931334000005, 26.381776028000047], [85.83974397300005, 26.381711065000047], [85.83981798900004, 26.381489681000062], [85.83983261200007, 26.38042908500006], [85.83968230000005, 26.380416197000045], [85.83860003400008, 26.38041611500006], [85.83762802700005, 26.380429122000066], [85.83676256300004, 26.380680882000036], [85.83605195200005, 26.380873284000074], [85.83580628700008, 26.380833667000047], [85.83550651900003, 26.38001364300004], [85.83530412600004, 26.379621792000023], [85.83466144400006, 26.37835633800006], [85.83370639300006, 26.376758176000067], [85.83315085300006, 26.375862451000046], [85.83295026500008, 26.375836153000023], [85.83213536400007, 26.37618247100005], [85.82886866500007, 26.378185805000044], [85.82796970400005, 26.378771619000076], [85.82706012600005, 26.37923107000006], [85.82632923600005, 26.379355882000027], [85.82545316600005, 26.379508284000053], [85.82452586000005, 26.379426298000055], [85.82409264600005, 26.37896773500006], [85.82409425800006, 26.378286321000076], [85.82391552400009, 26.37760103900007], [85.82377707800003, 26.376951812000073], [85.82379405600005, 26.376337942000077], [85.82382128500007, 26.375769254000033], [85.82367365200008, 26.375296001000038], [85.82340518100006, 26.374710436000044], [85.82340841900003, 26.374335855000027], [85.82311737900005, 26.37425575000003], [85.82233528700004, 26.374155088000066], [85.82169883500006, 26.374126044000036], [85.82077750100007, 26.374219999000047], [85.82012627000006, 26.374249675000044], [85.81970890600007, 26.37393088600004], [85.81943021500007, 26.373304733000055], [85.81930809300007, 26.37291714400004], [85.81945268300007, 26.37277663200007], [85.81661092900003, 26.372432263000064], [85.81421101400008, 26.37240564500007], [85.81394121400007, 26.371544791000076], [85.81341501600008, 26.371506276000048], [85.81263864300007, 26.37154987200006], [85.81219967700008, 26.370906284000057], [85.81182010700007, 26.37012710600004], [85.81082893700005, 26.37027984200006], [85.81046348100006, 26.36931557500003], [85.80998211600007, 26.36922714800005], [85.81001429000008, 26.36861786700007], [85.80965169400008, 26.368231108000032], [85.80903029500007, 26.36819749600005], [85.80756963400006, 26.36866801800005], [85.80696438300004, 26.368864384000062], [85.80637699400006, 26.36861391700006], [85.80600201300007, 26.36876886500005], [85.80555467300007, 26.369515161000038], [85.80501937400004, 26.371755655000072], [85.80460785300005, 26.372655259000055], [85.80362861200007, 26.373236734000045], [85.80421042800003, 26.37547735000004], [85.80477588000008, 26.37637317100007], [85.80521164100008, 26.376339961000042], [85.80579849100008, 26.376472997000064], [85.80649833000007, 26.377183312000057], [85.80744393500004, 26.377942301000076], [85.80863872800006, 26.37843861500005], [85.80951049300006, 26.37843521900004], [85.80978028600003, 26.379314116000046], [85.80983247300009, 26.381809478000037], [85.80988684700003, 26.38476518300007], [85.80935333500008, 26.385304348000034], [85.80883973600004, 26.38583881200003], [85.80900122900005, 26.387110820000032], [85.80942463800005, 26.387628144000075], [85.81005102100005, 26.38762567200007], [85.81083671100004, 26.387433088000023], [85.81170127000007, 26.387980219000042], [85.81282866000004, 26.38797577400004], [85.81328621200004, 26.38829888400005], [85.81431803000004, 26.38822719600006], [85.81544437600007, 26.388001577000068], [85.81755981200007, 26.387167435000038], [85.81895147500006, 26.38688202800006], [85.82181486300004, 26.387474459000032], [85.82198496600006, 26.38742412600004], [85.82240026900007, 26.38730961600004], [85.82290580000006, 26.38719478300004], [85.82334112500007, 26.38707565900006], [85.82334008300006, 26.386877147000064], [85.82332748700009, 26.386349161000055], [85.82335984600007, 26.385807534000037], [85.82351469000008, 26.385707601000036], [85.82403522600003, 26.385574715000075], [85.82474530700006, 26.385291997000024], [85.82594195300004, 26.385124803000053], [85.82680815600008, 26.384985931000074], [85.82790965800007, 26.384818953000035], [85.82906635800003, 26.384678905000044], [85.82994268100003, 26.384553538000034], [85.83093500300004, 26.384612725000068], [85.83148150300008, 26.38466911300003], [85.83203468600004, 26.385073013000067], [85.83237760600008, 26.385504913000034], [85.83258415900008, 26.385727471000052], [85.83279062900004, 26.385949938000067], [85.83324011000008, 26.386643148000076], [85.83364441800006, 26.387327364000043], [85.83414851500004, 26.38793458400005], [85.83450574600005, 26.388217377000046], [85.83498755100004, 26.38836886100006], [85.83537280900003, 26.38825902800005], [85.83611387800005, 26.38816122700007], [85.83694444600008, 26.38790958000004], [85.83697341400006, 26.387701847000073], [85.83684645500006, 26.38735495700007], [85.83660208500004, 26.386593256000026], [85.83648336600004, 26.385921306000057], [85.83697887400007, 26.38581554600006], [85.83748449800004, 26.385714192000023], [85.83746864300008, 26.385556274000066]]], [[[85.81515248500006, 26.408422088000066], [85.81537792600005, 26.40839419100007], [85.81584395900006, 26.408396835000076], [85.81701694300006, 26.408450870000024], [85.81914758700003, 26.40857778800006], [85.82041641000006, 26.408757742000034], [85.82049071100005, 26.408590488000073], [85.82061867500005, 26.40810256800006], [85.82053413300008, 26.40621211200005], [85.82006554300006, 26.402639872000066], [85.81995596400003, 26.400735887000053], [85.82014110400007, 26.40068094700007], [85.82160885700006, 26.400580379000075], [85.82183929400009, 26.40056590900008], [85.82169580500005, 26.39889671000003], [85.82164818200005, 26.39839599100003], [85.82142705700005, 26.398257038000054], [85.82101090500004, 26.39821803800004], [85.82036444000005, 26.39821614400006], [85.81974252900005, 26.39810121900007], [85.81913006600007, 26.397882570000036], [85.81874278600003, 26.397586227000033], [85.81820345400007, 26.396947597000064], [85.81779873200009, 26.396172973000034], [85.81748482900008, 26.395515368000076], [85.81737701500003, 26.39498328800005], [85.81735909900004, 26.394401196000047], [85.81358228000005, 26.39354615800005], [85.81114567200007, 26.393294035000054], [85.81061892100007, 26.393160626000054], [85.81037152400006, 26.392769041000065], [85.81022017900005, 26.392566543000044], [85.81008477200004, 26.392549022000026], [85.80992034800005, 26.392734718000042], [85.80958003600006, 26.39386418600003], [85.80907801600006, 26.394714586000077], [85.80814018600006, 26.396636228000034], [85.80764271600003, 26.398443290000046], [85.80228897500007, 26.399122895000062], [85.80099282500004, 26.399488917000042], [85.80068705400004, 26.39947200100005], [85.80047973400008, 26.39908020400003], [85.80006098800004, 26.398486105000075], [85.79958182600006, 26.397833585000058], [85.79749266600004, 26.397945390000075], [85.79678806700008, 26.39942834900006], [85.79536588600007, 26.40177589800004], [85.79427098700006, 26.402326138000035], [85.79299035800005, 26.402804825000032], [85.79257887900008, 26.403758581000034], [85.79235345100005, 26.40497908900005], [85.79275480800004, 26.405056555000044], [85.79342690200008, 26.405171292000034], [85.79376886200004, 26.405436329000054], [85.79404672200008, 26.405909097000063], [85.79435439700006, 26.406314026000075], [85.79466275500005, 26.406881483000063], [85.79476948100006, 26.407201533000034], [85.79469260000008, 26.40789675900004], [85.79477496200008, 26.408370325000078], [85.79505406400006, 26.40910933600003], [85.79536287400003, 26.409762469000043], [85.79560581400006, 26.41027601500008], [85.79600910100004, 26.410761895000064], [85.79637711200007, 26.411211710000032], [85.79674846500006, 26.411332150000078], [85.79767564800005, 26.411333126000045], [85.79835099500008, 26.411328154000046], [85.79981544200007, 26.411279834000027], [85.80311867200004, 26.411109615000044], [85.80518676600008, 26.41100184100003], [85.80614365300005, 26.410934930000053], [85.80727090300007, 26.41084935200007], [85.80847815400006, 26.410727291000057], [85.80912411700007, 26.410616497000035], [85.81053678900008, 26.410493600000052], [85.81119776500003, 26.410369169000035], [85.81178363500004, 26.410272103000068], [85.81208361400007, 26.410117453000055], [85.81249876800007, 26.409948857000074], [85.81313378500005, 26.409644049000065], [85.81390365300007, 26.409257366000077], [85.81453911900007, 26.409033814000054], [85.81472393100006, 26.408911239000076], [85.81504894200003, 26.40875648000008], [85.81515248500006, 26.408422088000066]]]]}}, {"type": "Feature", "properties": {"OBJECTID": 3803, "GPCODE": "92748", "GPNAME_1": "JALE WEST", "DIST_CEN_C": "13", "BLK_NAME": "JALE", "ST_NAME": "BIHAR", "ST_CODE_1": "10", "GPCODE2011": "95304", "REMARKS": "FINALIZED", "MAP_STATUS": "COMPLETED", "BLK_C_2001": "130001", "BLK_C_2011": "01181", "DIST_NAME": "DARBHANGA", "code2011": 6.0, "Shape_Leng": 0.11769741737, "Shape_Area": 0.00045218821, "Area": 4.99722}, "geometry": {"type": "MultiPolygon", "coordinates": [[[[85.73554656900006, 26.390900258000045], [85.73465401300007, 26.388966217000075], [85.73208419500008, 26.387824076000072], [85.72997123400006, 26.38731011300007], [85.72957148400008, 26.385596901000042], [85.72974280600005, 26.38319840400004], [85.72928594900003, 26.381656513000053], [85.72671613100005, 26.37908669500007], [85.72991412700009, 26.37862983900004], [85.73037098300006, 26.377030841000078], [85.72877198500004, 26.375488950000033], [85.72671613100005, 26.37531762900005], [85.72483159800004, 26.37594580700005], [85.72163360200005, 26.37800166100004], [85.71912089200003, 26.379657766000037], [85.71483786200008, 26.380000408000058], [85.71118301000007, 26.37988619400005], [85.70677618800005, 26.380451444000073], [85.70742384400006, 26.382064944000035], [85.70774525000007, 26.382248995000054], [85.70782140600005, 26.38249694900003], [85.70867683200004, 26.385937526000077], [85.70871079200003, 26.386921181000048], [85.70936335200008, 26.387234980000073], [85.70914874500005, 26.38995688800003], [85.70941630200008, 26.39173409800003], [85.70952516500006, 26.39390442800004], [85.71062225100007, 26.396342418000074], [85.71161113100004, 26.39927706800006], [85.71199488800005, 26.400006868000048], [85.71193537600004, 26.400160549000077], [85.71133464200005, 26.400315956000043], [85.71126539700003, 26.400546297000062], [85.71132317000007, 26.40122302000003], [85.71115415400004, 26.401566538000054], [85.71077895600007, 26.40173478400004], [85.71080542100003, 26.403332180000064], [85.71060902500005, 26.405616357000042], [85.71068951500007, 26.406960861000073], [85.71099584000007, 26.40963599500003], [85.71226566400009, 26.40771637000006], [85.71547793700006, 26.407502219000037], [85.71740530000005, 26.405432088000055], [85.71890436100006, 26.40421856200004], [85.71983235000005, 26.402077048000024], [85.72026065300008, 26.400934906000032], [85.72033203700005, 26.39807955300006], [85.72054618900006, 26.395938038000054], [85.72275908800003, 26.394367594000073], [85.72568582500008, 26.39336822000007], [85.72761318800008, 26.393296836000047], [85.72846979400003, 26.392368847000057], [85.72846979400003, 26.390298716000075], [85.72882671300005, 26.389299342000072], [85.73096822800005, 26.38937072600004], [85.73218175300008, 26.391869160000056], [85.73475157100006, 26.391440857000077], [85.73554656900006, 26.390900258000045]]]]}}, {"type": "Feature", "properties": {"OBJECTID": 3811, "GPCODE": "92760", "GPNAME_1": "RADHI SOUTH", "DIST_CEN_C": "13", "BLK_NAME": "JALE", "ST_NAME": "BIHAR", "ST_CODE_1": "10", "GPCODE2011": "95316", "REMARKS": "FINALIZED", "MAP_STATUS": "COMPLETED", "BLK_C_2001": "130001", "BLK_C_2011": "01181", "DIST_NAME": "DARBHANGA", "code2011": 5.0, "Shape_Leng": 0.10433230064, "Shape_Area": 0.0006579784, "Area": 7.27526}, "geometry": {"type": "MultiPolygon", "coordinates": [[[[85.77474301900008, 26.333100683000055], [85.77593688100006, 26.330563726000037], [85.77384228200003, 26.323651549000033], [85.77321390200007, 26.31956708100006], [85.77495610500006, 26.31575616200007], [85.77293460100003, 26.316101956000068], [85.77087731300008, 26.316289977000054], [85.76912419200005, 26.316188004000026], [85.76829171600008, 26.315938342000038], [85.76467572100006, 26.315811457000052], [85.76382461200006, 26.31586862900008], [85.76357250400008, 26.315472433000025], [85.76317414900006, 26.313713809000035], [85.76301317800005, 26.313560954000025], [85.76237245700008, 26.313612844000033], [85.76069791700007, 26.31428223200004], [85.75920777600004, 26.314770457000066], [85.75842182800005, 26.314827407000053], [85.75714171800007, 26.31411440000005], [85.75577852300006, 26.312693056000057], [85.75545264100003, 26.312608496000053], [85.75517335600006, 26.312871193000035], [85.75491919600006, 26.313138395000067], [85.75446821100007, 26.313081270000055], [85.75342143900008, 26.313021779000053], [85.75286527100008, 26.31295609400007], [85.75180555900005, 26.313392960000044], [85.75070380800008, 26.314538609000067], [85.74971547700005, 26.31528213100006], [85.74772967000007, 26.316200509000055], [85.74700172900003, 26.316537133000054], [85.74548566600004, 26.316831209000043], [85.74353361600004, 26.317054581000036], [85.74167897900008, 26.317810095000027], [85.74136482900008, 26.31812706900007], [85.74114207700006, 26.31874611300003], [85.74066704200004, 26.320110568000075], [85.74003842100007, 26.320667840000056], [85.74189964700008, 26.325536688000057], [85.74441316600007, 26.328573857000038], [85.74640303500007, 26.33140156500008], [85.75080169300008, 26.33695225300005], [85.75310575200007, 26.337999552000042], [85.75980846800007, 26.337999552000042], [85.77426120200005, 26.334124544000076], [85.77474301900008, 26.333100683000055]]]]}}, {"type": "Feature", "properties": {"OBJECTID": 3812, "GPCODE": "92760", "GPNAME_1": "RADHI WEST", "DIST_CEN_C": "13", "BLK_NAME": "JALE", "ST_NAME": "BIHAR", "ST_CODE_1": "10", "GPCODE2011": "95317", "REMARKS": "FINALIZED", "MAP_STATUS": "COMPLETED", "BLK_C_2001": "130001", "BLK_C_2011": "01181", "DIST_NAME": "DARBHANGA", "code2011": 10.0, "Shape_Leng": 0.15077647553, "Shape_Area": 0.00071831465, "Area": 7.9414}, "geometry": {"type": "MultiPolygon", "coordinates": [[[[85.74466926900004, 26.355586060000064], [85.74688210500005, 26.355298622000078], [85.74772922000005, 26.35536385200004], [85.74777915400006, 26.35536772300003], [85.75017331300006, 26.34752997800007], [85.75069696300005, 26.34271240000004], [85.75310575200007, 26.337999552000042], [85.75080169300008, 26.33695225300005], [85.74640303500007, 26.33140156500008], [85.74441316600007, 26.328573857000038], [85.74189964700008, 26.325536688000057], [85.74003842100007, 26.320667840000056], [85.73893326000007, 26.32104166000005], [85.73824224800006, 26.32104402300007], [85.73795699600004, 26.32109463200004], [85.73779437600007, 26.321731529000033], [85.73794506300004, 26.323026232000075], [85.73789926100005, 26.324046285000065], [85.73370974000005, 26.32456587200005], [85.73234438600008, 26.325008194000077], [85.73181850300006, 26.325009993000037], [85.73176646100006, 26.32453636300005], [85.73120004400005, 26.32440285800004], [85.73098426400009, 26.324035569000046], [85.73077895300008, 26.324053777000074], [85.73003787400006, 26.32421221800007], [85.72935704600008, 26.324506063000058], [85.72876649400007, 26.324948758000062], [85.72819614500008, 26.325540385000068], [85.72794612900003, 26.326055004000068], [85.72767136200008, 26.326836006000065], [85.72739658800003, 26.327621426000064], [85.72729191800005, 26.328163027000073], [85.72723729500007, 26.328749739000045], [85.72716310200008, 26.32981942400005], [85.72711858100007, 26.330469280000045], [85.72720448400008, 26.331286032000037], [85.72727518000005, 26.33202159900003], [85.72752136400004, 26.33283827500003], [85.72777244800005, 26.333695549000026], [85.72798851000005, 26.334453586000052], [85.72833507700005, 26.33561315000003], [85.72867656700004, 26.336614850000046], [85.72905801100006, 26.33751263000005], [85.72954967900006, 26.33850964900006], [85.73006157200007, 26.33957882900006], [85.73023232400004, 26.340075072000047], [85.73024779700006, 26.340625703000057], [85.73019327800006, 26.341262022000024], [85.73006849200004, 26.34173596200003], [85.72976339600007, 26.34220104700006], [85.72928298400006, 26.342706801000077], [85.72868242800007, 26.343244295000034], [85.72770120100006, 26.343899386000032], [85.72701535200008, 26.344256451000035], [85.72635442800004, 26.344563720000053], [85.72602391900006, 26.34469936000005], [85.72519788200003, 26.34515581100004], [85.72474730500005, 26.34543134300003], [85.72438184500004, 26.345621188000052], [85.72402129900007, 26.345729756000026], [85.72368085400007, 26.345973637000043], [85.72316536000005, 26.34650651900006], [85.72274498700006, 26.346976177000045], [85.72240472000004, 26.347369076000064], [85.72198943000006, 26.347937958000045], [85.72148428000008, 26.34881831100006], [85.72119397800003, 26.349107295000067], [85.72076841300003, 26.349387421000074], [85.72026758600003, 26.349464478000073], [85.71961638900007, 26.349451396000063], [85.71858451800006, 26.34946107600007], [85.71733720000003, 26.34938971100007], [85.71618518800005, 26.349376891000077], [85.71529866800006, 26.34953090600004], [85.71426186200006, 26.349675958000034], [85.71331535100006, 26.349893183000063], [85.71249398300006, 26.350123779000057], [85.71189801500003, 26.350277649000077], [85.71127193300003, 26.350305037000055], [85.71057558500007, 26.350251316000026], [85.70972398400005, 26.350062337000054], [85.70913786800008, 26.35003109400003], [85.70861692200003, 26.350035853000065], [85.70815104600007, 26.350036114000034], [85.70799584200006, 26.350090383000065], [85.70793082800003, 26.350216748000037], [85.70789082700009, 26.350415378000037], [85.70783627700007, 26.35111942800006], [85.70778148600004, 26.351579740000034], [85.71001113500006, 26.352217578000023], [85.71055540600008, 26.353050713000073], [85.71513825900007, 26.352896015000056], [85.71529179600003, 26.35245326000006], [85.71651282100004, 26.352151424000056], [85.71700659100009, 26.35287187600005], [85.71780664900007, 26.35250829000006], [85.71839017900004, 26.351892582000062], [85.71860764500008, 26.34992425100006], [85.72272170600007, 26.34908036300004], [85.72319137300008, 26.35245896500004], [85.72349545300006, 26.35333343700006], [85.72428244400004, 26.353470768000022], [85.72569219900004, 26.352757576000045], [85.72677413200006, 26.352754025000024], [85.72729061100006, 26.355302081000048], [85.72973153000004, 26.355636883000045], [85.72998993700008, 26.35514857100003], [85.73117651600006, 26.354986695000036], [85.73147405200007, 26.355473036000035], [85.73224104500008, 26.355596885000068], [85.73248953000007, 26.35633613300007], [85.73633530600006, 26.35598011600007], [85.74013141000006, 26.355737024000064], [85.74466926900004, 26.355586060000064]]]]}}, {"type": "Feature", "properties": {"OBJECTID": 3813, "GPCODE": "92759", "GPNAME_1": "RADHI NORTH", "DIST_CEN_C": "13", "BLK_NAME": "JALE", "ST_NAME": "BIHAR", "ST_CODE_1": "10", "GPCODE2011": "95314", "REMARKS": "FINALIZED", "MAP_STATUS": "COMPLETED", "BLK_C_2001": "130001", "BLK_C_2011": "01181", "DIST_NAME": "DARBHANGA", "code2011": 10.0, "Shape_Leng": 0.12179203798, "Shape_Area": 0.00061651757, "Area": 6.81555}, "geometry": {"type": "MultiPolygon", "coordinates": [[[[85.78253486800008, 26.33642860300006], [85.77834567000008, 26.336533333000034], [85.77474301900008, 26.333100683000055], [85.77426120200005, 26.334124544000076], [85.75980846800007, 26.337999552000042], [85.75310575200007, 26.337999552000042], [85.75069696300005, 26.34271240000004], [85.75017331300006, 26.34752997800007], [85.74777915400006, 26.35536772300003], [85.74848671100006, 26.355654120000054], [85.74885278800008, 26.359240535000026], [85.74925207300004, 26.362398148000068], [85.74987313500003, 26.36468399100005], [85.75073666100008, 26.36512324200004], [85.75165849900003, 26.365119981000078], [85.75255876000006, 26.364791930000024], [85.75286111400004, 26.364046251000048], [85.75258509700006, 26.361605779000058], [85.75268930300007, 26.360233445000063], [85.75313369500003, 26.358729109000024], [85.75341214800005, 26.35826781700007], [85.75450423900008, 26.358263977000036], [85.75508991600003, 26.358162701000026], [85.75574441500004, 26.35776773400005], [85.75645689100008, 26.35688525100005], [85.75782729400004, 26.35638842900005], [85.75938405500006, 26.35611218300005], [85.76158885700005, 26.356275785000037], [85.76198366900007, 26.356053291000023], [85.76297555500008, 26.354930533000072], [85.76331477000008, 26.354608922000068], [85.76328730700004, 26.35405846100008], [85.76574128600004, 26.353918716000067], [85.76579198900004, 26.35293475900005], [85.76842699800005, 26.352961348000065], [85.76880219500003, 26.352856187000043], [85.76921551200007, 26.352313207000066], [85.77008144800004, 26.35215660700004], [85.77244497000004, 26.351976553000043], [85.77448097300004, 26.351377858000035], [85.77847599800003, 26.349770197000055], [85.77956137400008, 26.349409638000054], [85.78110493800006, 26.348487827000042], [85.78237472200004, 26.347928039000067], [85.78375059600006, 26.347579991000032], [85.78412653300006, 26.347646256000075], [85.78447397600007, 26.348042107000026], [85.78476592200008, 26.34834786600004], [85.78569533800004, 26.34784796200006], [85.78645980700009, 26.34744795900008], [85.78667445400004, 26.345114054000078], [85.78695797600005, 26.344684262000044], [85.78716119300003, 26.34420966700003], [85.78708424400008, 26.34382184900005], [85.78670776600006, 26.34363824500008], [85.78678141300009, 26.343331103000025], [85.78681467800004, 26.342938283000024], [85.78664363000007, 26.34277201900005], [85.78623267800003, 26.342737433000025], [85.78594662100005, 26.342603134000058], [85.78556718100003, 26.34179221100004], [85.78547351800006, 26.339946816000065], [85.78442717100006, 26.34003645000007], [85.78358058700007, 26.340021570000033], [85.78319857000008, 26.33971610100008], [85.78253486800008, 26.33642860300006]]]]}}]}