{"type": "FeatureCollection", "features": [{"type": "Feature", "properties": {"OBJECTID": 3511, "GPCODE": "92642", "GPNAME_1": "BAIRAMPUR", "DIST_CEN_C": "13", "BLK_NAME": "BIRAUL", "ST_NAME": "BIHAR", "ST_CODE_1": "10", "GPCODE2011": "95197", "REMARKS": "FINALIZED", "MAP_STATUS": "COMPLETED", "BLK_C_2001": "130013", "BLK_C_2011": "01193", "DIST_NAME": "DARBHANGA", "code2011": 16.0, "Shape_Leng": 0.10632212296, "Shape_Area": 0.00038612917, "Area": 4.28351}, "geometry": {"type": "MultiPolygon", "coordinates": [[[[86.13556883100006, 25.911447638000027], [86.13630171500006, 25.910689473000048], [86.13760875300005, 25.91129071000006], [86.13893734200008, 25.91210842600003], [86.13983358500008, 25.91249560800003], [86.14048805900006, 25.91259080900005], [86.14110604800004, 25.91247425100005], [86.14146266400007, 25.912115481000058], [86.14176426800003, 25.91174359300004], [86.14206670100003, 25.911475460000077], [86.14268456200006, 25.91135429600007], [86.14323320300008, 25.910646925000037], [86.14348041600005, 25.910334], [86.14364363300007, 25.910147978000055], [86.14380249600003, 25.910034237000048], [86.14397167600004, 25.909965490000047], [86.14430577800005, 25.909931769000025], [86.14564961600007, 25.910117529000047], [86.14691852000004, 25.91029923700006], [86.14768676900007, 25.91025389400005], [86.14748154900008, 25.909515028000044], [86.14731042600005, 25.90932203400007], [86.14672403800006, 25.90899173100007], [86.14638872800003, 25.908867473000043], [86.14575850200004, 25.908677314000045], [86.14408332500005, 25.90823185000005], [86.14268188800008, 25.907685410000056], [86.14143951900007, 25.907056707000038], [86.14024112700008, 25.906292355000062], [86.13966761900008, 25.905673082000078], [86.13938920800007, 25.905146788000025], [86.13941464900006, 25.904550954000058], [86.13964089100006, 25.904107259000057], [86.14029392000003, 25.903354152000077], [86.14225387100004, 25.901879872000052], [86.14222532500008, 25.900065924000046], [86.14228950600005, 25.89805712800006], [86.14153103900009, 25.89798501100006], [86.14104703500004, 25.897998578000056], [86.14051807900006, 25.898224351000067], [86.14005407700006, 25.89845004700004], [86.13957005300006, 25.89849068600006], [86.13784856200004, 25.898378062000063], [86.13578276800007, 25.89841427500005], [86.13506920400005, 25.89834210600003], [86.13454028000007, 25.89794954000007], [86.13390159700003, 25.89789090000005], [86.13199045800008, 25.898021904000075], [86.12989469800004, 25.89801289600007], [86.12883688500006, 25.897972304000064], [86.12766930800007, 25.898031065000055], [86.12684594100006, 25.896582331000047], [86.12672118300009, 25.896334076000073], [86.12696637500005, 25.900826873000028], [86.12649096500007, 25.901326125000026], [86.12536299000004, 25.901973810000072], [86.12407809100006, 25.90298341500005], [86.12362538100007, 25.903180158000055], [86.12303129800006, 25.903143111000077], [86.12300405900004, 25.902159523000023], [86.12153801300008, 25.90229471600003], [86.11975222800004, 25.90239568100003], [86.11962592800006, 25.902856689000032], [86.11983201300006, 25.90374004800003], [86.11987415700008, 25.905404995000026], [86.11993993700008, 25.906207945000062], [86.12012867000004, 25.906761923000033], [86.12023006300007, 25.90766385300003], [86.12005201600005, 25.90856304500005], [86.12003438100004, 25.909560455000076], [86.12065403900004, 25.909665027000074], [86.12100384300004, 25.909739684000044], [86.12123904500004, 25.90982400300004], [86.12158481500006, 25.910015960000067], [86.12177068600005, 25.91018187800006], [86.12193763600004, 25.910492204000036], [86.12213357700006, 25.911343999000053], [86.12257720800005, 25.91126908900003], [86.12287610700008, 25.911204105000024], [86.12301589300006, 25.911207818000037], [86.12315105400006, 25.911265678000063], [86.12333159800005, 25.911386402000062], [86.12347773400006, 25.911575062000054], [86.12360515400007, 25.911939894000056], [86.12357238900006, 25.912905850000072], [86.12349118500003, 25.91339823800007], [86.12342705300006, 25.91350243100004], [86.12329809800008, 25.91361598700007], [86.12313882700005, 25.91366663900004], [86.12220576500005, 25.913690252000038], [86.12205909100004, 25.91411089500008], [86.12189006100004, 25.914202173000035], [86.12167075500008, 25.914230504000045], [86.12202442500006, 25.91550561300005], [86.12217301200008, 25.916696047000073], [86.12213753300006, 25.91798700700008], [86.12218768000008, 25.918695249000052], [86.12227863900006, 25.918848137000055], [86.12455553300003, 25.919660269000076], [86.12569293800004, 25.920276195000042], [86.12676919500007, 25.92069836400003], [86.12782937900005, 25.920985322000035], [86.12891380200006, 25.921172780000063], [86.13038262700007, 25.920708098000034], [86.13134493200005, 25.920575907000057], [86.13248268300003, 25.920555415000024], [86.13421352500006, 25.920418538000035], [86.13526919700007, 25.918760359000032], [86.13569481800005, 25.918283863000056], [86.13607643900008, 25.91793406900007], [86.13647397700004, 25.917696921000072], [86.13694671300004, 25.917513536000058], [86.13622786800005, 25.91549161100005], [86.13583246000007, 25.913995770000042], [86.13567956000009, 25.912236654000026], [86.13556883100006, 25.911447638000027]]]]}}, {"type": "Feature", "properties": {"OBJECTID": 3513, "GPCODE": "92650", "GPNAME_1": "KAMARKALA", "DIST_CEN_C": "13", "BLK_NAME": "BIRAUL", "ST_NAME": "BIHAR", "ST_CODE_1": "10", "GPCODE2011": "95205", "REMARKS": "FINALIZED", "MAP_STATUS": "COMPLETED", "BLK_C_2001": "130013", "BLK_C_2011": "01193", "DIST_NAME": "DARBHANGA", "code2011": 24.0, "Shape_Leng": 0.19060962807, "Shape_Area": 0.00084379182, "Area": 9.36037}, "geometry": {"type": "MultiPolygon", "coordinates": [[[[86.18629828300004, 25.895165766000048], [86.18557810800007, 25.892033944000048], [86.18390909300007, 25.89206847400004], [86.18224007800006, 25.89210299800004], [86.18113740100006, 25.89215304700008], [86.18113861000006, 25.89449995600006], [86.17872115600005, 25.89472651500006], [86.17975084600005, 25.896287637000057], [86.18000288700006, 25.897247208000067], [86.18327691500008, 25.89669817200007], [86.18547003500004, 25.896390758000052], [86.18609497900007, 25.895453447000023], [86.18629828300004, 25.895165766000048]]], [[[86.17975827700008, 25.92076084200005], [86.17923178000007, 25.920448358000044], [86.17757314700003, 25.92087867600003], [86.17583115100007, 25.921499047000054], [86.17608919800006, 25.92193960900005], [86.17627641600006, 25.92226786300006], [86.17639718100008, 25.92239347700007], [86.17652775900007, 25.922500928000034], [86.17677745300006, 25.922517362000065], [86.17797912800006, 25.922369768000067], [86.17964081900004, 25.922323079000023], [86.17987861800003, 25.922104958000034], [86.17989623300008, 25.92180698100003], [86.17997897700008, 25.921531101000028], [86.18002153900005, 25.921233055000073], [86.17995476400006, 25.920998749000034], [86.17975827700008, 25.92076084200005]]], [[[86.16404279300008, 25.919597146000058], [86.16451171200004, 25.919562650000046], [86.16494110000008, 25.91958248800006], [86.16531088000005, 25.919647876000056], [86.16584605300005, 25.91979337300006], [86.16649630300003, 25.91997879300004], [86.16652359900007, 25.918994894000036], [86.16652002500007, 25.918530057000055], [86.16634998500007, 25.917845170000078], [86.16613074700007, 25.91659650300005], [86.16605172100003, 25.916064478000067], [86.16578862400007, 25.915592235000076], [86.16576140700005, 25.91530358700004], [86.16583941300007, 25.91506391000007], [86.16610641900007, 25.914746389000072], [86.16627917100004, 25.914497065000035], [86.16635695500008, 25.91422129600005], [86.16638318100007, 25.91374726500004], [86.16641539300008, 25.913390508000077], [86.16652408000004, 25.91325451000006], [86.16671785600005, 25.913144980000027], [86.16752391600005, 25.912832996000077], [86.16814059300003, 25.91254471900004], [86.16878106900003, 25.912125552000077], [86.16956393400005, 25.911393976000056], [86.17091906600007, 25.91046473700004], [86.17171295300005, 25.909868550000056], [86.17225344500008, 25.909422848000077], [86.17279551100006, 25.909175635000054], [86.17348275400008, 25.90899081400005], [86.17434525200008, 25.90888597600008], [86.17499846000004, 25.90881411600003], [86.17565263600005, 25.90887768500005], [86.17589729900004, 25.90888962300005], [86.17606254700007, 25.90832451700004], [86.17628978400006, 25.908029734000024], [86.17651648300006, 25.90766719100003], [86.17656312900004, 25.907251745000053], [86.17650996400005, 25.906823314000064], [86.17621845600007, 25.90656347600003], [86.17594204300008, 25.906312525000033], [86.17592639600008, 25.906231366000043], [86.17604551200003, 25.90614486100003], [86.17624445100006, 25.906062373000054], [86.17635339600008, 25.90594882700003], [86.17639667200007, 25.90574100300006], [86.17628536200004, 25.905547600000034], [86.17602378600003, 25.90528758800008], [86.17594574500004, 25.904877364000072], [86.17583024800007, 25.90350172600006], [86.17127777700006, 25.903323078000028], [86.16733967800008, 25.90321270000004], [86.16635047200003, 25.903069997000046], [86.16614036200008, 25.90235832600007], [86.16609100300008, 25.901776403000042], [86.16617528400008, 25.90041752700006], [86.16663833300004, 25.898997601000076], [86.16662797700008, 25.89829809300005], [86.16503582400009, 25.898254044000055], [86.16483552400007, 25.898169513000028], [86.16470977900008, 25.898034969000037], [86.16469238000008, 25.89772815500004], [86.16471126100004, 25.896288429000037], [86.16472091700007, 25.89495258100004], [86.16461374500005, 25.894646374000047], [86.16447239600006, 25.894439693000038], [86.16421182600004, 25.894287832000032], [86.16398177200006, 25.894221607000077], [86.16378231700008, 25.894236412000055], [86.16355351200008, 25.894332684000062], [86.16326113700006, 25.89460074400006], [86.16287897400008, 25.894864897000048], [86.16245177600007, 25.895115821000047], [86.16222278800007, 25.89518944300005], [86.16191809600008, 25.89514624700007], [86.16162752000008, 25.894999161000044], [86.16133155700004, 25.894793347000075], [86.16093124500009, 25.894642499000042], [86.16053203700005, 25.89464494300006], [86.16022715800005, 25.894574675000058], [86.15998195200007, 25.894481416000076], [86.15981030500006, 25.894220765000057], [86.15963868900008, 25.893969138000045], [86.15928739300006, 25.89370960800005], [86.15876137300006, 25.89343304600004], [86.15787635100008, 25.89329749700005], [86.15717781700005, 25.893460137000034], [86.15669384700004, 25.893573030000027], [86.15596539400008, 25.893740256000058], [86.15542159900008, 25.893993100000046], [86.15503251500007, 25.894390307000037], [86.15465839900008, 25.894755978000035], [86.15423947500005, 25.895500730000037], [86.15405507400004, 25.896258957000043], [86.15380579600009, 25.897202279000055], [86.15282772400008, 25.897039988000074], [86.15200441800005, 25.896940922000056], [86.15091656100003, 25.896801192000055], [86.15010821700008, 25.896733574000052], [86.14965924200004, 25.896873611000046], [86.14906542400007, 25.896900750000043], [86.14855140400005, 25.896661623000057], [86.14805243700005, 25.896512796000025], [86.14757342800004, 25.89652637100005], [86.14675010100007, 25.896612295000068], [86.14594171500005, 25.896625976000053], [86.14488396800004, 25.896571953000034], [86.14403065200008, 25.896544942000048], [86.14384100900008, 25.89655850400004], [86.14348706400006, 25.89804791000006], [86.14228950600005, 25.89805712800006], [86.14222532500008, 25.900065924000046], [86.14225387100004, 25.901879872000052], [86.14029392000003, 25.903354152000077], [86.13964089100006, 25.904107259000057], [86.13941464900006, 25.904550954000058], [86.13938920800007, 25.905146788000025], [86.13966761900008, 25.905673082000078], [86.14024112700008, 25.906292355000062], [86.14143951900007, 25.907056707000038], [86.14268188800008, 25.907685410000056], [86.14408332500005, 25.90823185000005], [86.14575850200004, 25.908677314000045], [86.14638872800003, 25.908867473000043], [86.14672403800006, 25.90899173100007], [86.14731042600005, 25.90932203400007], [86.14748154900008, 25.909515028000044], [86.14768676900007, 25.91025389400005], [86.14691852000004, 25.91029923700006], [86.14564961600007, 25.910117529000047], [86.14430577800005, 25.909931769000025], [86.14397167600004, 25.909965490000047], [86.14380249600003, 25.910034237000048], [86.14364363300007, 25.910147978000055], [86.14348041600005, 25.910334], [86.14323320300008, 25.910646925000037], [86.14268456200006, 25.91135429600007], [86.14206670100003, 25.911475460000077], [86.14176426800003, 25.91174359300004], [86.14146266400007, 25.912115481000058], [86.14110604800004, 25.91247425100005], [86.14048805900006, 25.91259080900005], [86.13983358500008, 25.91249560800003], [86.13893734200008, 25.91210842600003], [86.13760875300005, 25.91129071000006], [86.13630171500006, 25.910689473000048], [86.13556883100006, 25.911447638000027], [86.13567956000009, 25.912236654000026], [86.13583246000007, 25.913995770000042], [86.13622786800005, 25.91549161100005], [86.13694671300004, 25.917513536000058], [86.13763609000006, 25.917595033000055], [86.13842132300005, 25.917824977000066], [86.13934423100005, 25.918428542000072], [86.14016403400007, 25.919267411000078], [86.14119555800005, 25.92038479300004], [86.14081881700008, 25.920730079000066], [86.14051720300006, 25.921106475000045], [86.14053890300005, 25.921341007000024], [86.14069518400004, 25.921538644000066], [86.14106515600008, 25.921635669000068], [86.14137053400003, 25.921751081000025], [86.14160636100007, 25.921925688000044], [86.14183147900007, 25.922650877000024], [86.14253598500005, 25.92408164400007], [86.14238271700003, 25.926912154000036], [86.14264329500008, 25.927054932000033], [86.14289374100008, 25.927179783000042], [86.14311472700007, 25.92735893300005], [86.14320108500004, 25.927561444000048], [86.14332749500005, 25.92842718600008], [86.14322511600005, 25.929420660000062], [86.14511720500008, 25.929467660000057], [86.14637524000005, 25.929500433000044], [86.14647211200008, 25.930420475000062], [86.14657968700004, 25.93079435900006], [86.14673515400005, 25.930888234000065], [86.14716939600004, 25.930885552000063], [86.14887953400006, 25.930635694000046], [86.14990376000009, 25.93010587200007], [86.15026988900007, 25.929688417000023], [86.15048192300009, 25.929353116000073], [86.15047976900007, 25.929059796000047], [86.15045689500005, 25.928685424000037], [86.14994751800003, 25.92733926300008], [86.14924412000005, 25.926066423000066], [86.14915551500007, 25.925575111000057], [86.14919333000006, 25.925299551000023], [86.14934670800005, 25.92512257100003], [86.14956044700006, 25.92500398800007], [86.15001904500008, 25.924919846000023], [86.15211318900003, 25.92465413700006], [86.15424227200003, 25.92436556100006], [86.15638980300008, 25.923896369000033], [86.15690776400004, 25.923753222000073], [86.15669834100004, 25.923122748000026], [86.15769574400008, 25.923017187000028], [86.15802473100007, 25.922965498000053], [86.15834823400007, 25.922855178000077], [86.15872099700005, 25.922645291000038], [86.15934634800004, 25.922185510000077], [86.16062679800007, 25.921243305000075], [86.16152010300004, 25.920596923000062], [86.16226120800007, 25.920267280000076], [86.16296702800008, 25.91988828800004], [86.16347945000007, 25.919677465000063], [86.16404279300008, 25.919597146000058]]]]}}, {"type": "Feature", "properties": {"OBJECTID": 3514, "GPCODE": "92662", "GPNAME_1": "SONPUR PAGHARI", "DIST_CEN_C": "13", "BLK_NAME": "BIRAUL", "ST_NAME": "BIHAR", "ST_CODE_1": "10", "GPCODE2011": "95217", "REMARKS": "FINALIZED", "MAP_STATUS": "COMPLETED", "BLK_C_2001": "130013", "BLK_C_2011": "01193", "DIST_NAME": "DARBHANGA", "code2011": 14.0, "Shape_Leng": 0.15142116327, "Shape_Area": 0.00065155633, "Area": 7.22734}, "geometry": {"type": "MultiPolygon", "coordinates": [[[[86.28594877500007, 25.92739229600005], [86.28454251400007, 25.925827337000044], [86.28420976900009, 25.92543710900003], [86.28410315200006, 25.925239352000062], [86.28412146900007, 25.92504511900006], [86.28437822200004, 25.924727432000054], [86.28611122300003, 25.923708704000035], [86.28654868000007, 25.92351145500004], [86.28689753200007, 25.923450310000078], [86.28726697100007, 25.923465785000076], [86.28834138800005, 25.92418458800006], [86.28913037600006, 25.924792701000058], [86.29023012500005, 25.92612060600004], [86.29124861100007, 25.925585271000045], [86.29187940100007, 25.925242328000024], [86.29209375700003, 25.925204656000062], [86.29235851200008, 25.925238809000064], [86.29261896000008, 25.925336221000066], [86.29309028400007, 25.925581029000057], [86.29380977500006, 25.925670662000073], [86.29448317400005, 25.925625207000053], [86.29506156500008, 25.92555329100003], [86.29555948200004, 25.925423382000076], [86.29607166700004, 25.925203100000033], [86.29650327000007, 25.924902082000074], [86.29705723600006, 25.92433852100004], [86.29727865500007, 25.92398042800005], [86.29741961700006, 25.923546202000068], [86.29729041100006, 25.922486605000074], [86.29689211000004, 25.920905478000066], [86.29659995000009, 25.92004117600004], [86.29652033800005, 25.91950019500007], [86.29645753400007, 25.918607184000052], [86.29652376500007, 25.917631869000047], [86.29656344200004, 25.917035962000057], [86.29649566000006, 25.91671148200004], [86.29636341400004, 25.916428197000073], [86.29617549700004, 25.916054975000065], [86.29593402400008, 25.91584462700007], [86.29514239200006, 25.91492518000007], [86.29498245800005, 25.914335133000066], [86.29483749900004, 25.912612327000033], [86.29437323800005, 25.910332254000025], [86.29628363500007, 25.909650572000032], [86.29702097500007, 25.909509866000064], [86.29804271100005, 25.909362534000024], [86.29943643500008, 25.908959862000074], [86.30210590500008, 25.908349343000054], [86.30508104800003, 25.90787651900007], [86.30482552000007, 25.90720138200004], [86.30461267400005, 25.90571828900005], [86.30450186600007, 25.90391848200005], [86.30413439000006, 25.90131731100007], [86.30417800800006, 25.900608506000026], [86.30425862400006, 25.900143091000075], [86.30414413500006, 25.89961585900005], [86.30391784300008, 25.899103008000054], [86.30344640200008, 25.89827221300004], [86.30280443300006, 25.897371878000058], [86.30103768100008, 25.897984845000053], [86.29870217200005, 25.898425924000037], [86.29637646800006, 25.899042939000026], [86.29562258400006, 25.899642779000033], [86.29518309300005, 25.900136791000023], [86.29474369400003, 25.900630706000072], [86.29421939900004, 25.901226136000048], [86.29294688800007, 25.901378886000032], [86.29204855100005, 25.901567987000078], [86.29100562000008, 25.901522181000075], [86.29029696400005, 25.901634625000042], [86.28978784600008, 25.90185550800004], [86.28854539400004, 25.90180061600006], [86.28785647900008, 25.90217473000007], [86.28679858400005, 25.90220124500007], [86.28472762100006, 25.902357895000023], [86.28348478000004, 25.90279035900005], [86.28230204400006, 25.902916005000066], [86.28130908300005, 25.90281608300006], [86.28043099800004, 25.902621448000048], [86.27980767800005, 25.902156173000037], [86.27970869600006, 25.901014287000066], [86.27982461900007, 25.89959268700005], [86.27969025300007, 25.899190943000065], [86.27897699500005, 25.89886099200004], [86.27884722000005, 25.898874423000052], [86.27805362400005, 25.899104070000078], [86.27759444300005, 25.899288823000063], [86.27726477000004, 25.899690216000067], [86.27695997500007, 25.900123300000075], [86.27667547200008, 25.90029465200007], [86.27627620100003, 25.900294356000074], [86.27599193800006, 25.90010909500006], [86.27573772800008, 25.899779503000047], [86.27549846200003, 25.899517552000077], [86.27525409000003, 25.899300750000066], [86.27494992800007, 25.899128999000027], [86.27464546600004, 25.899128838000024], [86.27442587300004, 25.899214406000056], [86.27428096700004, 25.89945804200005], [86.27439041500008, 25.89984624300007], [86.27461470900005, 25.900108154000065], [86.27502369600006, 25.900338675000057], [86.27538766100008, 25.90071348500004], [86.27564185500006, 25.90116050300003], [86.27575121700005, 25.901575783000055], [86.27569601300007, 25.90196389600004], [86.27560073300003, 25.902509915000053], [86.27529572200007, 25.903285973000038], [86.27490603500007, 25.903804716000025], [86.27450652500005, 25.904264727000054], [86.27425152500007, 25.90482427200004], [86.27390191900008, 25.905139887000075], [86.27353754000006, 25.905256983000072], [86.27307340400006, 25.905383070000028], [86.27267920800006, 25.905382744000065], [86.27219004600005, 25.905441132000078], [86.27162609000004, 25.90551293900006], [86.27122677700004, 25.905629963000024], [86.27079749100005, 25.90578761000006], [86.27025854400006, 25.90580075200006], [86.27091497000004, 25.907110181000064], [86.27117594700007, 25.90727529800006], [86.27146139300004, 25.907399643000076], [86.27182151100004, 25.907487364000076], [86.27224572900008, 25.90749339100006], [86.27270537400005, 25.90754882600004], [86.27298579600006, 25.90766416100007], [86.27315135800006, 25.90777132200003], [86.27329771100005, 25.907959842000025], [86.27338473600008, 25.908202879000044], [86.27357280700005, 25.90860771100006], [86.27390372000008, 25.91051432200004], [86.27400147500003, 25.91142969300006], [86.27413917700005, 25.912353861000042], [86.27426100500008, 25.912592179000058], [86.27436163200008, 25.91267718200004], [86.27457745400005, 25.912824588000035], [86.27489410000004, 25.913079552000056], [86.27505061600004, 25.913286080000034], [86.27508715300007, 25.913479852000023], [86.27507314800005, 25.913588262000076], [86.27498975500004, 25.91375583100006], [86.27475181900007, 25.913947035000035], [86.27437515200006, 25.914243017000047], [86.27373047900005, 25.91472146500007], [86.27286837900004, 25.915454108000063], [86.27223014400005, 25.916090327000063], [86.27140321900004, 25.917431957000076], [86.26992260800006, 25.918782683000074], [86.26913540500004, 25.919519284000046], [86.26886926900005, 25.919913764000057], [86.26877123300005, 25.92011304700003], [86.26879293700006, 25.920315981000044], [86.26892415500004, 25.920486510000046], [86.26916510200004, 25.92065179100007], [86.26959603200004, 25.920842854000057], [86.27030234000006, 25.921153787000037], [86.27095292000007, 25.92135672200004], [86.27152386500006, 25.92157833400006], [86.27189520700006, 25.921810378000032], [86.27231341600003, 25.92227224800007], [86.27267891900004, 25.92298720100007], [86.27318786200004, 25.92411633200004], [86.27343919100008, 25.92432668400005], [86.27370461200007, 25.924424111000064], [86.27397454500004, 25.924480833000075], [86.27425933500007, 25.924510433000023], [86.27449871300007, 25.924490657000035], [86.27475762200004, 25.924416678000057], [86.27524530500006, 25.924246264000033], [86.27560779400005, 25.924036043000058], [86.27601473500005, 25.923766930000056], [86.27640768800006, 25.923610737000047], [86.27669149500008, 25.923527462000038], [86.27698570900003, 25.923498288000076], [86.27722526600007, 25.923496643000078], [86.27762484700008, 25.923538923000024], [86.27801989800008, 25.923617395000065], [86.27846567200004, 25.923799178000024], [86.27899183800008, 25.924043658000073], [86.27948385500008, 25.924374151000052], [86.27965979100009, 25.924521777000052], [86.27976111800007, 25.924697094000066], [86.27978217700007, 25.924814312000024], [86.27971814800009, 25.924914056000034], [86.27958926400004, 25.925014204000036], [86.27934998000006, 25.925056548000043], [86.27912020400004, 25.92503560600005], [86.27870545300004, 25.92497082600005], [86.27834569200007, 25.924932745000035], [86.27795671000007, 25.924967123000044], [86.27762859200004, 25.925118404000045], [86.27742069200008, 25.92531392400008], [86.27697417800005, 25.926201586000047], [86.27665380900004, 25.927237225000056], [86.27662569600005, 25.927454046000037], [86.27663682900004, 25.927584834000072], [86.27669233000006, 25.927661155000067], [86.27681279000006, 25.927737067000066], [86.27700819700004, 25.927816866000057], [86.27731261500008, 25.927814725000076], [86.27754165100004, 25.927754470000025], [86.27772459200008, 25.927554615000076], [86.27844362400003, 25.926439354000024], [86.27886488800004, 25.926088889000027], [86.27920322000006, 25.92596915200005], [86.27949738300003, 25.925926437000044], [86.27983172900008, 25.925924097000063], [86.28010675900003, 25.92598078800006], [86.28033694900006, 25.92605135100007], [86.28059797700007, 25.926216450000027], [86.28106097200003, 25.92666442500007], [86.28216919500005, 25.927820835000034], [86.28422114500006, 25.92959782400004], [86.28498156500007, 25.92922684000007], [86.28563250300004, 25.928897294000024], [86.28637335400003, 25.928571575000035], [86.28625688500006, 25.927805249000073], [86.28594877500007, 25.92739229600005]]]]}}, {"type": "Feature", "properties": {"OBJECTID": 3521, "GPCODE": "92645", "GPNAME_1": "DEKULI JAGNATHPUR", "DIST_CEN_C": "13", "BLK_NAME": "BIRAUL", "ST_NAME": "BIHAR", "ST_CODE_1": "10", "GPCODE2011": "95200", "REMARKS": "FINALIZED", "MAP_STATUS": "COMPLETED", "BLK_C_2001": "130013", "BLK_C_2011": "01193", "DIST_NAME": "DARBHANGA", "code2011": 11.0, "Shape_Leng": 0.0956248475, "Shape_Area": 0.00032489361, "Area": 3.60437}, "geometry": {"type": "MultiPolygon", "coordinates": [[[[86.11604871400004, 25.913203682000074], [86.11698201500008, 25.91253020100004], [86.11825586500004, 25.912703106000038], [86.11904677600006, 25.913018753000074], [86.11987186400006, 25.913253025000074], [86.12062690900007, 25.913451551000037], [86.12084747800003, 25.913576598000077], [86.12095804800003, 25.91368423600005], [86.12103354700008, 25.913774096000054], [86.12109954700009, 25.913922625000055], [86.12120062900004, 25.91409344300007], [86.12126116200005, 25.914183339000033], [86.12134632700008, 25.914236996000056], [86.12156105500009, 25.914244762000067], [86.12167075500008, 25.914230504000045], [86.12189006100004, 25.914202173000035], [86.12205909100004, 25.91411089500008], [86.12220576500005, 25.913690252000038], [86.12313882700005, 25.91366663900004], [86.12329809800008, 25.91361598700007], [86.12342705300006, 25.91350243100004], [86.12349118500003, 25.91339823800007], [86.12357238900006, 25.912905850000072], [86.12360515400007, 25.911939894000056], [86.12347773400006, 25.911575062000054], [86.12333159800005, 25.911386402000062], [86.12315105400006, 25.911265678000063], [86.12301589300006, 25.911207818000037], [86.12287610700008, 25.911204105000024], [86.12257720800005, 25.91126908900003], [86.12213357700006, 25.911343999000053], [86.12193763600004, 25.910492204000036], [86.12177068600005, 25.91018187800006], [86.12158481500006, 25.910015960000067], [86.12123904500004, 25.90982400300004], [86.12100384300004, 25.909739684000044], [86.12065403900004, 25.909665027000074], [86.12003438100004, 25.909560455000076], [86.12005201600005, 25.90856304500005], [86.12023006300007, 25.90766385300003], [86.12012867000004, 25.906761923000033], [86.11993993700008, 25.906207945000062], [86.11987415700008, 25.905404995000026], [86.11983201300006, 25.90374004800003], [86.11962592800006, 25.902856689000032], [86.11975222800004, 25.90239568100003], [86.12153801300008, 25.90229471600003], [86.12300405900004, 25.902159523000023], [86.12303129800006, 25.903143111000077], [86.12362538100007, 25.903180158000055], [86.12407809100006, 25.90298341500005], [86.12536299000004, 25.901973810000072], [86.12649096500007, 25.901326125000026], [86.12696637500005, 25.900826873000028], [86.12672118300009, 25.896334076000073], [86.12415640600005, 25.896983959000067], [86.12378216400003, 25.89596852300008], [86.12339799700004, 25.894592008000075], [86.12263457900008, 25.89252939100004], [86.12145203300008, 25.892985251000027], [86.12011478200003, 25.893463577000034], [86.12013475200007, 25.894194752000033], [86.11957088900004, 25.894226311000068], [86.11873265200006, 25.89419470200005], [86.11795922600004, 25.89411338900004], [86.11727569300007, 25.893887729000028], [86.11663704200004, 25.893865119000054], [86.11604826600006, 25.89383796800007], [86.11531975800006, 25.893725132000043], [86.11486568500004, 25.89355804400003], [86.11438676700004, 25.89331880900005], [86.11411486700007, 25.89327595000003], [86.11384283000007, 25.89323306700004], [86.11296968300007, 25.893273618000023], [86.11222621100006, 25.893372801000055], [86.11124825400003, 25.893575858000077], [86.11037502200008, 25.893801412000073], [86.10955164100005, 25.894013494000035], [86.10862356000007, 25.894252519000077], [86.10876306100005, 25.89582763900006], [86.10883779500006, 25.897217798000042], [86.10894730200005, 25.898770332000026], [86.10905693700005, 25.900544067000055], [86.10818361300005, 25.90068387100007], [86.10821842500008, 25.90168125100007], [86.10834806300005, 25.902759911000032], [86.10838283000004, 25.903418851000026], [86.10723517700006, 25.903630838000026], [86.10569816200007, 25.90395561200006], [86.10465513700007, 25.90426238300006], [86.10363215300004, 25.90442018500005], [86.10387660300006, 25.905205542000033], [86.10412598300007, 25.905860027000074], [86.10355202100004, 25.906013392000034], [86.10449966800007, 25.908996771000034], [86.10463937400004, 25.90953832100007], [86.10448458400003, 25.910003192000033], [86.10398547400007, 25.91005729400007], [86.10356629600005, 25.910255793000033], [86.10300727900005, 25.910734113000046], [86.10462827600008, 25.91223345900005], [86.10497390000006, 25.912416432000043], [86.10559890900004, 25.912575279000066], [86.10627318700006, 25.912661558000025], [86.10674191300006, 25.912600076000047], [86.10729461200003, 25.912425341000073], [86.10765302200008, 25.912305837000076], [86.10791728400005, 25.91226369900005], [86.10813176600004, 25.912257956000076], [86.10832176200006, 25.91230640200007], [86.10917750800007, 25.912626277000072], [86.11018540000003, 25.913283680000063], [86.11111717500006, 25.913770103000047], [86.11169955700007, 25.914254026000037], [86.11280778900004, 25.91428806400006], [86.11366536200006, 25.914174642000035], [86.11472057200007, 25.91379375500003], [86.11604871400004, 25.913203682000074]]]]}}, {"type": "Feature", "properties": {"OBJECTID": 3522, "GPCODE": "92641", "GPNAME_1": "ARGA USARI", "DIST_CEN_C": "13", "BLK_NAME": "BIRAUL", "ST_NAME": "BIHAR", "ST_CODE_1": "10", "GPCODE2011": "95196", "REMARKS": "FINALIZED", "MAP_STATUS": "COMPLETED", "BLK_C_2001": "130013", "BLK_C_2011": "01193", "DIST_NAME": "DARBHANGA", "code2011": 11.0, "Shape_Leng": 0.18658484521, "Shape_Area": 0.00080915224, "Area": 8.97499}, "geometry": {"type": "MultiPolygon", "coordinates": [[[[86.09406174700007, 25.930216220000034], [86.09494889500007, 25.930039497000053], [86.09697037800004, 25.930045825000036], [86.10078446400007, 25.930136254000047], [86.10150220000008, 25.93000121700004], [86.10196523000008, 25.92984503100007], [86.10217300100004, 25.929577562000077], [86.10227590300008, 25.929310703000056], [86.10231695600004, 25.928773403000037], [86.10231228700007, 25.928123609000068], [86.10179293100003, 25.926705042000037], [86.10120888500006, 25.924610020000046], [86.10107671400004, 25.923581845000058], [86.10121852900005, 25.92317928400007], [86.10134689400007, 25.92298905900003], [86.10157558300006, 25.92285227600007], [86.10184990700003, 25.922832594000056], [86.10254945000008, 25.922941383000023], [86.10591860400007, 25.925042520000034], [86.10608003300007, 25.924594797000054], [86.10614364300005, 25.92372342300007], [86.10609991200005, 25.923200218000034], [86.10587661600005, 25.922687093000036], [86.10555544300007, 25.92176385600004], [86.10536968600007, 25.920916440000042], [86.10527173700007, 25.920479347000025], [86.10513026000007, 25.920240944000057], [86.10487392300007, 25.919994243000076], [86.10441643100006, 25.91953661900004], [86.10351522800005, 25.918449813000052], [86.10306684600005, 25.917861242000072], [86.10292522900005, 25.91760488400007], [86.10282764100003, 25.917221833000042], [86.10265391100006, 25.916658779000045], [86.10242100400006, 25.916195294000033], [86.10217446400009, 25.91591689300003], [86.10196366100007, 25.91574668100003], [86.10179312900004, 25.91563484200003], [86.10135759400004, 25.915447834000076], [86.10089261400003, 25.915324233000035], [86.10061686100005, 25.915154353000048], [86.10050068600003, 25.914965513000027], [86.10046425800004, 25.913051250000024], [86.10046425700006, 25.913051203000066], [86.10022218200004, 25.91318883300005], [86.09978794900007, 25.913288083000054], [86.09947863900004, 25.913269994000075], [86.09915430500007, 25.913048786000047], [86.09897967600006, 25.91272372800006], [86.09893489600006, 25.912146041000028], [86.09902982100004, 25.911455595000064], [86.09918463000008, 25.910769617000028], [86.09939949000005, 25.909672859000068], [86.09950944500008, 25.908896637000055], [86.09949458900007, 25.908314460000042], [86.09939985700004, 25.90779085300005], [86.09935503300005, 25.907344028000068], [86.09916063100007, 25.906567756000072], [86.09896115400005, 25.906017124000073], [86.09897117900005, 25.905484530000024], [86.10010927100006, 25.903729146000046], [86.10020417700008, 25.90351251000004], [86.10016421500006, 25.90342226000007], [86.09975010200003, 25.903313792000063], [86.09929604200005, 25.90319187600005], [86.09880704700004, 25.903029334000053], [86.09837287800008, 25.90295701200006], [86.09775914300008, 25.902974972000038], [86.09719025400005, 25.903083174000074], [86.09660140900007, 25.903191419000052], [86.09616722000004, 25.903222879000054], [86.09579298700004, 25.903173159000062], [86.09555351300008, 25.90302874100007], [86.09531909600008, 25.902762379000023], [86.09521935600003, 25.90233363400006], [86.09508481500006, 25.90172879000005], [86.09494516600006, 25.90126394200007], [86.09475077600007, 25.900406344000032], [86.09439674600009, 25.899589345000038], [86.09413737500006, 25.898980084000073], [86.09394286200006, 25.898519684000064], [86.09380336000004, 25.89799607300006], [86.09360880400004, 25.897481524000057], [86.09332452500007, 25.897219688000064], [86.09306002600005, 25.897228659000064], [86.09284534100004, 25.89754455800005], [86.09239590500005, 25.899146689000077], [86.09207120800005, 25.900383211000076], [86.09174160100008, 25.90153851200006], [86.09147684900006, 25.90243203500006], [86.09133684200003, 25.903555788000062], [86.09107206300007, 25.90455318900007], [86.09096216700004, 25.905004425000072], [86.09085223300008, 25.905455818000064], [86.09060252700004, 25.90608306300004], [86.09040286500004, 25.906389896000064], [86.09015325600006, 25.906601986000055], [86.08971914600005, 25.90674181600008], [86.08927993500004, 25.906728143000066], [86.08891071700003, 25.90661522000005], [86.08861640800006, 25.906375964000063], [86.08839686500005, 25.90610956300003], [86.08828728400005, 25.905572532000065], [86.08822749000007, 25.90522492100007], [86.08813277000007, 25.904913487000044], [86.08794823300008, 25.90467426500004], [86.08764883000003, 25.904507221000074], [86.08735443100005, 25.904421391000028], [86.08700012900005, 25.90447548700007], [86.08681051900004, 25.904660453000076], [86.08667060500005, 25.904998927000065], [86.08661553700006, 25.90557656200008], [86.08639574400007, 25.906429544000048], [86.08630083200006, 25.90669129500003], [86.08620591900007, 25.90695304600007], [86.08604619000005, 25.907309515000065], [86.08568659400004, 25.90805404200006], [86.08525725000004, 25.908609098000056], [86.08482298000007, 25.909037719000025], [86.08430880300006, 25.90951596800005], [86.08387449100007, 25.90985433900005], [86.08332552400003, 25.91015657500003], [86.08277144400006, 25.910643836000077], [86.08227216400007, 25.911176289000025], [86.08185282200003, 25.91171317000004], [86.08101411100006, 25.91266076200003], [86.08202920600007, 25.916236979000075], [86.08239566700007, 25.917954343000076], [86.08297889000005, 25.91998177800008], [86.08333389700005, 25.92078760800007], [86.08435529500008, 25.921955103000073], [86.08460017200008, 25.922003276000055], [86.08474494600006, 25.92200249900003], [86.08500927900008, 25.921978356000068], [86.08515955200005, 25.922054261000028], [86.08523036100007, 25.922189169000035], [86.08537119200008, 25.922350902000062], [86.08678944800005, 25.92316407000004], [86.08855704300004, 25.923979682000038], [86.08975485500008, 25.926089329000035], [86.09119934300008, 25.928477284000053], [86.09228888100006, 25.930091092000055], [86.09248133700004, 25.930473565000057], [86.09271144800005, 25.93054901000005], [86.09296598500003, 25.93054752300003], [86.09332462200007, 25.930450609000047], [86.09406174700007, 25.930216220000034]]], [[[86.08827244500003, 25.954953542000055], [86.08872657800003, 25.95493284300005], [86.08942644400008, 25.955064152000034], [86.09006080800003, 25.955110167000043], [86.09107863000008, 25.955023034000078], [86.09225477900009, 25.95474082800007], [86.09317534000007, 25.954315837000024], [86.09430957400008, 25.953754108000055], [86.09514913400005, 25.953171578000024], [86.09634470000003, 25.952108586000065], [86.09687085600007, 25.951694864000046], [86.09742137400008, 25.951181650000024], [86.09762875600006, 25.95086899300003], [86.09776064000005, 25.949767140000063], [86.09802235000006, 25.948664439000027], [86.09806462900008, 25.948303176000024], [86.09803219000008, 25.94795137500006], [86.09779407600007, 25.94746083700005], [86.09719004800007, 25.946069900000055], [86.09709679900004, 25.945601039000053], [86.09709481700008, 25.945325770000068], [86.09713921800005, 25.94525330700003], [86.09725329500003, 25.94515334400006], [86.09738781200008, 25.94511649100008], [86.09760759000005, 25.945128699000065], [86.09828662200005, 25.945142816000043], [86.09648754400007, 25.942084599000054], [86.09454682400008, 25.938733805000027], [86.09369280600004, 25.937272053000072], [86.09333158200008, 25.93702594000007], [86.09295101800006, 25.93685665000004], [86.09208743400006, 25.93684365200005], [86.09020604300008, 25.93690867300006], [86.08958700800008, 25.935490753000067], [86.08932473500005, 25.93440458500004], [86.08930002700004, 25.933736886000077], [86.08944590700008, 25.933198994000065], [86.08956828200007, 25.932855317000076], [86.08965027800008, 25.932453176000024], [86.08960658400008, 25.931920854000055], [86.08896562100006, 25.930931728000076], [86.08782636100005, 25.930049289000067], [86.08632999500009, 25.929489302000036], [86.08634094500007, 25.929624615000023], [86.08632677800006, 25.92973300600005], [86.08625265600006, 25.929846319000035], [86.08607874000006, 25.92995561200007], [86.08506738500006, 25.930218637000053], [86.08395582300005, 25.930437131000076], [86.08298373000008, 25.93060974100007], [86.08243022600004, 25.930676117000075], [86.08144916200007, 25.931002121000063], [86.08040884800005, 25.93140972200007], [86.07990799300006, 25.93186845400004], [86.07836806200004, 25.933646318000058], [86.07797029100004, 25.933856152000033], [86.07749628800008, 25.93388146500007], [86.07683727300008, 25.933867123000027], [86.07622977000005, 25.934082742000044], [86.07594672200008, 25.934282937000035], [86.07540792900005, 25.93504417300005], [86.07422648900007, 25.936693628000057], [86.07458547500005, 25.937350405000075], [86.07504717400008, 25.938426416000027], [86.07638941200008, 25.941212243000052], [86.07723378600008, 25.94275089000007], [86.07859157200005, 25.944164697000076], [86.07913936700004, 25.94469410000005], [86.07950611700005, 25.945030460000055], [86.07985741500005, 25.945299184000078], [86.08014353200008, 25.945523209000044], [86.08048062300008, 25.945886786000074], [86.08071786400006, 25.946264573000065], [86.08096520700008, 25.94665126700005], [86.08102074900006, 25.946745700000065], [86.08116219400006, 25.946979516000056], [86.08140509600008, 25.94745653800004], [86.08153354700005, 25.947974771000077], [86.08162059500006, 25.948276646000068], [86.08167148500007, 25.948420804000023], [86.08178830700007, 25.948699876000035], [86.08199525600008, 25.94901907900004], [86.08242925000008, 25.948975978000078], [86.08281834900004, 25.948937668000042], [86.08328773200003, 25.94895304000005], [86.08345465600007, 25.949268003000043], [86.08351032600007, 25.949371454000072], [86.08362884200005, 25.94990324200006], [86.08372285100006, 25.950484886000027], [86.08382091500005, 25.950944630000038], [86.08392860300006, 25.95134570600004], [86.08397466800005, 25.951512429000047], [86.08417150800005, 25.951818118000062], [86.08434852000005, 25.95213305300007], [86.08460672300004, 25.95265054200007], [86.08478459400004, 25.953096301000073], [86.08503757700004, 25.953564174000064], [86.08530429500007, 25.953874038000038], [86.08554585700006, 25.954143444000067], [86.08572222500004, 25.95436806400005], [86.08593390800007, 25.95466018600007], [86.08608471200006, 25.95480817300006], [86.08626058500005, 25.954960614000072], [86.08685301800006, 25.955435571000066], [86.08711721500003, 25.95537091400007], [86.08733640900005, 25.955310962000055], [86.08788383900009, 25.955068555000025], [86.08827244500003, 25.954953542000055]]]]}}, {"type": "Feature", "properties": {"OBJECTID": 3523, "GPCODE": "92655", "GPNAME_1": "PATANIYA", "DIST_CEN_C": "13", "BLK_NAME": "BIRAUL", "ST_NAME": "BIHAR", "ST_CODE_1": "10", "GPCODE2011": "95210", "REMARKS": "FINALIZED", "MAP_STATUS": "COMPLETED", "BLK_C_2001": "130013", "BLK_C_2011": "01193", "DIST_NAME": "DARBHANGA", "code2011": 26.0, "Shape_Leng": 0.30825634835, "Shape_Area": 0.00123382511, "Area": 13.6854}, "geometry": {"type": "MultiPolygon", "coordinates": [[[[86.20001418700008, 25.959011153000063], [86.20058290400004, 25.958339545000058], [86.20009060200005, 25.957336466000072], [86.20014852400004, 25.956474117000027], [86.20052623200007, 25.955018490000043], [86.20088538600004, 25.953730010000072], [86.19877936100005, 25.95382498400005], [86.19808583700006, 25.953874686000063], [86.19782699400008, 25.953966671000046], [86.19768845000004, 25.954125517000023], [86.19761033000003, 25.95435167100004], [86.19741760700003, 25.954596568000056], [86.19721398200005, 25.95472429700004], [86.19699454200008, 25.95475734000007], [86.19672495800006, 25.95475010800004], [86.19643992100004, 25.95469330000003], [86.19626927000007, 25.954586079000023], [86.19602784100005, 25.954362047000075], [86.19570736800006, 25.953614947000062], [86.19556351100005, 25.953105969000035], [86.19557266200007, 25.951747527000066], [86.19576102200006, 25.95096102900004], [86.19596588200005, 25.949109475000057], [86.19583401900007, 25.948853087000032], [86.19559314500003, 25.948696720000044], [86.19515775800005, 25.948564205000025], [86.19514754600004, 25.947287110000048], [86.19470321300008, 25.946030965000034], [86.19430962300004, 25.94550548600006], [86.19389326800007, 25.945251017000032], [86.19374139400009, 25.94497672800003], [86.19341102900006, 25.94424327400003], [86.19318498600006, 25.943436878000057], [86.19296874300005, 25.943244255000025], [86.19253370600006, 25.943147820000036], [86.19137972500005, 25.94303797200007], [86.19118360700008, 25.942863241000055], [86.19096585700004, 25.942472033000058], [86.19043896000005, 25.94149617000005], [86.19010760700007, 25.941259125000045], [86.18973704700005, 25.941108087000032], [86.18899712400008, 25.940973016000044], [86.18880127800008, 25.940816322000046], [86.18869371200003, 25.940483078000057], [86.18865913200005, 25.939264872000024], [86.18850409200007, 25.936084262000065], [86.18813686900006, 25.932580173000076], [86.18772780500007, 25.93071450800005], [86.18638501200007, 25.93070514300007], [86.18634502100008, 25.930064567000045], [86.18277417100006, 25.93043514200008], [86.18268497700006, 25.92734887100005], [86.18254681800005, 25.925657448000038], [86.18230425800004, 25.924011794000023], [86.18172432400007, 25.92198472800004], [86.18097535100009, 25.92003095000007], [86.18092781400009, 25.917797449000034], [86.18196010700007, 25.917700567000054], [86.18185323600005, 25.916162331000066], [86.18141633900007, 25.913290415000063], [86.18097803000006, 25.911488129000077], [86.18070173500007, 25.909996120000073], [86.18047700900007, 25.90869785600006], [86.18003053700005, 25.905866639000067], [86.17999056400004, 25.903308090000053], [86.18348170500008, 25.90306457500003], [86.18535644300005, 25.902853896000067], [86.18562431900006, 25.90266265500003], [86.18583209600007, 25.902431162000028], [86.18590508300008, 25.902195998000025], [86.18590892700007, 25.90015612700006], [86.18564347100005, 25.898127045000024], [86.18547003500004, 25.896390758000052], [86.18327691500008, 25.89669817200007], [86.18000288700006, 25.897247208000067], [86.17975084600005, 25.896287637000057], [86.17872115600005, 25.89472651500006], [86.17630379500008, 25.894953029000078], [86.17418819000005, 25.895143319000056], [86.17439239500004, 25.89428573500004], [86.17451688400007, 25.893581612000048], [86.17461139700004, 25.89286403400007], [86.17453118900005, 25.892146386000036], [86.17447106800006, 25.89158680500003], [86.17456063200007, 25.890882684000076], [86.17472995000008, 25.890128891000074], [86.17504403900006, 25.889524075000054], [86.17527336100005, 25.88914484700007], [86.17541296100006, 25.88887849500003], [86.17542787600007, 25.888711578000027], [86.17468430800005, 25.888427489000037], [86.17351674600008, 25.888247334000027], [86.17188505400009, 25.887981598000067], [86.17114161400008, 25.887823842000046], [86.17023849700007, 25.887684200000024], [86.16994371300007, 25.886754577000033], [86.16978867900008, 25.885874579000074], [86.16966373800005, 25.885256321000043], [86.16959865900003, 25.884791423000024], [86.16974319500008, 25.884385171000076], [86.16984790500004, 25.88403317600006], [86.16978764900006, 25.883089926000025], [86.16970766100007, 25.88273337100003], [86.16899421100004, 25.882674893000058], [86.16809618200006, 25.882675208000023], [86.16733279300007, 25.882815325000024], [86.16675916900004, 25.882955381000045], [86.16590100100007, 25.88294213100005], [86.16560660100004, 25.882888036000054], [86.16528229300008, 25.88274818700006], [86.16517244600004, 25.882563189000052], [86.16562118200005, 25.881845489000057], [86.16571594200008, 25.881777729000078], [86.16469315700004, 25.88173286600005], [86.16363540800006, 25.881642872000043], [86.16323124800005, 25.881606884000064], [86.16282714400006, 25.881570899000053], [86.16191412300003, 25.88153051300003], [86.16099608400003, 25.881417933000023], [86.16010802200003, 25.88131889700003], [86.15930001200007, 25.882108817000073], [86.15816785100003, 25.883214826000028], [86.15735974900008, 25.884013855000035], [86.15690589700006, 25.884393096000053], [86.15680118400007, 25.884691021000037], [86.15712580100006, 25.885747038000034], [86.15739048300009, 25.886527758000057], [86.15754522000003, 25.886839089000034], [86.15776474300003, 25.88703319900003], [86.15835362500007, 25.88725865200007], [86.15883763200009, 25.887384921000034], [86.15928678700004, 25.887750450000055], [86.15964607300003, 25.888188144000026], [86.15990578100008, 25.888874014000066], [86.15997089100006, 25.88957808200007], [86.15991124000004, 25.890300257000035], [86.15973682000003, 25.891202965000048], [86.15938277600009, 25.891974730000072], [86.15903871700004, 25.89246677500006], [86.15863462700008, 25.89287757200003], [86.15787635100008, 25.89329749700005], [86.15876137300006, 25.89343304600004], [86.15928739300006, 25.89370960800005], [86.15963868900008, 25.893969138000045], [86.15981030500006, 25.894220765000057], [86.15998195200007, 25.894481416000076], [86.16022715800005, 25.894574675000058], [86.16053203700005, 25.89464494300006], [86.16093124500009, 25.894642499000042], [86.16133155700004, 25.894793347000075], [86.16162752000008, 25.894999161000044], [86.16191809600008, 25.89514624700007], [86.16222278800007, 25.89518944300005], [86.16245177600007, 25.895115821000047], [86.16287897400008, 25.894864897000048], [86.16326113700006, 25.89460074400006], [86.16355351200008, 25.894332684000062], [86.16378231700008, 25.894236412000055], [86.16398177200006, 25.894221607000077], [86.16421182600004, 25.894287832000032], [86.16447239600006, 25.894439693000038], [86.16461374500005, 25.894646374000047], [86.16472091700007, 25.89495258100004], [86.16471126100004, 25.896288429000037], [86.16469238000008, 25.89772815500004], [86.16470977900008, 25.898034969000037], [86.16483552400007, 25.898169513000028], [86.16503582400009, 25.898254044000055], [86.16662797700008, 25.89829809300005], [86.16663833300004, 25.898997601000076], [86.16617528400008, 25.90041752700006], [86.16609100300008, 25.901776403000042], [86.16614036200008, 25.90235832600007], [86.16635047200003, 25.903069997000046], [86.16733967800008, 25.90321270000004], [86.17127777700006, 25.903323078000028], [86.17583024800007, 25.90350172600006], [86.17594574500004, 25.904877364000072], [86.17602378600003, 25.90528758800008], [86.17628536200004, 25.905547600000034], [86.17639667200007, 25.90574100300006], [86.17635339600008, 25.90594882700003], [86.17624445100006, 25.906062373000054], [86.17604551200003, 25.90614486100003], [86.17592639600008, 25.906231366000043], [86.17594204300008, 25.906312525000033], [86.17621845600007, 25.90656347600003], [86.17650996400005, 25.906823314000064], [86.17656312900004, 25.907251745000053], [86.17651648300006, 25.90766719100003], [86.17628978400006, 25.908029734000024], [86.17606254700007, 25.90832451700004], [86.17589729900004, 25.90888962300005], [86.17565263600005, 25.90887768500005], [86.17499846000004, 25.90881411600003], [86.17434525200008, 25.90888597600008], [86.17348275400008, 25.90899081400005], [86.17279551100006, 25.909175635000054], [86.17225344500008, 25.909422848000077], [86.17171295300005, 25.909868550000056], [86.17091906600007, 25.91046473700004], [86.16956393400005, 25.911393976000056], [86.16878106900003, 25.912125552000077], [86.16814059300003, 25.91254471900004], [86.16752391600005, 25.912832996000077], [86.16671785600005, 25.913144980000027], [86.16652408000004, 25.91325451000006], [86.16641539300008, 25.913390508000077], [86.16638318100007, 25.91374726500004], [86.16635695500008, 25.91422129600005], [86.16627917100004, 25.914497065000035], [86.16610641900007, 25.914746389000072], [86.16583941300007, 25.91506391000007], [86.16576140700005, 25.91530358700004], [86.16578862400007, 25.915592235000076], [86.16605172100003, 25.916064478000067], [86.16613074700007, 25.91659650300005], [86.16634998500007, 25.917845170000078], [86.16652002500007, 25.918530057000055], [86.16652359900007, 25.918994894000036], [86.16649630300003, 25.91997879300004], [86.16624288300005, 25.920774659000074], [86.16603944200006, 25.920920394000063], [86.16583102600003, 25.92107065500005], [86.16569247900009, 25.921229476000065], [86.16562943200006, 25.921469020000075], [86.16555321400006, 25.921943369000076], [86.16573360100006, 25.92267785100006], [86.16594425900007, 25.923452760000032], [86.16561746200006, 25.92379778700007], [86.16543577300007, 25.924182469000073], [86.16549484700005, 25.92471463700008], [86.16608046600004, 25.92557738100004], [86.16647318900004, 25.926017228000035], [86.16658454100008, 25.926224079000065], [86.16667214300008, 25.92657553600003], [86.16666804500005, 25.927338225000028], [86.16653604700008, 25.928340907000063], [86.16637779600006, 25.92916329800005], [86.16644511700008, 25.929478720000077], [86.16661111600007, 25.929644636000035], [86.16698266100008, 25.929926644000034], [86.16710342500005, 25.93005226400004], [86.16716024100003, 25.930300045000024], [86.16699297100007, 25.931257892000076], [86.16673555100004, 25.93282094700004], [86.16670655300004, 25.933597328000076], [86.16698830300004, 25.934525235000024], [86.16707106100006, 25.93682628600004], [86.16678841500004, 25.93707627300006], [86.16622532400004, 25.937842488000058], [86.16525433000004, 25.938796324000066], [86.16475338100008, 25.939205611000034], [86.16399861000008, 25.93971583700005], [86.16356221000007, 25.94009318800005], [86.16296632400008, 25.940494069000067], [86.16244423200004, 25.94076356100004], [86.16215175300005, 25.941031701000043], [86.16197997900008, 25.941407324000068], [86.16193096400008, 25.942174820000048], [86.16198966800005, 25.942657359000066], [86.16211064300006, 25.942814562000024], [86.16232122100007, 25.94293957800005], [86.16262653900003, 25.94304592700007], [86.16346588700009, 25.943135470000072], [86.16524737500004, 25.943051973000024], [86.16616071200008, 25.943037179000044], [86.16634502600004, 25.942977390000067], [86.16645374900008, 25.942845814000066], [86.16655885300008, 25.942235874000062], [86.16649026200008, 25.941108073000066], [86.16805768700004, 25.94111626800003], [86.16826285000008, 25.94117362000003], [86.16838380200005, 25.941321794000032], [86.16845098900006, 25.941623680000077], [86.16849925800005, 25.942697491000047], [86.16990164800006, 25.942647926000063], [86.17000679400007, 25.942696897000076], [86.17017257800006, 25.942822205000027], [86.17032580200004, 25.943272541000056], [86.17065502800006, 25.944529533000036], [86.17075817000006, 25.944953119000047], [86.17106455000004, 25.94519036400004], [86.17158774400008, 25.945069621000073], [86.17360418800007, 25.944384385000035], [86.17388873900006, 25.945032481000055], [86.17441277600005, 25.94501106200005], [86.17501092900005, 25.944894427000065], [86.17524843400008, 25.944635626000036], [86.17526533700004, 25.94424292100007], [86.17521629500004, 25.943710733000046], [86.17508216700008, 25.943161014000054], [86.17516636000005, 25.94306567600006], [86.17543090200007, 25.943064028000038], [86.17569045400006, 25.94306239200006], [86.17597494800003, 25.943060504000073], [86.17620921300005, 25.943018429000062], [86.17631783400003, 25.942859776000034], [86.17647085600004, 25.942642172000035], [86.17666413500007, 25.942464966000045], [86.17694306300007, 25.94238197900006], [86.17718249000006, 25.942362353000078], [86.17742292700007, 25.94246010300003], [86.17764353100006, 25.94259409500006], [86.17786033000004, 25.942867942000078], [86.17803699300003, 25.94310599000005], [86.17832205600007, 25.943180880000057], [86.17869164100006, 25.94319660800005], [86.17903544500007, 25.943117675000053], [86.17951372400006, 25.942997305000063], [86.18001145000005, 25.942818052000064], [86.18027558800009, 25.942757749000066], [86.18044539000005, 25.942774678000035], [86.18062137400005, 25.942931526000052], [86.18075392900005, 25.94328266200006], [86.18080406600006, 25.94395018000006], [86.18082612800004, 25.94420734600004], [86.18104650900005, 25.944305150000048], [86.18139546800006, 25.944244242000025], [86.18165660400007, 25.944436664000023], [86.18166093300005, 25.94498720100006], [86.18185894100003, 25.94541917300006], [86.18222978500006, 25.945592781000073], [86.18277434800007, 25.945647876000066], [86.18305567100003, 25.94587623900003], [86.18319391600005, 25.946308647000023], [86.18338958000004, 25.946442700000034], [86.18371686000006, 25.946797153000034], [86.18404337300007, 25.94704775500003], [86.18428605700007, 25.94743881100004], [86.18455437600005, 25.947910901000057], [86.18457717900003, 25.948262799000076], [86.18451472400005, 25.94857903600007], [86.18364971200003, 25.949035898000034], [86.18310604500005, 25.949098095000068], [86.18297489800005, 25.94892298600007], [86.18263938500007, 25.948157946000038], [86.18237731500005, 25.94784372600003], [86.18211684400006, 25.947728083000072], [86.18176811600006, 25.947829596000076], [86.18159514000007, 25.94804735200006], [86.18166317800006, 25.948439448000045], [86.18175782800006, 25.949048101000074], [86.18143631000004, 25.949424716000067], [86.18091510300007, 25.94980262400003], [86.18067788600007, 25.950115571000026], [86.18040036100007, 25.950374587000056], [86.17996706800005, 25.95049473800003], [86.17798101400007, 25.950611286000026], [86.17793685100008, 25.950710839000067], [86.17792828300009, 25.95088688900006], [86.17799490200008, 25.95110305600008], [86.17819425600004, 25.951692913000045], [86.17857111300003, 25.952642713000046], [86.17887280300005, 25.953556907000063], [86.17916285000007, 25.954250082000044], [86.17967274400007, 25.954968792000045], [86.18002643100004, 25.95550813500006], [86.18004868300005, 25.955792274000032], [86.17998624800003, 25.95611762300007], [86.17976584500008, 25.956647050000072], [86.17931197100006, 25.957340360000046], [86.17926536600004, 25.957769419000044], [86.17936762000005, 25.958071105000045], [86.17956506100006, 25.958421874000067], [86.17987236600004, 25.95876736300005], [86.18016832400008, 25.95895048500006], [86.18057824600004, 25.959015536000038], [86.18080785900008, 25.959005043000047], [86.18108278400007, 25.95905288800003], [86.18143751900004, 25.959091210000054], [86.18169332200006, 25.959234022000032], [86.18194439100006, 25.959421961000032], [86.18240796500004, 25.959956015000046], [86.18254388800005, 25.96009501900005], [86.18270410900004, 25.96016168700004], [86.18282359800008, 25.96011126700006], [86.18289644500004, 25.959853560000056], [86.18292722100006, 25.959325394000075], [86.18301058200007, 25.95913523200005], [86.18316395800008, 25.958958315000075], [86.18350724900006, 25.958807196000066], [86.18371673400009, 25.958778711000036], [86.18392166800004, 25.958818002000044], [86.18402217400006, 25.958903156000076], [86.18411837000008, 25.959069429000067], [86.18411307500008, 25.959660679000024], [86.18420206800005, 25.96018814200005], [86.18431320800005, 25.96034534900008], [86.18462841900003, 25.96043809400004], [86.18497827000004, 25.96047641900003], [86.18529359900003, 25.96057367000003], [86.18560879600005, 25.960661901000037], [86.18586854700004, 25.96067829200007], [86.18625678100005, 25.960535880000066], [86.18668875100008, 25.960230755000055], [86.18714406400005, 25.95972689000007], [86.18742655200003, 25.959458735000055], [86.18764033900004, 25.95934903400007], [86.18796438600003, 25.959288273000027], [86.18939013200009, 25.959021843000073], [86.19008830200005, 25.958922544000075], [86.19063238400008, 25.958909946000063], [86.19146780000005, 25.959121150000044], [86.19181290700004, 25.959200168000052], [86.19208160800008, 25.959708328000033], [86.19242813500006, 25.959958854000035], [86.19295413700007, 25.960190087000058], [86.19401897800003, 25.96036360900007], [86.19651587800007, 25.96044212700008], [86.19732079200008, 25.96057669700008], [86.19839452600007, 25.961242155000036], [86.19865393900005, 25.960590600000046], [86.19934108900009, 25.95974216700006], [86.20001418700008, 25.959011153000063]], [[86.17757314700003, 25.92087867600003], [86.17923178000007, 25.920448358000044], [86.17975827700008, 25.92076084200005], [86.17995476400006, 25.920998749000034], [86.18002153900005, 25.921233055000073], [86.17997897700008, 25.921531101000028], [86.17989623300008, 25.92180698100003], [86.17987861800003, 25.922104958000034], [86.17964081900004, 25.922323079000023], [86.17797912800006, 25.922369768000067], [86.17677745300006, 25.922517362000065], [86.17652775900007, 25.922500928000034], [86.17639718100008, 25.92239347700007], [86.17627641600006, 25.92226786300006], [86.17608919800006, 25.92193960900005], [86.17583115100007, 25.921499047000054], [86.17757314700003, 25.92087867600003]]]]}}, {"type": "Feature", "properties": {"OBJECTID": 3525, "GPCODE": "92664", "GPNAME_1": "UCHATI", "DIST_CEN_C": "13", "BLK_NAME": "BIRAUL", "ST_NAME": "BIHAR", "ST_CODE_1": "10", "GPCODE2011": "95219", "REMARKS": "FINALIZED", "MAP_STATUS": "COMPLETED", "BLK_C_2001": "130013", "BLK_C_2011": "01193", "DIST_NAME": "DARBHANGA", "code2011": 9.0, "Shape_Leng": 0.18635190226, "Shape_Area": 0.00082735102, "Area": 9.17704}, "geometry": {"type": "MultiPolygon", "coordinates": [[[[86.28726697100007, 25.923465785000076], [86.28689753200007, 25.923450310000078], [86.28654868000007, 25.92351145500004], [86.28611122300003, 25.923708704000035], [86.28437822200004, 25.924727432000054], [86.28412146900007, 25.92504511900006], [86.28410315200006, 25.925239352000062], [86.28420976900009, 25.92543710900003], [86.28454251400007, 25.925827337000044], [86.28594877500007, 25.92739229600005], [86.28625688500006, 25.927805249000073], [86.28637335400003, 25.928571575000035], [86.28718038300008, 25.92838979800007], [86.28785140500008, 25.928069101000062], [86.28875921200006, 25.92743077700004], [86.28956171500005, 25.926739140000052], [86.29023012500005, 25.92612060600004], [86.28913037600006, 25.924792701000058], [86.28834138800005, 25.92418458800006], [86.28726697100007, 25.923465785000076]]], [[[86.26565167500007, 25.92474246300003], [86.26586079500004, 25.924691408000058], [86.26600075200008, 25.924708431000056], [86.26614616400008, 25.924788689000025], [86.26634258800004, 25.92499490700004], [86.26658812100004, 25.925683572000025], [86.26663884400006, 25.926360183000043], [86.26657105600003, 25.927186522000056], [86.26658493200006, 25.92764220400005], [86.26668321000005, 25.928047614000036], [86.26718254800005, 25.92865339900004], [86.26733326500005, 25.92876061000004], [86.26750801200006, 25.92876840400004], [86.26766225900008, 25.928717714000072], [86.26801930300007, 25.928439857000058], [86.26818286900004, 25.928303326000048], [86.26834690100009, 25.928230046000067], [86.26866125800007, 25.928218773000026], [86.27088941700003, 25.928451302000042], [86.27230329600008, 25.928617321000047], [86.27299242900006, 25.92865310700006], [86.27346062300006, 25.928541505000055], [86.27395806600003, 25.928339391000065], [86.27448013700007, 25.92811003500003], [86.27481887400006, 25.92803551000003], [86.27507854700008, 25.928047149000065], [86.27538355100006, 25.928112679000037], [86.27564901800008, 25.928219126000045], [86.27605628700007, 25.92856372700004], [86.27683000600007, 25.92971799700007], [86.27745907300005, 25.930313824000052], [86.27831747600004, 25.93087176100005], [86.27977996800007, 25.931452578000062], [86.28039605000004, 25.931691863000026], [86.28086544900003, 25.931720176000056], [86.28140934900006, 25.93169372500006], [86.28176825800006, 25.931646], [86.28204151400007, 25.931495176000055], [86.28265575400007, 25.93095825100005], [86.28378969000005, 25.929921270000023], [86.28422114500006, 25.92959782400004], [86.28216919500005, 25.927820835000034], [86.28106097200003, 25.92666442500007], [86.28059797700007, 25.926216450000027], [86.28033694900006, 25.92605135100007], [86.28010675900003, 25.92598078800006], [86.27983172900008, 25.925924097000063], [86.27949738300003, 25.925926437000044], [86.27920322000006, 25.92596915200005], [86.27886488800004, 25.926088889000027], [86.27844362400003, 25.926439354000024], [86.27772459200008, 25.927554615000076], [86.27754165100004, 25.927754470000025], [86.27731261500008, 25.927814725000076], [86.27700819700004, 25.927816866000057], [86.27681279000006, 25.927737067000066], [86.27669233000006, 25.927661155000067], [86.27663682900004, 25.927584834000072], [86.27662569600005, 25.927454046000037], [86.27665380900004, 25.927237225000056], [86.27697417800005, 25.926201586000047], [86.27742069200008, 25.92531392400008], [86.27762859200004, 25.925118404000045], [86.27795671000007, 25.924967123000044], [86.27834569200007, 25.924932745000035], [86.27870545300004, 25.92497082600005], [86.27912020400004, 25.92503560600005], [86.27934998000006, 25.925056548000043], [86.27958926400004, 25.925014204000036], [86.27971814800009, 25.924914056000034], [86.27978217700007, 25.924814312000024], [86.27976111800007, 25.924697094000066], [86.27965979100009, 25.924521777000052], [86.27948385500008, 25.924374151000052], [86.27899183800008, 25.924043658000073], [86.27846567200004, 25.923799178000024], [86.27801989800008, 25.923617395000065], [86.27762484700008, 25.923538923000024], [86.27722526600007, 25.923496643000078], [86.27698570900003, 25.923498288000076], [86.27669149500008, 25.923527462000038], [86.27640768800006, 25.923610737000047], [86.27601473500005, 25.923766930000056], [86.27560779400005, 25.924036043000058], [86.27524530500006, 25.924246264000033], [86.27475762200004, 25.924416678000057], [86.27449871300007, 25.924490657000035], [86.27425933500007, 25.924510433000023], [86.27397454500004, 25.924480833000075], [86.27370461200007, 25.924424111000064], [86.27343919100008, 25.92432668400005], [86.27318786200004, 25.92411633200004], [86.27267891900004, 25.92298720100007], [86.27231341600003, 25.92227224800007], [86.27189520700006, 25.921810378000032], [86.27152386500006, 25.92157833400006], [86.27095292000007, 25.92135672200004], [86.27030234000006, 25.921153787000037], [86.26959603200004, 25.920842854000057], [86.26916510200004, 25.92065179100007], [86.26892415500004, 25.920486510000046], [86.26879293700006, 25.920315981000044], [86.26877123300005, 25.92011304700003], [86.26886926900005, 25.919913764000057], [86.26913540500004, 25.919519284000046], [86.26992260800006, 25.918782683000074], [86.27140321900004, 25.917431957000076], [86.27223014400005, 25.916090327000063], [86.27286837900004, 25.915454108000063], [86.27373047900005, 25.91472146500007], [86.27437515200006, 25.914243017000047], [86.27475181900007, 25.913947035000035], [86.27498975500004, 25.91375583100006], [86.27507314800005, 25.913588262000076], [86.27508715300007, 25.913479852000023], [86.27505061600004, 25.913286080000034], [86.27489410000004, 25.913079552000056], [86.27457745400005, 25.912824588000035], [86.27436163200008, 25.91267718200004], [86.27426100500008, 25.912592179000058], [86.27413917700005, 25.912353861000042], [86.27400147500003, 25.91142969300006], [86.27390372000008, 25.91051432200004], [86.27357280700005, 25.90860771100006], [86.27338473600008, 25.908202879000044], [86.27329771100005, 25.907959842000025], [86.27315135800006, 25.90777132200003], [86.27298579600006, 25.90766416100007], [86.27270537400005, 25.90754882600004], [86.27224572900008, 25.90749339100006], [86.27182151100004, 25.907487364000076], [86.27146139300004, 25.907399643000076], [86.27117594700007, 25.90727529800006], [86.27091497000004, 25.907110181000064], [86.27025854400006, 25.90580075200006], [86.26986451600004, 25.90564255700008], [86.26955007500004, 25.905696480000074], [86.26928043200007, 25.905872284000054], [86.26896087300008, 25.90614283900004], [86.26869100700009, 25.90656233900006], [86.26838640700004, 25.90680585900003], [86.26803677700008, 25.907094476000054], [86.26780202700007, 25.90733794500005], [86.26751744000006, 25.907495744000073], [86.26727780200008, 25.90763994400004], [86.26686360600007, 25.907680286000073], [86.26626981300006, 25.907580592000045], [86.26585585700008, 25.907381654000062], [86.26541664800004, 25.907381371000042], [86.26500250500004, 25.907335871000043], [86.26481295000008, 25.90725002100004], [86.26452375400004, 25.90707829300004], [86.26395504300007, 25.90686117100006], [86.26374541600006, 25.906847501000072], [86.26328625300005, 25.90697354300005], [86.26290702300008, 25.906973234000077], [86.26255782900006, 25.90684655700005], [86.26216378000004, 25.90665675500003], [86.26168477800007, 25.90651190400007], [86.26146537700004, 25.906398884000055], [86.26102622700006, 25.906412124000042], [86.26065182500008, 25.906497542000068], [86.26028266800006, 25.906393490000028], [86.25998345100004, 25.906235234000064], [86.25956937300003, 25.906076991000077], [86.25929992200008, 25.906076773000052], [86.25903026400005, 25.906252559000052], [86.25897533800008, 25.906293172000062], [86.25792251900003, 25.906174969000062], [86.25766810400006, 25.906116030000078], [86.25734402100005, 25.905849542000055], [86.25708511000005, 25.905253584000036], [86.25676082700005, 25.90514044400004], [86.25633169900004, 25.905113022000023], [86.25530297100005, 25.905947126000058], [86.25318678500008, 25.906279324000025], [86.25247802100006, 25.906405135000057], [86.25121236000007, 25.904616791000024], [86.25011114700004, 25.903099413000064], [86.24871387800005, 25.903111756000044], [86.24753665600008, 25.903354430000036], [86.24638782500006, 25.903387174000045], [86.24529986700009, 25.903261732000033], [86.24432172800005, 25.903149744000075], [86.24338860600005, 25.903222717000062], [86.24219122100004, 25.903444792000073], [86.24121338100008, 25.903671228000064], [86.23966178700005, 25.903902694000067], [86.23843441700006, 25.90411571900006], [86.23751630700008, 25.90420223700005], [86.23694248600003, 25.904243277000035], [86.23644339400005, 25.904175963000057], [86.23654741200005, 25.906653050000045], [86.23821740600005, 25.908234664000076], [86.23918538500004, 25.909410438000066], [86.23973875100006, 25.910534856000027], [86.24022766000007, 25.911704863000068], [86.24032219700007, 25.912272805000043], [86.24026176200005, 25.91280579100004], [86.24006586500008, 25.913244834000068], [86.23996595000006, 25.913836685000035], [86.23984175200007, 25.915096650000066], [86.24007422900007, 25.91663389300004], [86.24062683200003, 25.918259241000044], [86.24194904100005, 25.921197129000063], [86.24252041400007, 25.92326459900005], [86.24286678200008, 25.924101579000023], [86.24305298100006, 25.924280791000058], [86.24326858000006, 25.924401172000046], [86.24359907100006, 25.92453426000003], [86.24382532100003, 25.924722271000064], [86.24405663100003, 25.924928314000056], [86.24433358100003, 25.925219740000045], [86.24527891500009, 25.926052587000072], [86.24639570100004, 25.927087422000056], [86.24691334900007, 25.927508067000076], [86.24755342800006, 25.927796063000073], [86.24762476500007, 25.92782810500006], [86.24785568400006, 25.92798442700007], [86.24798672700007, 25.928141440000047], [86.24806343200004, 25.928357549000054], [86.24809161800005, 25.92874091400006], [86.24826651200004, 25.929353511000045], [86.24835742200008, 25.929479256000036], [86.24855319500006, 25.929604201000075], [86.24894835400005, 25.92970981800005], [86.24950341100003, 25.929827803000023], [86.24993904000007, 25.929996351000057], [86.25011472400007, 25.930112431000055], [86.25030155400003, 25.930368415000032], [86.25048144700008, 25.930980901000055], [86.25061567400007, 25.931503400000054], [86.25053498500006, 25.93200487200005], [86.25018068700007, 25.933194221000065], [86.24993228300008, 25.93392252900003], [86.24987103900008, 25.93434714800003], [86.24992996500004, 25.934829569000044], [86.25019582400006, 25.935576837000042], [86.25033384900007, 25.936541696000063], [86.25118709800006, 25.936513158000025], [86.25155594500006, 25.936447516000044], [86.25170992300008, 25.93635163400006], [86.25175275300006, 25.936112127000058], [86.25169289900003, 25.93552595400007], [86.25174505900009, 25.93520060800006], [86.25197194300006, 25.934874141000023], [86.25234314100004, 25.934506055000043], [86.25311362700006, 25.93412617200005], [86.25388454500006, 25.933804932000044], [86.25414288700006, 25.93365871700007], [86.25428636400005, 25.933508827000026], [86.25449844200006, 25.933200448000036], [86.25506966900008, 25.93228943400004], [86.25519796400005, 25.932112524000047], [86.25535123900005, 25.931944464000026], [86.25565432500008, 25.931784477000065], [86.25751863200009, 25.931487164000032], [86.25866929100005, 25.931212987000038], [86.25919174900008, 25.931019770000034], [86.25952894000005, 25.930760230000033], [86.25995989600005, 25.930373605000057], [86.26041749500007, 25.929021118000037], [86.26049351100005, 25.92797812200007], [86.26054951600008, 25.92752644500007], [86.26061238200003, 25.92728677200006], [86.26077060200004, 25.92710975800003], [86.26107803500008, 25.92687286900008], [86.26190177800004, 25.926312039000038], [86.26387568600006, 25.925422852000054], [86.26525391400008, 25.924921293000068], [86.26565167500007, 25.92474246300003]]]]}}, {"type": "Feature", "properties": {"OBJECTID": 3526, "GPCODE": "92640", "GPNAME_1": "AKBARPUR BENK", "DIST_CEN_C": "13", "BLK_NAME": "BIRAUL", "ST_NAME": "BIHAR", "ST_CODE_1": "10", "GPCODE2011": "95195", "REMARKS": "FINALIZED", "MAP_STATUS": "COMPLETED", "BLK_C_2001": "130013", "BLK_C_2011": "01193", "DIST_NAME": "DARBHANGA", "code2011": 8.0, "Shape_Leng": 0.10915026528, "Shape_Area": 0.00041929571, "Area": 4.65076}, "geometry": {"type": "MultiPolygon", "coordinates": [[[[86.24991017000008, 25.93839478600006], [86.25033384900007, 25.936541696000063], [86.25019582400006, 25.935576837000042], [86.24992996500004, 25.934829569000044], [86.24987103900008, 25.93434714800003], [86.24993228300008, 25.93392252900003], [86.25018068700007, 25.933194221000065], [86.25053498500006, 25.93200487200005], [86.25061567400007, 25.931503400000054], [86.25048144700008, 25.930980901000055], [86.25030155400003, 25.930368415000032], [86.25011472400007, 25.930112431000055], [86.24993904000007, 25.929996351000057], [86.24950341100003, 25.929827803000023], [86.24894835400005, 25.92970981800005], [86.24855319500006, 25.929604201000075], [86.24835742200008, 25.929479256000036], [86.24826651200004, 25.929353511000045], [86.24809161800005, 25.92874091400006], [86.24806343200004, 25.928357549000054], [86.24798672700007, 25.928141440000047], [86.24785568400006, 25.92798442700007], [86.24762476500007, 25.92782810500006], [86.24755342800006, 25.927796063000073], [86.24691334900007, 25.927508067000076], [86.24639570100004, 25.927087422000056], [86.24527891500009, 25.926052587000072], [86.24433358100003, 25.925219740000045], [86.24405663100003, 25.924928314000056], [86.24382532100003, 25.924722271000064], [86.24359907100006, 25.92453426000003], [86.24326858000006, 25.924401172000046], [86.24305298100006, 25.924280791000058], [86.24286678200008, 25.924101579000023], [86.24252041400007, 25.92326459900005], [86.24194904100005, 25.921197129000063], [86.24062683200003, 25.918259241000044], [86.24007422900007, 25.91663389300004], [86.23984175200007, 25.915096650000066], [86.23996595000006, 25.913836685000035], [86.24006586500008, 25.913244834000068], [86.24026176200005, 25.91280579100004], [86.24032219700007, 25.912272805000043], [86.24022766000007, 25.911704863000068], [86.23973875100006, 25.910534856000027], [86.23918538500004, 25.909410438000066], [86.23821740600005, 25.908234664000076], [86.23654741200005, 25.906653050000045], [86.23644339400005, 25.904175963000057], [86.23566475700005, 25.904018631000042], [86.23437734000004, 25.904055639000035], [86.23288536100006, 25.90401167600004], [86.23260489000006, 25.902987376000056], [86.23139423700007, 25.902653547000057], [86.23076779200005, 25.90233279800003], [86.22927675100004, 25.90186005700008], [86.22796622700008, 25.901476229000025], [86.22646960800006, 25.90092227200006], [86.22582513700007, 25.900836334000076], [86.22559578500005, 25.900860425000076], [86.22545655400006, 25.90092005300005], [86.22535774900007, 25.901038019000055], [86.22533896800007, 25.90118704500003], [86.22535055900005, 25.901372063000053], [86.22535286800007, 25.90166087600005], [86.22551524300007, 25.902584829000034], [86.22583378600007, 25.904915840000058], [86.22472610100004, 25.90493231800008], [86.22558852500003, 25.906636879000075], [86.22591882500006, 25.907356752000055], [86.22607528400005, 25.90757226200003], [86.22628101800007, 25.90770632300007], [86.22648128400004, 25.90779519800003], [86.22664227600006, 25.90794302000006], [86.22674370300007, 25.90814092900007], [86.22683132300006, 25.908483336000074], [86.22684441100006, 25.91006271200007], [86.22709434900008, 25.91133367200007], [86.22723096500005, 25.91154933000007], [86.22738205700006, 25.91171532100003], [86.22754773800006, 25.911836062000077], [86.22773299800008, 25.911911538000027], [86.22807304000008, 25.911999425000033], [86.22920160900009, 25.91207759300005], [86.22989186700005, 25.912275978000025], [86.23028246100006, 25.912431278000042], [86.23049338400006, 25.912587873000064], [86.23057946200004, 25.91273620100003], [86.23068221000005, 25.913091999000073], [86.23074968200007, 25.913407396000025], [86.23081831800005, 25.913867245000063], [86.23095094700005, 25.914209321000044], [86.23118406200007, 25.914632011000037], [86.23121144500004, 25.914925160000053], [86.23117849000005, 25.915173570000036], [86.23112471200005, 25.915300328000058], [86.23097702300004, 25.915549462000058], [86.23074067500005, 25.915934668000034], [86.23058928100005, 25.91633286800004], [86.23047619500005, 25.917141384000047], [86.23049026200005, 25.91824246300007], [86.23073960000005, 25.919423091000056], [86.23092081300007, 25.920811815000036], [86.23142250400008, 25.92352962600006], [86.23166564600007, 25.92396121400003], [86.23212672000005, 25.924192798000036], [86.23284749200008, 25.924445114000036], [86.23347826800006, 25.92467100700003], [86.23380369100005, 25.924786083000072], [86.23387022500003, 25.924984278000068], [86.23385201400004, 25.92520097000005], [86.23372441300006, 25.925459062000073], [86.23337702100008, 25.92569611400006], [86.23298455500003, 25.92591535300005], [86.23318132000009, 25.926171236000073], [86.23340303400005, 25.926427041000068], [86.23371061300008, 25.926799500000072], [86.23391728300004, 25.927646508000066], [86.23406186800008, 25.929428090000044], [86.23445354200004, 25.932105985000078], [86.23476665800007, 25.93314636300005], [86.23494401200008, 25.933461039000065], [86.23538061000005, 25.93375142900004], [86.23673799700003, 25.934315301000026], [86.23811588800004, 25.934937741000056], [86.23848835800004, 25.935309708000034], [86.23868532000006, 25.93558362600004], [86.23884290300003, 25.935916495000072], [86.23899025600008, 25.936235961000023], [86.23942506300006, 25.93629617600004], [86.23994999800004, 25.936387314000058], [86.24043013800008, 25.936505847000035], [86.24076119400007, 25.936697674000072], [86.24110793900007, 25.93697055900003], [86.24157076800003, 25.93740069300003], [86.24211956700003, 25.937970033000056], [86.24256147300008, 25.93828284500006], [86.24312670100005, 25.938414445000035], [86.24387208900004, 25.938607889000025], [86.24461406500006, 25.938995418000047], [86.24561863500008, 25.93914641300006], [86.24648789400004, 25.939221693000036], [86.24756126500006, 25.939132866000023], [86.24791448800005, 25.939103592000038], [86.24845825400007, 25.939059212000075], [86.24898055100005, 25.938838963000023], [86.24965118800003, 25.93845979100007], [86.24991017000008, 25.93839478600006]]]]}}, {"type": "Feature", "properties": {"OBJECTID": 3527, "GPCODE": "92652", "GPNAME_1": "MANOR BHAURAM", "DIST_CEN_C": "13", "BLK_NAME": "BIRAUL", "ST_NAME": "BIHAR", "ST_CODE_1": "10", "GPCODE2011": "95207", "REMARKS": "FINALIZED", "MAP_STATUS": "COMPLETED", "BLK_C_2001": "130013", "BLK_C_2011": "01193", "DIST_NAME": "DARBHANGA", "code2011": 19.0, "Shape_Leng": 0.22599535555, "Shape_Area": 0.00091084095, "Area": 10.1028}, "geometry": {"type": "MultiPolygon", "coordinates": [[[[86.11435601200003, 25.94382487300004], [86.11441210300006, 25.942624118000026], [86.11424781300008, 25.940639394000073], [86.11421922500006, 25.939452644000028], [86.11430046800007, 25.938955758000077], [86.11465743100007, 25.938628728000026], [86.11545795500007, 25.938204253000038], [86.11633372000006, 25.937815405000038], [86.11715772300005, 25.937869146000025], [86.11784858000004, 25.938144802000068], [86.11859467100004, 25.938469763000057], [86.11978198900005, 25.939044815000045], [86.12057373600004, 25.940141165000057], [86.12304129100005, 25.94036105400005], [86.12619828500004, 25.939994519000038], [86.12587806300007, 25.93853421700004], [86.12569168500005, 25.93763279600006], [86.12573459800007, 25.93669380800003], [86.12563694500005, 25.936315380000053], [86.12555073300007, 25.936121788000037], [86.12545533300005, 25.93605472300004], [86.12535024900006, 25.936019257000055], [86.12523570600007, 25.93605599400007], [86.12512149000008, 25.93613342200007], [86.12464639800004, 25.93668236600007], [86.12434557200004, 25.93718062000005], [86.12397901300005, 25.937557412000046], [86.12362130100007, 25.937794245000077], [86.12305422200006, 25.93805938500003], [86.12239137200004, 25.938203229000067], [86.12209194400003, 25.938214079000034], [86.12178713700007, 25.938161782000066], [86.12143664900003, 25.938019465000025], [86.12095029000005, 25.937724552000077], [86.11986052500004, 25.936837540000056], [86.11957363400006, 25.936505316000023], [86.11930606900006, 25.93609626400007], [86.11916302300006, 25.935650272000032], [86.11913831200008, 25.935000622000075], [86.11925780300004, 25.934291340000073], [86.11956160200003, 25.93351781100006], [86.12056085500006, 25.93161637000003], [86.12123903000008, 25.93084515700008], [86.12157609500008, 25.930518153000037], [86.12201833300009, 25.930258292000076], [86.12334307700007, 25.929848709000055], [86.12467788100008, 25.92947058200008], [86.12553553100008, 25.92935258500006], [86.12677941800007, 25.929489491000027], [86.12767042800004, 25.92983606000007], [86.12884816400003, 25.93048785700006], [86.13029674500007, 25.92996006800007], [86.13124731000005, 25.929593234000038], [86.13143092400009, 25.929438658000038], [86.13150441200008, 25.929262264000045], [86.13148774000007, 25.929036652000036], [86.13134431000003, 25.928541137000025], [86.13059350500004, 25.926244094000026], [86.13030404800008, 25.925568946000055], [86.13006594300003, 25.924433159000046], [86.12977377000004, 25.92272005600006], [86.12967924500003, 25.922097828000062], [86.12940168600005, 25.921684303000063], [86.12891380200006, 25.921172780000063], [86.12782937900005, 25.920985322000035], [86.12676919500007, 25.92069836400003], [86.12569293800004, 25.920276195000042], [86.12455553300003, 25.919660269000076], [86.12227863900006, 25.918848137000055], [86.12218768000008, 25.918695249000052], [86.12213753300006, 25.91798700700008], [86.12217301200008, 25.916696047000073], [86.12202442500006, 25.91550561300005], [86.12167075500008, 25.914230504000045], [86.12156105500009, 25.914244762000067], [86.12134632700008, 25.914236996000056], [86.12126116200005, 25.914183339000033], [86.12120062900004, 25.91409344300007], [86.12109954700009, 25.913922625000055], [86.12103354700008, 25.913774096000054], [86.12095804800003, 25.91368423600005], [86.12084747800003, 25.913576598000077], [86.12062690900007, 25.913451551000037], [86.11987186400006, 25.913253025000074], [86.11904677600006, 25.913018753000074], [86.11825586500004, 25.912703106000038], [86.11698201500008, 25.91253020100004], [86.11604871400004, 25.913203682000074], [86.11472057200007, 25.91379375500003], [86.11366536200006, 25.914174642000035], [86.11280778900004, 25.91428806400006], [86.11169955700007, 25.914254026000037], [86.11111717500006, 25.913770103000047], [86.11018540000003, 25.913283680000063], [86.10917750800007, 25.912626277000072], [86.10832176200006, 25.91230640200007], [86.10813176600004, 25.912257956000076], [86.10791728400005, 25.91226369900005], [86.10765302200008, 25.912305837000076], [86.10729461200003, 25.912425341000073], [86.10674191300006, 25.912600076000047], [86.10627318700006, 25.912661558000025], [86.10559890900004, 25.912575279000066], [86.10497390000006, 25.912416432000043], [86.10462827600008, 25.91223345900005], [86.10300727900005, 25.910734113000046], [86.10244830700003, 25.911266580000074], [86.10188929100008, 25.91185770800007], [86.10122036800004, 25.912475888000074], [86.10070632900005, 25.912913573000026], [86.10046425700006, 25.913051203000066], [86.10046425800004, 25.913051250000024], [86.10050068600003, 25.914965513000027], [86.10061686100005, 25.915154353000048], [86.10089261400003, 25.915324233000035], [86.10135759400004, 25.915447834000076], [86.10179312900004, 25.91563484200003], [86.10196366100007, 25.91574668100003], [86.10217446400009, 25.91591689300003], [86.10242100400006, 25.916195294000033], [86.10265391100006, 25.916658779000045], [86.10282764100003, 25.917221833000042], [86.10292522900005, 25.91760488400007], [86.10306684600005, 25.917861242000072], [86.10351522800005, 25.918449813000052], [86.10441643100006, 25.91953661900004], [86.10487392300007, 25.919994243000076], [86.10513026000007, 25.920240944000057], [86.10527173700007, 25.920479347000025], [86.10536968600007, 25.920916440000042], [86.10555544300007, 25.92176385600004], [86.10587661600005, 25.922687093000036], [86.10609991200005, 25.923200218000034], [86.10614364300005, 25.92372342300007], [86.10608003300007, 25.924594797000054], [86.10591860400007, 25.925042520000034], [86.10254945000008, 25.922941383000023], [86.10184990700003, 25.922832594000056], [86.10157558300006, 25.92285227600007], [86.10134689400007, 25.92298905900003], [86.10121852900005, 25.92317928400007], [86.10107671400004, 25.923581845000058], [86.10120888500006, 25.924610020000046], [86.10179293100003, 25.926705042000037], [86.10231228700007, 25.928123609000068], [86.10231695600004, 25.928773403000037], [86.10227590300008, 25.929310703000056], [86.10217300100004, 25.929577562000077], [86.10196523000008, 25.92984503100007], [86.10150220000008, 25.93000121700004], [86.10078446400007, 25.930136254000047], [86.09697037800004, 25.930045825000036], [86.09494889500007, 25.930039497000053], [86.09406174700007, 25.930216220000034], [86.09332462200007, 25.930450609000047], [86.09296598500003, 25.93054752300003], [86.09271144800005, 25.93054901000005], [86.09248133700004, 25.930473565000057], [86.09228888100006, 25.930091092000055], [86.09119934300008, 25.928477284000053], [86.08975485500008, 25.926089329000035], [86.08855704300004, 25.923979682000038], [86.08678944800005, 25.92316407000004], [86.08537119200008, 25.922350902000062], [86.08523036100007, 25.922189169000035], [86.08515955200005, 25.922054261000028], [86.08500927900008, 25.921978356000068], [86.08474494600006, 25.92200249900003], [86.08460017200008, 25.922003276000055], [86.08435529500008, 25.921955103000073], [86.08333389700005, 25.92078760800007], [86.08297889000005, 25.91998177800008], [86.08239566700007, 25.917954343000076], [86.08202920600007, 25.916236979000075], [86.08101411100006, 25.91266076200003], [86.08059473300005, 25.91307129100005], [86.08022032700006, 25.913351042000045], [86.07989588300006, 25.913463722000074], [86.07963147300006, 25.913364366000053], [86.07939700100007, 25.913070909000055], [86.07924257800005, 25.91235328700003], [86.07922778100004, 25.911874898000065], [86.07911825500008, 25.911270083000034], [86.07897873100006, 25.910719392000033], [86.07878928300005, 25.91027259400005], [86.07861219300008, 25.910073917000034], [86.07843509900005, 25.909875234000026], [86.07814073600008, 25.90964949800008], [86.07781138800004, 25.90963583200005], [86.07751691300007, 25.909834364000062], [86.07722226800007, 25.910398413000053], [86.07686244400008, 25.911508526000034], [86.07665760700007, 25.91218998200003], [86.07650260700007, 25.91300680100005], [86.07640730600008, 25.91399064500007], [86.07618742900007, 25.914960931000053], [86.07587256500005, 25.915863460000025], [86.07555798500005, 25.916404981000028], [86.07550302500005, 25.916535776000046], [86.07524836000005, 25.91689676200008], [86.07487888300005, 25.917438213000025], [86.07629056400003, 25.918481128000053], [86.07689535900005, 25.919326126000044], [86.07750413900004, 25.920017634000033], [86.07811151700008, 25.92051967200007], [86.07844827400004, 25.92086070700003], [86.07870665200005, 25.921400770000048], [86.07900449700008, 25.921886524000058], [86.07928124700004, 25.92220982400005], [86.07971758800005, 25.92251418400008], [86.08045493000003, 25.923029004000057], [86.08084693400008, 25.923428380000075], [86.08109342900008, 25.92370230100005], [86.08129533400006, 25.924017009000067], [86.08161395400003, 25.92461540100004], [86.08222311800006, 25.925356512000064], [86.08353448000008, 25.926590039000075], [86.08522206600009, 25.928087704000063], [86.08611690500004, 25.928998593000074], [86.08632999500009, 25.929489302000036], [86.08782636100005, 25.930049289000067], [86.08896562100006, 25.930931728000076], [86.08960658400008, 25.931920854000055], [86.08965027800008, 25.932453176000024], [86.08956828200007, 25.932855317000076], [86.08944590700008, 25.933198994000065], [86.08930002700004, 25.933736886000077], [86.08932473500005, 25.93440458500004], [86.08958700800008, 25.935490753000067], [86.09020604300008, 25.93690867300006], [86.09208743400006, 25.93684365200005], [86.09295101800006, 25.93685665000004], [86.09333158200008, 25.93702594000007], [86.09369280600004, 25.937272053000072], [86.09454682400008, 25.938733805000027], [86.09648754400007, 25.942084599000054], [86.09828662200005, 25.945142816000043], [86.09850213200008, 25.945267908000062], [86.09873793200006, 25.945438065000076], [86.09897384200008, 25.945612638000057], [86.09919414200004, 25.945701625000027], [86.09938914900005, 25.945741046000023], [86.09960883100007, 25.94575334700005], [86.09974847300003, 25.945729921000066], [86.09988297700005, 25.94568855400007], [86.09997231900007, 25.94562934100003], [86.10015603200009, 25.945488339000065], [86.10050620900006, 25.944899616000043], [86.10125372500005, 25.943329306000066], [86.10181872500004, 25.942770841000026], [86.10217734400004, 25.942655952000052], [86.10247214000003, 25.942694867000057], [86.10283260800009, 25.94284162300005], [86.10329881100006, 25.94310966100005], [86.10475819400006, 25.944048783000028], [86.10529040200004, 25.94446534800005], [86.10564808200007, 25.944919050000067], [86.10601326600005, 25.945720188000053], [86.10637620600005, 25.94619633600007], [86.10669829200003, 25.946555473000046], [86.10728961700005, 25.946876979000024], [86.10830906400008, 25.947710286000074], [86.10888221300007, 25.948261986000034], [86.10913746200004, 25.948355207000077], [86.10941163500007, 25.94829942100006], [86.10980953900008, 25.948103040000035], [86.11201657000004, 25.946812742000077], [86.11350692100007, 25.945815577000076], [86.11410907300007, 25.944877855000072], [86.11435601200003, 25.94382487300004]]]]}}, {"type": "Feature", "properties": {"OBJECTID": 3528, "GPCODE": "92658", "GPNAME_1": "RAMNAGAR", "DIST_CEN_C": "13", "BLK_NAME": "BIRAUL", "ST_NAME": "BIHAR", "ST_CODE_1": "10", "GPCODE2011": "95213", "REMARKS": "FINALIZED", "MAP_STATUS": "COMPLETED", "BLK_C_2001": "130013", "BLK_C_2011": "01193", "DIST_NAME": "DARBHANGA", "code2011": 11.0, "Shape_Leng": 0.1209567009, "Shape_Area": 0.00048392404, "Area": 5.36705}, "geometry": {"type": "MultiPolygon", "coordinates": [[[[86.15809648200008, 25.94987077600007], [86.15908684300007, 25.948817602000076], [86.16085321700007, 25.95000690100005], [86.16314218200006, 25.95099435900005], [86.16595182400005, 25.951509099000077], [86.16635074600003, 25.95081164800007], [86.16649557500006, 25.949524558000064], [86.16678097500005, 25.94899027300005], [86.16730171800003, 25.948553677000064], [86.16789861600006, 25.94826564600004], [86.16839533600006, 25.947955611000054], [86.16882625800008, 25.947519620000037], [86.16899742700008, 25.94705818500006], [86.16901631200005, 25.94563204600007], [86.17075817000006, 25.944953119000047], [86.17065502800006, 25.944529533000036], [86.17032580200004, 25.943272541000056], [86.17017257800006, 25.942822205000027], [86.17000679400007, 25.942696897000076], [86.16990164800006, 25.942647926000063], [86.16849925800005, 25.942697491000047], [86.16845098900006, 25.941623680000077], [86.16838380200005, 25.941321794000032], [86.16826285000008, 25.94117362000003], [86.16805768700004, 25.94111626800003], [86.16649026200008, 25.941108073000066], [86.16655885300008, 25.942235874000062], [86.16645374900008, 25.942845814000066], [86.16634502600004, 25.942977390000067], [86.16616071200008, 25.943037179000044], [86.16524737500004, 25.943051973000024], [86.16346588700009, 25.943135470000072], [86.16262653900003, 25.94304592700007], [86.16232122100007, 25.94293957800005], [86.16211064300006, 25.942814562000024], [86.16198966800005, 25.942657359000066], [86.16193096400008, 25.942174820000048], [86.16197997900008, 25.941407324000068], [86.16215175300005, 25.941031701000043], [86.16244423200004, 25.94076356100004], [86.16296632400008, 25.940494069000067], [86.16356221000007, 25.94009318800005], [86.16399861000008, 25.93971583700005], [86.16475338100008, 25.939205611000034], [86.16525433000004, 25.938796324000066], [86.16622532400004, 25.937842488000058], [86.16678841500004, 25.93707627300006], [86.16707106100006, 25.93682628600004], [86.16698830300004, 25.934525235000024], [86.16670655300004, 25.933597328000076], [86.16673555100004, 25.93282094700004], [86.16699297100007, 25.931257892000076], [86.16716024100003, 25.930300045000024], [86.16710342500005, 25.93005226400004], [86.16698266100008, 25.929926644000034], [86.16661111600007, 25.929644636000035], [86.16644511700008, 25.929478720000077], [86.16637779600006, 25.92916329800005], [86.16653604700008, 25.928340907000063], [86.16666804500005, 25.927338225000028], [86.16667214300008, 25.92657553600003], [86.16658454100008, 25.926224079000065], [86.16647318900004, 25.926017228000035], [86.16608046600004, 25.92557738100004], [86.16549484700005, 25.92471463700008], [86.16543577300007, 25.924182469000073], [86.16561746200006, 25.92379778700007], [86.16594425900007, 25.923452760000032], [86.16573360100006, 25.92267785100006], [86.16555321400006, 25.921943369000076], [86.16562943200006, 25.921469020000075], [86.16569247900009, 25.921229476000065], [86.16583102600003, 25.92107065500005], [86.16603944200006, 25.920920394000063], [86.16624288300005, 25.920774659000074], [86.16649630300003, 25.91997879300004], [86.16584605300005, 25.91979337300006], [86.16531088000005, 25.919647876000056], [86.16494110000008, 25.91958248800006], [86.16451171200004, 25.919562650000046], [86.16404279300008, 25.919597146000058], [86.16347945000007, 25.919677465000063], [86.16296702800008, 25.91988828800004], [86.16226120800007, 25.920267280000076], [86.16152010300004, 25.920596923000062], [86.16062679800007, 25.921243305000075], [86.15934634800004, 25.922185510000077], [86.15872099700005, 25.922645291000038], [86.15834823400007, 25.922855178000077], [86.15802473100007, 25.922965498000053], [86.15769574400008, 25.923017187000028], [86.15669834100004, 25.923122748000026], [86.15690776400004, 25.923753222000073], [86.15638980300008, 25.923896369000033], [86.15424227200003, 25.92436556100006], [86.15211318900003, 25.92465413700006], [86.15001904500008, 25.924919846000023], [86.14956044700006, 25.92500398800007], [86.14934670800005, 25.92512257100003], [86.14919333000006, 25.925299551000023], [86.14915551500007, 25.925575111000057], [86.14924412000005, 25.926066423000066], [86.14994751800003, 25.92733926300008], [86.15045689500005, 25.928685424000037], [86.15047976900007, 25.929059796000047], [86.15048192300009, 25.929353116000073], [86.15026988900007, 25.929688417000023], [86.14990376000009, 25.93010587200007], [86.14887953400006, 25.930635694000046], [86.14948641800004, 25.932996724000077], [86.14968228200007, 25.93446218100007], [86.15036837400004, 25.937386806000063], [86.15054857700005, 25.938757562000035], [86.15086406400007, 25.94020880200003], [86.15137262300004, 25.944059586000037], [86.15172901700004, 25.946932101000073], [86.15191284700006, 25.948122298000044], [86.15196754600004, 25.949403606000033], [86.15169226700004, 25.951278210000055], [86.15165210800006, 25.95190573600007], [86.15148120300006, 25.95240774900003], [86.15092524200008, 25.95348073400004], [86.15077721200004, 25.954357110000046], [86.15086489300006, 25.955381007000028], [86.15206699100008, 25.955897033000042], [86.15315103700004, 25.955989585000054], [86.15451831900003, 25.955899834000036], [86.15635565200006, 25.955265565000047], [86.15702698500007, 25.954927395000027], [86.15709090700005, 25.954791613000054], [86.15708934700007, 25.954593036000063], [86.15704238600006, 25.95433611800007], [86.15692929100004, 25.95390813100005], [86.15694912700008, 25.953240058000063], [86.15711380900007, 25.95192125600005], [86.15738561600006, 25.950917681000078], [86.15809648200008, 25.94987077600007]]]]}}, {"type": "Feature", "properties": {"OBJECTID": 3529, "GPCODE": "92644", "GPNAME_1": "BIRAUL", "DIST_CEN_C": "13", "BLK_NAME": "BIRAUL", "ST_NAME": "BIHAR", "ST_CODE_1": "10", "GPCODE2011": "95199", "REMARKS": "FINALIZED", "MAP_STATUS": "COMPLETED", "BLK_C_2001": "130013", "BLK_C_2011": "01193", "DIST_NAME": "DARBHANGA", "code2011": 19.0, "Shape_Leng": 0.1540372367, "Shape_Area": 0.00109716708, "Area": 12.1674}, "geometry": {"type": "MultiPolygon", "coordinates": [[[[86.26651300200007, 25.95644324400007], [86.26695231400004, 25.956440120000025], [86.26814653700006, 25.95655810900007], [86.26817975400007, 25.956363837000026], [86.26831324000005, 25.956209457000057], [86.26863127900003, 25.956035770000028], [86.27096989900008, 25.955130284000063], [86.27271614900008, 25.95443197900005], [86.27393519900005, 25.953958602000057], [86.27467356400007, 25.95389920300005], [86.27521376400006, 25.95401272600003], [86.27577378400008, 25.954117067000027], [86.27614785000009, 25.954073814000026], [86.27628693900004, 25.95399609900005], [86.27642060800008, 25.953864268000075], [86.27645255900006, 25.953516523000076], [86.27625800800007, 25.95296737800004], [86.27613470900008, 25.952557554000066], [86.27615650700005, 25.95219189100004], [86.27623552000006, 25.952092008000022], [86.27644009900007, 25.95209057900007], [86.27700486900005, 25.952163320000068], [86.27803479000005, 25.952327456000035], [86.27842904600004, 25.95231570800007], [86.27866788800009, 25.952228260000027], [86.27877147400005, 25.952087600000027], [86.27881992000005, 25.951911221000046], [86.27862913400008, 25.95121761400003], [86.27851647800009, 25.950893563000022], [86.27853979800005, 25.950699317000044], [86.27864890500007, 25.950612771000067], [86.27900767600005, 25.950542590000055], [86.27944636100005, 25.950467253000056], [86.27964027400003, 25.950375629000064], [86.27970855500007, 25.950194581000062], [86.27977642900004, 25.949964003000048], [86.27975291400008, 25.949553473000037], [86.27989105200004, 25.949372003000065], [86.28028484600009, 25.949301512000034], [86.28337144200003, 25.94946453700004], [86.28425497400008, 25.94944924200007], [86.28494766600005, 25.94931335600006], [86.28541056000006, 25.94916113800008], [86.28596451400006, 25.949134637000043], [86.28675351200008, 25.949160534000043], [86.28790109300007, 25.949098183000046], [86.28952124300008, 25.948838352000053], [86.29284842200008, 25.947970601000065], [86.29453415100005, 25.947786993000022], [86.29497768600004, 25.947707086000037], [86.29522628600006, 25.947596931000078], [86.29541380000006, 25.94734741700006], [86.29545672200004, 25.946557349000045], [86.29530330400007, 25.94557472500003], [86.29524129500004, 25.945340455000064], [86.29527480700006, 25.945177750000028], [86.29540821000006, 25.945014322000077], [86.29557178700009, 25.944882276000044], [86.29578565700007, 25.94479498100003], [86.29596444200007, 25.94469446100004], [86.29603840500005, 25.944585562000043], [86.29603705100004, 25.94443669800006], [86.29586505900005, 25.944176207000055], [86.29557788800008, 25.943889427000045], [86.29547634900007, 25.943696171000056], [86.29542983100004, 25.943511467000064], [86.29546358000005, 25.943380340000033], [86.29560716000003, 25.94323943200004], [86.29582106500004, 25.943161161000035], [86.29631934600008, 25.94305371100006], [86.29656774000006, 25.942921089000038], [86.29676080900003, 25.94273461800003], [86.29681365900007, 25.94249957200003], [86.29677522600008, 25.942111839000063], [86.29670316200009, 25.941859648000047], [86.29678500600005, 25.941525072000047], [86.29703239800006, 25.94127958000007], [86.29710554200005, 25.94107594700006], [86.29708899700006, 25.940900069000065], [86.29702733200008, 25.940697465000028], [86.29686019300004, 25.940427937000038], [86.29635290400006, 25.94007509200003], [86.29589590900008, 25.93976699800004], [86.29571438500005, 25.939560766000056], [86.29553184300005, 25.939237154000068], [86.29548303200005, 25.938804252000068], [86.29589592900004, 25.93694205500003], [86.29606788200005, 25.93606525900003], [86.29597374100007, 25.93501447500006], [86.29557308900007, 25.934308918000056], [86.29463058100004, 25.93327778500003], [86.29431580800008, 25.932675307000068], [86.29420250900006, 25.932278993000068], [86.29409263000008, 25.93170672900004], [86.29430786000006, 25.930640121000067], [86.29481236300006, 25.929553439000074], [86.29499630400005, 25.928906763000043], [86.29502957500006, 25.928712476000044], [86.29442184500004, 25.928288166000073], [86.29430874800005, 25.92791440600007], [86.29426032800006, 25.927522191000037], [86.29419250800004, 25.927188689000047], [86.29406047000003, 25.92693238000004], [86.29370903200004, 25.926700319000076], [86.29331804100008, 25.92650457700006], [86.29322629100005, 25.926288543000055], [86.29313915800003, 25.926031984000076], [86.29309028400007, 25.925581029000057], [86.29261896000008, 25.925336221000066], [86.29235851200008, 25.925238809000064], [86.29209375700003, 25.925204656000062], [86.29187940100007, 25.925242328000024], [86.29124861100007, 25.925585271000045], [86.29023012500005, 25.92612060600004], [86.28956171500005, 25.926739140000052], [86.28875921200006, 25.92743077700004], [86.28785140500008, 25.928069101000062], [86.28718038300008, 25.92838979800007], [86.28637335400003, 25.928571575000035], [86.28563250300004, 25.928897294000024], [86.28498156500007, 25.92922684000007], [86.28422114500006, 25.92959782400004], [86.28378969000005, 25.929921270000023], [86.28265575400007, 25.93095825100005], [86.28204151400007, 25.931495176000055], [86.28176825800006, 25.931646], [86.28140934900006, 25.93169372500006], [86.28086544900003, 25.931720176000056], [86.28039605000004, 25.931691863000026], [86.27977996800007, 25.931452578000062], [86.27831747600004, 25.93087176100005], [86.27745907300005, 25.930313824000052], [86.27683000600007, 25.92971799700007], [86.27605628700007, 25.92856372700004], [86.27564901800008, 25.928219126000045], [86.27538355100006, 25.928112679000037], [86.27507854700008, 25.928047149000065], [86.27481887400006, 25.92803551000003], [86.27448013700007, 25.92811003500003], [86.27395806600003, 25.928339391000065], [86.27346062300006, 25.928541505000055], [86.27299242900006, 25.92865310700006], [86.27230329600008, 25.928617321000047], [86.27088941700003, 25.928451302000042], [86.26866125800007, 25.928218773000026], [86.26834690100009, 25.928230046000067], [86.26818286900004, 25.928303326000048], [86.26801930300007, 25.928439857000058], [86.26766225900008, 25.928717714000072], [86.26750801200006, 25.92876840400004], [86.26733326500005, 25.92876061000004], [86.26718254800005, 25.92865339900004], [86.26668321000005, 25.928047614000036], [86.26658493200006, 25.92764220400005], [86.26657105600003, 25.927186522000056], [86.26663884400006, 25.926360183000043], [86.26658812100004, 25.925683572000025], [86.26634258800004, 25.92499490700004], [86.26614616400008, 25.924788689000025], [86.26600075200008, 25.924708431000056], [86.26586079500004, 25.924691408000058], [86.26565167500007, 25.92474246300003], [86.26525391400008, 25.924921293000068], [86.26387568600006, 25.925422852000054], [86.26190177800004, 25.926312039000038], [86.26107803500008, 25.92687286900008], [86.26077060200004, 25.92710975800003], [86.26061238200003, 25.92728677200006], [86.26054951600008, 25.92752644500007], [86.26049351100005, 25.92797812200007], [86.26041749500007, 25.929021118000037], [86.25995989600005, 25.930373605000057], [86.25952894000005, 25.930760230000033], [86.25919174900008, 25.931019770000034], [86.25866929100005, 25.931212987000038], [86.25751863200009, 25.931487164000032], [86.25565432500008, 25.931784477000065], [86.25535123900005, 25.931944464000026], [86.25519796400005, 25.932112524000047], [86.25506966900008, 25.93228943400004], [86.25449844200006, 25.933200448000036], [86.25428636400005, 25.933508827000026], [86.25414288700006, 25.93365871700007], [86.25388454500006, 25.933804932000044], [86.25311362700006, 25.93412617200005], [86.25234314100004, 25.934506055000043], [86.25197194300006, 25.934874141000023], [86.25174505900009, 25.93520060800006], [86.25169289900003, 25.93552595400007], [86.25175275300006, 25.936112127000058], [86.25170992300008, 25.93635163400006], [86.25155594500006, 25.936447516000044], [86.25118709800006, 25.936513158000025], [86.25033384900007, 25.936541696000063], [86.24991017000008, 25.93839478600006], [86.24967476500007, 25.941253075000077], [86.24967817800007, 25.94342819900004], [86.24956573100008, 25.943704204000028], [86.24950398000004, 25.94407920200007], [86.24928684600008, 25.944378563000043], [86.24893906800008, 25.944575048000047], [86.24844198100004, 25.94481758300003], [86.24803050000008, 25.945154394000042], [86.24756575400005, 25.945754978000025], [86.24744775000005, 25.945907522000027], [86.24630494300004, 25.947129396000037], [86.24653404200006, 25.94707360900003], [86.24671399300007, 25.947103965000053], [86.24702545700006, 25.947327508000058], [86.24752262500004, 25.948267181000062], [86.24756751000007, 25.94832662300007], [86.24804253300005, 25.948954064000077], [86.24967858900004, 25.951740741000037], [86.25138895800006, 25.95504133600008], [86.25173640200006, 25.95539539500004], [86.25231961300005, 25.95584958300003], [86.25233951500007, 25.95586508200006], [86.25312144500003, 25.95622969200008], [86.25418586800004, 25.956362209000076], [86.25615756600007, 25.956317007000052], [86.25892817500005, 25.95629769900006], [86.25991538600005, 25.956146408000052], [86.26013964700007, 25.956099728000027], [86.26037926100008, 25.956098018000034], [86.26061945800006, 25.956164064000063], [86.26099576800004, 25.955791431000023], [86.26134436600006, 25.955694165000068], [86.26184508500006, 25.955866695000054], [86.26248127000008, 25.956119516000058], [86.26296220400008, 25.956310151000025], [86.26348924900003, 25.956644899000025], [86.26410029800007, 25.95687533200004], [86.26466500400005, 25.95692997900005], [86.26536199800006, 25.956708547000062], [86.26594992900004, 25.956564530000037], [86.26651300200007, 25.95644324400007]]]]}}, {"type": "Feature", "properties": {"OBJECTID": 3534, "GPCODE": "92663", "GPNAME_1": "SUPAUL", "DIST_CEN_C": "13", "BLK_NAME": "BIRAUL", "ST_NAME": "BIHAR", "ST_CODE_1": "10", "GPCODE2011": "95218", "REMARKS": "FINALIZED", "MAP_STATUS": "COMPLETED", "BLK_C_2001": "130013", "BLK_C_2011": "01193", "DIST_NAME": "DARBHANGA", "code2011": 4.0, "Shape_Leng": 0.0300683951, "Shape_Area": 5.348164e-05, "Area": 0.593012}, "geometry": {"type": "MultiPolygon", "coordinates": [[[[86.26849633600006, 25.963550404000046], [86.26864984900004, 25.963409494000075], [86.26876734200005, 25.963128854000047], [86.26866606600004, 25.96123415200003], [86.26819861300004, 25.958552417000078], [86.26815007200008, 25.95697321700004], [86.26814653700006, 25.95655810900007], [86.26695231400004, 25.956440120000025], [86.26651300200007, 25.95644324400007], [86.26594992900004, 25.956564530000037], [86.26536199800006, 25.956708547000062], [86.26466500400005, 25.95692997900005], [86.26410029800007, 25.95687533200004], [86.26348924900003, 25.956644899000025], [86.26296220400008, 25.956310151000025], [86.26248127000008, 25.956119516000058], [86.26184508500006, 25.955866695000054], [86.26134436600006, 25.955694165000068], [86.26099576800004, 25.955791431000023], [86.26061945800006, 25.956164064000063], [86.26080993000005, 25.95624850100006], [86.26098109600008, 25.956418808000024], [86.26105304200007, 25.95665747700008], [86.26092844400006, 25.95843187500003], [86.26118382300007, 25.962022175000072], [86.26147015000004, 25.963392061000036], [86.26164303000007, 25.963756430000046], [86.26180918000006, 25.96391772800007], [86.26201449500007, 25.963993002000052], [86.26228915900003, 25.96399107800005], [86.26269172400004, 25.96378518100005], [86.26301514900007, 25.96365208800006], [86.26340918900007, 25.963604196000063], [86.26570702600003, 25.963741554000023], [86.26704461500003, 25.963687006000043], [86.26805319600004, 25.963693483000043], [86.26830736700003, 25.96363748500005], [86.26849633600006, 25.963550404000046]]]]}}, {"type": "Feature", "properties": {"OBJECTID": 3545, "GPCODE": "92648", "GPNAME_1": "ITWA SHIV NAGAR", "DIST_CEN_C": "13", "BLK_NAME": "BIRAUL", "ST_NAME": "BIHAR", "ST_CODE_1": "10", "GPCODE2011": "95203", "REMARKS": "FINALIZED", "MAP_STATUS": "COMPLETED", "BLK_C_2001": "130013", "BLK_C_2011": "01193", "DIST_NAME": "DARBHANGA", "code2011": 10.0, "Shape_Leng": 0.134960012, "Shape_Area": 0.0005723072, "Area": 6.34482}, "geometry": {"type": "MultiPolygon", "coordinates": [[[[86.13243016700005, 26.00042912400005], [86.13255290300003, 26.00040899800007], [86.13623105400006, 25.99980570300005], [86.14130718300004, 25.998741022000047], [86.14378215000005, 25.998450440000056], [86.14500280800007, 25.99807290900003], [86.14556524200003, 25.997816642000032], [86.14586755500005, 25.997512433000054], [86.14599481700003, 25.997164204000057], [86.14596725000007, 25.996821345000058], [86.14563087100004, 25.996593252000025], [86.14532374000004, 25.996270260000074], [86.14509124000006, 25.99590168700007], [86.14438294600006, 25.990084455000044], [86.14420745500007, 25.987359774000026], [86.14410244100003, 25.986678965000067], [86.14389440100007, 25.986242568000023], [86.14315176400004, 25.98576426300008], [86.14031089100007, 25.98518154100003], [86.13901138600005, 25.985027027000058], [86.13872610800007, 25.984938536000072], [86.13841970700008, 25.984705747000078], [86.13805679700005, 25.984247726000035], [86.13777381000006, 25.983811695000043], [86.13744274500004, 25.983606121000037], [86.13693335700003, 25.983609242000057], [86.13667268400008, 25.983470972000077], [86.13636077200005, 25.982502613000065], [86.13589035500007, 25.981029774000035], [86.13503734300008, 25.979811982000058], [86.13443551300008, 25.978791216000047], [86.13424994800005, 25.97669393700005], [86.13649246100005, 25.976761434000025], [86.13832567500003, 25.97684493400004], [86.13874874900006, 25.976670884000043], [86.13950365500006, 25.976133728000036], [86.14068068900008, 25.975287087000027], [86.14229708900007, 25.974437755000054], [86.14349530100003, 25.973762461000035], [86.14431066300006, 25.973288093000065], [86.14483812800006, 25.973054655000055], [86.14521696900005, 25.97297561700003], [86.14568145600003, 25.97299081400007], [86.14612061300005, 25.97295194000003], [86.14637420000008, 25.972815036000043], [86.14664578400004, 25.97241165300005], [86.14691373700003, 25.97153452200007], [86.14709477100007, 25.970387131000052], [86.14596832300003, 25.969997008000064], [86.14473390000006, 25.96951712300006], [86.14382007400008, 25.96916187100004], [86.14281853200004, 25.968779876000042], [86.14148764700008, 25.96840450600007], [86.14034298800004, 25.968240035000065], [86.14018732600005, 25.96812820400004], [86.14010143200005, 25.967984339000054], [86.13995903600005, 25.96765124800004], [86.13980295900006, 25.967471656000043], [86.13961239200006, 25.967369028000064], [86.13931251300005, 25.967321266000056], [86.13900818400003, 25.96735020400007], [86.13857965100004, 25.96746111500005], [86.13796089900006, 25.967514596000058], [86.13732630300007, 25.96745082600006], [86.13694682800008, 25.967453068000054], [86.13658827700004, 25.967568123000035], [86.13616975100007, 25.967688026000076], [86.13581042400006, 25.967717282000024], [86.13557526100004, 25.96765103200005], [86.13529960700004, 25.96749925900008], [86.13501324700007, 25.967275434000044], [86.13466606200006, 25.96691200300006], [86.13431495700007, 25.96669754100003], [86.13387487500006, 25.966596352000067], [86.13285065200006, 25.96650784600007], [86.13219679700006, 25.966538928000034], [86.13220900600004, 25.968177079000043], [86.13205071000004, 25.969712353000034], [86.13159100800004, 25.971001365000063], [86.13070791600006, 25.972428317000038], [86.12826909400007, 25.973472050000055], [86.12675145600008, 25.973521799000025], [86.12582928100005, 25.973721429000022], [86.12517657400008, 25.973910458000034], [86.12493866500006, 25.974155558000064], [86.12491093600005, 25.974453633000053], [86.12497920900006, 25.974908996000067], [86.12511024500003, 25.975747556000044], [86.12501935200004, 25.97628063600007], [86.12463824500009, 25.976734236000027], [86.12348982500004, 25.977413590000026], [86.12236859900008, 25.977718175000064], [86.12109205900003, 25.977960524000025], [86.11969039600007, 25.97815399800004], [86.11864833700008, 25.978367869000067], [86.11817955500004, 25.978456450000067], [86.11809072800008, 25.97859236100004], [86.11812289500006, 25.978899039000055], [86.11826075700003, 25.979299824000066], [86.11862924900004, 25.979848193000066], [86.11886682000005, 25.980243956000038], [86.11911447400007, 25.98063959900003], [86.11966458100005, 25.981430481000075], [86.11980990600006, 25.982183298000052], [86.11995431000008, 25.982796178000058], [86.12009048100003, 25.983657280000045], [86.12038634700008, 25.98450851700005], [86.12055606000007, 25.985170865000043], [86.12081631700005, 25.985931965000077], [86.12105543200005, 25.986535228000037], [86.12234705200007, 25.987642108000045], [86.12266615200008, 25.98824940800006], [86.12281906800007, 25.988668197000038], [86.12286716600005, 25.98977356300003], [86.12293507600003, 25.990174789000037], [86.12308651500007, 25.990404028000057], [86.12344726100008, 25.990555331000053], [86.12511675100006, 25.990770850000047], [86.12613235800006, 25.991012984000065], [86.12676379500004, 25.991311474000042], [86.12689044100006, 25.991558905000034], [86.12699861000004, 25.99199602500005], [86.12704226800008, 25.992492131000063], [86.12694261500008, 25.99319674000003], [86.12665629400004, 25.99432676400005], [86.12636882400005, 25.995280668000078], [86.12628983800005, 25.99608446900004], [86.12625858300004, 25.99724893800004], [86.12609643000008, 25.99827885700006], [86.12578768400004, 25.999070509000035], [86.12521942500007, 26.000408857000025], [86.12508077200005, 26.000735505000023], [86.12483374500005, 26.001765901000056], [86.12439975000007, 26.002513204000024], [86.12370430200008, 26.00369520600003], [86.12750126200007, 26.00317584800007], [86.12889265400008, 26.002901133000023], [86.13026772300003, 26.00177810200006], [86.13031954200005, 26.001362595000046], [86.13049195800005, 26.001041152000028], [86.13084904900006, 26.000714008000045], [86.13140704500006, 26.00052555900004], [86.13243016700005, 26.00042912400005]]]]}}, {"type": "Feature", "properties": {"OBJECTID": 3549, "GPCODE": "92656", "GPNAME_1": "POKHRAM \u00a0NORTH \u00a0\u00a0", "DIST_CEN_C": "13", "BLK_NAME": "BIRAUL", "ST_NAME": "BIHAR", "ST_CODE_1": "10", "GPCODE2011": "95211", "REMARKS": "FINALIZED", "MAP_STATUS": "COMPLETED", "BLK_C_2001": "130013", "BLK_C_2011": "01193", "DIST_NAME": "DARBHANGA", "code2011": 15.0, "Shape_Leng": 0.17206212438, "Shape_Area": 0.0009209649, "Area": 10.2138}, "geometry": {"type": "MultiPolygon", "coordinates": [[[[86.20428022900006, 25.92156725500007], [86.19731342500006, 25.924527797000053], [86.19490122200006, 25.924075509000033], [86.19233825700007, 25.92015568000005], [86.18736309000008, 25.921512544000052], [86.18196010700007, 25.917700567000054], [86.18092781400009, 25.917797449000034], [86.18097535100009, 25.92003095000007], [86.18172432400007, 25.92198472800004], [86.18230425800004, 25.924011794000023], [86.18254681800005, 25.925657448000038], [86.18268497700006, 25.92734887100005], [86.18277417100006, 25.93043514200008], [86.18634502100008, 25.930064567000045], [86.18638501200007, 25.93070514300007], [86.18772780500007, 25.93071450800005], [86.18813686900006, 25.932580173000076], [86.18850409200007, 25.936084262000065], [86.18865913200005, 25.939264872000024], [86.18869371200003, 25.940483078000057], [86.18880127800008, 25.940816322000046], [86.18899712400008, 25.940973016000044], [86.18973704700005, 25.941108087000032], [86.19010760700007, 25.941259125000045], [86.19043896000005, 25.94149617000005], [86.19096585700004, 25.942472033000058], [86.19118360700008, 25.942863241000055], [86.19137972500005, 25.94303797200007], [86.19253370600006, 25.943147820000036], [86.19296874300005, 25.943244255000025], [86.19318498600006, 25.943436878000057], [86.19341102900006, 25.94424327400003], [86.19374139400009, 25.94497672800003], [86.19389326800007, 25.945251017000032], [86.19430962300004, 25.94550548600006], [86.19470321300008, 25.946030965000034], [86.19514754600004, 25.947287110000048], [86.19515775800005, 25.948564205000025], [86.19559314500003, 25.948696720000044], [86.19583401900007, 25.948853087000032], [86.19596588200005, 25.949109475000057], [86.19576102200006, 25.95096102900004], [86.19557266200007, 25.951747527000066], [86.19556351100005, 25.953105969000035], [86.19570736800006, 25.953614947000062], [86.19602784100005, 25.954362047000075], [86.19626927000007, 25.954586079000023], [86.19643992100004, 25.95469330000003], [86.19672495800006, 25.95475010800004], [86.19699454200008, 25.95475734000007], [86.19721398200005, 25.95472429700004], [86.19741760700003, 25.954596568000056], [86.19761033000003, 25.95435167100004], [86.19768845000004, 25.954125517000023], [86.19782699400008, 25.953966671000046], [86.19808583700006, 25.953874686000063], [86.19877936100005, 25.95382498400005], [86.20088538600004, 25.953730010000072], [86.20159209400003, 25.95284081400007], [86.20180147000008, 25.95156234500007], [86.20181405800008, 25.95064166000003], [86.20194123000005, 25.950324864000038], [86.20209473600005, 25.950165970000057], [86.20230862900007, 25.95006526900005], [86.20261328400005, 25.950085829000045], [86.20333389600006, 25.95029767400007], [86.20433716800005, 25.95089581800005], [86.20538683400008, 25.951678594000043], [86.20662864700006, 25.952762491000044], [86.20752682100004, 25.953938997000023], [86.20813955700004, 25.95438617900004], [86.20894707200006, 25.95485018200003], [86.20968903700003, 25.955237872000055], [86.21021238700007, 25.95574432500007], [86.21047522900005, 25.956135182000025], [86.21056397800004, 25.95662203300003], [86.21056690700004, 25.956978496000033], [86.21035540200006, 25.957372518000057], [86.20969993900007, 25.957810117000065], [86.21008933000007, 25.96148544500005], [86.21172383300006, 25.96110909300006], [86.21310960900007, 25.960838145000025], [86.21473025000006, 25.960601741000062], [86.21638741500004, 25.960550072000046], [86.21696901100006, 25.960243769000044], [86.21748019400007, 25.959870377000072], [86.21795868000004, 25.95977235400005], [86.21838765700005, 25.959724378000033], [86.21862692400003, 25.959682133000058], [86.21879591100009, 25.959581729000035], [86.21891381800003, 25.95935535600006], [86.21892020300004, 25.958908547000078], [86.21874759900004, 25.957952985000077], [86.21875518000007, 25.957664065000074], [86.21880335700007, 25.957447107000064], [86.21897701100005, 25.95731511200006], [86.21879829000005, 25.956219721000025], [86.21876541400007, 25.955867952000062], [86.21877370200008, 25.955660229000046], [86.21883762500005, 25.95554247000007], [86.21895635400006, 25.95540180100005], [86.21926968700006, 25.95525980800005], [86.21985849400005, 25.95522883700005], [86.22093107800004, 25.955131390000076], [86.22080168000008, 25.95396790600006], [86.22045129700007, 25.95323917500008], [86.21957904800007, 25.953421080000055], [86.21909441300005, 25.95336565300005], [86.21867875300006, 25.95321040500005], [86.21854755300006, 25.953035326000077], [86.21825299700004, 25.95181433700003], [86.21805067100007, 25.950886018000062], [86.21802716900004, 25.950452924000047], [86.21810992100006, 25.95019516800005], [86.21832757500005, 25.949959010000043], [86.21869512500007, 25.949721931000056], [86.21939213800005, 25.949496100000033], [86.22048260800005, 25.949154908000025], [86.22152369500003, 25.948872593000033], [86.22226562600008, 25.948651033000033], [86.22298329900008, 25.94850632200007], [86.22390155300008, 25.948464012000045], [86.22463288600005, 25.948161269000025], [86.22438583500008, 25.947860606000063], [86.22413464300007, 25.947677249000037], [86.22359903200004, 25.947491352000043], [86.22321345900008, 25.947344952000037], [86.22294284100008, 25.947220480000055], [86.22273190400006, 25.94707290300005], [86.22259069000006, 25.94688883400005], [86.22236491800004, 25.946150243000034], [86.22220990000005, 25.945515009000076], [86.22213210200005, 25.943936050000048], [86.22215874500006, 25.942320316000064], [86.22188689200004, 25.940828399000054], [86.22084246600008, 25.94069090800008], [86.21969494400008, 25.940757278000035], [86.21930596600004, 25.94080955800007], [86.21900119600008, 25.940780010000026], [86.21871592800005, 25.940682639000045], [86.21838450800004, 25.940441143000044], [86.21770528600007, 25.939795797000045], [86.21677757700007, 25.938669326000024], [86.21635508700007, 25.937670310000044], [86.21610065900006, 25.937071728000035], [86.21570625800007, 25.936451657000077], [86.21520659600003, 25.93578255700004], [86.21448434800004, 25.935358648000033], [86.21385328600007, 25.93508756500006], [86.21354298800009, 25.934990355000025], [86.21343717700006, 25.934873750000065], [86.21333536400005, 25.934626213000058], [86.21317522700008, 25.933968332000063], [86.21341312400006, 25.933759181000028], [86.21350121600005, 25.933542009000064], [86.21343841400005, 25.93257670400004], [86.21290418100006, 25.931330165000077], [86.21212076500007, 25.930125890000056], [86.21061942100005, 25.928407444000072], [86.21050342200004, 25.92825928600007], [86.21037229100006, 25.92809322100004], [86.21027586300005, 25.92789528900005], [86.21021914400006, 25.927669988000048], [86.21026260500008, 25.927498249000053], [86.21040076900005, 25.92730330200004], [86.21139902800007, 25.926682925000023], [86.21239942300008, 25.926342331000058], [86.21262827000004, 25.92625059200003], [86.21272727000007, 25.92615058800004], [86.21275658500008, 25.926064692000068], [86.21279003000006, 25.925883959000032], [86.21262137600007, 25.925397708000048], [86.21237738700006, 25.924857733000067], [86.21207462100006, 25.923835318000044], [86.21190674700006, 25.923448404000055], [86.21164612700005, 25.92331467400004], [86.21119249900005, 25.92338093400008], [86.21085428900005, 25.92352298800006], [86.21058133800005, 25.923718892000068], [86.21031335400005, 25.92391017700004], [86.21004979100007, 25.924029267000037], [86.20943176500003, 25.92413265400006], [86.20853375400003, 25.924179236000043], [86.20805425700007, 25.924132782000072], [86.20722384900006, 25.923899091000067], [86.20652368300006, 25.923727708000058], [86.20594354500008, 25.92358257500007], [86.20553811200006, 25.923436279000043], [86.20522251000006, 25.923298466000062], [86.20505679000007, 25.923164259000032], [86.20469261300008, 25.92257095000008], [86.20428022900006, 25.92156725500007]]]]}}, {"type": "Feature", "properties": {"OBJECTID": 3550, "GPCODE": "92651", "GPNAME_1": "LADAHO", "DIST_CEN_C": "13", "BLK_NAME": "BIRAUL", "ST_NAME": "BIHAR", "ST_CODE_1": "10", "GPCODE2011": "95206", "REMARKS": "FINALIZED", "MAP_STATUS": "COMPLETED", "BLK_C_2001": "130013", "BLK_C_2011": "01193", "DIST_NAME": "DARBHANGA", "code2011": 14.0, "Shape_Leng": 0.19019449703, "Shape_Area": 0.00068273865, "Area": 7.57355}, "geometry": {"type": "MultiPolygon", "coordinates": [[[[86.22188689200004, 25.940828399000054], [86.22366206200007, 25.940599805000033], [86.22355202200004, 25.939359559000025], [86.22298356600004, 25.93700313100004], [86.22231083700007, 25.934719658000063], [86.22185900300008, 25.93257912400003], [86.22157587800007, 25.931525001000068], [86.22149981100006, 25.93138566300007], [86.22124892500005, 25.93122033900005], [86.21970031400008, 25.931063753000046], [86.21796332300005, 25.931066352000073], [86.21773811100007, 25.93098656600006], [86.21762734300006, 25.93087900200004], [86.21752630300006, 25.930730805000053], [86.21744906000004, 25.930437992000066], [86.21739726400006, 25.929594361000056], [86.21726364800008, 25.927907469000047], [86.21701253100008, 25.926492154000073], [86.21688057000006, 25.925003747000062], [86.21709947900007, 25.923079906000055], [86.21719583500004, 25.92144110600003], [86.21721410200007, 25.921233348000044], [86.21726799800007, 25.921106592000058], [86.21735203100008, 25.921006814000066], [86.21757075100004, 25.92090607800003], [86.21780010200007, 25.920872883000072], [86.21848921200007, 25.920917935000034], [86.22007133200003, 25.92152113900005], [86.22051668300008, 25.921667092000064], [86.22082137300004, 25.921687614000064], [86.22109527100008, 25.921613586000035], [86.22126914000006, 25.921526609000068], [86.22170052300004, 25.921176267000078], [86.22238086400006, 25.92015630000003], [86.22272977500006, 25.918881395000028], [86.22281919200003, 25.917612622000036], [86.22263044600004, 25.915899095000043], [86.22203997700007, 25.913285549000022], [86.22161171200008, 25.911573575000034], [86.22134003200006, 25.910081620000028], [86.22133387900004, 25.909332577000043], [86.22135781900005, 25.908601304000058], [86.22126915100006, 25.90813709400004], [86.22100209600006, 25.907827457000053], [86.22060518900008, 25.90750072000003], [86.22048804600007, 25.90720811600005], [86.22043610400004, 25.90695573200003], [86.22041764600004, 25.90653623700007], [86.22047425700003, 25.906129676000035], [86.22070801600006, 25.905428606000044], [86.22081124000005, 25.90523835600004], [86.22087050600004, 25.905161298000053], [86.22096483700005, 25.90509748200003], [86.22120863600009, 25.905014617000063], [86.22263503900007, 25.904914787000052], [86.22396746700008, 25.904919363000033], [86.22472610100004, 25.90493231800008], [86.22583378600007, 25.904915840000058], [86.22551524300007, 25.902584829000034], [86.22535286800007, 25.90166087600005], [86.22535055900005, 25.901372063000053], [86.22533896800007, 25.90118704500003], [86.22535774900007, 25.901038019000055], [86.22545655400006, 25.90092005300005], [86.22559578500005, 25.900860425000076], [86.22582513700007, 25.900836334000076], [86.22646960800006, 25.90092227200006], [86.22796622700008, 25.901476229000025], [86.22927675100004, 25.90186005700008], [86.23076779200005, 25.90233279800003], [86.23139423700007, 25.902653547000057], [86.23260489000006, 25.902987376000056], [86.23239966900007, 25.90225633500006], [86.23239932200005, 25.90181861600007], [86.23339214800006, 25.901623778000044], [86.23446473200005, 25.901437895000072], [86.23528795300007, 25.901225155000077], [86.23628571100005, 25.901016838000032], [86.23623568500005, 25.900876921000076], [86.23626515400008, 25.900439112000072], [86.23622004300006, 25.900172918000067], [86.23617500800003, 25.900060062000023], [86.23588041300007, 25.899866303000067], [86.23546125100006, 25.89982148000007], [86.23433848200006, 25.899768179000034], [86.23399896600006, 25.899569860000042], [86.23380897000004, 25.899118644000055], [86.23368373100004, 25.898640337000074], [86.23340375300006, 25.89800871400007], [86.23303399700006, 25.897516987000074], [86.23254929700005, 25.89673211400003], [86.23228449600003, 25.896366685000032], [86.23200506000006, 25.896353373000068], [86.23179013400005, 25.895929307000074], [86.23140072300004, 25.89572644200007], [86.23077212300007, 25.895783376000054], [86.23014341600003, 25.895840219000036], [86.22897589000007, 25.895922304000067], [86.22806281600003, 25.895981583000037], [86.22754821800004, 25.89522377000003], [86.22726833100006, 25.894713976000048], [86.22672438100005, 25.894646677000026], [86.22464381300006, 25.894765431000053], [86.22269793000004, 25.89485252700007], [86.22196945300004, 25.894911668000077], [86.22131541700008, 25.89437500500003], [86.22008719900003, 25.893468677000044], [86.21940309300004, 25.89289139600004], [86.21867442700005, 25.892539871000054], [86.21823519300006, 25.892427377000047], [86.21757158200006, 25.892459317000032], [86.21678332300007, 25.892482417000053], [86.21487220900008, 25.892465524000045], [86.21470758000004, 25.89243857400004], [86.21435187300006, 25.890538734000074], [86.21399107900004, 25.88847184800005], [86.21383602500003, 25.88805678700004], [86.21363133100004, 25.887876344000063], [86.21335185500004, 25.887790798000026], [86.21238903400007, 25.887985422000042], [86.20950074600006, 25.888704722000057], [86.20797924900006, 25.889116294000075], [86.20692661900006, 25.88939670600007], [86.20683233200003, 25.890096345000075], [86.20648851200008, 25.89071485000005], [86.20586525300007, 25.891288407000047], [86.20546121200005, 25.89150077000005], [86.20493738100004, 25.89161383900006], [86.20446842600006, 25.89164118700006], [86.20335067700006, 25.89160118800004], [86.20322800600007, 25.892529523000064], [86.20315945500005, 25.893310650000046], [86.20313628800005, 25.89476843800003], [86.20316771000006, 25.894957825000063], [86.20320847200009, 25.895056769000064], [86.20334973900003, 25.89524997500007], [86.20376376800004, 25.89586092500008], [86.20394061300004, 25.896126021000043], [86.20410145000005, 25.896269451000023], [86.20425182300005, 25.896363198000074], [86.20446196800003, 25.896434025000076], [86.20498177900004, 25.896538926000062], [86.20589549300007, 25.896609612000077], [86.20601608400005, 25.896094318000053], [86.20632539800005, 25.896087789000035], [86.20669486700007, 25.896107963000077], [86.20734381700004, 25.896148766000067], [86.20777330000004, 25.896186530000023], [86.20813377900004, 25.896337652000057], [86.20831470000007, 25.896489855000027], [86.20847577100005, 25.896669281000072], [86.20857691200007, 25.896826599000065], [86.20864307000005, 25.896993141000053], [86.20869441300005, 25.897173259000056], [86.20873669500008, 25.898080098000037], [86.20872595800006, 25.89859911700006], [86.20872667900005, 25.89868492200003], [86.20876200600009, 25.898743283000044], [86.20882735000004, 25.898797040000034], [86.20896253600006, 25.898854826000047], [86.20939761700004, 25.89897377500006], [86.21052572300005, 25.89962971700004], [86.21113899800008, 25.900180757000044], [86.21133072300006, 25.90044571100003], [86.21140733300007, 25.900657330000058], [86.21142433900008, 25.900909914000067], [86.21136549300007, 25.901659434000067], [86.21131489800007, 25.90218777900003], [86.21097770500006, 25.903679273000023], [86.21082060100008, 25.904618928000048], [86.21082023800005, 25.905187631000047], [86.21094396300003, 25.905674117000046], [86.21112698200005, 25.906088152000052], [86.21129908400007, 25.90638483200007], [86.21168781800003, 25.906932854000047], [86.21171312900003, 25.907591523000065], [86.21164025200005, 25.907844745000034], [86.20909147800006, 25.908001485000057], [86.20933087400005, 25.909222881000062], [86.20851234500003, 25.909205791000034], [86.20782330200007, 25.909160695000025], [86.20751951100004, 25.909239392000075], [86.20731122800004, 25.909407758000043], [86.20719276500006, 25.909557438000036], [86.20713926400003, 25.90973832700007], [86.20711213500005, 25.91009047500006], [86.20710985200003, 25.911033710000027], [86.20718964500008, 25.911646920000067], [86.20733166500008, 25.911930252000047], [86.20772907300005, 25.912315757000044], [86.20715512400005, 25.91355604000006], [86.20673253700005, 25.914371163000055], [86.20648520800006, 25.914639071000067], [86.20622632800007, 25.91472647300003], [86.20579767000004, 25.91479255300004], [86.20542824900008, 25.914772373000062], [86.20525369200004, 25.914782553000066], [86.20511448500008, 25.914855698000054], [86.20482250500004, 25.915164523000044], [86.20353535700008, 25.91645908600003], [86.20268625700004, 25.917610939000042], [86.20258041400007, 25.918103532000032], [86.20262419100004, 25.91858611200007], [86.20277226500008, 25.918995834000043], [86.20325868900005, 25.919899701000077], [86.20373888500006, 25.920654713000033], [86.20428022900006, 25.92156725500007], [86.20469261300008, 25.92257095000008], [86.20505679000007, 25.923164259000032], [86.20522251000006, 25.923298466000062], [86.20553811200006, 25.923436279000043], [86.20594354500008, 25.92358257500007], [86.20652368300006, 25.923727708000058], [86.20722384900006, 25.923899091000067], [86.20805425700007, 25.924132782000072], [86.20853375400003, 25.924179236000043], [86.20943176500003, 25.92413265400006], [86.21004979100007, 25.924029267000037], [86.21031335400005, 25.92391017700004], [86.21058133800005, 25.923718892000068], [86.21085428900005, 25.92352298800006], [86.21119249900005, 25.92338093400008], [86.21164612700005, 25.92331467400004], [86.21190674700006, 25.923448404000055], [86.21207462100006, 25.923835318000044], [86.21237738700006, 25.924857733000067], [86.21262137600007, 25.925397708000048], [86.21279003000006, 25.925883959000032], [86.21275658500008, 25.926064692000068], [86.21272727000007, 25.92615058800004], [86.21262827000004, 25.92625059200003], [86.21239942300008, 25.926342331000058], [86.21139902800007, 25.926682925000023], [86.21040076900005, 25.92730330200004], [86.21026260500008, 25.927498249000053], [86.21021914400006, 25.927669988000048], [86.21027586300005, 25.92789528900005], [86.21037229100006, 25.92809322100004], [86.21050342200004, 25.92825928600007], [86.21061942100005, 25.928407444000072], [86.21212076500007, 25.930125890000056], [86.21290418100006, 25.931330165000077], [86.21343841400005, 25.93257670400004], [86.21350121600005, 25.933542009000064], [86.21341312400006, 25.933759181000028], [86.21317522700008, 25.933968332000063], [86.21333536400005, 25.934626213000058], [86.21343717700006, 25.934873750000065], [86.21354298800009, 25.934990355000025], [86.21385328600007, 25.93508756500006], [86.21448434800004, 25.935358648000033], [86.21520659600003, 25.93578255700004], [86.21570625800007, 25.936451657000077], [86.21610065900006, 25.937071728000035], [86.21635508700007, 25.937670310000044], [86.21677757700007, 25.938669326000024], [86.21770528600007, 25.939795797000045], [86.21838450800004, 25.940441143000044], [86.21871592800005, 25.940682639000045], [86.21900119600008, 25.940780010000026], [86.21930596600004, 25.94080955800007], [86.21969494400008, 25.940757278000035], [86.22084246600008, 25.94069090800008], [86.22188689200004, 25.940828399000054]]]]}}, {"type": "Feature", "properties": {"OBJECTID": 3553, "GPCODE": "92639", "GPNAME_1": "AFZALA", "DIST_CEN_C": "13", "BLK_NAME": "BIRAUL", "ST_NAME": "BIHAR", "ST_CODE_1": "10", "GPCODE2011": "95194", "REMARKS": "FINALIZED", "MAP_STATUS": "COMPLETED", "BLK_C_2001": "130013", "BLK_C_2011": "01193", "DIST_NAME": "DARBHANGA", "code2011": 11.0, "Shape_Leng": 0.17050263024, "Shape_Area": 0.00056348121, "Area": 6.24949}, "geometry": {"type": "MultiPolygon", "coordinates": [[[[86.24630494300004, 25.947129396000037], [86.24744775000005, 25.945907522000027], [86.24756575400005, 25.945754978000025], [86.24803050000008, 25.945154394000042], [86.24844198100004, 25.94481758300003], [86.24893906800008, 25.944575048000047], [86.24928684600008, 25.944378563000043], [86.24950398000004, 25.94407920200007], [86.24956573100008, 25.943704204000028], [86.24967817800007, 25.94342819900004], [86.24967476500007, 25.941253075000077], [86.24991017000008, 25.93839478600006], [86.24965118800003, 25.93845979100007], [86.24898055100005, 25.938838963000023], [86.24845825400007, 25.939059212000075], [86.24791448800005, 25.939103592000038], [86.24756126500006, 25.939132866000023], [86.24648789400004, 25.939221693000036], [86.24561863500008, 25.93914641300006], [86.24461406500006, 25.938995418000047], [86.24387208900004, 25.938607889000025], [86.24312670100005, 25.938414445000035], [86.24256147300008, 25.93828284500006], [86.24211956700003, 25.937970033000056], [86.24157076800003, 25.93740069300003], [86.24110793900007, 25.93697055900003], [86.24076119400007, 25.936697674000072], [86.24043013800008, 25.936505847000035], [86.23994999800004, 25.936387314000058], [86.23942506300006, 25.93629617600004], [86.23899025600008, 25.936235961000023], [86.23884290300003, 25.935916495000072], [86.23868532000006, 25.93558362600004], [86.23848835800004, 25.935309708000034], [86.23811588800004, 25.934937741000056], [86.23673799700003, 25.934315301000026], [86.23538061000005, 25.93375142900004], [86.23494401200008, 25.933461039000065], [86.23476665800007, 25.93314636300005], [86.23445354200004, 25.932105985000078], [86.23406186800008, 25.929428090000044], [86.23391728300004, 25.927646508000066], [86.23371061300008, 25.926799500000072], [86.23340303400005, 25.926427041000068], [86.23318132000009, 25.926171236000073], [86.23298455500003, 25.92591535300005], [86.23337702100008, 25.92569611400006], [86.23372441300006, 25.925459062000073], [86.23385201400004, 25.92520097000005], [86.23387022500003, 25.924984278000068], [86.23380369100005, 25.924786083000072], [86.23347826800006, 25.92467100700003], [86.23284749200008, 25.924445114000036], [86.23212672000005, 25.924192798000036], [86.23166564600007, 25.92396121400003], [86.23142250400008, 25.92352962600006], [86.23092081300007, 25.920811815000036], [86.23073960000005, 25.919423091000056], [86.23049026200005, 25.91824246300007], [86.23047619500005, 25.917141384000047], [86.23058928100005, 25.91633286800004], [86.23074067500005, 25.915934668000034], [86.23097702300004, 25.915549462000058], [86.23112471200005, 25.915300328000058], [86.23117849000005, 25.915173570000036], [86.23121144500004, 25.914925160000053], [86.23118406200007, 25.914632011000037], [86.23095094700005, 25.914209321000044], [86.23081831800005, 25.913867245000063], [86.23074968200007, 25.913407396000025], [86.23068221000005, 25.913091999000073], [86.23057946200004, 25.91273620100003], [86.23049338400006, 25.912587873000064], [86.23028246100006, 25.912431278000042], [86.22989186700005, 25.912275978000025], [86.22920160900009, 25.91207759300005], [86.22807304000008, 25.911999425000033], [86.22773299800008, 25.911911538000027], [86.22754773800006, 25.911836062000077], [86.22738205700006, 25.91171532100003], [86.22723096500005, 25.91154933000007], [86.22709434900008, 25.91133367200007], [86.22684441100006, 25.91006271200007], [86.22683132300006, 25.908483336000074], [86.22674370300007, 25.90814092900007], [86.22664227600006, 25.90794302000006], [86.22648128400004, 25.90779519800003], [86.22628101800007, 25.90770632300007], [86.22607528400005, 25.90757226200003], [86.22591882500006, 25.907356752000055], [86.22558852500003, 25.906636879000075], [86.22472610100004, 25.90493231800008], [86.22396746700008, 25.904919363000033], [86.22263503900007, 25.904914787000052], [86.22120863600009, 25.905014617000063], [86.22096483700005, 25.90509748200003], [86.22087050600004, 25.905161298000053], [86.22081124000005, 25.90523835600004], [86.22070801600006, 25.905428606000044], [86.22047425700003, 25.906129676000035], [86.22041764600004, 25.90653623700007], [86.22043610400004, 25.90695573200003], [86.22048804600007, 25.90720811600005], [86.22060518900008, 25.90750072000003], [86.22100209600006, 25.907827457000053], [86.22126915100006, 25.90813709400004], [86.22135781900005, 25.908601304000058], [86.22133387900004, 25.909332577000043], [86.22134003200006, 25.910081620000028], [86.22161171200008, 25.911573575000034], [86.22203997700007, 25.913285549000022], [86.22263044600004, 25.915899095000043], [86.22281919200003, 25.917612622000036], [86.22272977500006, 25.918881395000028], [86.22238086400006, 25.92015630000003], [86.22170052300004, 25.921176267000078], [86.22126914000006, 25.921526609000068], [86.22109527100008, 25.921613586000035], [86.22082137300004, 25.921687614000064], [86.22051668300008, 25.921667092000064], [86.22007133200003, 25.92152113900005], [86.21848921200007, 25.920917935000034], [86.21780010200007, 25.920872883000072], [86.21757075100004, 25.92090607800003], [86.21735203100008, 25.921006814000066], [86.21726799800007, 25.921106592000058], [86.21721410200007, 25.921233348000044], [86.21719583500004, 25.92144110600003], [86.21709947900007, 25.923079906000055], [86.21688057000006, 25.925003747000062], [86.21701253100008, 25.926492154000073], [86.21726364800008, 25.927907469000047], [86.21739726400006, 25.929594361000056], [86.21744906000004, 25.930437992000066], [86.21752630300006, 25.930730805000053], [86.21762734300006, 25.93087900200004], [86.21773811100007, 25.93098656600006], [86.21796332300005, 25.931066352000073], [86.21970031400008, 25.931063753000046], [86.22124892500005, 25.93122033900005], [86.22149089500004, 25.93090731500007], [86.22198144700008, 25.930470806000073], [86.22229356500009, 25.930184447000045], [86.22241177200004, 25.92999406200005], [86.22248979400007, 25.929158690000065], [86.22250613400007, 25.928111571000045], [86.22261429600007, 25.92790326000005], [86.22270872700005, 25.927862004000076], [86.22284335900008, 25.927843086000053], [86.22322293000008, 25.927872123000043], [86.22347302900005, 25.927938105000067], [86.22365869900005, 25.928063208000026], [86.22382509700003, 25.928260731000023], [86.22453857800008, 25.929442791000042], [86.22527414900009, 25.93026820500006], [86.22547534800003, 25.93046083400003], [86.22559544100005, 25.93050069900005], [86.22566022700005, 25.930482176000055], [86.22573389000007, 25.930332802000066], [86.22583183200004, 25.93011550400007], [86.22594034700006, 25.92994779000003], [86.22613413100004, 25.929847212000027], [86.22633881100006, 25.929854868000064], [86.22656896100005, 25.929920999000046], [86.22673497100004, 25.93006880300004], [86.22684600100007, 25.930216963000078], [86.22696779100005, 25.930464339000025], [86.22711266900006, 25.931081654000025], [86.22731381400007, 25.93247021800005], [86.22771836200008, 25.932503586000053], [86.22845383600009, 25.93331996300003], [86.22918791900008, 25.933955796000077], [86.22960695300009, 25.93453064600004], [86.23034357400007, 25.93548234600007], [86.23048967400007, 25.935639323000032], [86.23071488100004, 25.93571448600005], [86.23079546200006, 25.935804277000045], [86.23083679100006, 25.935961946000077], [86.23089489600005, 25.936354151000046], [86.23096574700008, 25.93707121400007], [86.23088832100007, 25.937969740000028], [86.23080505800004, 25.93816435000008], [86.23072598400006, 25.93825518700004], [86.23051191200005, 25.938324350000073], [86.23027251300005, 25.938348478000023], [86.22956837400005, 25.93831264100004], [86.22893404900003, 25.93826728600004], [86.22851948500005, 25.938229440000043], [86.22822531100007, 25.93828108200006], [86.22806661100003, 25.938399506000053], [86.22779380700007, 25.938608970000075], [86.22741700900008, 25.938918369000078], [86.22691668400006, 25.939386502000048], [86.22657964500007, 25.939682153000035], [86.22642243500007, 25.939981019000072], [86.22619570300003, 25.940339118000054], [86.22605249000009, 25.940516046000027], [86.22585819800008, 25.940567005000048], [86.22524434400003, 25.940580124000064], [86.22366206200007, 25.940599805000033], [86.22188689200004, 25.940828399000054], [86.22215874500006, 25.942320316000064], [86.22213210200005, 25.943936050000048], [86.22220990000005, 25.945515009000076], [86.22236491800004, 25.946150243000034], [86.22259069000006, 25.94688883400005], [86.22273190400006, 25.94707290300005], [86.22294284100008, 25.947220480000055], [86.22321345900008, 25.947344952000037], [86.22359903200004, 25.947491352000043], [86.22413464300007, 25.947677249000037], [86.22438583500008, 25.947860606000063], [86.22463288600005, 25.948161269000025], [86.22501101000006, 25.94800534600006], [86.22534984100008, 25.947935350000023], [86.22568451700005, 25.947951166000053], [86.22601445700008, 25.94800759900005], [86.22627529100004, 25.948154743000032], [86.22649588800004, 25.948270618000038], [86.22670613100007, 25.948341413000037], [86.22689091200004, 25.948358153000072], [86.22712033200008, 25.94832954900005], [86.22746834600008, 25.948155761000066], [86.22828925800007, 25.94782077700006], [86.22907709500004, 25.947707123000043], [86.22966586100006, 25.947676022000053], [86.22983984800004, 25.94758461300006], [86.23000325800007, 25.947416546000056], [86.23008640900008, 25.947217429000034], [86.23021321700008, 25.946850983000047], [86.23035414400005, 25.946394273000067], [86.23047307300004, 25.946285174000025], [86.23071193700008, 25.94619779900006], [86.23215625500006, 25.945790885000065], [86.23401937000006, 25.945326950000037], [86.23566467100005, 25.945076620000066], [86.23594913800008, 25.945065690000035], [86.23607939500005, 25.94512346700003], [86.23614501000003, 25.94521320900003], [86.23620096000008, 25.945330230000025], [86.23623201100008, 25.94546086400004], [86.23628931500008, 25.945744796000042], [86.23651978500004, 25.947047437000037], [86.23659615300005, 25.94723188100005], [86.23673195100008, 25.94735279500003], [86.23693732600003, 25.947428100000025], [86.23714760800004, 25.947507904000076], [86.23745317500004, 25.947632241000065], [86.23769480100003, 25.947865230000048], [86.23777139900005, 25.94808134400006], [86.23776289700004, 25.948252886000034], [86.23770914200009, 25.948388574000035], [86.23753559300008, 25.948538730000053], [86.23730672400006, 25.94863050300006], [86.23703815000005, 25.948749745000043], [86.23691918900005, 25.948849825000025], [86.23688543000009, 25.948994474000074], [86.23685403500008, 25.949409782000032], [86.23691768000003, 25.95046538400004], [86.23683298300006, 25.951079721000042], [86.23770334900007, 25.95129038600004], [86.23842287700006, 25.951362225000025], [86.24001456300005, 25.951265586000034], [86.24153984700007, 25.950984367000046], [86.24244687500004, 25.950802140000064], [86.24267035700007, 25.950660752000033], [86.24282379100003, 25.95049721500004], [86.24292168400007, 25.950270886000055], [86.24289045400008, 25.949522037000065], [86.24289159100005, 25.94905719700006], [86.24292427600005, 25.948795262000033], [86.24313661400004, 25.94851397000008], [86.24445914800003, 25.94787763000005], [86.24630494300004, 25.947129396000037]]]]}}, {"type": "Feature", "properties": {"OBJECTID": 3556, "GPCODE": "92646", "GPNAME_1": "DUMARI", "DIST_CEN_C": "13", "BLK_NAME": "BIRAUL", "ST_NAME": "BIHAR", "ST_CODE_1": "10", "GPCODE2011": "95201", "REMARKS": "FINALIZED", "MAP_STATUS": "COMPLETED", "BLK_C_2001": "130013", "BLK_C_2011": "01193", "DIST_NAME": "DARBHANGA", "code2011": 11.0, "Shape_Leng": 0.13476824763, "Shape_Area": 0.00030167053, "Area": 3.34532}, "geometry": {"type": "MultiPolygon", "coordinates": [[[[86.22822531100007, 25.93828108200006], [86.22851948500005, 25.938229440000043], [86.22893404900003, 25.93826728600004], [86.22956837400005, 25.93831264100004], [86.23027251300005, 25.938348478000023], [86.23051191200005, 25.938324350000073], [86.23072598400006, 25.93825518700004], [86.23080505800004, 25.93816435000008], [86.23088832100007, 25.937969740000028], [86.23096574700008, 25.93707121400007], [86.23089489600005, 25.936354151000046], [86.23083679100006, 25.935961946000077], [86.23079546200006, 25.935804277000045], [86.23071488100004, 25.93571448600005], [86.23048967400007, 25.935639323000032], [86.23034357400007, 25.93548234600007], [86.22960695300009, 25.93453064600004], [86.22918791900008, 25.933955796000077], [86.22845383600009, 25.93331996300003], [86.22771836200008, 25.932503586000053], [86.22731381400007, 25.93247021800005], [86.22711266900006, 25.931081654000025], [86.22696779100005, 25.930464339000025], [86.22684600100007, 25.930216963000078], [86.22673497100004, 25.93006880300004], [86.22656896100005, 25.929920999000046], [86.22633881100006, 25.929854868000064], [86.22613413100004, 25.929847212000027], [86.22594034700006, 25.92994779000003], [86.22583183200004, 25.93011550400007], [86.22573389000007, 25.930332802000066], [86.22566022700005, 25.930482176000055], [86.22559544100005, 25.93050069900005], [86.22547534800003, 25.93046083400003], [86.22527414900009, 25.93026820500006], [86.22453857800008, 25.929442791000042], [86.22382509700003, 25.928260731000023], [86.22365869900005, 25.928063208000026], [86.22347302900005, 25.927938105000067], [86.22322293000008, 25.927872123000043], [86.22284335900008, 25.927843086000053], [86.22270872700005, 25.927862004000076], [86.22261429600007, 25.92790326000005], [86.22250613400007, 25.928111571000045], [86.22248979400007, 25.929158690000065], [86.22241177200004, 25.92999406200005], [86.22229356500009, 25.930184447000045], [86.22198144700008, 25.930470806000073], [86.22149089500004, 25.93090731500007], [86.22124892500005, 25.93122033900005], [86.22149981100006, 25.93138566300007], [86.22157587800007, 25.931525001000068], [86.22185900300008, 25.93257912400003], [86.22231083700007, 25.934719658000063], [86.22298356600004, 25.93700313100004], [86.22355202200004, 25.939359559000025], [86.22366206200007, 25.940599805000033], [86.22524434400003, 25.940580124000064], [86.22585819800008, 25.940567005000048], [86.22605249000009, 25.940516046000027], [86.22619570300003, 25.940339118000054], [86.22642243500007, 25.939981019000072], [86.22657964500007, 25.939682153000035], [86.22691668400006, 25.939386502000048], [86.22741700900008, 25.938918369000078], [86.22779380700007, 25.938608970000075], [86.22806661100003, 25.938399506000053], [86.22822531100007, 25.93828108200006]]], [[[86.22769877600007, 25.95851102200004], [86.22984115200006, 25.95738194200004], [86.23022332500005, 25.957108521000066], [86.23053014200008, 25.956781568000054], [86.23066268600007, 25.956500910000045], [86.23086664500005, 25.955213309000044], [86.23099654200007, 25.95402555000004], [86.23124562600003, 25.953356017000033], [86.23168083200005, 25.952865709000037], [86.23262281000007, 25.952069540000025], [86.23379312400004, 25.951122956000063], [86.23418473900006, 25.950795362000065], [86.23442374500007, 25.950717002000033], [86.23479324000004, 25.95072808900005], [86.23603857800003, 25.950999361000072], [86.23683298300006, 25.951079721000042], [86.23691768000003, 25.95046538400004], [86.23685403500008, 25.949409782000032], [86.23688543000009, 25.948994474000074], [86.23691918900005, 25.948849825000025], [86.23703815000005, 25.948749745000043], [86.23730672400006, 25.94863050300006], [86.23753559300008, 25.948538730000053], [86.23770914200009, 25.948388574000035], [86.23776289700004, 25.948252886000034], [86.23777139900005, 25.94808134400006], [86.23769480100003, 25.947865230000048], [86.23745317500004, 25.947632241000065], [86.23714760800004, 25.947507904000076], [86.23693732600003, 25.947428100000025], [86.23673195100008, 25.94735279500003], [86.23659615300005, 25.94723188100005], [86.23651978500004, 25.947047437000037], [86.23628931500008, 25.945744796000042], [86.23623201100008, 25.94546086400004], [86.23620096000008, 25.945330230000025], [86.23614501000003, 25.94521320900003], [86.23607939500005, 25.94512346700003], [86.23594913800008, 25.945065690000035], [86.23566467100005, 25.945076620000066], [86.23401937000006, 25.945326950000037], [86.23215625500006, 25.945790885000065], [86.23071193700008, 25.94619779900006], [86.23047307300004, 25.946285174000025], [86.23035414400005, 25.946394273000067], [86.23021321700008, 25.946850983000047], [86.23008640900008, 25.947217429000034], [86.23000325800007, 25.947416546000056], [86.22983984800004, 25.94758461300006], [86.22966586100006, 25.947676022000053], [86.22907709500004, 25.947707123000043], [86.22828925800007, 25.94782077700006], [86.22746834600008, 25.948155761000066], [86.22712033200008, 25.94832954900005], [86.22689091200004, 25.948358153000072], [86.22670613100007, 25.948341413000037], [86.22649588800004, 25.948270618000038], [86.22627529100004, 25.948154743000032], [86.22601445700008, 25.94800759900005], [86.22568451700005, 25.947951166000053], [86.22534984100008, 25.947935350000023], [86.22501101000006, 25.94800534600006], [86.22463288600005, 25.948161269000025], [86.22390155300008, 25.948464012000045], [86.22298329900008, 25.94850632200007], [86.22226562600008, 25.948651033000033], [86.22152369500003, 25.948872593000033], [86.22048260800005, 25.949154908000025], [86.21939213800005, 25.949496100000033], [86.21869512500007, 25.949721931000056], [86.21832757500005, 25.949959010000043], [86.21810992100006, 25.95019516800005], [86.21802716900004, 25.950452924000047], [86.21805067100007, 25.950886018000062], [86.21825299700004, 25.95181433700003], [86.21854755300006, 25.953035326000077], [86.21867875300006, 25.95321040500005], [86.21909441300005, 25.95336565300005], [86.21957904800007, 25.953421080000055], [86.22045129700007, 25.95323917500008], [86.22080168000008, 25.95396790600006], [86.22093107800004, 25.955131390000076], [86.21985849400005, 25.95522883700005], [86.21926968700006, 25.95525980800005], [86.21895635400006, 25.95540180100005], [86.21883762500005, 25.95554247000007], [86.21877370200008, 25.955660229000046], [86.21876541400007, 25.955867952000062], [86.21879829000005, 25.956219721000025], [86.21897701100005, 25.95731511200006], [86.21932637500004, 25.957303741000032], [86.21993790400006, 25.95760201300004], [86.22055056600004, 25.958040125000025], [86.22098748600007, 25.95834859000007], [86.22141852100003, 25.958553316000064], [86.22199418300005, 25.95873449000004], [86.22280799500004, 25.958738079000057], [86.22369071400004, 25.95862379600004], [86.22396397800009, 25.958468568000058], [86.22426215400003, 25.958304057000078], [86.22445645700003, 25.95824858800006], [86.22462141700004, 25.95827008400005], [86.22477753000004, 25.95843145300006], [86.22503606200007, 25.958908105000035], [86.22522901200006, 25.95930394100003], [86.22541045000008, 25.95951025100004], [86.22563583600004, 25.95959453200004], [86.22591459600005, 25.95949332400005], [86.22769877600007, 25.95851102200004]]], [[[86.21008933000007, 25.96148544500005], [86.20969993900007, 25.957810117000065], [86.21035540200006, 25.957372518000057], [86.21056690700004, 25.956978496000033], [86.21056397800004, 25.95662203300003], [86.21047522900005, 25.956135182000025], [86.21021238700007, 25.95574432500007], [86.20968903700003, 25.955237872000055], [86.20894707200006, 25.95485018200003], [86.20813955700004, 25.95438617900004], [86.20752682100004, 25.953938997000023], [86.20662864700006, 25.952762491000044], [86.20538683400008, 25.951678594000043], [86.20433716800005, 25.95089581800005], [86.20333389600006, 25.95029767400007], [86.20261328400005, 25.950085829000045], [86.20230862900007, 25.95006526900005], [86.20209473600005, 25.950165970000057], [86.20194123000005, 25.950324864000038], [86.20181405800008, 25.95064166000003], [86.20180147000008, 25.95156234500007], [86.20159209400003, 25.95284081400007], [86.20088538600004, 25.953730010000072], [86.20052623200007, 25.955018490000043], [86.20014852400004, 25.956474117000027], [86.20009060200005, 25.957336466000072], [86.20058290400004, 25.958339545000058], [86.20204300700004, 25.959855350000055], [86.20280157900004, 25.960441512000045], [86.20332775200006, 25.960686242000065], [86.20404784600004, 25.96082139300006], [86.20452247200006, 25.960863361000065], [86.20487133100005, 25.96079338100003], [86.20523986800004, 25.960673623000048], [86.20554917400005, 25.960649053000054], [86.20586379800005, 25.96066046100003], [86.20612445600005, 25.96078517500007], [86.20652162600004, 25.96112095500007], [86.20676330700007, 25.961376640000026], [86.20703898000005, 25.961514659000045], [86.20757880200006, 25.961587817000066], [86.20871687400006, 25.96155774600004], [86.21008933000007, 25.96148544500005]]]]}}, {"type": "Feature", "properties": {"OBJECTID": 3557, "GPCODE": "92660", "GPNAME_1": "SAHASRAM", "DIST_CEN_C": "13", "BLK_NAME": "BIRAUL", "ST_NAME": "BIHAR", "ST_CODE_1": "10", "GPCODE2011": "95215", "REMARKS": "FINALIZED", "MAP_STATUS": "COMPLETED", "BLK_C_2001": "130013", "BLK_C_2011": "01193", "DIST_NAME": "DARBHANGA", "code2011": 9.0, "Shape_Leng": 0.12226957371, "Shape_Area": 0.00038232772, "Area": 4.23965}, "geometry": {"type": "MultiPolygon", "coordinates": [[[[86.15241305100005, 25.967217608000055], [86.15271650800008, 25.96707586800005], [86.15308688300007, 25.967190901000038], [86.15350112300007, 25.967170210000063], [86.15373987600003, 25.96705137600003], [86.15386486600005, 25.96642336000008], [86.15457889000004, 25.966418909000026], [86.15508311600007, 25.966415747000042], [86.15540652900006, 25.96627385800008], [86.15555229800003, 25.96574493600008], [86.15584397500004, 25.96406879500006], [86.15584170700004, 25.96377548600003], [86.15577561300006, 25.96361795400003], [86.15544976500007, 25.96344398000008], [86.15497016800003, 25.963406388000067], [86.15481819600006, 25.96311402200007], [86.15563139200003, 25.96304569700004], [86.15689468400006, 25.963055904000043], [86.15821878700007, 25.96319649000003], [86.15882792600007, 25.96320169200004], [86.15937143200006, 25.963098978000062], [86.16020811700008, 25.962831983000058], [86.16164607700006, 25.962191166000025], [86.16282465300003, 25.96158803900005], [86.16360075100005, 25.961235660000057], [86.16416318000006, 25.96100647700007], [86.16481663100006, 25.96092563900004], [86.16658394200005, 25.960914436000053], [86.16920108200009, 25.96104674000003], [86.17052484400006, 25.96114671600003], [86.17096876700003, 25.96108520300004], [86.17127215500005, 25.960934310000027], [86.17157394900005, 25.96058042100003], [86.17190834900003, 25.959928431000037], [86.17212698600008, 25.959164349000048], [86.17217574800009, 25.959006139000053], [86.17396090300008, 25.958737488000054], [86.17532675900009, 25.95846250900007], [86.17657274900006, 25.95818831200006], [86.17764911700004, 25.95792866000005], [86.17931197100006, 25.957340360000046], [86.17976584500008, 25.956647050000072], [86.17998624800003, 25.95611762300007], [86.18004868300005, 25.955792274000032], [86.18002643100004, 25.95550813500006], [86.17967274400007, 25.954968792000045], [86.17916285000007, 25.954250082000044], [86.17887280300005, 25.953556907000063], [86.17857111300003, 25.952642713000046], [86.17819425600004, 25.951692913000045], [86.17799490200008, 25.95110305600008], [86.17792828300009, 25.95088688900006], [86.17793685100008, 25.950710839000067], [86.17798101400007, 25.950611286000026], [86.17996706800005, 25.95049473800003], [86.18040036100007, 25.950374587000056], [86.18067788600007, 25.950115571000026], [86.18091510300007, 25.94980262400003], [86.18143631000004, 25.949424716000067], [86.18175782800006, 25.949048101000074], [86.18166317800006, 25.948439448000045], [86.18159514000007, 25.94804735200006], [86.18176811600006, 25.947829596000076], [86.18211684400006, 25.947728083000072], [86.18237731500005, 25.94784372600003], [86.18263938500007, 25.948157946000038], [86.18297489800005, 25.94892298600007], [86.18310604500005, 25.949098095000068], [86.18364971200003, 25.949035898000034], [86.18451472400005, 25.94857903600007], [86.18457717900003, 25.948262799000076], [86.18455437600005, 25.947910901000057], [86.18428605700007, 25.94743881100004], [86.18404337300007, 25.94704775500003], [86.18371686000006, 25.946797153000034], [86.18338958000004, 25.946442700000034], [86.18319391600005, 25.946308647000023], [86.18305567100003, 25.94587623900003], [86.18277434800007, 25.945647876000066], [86.18222978500006, 25.945592781000073], [86.18185894100003, 25.94541917300006], [86.18166093300005, 25.94498720100006], [86.18165660400007, 25.944436664000023], [86.18139546800006, 25.944244242000025], [86.18104650900005, 25.944305150000048], [86.18082612800004, 25.94420734600004], [86.18080406600006, 25.94395018000006], [86.18075392900005, 25.94328266200006], [86.18062137400005, 25.942931526000052], [86.18044539000005, 25.942774678000035], [86.18027558800009, 25.942757749000066], [86.18001145000005, 25.942818052000064], [86.17951372400006, 25.942997305000063], [86.17903544500007, 25.943117675000053], [86.17869164100006, 25.94319660800005], [86.17832205600007, 25.943180880000057], [86.17803699300003, 25.94310599000005], [86.17786033000004, 25.942867942000078], [86.17764353100006, 25.94259409500006], [86.17742292700007, 25.94246010300003], [86.17718249000006, 25.942362353000078], [86.17694306300007, 25.94238197900006], [86.17666413500007, 25.942464966000045], [86.17647085600004, 25.942642172000035], [86.17631783400003, 25.942859776000034], [86.17620921300005, 25.943018429000062], [86.17597494800003, 25.943060504000073], [86.17569045400006, 25.94306239200006], [86.17543090200007, 25.943064028000038], [86.17516636000005, 25.94306567600006], [86.17508216700008, 25.943161014000054], [86.17521629500004, 25.943710733000046], [86.17526533700004, 25.94424292100007], [86.17524843400008, 25.944635626000036], [86.17501092900005, 25.944894427000065], [86.17441277600005, 25.94501106200005], [86.17388873900006, 25.945032481000055], [86.17360418800007, 25.944384385000035], [86.17158774400008, 25.945069621000073], [86.17106455000004, 25.94519036400004], [86.17075817000006, 25.944953119000047], [86.16901631200005, 25.94563204600007], [86.16899742700008, 25.94705818500006], [86.16882625800008, 25.947519620000037], [86.16839533600006, 25.947955611000054], [86.16789861600006, 25.94826564600004], [86.16730171800003, 25.948553677000064], [86.16678097500005, 25.94899027300005], [86.16649557500006, 25.949524558000064], [86.16635074600003, 25.95081164800007], [86.16595182400005, 25.951509099000077], [86.16314218200006, 25.95099435900005], [86.16085321700007, 25.95000690100005], [86.15908684300007, 25.948817602000076], [86.15809648200008, 25.94987077600007], [86.15738561600006, 25.950917681000078], [86.15711380900007, 25.95192125600005], [86.15694912700008, 25.953240058000063], [86.15692929100004, 25.95390813100005], [86.15704238600006, 25.95433611800007], [86.15708934700007, 25.954593036000063], [86.15709090700005, 25.954791613000054], [86.15702698500007, 25.954927395000027], [86.15635565200006, 25.955265565000047], [86.15451831900003, 25.955899834000036], [86.15315103700004, 25.955989585000054], [86.15206699100008, 25.955897033000042], [86.15086489300006, 25.955381007000028], [86.15192984600003, 25.958203968000078], [86.15206478600004, 25.958875501000023], [86.15224380200004, 25.959443073000045], [86.15222234100008, 25.959898937000048], [86.15242552500007, 25.960348968000062], [86.15286478500008, 25.960991626000066], [86.15345280800005, 25.961497915000052], [86.15122813800008, 25.96308224300003], [86.14881056700006, 25.964906860000042], [86.14778045300005, 25.966014468000026], [86.14769271700004, 25.966290239000045], [86.14798127900008, 25.966816469000037], [86.14881063700005, 25.967533342000024], [86.14914034300006, 25.968217260000074], [86.14931671200009, 25.96843278600005], [86.14960248400007, 25.968589016000067], [86.15105573900007, 25.96862059700004], [86.15124980100006, 25.96853815700007], [86.15137795800007, 25.968325251000067], [86.15148469200005, 25.96790939600004], [86.15185109800007, 25.967514505000054], [86.15241305100005, 25.967217608000055]]]]}}, {"type": "Feature", "properties": {"OBJECTID": 3562, "GPCODE": "92647", "GPNAME_1": "GANAURA TARWARA", "DIST_CEN_C": "13", "BLK_NAME": "BIRAUL", "ST_NAME": "BIHAR", "ST_CODE_1": "10", "GPCODE2011": "95202", "REMARKS": "FINALIZED", "MAP_STATUS": "COMPLETED", "BLK_C_2001": "130013", "BLK_C_2011": "01193", "DIST_NAME": "DARBHANGA", "code2011": 15.0, "Shape_Leng": 0.15627761713, "Shape_Area": 0.00102261317, "Area": 11.3409}, "geometry": {"type": "MultiPolygon", "coordinates": [[[[86.14798127900008, 25.966816469000037], [86.14769271700004, 25.966290239000045], [86.14778045300005, 25.966014468000026], [86.14881056700006, 25.964906860000042], [86.15122813800008, 25.96308224300003], [86.15345280800005, 25.961497915000052], [86.15286478500008, 25.960991626000066], [86.15242552500007, 25.960348968000062], [86.15222234100008, 25.959898937000048], [86.15224380200004, 25.959443073000045], [86.15206478600004, 25.958875501000023], [86.15192984600003, 25.958203968000078], [86.15086489300006, 25.955381007000028], [86.15077721200004, 25.954357110000046], [86.15092524200008, 25.95348073400004], [86.15148120300006, 25.95240774900003], [86.15165210800006, 25.95190573600007], [86.15169226700004, 25.951278210000055], [86.15196754600004, 25.949403606000033], [86.15191284700006, 25.948122298000044], [86.15172901700004, 25.946932101000073], [86.15137262300004, 25.944059586000037], [86.15086406400007, 25.94020880200003], [86.15054857700005, 25.938757562000035], [86.15036837400004, 25.937386806000063], [86.14968228200007, 25.93446218100007], [86.14948641800004, 25.932996724000077], [86.14887953400006, 25.930635694000046], [86.14716939600004, 25.930885552000063], [86.14673515400005, 25.930888234000065], [86.14657968700004, 25.93079435900006], [86.14647211200008, 25.930420475000062], [86.14637524000005, 25.929500433000044], [86.14511720500008, 25.929467660000057], [86.14322511600005, 25.929420660000062], [86.14332749500005, 25.92842718600008], [86.14320108500004, 25.927561444000048], [86.14311472700007, 25.92735893300005], [86.14289374100008, 25.927179783000042], [86.14264329500008, 25.927054932000033], [86.14238271700003, 25.926912154000036], [86.14253598500005, 25.92408164400007], [86.14183147900007, 25.922650877000024], [86.14160636100007, 25.921925688000044], [86.14137053400003, 25.921751081000025], [86.14106515600008, 25.921635669000068], [86.14069518400004, 25.921538644000066], [86.14053890300005, 25.921341007000024], [86.14051720300006, 25.921106475000045], [86.14081881700008, 25.920730079000066], [86.14119555800005, 25.92038479300004], [86.14016403400007, 25.919267411000078], [86.13934423100005, 25.918428542000072], [86.13842132300005, 25.917824977000066], [86.13763609000006, 25.917595033000055], [86.13694671300004, 25.917513536000058], [86.13647397700004, 25.917696921000072], [86.13607643900008, 25.91793406900007], [86.13569481800005, 25.918283863000056], [86.13526919700007, 25.918760359000032], [86.13421352500006, 25.920418538000035], [86.13248268300003, 25.920555415000024], [86.13134493200005, 25.920575907000057], [86.13038262700007, 25.920708098000034], [86.12891380200006, 25.921172780000063], [86.12940168600005, 25.921684303000063], [86.12967924500003, 25.922097828000062], [86.12977377000004, 25.92272005600006], [86.13006594300003, 25.924433159000046], [86.13030404800008, 25.925568946000055], [86.13059350500004, 25.926244094000026], [86.13134431000003, 25.928541137000025], [86.13148774000007, 25.929036652000036], [86.13150441200008, 25.929262264000045], [86.13143092400009, 25.929438658000038], [86.13124731000005, 25.929593234000038], [86.13029674500007, 25.92996006800007], [86.12884816400003, 25.93048785700006], [86.12767042800004, 25.92983606000007], [86.12677941800007, 25.929489491000027], [86.12553553100008, 25.92935258500006], [86.12467788100008, 25.92947058200008], [86.12334307700007, 25.929848709000055], [86.12201833300009, 25.930258292000076], [86.12157609500008, 25.930518153000037], [86.12123903000008, 25.93084515700008], [86.12056085500006, 25.93161637000003], [86.11956160200003, 25.93351781100006], [86.11925780300004, 25.934291340000073], [86.11913831200008, 25.935000622000075], [86.11916302300006, 25.935650272000032], [86.11930606900006, 25.93609626400007], [86.11957363400006, 25.936505316000023], [86.11986052500004, 25.936837540000056], [86.12095029000005, 25.937724552000077], [86.12143664900003, 25.938019465000025], [86.12178713700007, 25.938161782000066], [86.12209194400003, 25.938214079000034], [86.12239137200004, 25.938203229000067], [86.12305422200006, 25.93805938500003], [86.12362130100007, 25.937794245000077], [86.12397901300005, 25.937557412000046], [86.12434557200004, 25.93718062000005], [86.12464639800004, 25.93668236600007], [86.12512149000008, 25.93613342200007], [86.12523570600007, 25.93605599400007], [86.12535024900006, 25.936019257000055], [86.12545533300005, 25.93605472300004], [86.12555073300007, 25.936121788000037], [86.12563694500005, 25.936315380000053], [86.12573459800007, 25.93669380800003], [86.12569168500005, 25.93763279600006], [86.12587806300007, 25.93853421700004], [86.12619828500004, 25.939994519000038], [86.12655611500008, 25.941125037000063], [86.12658114300007, 25.942478796000046], [86.12687829500004, 25.944187356000043], [86.12778895300005, 25.948500675000048], [86.12858941100006, 25.950756789000025], [86.12894755400004, 25.953259237000054], [86.12881505300004, 25.955588704000036], [86.12950932500007, 25.95898269500003], [86.13048447900007, 25.95919793300004], [86.13095696400006, 25.960291685000072], [86.13145647600004, 25.96233740300005], [86.13184524300004, 25.96426205100005], [86.13219679700006, 25.966538928000034], [86.13285065200006, 25.96650784600007], [86.13387487500006, 25.966596352000067], [86.13431495700007, 25.96669754100003], [86.13466606200006, 25.96691200300006], [86.13501324700007, 25.967275434000044], [86.13529960700004, 25.96749925900008], [86.13557526100004, 25.96765103200005], [86.13581042400006, 25.967717282000024], [86.13616975100007, 25.967688026000076], [86.13658827700004, 25.967568123000035], [86.13694682800008, 25.967453068000054], [86.13732630300007, 25.96745082600006], [86.13796089900006, 25.967514596000058], [86.13857965100004, 25.96746111500005], [86.13900818400003, 25.96735020400007], [86.13931251300005, 25.967321266000056], [86.13961239200006, 25.967369028000064], [86.13980295900006, 25.967471656000043], [86.13995903600005, 25.96765124800004], [86.14010143200005, 25.967984339000054], [86.14018732600005, 25.96812820400004], [86.14034298800004, 25.968240035000065], [86.14148764700008, 25.96840450600007], [86.14281853200004, 25.968779876000042], [86.14382007400008, 25.96916187100004], [86.14473390000006, 25.96951712300006], [86.14592347000007, 25.967121985000063], [86.14798127900008, 25.966816469000037]]]]}}, {"type": "Feature", "properties": {"OBJECTID": 3563, "GPCODE": "92654", "GPNAME_1": "PARRI", "DIST_CEN_C": "13", "BLK_NAME": "BIRAUL", "ST_NAME": "BIHAR", "ST_CODE_1": "10", "GPCODE2011": "95209", "REMARKS": "FINALIZED", "MAP_STATUS": "COMPLETED", "BLK_C_2001": "130013", "BLK_C_2011": "01193", "DIST_NAME": "DARBHANGA", "code2011": 5.0, "Shape_Leng": 0.07110768155, "Shape_Area": 0.0002326319, "Area": 2.57916}, "geometry": {"type": "MultiPolygon", "coordinates": [[[[86.16171091500007, 25.98159148800005], [86.16068441700008, 25.98122339300005], [86.15920041100009, 25.980456493000077], [86.15743310300007, 25.979199445000063], [86.15710495600007, 25.97873668400007], [86.15702712500007, 25.97835363100006], [86.15701469600003, 25.97803779700007], [86.15704197300005, 25.97768558300004], [86.15738225100006, 25.976483081000026], [86.15748240500005, 25.975864152000042], [86.15745164600008, 25.97576959500003], [86.15735629600005, 25.975702455000032], [86.15722607300006, 25.97565363800004], [86.15684657700007, 25.97565602000003], [86.15649664900008, 25.975604098000076], [86.15637099200006, 25.975487506000036], [86.15625486800008, 25.975325782000027], [86.15597222000008, 25.974280597000075], [86.15580153400003, 25.974159798000073], [86.15563102200008, 25.97406155400006], [86.15546105200008, 25.97403557900003], [86.15489657400008, 25.97399848500004], [86.15339813900005, 25.97393566100004], [86.15206810900008, 25.973695717000055], [86.15129757200003, 25.973492975000056], [86.15064103600008, 25.97317209000005], [86.15006863700006, 25.97275597600003], [86.14925879600008, 25.97197581200004], [86.14815247300004, 25.97093568200006], [86.14709477100007, 25.970387131000052], [86.14691373700003, 25.97153452200007], [86.14664578400004, 25.97241165300005], [86.14637420000008, 25.972815036000043], [86.14612061300005, 25.97295194000003], [86.14568145600003, 25.97299081400007], [86.14521696900005, 25.97297561700003], [86.14483812800006, 25.973054655000055], [86.14431066300006, 25.973288093000065], [86.14349530100003, 25.973762461000035], [86.14229708900007, 25.974437755000054], [86.14068068900008, 25.975287087000027], [86.13950365500006, 25.976133728000036], [86.13874874900006, 25.976670884000043], [86.13832567500003, 25.97684493400004], [86.13649246100005, 25.976761434000025], [86.13424994800005, 25.97669393700005], [86.13443551300008, 25.978791216000047], [86.13503734300008, 25.979811982000058], [86.13598359200006, 25.979481323000073], [86.13687255400004, 25.979502942000067], [86.13771882600008, 25.979818158000057], [86.13849164100003, 25.980323387000055], [86.13924004600005, 25.981564254000034], [86.13970426700007, 25.982206784000027], [86.14039644700006, 25.982617752000067], [86.14177831800004, 25.98309656500004], [86.14302848300008, 25.983341590000066], [86.14382419800006, 25.98356686300008], [86.14443688500006, 25.98402340000007], [86.14505823400003, 25.984967201000075], [86.14547485900005, 25.98591235200007], [86.14614158600006, 25.986251181000057], [86.14874678700005, 25.986699902000055], [86.15096937100003, 25.986753710000073], [86.15298546800005, 25.986578699000063], [86.15547727400008, 25.985272440000074], [86.15723380900005, 25.98380835000006], [86.15949689900003, 25.982643390000078], [86.16081995700006, 25.981962663000047], [86.16130233100006, 25.98170682600005], [86.16171091500007, 25.98159148800005]]]]}}, {"type": "Feature", "properties": {"OBJECTID": 3570, "GPCODE": "92649", "GPNAME_1": "KAHUA", "DIST_CEN_C": "13", "BLK_NAME": "BIRAUL", "ST_NAME": "BIHAR", "ST_CODE_1": "10", "GPCODE2011": "95204", "REMARKS": "FINALIZED", "MAP_STATUS": "COMPLETED", "BLK_C_2001": "130013", "BLK_C_2011": "01193", "DIST_NAME": "DARBHANGA", "code2011": 11.0, "Shape_Leng": 0.140692076, "Shape_Area": 0.00062709567, "Area": 6.95206}, "geometry": {"type": "MultiPolygon", "coordinates": [[[[86.19757768100004, 25.995702805000064], [86.19778192000007, 25.99564283500007], [86.19799678600003, 25.99565040400006], [86.19823702500008, 25.99571654400006], [86.19851182200006, 25.995732778000047], [86.19892116000005, 25.99571207300005], [86.19918983700006, 25.995583878000048], [86.19960181400006, 25.995274367000036], [86.19998416600004, 25.995001028000047], [86.20026747400004, 25.99483228200006], [86.20052639800008, 25.994740295000042], [86.20084072600008, 25.994702093000058], [86.20144423100004, 25.994598877000044], [86.20140345900006, 25.993881560000034], [86.20115577000007, 25.992899434000037], [86.20080412800007, 25.99201721700007], [86.19998854600004, 25.990578456000037], [86.19930620300005, 25.989563064000038], [86.19904291500006, 25.989113554000028], [86.19904182000005, 25.988978134000035], [86.19919527000008, 25.988819160000048], [86.19960382600004, 25.98869921000005], [86.20066541200003, 25.98843493700008], [86.20118731900004, 25.988138265000032], [86.20135913700005, 25.987762515000043], [86.20141371800008, 25.987103284000057], [86.20151817600004, 25.98643469900003], [86.20186096300006, 25.985588564000068], [86.20235678400007, 25.985152119000077], [86.20282689700008, 25.984621016000062], [86.20281863400004, 25.983596661000036], [86.20277215200008, 25.98279364600006], [86.20391888400007, 25.982569515000023], [86.20378019800006, 25.981478338000045], [86.20353818400008, 25.98057278400006], [86.20333710500006, 25.98039817600005], [86.20297105400005, 25.98020647000004], [86.20223072300007, 25.980053423000072], [86.20151011000007, 25.97985962000007], [86.20131298900003, 25.979567529000064], [86.20111395000004, 25.97902281900008], [86.20085678100008, 25.976235631000065], [86.20100336300004, 25.97584200400007], [86.20234984200005, 25.974389087000077], [86.20193253200006, 25.973417018000077], [86.20125796300005, 25.972730999000078], [86.20068223500004, 25.972540727000023], [86.20015766100005, 25.972499077000066], [86.19937043600004, 25.97272085000003], [86.19841655900007, 25.973309232000076], [86.19790047800007, 25.973709731000042], [86.19742117700008, 25.973712868000064], [86.19699054400007, 25.973566815000027], [86.19674910500004, 25.97335171900005], [86.19339819200007, 25.973287904000074], [86.19188956700003, 25.973198413000034], [86.19107507500007, 25.97311346200007], [86.19062469700003, 25.972999026000025], [86.18962362000008, 25.97268066600003], [86.18686314100006, 25.972143483000025], [86.18534316300008, 25.971887052000056], [86.18433324700004, 25.97171755100004], [86.18316760000005, 25.971427233000043], [86.18263311500004, 25.97140359800005], [86.18223370200008, 25.971415214000046], [86.18193953500008, 25.971466763000024], [86.18148106600006, 25.971573455000055], [86.18015642200004, 25.97202421000003], [86.17830451500004, 25.97272203800003], [86.17727882400004, 25.973094237000055], [86.17672741500007, 25.973458768000057], [86.17629586300006, 25.97381799200008], [86.17615848900004, 25.974125769000068], [86.17615996200004, 25.974319836000063], [86.17624760700005, 25.974666762000027], [86.17639090900008, 25.975117109000053], [86.17664801500007, 25.97605866200007], [86.17671064100006, 25.97704660200003], [86.17650591700004, 25.978311465000047], [86.17615750100003, 25.97973525900005], [86.17588115800004, 25.981420306000075], [86.17569858400003, 25.98297390500005], [86.17571181600005, 25.983393491000072], [86.17578786400009, 25.98353284600006], [86.17638269300005, 25.983614800000055], [86.17676276500003, 25.983684638000057], [86.17701956300004, 25.983958275000077], [86.17715302600004, 25.984417665000024], [86.17738542400008, 25.984763730000054], [86.17841107300006, 25.985009825000077], [86.18065798300006, 25.984972826000046], [86.18137200800004, 25.984968257000048], [86.18175387500008, 25.985263630000077], [86.18193963100003, 25.98602511200005], [86.18164104700008, 25.986789695000027], [86.18164702100006, 25.987552323000045], [86.18180047300007, 25.988011653000058], [86.18170354500006, 25.98838228900007], [86.18109131400007, 25.988639011000032], [86.18019694700007, 25.988577061000058], [86.17861240300005, 25.988379572000042], [86.17777366000007, 25.988407582000036], [86.17739020300007, 25.988545357000078], [86.17642512100008, 25.989016435000053], [86.17581664300008, 25.989755901000024], [86.17520737100006, 25.990382586000067], [86.17399065600006, 25.991247722000026], [86.17345523500006, 25.991756639000073], [86.17323138100005, 25.99249816400004], [86.17314055600008, 25.993662997000058], [86.17320040900006, 25.99428544400007], [86.17355913600005, 25.99481565700006], [86.17369250100006, 25.995275142000025], [86.17369547500005, 25.995645127000046], [86.17318564000004, 25.996226052000054], [86.17517681400005, 25.99969797500006], [86.17592603400004, 25.999335659000053], [86.17707000800004, 25.998326795000025], [86.17714755100008, 25.99707169000004], [86.17721006000005, 25.996759887000053], [86.17738293200006, 25.996519590000048], [86.17772681900004, 25.996422616000075], [86.17818696900008, 25.99651441700007], [86.17877452800008, 25.996925867000073], [86.17921022700006, 25.997076465000077], [86.18055264800006, 25.99695056400003], [86.18330569500006, 25.99648154700003], [86.18359975500005, 25.996411954000052], [86.18370288300008, 25.996185651000076], [86.18386483100005, 25.995823578000056], [86.18398296100008, 25.995606166000073], [86.18420639200008, 25.995437800000047], [86.18531424900004, 25.995331297000064], [86.18602836400004, 25.99533573000008], [86.18624846300008, 25.99538390200007], [86.18642506500004, 25.995608401000027], [86.18651276900005, 25.995959828000025], [86.18664482600008, 25.996234258000072], [86.18676534400004, 25.99632377100005], [86.18858982300009, 25.99652859500003], [86.18930440700007, 25.99657811900005], [86.18969428900004, 25.996616134000078], [86.19004471600005, 25.996731229000034], [86.19050146400008, 25.997012555000026], [86.19103759000006, 25.997852927000054], [86.19201719400007, 25.999832212000058], [86.19240207800004, 26.000416320000056], [86.19315148400005, 26.004176246000043], [86.19330242800004, 26.00501819400006], [86.19457825400008, 26.005643131000056], [86.19569755400005, 26.005313710000053], [86.19446398300005, 26.000416507000068], [86.19445831100006, 26.000243514000033], [86.19460365200007, 26.000036891000036], [86.19497860300004, 25.999799406000022], [86.19608095300003, 25.99962517700004], [86.19544384000005, 25.999277368000037], [86.19417964300004, 25.998563570000044], [86.19405885200007, 25.998456024000063], [86.19400322000007, 25.99836614700007], [86.19398219600004, 25.998239900000044], [86.19400120900008, 25.998113443000022], [86.19409008600007, 25.997981999000046], [86.19449730300005, 25.997704095000074], [86.19543757600007, 25.997246602000075], [86.19598853800005, 25.996827883000037], [86.19686320200003, 25.99628513700003], [86.19731456700003, 25.99590757800007], [86.19757768100004, 25.995702805000064]]]]}}, {"type": "Feature", "properties": {"OBJECTID": 3576, "GPCODE": "92659", "GPNAME_1": "ROHAR MAHMUDA", "DIST_CEN_C": "13", "BLK_NAME": "BIRAUL", "ST_NAME": "BIHAR", "ST_CODE_1": "10", "GPCODE2011": "95214", "REMARKS": "FINALIZED", "MAP_STATUS": "COMPLETED", "BLK_C_2001": "130013", "BLK_C_2011": "01193", "DIST_NAME": "DARBHANGA", "code2011": 6.0, "Shape_Leng": 0.06967169385, "Shape_Area": 0.00019826186, "Area": 2.19759}, "geometry": {"type": "MultiPolygon", "coordinates": [[[[86.21051230200004, 26.006727987000033], [86.21032018200003, 26.005408188000047], [86.20969958500007, 26.00481353200007], [86.20956912800006, 26.004692109000075], [86.20943382200005, 26.003515083000025], [86.21051610700005, 26.001768860000027], [86.20994173700007, 26.00148205800008], [86.20935887600007, 26.000975314000073], [86.20867495700008, 26.000416882000025], [86.20802046100005, 25.999406683000075], [86.20794344700005, 25.999154481000062], [86.20780316700007, 25.99909680500008], [86.20755403600003, 25.99916612800007], [86.20731527300006, 25.999285041000064], [86.20677181900004, 25.999405962000026], [86.20538853600004, 25.99941510600007], [86.20528265200005, 25.998671192000074], [86.20504689500007, 25.997309837000046], [86.20464815800005, 25.996175248000043], [86.20444067500006, 25.99584268800004], [86.20428490800003, 25.995726413000057], [86.20408989300006, 25.99568712000007], [86.20378500700008, 25.995661964000078], [86.20345051300006, 25.995673256000032], [86.20301646600007, 25.995734739000056], [86.20247274300004, 25.995806021000078], [86.20207289100006, 25.99577257800007], [86.20192211300008, 25.99565619300006], [86.20179109000009, 25.99550817200003], [86.20167983400006, 25.99533293500008], [86.20144423100004, 25.994598877000044], [86.20084072600008, 25.994702093000058], [86.20052639800008, 25.994740295000042], [86.20026747400004, 25.99483228200006], [86.19998416600004, 25.995001028000047], [86.19960181400006, 25.995274367000036], [86.19918983700006, 25.995583878000048], [86.19892116000005, 25.99571207300005], [86.19851182200006, 25.995732778000047], [86.19823702500008, 25.99571654400006], [86.19799678600003, 25.99565040400006], [86.19778192000007, 25.99564283500007], [86.19757768100004, 25.995702805000064], [86.19731456700003, 25.99590757800007], [86.19686320200003, 25.99628513700003], [86.19598853800005, 25.996827883000037], [86.19543757600007, 25.997246602000075], [86.19449730300005, 25.997704095000074], [86.19409008600007, 25.997981999000046], [86.19400120900008, 25.998113443000022], [86.19398219600004, 25.998239900000044], [86.19400322000007, 25.99836614700007], [86.19405885200007, 25.998456024000063], [86.19417964300004, 25.998563570000044], [86.19544384000005, 25.999277368000037], [86.19608095300003, 25.99962517700004], [86.19759445800008, 26.000283184000068], [86.19779274600006, 26.000416745000052], [86.19765030100007, 26.00085007000007], [86.19799199900007, 26.00702509000007], [86.19948358800008, 26.006965755000067], [86.19969003500006, 26.008646621000025], [86.20079232900008, 26.008264891000067], [86.20177195100007, 26.01047801200008], [86.20278274400005, 26.010775652000063], [86.20350296600003, 26.012773838000044], [86.20490859300008, 26.01350605600004], [86.20473674400006, 26.01508934900005], [86.20596776300005, 26.01788215700003], [86.20634966800003, 26.017554679000057], [86.20720372500006, 26.01692172500003], [86.20765489900003, 26.016508053000052], [86.20782221400003, 26.01620458900004], [86.20779374600005, 26.015771621000056], [86.20778951800008, 26.015252691000057], [86.20797690000006, 26.014949072000036], [86.20842958700007, 26.014729457000044], [86.20974607600004, 26.01446345100004], [86.21031348300005, 26.01421605400003], [86.21047643200006, 26.013975748000064], [86.21044632900004, 26.013348724000025], [86.21043731200007, 26.01224761800006], [86.21045414600007, 26.01125018500005], [86.21068864000006, 26.010598800000025], [86.21077844600006, 26.00997095400004], [86.21055701800003, 26.00915107700007], [86.21021776100008, 26.008593742000073], [86.21016566400004, 26.00833235300007], [86.21026434600003, 26.008182737000027], [86.21050270500007, 26.00800517600004], [86.21061581300006, 26.007787851000046], [86.21049774700003, 26.007400537000024], [86.21041971700004, 26.007012915000075], [86.21051230200004, 26.006727987000033]]]]}}, {"type": "Feature", "properties": {"OBJECTID": 3580, "GPCODE": "92653", "GPNAME_1": "NEURI", "DIST_CEN_C": "13", "BLK_NAME": "BIRAUL", "ST_NAME": "BIHAR", "ST_CODE_1": "10", "GPCODE2011": "95208", "REMARKS": "FINALIZED", "MAP_STATUS": "COMPLETED", "BLK_C_2001": "130013", "BLK_C_2011": "01193", "DIST_NAME": "DARBHANGA", "code2011": 11.0, "Shape_Leng": 0.15959060879, "Shape_Area": 0.00071698308, "Area": 7.94686}, "geometry": {"type": "MultiPolygon", "coordinates": [[[[86.19063733500008, 26.03032513000005], [86.19127123000004, 26.029626063000023], [86.19218757700008, 26.02927711800004], [86.19353986200008, 26.029083230000026], [86.19612672600005, 26.02898059300003], [86.19610122800003, 26.02891539700005], [86.19607572600006, 26.02885010800003], [86.19614803700006, 26.028524654000023], [86.19683317400006, 26.027373958000055], [86.19789802000008, 26.026243242000078], [86.19890224300008, 26.025631996000072], [86.19949247500006, 26.02510913200007], [86.19977903100005, 26.024719163000043], [86.20013709100004, 26.02452277100008], [86.20075521600006, 26.024365298000077], [86.20135240500008, 26.024081574000036], [86.20161362100004, 26.02364656700007], [86.20194322200007, 26.023017112000048], [86.20236984200005, 26.022648821000075], [86.20449396200007, 26.021551680000073], [86.20513626500008, 26.021294784000077], [86.20544241400006, 26.02086405700004], [86.20567363000004, 26.01980201500004], [86.20578477500004, 26.018727256000034], [86.20587569300005, 26.018230231000075], [86.20596776300005, 26.01788215700003], [86.20473674400006, 26.01508934900005], [86.20490859300008, 26.01350605600004], [86.20350296600003, 26.012773838000044], [86.20278274400005, 26.010775652000063], [86.20177195100007, 26.01047801200008], [86.20079232900008, 26.008264891000067], [86.19969003500006, 26.008646621000025], [86.19948358800008, 26.006965755000067], [86.19799199900007, 26.00702509000007], [86.19765030100007, 26.00085007000007], [86.19779274600006, 26.000416745000052], [86.19759445800008, 26.000283184000068], [86.19608095300003, 25.99962517700004], [86.19497860300004, 25.999799406000022], [86.19460365200007, 26.000036891000036], [86.19445831100006, 26.000243514000033], [86.19446398300005, 26.000416507000068], [86.19569755400005, 26.005313710000053], [86.19457825400008, 26.005643131000056], [86.19330242800004, 26.00501819400006], [86.19315148400005, 26.004176246000043], [86.19240207800004, 26.000416320000056], [86.19201719400007, 25.999832212000058], [86.19103759000006, 25.997852927000054], [86.19050146400008, 25.997012555000026], [86.19004471600005, 25.996731229000034], [86.18969428900004, 25.996616134000078], [86.18930440700007, 25.99657811900005], [86.18858982300009, 25.99652859500003], [86.18676534400004, 25.99632377100005], [86.18664482600008, 25.996234258000072], [86.18651276900005, 25.995959828000025], [86.18642506500004, 25.995608401000027], [86.18624846300008, 25.99538390200007], [86.18602836400004, 25.99533573000008], [86.18531424900004, 25.995331297000064], [86.18420639200008, 25.995437800000047], [86.18398296100008, 25.995606166000073], [86.18386483100005, 25.995823578000056], [86.18370288300008, 25.996185651000076], [86.18359975500005, 25.996411954000052], [86.18330569500006, 25.99648154700003], [86.18055264800006, 25.99695056400003], [86.17921022700006, 25.997076465000077], [86.17877452800008, 25.996925867000073], [86.17818696900008, 25.99651441700007], [86.17772681900004, 25.996422616000075], [86.17738293200006, 25.996519590000048], [86.17721006000005, 25.996759887000053], [86.17714755100008, 25.99707169000004], [86.17707000800004, 25.998326795000025], [86.17592603400004, 25.999335659000053], [86.17517681400005, 25.99969797500006], [86.17318564000004, 25.996226052000054], [86.17110124400006, 25.99727729400007], [86.16953817700005, 25.997928003000027], [86.16928136300004, 25.998295196000072], [86.16954836200006, 25.999241233000078], [86.16981381900007, 26.000409631000025], [86.16994144800003, 26.00097165300008], [86.16991180900004, 26.00421200900007], [86.17005458900007, 26.00587636100005], [86.17062302100004, 26.007023454000034], [86.17096324000005, 26.007738852000045], [86.17111972400005, 26.008590817000027], [86.17088017800006, 26.010532844000068], [86.17137299200004, 26.011603731000037], [86.17186506000007, 26.012570863000064], [86.17197626900008, 26.013377929000058], [86.17164713600005, 26.01409303500003], [86.17165405800006, 26.014973019000024], [86.17200515000007, 26.017069282000023], [86.17232190100003, 26.01861511900006], [86.17284683000008, 26.019952051000075], [86.17330805300008, 26.02015672400006], [86.17356223700006, 26.020087443000023], [86.17462417800004, 26.019200570000066], [86.17660012300007, 26.017017258000067], [86.17799365900004, 26.01574030300003], [86.17972309400005, 26.014618994000045], [86.18257679800007, 26.01356264700007], [86.18532998600006, 26.013062022000042], [86.18912312000003, 26.01269446200007], [86.18968421800008, 26.012907460000065], [86.19001956700004, 26.013622827000063], [86.19018712300004, 26.01521471700005], [86.19001459200007, 26.016136457000073], [86.18950810100006, 26.016509821000056], [86.18894596600006, 26.016793214000074], [86.18859295000004, 26.017003102000047], [86.18852024600005, 26.017278843000042], [86.18890132600006, 26.017461421000064], [86.18956761300007, 26.017709840000066], [86.18964997100005, 26.01801165300003], [86.18957282100007, 26.018355163000024], [86.18860901400006, 26.01901125200004], [86.18781845500007, 26.01947664900007], [86.18726578200005, 26.019701368000028], [86.18711666600007, 26.020419856000046], [86.18700105900007, 26.022221244000036], [86.18672410800008, 26.02257047300003], [86.18611255800005, 26.022921933000077], [86.18514621300005, 26.023271171000033], [86.18484393400007, 26.023575451000056], [86.18492281300007, 26.024080454000057], [86.18683584500008, 26.027199925000048], [86.18854524700004, 26.03045609800006], [86.18898611400004, 26.03123394100004], [86.18921734900005, 26.031417495000028], [86.18957095900004, 26.031279781000023], [86.19063733500008, 26.03032513000005]]]]}}, {"type": "Feature", "properties": {"OBJECTID": 3613, "GPCODE": "92643", "GPNAME_1": "BHAWANIPUR", "DIST_CEN_C": "13", "BLK_NAME": "BIRAUL", "ST_NAME": "BIHAR", "ST_CODE_1": "10", "GPCODE2011": "95198", "REMARKS": "FINALIZED", "MAP_STATUS": "COMPLETED", "BLK_C_2001": "130013", "BLK_C_2011": "01193", "DIST_NAME": "DARBHANGA", "code2011": 9.0, "Shape_Leng": 0.191460709, "Shape_Area": 0.00098485423, "Area": 10.9176}, "geometry": {"type": "MultiPolygon", "coordinates": [[[[86.24421702700005, 26.00866638800005], [86.24450553800006, 26.008533545000034], [86.24464354400004, 26.008315933000063], [86.24459442900007, 26.007819882000035], [86.24473546900003, 26.00736308300003], [86.24511086800004, 26.00686410900005], [86.24522471800003, 26.006150364000064], [86.24508420900008, 26.00370539900007], [86.24415979900004, 26.000412202000064], [86.24415918200003, 26.000410017000036], [86.24409556800003, 26.00018317000007], [86.24380815400008, 25.996895378000033], [86.24379399800006, 25.99580338800007], [86.24386523700008, 25.99536964300006], [86.24402725500005, 25.995043597000063], [86.24433488700004, 25.99480684400004], [86.24459906300007, 25.994737319000023], [86.24493284800008, 25.994649347000063], [86.24514638500006, 25.994498969000063], [86.24524312800008, 25.99412820400005], [86.24476752100009, 25.992209040000034], [86.24477532800006, 25.99017371000008], [86.24563900800007, 25.98778055400004], [86.24570273300003, 25.987044495000077], [86.24567452300005, 25.986656634000042], [86.24555267800008, 25.986418307000065], [86.24529099700004, 25.986185401000057], [86.24363319800005, 25.985610157000053], [86.24025613400005, 25.984857059000035], [86.23887346100008, 25.984324987000036], [86.23863193500006, 25.984110050000027], [86.23841398600007, 25.983723431000044], [86.23833708000006, 25.98288010300007], [86.23816460100005, 25.982556311000053], [86.23804342700004, 25.982408200000066], [86.23629709800008, 25.982573613000056], [86.23479061800003, 25.982759890000068], [86.23460233300005, 25.982932636000044], [86.23465047100007, 25.983320346000028], [86.23464048500006, 25.98451184700008], [86.23440384900005, 25.984878997000067], [86.23363787300008, 25.985254250000025], [86.23311434600004, 25.985343528000044], [86.23277936600005, 25.985300662000043], [86.23244358300008, 25.985154042000033], [86.23217444000005, 25.984614290000025], [86.23183643800007, 25.984205944000053], [86.23157032800003, 25.98403176200003], [86.23121051600003, 25.983993570000052], [86.23078108700008, 25.98399647100007], [86.22975490900006, 25.98430576800007], [86.22868638000006, 25.984917703000065], [86.22822884600004, 25.985137489000067], [86.22796948200005, 25.985184325000034], [86.22782382000008, 25.985076969000033], [86.22779684300008, 25.984838059000026], [86.22772303500005, 25.984364717000062], [86.22757645400003, 25.984149007000042], [86.22717160600007, 25.984106620000034], [86.22633234100005, 25.98406722800007], [86.22611670900005, 25.98396036400004], [86.22599527600005, 25.983767130000047], [86.22596693600008, 25.983356618000073], [86.225869, 25.982991801000026], [86.22572334300008, 25.982884442000056], [86.22548484800006, 25.98303496400007], [86.22520328700006, 25.983406933000026], [86.22479547200004, 25.98360372600007], [86.22391239000007, 25.983695366000063], [86.22288947700008, 25.983792495000046], [86.22259935900007, 25.983731332000048], [86.22243320000007, 25.983560970000042], [86.22215670300005, 25.98213227100007], [86.22207024800008, 25.98012465000005], [86.22207071400004, 25.979569508000054], [86.22198857100005, 25.97868558700003], [86.22102189800006, 25.977112603000023], [86.22000851700005, 25.975927983000076], [86.21941957000007, 25.974140345000023], [86.21916651300006, 25.972508464000043], [86.21861834400005, 25.972642975000042], [86.21796854500008, 25.97256162700006], [86.21756292600008, 25.972410856000067], [86.21734622600007, 25.972173162000047], [86.21603329100003, 25.97220446800003], [86.21474286000006, 25.972538030000067], [86.21366956600008, 25.97256767600004], [86.21125102800005, 25.972344571000065], [86.20981152200005, 25.972160130000077], [86.20897779700005, 25.97216564300004], [86.20866910200004, 25.972280536000028], [86.20843125900006, 25.972498693000034], [86.20841096800007, 25.97308096300003], [86.20863431000004, 25.97414003800003], [86.20863636600006, 25.974397257000078], [86.20851866000004, 25.974659710000026], [86.20806654700004, 25.974942488000067], [86.20783430900008, 25.975246433000052], [86.20764030700008, 25.97533796600004], [86.20737533200008, 25.975294559000076], [86.20697008700006, 25.97518896300005], [86.20670537700005, 25.97519066900003], [86.20658748700004, 25.97543065700006], [86.20673840800004, 25.976183286000037], [86.20681819600009, 25.976783023000053], [86.20663031400005, 25.977018893000036], [86.20548338800006, 25.977202443000067], [86.20273342300004, 25.977369515000078], [86.20249251800004, 25.977222185000073], [86.20234562700006, 25.976961432000053], [86.20236433300005, 25.976185102000045], [86.20234984200005, 25.974389087000077], [86.20100336300004, 25.97584200400007], [86.20085678100008, 25.976235631000065], [86.20111395000004, 25.97902281900008], [86.20131298900003, 25.979567529000064], [86.20151011000007, 25.97985962000007], [86.20223072300007, 25.980053423000072], [86.20297105400005, 25.98020647000004], [86.20333710500006, 25.98039817600005], [86.20353818400008, 25.98057278400006], [86.20378019800006, 25.981478338000045], [86.20391888400007, 25.982569515000023], [86.20277215200008, 25.98279364600006], [86.20281863400004, 25.983596661000036], [86.20282689700008, 25.984621016000062], [86.20235678400007, 25.985152119000077], [86.20186096300006, 25.985588564000068], [86.20151817600004, 25.98643469900003], [86.20141371800008, 25.987103284000057], [86.20135913700005, 25.987762515000043], [86.20118731900004, 25.988138265000032], [86.20066541200003, 25.98843493700008], [86.19960382600004, 25.98869921000005], [86.19919527000008, 25.988819160000048], [86.19904182000005, 25.988978134000035], [86.19904291500006, 25.989113554000028], [86.19930620300005, 25.989563064000038], [86.19998854600004, 25.990578456000037], [86.20080412800007, 25.99201721700007], [86.20115577000007, 25.992899434000037], [86.20140345900006, 25.993881560000034], [86.20144423100004, 25.994598877000044], [86.20167983400006, 25.99533293500008], [86.20179109000009, 25.99550817200003], [86.20192211300008, 25.99565619300006], [86.20207289100006, 25.99577257800007], [86.20247274300004, 25.995806021000078], [86.20301646600007, 25.995734739000056], [86.20345051300006, 25.995673256000032], [86.20378500700008, 25.995661964000078], [86.20408989300006, 25.99568712000007], [86.20428490800003, 25.995726413000057], [86.20444067500006, 25.99584268800004], [86.20464815800005, 25.996175248000043], [86.20504689500007, 25.997309837000046], [86.20528265200005, 25.998671192000074], [86.20538853600004, 25.99941510600007], [86.20677181900004, 25.999405962000026], [86.20731527300006, 25.999285041000064], [86.20755403600003, 25.99916612800007], [86.20780316700007, 25.99909680500008], [86.20794344700005, 25.999154481000062], [86.20802046100005, 25.999406683000075], [86.20867495700008, 26.000416882000025], [86.20935887600007, 26.000975314000073], [86.20994173700007, 26.00148205800008], [86.21051610700005, 26.001768860000027], [86.20943382200005, 26.003515083000025], [86.20956912800006, 26.004692109000075], [86.20969958500007, 26.00481353200007], [86.21032018200003, 26.005408188000047], [86.21051230200004, 26.006727987000033], [86.21072543000008, 26.006532553000056], [86.21127802100006, 26.006312260000072], [86.21182671100007, 26.006222887000035], [86.21235142800003, 26.006264497000075], [86.21312355600008, 26.006624905000024], [86.21509734400007, 26.008561275000034], [86.21571950900005, 26.008918073000075], [86.21646026400003, 26.009107234000055], [86.21706016000007, 26.009170878000077], [86.21739628000006, 26.009340171000076], [86.21749357100003, 26.00964183800005], [86.21733482500008, 26.010378526000068], [86.21736185900005, 26.010635571000023], [86.21764751900008, 26.01074195500007], [86.21803200500005, 26.010739321000074], [86.21843612600009, 26.01067346800005], [86.21867439400006, 26.010500410000077], [86.21896067300008, 26.01008784800007], [86.21962579900008, 26.009582442000067], [86.22019927100007, 26.00947031800007], [86.22067753700009, 26.009318158000042], [86.22098504400003, 26.009054388000038], [86.22126550400003, 26.00853348000004], [86.22145474000007, 26.007864360000042], [86.22173658600008, 26.007523982000066], [86.22209473300006, 26.00734557900006], [86.22252288300007, 26.00717119500007], [86.22278564200008, 26.006930296000064], [86.22290280300007, 26.006604595000056], [86.22272085700007, 26.005139175000068], [86.22258237100004, 26.002874619000067], [86.22134844700008, 26.00041040900004], [86.22126713400007, 26.000247987000023], [86.22051895000004, 25.99914737000006], [86.22046585700008, 25.99875967500003], [86.22053790700005, 25.99841174000005], [86.22076943100006, 25.99802207500005], [86.22150991700005, 25.997583817000077], [86.22408518500004, 25.99676773300007], [86.22506185100008, 25.996508438000035], [86.22558571800005, 25.996441738000044], [86.22601573100007, 25.996502003000046], [86.22637778800004, 25.99680193000006], [86.22662124500005, 25.997256148000076], [86.22686394700008, 25.99761996500007], [86.22705502000008, 25.997772104000035], [86.22758468700005, 25.99780922800005], [86.22909055100007, 25.997519177000072], [86.23045384700004, 25.99750997700005], [86.23188897100005, 25.997716882000077], [86.23299674800006, 25.998205771000073], [86.23432387700007, 25.999839391000023], [86.23465900500008, 26.000410567000074], [86.23528143300007, 26.00147093700008], [86.23561994200008, 26.001942518000078], [86.23603195400005, 26.002242081000077], [86.23732819500003, 26.00255809600003], [86.23861816600004, 26.002725351000038], [86.23936464500008, 26.00300000200008], [86.23998697500008, 26.003361305000055], [86.24059140700007, 26.003966347000073], [86.24118237800008, 26.005952439000055], [86.24131105100008, 26.006998578000037], [86.24135969900004, 26.00743138300004], [86.24148136700006, 26.007647156000075], [86.24208125600006, 26.00770628300006], [86.24282072400007, 26.007741767000027], [86.24356838400007, 26.008151815000076], [86.24395622100008, 26.00853732400003], [86.24421702700005, 26.00866638800005]]]]}}, {"type": "Feature", "properties": {"OBJECTID": 3806, "GPCODE": "92647", "GPNAME_1": "SAHO", "DIST_CEN_C": "13", "BLK_NAME": "BIRAUL", "ST_NAME": "BIHAR", "ST_CODE_1": "10", "GPCODE2011": "95216", "REMARKS": "FINALIZED", "MAP_STATUS": "COMPLETED", "BLK_C_2001": "130013", "BLK_C_2011": "01193", "DIST_NAME": "DARBHANGA", "code2011": 14.0, "Shape_Leng": 0.15434172934, "Shape_Area": 0.00077608661, "Area": 8.60498}, "geometry": {"type": "MultiPolygon", "coordinates": [[[[86.14798127900008, 25.966816469000037], [86.14592347000007, 25.967121985000063], [86.14473390000006, 25.96951712300006], [86.14596832300003, 25.969997008000064], [86.14709477100007, 25.970387131000052], [86.14815247300004, 25.97093568200006], [86.14925879600008, 25.97197581200004], [86.15006863700006, 25.97275597600003], [86.15064103600008, 25.97317209000005], [86.15129757200003, 25.973492975000056], [86.15206810900008, 25.973695717000055], [86.15339813900005, 25.97393566100004], [86.15489657400008, 25.97399848500004], [86.15546105200008, 25.97403557900003], [86.15563102200008, 25.97406155400006], [86.15580153400003, 25.974159798000073], [86.15597222000008, 25.974280597000075], [86.15625486800008, 25.975325782000027], [86.15637099200006, 25.975487506000036], [86.15649664900008, 25.975604098000076], [86.15684657700007, 25.97565602000003], [86.15722607300006, 25.97565363800004], [86.15735629600005, 25.975702455000032], [86.15745164600008, 25.97576959500003], [86.15748240500005, 25.975864152000042], [86.15738225100006, 25.976483081000026], [86.15704197300005, 25.97768558300004], [86.15701469600003, 25.97803779700007], [86.15702712500007, 25.97835363100006], [86.15710495600007, 25.97873668400007], [86.15743310300007, 25.979199445000063], [86.15920041100009, 25.980456493000077], [86.16068441700008, 25.98122339300005], [86.16171091500007, 25.98159148800005], [86.16201651400007, 25.981724901000064], [86.16229852700008, 25.98202555900008], [86.16268338400005, 25.982068260000062], [86.16352520400005, 25.981810169000028], [86.16426355100003, 25.981710785000075], [86.16487452600006, 25.981937091000077], [86.16526348200006, 25.98251226600007], [86.16514813400005, 25.983735902000035], [86.16543111300007, 25.98417188700006], [86.16596777900008, 25.984470841000075], [86.16663510000006, 25.98488185000008], [86.16702246800008, 25.985249422000038], [86.16783749100006, 25.985384116000034], [86.16881025500004, 25.985260604000075], [86.17334535400005, 25.984099026000024], [86.17589482800008, 25.983807452000065], [86.17638269300005, 25.983614800000055], [86.17578786400009, 25.98353284600006], [86.17571181600005, 25.983393491000072], [86.17569858400003, 25.98297390500005], [86.17588115800004, 25.981420306000075], [86.17615750100003, 25.97973525900005], [86.17650591700004, 25.978311465000047], [86.17671064100006, 25.97704660200003], [86.17664801500007, 25.97605866200007], [86.17639090900008, 25.975117109000053], [86.17624760700005, 25.974666762000027], [86.17615996200004, 25.974319836000063], [86.17615848900004, 25.974125769000068], [86.17629586300006, 25.97381799200008], [86.17672741500007, 25.973458768000057], [86.17727882400004, 25.973094237000055], [86.17830451500004, 25.97272203800003], [86.18015642200004, 25.97202421000003], [86.18148106600006, 25.971573455000055], [86.18193953500008, 25.971466763000024], [86.18223370200008, 25.971415214000046], [86.18263311500004, 25.97140359800005], [86.18316760000005, 25.971427233000043], [86.18433324700004, 25.97171755100004], [86.18534316300008, 25.971887052000056], [86.18686314100006, 25.972143483000025], [86.18962362000008, 25.97268066600003], [86.19062469700003, 25.972999026000025], [86.19107507500007, 25.97311346200007], [86.19188956700003, 25.973198413000034], [86.19339819200007, 25.973287904000074], [86.19674910500004, 25.97335171900005], [86.19670161500005, 25.97302714700004], [86.19674066200008, 25.972291265000024], [86.19711766800003, 25.971359230000076], [86.19715492500006, 25.970406729000047], [86.19712420200005, 25.96906665100005], [86.19692342700006, 25.968309825000063], [86.19723241900004, 25.96761735000007], [86.19810791100008, 25.966591711000035], [86.19897989300006, 25.965128314000026], [86.19911073300005, 25.96400383200006], [86.19884125200008, 25.962773536000043], [86.19847338400007, 25.961738059000027], [86.19839452600007, 25.961242155000036], [86.19732079200008, 25.96057669700008], [86.19651587800007, 25.96044212700008], [86.19401897800003, 25.96036360900007], [86.19295413700007, 25.960190087000058], [86.19242813500006, 25.959958854000035], [86.19208160800008, 25.959708328000033], [86.19181290700004, 25.959200168000052], [86.19146780000005, 25.959121150000044], [86.19063238400008, 25.958909946000063], [86.19008830200005, 25.958922544000075], [86.18939013200009, 25.959021843000073], [86.18796438600003, 25.959288273000027], [86.18764033900004, 25.95934903400007], [86.18742655200003, 25.959458735000055], [86.18714406400005, 25.95972689000007], [86.18668875100008, 25.960230755000055], [86.18625678100005, 25.960535880000066], [86.18586854700004, 25.96067829200007], [86.18560879600005, 25.960661901000037], [86.18529359900003, 25.96057367000003], [86.18497827000004, 25.96047641900003], [86.18462841900003, 25.96043809400004], [86.18431320800005, 25.96034534900008], [86.18420206800005, 25.96018814200005], [86.18411307500008, 25.959660679000024], [86.18411837000008, 25.959069429000067], [86.18402217400006, 25.958903156000076], [86.18392166800004, 25.958818002000044], [86.18371673400009, 25.958778711000036], [86.18350724900006, 25.958807196000066], [86.18316395800008, 25.958958315000075], [86.18301058200007, 25.95913523200005], [86.18292722100006, 25.959325394000075], [86.18289644500004, 25.959853560000056], [86.18282359800008, 25.96011126700006], [86.18270410900004, 25.96016168700004], [86.18254388800005, 25.96009501900005], [86.18240796500004, 25.959956015000046], [86.18194439100006, 25.959421961000032], [86.18169332200006, 25.959234022000032], [86.18143751900004, 25.959091210000054], [86.18108278400007, 25.95905288800003], [86.18080785900008, 25.959005043000047], [86.18057824600004, 25.959015536000038], [86.18016832400008, 25.95895048500006], [86.17987236600004, 25.95876736300005], [86.17956506100006, 25.958421874000067], [86.17936762000005, 25.958071105000045], [86.17926536600004, 25.957769419000044], [86.17931197100006, 25.957340360000046], [86.17764911700004, 25.95792866000005], [86.17657274900006, 25.95818831200006], [86.17532675900009, 25.95846250900007], [86.17396090300008, 25.958737488000054], [86.17217574800009, 25.959006139000053], [86.17212698600008, 25.959164349000048], [86.17190834900003, 25.959928431000037], [86.17157394900005, 25.96058042100003], [86.17127215500005, 25.960934310000027], [86.17096876700003, 25.96108520300004], [86.17052484400006, 25.96114671600003], [86.16920108200009, 25.96104674000003], [86.16658394200005, 25.960914436000053], [86.16481663100006, 25.96092563900004], [86.16416318000006, 25.96100647700007], [86.16360075100005, 25.961235660000057], [86.16282465300003, 25.96158803900005], [86.16164607700006, 25.962191166000025], [86.16020811700008, 25.962831983000058], [86.15937143200006, 25.963098978000062], [86.15882792600007, 25.96320169200004], [86.15821878700007, 25.96319649000003], [86.15689468400006, 25.963055904000043], [86.15563139200003, 25.96304569700004], [86.15481819600006, 25.96311402200007], [86.15497016800003, 25.963406388000067], [86.15544976500007, 25.96344398000008], [86.15577561300006, 25.96361795400003], [86.15584170700004, 25.96377548600003], [86.15584397500004, 25.96406879500006], [86.15555229800003, 25.96574493600008], [86.15540652900006, 25.96627385800008], [86.15508311600007, 25.966415747000042], [86.15457889000004, 25.966418909000026], [86.15386486600005, 25.96642336000008], [86.15373987600003, 25.96705137600003], [86.15350112300007, 25.967170210000063], [86.15308688300007, 25.967190901000038], [86.15271650800008, 25.96707586800005], [86.15241305100005, 25.967217608000055], [86.15185109800007, 25.967514505000054], [86.15148469200005, 25.96790939600004], [86.15137795800007, 25.968325251000067], [86.15124980100006, 25.96853815700007], [86.15105573900007, 25.96862059700004], [86.14960248400007, 25.968589016000067], [86.14931671200009, 25.96843278600005], [86.14914034300006, 25.968217260000074], [86.14881063700005, 25.967533342000024], [86.14798127900008, 25.966816469000037]]]]}}, {"type": "Feature", "properties": {"OBJECTID": 3810, "GPCODE": "92656", "GPNAME_1": "POKHRAM SOUTH", "DIST_CEN_C": "13", "BLK_NAME": "BIRAUL", "ST_NAME": "BIHAR", "ST_CODE_1": "10", "GPCODE2011": "95212", "REMARKS": "FINALIZED", "MAP_STATUS": "COMPLETED", "BLK_C_2001": "130013", "BLK_C_2011": "01193", "DIST_NAME": "DARBHANGA", "code2011": 10.0, "Shape_Leng": 0.11933976017, "Shape_Area": 0.00069098097, "Area": 7.66523}, "geometry": {"type": "MultiPolygon", "coordinates": [[[[86.20428022900006, 25.92156725500007], [86.20373888500006, 25.920654713000033], [86.20325868900005, 25.919899701000077], [86.20277226500008, 25.918995834000043], [86.20262419100004, 25.91858611200007], [86.20258041400007, 25.918103532000032], [86.20268625700004, 25.917610939000042], [86.20353535700008, 25.91645908600003], [86.20482250500004, 25.915164523000044], [86.20511448500008, 25.914855698000054], [86.20525369200004, 25.914782553000066], [86.20542824900008, 25.914772373000062], [86.20579767000004, 25.91479255300004], [86.20622632800007, 25.91472647300003], [86.20648520800006, 25.914639071000067], [86.20673253700005, 25.914371163000055], [86.20715512400005, 25.91355604000006], [86.20772907300005, 25.912315757000044], [86.20733166500008, 25.911930252000047], [86.20718964500008, 25.911646920000067], [86.20710985200003, 25.911033710000027], [86.20711213500005, 25.91009047500006], [86.20713926400003, 25.90973832700007], [86.20719276500006, 25.909557438000036], [86.20731122800004, 25.909407758000043], [86.20751951100004, 25.909239392000075], [86.20782330200007, 25.909160695000025], [86.20851234500003, 25.909205791000034], [86.20933087400005, 25.909222881000062], [86.20909147800006, 25.908001485000057], [86.21164025200005, 25.907844745000034], [86.21171312900003, 25.907591523000065], [86.21168781800003, 25.906932854000047], [86.21129908400007, 25.90638483200007], [86.21112698200005, 25.906088152000052], [86.21094396300003, 25.905674117000046], [86.21082023800005, 25.905187631000047], [86.21082060100008, 25.904618928000048], [86.21097770500006, 25.903679273000023], [86.21131489800007, 25.90218777900003], [86.21136549300007, 25.901659434000067], [86.21142433900008, 25.900909914000067], [86.21140733300007, 25.900657330000058], [86.21133072300006, 25.90044571100003], [86.21113899800008, 25.900180757000044], [86.21052572300005, 25.89962971700004], [86.20939761700004, 25.89897377500006], [86.20896253600006, 25.898854826000047], [86.20882735000004, 25.898797040000034], [86.20876200600009, 25.898743283000044], [86.20872667900005, 25.89868492200003], [86.20872595800006, 25.89859911700006], [86.20873669500008, 25.898080098000037], [86.20869441300005, 25.897173259000056], [86.20864307000005, 25.896993141000053], [86.20857691200007, 25.896826599000065], [86.20847577100005, 25.896669281000072], [86.20831470000007, 25.896489855000027], [86.20813377900004, 25.896337652000057], [86.20777330000004, 25.896186530000023], [86.20734381700004, 25.896148766000067], [86.20669486700007, 25.896107963000077], [86.20632539800005, 25.896087789000035], [86.20601608400005, 25.896094318000053], [86.20589549300007, 25.896609612000077], [86.20498177900004, 25.896538926000062], [86.20446196800003, 25.896434025000076], [86.20425182300005, 25.896363198000074], [86.20410145000005, 25.896269451000023], [86.20394061300004, 25.896126021000043], [86.20376376800004, 25.89586092500008], [86.20334973900003, 25.89524997500007], [86.20320847200009, 25.895056769000064], [86.20316771000006, 25.894957825000063], [86.20313628800005, 25.89476843800003], [86.20315945500005, 25.893310650000046], [86.20322800600007, 25.892529523000064], [86.20335067700006, 25.89160118800004], [86.20220298900006, 25.891502512000045], [86.20096054400005, 25.89141285100004], [86.20032192700006, 25.89139970000008], [86.19987291400008, 25.891481129000056], [86.19940390500005, 25.891607744000055], [86.19863078000003, 25.891906069000072], [86.19808693500005, 25.89203271300005], [86.19769784000005, 25.89210060700003], [86.19699925600008, 25.892118931000027], [86.19600634200003, 25.89211047200007], [86.19541276000007, 25.892282187000035], [86.19507355500008, 25.89249452100006], [86.19476446000004, 25.892873730000076], [86.19454521000006, 25.893352235000066], [86.19437618800004, 25.89441750800006], [86.19428170400005, 25.895053872000062], [86.19408248500008, 25.895699377000028], [86.19391309200006, 25.896141728000032], [86.19369374900003, 25.89648034100003], [86.19319470000005, 25.89638130000003], [86.19223163300006, 25.896241865000036], [86.19195227600005, 25.896395448000078], [86.19158308100003, 25.896481322000056], [86.19098929100005, 25.896395896000058], [86.19004105300007, 25.89618862900005], [86.18999607100005, 25.89593144500003], [86.18909283700003, 25.895751301000075], [86.18809969500006, 25.89553963700007], [86.18629828300004, 25.895165766000048], [86.18609497900007, 25.895453447000023], [86.18547003500004, 25.896390758000052], [86.18564347100005, 25.898127045000024], [86.18590892700007, 25.90015612700006], [86.18590508300008, 25.902195998000025], [86.18583209600007, 25.902431162000028], [86.18562431900006, 25.90266265500003], [86.18535644300005, 25.902853896000067], [86.18348170500008, 25.90306457500003], [86.17999056400004, 25.903308090000053], [86.18003053700005, 25.905866639000067], [86.18047700900007, 25.90869785600006], [86.18070173500007, 25.909996120000073], [86.18097803000006, 25.911488129000077], [86.18141633900007, 25.913290415000063], [86.18185323600005, 25.916162331000066], [86.18196010700007, 25.917700567000054], [86.18736309000008, 25.921512544000052], [86.19233825700007, 25.92015568000005], [86.19490122200006, 25.924075509000033], [86.19731342500006, 25.924527797000053], [86.20428022900006, 25.92156725500007]]]]}}]}