{"type": "FeatureCollection", "features": [{"type": "Feature", "properties": {"OBJECTID": 2629, "GPCODE": "92958", "GPNAME_1": "MORA MARDANA", "DIST_CEN_C": "35", "BLK_NAME": "BODH GAYA", "ST_NAME": "BIHAR", "ST_CODE_1": "10", "GPCODE2011": "95513", "REMARKS": "FINALIZED", "MAP_STATUS": "COMPLETED", "BLK_C_2001": "350009", "BLK_C_2011": "01495", "DIST_NAME": "GAYA", "code2011": 26.0, "Shape_Leng": 0.21066596899, "Shape_Area": 0.00153782014, "Area": 17.2521}, "geometry": {"type": "MultiPolygon", "coordinates": [[[[84.92104651700004, 24.64981779900006], [84.92214344600006, 24.64965315200004], [84.92319051500004, 24.64965545000007], [84.92354721800007, 24.649254468000038], [84.92435692800007, 24.649360056000035], [84.92607605100005, 24.64922386300003], [84.92717838300007, 24.64887411600006], [84.92796365500004, 24.648875816000043], [84.92961875300006, 24.648676223000052], [84.93044908800005, 24.648438699000053], [84.93114556200004, 24.64842212600007], [84.93228236400006, 24.64808597900003], [84.93332524600004, 24.647808380000072], [84.93416478800003, 24.647819181000045], [84.93571137900005, 24.647542572000077], [84.93673427900006, 24.647346105000054], [84.93716920900005, 24.647225125000034], [84.93780114000003, 24.64730768800007], [84.93915518000006, 24.647030581000024], [84.94092993700008, 24.646325602000047], [84.94225928800006, 24.646012317000043], [84.94182600300007, 24.645469787000025], [84.94141200900003, 24.645130322000057], [84.94141321800004, 24.644615774000044], [84.94170049300004, 24.644295830000033], [84.94209155700008, 24.64391746700005], [84.94207294300008, 24.64346159300004], [84.94171430000006, 24.64267088300005], [84.94162674300009, 24.642133571000045], [84.94110518400004, 24.64131547200003], [84.94043491000008, 24.640776852000045], [84.93982443500005, 24.639994672000057], [84.93962822900005, 24.63945715600005], [84.93978259500005, 24.638920287000076], [84.93992636400003, 24.638690344000054], [84.93992776200008, 24.63813064900006], [84.93969013100008, 24.636356136000074], [84.93962728100007, 24.63581885900004], [84.93909592900008, 24.63500981900006], [84.93893939400004, 24.634400095000046], [84.93880708200004, 24.633961958000043], [84.93900600900008, 24.633407170000055], [84.93833112300007, 24.632728660000055], [84.93804998700006, 24.63258815300003], [84.93757058900007, 24.63276768000003], [84.93735256800005, 24.633024505000037], [84.93709036500007, 24.63322258900007], [84.93682855200007, 24.633262668000043], [84.93658666400006, 24.63324416200004], [84.93622728700007, 24.632755904000078], [84.93633747600006, 24.63216020300007], [84.93662476400004, 24.63180424600006], [84.93642785500003, 24.631542014000047], [84.93614645900004, 24.631523392000076], [84.93585940500003, 24.631761975000074], [84.93590472100004, 24.63140096500007], [84.93577648300004, 24.631342060000065], [84.93529708700004, 24.631521579000037], [84.93496579500004, 24.63167885100006], [84.93490219600005, 24.63143952400003], [84.93505595700003, 24.631159979000074], [84.93512098700006, 24.630821552000043], [84.93510217300008, 24.63046489900006], [84.93479652000008, 24.630265660000077], [84.93434320900008, 24.629826836000063], [84.93394969200006, 24.62922571000007], [84.93311128600004, 24.628799582000056], [84.93256940600008, 24.628279387000077], [84.93178676600007, 24.627262060000078], [84.93196661000007, 24.626445431000036], [84.93183948100005, 24.625926053000057], [84.93181655800004, 24.62524884800007], [84.93192628200006, 24.624793193000073], [84.93192782800008, 24.624215435000053], [84.93146997800005, 24.62365468400003], [84.93124437000006, 24.623026804000062], [84.93094142500007, 24.621753214000023], [84.93111625800003, 24.620995244000028], [84.93151301400007, 24.620300921000023], [84.93247240700003, 24.619707057000028], [84.93285418600004, 24.619116573000042], [84.93336083800006, 24.617903384000044], [84.93342680000006, 24.617226463000065], [84.93286128800008, 24.616290810000066], [84.93098354400007, 24.614860444000044], [84.92946128300008, 24.613525546000062], [84.92816002300003, 24.612624562000065], [84.92818761700005, 24.61341907800005], [84.92825053700005, 24.613920247000067], [84.92785962300007, 24.614235378000046], [84.92735604900008, 24.614216200000044], [84.92672335200007, 24.61445412200004], [84.92576583000005, 24.61433015500006], [84.92398299500007, 24.614448222000078], [84.92224008100004, 24.614421832000062], [84.92154320600008, 24.61465505800004], [84.91941962700008, 24.614803856000037], [84.91739558900008, 24.61465944100007], [84.91604284800007, 24.61459325900006], [84.91532652000006, 24.614731637000034], [84.91417112900007, 24.61469295200004], [84.91337562100006, 24.614903308000066], [84.91283257200007, 24.614879538000025], [84.91224575600006, 24.61458023800003], [84.91148151500005, 24.614181295000037], [84.91076655800003, 24.613782435000076], [84.91022369500007, 24.61369996700006], [84.90982864800003, 24.61369910700006], [84.90945800200006, 24.613820177000036], [84.90880560400007, 24.614075972000023], [84.90773911200006, 24.614312580000046], [84.90773841700008, 24.614312734000066], [84.90700757800005, 24.61431113900005], [84.90652890700005, 24.61422873300006], [84.90633187400005, 24.614029664000043], [84.90600649000004, 24.61387097900007], [84.90561611400005, 24.613987416000043], [84.90530931000006, 24.614207871000076], [84.90478554000003, 24.61436466600003], [84.90415321400008, 24.614462547000073], [84.90356532900006, 24.614560485000027], [84.90315562900008, 24.61451889500006], [84.90274011900004, 24.61477983700007], [84.90232498300009, 24.614936852000028], [84.90156394400003, 24.61517433100005], [84.90099490700004, 24.615592801000048], [84.90082145000008, 24.615809004000027], [84.90075023200006, 24.616585290000046], [84.90067518200004, 24.616932679000058], [84.90006010400003, 24.617928840000047], [84.89938165600006, 24.618645024000045], [84.89841166300005, 24.61943265800005], [84.89793290000006, 24.619332263000047], [84.89756355200007, 24.61899283100007], [84.89710965000006, 24.61885184600004], [84.89638922900008, 24.618687640000076], [84.89527872200006, 24.618486355000073], [84.89442920500005, 24.618565670000066], [84.89304582500006, 24.618828677000067], [84.89188959600006, 24.619123889000036], [84.89128173500006, 24.619280359000072], [84.89066894000007, 24.61948203000003], [84.88999669100008, 24.619697102000032], [84.88969063700006, 24.619678349000026], [84.88938462900006, 24.61963693200005], [84.88905940900008, 24.619378898000036], [84.88881829200005, 24.619098480000048], [84.88851755300004, 24.618917144000022], [84.88818660000004, 24.618975087000024], [84.88790511500008, 24.618974344000037], [84.88745053300005, 24.61907259700007], [84.88714423600004, 24.619135007000068], [84.88683752100007, 24.619350998000073], [84.88653039100006, 24.619688789000065], [84.88644574400007, 24.619927768000025], [84.88641968700006, 24.62038819600008], [84.88630037000007, 24.62067221700005], [84.88714291600007, 24.62302604100006], [84.88724877300007, 24.624001304000046], [84.88738961600006, 24.62480972800006], [84.88777628300005, 24.626024906000055], [84.88809874500004, 24.62722636600006], [84.88822414600008, 24.62826484800007], [84.88826676500008, 24.628901446000043], [84.88850669100003, 24.629619760000026], [84.88796157100006, 24.63025943400004], [84.88659400500006, 24.63015679500006], [84.88561088600005, 24.63027631400007], [84.88389216600007, 24.630353369000034], [84.88171296200005, 24.63084462100005], [84.87989476100006, 24.631129017000035], [84.87858647800005, 24.63100840000004], [84.87756337200005, 24.631285742000046], [84.87597193600004, 24.631719614000076], [84.87466180700005, 24.632212925000033], [84.87517032600005, 24.63392044400007], [84.87551226100004, 24.635194269000067], [84.87594319600004, 24.63640954400006], [84.87614900200003, 24.636978887000055], [84.87631345700004, 24.63811673400005], [84.87630817900003, 24.639908767000065], [84.87654221400004, 24.640925022000033], [84.87590821300006, 24.641559905000065], [84.87528505000006, 24.64182917900007], [84.87435085700008, 24.64210672300004], [84.87399926200004, 24.64240379000006], [84.87488257000007, 24.64265875700005], [84.87607775800006, 24.642661755000063], [84.87706036400004, 24.64272287500006], [84.87829991000007, 24.642784607000067], [84.87860569900005, 24.642925270000035], [84.87943064300003, 24.642868659000044], [84.88017140200003, 24.642888500000026], [84.88119887300007, 24.64281432000007], [84.88445333100003, 24.642894526000077], [84.88659214000006, 24.64275974800006], [84.88854824700007, 24.642647133000025], [84.88971907800004, 24.642523577000077], [84.89056913700006, 24.642327005000027], [84.89227023500007, 24.641572696000026], [84.89345659700007, 24.641187267000078], [84.89467592700004, 24.641393312000048], [84.89528721100004, 24.64176937700006], [84.89556935400003, 24.641571471000077], [84.89589498600003, 24.641671581000026], [84.89624517600004, 24.641852898000025], [84.89722291500004, 24.64187332700004], [84.89781106400005, 24.64173920500008], [84.89844366600005, 24.64156018700004], [84.89999526900004, 24.641288475000067], [84.90225258700008, 24.641167305000067], [84.90515008400007, 24.63993711300003], [84.90724157900007, 24.639025575000062], [84.90936767800008, 24.638105074000066], [84.91050029100006, 24.637493771000038], [84.91124257900003, 24.636917655000047], [84.91178537700006, 24.63895018100004], [84.91284499100004, 24.641620301000046], [84.91366497200005, 24.643414136000047], [84.91406884200006, 24.643825852000077], [84.91469602500007, 24.643827224000063], [84.91509156900008, 24.643688216000044], [84.91550652400008, 24.643648449000068], [84.91587638900006, 24.64384788900003], [84.91572171200005, 24.644447936000063], [84.91558753300006, 24.644745535000027], [84.91558577500007, 24.645422602000053], [84.91549993600006, 24.646117642000036], [84.91540764900003, 24.64737225700003], [84.91550416000007, 24.64823918600007], [84.91558709200007, 24.64861857300008], [84.91582766800008, 24.649156266000034], [84.91617700200004, 24.649680631000024], [84.91788022500003, 24.649964287000046], [84.91881831500007, 24.650092708000045], [84.91958896900007, 24.650017718000072], [84.92104651700004, 24.64981779900006]]]]}}, {"type": "Feature", "properties": {"OBJECTID": 2684, "GPCODE": "92948", "GPNAME_1": "BARA", "DIST_CEN_C": "35", "BLK_NAME": "BODH GAYA", "ST_NAME": "BIHAR", "ST_CODE_1": "10", "GPCODE2011": "95503", "REMARKS": "FINALIZED", "MAP_STATUS": "COMPLETED", "BLK_C_2001": "350009", "BLK_C_2011": "01495", "DIST_NAME": "GAYA", "code2011": 27.0, "Shape_Leng": 0.20289065862, "Shape_Area": 0.00130422586, "Area": 14.6317}, "geometry": {"type": "MultiPolygon", "coordinates": [[[[84.95671747700004, 24.640917912000077], [84.95730621000007, 24.64048119200004], [84.95793822200005, 24.640563670000063], [84.95848142500006, 24.640564709000046], [84.95941690100005, 24.64183944800004], [84.95995935900004, 24.642161005000048], [84.96052609700007, 24.64269928400006], [84.96080687300008, 24.643038381000054], [84.96171910900006, 24.643636008000044], [84.96240503000007, 24.64389010900004], [84.96299245100005, 24.644031119000033], [84.96388654800006, 24.64395156100005], [84.96464739600003, 24.643853721000028], [84.96504238100005, 24.643913129000055], [84.96566897400004, 24.64419418500006], [84.96632395400007, 24.64503056800004], [84.96647602700006, 24.645468691000076], [84.96677674400007, 24.645731041000033], [84.96730005000006, 24.645808786000032], [84.96765070700008, 24.645832029000076], [84.96819427500003, 24.64569308700004], [84.96860872000008, 24.645869961000074], [84.97009967000008, 24.646143580000057], [84.97073383000009, 24.645291615000076], [84.97106076100005, 24.64483629500006], [84.97175297200005, 24.644485450000047], [84.97254929500008, 24.643936215000053], [84.97295087700007, 24.643268899000077], [84.97309078900008, 24.642515322000065], [84.97295385100006, 24.641887678000046], [84.97342000300006, 24.641057887000045], [84.97403040700004, 24.639673273000028], [84.97488708200007, 24.638668180000025], [84.97476927700006, 24.63831140800005], [84.97459713200004, 24.637972513000022], [84.97490513600007, 24.63715611200007], [84.97523251600006, 24.636502146000055], [84.97544098900005, 24.636010472000066], [84.97511588400005, 24.63563073000006], [84.97442081400004, 24.635074260000067], [84.97352846500007, 24.634354921000067], [84.97272532600005, 24.63351828100008], [84.97158203100008, 24.632446363000042], [84.96917186400003, 24.630329334000066], [84.96780132000004, 24.629311147000067], [84.96717079900003, 24.628592268000034], [84.96618061500004, 24.62751602000003], [84.96561387400004, 24.627018388000067], [84.96548616400008, 24.626738300000056], [84.96474626000008, 24.626375772000074], [84.96413513000005, 24.625837465000075], [84.96348480700004, 24.62518166900003], [84.96302682000004, 24.624621104000028], [84.96263834100006, 24.62388455300004], [84.96163369400006, 24.622713485000077], [84.96074292900005, 24.62139825500003], [84.95949016600008, 24.618601702000035], [84.95936455800006, 24.617405177000023], [84.95932371700007, 24.615829779000023], [84.95927244800004, 24.614525101000027], [84.95955784400007, 24.612814831000037], [84.95988569000008, 24.611939779000068], [84.96012917400003, 24.611263114000053], [84.96062891700007, 24.610803719000046], [84.96115294400005, 24.610524842000075], [84.96215612000003, 24.61017018900003], [84.96338550700005, 24.610199589000047], [84.96447690500008, 24.610084275000077], [84.96569683600006, 24.60992860500005], [84.96588622000007, 24.60916164200006], [84.96618907700008, 24.608426395000038], [84.96647665500006, 24.607867230000068], [84.96634442200008, 24.607388481000044], [84.96685011300008, 24.606473038000047], [84.96678228200005, 24.605877147000058], [84.96704020600004, 24.605353945000047], [84.96785613400004, 24.60480934000003], [84.96811818700007, 24.60465183100007], [84.96879707200003, 24.603538160000028], [84.96929804400008, 24.60246477100003], [84.96995842100006, 24.600791293000043], [84.97038454200003, 24.600128522000034], [84.97044950800006, 24.59974944800007], [84.97071227100008, 24.59927140700006], [84.97060472100009, 24.598792785000057], [84.97026120900006, 24.59785774000005], [84.97000043500003, 24.59745545800007], [84.97003635200008, 24.596814580000057], [84.96979168900003, 24.595848155000056], [84.96942906100008, 24.59461063200007], [84.96857963600007, 24.594757979000065], [84.96749767400007, 24.595117063000032], [84.96592238700003, 24.595290197000054], [84.96526041800007, 24.595446867000078], [84.96427740100006, 24.595738435000044], [84.96378373300007, 24.595692343000053], [84.96336884200008, 24.595781807000037], [84.96319528100008, 24.596120064000047], [84.96351516700008, 24.596590098000036], [84.96356297500006, 24.597244766000074], [84.96351272800007, 24.597668964000036], [84.96343770300007, 24.598075074000064], [84.96331358600008, 24.598368255000025], [84.96294320000004, 24.59841270800007], [84.96238085800007, 24.598208526000064], [84.96185352800006, 24.597814726000024], [84.96150964100008, 24.597051213000043], [84.96102176800008, 24.59666664100007], [84.96057724800005, 24.596756038000024], [84.95956971000004, 24.59693468200004], [84.95811783400006, 24.597089851000078], [84.95823845900009, 24.598304323000036], [84.95850834400005, 24.599022596000054], [84.95914321100008, 24.599922121000077], [84.95978322100007, 24.600690753000038], [84.95983132200007, 24.601227951000055], [84.95942523900004, 24.60176890200006], [84.95666744600004, 24.603004892000058], [84.95542247300006, 24.603340941000056], [84.95431040800008, 24.603857877000053], [84.95335191000004, 24.604113299000062], [84.95147893300003, 24.604886003000047], [84.95005039100005, 24.605569322000065], [84.94893820100003, 24.606099764000078], [84.94592765200008, 24.60764648600008], [84.94394423800009, 24.609095978000028], [84.94302470700006, 24.609572564000075], [84.94179377700004, 24.610161391000076], [84.94077068800004, 24.61059715600004], [84.93976875400006, 24.610455170000023], [84.93891920000004, 24.61055269800005], [84.93806996800004, 24.610550901000067], [84.93654438900006, 24.61050711400003], [84.93584802500004, 24.61058691100004], [84.93514210800004, 24.610535826000046], [84.93433185500004, 24.61069655700004], [84.93287440500006, 24.611050095000053], [84.93148195100008, 24.611069799000063], [84.93078533700003, 24.611266855000054], [84.93001989200008, 24.61130590600004], [84.92936821600006, 24.611281894000058], [84.92877033400003, 24.611452198000052], [84.92835554000004, 24.61145128000004], [84.92813700700003, 24.611965413000064], [84.92816002300003, 24.612624562000065], [84.92946128300008, 24.613525546000062], [84.93098354400007, 24.614860444000044], [84.93286128800008, 24.616290810000066], [84.93342680000006, 24.617226463000065], [84.93336083800006, 24.617903384000044], [84.93285418600004, 24.619116573000042], [84.93247240700003, 24.619707057000028], [84.93151301400007, 24.620300921000023], [84.93111625800003, 24.620995244000028], [84.93094142500007, 24.621753214000023], [84.93124437000006, 24.623026804000062], [84.93146997800005, 24.62365468400003], [84.93192782800008, 24.624215435000053], [84.93192628200006, 24.624793193000073], [84.93181655800004, 24.62524884800007], [84.93183948100005, 24.625926053000057], [84.93196661000007, 24.626445431000036], [84.93178676600007, 24.627262060000078], [84.93256940600008, 24.628279387000077], [84.93311128600004, 24.628799582000056], [84.93394969200006, 24.62922571000007], [84.93434320900008, 24.629826836000063], [84.93479652000008, 24.630265660000077], [84.93510217300008, 24.63046489900006], [84.93512098700006, 24.630821552000043], [84.93505595700003, 24.631159979000074], [84.93490219600005, 24.63143952400003], [84.93496579500004, 24.63167885100006], [84.93529708700004, 24.631521579000037], [84.93577648300004, 24.631342060000065], [84.93590472100004, 24.63140096500007], [84.93585940500003, 24.631761975000074], [84.93614645900004, 24.631523392000076], [84.93642785500003, 24.631542014000047], [84.93662476400004, 24.63180424600006], [84.93633747600006, 24.63216020300007], [84.93622728700007, 24.632755904000078], [84.93658666400006, 24.63324416200004], [84.93682855200007, 24.633262668000043], [84.93709036500007, 24.63322258900007], [84.93735256800005, 24.633024505000037], [84.93757058900007, 24.63276768000003], [84.93804998700006, 24.63258815300003], [84.93833112300007, 24.632728660000055], [84.93900600900008, 24.633407170000055], [84.93880708200004, 24.633961958000043], [84.93893939400004, 24.634400095000046], [84.93909592900008, 24.63500981900006], [84.93962728100007, 24.63581885900004], [84.93969013100008, 24.636356136000074], [84.93992776200008, 24.63813064900006], [84.93992636400003, 24.638690344000054], [84.93978259500005, 24.638920287000076], [84.93962822900005, 24.63945715600005], [84.93982443500005, 24.639994672000057], [84.94043491000008, 24.640776852000045], [84.94110518400004, 24.64131547200003], [84.94162674300009, 24.642133571000045], [84.94171430000006, 24.64267088300005], [84.94207294300008, 24.64346159300004], [84.94209155700008, 24.64391746700005], [84.94170049300004, 24.644295830000033], [84.94141321800004, 24.644615774000044], [84.94141200900003, 24.645130322000057], [84.94182600300007, 24.645469787000025], [84.94225928800006, 24.646012317000043], [84.94264819300008, 24.646527711000033], [84.94249190700003, 24.64782291100005], [84.94264383800004, 24.64831974200007], [84.94309592300004, 24.649259547000042], [84.94411443000007, 24.648814808000054], [84.94494007600008, 24.64850043200005], [84.94557243000008, 24.64842053700005], [84.94635828000008, 24.648182879000046], [84.94727324600007, 24.647688194000068], [84.94807883500005, 24.647468595000078], [84.94962639100004, 24.64675395200004], [84.95012758000007, 24.645779953000044], [84.95031107800008, 24.645432741000036], [84.95103296600007, 24.645118256000046], [84.95186364900007, 24.64470004100008], [84.95245241900005, 24.64426343200006], [84.95295222500005, 24.643867175000025], [84.95325923900003, 24.643529254000043], [84.95360622000004, 24.642970150000053], [84.95426417200008, 24.642492986000036], [84.95480801100007, 24.642277343000046], [84.95612874000005, 24.641354629000034], [84.95671747700004, 24.640917912000077]]]]}}, {"type": "Feature", "properties": {"OBJECTID": 2691, "GPCODE": "92946", "GPNAME_1": "ATIYA", "DIST_CEN_C": "35", "BLK_NAME": "BODH GAYA", "ST_NAME": "BIHAR", "ST_CODE_1": "10", "GPCODE2011": "95501", "REMARKS": "FINALIZED", "MAP_STATUS": "COMPLETED", "BLK_C_2001": "350009", "BLK_C_2011": "01495", "DIST_NAME": "GAYA", "code2011": 15.0, "Shape_Leng": 0.15588689067, "Shape_Area": 0.00134403968, "Area": 15.0775}, "geometry": {"type": "MultiPolygon", "coordinates": [[[[84.99258330100008, 24.647759175000033], [84.99377894300005, 24.647571655000036], [84.99466287400008, 24.647645359000023], [84.99565056600005, 24.647696718000077], [84.99672231400007, 24.647698453000032], [84.99784190500003, 24.64752018400003], [84.99833912100007, 24.647639113000025], [84.99906492900004, 24.647892497000043], [85.00024958400007, 24.648597601000063], [85.00176558500004, 24.64886973600005], [85.00303992700003, 24.648834634000025], [85.00296220800004, 24.647493980000036], [85.00311187300008, 24.64585998800004], [85.00330557500007, 24.644767732000048], [85.00339029300005, 24.644027521000055], [85.00314984200008, 24.642397809000045], [85.00357156000007, 24.640326230000028], [85.00360219200007, 24.639351198000043], [85.00321492000006, 24.636321989000066], [85.00269838800006, 24.63422706800003], [85.00262736900004, 24.631103291000045], [85.00261153000008, 24.62703168400003], [85.00274137400004, 24.625510533000067], [85.00319370400007, 24.622459484000046], [85.00306744500006, 24.620242990000065], [85.00273342700007, 24.618455177000044], [85.00203328000003, 24.617330577000075], [85.00075609000004, 24.615686415000027], [84.99922191100006, 24.614136813000073], [84.99784087800003, 24.61324673000007], [84.99763631800005, 24.613001032000057], [84.99706903700007, 24.612724723000042], [84.99635377900006, 24.612403002000065], [84.99578635300009, 24.61222149100007], [84.99507065600005, 24.61206228800006], [84.99417725500007, 24.61194339000008], [84.99345643900006, 24.61190152900008], [84.99234533300006, 24.61197632300008], [84.99112556700004, 24.612055550000036], [84.99000514900007, 24.61184596100003], [84.98852499800006, 24.611288170000023], [84.98750480800004, 24.610388061000037], [84.98661284200006, 24.60956947300008], [84.98526246000006, 24.608411584000066], [84.98303406800005, 24.606827722000048], [84.98264331000007, 24.607142993000025], [84.98201174100006, 24.606943238000042], [84.98155300400003, 24.60672573200003], [84.98124667200005, 24.60682453800007], [84.98081168500005, 24.60710364700003], [84.98037714800006, 24.607120920000057], [84.97996393400007, 24.60638437700004], [84.97974733900008, 24.606086075000064], [84.97902641200005, 24.606102836000048], [84.97841829800007, 24.606498913000053], [84.97783987900004, 24.606849992000036], [84.97714341100004, 24.606988664000028], [84.97590343000007, 24.60730242300008], [84.97505402500008, 24.607400147000078], [84.97446619100003, 24.607520928000042], [84.97374448900007, 24.607916876000047], [84.97315687200006, 24.60793381900004], [84.97230659800005, 24.60839268600006], [84.97184713600006, 24.608531792000065], [84.97049811400007, 24.60900775700003], [84.96976707100004, 24.609177912000064], [84.96880848500007, 24.609496630000024], [84.96822070700006, 24.60957224300006], [84.96761325100005, 24.609652358000062], [84.96741558900004, 24.609692633000066], [84.96689195800008, 24.60980901100004], [84.96656565400008, 24.610007005000057], [84.96569683600006, 24.60992860500005], [84.96447690500008, 24.610084275000077], [84.96338550700005, 24.610199589000047], [84.96215612000003, 24.61017018900003], [84.96115294400005, 24.610524842000075], [84.96062891700007, 24.610803719000046], [84.96012917400003, 24.611263114000053], [84.95988569000008, 24.611939779000068], [84.95955784400007, 24.612814831000037], [84.95927244800004, 24.614525101000027], [84.95932371700007, 24.615829779000023], [84.95936455800006, 24.617405177000023], [84.95949016600008, 24.618601702000035], [84.96074292900005, 24.62139825500003], [84.96163369400006, 24.622713485000077], [84.96263834100006, 24.62388455300004], [84.96302682000004, 24.624621104000028], [84.96348480700004, 24.62518166900003], [84.96413513000005, 24.625837465000075], [84.96474626000008, 24.626375772000074], [84.96548616400008, 24.626738300000056], [84.96561387400004, 24.627018388000067], [84.96618061500004, 24.62751602000003], [84.96717079900003, 24.628592268000034], [84.96780132000004, 24.629311147000067], [84.96917186400003, 24.630329334000066], [84.97158203100008, 24.632446363000042], [84.97272532600005, 24.63351828100008], [84.97352846500007, 24.634354921000067], [84.97442081400004, 24.635074260000067], [84.97511588400005, 24.63563073000006], [84.97544098900005, 24.636010472000066], [84.97523251600006, 24.636502146000055], [84.97490513600007, 24.63715611200007], [84.97459713200004, 24.637972513000022], [84.97476927700006, 24.63831140800005], [84.97488708200007, 24.638668180000025], [84.97700573800006, 24.638672084000063], [84.97719941400004, 24.640432866000026], [84.97694618000008, 24.64105984400004], [84.97582465600004, 24.641265478000037], [84.97578843600007, 24.642010182000035], [84.97579691700008, 24.642646671000023], [84.97602789700005, 24.643211396000027], [84.97734848200008, 24.64459501600004], [84.97849640600003, 24.64589714500005], [84.97860464400009, 24.646086925000077], [84.97850917000005, 24.64683160900006], [84.97834375800005, 24.647959762000028], [84.97806786600006, 24.649963437000054], [84.97801201400006, 24.650672017000034], [84.97876748500005, 24.65073660400003], [84.97984885800008, 24.650887572000045], [84.98048583200006, 24.650942806000046], [84.98285238800008, 24.650622086000055], [84.98505656900005, 24.649971434000065], [84.98892640400004, 24.648781987000064], [84.98980576600007, 24.648657155000024], [84.99082380200008, 24.64838356100006], [84.99258330100008, 24.647759175000033]]]]}}, {"type": "Feature", "properties": {"OBJECTID": 2708, "GPCODE": "92947", "GPNAME_1": "BAKRAUR", "DIST_CEN_C": "35", "BLK_NAME": "BODH GAYA", "ST_NAME": "BIHAR", "ST_CODE_1": "10", "GPCODE2011": "95502", "REMARKS": "FINALIZED", "MAP_STATUS": "COMPLETED", "BLK_C_2001": "350009", "BLK_C_2011": "01495", "DIST_NAME": "GAYA", "code2011": 19.0, "Shape_Leng": 0.24856962924, "Shape_Area": 0.00110052563, "Area": 12.339}, "geometry": {"type": "MultiPolygon", "coordinates": [[[[85.01893082900006, 24.711072026000068], [85.01844798900004, 24.70946471700006], [85.01546331800006, 24.709539264000057], [85.01516748300008, 24.70876713100006], [85.01502529900006, 24.707507642000053], [85.01397743900003, 24.702157859000067], [85.01361869700008, 24.699990902000025], [85.01299388000007, 24.69697059600003], [85.01322164300007, 24.696411002000048], [85.01369158300008, 24.695752329000072], [85.01352019800004, 24.693942057000072], [85.01373876400004, 24.692660235000062], [85.01435749800004, 24.691315558000042], [85.01604510100003, 24.688066728000024], [85.01770992600007, 24.688302646000068], [85.02099039100005, 24.68836368500007], [85.02213161700007, 24.688364465000063], [85.02429080800005, 24.688158317000045], [85.02692888600006, 24.688394749000054], [85.02816429200004, 24.68810664500006], [85.02924158600007, 24.687854551000044], [85.03031852800007, 24.687954559000048], [85.03207255400008, 24.687784092000072], [85.03319423100004, 24.68745534800007], [85.03366360300004, 24.687473648000037], [85.03486881500004, 24.687844518000077], [85.03592616500003, 24.68776843300003], [85.03681554800005, 24.68763352600007], [85.03772499500008, 24.68709694000006], [85.03982485500006, 24.686962711000035], [85.04066989700004, 24.686656221000078], [85.04194004900006, 24.68592568500003], [85.04185689300004, 24.684706835000043], [85.04152182200005, 24.68323965600007], [85.04213986200006, 24.68260349700006], [85.04279207200005, 24.682409705000055], [85.04304917500008, 24.682098389000032], [85.04302514400007, 24.68107373600003], [85.04317366800007, 24.680649526000025], [85.04414686200005, 24.680573279000043], [85.04450733400006, 24.680921046000037], [85.04486735500006, 24.681887259000064], [85.04507964800007, 24.682081511000035], [85.04643335500003, 24.68204604400006], [85.04668515700007, 24.682298974000048], [85.04702020000008, 24.683671441000058], [85.04748431600007, 24.68420880800005], [85.04773594600005, 24.68479127100005], [85.04754771500006, 24.685621766000054], [85.04767079200008, 24.686240221000048], [85.04908909800008, 24.685699249000038], [85.05055130500006, 24.68591215400005], [85.05109985700005, 24.68566414600008], [85.05313080200006, 24.684915862000025], [85.05277057700005, 24.684179893000078], [85.05243606200008, 24.681746695000072], [85.05224938100008, 24.679796543000066], [85.05220565400003, 24.67855972600006], [85.05152894000008, 24.67842391000005], [85.05147024000007, 24.677439820000075], [85.05147073000006, 24.676473874000067], [85.05100683200004, 24.67567469200003], [85.05278070500003, 24.67498485300007], [85.05383808500005, 24.67461973500008], [85.05444576800005, 24.67450271000007], [85.05097433800006, 24.672104069000056], [85.04908772000005, 24.67146665200005], [85.04822857600004, 24.67071688900006], [85.04601640200008, 24.66932997400005], [85.04523587900007, 24.669401771000025], [85.04499359800008, 24.669699527000034], [85.04535802600003, 24.67146017500005], [85.04392513600004, 24.671946968000043], [85.04302601800003, 24.672131526000044], [85.04179602000005, 24.671945782000023], [85.03913423500006, 24.670815765000043], [85.03934417400006, 24.66710990200005], [85.03826657900004, 24.66820171100005], [85.03568085700005, 24.671310300000073], [85.03403001300006, 24.672640888000046], [85.03237409700006, 24.673971531000063], [85.02989775500004, 24.675843259000033], [85.02877095600007, 24.676492560000042], [85.02714470700005, 24.67771033500003], [85.02512755200007, 24.67967709100003], [85.02315053000007, 24.68079073100006], [85.02160071900005, 24.67903817200005], [85.02106777400007, 24.678356218000033], [85.02079676100004, 24.677498342000035], [85.02092562100006, 24.677015467000047], [85.02194931100007, 24.67565295000003], [85.02243955800003, 24.674249400000065], [85.02257391700005, 24.672985590000053], [85.02319462300005, 24.66907236800006], [85.02072480100009, 24.668980474000023], [85.02015153100007, 24.669232774000022], [85.01995856600007, 24.669625429000064], [85.01993830600009, 24.670248297000057], [85.02021413500006, 24.671160373000077], [85.02031713000008, 24.672094753000067], [85.02031617100005, 24.673245878000046], [85.01944097100005, 24.674256425000067], [85.01775588800007, 24.674796876000073], [85.01728627200004, 24.67518471300008], [85.01487940700008, 24.67639275600004], [85.01292262400005, 24.677009702000078], [85.01175543400007, 24.67851648000004], [85.01120076900008, 24.67996501400006], [85.00999334900007, 24.68218501700005], [85.00976524500004, 24.683051484000032], [85.00975958100008, 24.683845959000053], [85.00966974100004, 24.68484796100006], [85.00895236500008, 24.685948843000062], [85.00822965600008, 24.687537228000053], [85.00586317900007, 24.687508242000035], [85.00480564000009, 24.68770149200003], [85.00338791800004, 24.687546868000027], [85.00247884700008, 24.68752358300003], [85.00116500500008, 24.687174964000064], [84.99970735500006, 24.687385857000038], [84.99784140300005, 24.687224531000027], [84.99684552600007, 24.687159808000047], [84.99710559600004, 24.68800434800005], [84.99707137300004, 24.690292879000026], [84.99717992900008, 24.69280727100005], [84.99746358200008, 24.694279325000025], [84.99765398900007, 24.695435194000027], [84.99773654000006, 24.696116992000043], [84.99773533200005, 24.69672181900006], [84.99778862600004, 24.697250075000056], [84.99783949400006, 24.69754976100006], [84.99795257200003, 24.698028359000034], [84.99836607200007, 24.69959504800005], [84.99862203000004, 24.700561226000048], [84.99827924700008, 24.702434236000045], [84.99840172000006, 24.703499627000042], [84.99869744700004, 24.704253738000034], [84.99880000700006, 24.70543198000007], [84.99909448400007, 24.707458991000067], [84.99895985700005, 24.708618943000033], [84.99989181800004, 24.71064646900004], [85.00031044700006, 24.712019155000064], [85.00065093300003, 24.712520407000056], [85.00178513900005, 24.714900271000033], [85.00227339200006, 24.715889213000025], [85.00410454400009, 24.71815220600007], [85.00482040400004, 24.718906579000077], [85.00773674800007, 24.723508668000022], [85.00881244100003, 24.725315074000036], [85.00855996800004, 24.72573920700006], [85.00872778600007, 24.725987554000028], [85.00940470100005, 24.72612346300008], [85.01069846400009, 24.727356772000064], [85.01222123900004, 24.726662796000028], [85.01345234100006, 24.72608597800007], [85.01309317400006, 24.724212368000053], [85.01381203900007, 24.721626422000043], [85.01512931600007, 24.71851728100006], [85.01581282600006, 24.716743794000024], [85.01647147100005, 24.715083132000075], [85.01897491700004, 24.71151444000003], [85.01893082900006, 24.711072026000068]]]]}}, {"type": "Feature", "properties": {"OBJECTID": 2711, "GPCODE": "92953", "GPNAME_1": "ITARA", "DIST_CEN_C": "35", "BLK_NAME": "BODH GAYA", "ST_NAME": "BIHAR", "ST_CODE_1": "10", "GPCODE2011": "95508", "REMARKS": "FINALIZED", "MAP_STATUS": "COMPLETED", "BLK_C_2001": "350009", "BLK_C_2011": "01495", "DIST_NAME": "GAYA", "code2011": 22.0, "Shape_Leng": 0.15364125292, "Shape_Area": 0.00090963363, "Area": 10.201}, "geometry": {"type": "MultiPolygon", "coordinates": [[[[84.89067231100006, 24.694395495000037], [84.89202136200004, 24.694321926000043], [84.89290033100008, 24.694500106000078], [84.89391747500008, 24.69470567700006], [84.89479726200005, 24.694608380000034], [84.89595442400008, 24.694259071000033], [84.89718079100004, 24.693873746000065], [84.89745884300004, 24.69339592600005], [84.89823133700008, 24.692792865000058], [84.89886643500006, 24.69181490400007], [84.90029776400007, 24.690558853000027], [84.90305092500006, 24.690136364000068], [84.90613529000007, 24.689642484000046], [84.90670110000008, 24.68870031700004], [84.90761181400006, 24.68807493500003], [84.90805111700007, 24.688252009000053], [84.90861490900005, 24.688018587000045], [84.90880804600005, 24.68784293400006], [84.90930341600006, 24.687370146000035], [84.90947290700007, 24.686815336000052], [84.91002438700008, 24.685683564000044], [84.90954668100005, 24.685118230000057], [84.90894107900004, 24.684358537000037], [84.90770414400004, 24.683200158000034], [84.91089697100006, 24.682728887000053], [84.91158967400008, 24.682328751000057], [84.91723117300006, 24.682467733000067], [84.91733708500004, 24.683524214000045], [84.91883992600003, 24.683161949000066], [84.92040639900006, 24.68301642800003], [84.92156269800006, 24.682915123000043], [84.92263507500007, 24.682818147000035], [84.92464688800004, 24.68239369400004], [84.92651657600004, 24.68151756900005], [84.92808968300005, 24.680690422000055], [84.92979630900004, 24.679840932000047], [84.93131454400003, 24.67921670000004], [84.93104057000005, 24.678155374000028], [84.93084929400004, 24.677599732000033], [84.93054450100004, 24.676994198000045], [84.92949312400003, 24.674716939000064], [84.92864177700005, 24.673428658000034], [84.92721897600006, 24.671538750000025], [84.92661412500007, 24.67048117400003], [84.92580770200004, 24.669035018000045], [84.92498698100007, 24.667399174000025], [84.92333166900005, 24.663784390000046], [84.92107530800007, 24.663400350000074], [84.92058146900007, 24.663327034000076], [84.91898616700007, 24.663273858000025], [84.91835373000004, 24.663322137000023], [84.91766759700005, 24.66314449400005], [84.91692219000004, 24.662966804000064], [84.91653687300004, 24.662966014000062], [84.91626395000003, 24.66346637600003], [84.91612428100007, 24.663971699000058], [84.91573848100006, 24.664169446000074], [84.91510591500008, 24.664267279000057], [84.91458273400008, 24.664117220000037], [84.91379662700007, 24.664354718000027], [84.91179117100006, 24.664350193000075], [84.90804704400006, 24.664292036000063], [84.90711216800008, 24.66476841000008], [84.90551506600008, 24.665342502000044], [84.90344809100003, 24.666168278000043], [84.90395194700005, 24.667943465000064], [84.90449687100005, 24.66917704900004], [84.90506142500004, 24.67047836000006], [84.90068386000007, 24.670770616000027], [84.89897923400008, 24.67089306500003], [84.89783644200008, 24.671481743000072], [84.89807904300005, 24.67306663100004], [84.89726392200004, 24.67307373700004], [84.89599839700008, 24.67337326100005], [84.89506315300008, 24.67394878400006], [84.89412257700008, 24.67462819800005], [84.89335624000006, 24.674879146000023], [84.89280257500008, 24.675004227000045], [84.89203155700005, 24.675124228000072], [84.89162074700005, 24.67540312700004], [84.89068086800006, 24.675852286000065], [84.88985518000004, 24.676080503000037], [84.88897553300006, 24.676204763000044], [84.88823441100004, 24.676225595000062], [84.88762647000004, 24.676323452000076], [84.88729469400005, 24.676602505000062], [84.88677494500007, 24.676975860000027], [84.88611118300008, 24.677579107000042], [84.88553183100004, 24.678029149000054], [84.88514565000008, 24.678330648000042], [84.88478963500006, 24.678433590000054], [84.88445927100008, 24.678229601000055], [84.88407377700008, 24.678278387000034], [84.88379675900006, 24.67840406600004], [84.88313416500006, 24.67860561400005], [84.88181544200006, 24.678525599000068], [84.88148694800003, 24.679332756000065], [84.88104019300005, 24.680062958000065], [84.88018925700004, 24.68048519000007], [84.87930885500003, 24.680835114000047], [84.87764120000008, 24.68177436900004], [84.87791480400006, 24.682781619000025], [84.87807340800003, 24.684289684000078], [84.87889502400003, 24.68545176300006], [84.88041692600007, 24.68705347200006], [84.88146046800006, 24.68837414500007], [84.88203376800004, 24.689986987000054], [84.88231810900004, 24.69075502000004], [84.88261740100006, 24.691459936000058], [84.88291236400005, 24.69364997300005], [84.88595577800004, 24.693693481000025], [84.88687998400007, 24.697040499000025], [84.88727784300005, 24.69783596900004], [84.88749763700008, 24.697028474000035], [84.88791411600005, 24.696501330000046], [84.88824622200008, 24.69615004600007], [84.88874237800007, 24.695424525000078], [84.88909924300003, 24.695019116000026], [84.88987103100004, 24.694695984000077], [84.89067231100006, 24.694395495000037]]]]}}, {"type": "Feature", "properties": {"OBJECTID": 2718, "GPCODE": "92954", "GPNAME_1": "JHIKATIYA", "DIST_CEN_C": "35", "BLK_NAME": "BODH GAYA", "ST_NAME": "BIHAR", "ST_CODE_1": "10", "GPCODE2011": "95509", "REMARKS": "FINALIZED", "MAP_STATUS": "COMPLETED", "BLK_C_2001": "350009", "BLK_C_2011": "01495", "DIST_NAME": "GAYA", "code2011": 25.0, "Shape_Leng": 0.16151853781, "Shape_Area": 0.00103879588, "Area": 11.6517}, "geometry": {"type": "MultiPolygon", "coordinates": [[[[84.88407377700008, 24.678278387000034], [84.88445927100008, 24.678229601000055], [84.88478963500006, 24.678433590000054], [84.88514565000008, 24.678330648000042], [84.88553183100004, 24.678029149000054], [84.88611118300008, 24.677579107000042], [84.88677494500007, 24.676975860000027], [84.88729469400005, 24.676602505000062], [84.88762647000004, 24.676323452000076], [84.88823441100004, 24.676225595000062], [84.88897553300006, 24.676204763000044], [84.88985518000004, 24.676080503000037], [84.89068086800006, 24.675852286000065], [84.89162074700005, 24.67540312700004], [84.89203155700005, 24.675124228000072], [84.89280257500008, 24.675004227000045], [84.89335624000006, 24.674879146000023], [84.89412257700008, 24.67462819800005], [84.89506315300008, 24.67394878400006], [84.89599839700008, 24.67337326100005], [84.89726392200004, 24.67307373700004], [84.89807904300005, 24.67306663100004], [84.89783644200008, 24.671481743000072], [84.89897923400008, 24.67089306500003], [84.90068386000007, 24.670770616000027], [84.90506142500004, 24.67047836000006], [84.90449687100005, 24.66917704900004], [84.90395194700005, 24.667943465000064], [84.90344809100003, 24.666168278000043], [84.90551506600008, 24.665342502000044], [84.90711216800008, 24.66476841000008], [84.90804704400006, 24.664292036000063], [84.91179117100006, 24.664350193000075], [84.91159246400008, 24.662936831000025], [84.91105956600006, 24.660886314000038], [84.91040442600007, 24.658397687000047], [84.90998569500005, 24.65614426600007], [84.90949309500007, 24.653827513000067], [84.90900485700007, 24.65174092500007], [84.90878673200007, 24.65020565100008], [84.91093565100005, 24.650034472000073], [84.91275274600008, 24.65021460300005], [84.91407226700005, 24.649942228000043], [84.91617700200004, 24.649680631000024], [84.91582766800008, 24.649156266000034], [84.91558709200007, 24.64861857300008], [84.91550416000007, 24.64823918600007], [84.91540764900003, 24.64737225700003], [84.91549993600006, 24.646117642000036], [84.91558577500007, 24.645422602000053], [84.91558753300006, 24.644745535000027], [84.91572171200005, 24.644447936000063], [84.91587638900006, 24.64384788900003], [84.91550652400008, 24.643648449000068], [84.91509156900008, 24.643688216000044], [84.91469602500007, 24.643827224000063], [84.91406884200006, 24.643825852000077], [84.91366497200005, 24.643414136000047], [84.91284499100004, 24.641620301000046], [84.91178537700006, 24.63895018100004], [84.91124257900003, 24.636917655000047], [84.91050029100006, 24.637493771000038], [84.90936767800008, 24.638105074000066], [84.90724157900007, 24.639025575000062], [84.90515008400007, 24.63993711300003], [84.90225258700008, 24.641167305000067], [84.89999526900004, 24.641288475000067], [84.89844366600005, 24.64156018700004], [84.89781106400005, 24.64173920500008], [84.89722291500004, 24.64187332700004], [84.89624517600004, 24.641852898000025], [84.89589498600003, 24.641671581000026], [84.89556935400003, 24.641571471000077], [84.89528721100004, 24.64176937700006], [84.89467592700004, 24.641393312000048], [84.89345659700007, 24.641187267000078], [84.89227023500007, 24.641572696000026], [84.89056913700006, 24.642327005000027], [84.88971907800004, 24.642523577000077], [84.88854824700007, 24.642647133000025], [84.88659214000006, 24.64275974800006], [84.88445333100003, 24.642894526000077], [84.88119887300007, 24.64281432000007], [84.88017140200003, 24.642888500000026], [84.87943064300003, 24.642868659000044], [84.87860569900005, 24.642925270000035], [84.87829991000007, 24.642784607000067], [84.87706036400004, 24.64272287500006], [84.87607775800006, 24.642661755000063], [84.87488257000007, 24.64265875700005], [84.87399926200004, 24.64240379000006], [84.87404146700004, 24.64318024000005], [84.87405751800009, 24.64439454400008], [84.87405789800005, 24.644399372000066], [84.87415272900006, 24.645604501000037], [84.87450199100005, 24.646083911000062], [84.87508945100006, 24.646162056000037], [84.87583071800003, 24.646005950000074], [84.87628494000006, 24.646065736000025], [84.87680737900007, 24.646428194000066], [84.87734908900006, 24.646966637000048], [84.87752377700008, 24.648041421000073], [84.87775808200007, 24.648976412000025], [84.87787470600006, 24.649604123000074], [84.87821350800004, 24.65027758800005], [84.87798747600004, 24.651563484000064], [84.87760437200006, 24.652492405000032], [84.87748907200006, 24.653069880000032], [84.87751750400008, 24.653471643000046], [84.87699199800005, 24.654124926000065], [84.87657539100007, 24.654728700000078], [84.87611818300007, 24.655671015000053], [84.87523516500005, 24.656950789000064], [84.87602821700006, 24.657656961000043], [84.87685227400004, 24.65793885100004], [84.87737482000006, 24.65829218300007], [84.87803563400007, 24.658668498000054], [84.87808810500007, 24.659273549000034], [84.87799256800008, 24.659864584000047], [84.87853982700005, 24.66021805200006], [84.87900768100008, 24.66067057500004], [84.87911499600006, 24.661126771000056], [84.87941473200004, 24.661678210000048], [84.88016209700004, 24.662858207000056], [84.88207996300008, 24.665778889000023], [84.88249163100005, 24.666885860000036], [84.88235103000005, 24.667689006000046], [84.88241729400005, 24.66865961600007], [84.88203070700007, 24.669114596000043], [84.88137317700006, 24.669288987000073], [84.88079392700007, 24.669711926000048], [84.88026828700004, 24.670392211000035], [84.88001938100007, 24.671046137000076], [84.88122582900007, 24.67238072600003], [84.88160839400007, 24.673288901000035], [84.88080480700006, 24.67444255500004], [84.88028332400006, 24.67537115700003], [84.88057201900006, 24.676324221000073], [84.88087140100004, 24.67697948700004], [84.88147245500005, 24.677531697000063], [84.88181544200006, 24.678525599000068], [84.88313416500006, 24.67860561400005], [84.88379675900006, 24.67840406600004], [84.88407377700008, 24.678278387000034]]]]}}, {"type": "Feature", "properties": {"OBJECTID": 2721, "GPCODE": "92957", "GPNAME_1": "MOCHARIM", "DIST_CEN_C": "35", "BLK_NAME": "BODH GAYA", "ST_NAME": "BIHAR", "ST_CODE_1": "10", "GPCODE2011": "95512", "REMARKS": "FINALIZED", "MAP_STATUS": "COMPLETED", "BLK_C_2001": "350009", "BLK_C_2011": "01495", "DIST_NAME": "GAYA", "code2011": 19.0, "Shape_Leng": 0.21519145994, "Shape_Area": 0.00127909619, "Area": 14.3445}, "geometry": {"type": "MultiPolygon", "coordinates": [[[[84.99707137300004, 24.690292879000026], [84.99710559600004, 24.68800434800005], [84.99684552600007, 24.687159808000047], [84.99720533600004, 24.685097478000046], [84.99715426900008, 24.683463390000043], [84.99697916200006, 24.682090807000066], [84.99706703300006, 24.680181554000058], [84.99684715600006, 24.678948882000043], [84.99615059900003, 24.676519222000024], [84.99601984200007, 24.675187390000076], [84.99604852200008, 24.673246427000038], [84.99631325000007, 24.671802373000048], [84.99631558700008, 24.670642274000045], [84.99687202600006, 24.669036297000048], [84.99784161700006, 24.66732737500007], [84.99910222600005, 24.664946359000055], [85.00022069000005, 24.662807713000063], [85.00154272700007, 24.659612878000075], [85.00206253500005, 24.658390009000072], [85.00191467300004, 24.658037826000054], [85.00202592500005, 24.655469379000067], [85.00237403500006, 24.65294188400003], [85.00269716000008, 24.650879229000054], [85.00303992700003, 24.648834634000025], [85.00176558500004, 24.64886973600005], [85.00024958400007, 24.648597601000063], [84.99906492900004, 24.647892497000043], [84.99833912100007, 24.647639113000025], [84.99784190500003, 24.64752018400003], [84.99672231400007, 24.647698453000032], [84.99565056600005, 24.647696718000077], [84.99466287400008, 24.647645359000023], [84.99377894300005, 24.647571655000036], [84.99258330100008, 24.647759175000033], [84.99082380200008, 24.64838356100006], [84.98980576600007, 24.648657155000024], [84.98892640400004, 24.648781987000064], [84.98505656900005, 24.649971434000065], [84.98285238800008, 24.650622086000055], [84.98048583200006, 24.650942806000046], [84.97984885800008, 24.650887572000045], [84.97876748500005, 24.65073660400003], [84.97801201400006, 24.650672017000034], [84.97806786600006, 24.649963437000054], [84.97834375800005, 24.647959762000028], [84.97850917000005, 24.64683160900006], [84.97860464400009, 24.646086925000077], [84.97849640600003, 24.64589714500005], [84.97734848200008, 24.64459501600004], [84.97602789700005, 24.643211396000027], [84.97579691700008, 24.642646671000023], [84.97578843600007, 24.642010182000035], [84.97582465600004, 24.641265478000037], [84.97694618000008, 24.64105984400004], [84.97719941400004, 24.640432866000026], [84.97700573800006, 24.638672084000063], [84.97488708200007, 24.638668180000025], [84.97403040700004, 24.639673273000028], [84.97342000300006, 24.641057887000045], [84.97295385100006, 24.641887678000046], [84.97309078900008, 24.642515322000065], [84.97295087700007, 24.643268899000077], [84.97254929500008, 24.643936215000053], [84.97175297200005, 24.644485450000047], [84.97106076100005, 24.64483629500006], [84.97073383000009, 24.645291615000076], [84.97009967000008, 24.646143580000057], [84.96901985000005, 24.647576936000064], [84.96890626900006, 24.649788623000063], [84.96881141900008, 24.65020375100005], [84.96910994700005, 24.651463684000078], [84.96960226500005, 24.65216877100005], [84.97017745200003, 24.653375100000062], [84.97039836200008, 24.65400289300004], [84.97050563900007, 24.65463508700003], [84.97057165200005, 24.656057098000076], [84.97065419200004, 24.65666208400006], [84.97084518100007, 24.657438883000054], [84.97086834700008, 24.658093412000028], [84.97061966700005, 24.658873889000063], [84.96990221700008, 24.659450320000076], [84.96906076300007, 24.660243275000028], [84.96672069500005, 24.66184583200004], [84.96594913500007, 24.662295751000045], [84.96479229000005, 24.662722426000073], [84.96369024000006, 24.662973029000057], [84.96154544400008, 24.663420346000066], [84.96183094100007, 24.663836212000035], [84.96155739100004, 24.66466620400007], [84.96089279500006, 24.66582052800004], [84.96075134000006, 24.66720600700006], [84.96088751100007, 24.668136213000025], [84.96106318100004, 24.669052803000056], [84.96130811300003, 24.669987707000075], [84.96172205200008, 24.670390226000052], [84.96207597200004, 24.671194399000058], [84.96273646700007, 24.671823155000027], [84.96301138600006, 24.672554880000064], [84.96332544800003, 24.673498885000072], [84.96362404400008, 24.67468217100003], [84.96389867300007, 24.675562866000064], [84.96419847700008, 24.676267625000037], [84.96416276900004, 24.676750578000053], [84.96465395700005, 24.677983761000064], [84.96465256100004, 24.678611255000078], [84.96459711600005, 24.679089592000025], [84.96489726100003, 24.679640861000053], [84.96480146300007, 24.680471302000058], [84.96488254200005, 24.68176246300004], [84.96663229400008, 24.68137749500005], [84.96723647300007, 24.680746701000032], [84.96756825700004, 24.680372676000047], [84.96781539100004, 24.680323533000035], [84.96825563200008, 24.680071576000046], [84.96861692100003, 24.679769836000048], [84.96894836400008, 24.679567260000056], [84.96930432300007, 24.67944606700007], [84.96977338800008, 24.679595937000045], [84.97007456500006, 24.679646107000053], [84.97046003300005, 24.679597197000078], [84.97073736400006, 24.67932238800006], [84.97098439000007, 24.679273151000075], [84.97142345400005, 24.679549363000035], [84.97189229600008, 24.679802964000032], [84.97213818600005, 24.680277389000025], [84.97246262400006, 24.681036335000044], [84.97279284000007, 24.681389016000026], [84.97373102400007, 24.681616508000047], [84.97511918100008, 24.68163260600005], [84.97608296500005, 24.681458246000034], [84.97663577900005, 24.68168498700004], [84.97699080700005, 24.68198803300004], [84.97765267000005, 24.682038979000026], [84.97830997600005, 24.68194083000003], [84.97877969000007, 24.681765642000073], [84.97919511700007, 24.681563279000045], [84.97971369600003, 24.681613870000035], [84.98012840300004, 24.681768044000023], [84.98042886900004, 24.682192882000038], [84.98065054200003, 24.682473144000028], [84.98142119900007, 24.682474589000037], [84.98296310700005, 24.682274133000078], [84.98388675000007, 24.68233897600004], [84.98448831200005, 24.682917866000025], [84.98459481000003, 24.683951729000057], [84.98476139800005, 24.684579505000045], [84.98513568500005, 24.685338685000033], [84.98583206100005, 24.685276522000038], [84.98646908700005, 24.685404052000024], [84.98699647400008, 24.68601435000005], [84.98727086700006, 24.68710266000005], [84.98778975500005, 24.689410230000078], [84.98814971300004, 24.68974036000003], [84.99124362700007, 24.689226679000058], [84.99182665100005, 24.68917795300007], [84.99426206900006, 24.68933564500003], [84.99431931600003, 24.69037395400005], [84.99403445500008, 24.691921731000036], [84.99395305600007, 24.69311330900007], [84.99428196500008, 24.694152028000076], [84.99474938200007, 24.695114311000054], [84.99556315600006, 24.69827549200005], [84.99569728600005, 24.70037919500004], [84.99576372400008, 24.701710889000026], [84.99615238100006, 24.70252408400006], [84.99661969800007, 24.703563101000043], [84.99672590600005, 24.70480460700003], [84.99692109600005, 24.706023698000024], [84.99720925800005, 24.707712365000077], [84.99771134000008, 24.708674710000025], [84.99895985700005, 24.708618943000033], [84.99909448400007, 24.707458991000067], [84.99880000700006, 24.70543198000007], [84.99869744700004, 24.704253738000034], [84.99840172000006, 24.703499627000042], [84.99827924700008, 24.702434236000045], [84.99862203000004, 24.700561226000048], [84.99836607200007, 24.69959504800005], [84.99795257200003, 24.698028359000034], [84.99783949400006, 24.69754976100006], [84.99778862600004, 24.697250075000056], [84.99773533200005, 24.69672181900006], [84.99773654000006, 24.696116992000043], [84.99765398900007, 24.695435194000027], [84.99746358200008, 24.694279325000025], [84.99717992900008, 24.69280727100005], [84.99707137300004, 24.690292879000026]]]]}}, {"type": "Feature", "properties": {"OBJECTID": 2724, "GPCODE": "92949", "GPNAME_1": "BASARHI", "DIST_CEN_C": "35", "BLK_NAME": "BODH GAYA", "ST_NAME": "BIHAR", "ST_CODE_1": "10", "GPCODE2011": "95504", "REMARKS": "FINALIZED", "MAP_STATUS": "COMPLETED", "BLK_C_2001": "350009", "BLK_C_2011": "01495", "DIST_NAME": "GAYA", "code2011": 21.0, "Shape_Leng": 0.17673365028, "Shape_Area": 0.00109691106, "Area": 12.3011}, "geometry": {"type": "MultiPolygon", "coordinates": [[[[85.00480564000009, 24.68770149200003], [85.00586317900007, 24.687508242000035], [85.00822965600008, 24.687537228000053], [85.00895236500008, 24.685948843000062], [85.00966974100004, 24.68484796100006], [85.00975958100008, 24.683845959000053], [85.00976524500004, 24.683051484000032], [85.00999334900007, 24.68218501700005], [85.01120076900008, 24.67996501400006], [85.01175543400007, 24.67851648000004], [85.01292262400005, 24.677009702000078], [85.01487940700008, 24.67639275600004], [85.01728627200004, 24.67518471300008], [85.01775588800007, 24.674796876000073], [85.01944097100005, 24.674256425000067], [85.02031617100005, 24.673245878000046], [85.02031713000008, 24.672094753000067], [85.02021413500006, 24.671160373000077], [85.01993830600009, 24.670248297000057], [85.01995856600007, 24.669625429000064], [85.02015153100007, 24.669232774000022], [85.02072480100009, 24.668980474000023], [85.02319462300005, 24.66907236800006], [85.02257391700005, 24.672985590000053], [85.02243955800003, 24.674249400000065], [85.02194931100007, 24.67565295000003], [85.02092562100006, 24.677015467000047], [85.02079676100004, 24.677498342000035], [85.02106777400007, 24.678356218000033], [85.02160071900005, 24.67903817200005], [85.02315053000007, 24.68079073100006], [85.02512755200007, 24.67967709100003], [85.02714470700005, 24.67771033500003], [85.02877095600007, 24.676492560000042], [85.02989775500004, 24.675843259000033], [85.03237409700006, 24.673971531000063], [85.03403001300006, 24.672640888000046], [85.03568085700005, 24.671310300000073], [85.03826657900004, 24.66820171100005], [85.03934417400006, 24.66710990200005], [85.03918912800003, 24.66273120200003], [85.03682481800007, 24.66014791400005], [85.03556213500008, 24.65760119500004], [85.03179315800008, 24.657932956000025], [85.02765576100006, 24.655605664000063], [85.02552736000007, 24.654967747000057], [85.02425654500007, 24.655375795000054], [85.02298797800006, 24.655783109000026], [85.01835936600008, 24.656339613000057], [85.01708954200006, 24.65686230800003], [85.01717386400009, 24.656374894000066], [85.01811300200006, 24.65562620600008], [85.01860805200005, 24.65424074200007], [85.01886154800007, 24.65241274400006], [85.01882079100005, 24.652074516000027], [85.01863306100006, 24.650516598000024], [85.01857704500009, 24.650051725000026], [85.01731527500004, 24.646981287000074], [85.01571633800006, 24.645445377000044], [85.01580242500006, 24.64298080800006], [85.01416851400006, 24.642004575000044], [85.01342790600006, 24.641855107000026], [85.01179216400004, 24.642932746000042], [85.01117473700003, 24.64304504200004], [85.00723769600006, 24.64393581300004], [85.00387916200003, 24.644046010000068], [85.00339029300005, 24.644027521000055], [85.00330557500007, 24.644767732000048], [85.00311187300008, 24.64585998800004], [85.00296220800004, 24.647493980000036], [85.00303992700003, 24.648834634000025], [85.00269716000008, 24.650879229000054], [85.00237403500006, 24.65294188400003], [85.00202592500005, 24.655469379000067], [85.00191467300004, 24.658037826000054], [85.00206253500005, 24.658390009000072], [85.00154272700007, 24.659612878000075], [85.00022069000005, 24.662807713000063], [84.99910222600005, 24.664946359000055], [84.99784161700006, 24.66732737500007], [84.99687202600006, 24.669036297000048], [84.99631558700008, 24.670642274000045], [84.99631325000007, 24.671802373000048], [84.99604852200008, 24.673246427000038], [84.99601984200007, 24.675187390000076], [84.99615059900003, 24.676519222000024], [84.99684715600006, 24.678948882000043], [84.99706703300006, 24.680181554000058], [84.99697916200006, 24.682090807000066], [84.99715426900008, 24.683463390000043], [84.99720533600004, 24.685097478000046], [84.99684552600007, 24.687159808000047], [84.99784140300005, 24.687224531000027], [84.99970735500006, 24.687385857000038], [85.00116500500008, 24.687174964000064], [85.00247884700008, 24.68752358300003], [85.00338791800004, 24.687546868000027], [85.00480564000009, 24.68770149200003]]]]}}, {"type": "Feature", "properties": {"OBJECTID": 2725, "GPCODE": "92962", "GPNAME_1": "SHEKHWARA", "DIST_CEN_C": "35", "BLK_NAME": "BODH GAYA", "ST_NAME": "BIHAR", "ST_CODE_1": "10", "GPCODE2011": "95517", "REMARKS": "FINALIZED", "MAP_STATUS": "COMPLETED", "BLK_C_2001": "350009", "BLK_C_2011": "01495", "DIST_NAME": "GAYA", "code2011": 22.0, "Shape_Leng": 0.18909649891, "Shape_Area": 0.00126787053, "Area": 14.2202}, "geometry": {"type": "MultiPolygon", "coordinates": [[[[84.95776381900004, 24.677406263000023], [84.95836673800005, 24.67728111300005], [84.95919350300005, 24.676528865000023], [84.95996482800007, 24.676250526000047], [84.96057251100007, 24.676202045000025], [84.96073534200008, 24.676301640000077], [84.96158957700004, 24.676479304000054], [84.96292302900008, 24.676644391000025], [84.96416276900004, 24.676750578000053], [84.96419847700008, 24.676267625000037], [84.96389867300007, 24.675562866000064], [84.96362404400008, 24.67468217100003], [84.96332544800003, 24.673498885000072], [84.96301138600006, 24.672554880000064], [84.96273646700007, 24.671823155000027], [84.96207597200004, 24.671194399000058], [84.96172205200008, 24.670390226000052], [84.96130811300003, 24.669987707000075], [84.96106318100004, 24.669052803000056], [84.96088751100007, 24.668136213000025], [84.96075134000006, 24.66720600700006], [84.96089279500006, 24.66582052800004], [84.96155739100004, 24.66466620400007], [84.96183094100007, 24.663836212000035], [84.96154544400008, 24.663420346000066], [84.96369024000006, 24.662973029000057], [84.96479229000005, 24.662722426000073], [84.96594913500007, 24.662295751000045], [84.96672069500005, 24.66184583200004], [84.96906076300007, 24.660243275000028], [84.96990221700008, 24.659450320000076], [84.97061966700005, 24.658873889000063], [84.97086834700008, 24.658093412000028], [84.97084518100007, 24.657438883000054], [84.97065419200004, 24.65666208400006], [84.97057165200005, 24.656057098000076], [84.97050563900007, 24.65463508700003], [84.97039836200008, 24.65400289300004], [84.97017745200003, 24.653375100000062], [84.96960226500005, 24.65216877100005], [84.96910994700005, 24.651463684000078], [84.96881141900008, 24.65020375100005], [84.96890626900006, 24.649788623000063], [84.96901985000005, 24.647576936000064], [84.97009967000008, 24.646143580000057], [84.96860872000008, 24.645869961000074], [84.96819427500003, 24.64569308700004], [84.96765070700008, 24.645832029000076], [84.96730005000006, 24.645808786000032], [84.96677674400007, 24.645731041000033], [84.96647602700006, 24.645468691000076], [84.96632395400007, 24.64503056800004], [84.96566897400004, 24.64419418500006], [84.96504238100005, 24.643913129000055], [84.96464739600003, 24.643853721000028], [84.96388654800006, 24.64395156100005], [84.96299245100005, 24.644031119000033], [84.96240503000007, 24.64389010900004], [84.96171910900006, 24.643636008000044], [84.96080687300008, 24.643038381000054], [84.96052609700007, 24.64269928400006], [84.95995935900004, 24.642161005000048], [84.95941690100005, 24.64183944800004], [84.95848142500006, 24.640564709000046], [84.95793822200005, 24.640563670000063], [84.95730621000007, 24.64048119200004], [84.95671747700004, 24.640917912000077], [84.95612874000005, 24.641354629000034], [84.95480801100007, 24.642277343000046], [84.95426417200008, 24.642492986000036], [84.95360622000004, 24.642970150000053], [84.95325923900003, 24.643529254000043], [84.95295222500005, 24.643867175000025], [84.95245241900005, 24.64426343200006], [84.95186364900007, 24.64470004100008], [84.95103296600007, 24.645118256000046], [84.95031107800008, 24.645432741000036], [84.95012758000007, 24.645779953000044], [84.94962639100004, 24.64675395200004], [84.94807883500005, 24.647468595000078], [84.94727324600007, 24.647688194000068], [84.94635828000008, 24.648182879000046], [84.94557243000008, 24.64842053700005], [84.94494007600008, 24.64850043200005], [84.94411443000007, 24.648814808000054], [84.94309592300004, 24.649259547000042], [84.94264383800004, 24.64831974200007], [84.94249190700003, 24.64782291100005], [84.94264819300008, 24.646527711000033], [84.94225928800006, 24.646012317000043], [84.94092993700008, 24.646325602000047], [84.93915518000006, 24.647030581000024], [84.93780114000003, 24.64730768800007], [84.93716920900005, 24.647225125000034], [84.93673427900006, 24.647346105000054], [84.93571137900005, 24.647542572000077], [84.93416478800003, 24.647819181000045], [84.93332524600004, 24.647808380000072], [84.93228236400006, 24.64808597900003], [84.93114556200004, 24.64842212600007], [84.93044908800005, 24.648438699000053], [84.92961875300006, 24.648676223000052], [84.92796365500004, 24.648875816000043], [84.92717838300007, 24.64887411600006], [84.92607605100005, 24.64922386300003], [84.92435692800007, 24.649360056000035], [84.92354721800007, 24.649254468000038], [84.92319051500004, 24.64965545000007], [84.92214344600006, 24.64965315200004], [84.92104651700004, 24.64981779900006], [84.91958896900007, 24.650017718000072], [84.91881831500007, 24.650092708000045], [84.91788022500003, 24.649964287000046], [84.91617700200004, 24.649680631000024], [84.91407226700005, 24.649942228000043], [84.91275274600008, 24.65021460300005], [84.91093565100005, 24.650034472000073], [84.90878673200007, 24.65020565100008], [84.90900485700007, 24.65174092500007], [84.90949309500007, 24.653827513000067], [84.90998569500005, 24.65614426600007], [84.91040442600007, 24.658397687000047], [84.91105956600006, 24.660886314000038], [84.91159246400008, 24.662936831000025], [84.91179117100006, 24.664350193000075], [84.91379662700007, 24.664354718000027], [84.91458273400008, 24.664117220000037], [84.91510591500008, 24.664267279000057], [84.91573848100006, 24.664169446000074], [84.91612428100007, 24.663971699000058], [84.91626395000003, 24.66346637600003], [84.91653687300004, 24.662966014000062], [84.91692219000004, 24.662966804000064], [84.91766759700005, 24.66314449400005], [84.91835373000004, 24.663322137000023], [84.91898616700007, 24.663273858000025], [84.92058146900007, 24.663327034000076], [84.92107530800007, 24.663400350000074], [84.92333166900005, 24.663784390000046], [84.92392464700004, 24.663695435000022], [84.92464054400006, 24.663823367000077], [84.92551927400007, 24.664028358000053], [84.92595863500009, 24.664155724000068], [84.92645253800004, 24.664156797000032], [84.92700570700003, 24.66420765400005], [84.92818583000007, 24.66435914500005], [84.92829121700004, 24.66566842800006], [84.92976289300003, 24.665793450000024], [84.93039485400004, 24.665916671000048], [84.93077948300004, 24.66617023200007], [84.93149510400008, 24.666424534000043], [84.93223630800009, 24.666349413000034], [84.93289818200003, 24.666350802000068], [84.93394008100006, 24.666506489000028], [84.93468530900003, 24.66678341200003], [84.93493140200007, 24.667136009000046], [84.93503876500006, 24.66766430200005], [84.93528431300007, 24.668215532000033], [84.93555998200009, 24.668595278000055], [84.93613751200007, 24.668799628000045], [84.93676971700006, 24.66882350700007], [84.93727887800009, 24.668662106000056], [84.93785732500004, 24.668464674000063], [84.93859734100005, 24.668867953000074], [84.93934332200007, 24.668819822000046], [84.93967506600006, 24.668540653000036], [84.94019350800005, 24.66861846300003], [84.94050074000006, 24.668244455000035], [84.94110477500004, 24.667663421000043], [84.94182131700006, 24.66756555300003], [84.94366311700009, 24.667871757000057], [84.94440770400007, 24.668401439000036], [84.94565649700007, 24.66881922500005], [84.94539174500005, 24.670014905000073], [84.94550010700004, 24.67016407600005], [84.94580602200006, 24.67029115500003], [84.94605281900004, 24.670390927000028], [84.94616062300008, 24.67074324500004], [84.94612970600008, 24.671271271000023], [84.94593508600008, 24.672101461000068], [84.94562657100005, 24.67299011800003], [84.94606531200003, 24.673370141000078], [84.94636650200005, 24.67344753200007], [84.94617328800007, 24.673695370000075], [84.94556460000007, 24.674100433000035], [84.94526245000003, 24.674451902000044], [84.94526145500004, 24.674853588000076], [84.94523636200006, 24.675029610000024], [84.94539890400006, 24.675205969000046], [84.94572980800007, 24.675256337000064], [84.94622371400004, 24.675279918000058], [84.94666317000008, 24.675384562000033], [84.94729572400007, 24.675309080000034], [84.94787344300005, 24.67540955900006], [84.94828750100004, 24.675789631000043], [84.94864223300004, 24.676192058000026], [84.94924844500008, 24.67677102300007], [84.95007334500008, 24.676799809000045], [84.95081372600004, 24.677076628000066], [84.95183127000007, 24.677128327000048], [84.95312569300006, 24.677081212000076], [84.95539821800008, 24.677072106000026], [84.95594634600008, 24.67714992300006], [84.95641525600007, 24.677354007000076], [84.95701786300003, 24.677377743000022], [84.95740326400005, 24.677355952000028], [84.95776381900004, 24.677406263000023]]]]}}, {"type": "Feature", "properties": {"OBJECTID": 2727, "GPCODE": "92961", "GPNAME_1": "PARARIYA", "DIST_CEN_C": "35", "BLK_NAME": "BODH GAYA", "ST_NAME": "BIHAR", "ST_CODE_1": "10", "GPCODE2011": "95516", "REMARKS": "FINALIZED", "MAP_STATUS": "COMPLETED", "BLK_C_2001": "350009", "BLK_C_2011": "01495", "DIST_NAME": "GAYA", "code2011": 24.0, "Shape_Leng": 0.17662516348, "Shape_Area": 0.00103530953, "Area": 11.6093}, "geometry": {"type": "MultiPolygon", "coordinates": [[[[84.93735806400008, 24.704376555000067], [84.93777371100003, 24.70412916300006], [84.93821289900006, 24.704355810000038], [84.93873630300004, 24.704532869000047], [84.93898270300008, 24.70478623300005], [84.93922946000004, 24.704886018000025], [84.93947711100003, 24.704683432000024], [84.93964653300003, 24.704105929000036], [84.93992041900003, 24.703226330000064], [84.94033702400003, 24.702599728000052], [84.94072465600004, 24.701720350000073], [84.94127201100008, 24.70214573000004], [84.94328124900005, 24.702881122000065], [84.94443685500005, 24.703158846000065], [84.94530033200004, 24.70367522300006], [84.94585318300005, 24.70390198000007], [84.94670769200007, 24.70403016000006], [84.94835874200004, 24.70373103000003], [84.95094450500005, 24.703081654000073], [84.95301180200005, 24.702282334000074], [84.95426253400007, 24.702018477000024], [84.95500955900008, 24.70166789800004], [84.95566650400008, 24.70174590700003], [84.95608114600003, 24.70190014800005], [84.95727199900006, 24.701893461000054], [84.95746532800007, 24.70161401100006], [84.95774320100008, 24.70113156900004], [84.95852151100007, 24.70001811700007], [84.95870148300008, 24.699120219000065], [84.95828776100007, 24.698537127000066], [84.95773754500004, 24.697190861000024], [84.95693537500006, 24.695821557000045], [84.95665975300005, 24.69536511000007], [84.95495932100005, 24.693601372000046], [84.95440810400004, 24.692688469000075], [84.95466447100006, 24.688707642000054], [84.95473636800006, 24.687529666000046], [84.95903498700005, 24.687389143000075], [84.95917778400008, 24.685461953000072], [84.95901607100006, 24.682775795000055], [84.96213784300005, 24.68084532000006], [84.96261291200005, 24.680489633000036], [84.96391247400004, 24.68036580100005], [84.96480146300007, 24.680471302000058], [84.96489726100003, 24.679640861000053], [84.96459711600005, 24.679089592000025], [84.96465256100004, 24.678611255000078], [84.96465395700005, 24.677983761000064], [84.96416276900004, 24.676750578000053], [84.96292302900008, 24.676644391000025], [84.96158957700004, 24.676479304000054], [84.96073534200008, 24.676301640000077], [84.96057251100007, 24.676202045000025], [84.95996482800007, 24.676250526000047], [84.95919350300005, 24.676528865000023], [84.95836673800005, 24.67728111300005], [84.95776381900004, 24.677406263000023], [84.95740326400005, 24.677355952000028], [84.95701786300003, 24.677377743000022], [84.95641525600007, 24.677354007000076], [84.95594634600008, 24.67714992300006], [84.95539821800008, 24.677072106000026], [84.95312569300006, 24.677081212000076], [84.95183127000007, 24.677128327000048], [84.95081372600004, 24.677076628000066], [84.95007334500008, 24.676799809000045], [84.94924844500008, 24.67677102300007], [84.94864223300004, 24.676192058000026], [84.94828750100004, 24.675789631000043], [84.94787344300005, 24.67540955900006], [84.94729572400007, 24.675309080000034], [84.94666317000008, 24.675384562000033], [84.94622371400004, 24.675279918000058], [84.94572980800007, 24.675256337000064], [84.94539890400006, 24.675205969000046], [84.94523636200006, 24.675029610000024], [84.94526145500004, 24.674853588000076], [84.94526245000003, 24.674451902000044], [84.94556460000007, 24.674100433000035], [84.94617328800007, 24.673695370000075], [84.94636650200005, 24.67344753200007], [84.94606531200003, 24.673370141000078], [84.94562657100005, 24.67299011800003], [84.94593508600008, 24.672101461000068], [84.94612970600008, 24.671271271000023], [84.94616062300008, 24.67074324500004], [84.94605281900004, 24.670390927000028], [84.94580602200006, 24.67029115500003], [84.94550010700004, 24.67016407600005], [84.94539174500005, 24.670014905000073], [84.94565649700007, 24.66881922500005], [84.94440770400007, 24.668401439000036], [84.94366311700009, 24.667871757000057], [84.94182131700006, 24.66756555300003], [84.94110477500004, 24.667663421000043], [84.94050074000006, 24.668244455000035], [84.94019350800005, 24.66861846300003], [84.93967506600006, 24.668540653000036], [84.93934332200007, 24.668819822000046], [84.93859734100005, 24.668867953000074], [84.93785732500004, 24.668464674000063], [84.93727887800009, 24.668662106000056], [84.93676971700006, 24.66882350700007], [84.93613751200007, 24.668799628000045], [84.93555998200009, 24.668595278000055], [84.93528431300007, 24.668215532000033], [84.93503876500006, 24.66766430200005], [84.93493140200007, 24.667136009000046], [84.93468530900003, 24.66678341200003], [84.93394008100006, 24.666506489000028], [84.93289818200003, 24.666350802000068], [84.93223630800009, 24.666349413000034], [84.93149510400008, 24.666424534000043], [84.93077948300004, 24.66617023200007], [84.93039485400004, 24.665916671000048], [84.92976289300003, 24.665793450000024], [84.92829121700004, 24.66566842800006], [84.92818583000007, 24.66435914500005], [84.92700570700003, 24.66420765400005], [84.92645253800004, 24.664156797000032], [84.92595863500009, 24.664155724000068], [84.92551927400007, 24.664028358000053], [84.92464054400006, 24.663823367000077], [84.92392464700004, 24.663695435000022], [84.92333166900005, 24.663784390000046], [84.92498698100007, 24.667399174000025], [84.92580770200004, 24.669035018000045], [84.92661412500007, 24.67048117400003], [84.92721897600006, 24.671538750000025], [84.92864177700005, 24.673428658000034], [84.92949312400003, 24.674716939000064], [84.93054450100004, 24.676994198000045], [84.93084929400004, 24.677599732000033], [84.93104057000005, 24.678155374000028], [84.93131454400003, 24.67921670000004], [84.92979630900004, 24.679840932000047], [84.92808968300005, 24.680690422000055], [84.92651657600004, 24.68151756900005], [84.92464688800004, 24.68239369400004], [84.92263507500007, 24.682818147000035], [84.92275435500005, 24.684438905000036], [84.92272208800006, 24.685445444000038], [84.92264194500007, 24.685851588000048], [84.92211660500004, 24.686477839000077], [84.92219816400006, 24.687407875000076], [84.92177188400007, 24.68794860500003], [84.92127207200008, 24.688272523000023], [84.92069329200007, 24.688551150000023], [84.92028238500006, 24.68884818400005], [84.91992026700007, 24.689429697000037], [84.92017018700005, 24.690206596000053], [84.92087953000004, 24.691016181000066], [84.92121024500005, 24.691116170000043], [84.92170922000008, 24.69114436700005], [84.92201024900004, 24.691266951000046], [84.92200929800003, 24.691618977000076], [84.92206308100003, 24.691849314000024], [84.92246329500006, 24.691836628000033], [84.92276399100007, 24.69209012500005], [84.92301031700003, 24.692393078000066], [84.92334108000006, 24.69247049100005], [84.92353351000008, 24.692592855000044], [84.92356202200006, 24.69302169100007], [84.92361547500008, 24.693351345000053], [84.92379165700004, 24.694010743000035], [84.92453200700004, 24.69431477200004], [84.92524807500007, 24.694442700000025], [84.92549384900008, 24.694944280000072], [84.92582238600005, 24.69592454900004], [84.92604279700004, 24.696656321000034], [84.92675277000006, 24.697235556000066], [84.92749790200008, 24.697616340000025], [84.92872017300004, 24.698815197000044], [84.92994328000003, 24.699711585000045], [84.93062865500008, 24.70026376800007], [84.93136910000004, 24.70054519300004], [84.93206085800006, 24.700569218000055], [84.93274772800004, 24.70052098900004], [84.93338075400004, 24.70029668500007], [84.93401336700003, 24.700248344000045], [84.93467446200003, 24.70062441400006], [84.93500414900006, 24.701180316000034], [84.93502639900004, 24.70215986900007], [84.93491559700004, 24.70301728900006], [84.93463693200005, 24.70377054900007], [84.93456625900006, 24.704388734000077], [84.93484156700003, 24.70491745100003], [84.93500339100007, 24.705418846000043], [84.93519538400005, 24.705694592000043], [84.93552556100008, 24.706047350000063], [84.93606407500005, 24.70608464700007], [84.93647477800005, 24.705886887000077], [84.93669780400006, 24.705607435000047], [84.93710927200004, 24.70508022200005], [84.93722359400005, 24.70478251000003], [84.93735806400008, 24.704376555000067]]]]}}, {"type": "Feature", "properties": {"OBJECTID": 2730, "GPCODE": "92951", "GPNAME_1": "GAPHA KHURD", "DIST_CEN_C": "35", "BLK_NAME": "BODH GAYA", "ST_NAME": "BIHAR", "ST_CODE_1": "10", "GPCODE2011": "95506", "REMARKS": "FINALIZED", "MAP_STATUS": "COMPLETED", "BLK_C_2001": "350009", "BLK_C_2011": "01495", "DIST_NAME": "GAYA", "code2011": 23.0, "Shape_Leng": 0.22772475194, "Shape_Area": 0.00171488679, "Area": 19.228}, "geometry": {"type": "MultiPolygon", "coordinates": [[[[85.06931670500006, 24.716470886000025], [85.06870540100005, 24.71320703400005], [85.06885905400009, 24.712241127000027], [85.07095456800005, 24.711298516000056], [85.07245728100008, 24.71029237500005], [85.07309485100006, 24.709832241000072], [85.07401549200006, 24.706040780000023], [85.07424793700005, 24.705521747000034], [85.07520194400007, 24.704538054000068], [85.07579563800005, 24.702777814000058], [85.07607294800005, 24.701234070000055], [85.07634500100005, 24.70048489000004], [85.07666124200006, 24.700214132000042], [85.07755067900007, 24.70017378700004], [85.07818829400009, 24.69969096400007], [85.07884050000007, 24.699524199000052], [85.07920638900003, 24.698779475000038], [85.07907817900008, 24.698282908000067], [85.07963201000007, 24.696901857000057], [85.08042786900006, 24.695981190000055], [85.08177207500006, 24.695178145000057], [85.08244403800006, 24.69494806700004], [85.08332392800008, 24.693761136000035], [85.08954023400008, 24.69066615500003], [85.09041963700008, 24.69081989600005], [85.09243568300008, 24.69001686000007], [85.09541498800007, 24.689408037000078], [85.09927339800004, 24.690866767000045], [85.10065662200003, 24.691634384000054], [85.10204987000003, 24.691733930000055], [85.10301336800006, 24.69140907900004], [85.10374475900005, 24.690334910000047], [85.10418946900006, 24.689743571000065], [85.10475279100007, 24.689549603000046], [85.10563715900008, 24.689518104000058], [85.10613607800008, 24.68980255400004], [85.10668454500006, 24.68993805200006], [85.10748003800006, 24.689631175000045], [85.10771225300005, 24.688922495000043], [85.10738141000007, 24.68783006500007], [85.10750997300005, 24.686715135000043], [85.10822161700008, 24.685604837000028], [85.10961002400006, 24.684512546000065], [85.11000522300003, 24.68466610200005], [85.11061293700004, 24.68405220300008], [85.11041048600003, 24.68311333200006], [85.11118628300005, 24.681926176000047], [85.11093440700006, 24.68056295300005], [85.11045041700004, 24.679529221000053], [85.10947245700004, 24.67803501700007], [85.10909231000005, 24.675908813000035], [85.10829708100005, 24.67506466800006], [85.10544190300004, 24.673466352000048], [85.10436005100007, 24.67331267800006], [85.10275954700006, 24.67348856900003], [85.10191972200005, 24.673565104000033], [85.09978083300007, 24.672838073000037], [85.09999333300004, 24.67214295100007], [85.09969755100008, 24.668974013000025], [85.09949041500005, 24.66762430600005], [85.09872994300008, 24.666387334000035], [85.09746050400008, 24.665922167000076], [85.09458580100005, 24.664960158000042], [85.09424508900008, 24.664495127000066], [85.09335636700007, 24.66293762300006], [85.09305525500008, 24.66200318600005], [85.09226539200006, 24.66026055100008], [85.09130755600006, 24.65862627300004], [85.09086314800004, 24.65812062400005], [85.08892716500003, 24.656987194000067], [85.08777669600005, 24.655835826000043], [85.08739174900006, 24.654806492000034], [85.08699228800003, 24.65263968800008], [85.08703744900004, 24.650283443000035], [85.08782296100009, 24.64958388100007], [85.08879130800005, 24.648356381000042], [85.09074803900006, 24.64530085800004], [85.09108889600003, 24.644894649000037], [85.09090162400008, 24.643292117000044], [85.08287751900008, 24.638767048000034], [85.07971262100006, 24.63685669000006], [85.08017105400006, 24.63908680000003], [85.08013066900008, 24.641781640000033], [85.07946798100005, 24.644101585000044], [85.07791114700007, 24.647202281000034], [85.07741618400007, 24.649937609000062], [85.07721313500008, 24.651472307000063], [85.07745338400008, 24.656266197000036], [85.07675644500006, 24.657611166000038], [85.07515029000007, 24.65966900600006], [85.07318380300006, 24.66120306600004], [85.07014441100006, 24.664903543000037], [85.06846407200004, 24.666920627000025], [85.06755896900006, 24.669281073000036], [85.06849564800007, 24.673660046000066], [85.06837156200004, 24.674896856000032], [85.06710112800005, 24.676873442000044], [85.06558359000007, 24.67885905600008], [85.06250383200006, 24.68295643500005], [85.06309001100004, 24.686432496000066], [85.06356798700006, 24.68902365400004], [85.06382951600006, 24.68973253200005], [85.06416971800007, 24.691082317000053], [85.06378912900004, 24.69150643200004], [85.06285513500006, 24.691858163000063], [85.06158547500007, 24.691695154000058], [85.06102217000006, 24.691852849000043], [85.06137689600007, 24.693803090000074], [85.06135059400003, 24.696994412000038], [85.06119652000007, 24.698845093000045], [85.06051956300007, 24.698790667000026], [85.06035036200007, 24.70122360700003], [85.06047819600008, 24.70241988400005], [85.06104007100004, 24.70525941300008], [85.06179974000008, 24.707927450000057], [85.06253537600008, 24.70918714000004], [85.06342387100005, 24.711119564000057], [85.06403058000006, 24.713322594000033], [85.06390170400005, 24.71430656600006], [85.06510691500006, 24.715349805000074], [85.06584818200008, 24.71531403000006], [85.06639661400004, 24.71554437700007], [85.06751783300007, 24.716799756000057], [85.06819462200008, 24.71730556700004], [85.06865906300004, 24.717305777000036], [85.06916818200006, 24.71707568100004], [85.06931670500006, 24.716470886000025]]]]}}, {"type": "Feature", "properties": {"OBJECTID": 2731, "GPCODE": "92952", "GPNAME_1": "ILARA", "DIST_CEN_C": "35", "BLK_NAME": "BODH GAYA", "ST_NAME": "BIHAR", "ST_CODE_1": "10", "GPCODE2011": "95507", "REMARKS": "FINALIZED", "MAP_STATUS": "COMPLETED", "BLK_C_2001": "350009", "BLK_C_2011": "01495", "DIST_NAME": "GAYA", "code2011": 28.0, "Shape_Leng": 0.18639253625, "Shape_Area": 0.00095095367, "Area": 10.6622}, "geometry": {"type": "MultiPolygon", "coordinates": [[[[84.92315921300008, 24.71488623600004], [84.92661377700006, 24.714780965000045], [84.92811024900004, 24.71509112600006], [84.92938339600005, 24.715802506000045], [84.93064977400007, 24.71526355000003], [84.93134217700003, 24.715039294000064], [84.93184226700004, 24.714683742000034], [84.93209169000005, 24.71374543400003], [84.93234538400003, 24.713086945000043], [84.93303791400007, 24.71280851000006], [84.93367531800004, 24.712809856000035], [84.93437169200007, 24.71299189700005], [84.93477299600005, 24.712545901000055], [84.93535672700006, 24.71229433600007], [84.93604847900008, 24.712345429000038], [84.93682364100005, 24.712604345000045], [84.93729272900003, 24.712731745000042], [84.93768313700008, 24.712732509000034], [84.93812863000005, 24.712426494000056], [84.93823814600006, 24.71212433000005], [84.93859977200003, 24.71174582900005], [84.93909919100008, 24.711620484000036], [84.93992892500006, 24.71179832000007], [84.94106423900007, 24.712283626000044], [84.94189823700003, 24.712763841000026], [84.94324156600004, 24.713082541000063], [84.94716544300007, 24.712977699000078], [84.94750126700006, 24.71098769500003], [84.94732443300006, 24.710572098000057], [84.94748861300008, 24.71007140100005], [84.94773653900006, 24.709742310000024], [84.94812242600005, 24.709544486000027], [84.94839951500006, 24.709391607000043], [84.94894798500007, 24.709419788000048], [84.94933330400005, 24.70944316300006], [84.95021854400005, 24.709142434000057], [84.95137583000007, 24.708720482000047], [84.95201013900004, 24.707963414000062], [84.95250618700004, 24.707138285000042], [84.95347015800007, 24.70698673100003], [84.95568412200004, 24.706878278000033], [84.95574235300006, 24.705217293000032], [84.95604582300007, 24.704346659000066], [84.95626949200005, 24.70379189700003], [84.95651741700004, 24.703408715000023], [84.95679543900008, 24.702854046000027], [84.95727199900006, 24.701893461000054], [84.95608114600003, 24.70190014800005], [84.95566650400008, 24.70174590700003], [84.95500955900008, 24.70166789800004], [84.95426253400007, 24.702018477000024], [84.95301180200005, 24.702282334000074], [84.95094450500005, 24.703081654000073], [84.94835874200004, 24.70373103000003], [84.94670769200007, 24.70403016000006], [84.94585318300005, 24.70390198000007], [84.94530033200004, 24.70367522300006], [84.94443685500005, 24.703158846000065], [84.94328124900005, 24.702881122000065], [84.94127201100008, 24.70214573000004], [84.94072465600004, 24.701720350000073], [84.94033702400003, 24.702599728000052], [84.93992041900003, 24.703226330000064], [84.93964653300003, 24.704105929000036], [84.93947711100003, 24.704683432000024], [84.93922946000004, 24.704886018000025], [84.93898270300008, 24.70478623300005], [84.93873630300004, 24.704532869000047], [84.93821289900006, 24.704355810000038], [84.93777371100003, 24.70412916300006], [84.93735806400008, 24.704376555000067], [84.93722359400005, 24.70478251000003], [84.93710927200004, 24.70508022200005], [84.93669780400006, 24.705607435000047], [84.93647477800005, 24.705886887000077], [84.93606407500005, 24.70608464700007], [84.93552556100008, 24.706047350000063], [84.93519538400005, 24.705694592000043], [84.93500339100007, 24.705418846000043], [84.93484156700003, 24.70491745100003], [84.93456625900006, 24.704388734000077], [84.93463693200005, 24.70377054900007], [84.93491559700004, 24.70301728900006], [84.93502639900004, 24.70215986900007], [84.93500414900006, 24.701180316000034], [84.93467446200003, 24.70062441400006], [84.93401336700003, 24.700248344000045], [84.93338075400004, 24.70029668500007], [84.93274772800004, 24.70052098900004], [84.93206085800006, 24.700569218000055], [84.93136910000004, 24.70054519300004], [84.93062865500008, 24.70026376800007], [84.92994328000003, 24.699711585000045], [84.92872017300004, 24.698815197000044], [84.92749790200008, 24.697616340000025], [84.92675277000006, 24.697235556000066], [84.92604279700004, 24.696656321000034], [84.92582238600005, 24.69592454900004], [84.92549384900008, 24.694944280000072], [84.92524807500007, 24.694442700000025], [84.92453200700004, 24.69431477200004], [84.92379165700004, 24.694010743000035], [84.92361547500008, 24.693351345000053], [84.92356202200006, 24.69302169100007], [84.92353351000008, 24.692592855000044], [84.92334108000006, 24.69247049100005], [84.92301031700003, 24.692393078000066], [84.92276399100007, 24.69209012500005], [84.92246329500006, 24.691836628000033], [84.92206308100003, 24.691849314000024], [84.92200929800003, 24.691618977000076], [84.92201024900004, 24.691266951000046], [84.92170922000008, 24.69114436700005], [84.92121024500005, 24.691116170000043], [84.92087953000004, 24.691016181000066], [84.92017018700005, 24.690206596000053], [84.91992026700007, 24.689429697000037], [84.92028238500006, 24.68884818400005], [84.92069329200007, 24.688551150000023], [84.92127207200008, 24.688272523000023], [84.92177188400007, 24.68794860500003], [84.92219816400006, 24.687407875000076], [84.92211660500004, 24.686477839000077], [84.92264194500007, 24.685851588000048], [84.92272208800006, 24.685445444000038], [84.92275435500005, 24.684438905000036], [84.92263507500007, 24.682818147000035], [84.92156269800006, 24.682915123000043], [84.92040639900006, 24.68301642800003], [84.91883992600003, 24.683161949000066], [84.91733708500004, 24.683524214000045], [84.91723117300006, 24.682467733000067], [84.91158967400008, 24.682328751000057], [84.91089697100006, 24.682728887000053], [84.90770414400004, 24.683200158000034], [84.90894107900004, 24.684358537000037], [84.90954668100005, 24.685118230000057], [84.91002438700008, 24.685683564000044], [84.90947290700007, 24.686815336000052], [84.90930341600006, 24.687370146000035], [84.90880804600005, 24.68784293400006], [84.90861490900005, 24.688018587000045], [84.90805111700007, 24.688252009000053], [84.90761181400006, 24.68807493500003], [84.90670110000008, 24.68870031700004], [84.90613529000007, 24.689642484000046], [84.90305092500006, 24.690136364000068], [84.90029776400007, 24.690558853000027], [84.90062485700008, 24.691972462000024], [84.90084047900007, 24.692627497000046], [84.90128266700003, 24.693531240000027], [84.90135863600005, 24.694614839000053], [84.90136929900007, 24.696135969000068], [84.90142139600005, 24.696939633000056], [84.90152691200007, 24.69809994800005], [84.90197673900008, 24.699793658000033], [84.90065474000005, 24.700774672000023], [84.90132853900008, 24.701918211000077], [84.90181028800004, 24.702808626000035], [84.90217843200008, 24.703676121000058], [84.90358695200007, 24.703575598000043], [84.90363298100004, 24.70479897000007], [84.90414880300006, 24.70591058100007], [84.90417152700007, 24.706628307000074], [84.90479361300004, 24.70682389700005], [84.90511980800005, 24.706802005000043], [84.90543964200003, 24.707290294000074], [84.90546130400008, 24.708387222000056], [84.90541560000008, 24.708852042000046], [84.90591441700008, 24.708929951000073], [84.90614051300008, 24.70939542700006], [84.90623200900006, 24.710239656000056], [84.90625517100005, 24.71083107000004], [84.90652905700006, 24.711869857000067], [84.90701044000008, 24.71290471100008], [84.90723360500004, 24.714421834000063], [84.90817302200008, 24.714247950000072], [84.90889484500008, 24.714096187000052], [84.91085319100006, 24.71355443400006], [84.91232157500008, 24.71330490400004], [84.91333946300006, 24.715180473000032], [84.91394898600004, 24.716373540000063], [84.91437632900005, 24.717353993000074], [84.91456729800007, 24.717986394000036], [84.91481915000008, 24.71806367000005], [84.91506514200006, 24.718470556000057], [84.91509351100007, 24.718949046000034], [84.91556137800006, 24.71954590400003], [84.91760339500007, 24.71728445800005], [84.91918715900005, 24.716398776000062], [84.92174431700005, 24.715492604000076], [84.92315921300008, 24.71488623600004]]]]}}, {"type": "Feature", "properties": {"OBJECTID": 2732, "GPCODE": "92955", "GPNAME_1": "KANHAUL", "DIST_CEN_C": "35", "BLK_NAME": "BODH GAYA", "ST_NAME": "BIHAR", "ST_CODE_1": "10", "GPCODE2011": "95510", "REMARKS": "FINALIZED", "MAP_STATUS": "COMPLETED", "BLK_C_2001": "350009", "BLK_C_2011": "01495", "DIST_NAME": "GAYA", "code2011": 28.0, "Shape_Leng": 0.23668259498, "Shape_Area": 0.00143829971, "Area": 16.1236}, "geometry": {"type": "MultiPolygon", "coordinates": [[[[85.06602241000007, 24.733843883000077], [85.06841984200008, 24.73308191800004], [85.06917080600005, 24.733655485000043], [85.07009515600004, 24.733236060000024], [85.07253181000004, 24.733277533000035], [85.07188009400005, 24.73151232300006], [85.07172742400007, 24.73019868600005], [85.07154564900009, 24.727783652000028], [85.07228743500008, 24.726452386000062], [85.07290071200003, 24.725369194000052], [85.07112228000005, 24.72378420000007], [85.07004512900005, 24.72320146900006], [85.06881958100007, 24.72312430200003], [85.06629897000005, 24.723583740000038], [85.06452978000004, 24.72358308200006], [85.06188574000004, 24.723748942000043], [85.05830769100004, 24.72386478900006], [85.05701790100005, 24.72371068500007], [85.05630205400007, 24.722329091000063], [85.05634723800006, 24.721128436000072], [85.05708879000008, 24.72061420400007], [85.05943644900003, 24.720032907000075], [85.05954050000008, 24.719455193000044], [85.05939290600008, 24.718218299000057], [85.06020366200005, 24.717582203000063], [85.06077200200008, 24.717559866000045], [85.06119739300004, 24.71667533300007], [85.06132667000008, 24.71509098000007], [85.06164334000005, 24.714260497000055], [85.06270111400005, 24.713782468000034], [85.06390170400005, 24.71430656600006], [85.06403058000006, 24.713322594000033], [85.06342387100005, 24.711119564000057], [85.06253537600008, 24.70918714000004], [85.06179974000008, 24.707927450000057], [85.06104007100004, 24.70525941300008], [85.06047819600008, 24.70241988400005], [85.06035036200007, 24.70122360700003], [85.06051956300007, 24.698790667000026], [85.06119652000007, 24.698845093000045], [85.06135059400003, 24.696994412000038], [85.06137689600007, 24.693803090000074], [85.06102217000006, 24.691852849000043], [85.06158547500007, 24.691695154000058], [85.06285513500006, 24.691858163000063], [85.06378912900004, 24.69150643200004], [85.06416971800007, 24.691082317000053], [85.06382951600006, 24.68973253200005], [85.06356798700006, 24.68902365400004], [85.06309001100004, 24.686432496000066], [85.06250383200006, 24.68295643500005], [85.06558359000007, 24.67885905600008], [85.06497130600007, 24.67815009700007], [85.06448264900007, 24.677287739000064], [85.06321322800005, 24.676840256000048], [85.06083714500005, 24.67664522800004], [85.06005647900008, 24.67679384400003], [85.05854026400004, 24.676007758000026], [85.05657423900004, 24.675776636000023], [85.05444576800005, 24.67450271000007], [85.05383808500005, 24.67461973500008], [85.05278070500003, 24.67498485300007], [85.05100683200004, 24.67567469200003], [85.05147073000006, 24.676473874000067], [85.05147024000007, 24.677439820000075], [85.05152894000008, 24.67842391000005], [85.05220565400003, 24.67855972600006], [85.05224938100008, 24.679796543000066], [85.05243606200008, 24.681746695000072], [85.05277057700005, 24.684179893000078], [85.05313080200006, 24.684915862000025], [85.05109985700005, 24.68566414600008], [85.05055130500006, 24.68591215400005], [85.04908909800008, 24.685699249000038], [85.04767079200008, 24.686240221000048], [85.04754771500006, 24.685621766000054], [85.04773594600005, 24.68479127100005], [85.04748431600007, 24.68420880800005], [85.04702020000008, 24.683671441000058], [85.04668515700007, 24.682298974000048], [85.04643335500003, 24.68204604400006], [85.04507964800007, 24.682081511000035], [85.04486735500006, 24.681887259000064], [85.04450733400006, 24.680921046000037], [85.04414686200005, 24.680573279000043], [85.04317366800007, 24.680649526000025], [85.04302514400007, 24.68107373600003], [85.04304917500008, 24.682098389000032], [85.04279207200005, 24.682409705000055], [85.04213986200006, 24.68260349700006], [85.04152182200005, 24.68323965600007], [85.04185689300004, 24.684706835000043], [85.04194004900006, 24.68592568500003], [85.04066989700004, 24.686656221000078], [85.03982485500006, 24.686962711000035], [85.04024928200005, 24.687563304000037], [85.04034746900004, 24.688448080000057], [85.04072769000004, 24.688800368000045], [85.04205679100005, 24.688742440000055], [85.04243676700008, 24.689343007000048], [85.04269284800006, 24.69067476300006], [85.04245518400006, 24.691428467000037], [85.04142197200008, 24.692430024000032], [85.04076460900006, 24.692817897000054], [85.03775059300006, 24.69292894800003], [85.03745432000005, 24.69269404000005], [85.03704926100005, 24.69267576900006], [85.03697971500003, 24.69318131500006], [85.03708792500004, 24.693781745000024], [85.03670220700008, 24.694386336000036], [85.03585171700007, 24.695302196000057], [85.03533681000005, 24.69680055200007], [85.03521758700003, 24.697716841000044], [85.03479236000004, 24.69809572300005], [85.03573923100004, 24.700651175000075], [85.03611804600007, 24.70292199800008], [85.03626024800008, 24.70454250800003], [85.03624415600007, 24.70507293000003], [85.03619451600008, 24.70670919300005], [85.03620756200007, 24.70920089400005], [85.03635492300003, 24.710455870000033], [85.03286605100004, 24.71075625000003], [85.03314220100003, 24.711532772000055], [85.03316126700008, 24.712440118000075], [85.03278051600006, 24.712864246000038], [85.03093163500006, 24.713887732000046], [85.03093111600003, 24.714524229000062], [85.03120689400004, 24.715819880000026], [85.03177963500008, 24.716438683000035], [85.03084537000007, 24.716862350000042], [85.02904629300008, 24.717317168000022], [85.02763290200005, 24.717316184000026], [85.02598237600006, 24.71733765700003], [85.02551760200004, 24.71770305700005], [85.02551205900005, 24.718456896000077], [85.02561511200008, 24.71930558300005], [85.02627102100007, 24.721025789000066], [85.02721876800007, 24.722416719000023], [85.02795471100006, 24.723017594000055], [85.03002903300006, 24.72478383500004], [85.03163414000005, 24.726071305000062], [85.03366540700006, 24.72601846200007], [85.03516784800007, 24.725965173000077], [85.03785099800007, 24.72653096700003], [85.04072694000007, 24.727020123000045], [85.04387277000006, 24.73061498800007], [85.04531814900008, 24.73236759100007], [85.04535428800006, 24.732389823000062], [85.04539221600004, 24.732380762000048], [85.04659981000003, 24.732313693000037], [85.04803826900007, 24.73192621800007], [85.05106322900008, 24.731544073000066], [85.05148830300004, 24.731372803000056], [85.05455767600006, 24.731017692000023], [85.05762696800008, 24.730730142000027], [85.06071484300008, 24.73272225000005], [85.06208353900007, 24.733417908000035], [85.06290826900005, 24.734871809000026], [85.06388158300007, 24.73553123800008], [85.06480587000004, 24.73533745700007], [85.06594288300005, 24.73484142800004], [85.06602241000007, 24.733843883000077]]]]}}, {"type": "Feature", "properties": {"OBJECTID": 2733, "GPCODE": "92959", "GPNAME_1": "MORA TAL", "DIST_CEN_C": "35", "BLK_NAME": "BODH GAYA", "ST_NAME": "BIHAR", "ST_CODE_1": "10", "GPCODE2011": "95514", "REMARKS": "FINALIZED", "MAP_STATUS": "COMPLETED", "BLK_C_2001": "350009", "BLK_C_2011": "01495", "DIST_NAME": "GAYA", "code2011": 25.0, "Shape_Leng": 0.23620571648, "Shape_Area": 0.00146774404, "Area": 16.4523}, "geometry": {"type": "MultiPolygon", "coordinates": [[[[85.01849971200005, 24.751617714000076], [85.02200945700008, 24.751492237000036], [85.02408558000008, 24.751495374000058], [85.02558873100008, 24.75123581200006], [85.02848820200006, 24.750492678000057], [85.02926976600008, 24.748459026000035], [85.02986376600006, 24.74728131200004], [85.03325017300006, 24.746592768000028], [85.03390181200007, 24.74765393800004], [85.03493988400004, 24.74759591700007], [85.03532579700004, 24.747113126000045], [85.03515806400009, 24.746688667000058], [85.03577099900008, 24.746580771000026], [85.03631965700004, 24.746675890000063], [85.03708041600004, 24.747254079000072], [85.03822262500006, 24.746658878000062], [85.04067935800003, 24.74652489700003], [85.04093109700005, 24.747030620000032], [85.04251752400006, 24.747360977000028], [85.04287312400004, 24.747821662000035], [85.04313545400004, 24.747784342000045], [85.04325383500003, 24.747767666000072], [85.04357536300006, 24.747320952000052], [85.04334353400003, 24.746548993000033], [85.04380868800007, 24.74570062500004], [85.04439723900003, 24.745123114000023], [85.04426936800007, 24.744193173000042], [85.04469463200007, 24.743922610000027], [85.04594027900004, 24.743751691000057], [85.04646946100007, 24.743273487000067], [85.04641560500005, 24.74242035000003], [85.04916556300003, 24.739523822000024], [85.05119724100007, 24.73892896700005], [85.05265564400008, 24.738315834000048], [85.05412424500008, 24.73719254300005], [85.05456935600006, 24.736637561000066], [85.05353169900008, 24.736244301000056], [85.05110053400006, 24.735272640000062], [85.04987532600006, 24.73451820400004], [85.04966327100004, 24.73370562100007], [85.04803826900007, 24.73192621800007], [85.04659981000003, 24.732313693000037], [85.04539221600004, 24.732380762000048], [85.04535428800006, 24.732389823000062], [85.04531814900008, 24.73236759100007], [85.04387277000006, 24.73061498800007], [85.04072694000007, 24.727020123000045], [85.03785099800007, 24.72653096700003], [85.03516784800007, 24.725965173000077], [85.03366540700006, 24.72601846200007], [85.03163414000005, 24.726071305000062], [85.03002903300006, 24.72478383500004], [85.02795471100006, 24.723017594000055], [85.02721876800007, 24.722416719000023], [85.02627102100007, 24.721025789000066], [85.02561511200008, 24.71930558300005], [85.02551205900005, 24.718456896000077], [85.02551760200004, 24.71770305700005], [85.02598237600006, 24.71733765700003], [85.02763290200005, 24.717316184000026], [85.02904629300008, 24.717317168000022], [85.03084537000007, 24.716862350000042], [85.03177963500008, 24.716438683000035], [85.03120689400004, 24.715819880000026], [85.03093111600003, 24.714524229000062], [85.03093163500006, 24.713887732000046], [85.03278051600006, 24.712864246000038], [85.03316126700008, 24.712440118000075], [85.03314220100003, 24.711532772000055], [85.03286605100004, 24.71075625000003], [85.03635492300003, 24.710455870000033], [85.03620756200007, 24.70920089400005], [85.03619451600008, 24.70670919300005], [85.03624415600007, 24.70507293000003], [85.03626024800008, 24.70454250800003], [85.03611804600007, 24.70292199800008], [85.03573923100004, 24.700651175000075], [85.03479236000004, 24.69809572300005], [85.03521758700003, 24.697716841000044], [85.03533681000005, 24.69680055200007], [85.03585171700007, 24.695302196000057], [85.03670220700008, 24.694386336000036], [85.03708792500004, 24.693781745000024], [85.03697971500003, 24.69318131500006], [85.03704926100005, 24.69267576900006], [85.03745432000005, 24.69269404000005], [85.03775059300006, 24.69292894800003], [85.04076460900006, 24.692817897000054], [85.04142197200008, 24.692430024000032], [85.04245518400006, 24.691428467000037], [85.04269284800006, 24.69067476300006], [85.04243676700008, 24.689343007000048], [85.04205679100005, 24.688742440000055], [85.04072769000004, 24.688800368000045], [85.04034746900004, 24.688448080000057], [85.04024928200005, 24.687563304000037], [85.03982485500006, 24.686962711000035], [85.03772499500008, 24.68709694000006], [85.03681554800005, 24.68763352600007], [85.03592616500003, 24.68776843300003], [85.03486881500004, 24.687844518000077], [85.03366360300004, 24.687473648000037], [85.03319423100004, 24.68745534800007], [85.03207255400008, 24.687784092000072], [85.03031852800007, 24.687954559000048], [85.02924158600007, 24.687854551000044], [85.02816429200004, 24.68810664500006], [85.02692888600006, 24.688394749000054], [85.02429080800005, 24.688158317000045], [85.02213161700007, 24.688364465000063], [85.02099039100005, 24.68836368500007], [85.01770992600007, 24.688302646000068], [85.01604510100003, 24.688066728000024], [85.01435749800004, 24.691315558000042], [85.01373876400004, 24.692660235000062], [85.01352019800004, 24.693942057000072], [85.01369158300008, 24.695752329000072], [85.01322164300007, 24.696411002000048], [85.01299388000007, 24.69697059600003], [85.01361869700008, 24.699990902000025], [85.01397743900003, 24.702157859000067], [85.01502529900006, 24.707507642000053], [85.01516748300008, 24.70876713100006], [85.01546331800006, 24.709539264000057], [85.01844798900004, 24.70946471700006], [85.01893082900006, 24.711072026000068], [85.01897491700004, 24.71151444000003], [85.01647147100005, 24.715083132000075], [85.01581282600006, 24.716743794000024], [85.01512931600007, 24.71851728100006], [85.01381203900007, 24.721626422000043], [85.01309317400006, 24.724212368000053], [85.01345234100006, 24.72608597800007], [85.01222123900004, 24.726662796000028], [85.01069846400009, 24.727356772000064], [85.01350381900005, 24.729313472000058], [85.01526219300007, 24.73053808700007], [85.01589887700004, 24.731563152000035], [85.01613055300004, 24.732222398000033], [85.01536337600004, 24.733476723000024], [85.01518968700003, 24.734343254000066], [85.01552960900005, 24.73562098900004], [85.01558674300009, 24.738094638000064], [85.01530836500007, 24.739949634000027], [85.01540630400007, 24.741015065000056], [85.01480625800008, 24.743253520000053], [85.01438394000007, 24.745686188000036], [85.01449786900008, 24.750491056000044], [85.01456424500003, 24.752004300000067], [85.01849971200005, 24.751617714000076]]]]}}, {"type": "Feature", "properties": {"OBJECTID": 2736, "GPCODE": "92956", "GPNAME_1": "KURMAWAN", "DIST_CEN_C": "35", "BLK_NAME": "BODH GAYA", "ST_NAME": "BIHAR", "ST_CODE_1": "10", "GPCODE2011": "95511", "REMARKS": "FINALIZED", "MAP_STATUS": "COMPLETED", "BLK_C_2001": "350009", "BLK_C_2011": "01495", "DIST_NAME": "GAYA", "code2011": 19.0, "Shape_Leng": 0.1553639724, "Shape_Area": 0.0009618828, "Area": 10.7845}, "geometry": {"type": "MultiPolygon", "coordinates": [[[[84.88069362900006, 24.72736786400003], [84.88155378300007, 24.727270720000035], [84.88260472700006, 24.72785557000003], [84.88316417000004, 24.72753644100004], [84.88349495200004, 24.727636602000075], [84.88399440500007, 24.72753852200003], [84.88524093400008, 24.727162342000042], [84.88538205600008, 24.726228293000077], [84.88513749100008, 24.725365603000057], [84.88480833100004, 24.72467868500007], [84.88472655100009, 24.72389300800006], [84.88525246700004, 24.72318563500005], [84.88614318900005, 24.722781567000027], [84.88703400500003, 24.722377489000053], [84.88807365300005, 24.721707437000077], [84.88874192400004, 24.721352411000055], [84.88929605100003, 24.72112803300007], [84.88979623400007, 24.720750142000043], [84.89035196700007, 24.71996599000005], [84.89054833200004, 24.72042238800003], [84.89060158300003, 24.720801707000078], [84.89110033000009, 24.72095640200007], [84.89134827100008, 24.72064997700005], [84.89193170800007, 24.720552062000024], [84.89251465800004, 24.720603117000053], [84.89315163800006, 24.720780687000058], [84.89368024900006, 24.720858704000022], [84.89404079900004, 24.72090916600007], [84.89434173600006, 24.721113057000025], [84.89464786700006, 24.721217568000043], [84.89495318300004, 24.721597452000026], [84.89536815300005, 24.721625549000066], [84.89583795000004, 24.72152284300006], [84.89657453800004, 24.721434327000054], [84.89860278500004, 24.72070332800007], [84.90043286600007, 24.720147824000037], [84.90163079000007, 24.719414888000074], [84.90239315000008, 24.718947186000037], [84.90292549400004, 24.717657436000025], [84.90345900600005, 24.715911835000043], [84.90365457400009, 24.714896622000026], [84.90509713100005, 24.71505340500005], [84.90570579600006, 24.714747915000032], [84.90723360500004, 24.714421834000063], [84.90701044000008, 24.71290471100008], [84.90652905700006, 24.711869857000067], [84.90625517100005, 24.71083107000004], [84.90623200900006, 24.710239656000056], [84.90614051300008, 24.70939542700006], [84.90591441700008, 24.708929951000073], [84.90541560000008, 24.708852042000046], [84.90546130400008, 24.708387222000056], [84.90543964200003, 24.707290294000074], [84.90511980800005, 24.706802005000043], [84.90479361300004, 24.70682389700005], [84.90417152700007, 24.706628307000074], [84.90414880300006, 24.70591058100007], [84.90363298100004, 24.70479897000007], [84.90358695200007, 24.703575598000043], [84.90217843200008, 24.703676121000058], [84.90181028800004, 24.702808626000035], [84.90132853900008, 24.701918211000077], [84.90065474000005, 24.700774672000023], [84.90197673900008, 24.699793658000033], [84.90152691200007, 24.69809994800005], [84.90142139600005, 24.696939633000056], [84.90136929900007, 24.696135969000068], [84.90135863600005, 24.694614839000053], [84.90128266700003, 24.693531240000027], [84.90084047900007, 24.692627497000046], [84.90062485700008, 24.691972462000024], [84.90029776400007, 24.690558853000027], [84.89886643500006, 24.69181490400007], [84.89823133700008, 24.692792865000058], [84.89745884300004, 24.69339592600005], [84.89718079100004, 24.693873746000065], [84.89595442400008, 24.694259071000033], [84.89479726200005, 24.694608380000034], [84.89391747500008, 24.69470567700006], [84.89290033100008, 24.694500106000078], [84.89202136200004, 24.694321926000043], [84.89067231100006, 24.694395495000037], [84.88987103100004, 24.694695984000077], [84.88909924300003, 24.695019116000026], [84.88874237800007, 24.695424525000078], [84.88824622200008, 24.69615004600007], [84.88791411600005, 24.696501330000046], [84.88749763700008, 24.697028474000035], [84.88727784300005, 24.69783596900004], [84.88687998400007, 24.697040499000025], [84.88595577800004, 24.693693481000025], [84.88291236400005, 24.69364997300005], [84.88272983800005, 24.695269981000024], [84.88250471000003, 24.696221898000033], [84.88236354600008, 24.697178433000033], [84.88098511100003, 24.69880912800005], [84.88093562700004, 24.698849662000043], [84.87988067900005, 24.69968662100007], [84.87796608200006, 24.700525993000042], [84.87595436900006, 24.702403288000028], [84.87319776000004, 24.703858884000056], [84.87228595300007, 24.704736770000068], [84.87145877200004, 24.705389231000026], [84.86805860100003, 24.70559279500003], [84.86381724100005, 24.706159703000026], [84.86073275400008, 24.70653084500003], [84.86133517900004, 24.708238726000047], [84.86154942600007, 24.709272922000025], [84.86193163100006, 24.71030311100003], [84.86265946400005, 24.711451459000045], [84.86309412300005, 24.713113773000032], [84.86372446900003, 24.713819516000058], [84.86466608500007, 24.716169165000053], [84.86513102300006, 24.717628406000074], [84.86542964100005, 24.71855897000006], [84.86585159000003, 24.719553165000036], [84.86637493900008, 24.71970338600005], [84.86668267700009, 24.71927536000004], [84.86715748400007, 24.71915019900007], [84.86765684700003, 24.719047661000047], [84.86801690500005, 24.71930141400003], [84.86815401800004, 24.719707937000067], [84.86842979300008, 24.720015661000048], [84.86873179100007, 24.71983579700003], [84.86903826000008, 24.71981405300005], [84.86939813600009, 24.720094800000027], [84.86951063000004, 24.720474280000076], [84.86972692700004, 24.72088106500007], [84.86986449200003, 24.721134195000047], [84.87014573900007, 24.721261281000068], [84.87025470800006, 24.721211964000076], [84.87053213200005, 24.720982391000064], [84.87064630000003, 24.720806706000076], [84.87083882400003, 24.720883901000036], [84.87094660100007, 24.72118660900003], [84.87102995800007, 24.721417038000027], [84.87122205800006, 24.72161612000008], [84.87133572900007, 24.721616398000037], [84.87155840100007, 24.72151761300006], [84.87172266500005, 24.721138879000023], [84.87219818600005, 24.720760905000077], [84.87258447200009, 24.720482014000027], [84.87319708500007, 24.720560301000035], [84.87401637200009, 24.720905465000044], [84.87434487200005, 24.721768374000078], [84.87442699200005, 24.722405087000027], [84.87453393700008, 24.723010247000047], [84.87489369800005, 24.723340637000035], [84.87539277100007, 24.723341901000026], [84.87580775700008, 24.723397041000055], [84.87622140400003, 24.72390369900006], [84.87633397100007, 24.724260511000068], [84.87636133400008, 24.72504606900003], [84.87606841900003, 24.725492161000034], [84.87570619700006, 24.72596973800006], [84.87568038000006, 24.726326319000066], [84.87570395000006, 24.726732557000048], [84.87575715900005, 24.727111880000052], [84.87603245800005, 24.72761360800007], [84.87808267900004, 24.727871462000053], [84.87849788100004, 24.72782286200004], [84.87944211100006, 24.72774849500007], [84.88008011900007, 24.727596575000064], [84.88069362900006, 24.72736786400003]]]]}}, {"type": "Feature", "properties": {"OBJECTID": 2743, "GPCODE": "92950", "GPNAME_1": "DHANAWAN", "DIST_CEN_C": "35", "BLK_NAME": "BODH GAYA", "ST_NAME": "BIHAR", "ST_CODE_1": "10", "GPCODE2011": "95505", "REMARKS": "FINALIZED", "MAP_STATUS": "COMPLETED", "BLK_C_2001": "350009", "BLK_C_2011": "01495", "DIST_NAME": "GAYA", "code2011": 19.0, "Shape_Leng": 0.19191863399, "Shape_Area": 0.00110601746, "Area": 12.3983}, "geometry": {"type": "MultiPolygon", "coordinates": [[[[84.96661144600006, 24.73879922800006], [84.96785725400008, 24.73865261000003], [84.96874694200005, 24.738676919000056], [84.96974546600006, 24.73860200100006], [84.97118400800008, 24.738478348000058], [84.97179728300006, 24.738303447000078], [84.97182370500008, 24.737517999000033], [84.97166224700004, 24.736809081000047], [84.97177228000004, 24.736226921000025], [84.97147280600007, 24.735287543000027], [84.97123848300004, 24.733982553000033], [84.97154680500006, 24.733120953000025], [84.97329180200006, 24.73300232200006], [84.97381620300007, 24.732773070000064], [84.97456796000006, 24.73249456700006], [84.97523669100008, 24.73181423400007], [84.97620607900006, 24.731509080000023], [84.97763579900004, 24.730839092000053], [84.97885681100007, 24.73074200700006], [84.97980134800008, 24.730490970000062], [84.98129880900007, 24.730466559000035], [84.98193668300007, 24.730318733000047], [84.98304916500007, 24.73011761600003], [84.98396380300005, 24.729938637000032], [84.98482433400005, 24.729664858000035], [84.98554576200007, 24.72976544000005], [84.98601437800005, 24.730195053000045], [84.98629882100005, 24.733553916000062], [84.98919509100006, 24.733568025000068], [84.99052999900005, 24.733317558000067], [84.99106894000005, 24.73320117800006], [84.99084981000004, 24.731629948000034], [84.99109871500008, 24.730745630000058], [84.991492, 24.72937401100006], [84.99125875000004, 24.727459714000076], [84.99076503000003, 24.724849850000055], [84.99010716300006, 24.722695586000043], [84.98846564000007, 24.72309894600005], [84.98771951300006, 24.72307057200004], [84.98675180500004, 24.722612979000075], [84.98580937000008, 24.72192517800005], [84.98493467100008, 24.721910068000057], [84.98365936400006, 24.722061284000063], [84.98274464700006, 24.722262836000027], [84.98163764500003, 24.722283402000073], [84.97861321000005, 24.722255334000067], [84.97596414700007, 24.72233632600006], [84.97360684900008, 24.722354523000035], [84.97233158300008, 24.72242890600006], [84.96991465700006, 24.722600510000063], [84.97011374500005, 24.721968864000075], [84.97044571700008, 24.721563238000044], [84.97077798400005, 24.721058295000034], [84.97072472300005, 24.72057526800006], [84.96989505400006, 24.72032094700006], [84.96967369800007, 24.71986461700004], [84.96953684300007, 24.719178207000027], [84.96933327700003, 24.717399357000033], [84.96944535300008, 24.715878315000054], [84.96950684300003, 24.71491697700003], [84.96970020100008, 24.714614942000026], [84.96978548200008, 24.714055409000025], [84.96961960000004, 24.713066484000024], [84.96883870800008, 24.713159821000033], [84.96786482700008, 24.713311512000075], [84.96767510500007, 24.71196601300005], [84.96762621700003, 24.709532898000077], [84.96759817600008, 24.708851177000042], [84.96701721700003, 24.707911180000053], [84.96531126000008, 24.708431620000056], [84.96472770600008, 24.708633642000052], [84.96428294800006, 24.708632763000026], [84.96190654600008, 24.706321642000034], [84.96016062100006, 24.704869231000032], [84.95960817700006, 24.704439382000032], [84.95899545500004, 24.70446526300003], [84.95852600400008, 24.704464332000043], [84.95604582300007, 24.704346659000066], [84.95574235300006, 24.705217293000032], [84.95568412200004, 24.706878278000033], [84.95347015800007, 24.70698673100003], [84.95250618700004, 24.707138285000042], [84.95201013900004, 24.707963414000062], [84.95137583000007, 24.708720482000047], [84.95021854400005, 24.709142434000057], [84.94933330400005, 24.70944316300006], [84.94894798500007, 24.709419788000048], [84.94839951500006, 24.709391607000043], [84.94812242600005, 24.709544486000027], [84.94773653900006, 24.709742310000024], [84.94748861300008, 24.71007140100005], [84.94732443300006, 24.710572098000057], [84.94750126700006, 24.71098769500003], [84.94716544300007, 24.712977699000078], [84.94324156600004, 24.713082541000063], [84.94189823700003, 24.712763841000026], [84.94106423900007, 24.712283626000044], [84.93992892500006, 24.71179832000007], [84.93909919100008, 24.711620484000036], [84.93859977200003, 24.71174582900005], [84.93823814600006, 24.71212433000005], [84.93812863000005, 24.712426494000056], [84.93768313700008, 24.712732509000034], [84.93729272900003, 24.712731745000042], [84.93682364100005, 24.712604345000045], [84.93604847900008, 24.712345429000038], [84.93535672700006, 24.71229433600007], [84.93477299600005, 24.712545901000055], [84.93437169200007, 24.71299189700005], [84.93367531800004, 24.712809856000035], [84.93303791400007, 24.71280851000006], [84.93234538400003, 24.713086945000043], [84.93209169000005, 24.71374543400003], [84.93184226700004, 24.714683742000034], [84.93134217700003, 24.715039294000064], [84.93064977400007, 24.71526355000003], [84.92938339600005, 24.715802506000045], [84.92974179600003, 24.71671511200003], [84.93046196700004, 24.717249233000075], [84.93109902500004, 24.717404076000037], [84.93159773500008, 24.717554128000074], [84.93261125600003, 24.717366671000036], [84.93305560700009, 24.717548213000043], [84.93335638100007, 24.717801595000026], [84.93371568800006, 24.71838464800004], [84.93388255200006, 24.71884092600004], [84.93354941100006, 24.719652668000037], [84.93332584500007, 24.72010817300003], [84.93326576100003, 24.720437493000077], [84.93354689000006, 24.720641298000032], [84.93379381500006, 24.720718517000023], [84.93412494500006, 24.720719253000027], [84.93437689500007, 24.72071975800003], [84.93479240600004, 24.720567174000053], [84.93509929700008, 24.720364636000056], [84.93537613100006, 24.720338181000045], [84.93570696300003, 24.72046522000005], [84.93609616500004, 24.720949017000066], [84.93647951800006, 24.721784902000024], [84.93706020600007, 24.722774666000078], [84.93725110100007, 24.723501836000025], [84.93766260600006, 24.724947116000067], [84.93785330200006, 24.725787139000033], [84.93765921100004, 24.726319364000062], [84.93784976700005, 24.727181960000053], [84.93827635200006, 24.72854145100007], [84.93869026200008, 24.729047941000033], [84.93896589200006, 24.729504415000065], [84.93943904600007, 24.730038023000077], [84.93987778500008, 24.730494798000052], [84.94029646800004, 24.73107795900006], [84.94009728600008, 24.731650882000054], [84.94059469900003, 24.732387665000033], [84.94120737800006, 24.732438599000034], [84.94181503800007, 24.732566245000044], [84.94497803600007, 24.732572636000043], [84.94626855400008, 24.732336046000057], [84.94660101100004, 24.731804071000056], [84.94671648900004, 24.73104599000004], [84.94727090000003, 24.73071757400004], [84.94749405700009, 24.73038854500004], [84.94813150900006, 24.73041240200007], [84.94884721800008, 24.73082912900003], [84.94856858600008, 24.73156435100003], [84.94762159700008, 24.73283081200003], [84.94742732200007, 24.733462360000033], [84.94748061000007, 24.733895829000062], [84.94826982500007, 24.73454741100005], [84.94851608500005, 24.734899977000055], [84.94890586600008, 24.735207681000077], [84.94921120200007, 24.735664198000052], [84.94890324600004, 24.73629552600005], [84.94923250400007, 24.737059050000028], [84.95012238900006, 24.736984153000037], [84.95136767100007, 24.73708595100004], [84.95186728100003, 24.736910909000073], [84.95225831600004, 24.73665883900003], [84.95372613100005, 24.73671146500004], [84.95458591000005, 24.736789877000035], [84.95528209600008, 24.737093709000078], [84.95627976900005, 24.737402589000055], [84.95767851300008, 24.73741889100006], [84.95909758700003, 24.737146280000047], [84.95970589100006, 24.73699397200005], [84.96053689100006, 24.736715755000034], [84.96103557800006, 24.736919791000048], [84.96120289500004, 24.737222553000038], [84.96128515000004, 24.73800818500007], [84.96130792000008, 24.738870349000024], [84.96394723100008, 24.738875423000025], [84.96661144600006, 24.73879922800006]]]]}}, {"type": "Feature", "properties": {"OBJECTID": 2745, "GPCODE": "92960", "GPNAME_1": "NAWAN", "DIST_CEN_C": "35", "BLK_NAME": "BODH GAYA", "ST_NAME": "BIHAR", "ST_CODE_1": "10", "GPCODE2011": "95515", "REMARKS": "FINALIZED", "MAP_STATUS": "COMPLETED", "BLK_C_2001": "350009", "BLK_C_2011": "01495", "DIST_NAME": "GAYA", "code2011": 25.0, "Shape_Leng": 0.2415155048, "Shape_Area": 0.0013355843, "Area": 14.9713}, "geometry": {"type": "MultiPolygon", "coordinates": [[[[84.92297590800007, 24.752983304000054], [84.92465708400005, 24.752797353000062], [84.92524030900006, 24.75279862700006], [84.92425335900003, 24.75048422200007], [84.92429830300006, 24.75007469700006], [84.92466236600006, 24.74883410500007], [84.92461103300008, 24.747664903000043], [84.92447766800007, 24.745741740000028], [84.92410509300004, 24.744562802000075], [84.92422003000007, 24.744084531000055], [84.92377624100004, 24.743677344000048], [84.92300048300007, 24.74354928100007], [84.92236337800006, 24.74336732100005], [84.92130661200008, 24.743012944000043], [84.92039300700003, 24.742703922000032], [84.91981068400008, 24.742350611000063], [84.91934219700005, 24.741943278000065], [84.91873814300004, 24.740470479000066], [84.91800576000009, 24.738938576000066], [84.91786889800005, 24.738356045000046], [84.91714976600008, 24.73741549300007], [84.91662555600004, 24.735644895000064], [84.91607523100004, 24.734451983000042], [84.91573312400004, 24.732993298000054], [84.91531527200004, 24.732157270000073], [84.91462934500004, 24.72989879200003], [84.91466186500008, 24.72883358400003], [84.91617703900005, 24.72778523200003], [84.91781556000007, 24.72675061800004], [84.91906769400003, 24.726067313000044], [84.91989832700006, 24.72594270700006], [84.92051180100003, 24.72569126600007], [84.92098187200008, 24.72546660000006], [84.92172912400008, 24.725084588000072], [84.92304875400004, 24.72506945600003], [84.92404871000008, 24.72441258400005], [84.92571418200004, 24.724416233000056], [84.92695906100005, 24.72462196400005], [84.92684831800005, 24.72538015400005], [84.92676104200007, 24.72664830900004], [84.92634328500003, 24.72768566600007], [84.92615015200005, 24.727838676000033], [84.92586880600004, 24.72768461000004], [84.92559273600006, 24.727431253000077], [84.92517839100003, 24.72712786900007], [84.92490135600008, 24.72719954300004], [84.92489999300005, 24.727759218000074], [84.92528943600007, 24.728139213000077], [84.92575887200007, 24.728140248000045], [84.92650448300003, 24.72839463400004], [84.92681009700004, 24.728697711000052], [84.92711646300006, 24.728725508000025], [84.92750680500006, 24.72877595400007], [84.92747581500004, 24.729286002000038], [84.92719730800007, 24.729967011000042], [84.92750236900008, 24.73050031300005], [84.92799523400004, 24.73102042800008], [84.92857217700004, 24.733481778000055], [84.92851393900008, 24.73497571100006], [84.92826661700008, 24.73505196700006], [84.92776833000005, 24.73469876400003], [84.92726925900007, 24.734643594000033], [84.92718444000008, 24.734972870000036], [84.92740529900004, 24.735582742000076], [84.92778905500006, 24.736242589000028], [84.92805045100005, 24.736459839000076], [84.92902334000007, 24.736768856000026], [84.93042196000005, 24.73683506100008], [84.93142031200006, 24.736837225000045], [84.93225001100006, 24.737091751000037], [84.93266485200007, 24.737196398000037], [84.93352534500008, 24.73701770400004], [84.93424788100003, 24.73664001700007], [84.93438872800004, 24.735678841000038], [84.93496290400003, 24.733364460000075], [84.93571455600005, 24.733212542000047], [84.93704349500007, 24.733445536000033], [84.93759675400008, 24.73354601400007], [84.93804113400006, 24.73370036600005], [84.93864951900008, 24.733521147000033], [84.93884823800005, 24.733119771000077], [84.93901285800007, 24.732510740000066], [84.93929087600003, 24.73197868400007], [84.93937529100003, 24.73185244600006], [84.94009728600008, 24.731650882000054], [84.94029646800004, 24.73107795900006], [84.93987778500008, 24.730494798000052], [84.93943904600007, 24.730038023000077], [84.93896589200006, 24.729504415000065], [84.93869026200008, 24.729047941000033], [84.93827635200006, 24.72854145100007], [84.93784976700005, 24.727181960000053], [84.93765921100004, 24.726319364000062], [84.93785330200006, 24.725787139000033], [84.93766260600006, 24.724947116000067], [84.93725110100007, 24.723501836000025], [84.93706020600007, 24.722774666000078], [84.93647951800006, 24.721784902000024], [84.93609616500004, 24.720949017000066], [84.93570696300003, 24.72046522000005], [84.93537613100006, 24.720338181000045], [84.93509929700008, 24.720364636000056], [84.93479240600004, 24.720567174000053], [84.93437689500007, 24.72071975800003], [84.93412494500006, 24.720719253000027], [84.93379381500006, 24.720718517000023], [84.93354689000006, 24.720641298000032], [84.93326576100003, 24.720437493000077], [84.93332584500007, 24.72010817300003], [84.93354941100006, 24.719652668000037], [84.93388255200006, 24.71884092600004], [84.93371568800006, 24.71838464800004], [84.93335638100007, 24.717801595000026], [84.93305560700009, 24.717548213000043], [84.93261125600003, 24.717366671000036], [84.93159773500008, 24.717554128000074], [84.93109902500004, 24.717404076000037], [84.93046196700004, 24.717249233000075], [84.92974179600003, 24.71671511200003], [84.92938339600005, 24.715802506000045], [84.92811024900004, 24.71509112600006], [84.92661377700006, 24.714780965000045], [84.92315921300008, 24.71488623600004], [84.92174431700005, 24.715492604000076], [84.91918715900005, 24.716398776000062], [84.91760339500007, 24.71728445800005], [84.91556137800006, 24.71954590400003], [84.91509351100007, 24.718949046000034], [84.91506514200006, 24.718470556000057], [84.91481915000008, 24.71806367000005], [84.91456729800007, 24.717986394000036], [84.91437632900005, 24.717353993000074], [84.91394898600004, 24.716373540000063], [84.91333946300006, 24.715180473000032], [84.91232157500008, 24.71330490400004], [84.91085319100006, 24.71355443400006], [84.90889484500008, 24.714096187000052], [84.90817302200008, 24.714247950000072], [84.90723360500004, 24.714421834000063], [84.90570579600006, 24.714747915000032], [84.90509713100005, 24.71505340500005], [84.90365457400009, 24.714896622000026], [84.90345900600005, 24.715911835000043], [84.90292549400004, 24.717657436000025], [84.90239315000008, 24.718947186000037], [84.90163079000007, 24.719414888000074], [84.90043286600007, 24.720147824000037], [84.89860278500004, 24.72070332800007], [84.89657453800004, 24.721434327000054], [84.89583795000004, 24.72152284300006], [84.89536815300005, 24.721625549000066], [84.89495318300004, 24.721597452000026], [84.89464786700006, 24.721217568000043], [84.89434173600006, 24.721113057000025], [84.89404079900004, 24.72090916600007], [84.89368024900006, 24.720858704000022], [84.89315163800006, 24.720780687000058], [84.89251465800004, 24.720603117000053], [84.89193170800007, 24.720552062000024], [84.89134827100008, 24.72064997700005], [84.89110033000009, 24.72095640200007], [84.89060158300003, 24.720801707000078], [84.89054833200004, 24.72042238800003], [84.89035196700007, 24.71996599000005], [84.88979623400007, 24.720750142000043], [84.88929605100003, 24.72112803300007], [84.88874192400004, 24.721352411000055], [84.88807365300005, 24.721707437000077], [84.88703400500003, 24.722377489000053], [84.88614318900005, 24.722781567000027], [84.88525246700004, 24.72318563500005], [84.88472655100009, 24.72389300800006], [84.88480833100004, 24.72467868500007], [84.88513749100008, 24.725365603000057], [84.88538205600008, 24.726228293000077], [84.88524093400008, 24.727162342000042], [84.88399440500007, 24.72753852200003], [84.88349495200004, 24.727636602000075], [84.88316417000004, 24.72753644100004], [84.88260472700006, 24.72785557000003], [84.88304769200005, 24.72849310500004], [84.88349103700006, 24.72899972500005], [84.88381896700008, 24.73006584700005], [84.88416208200005, 24.73106424100007], [84.88537662100003, 24.73319324600004], [84.88618188500004, 24.73329900500005], [84.88751089900006, 24.733478346000027], [84.88923119500004, 24.733356109000056], [84.89127958800003, 24.734299862000057], [84.89366288800005, 24.735673293000048], [84.89499462500004, 24.736633381000047], [84.89396286300007, 24.737926410000057], [84.89376756900003, 24.738837772000068], [84.89433254500005, 24.74004429300004], [84.89319386200003, 24.74067809400003], [84.89213979300007, 24.741131505000055], [84.89083281800004, 24.74188669600005], [84.89080106000006, 24.742595270000038], [84.89132662200007, 24.743765650000057], [84.89155825500006, 24.745734257000038], [84.89166465200003, 24.74654245200003], [84.89191396100006, 24.747509071000025], [84.89221058700008, 24.749234079000075], [84.89272852900007, 24.750484192000044], [84.89257681300006, 24.75081031600007], [84.89286684900009, 24.751388742000074], [84.89333062900005, 24.75169230000006], [84.89408152900006, 24.751829499000053], [84.89526248800007, 24.751985749000028], [84.89611672900008, 24.75231734600004], [84.89768447200004, 24.752050172000054], [84.89907997700004, 24.751480223000044], [84.89983263000005, 24.751030541000034], [84.90074731600004, 24.750946947000045], [84.90167547000004, 24.75134636000007], [84.90253481700006, 24.751623685000027], [84.90335670300004, 24.751138070000025], [84.90361368100008, 24.75116573400004], [84.90418115400007, 24.75153717200004], [84.90461631300008, 24.751470459000075], [84.90541218700008, 24.751458783000032], [84.90645892500004, 24.751885532000074], [84.90755995000006, 24.752357436000068], [84.91018180000003, 24.753460305000033], [84.91083310600004, 24.75386801600007], [84.91241442500007, 24.754056711000032], [84.91443435900004, 24.754751890000023], [84.91618039900004, 24.756195674000026], [84.91638545900008, 24.757171129000028], [84.91593294500007, 24.75817224000008], [84.91524918900006, 24.758734954000033], [84.91411606600008, 24.759170209000047], [84.91562337100004, 24.75933156900004], [84.91869355800003, 24.759189481000078], [84.91924775600006, 24.757123353000054], [84.91948656400007, 24.75652801600006], [84.92086338800004, 24.75556060100007], [84.92124119200008, 24.754748951000067], [84.92117400300003, 24.75396338200005], [84.92191248000006, 24.75322920900004], [84.92297590800007, 24.752983304000054]]]]}}, {"type": "Feature", "properties": {"OBJECTID": 2916, "GPCODE": "351921", "GPNAME_1": "Bodh Gaya (NA)", "DIST_CEN_C": "35", "BLK_NAME": "BODH GAYA", "ST_NAME": "BIHAR", "ST_CODE_1": "10", "GPCODE2011": "801406", "REMARKS": "FINALIZED", "MAP_STATUS": "COMPLETED", "BLK_C_2001": "350009", "BLK_C_2011": "01495", "DIST_NAME": "GAYA", "code2011": 15.0, "Shape_Leng": 0.21618465278, "Shape_Area": 0.00166113625, "Area": 18.6232}, "geometry": {"type": "MultiPolygon", "coordinates": [[[[84.99982718500007, 24.735906553000063], [85.00230393700008, 24.73523149700003], [85.00325337400005, 24.73471770200007], [85.00526609100007, 24.733500588000027], [85.00749642000005, 24.73209397900007], [85.01170237600007, 24.73207913400006], [85.01466253400008, 24.73243347500005], [85.01525563500007, 24.732415846000038], [85.01613055300004, 24.732222398000033], [85.01589887700004, 24.731563152000035], [85.01526219300007, 24.73053808700007], [85.01350381900005, 24.729313472000058], [85.01069846400009, 24.727356772000064], [85.00940470100005, 24.72612346300008], [85.00872778600007, 24.725987554000028], [85.00855996800004, 24.72573920700006], [85.00881244100003, 24.725315074000036], [85.00773674800007, 24.723508668000022], [85.00482040400004, 24.718906579000077], [85.00410454400009, 24.71815220600007], [85.00227339200006, 24.715889213000025], [85.00178513900005, 24.714900271000033], [85.00065093300003, 24.712520407000056], [85.00031044700006, 24.712019155000064], [84.99989181800004, 24.71064646900004], [84.99895985700005, 24.708618943000033], [84.99771134000008, 24.708674710000025], [84.99720925800005, 24.707712365000077], [84.99692109600005, 24.706023698000024], [84.99672590600005, 24.70480460700003], [84.99661969800007, 24.703563101000043], [84.99615238100006, 24.70252408400006], [84.99576372400008, 24.701710889000026], [84.99569728600005, 24.70037919500004], [84.99556315600006, 24.69827549200005], [84.99474938200007, 24.695114311000054], [84.99428196500008, 24.694152028000076], [84.99395305600007, 24.69311330900007], [84.99403445500008, 24.691921731000036], [84.99431931600003, 24.69037395400005], [84.99426206900006, 24.68933564500003], [84.99182665100005, 24.68917795300007], [84.99124362700007, 24.689226679000058], [84.98814971300004, 24.68974036000003], [84.98778975500005, 24.689410230000078], [84.98727086700006, 24.68710266000005], [84.98699647400008, 24.68601435000005], [84.98646908700005, 24.685404052000024], [84.98583206100005, 24.685276522000038], [84.98513568500005, 24.685338685000033], [84.98476139800005, 24.684579505000045], [84.98459481000003, 24.683951729000057], [84.98448831200005, 24.682917866000025], [84.98388675000007, 24.68233897600004], [84.98296310700005, 24.682274133000078], [84.98142119900007, 24.682474589000037], [84.98065054200003, 24.682473144000028], [84.98042886900004, 24.682192882000038], [84.98012840300004, 24.681768044000023], [84.97971369600003, 24.681613870000035], [84.97919511700007, 24.681563279000045], [84.97877969000007, 24.681765642000073], [84.97830997600005, 24.68194083000003], [84.97765267000005, 24.682038979000026], [84.97699080700005, 24.68198803300004], [84.97663577900005, 24.68168498700004], [84.97608296500005, 24.681458246000034], [84.97511918100008, 24.68163260600005], [84.97373102400007, 24.681616508000047], [84.97279284000007, 24.681389016000026], [84.97246262400006, 24.681036335000044], [84.97213818600005, 24.680277389000025], [84.97189229600008, 24.679802964000032], [84.97142345400005, 24.679549363000035], [84.97098439000007, 24.679273151000075], [84.97073736400006, 24.67932238800006], [84.97046003300005, 24.679597197000078], [84.97007456500006, 24.679646107000053], [84.96977338800008, 24.679595937000045], [84.96930432300007, 24.67944606700007], [84.96894836400008, 24.679567260000056], [84.96861692100003, 24.679769836000048], [84.96825563200008, 24.680071576000046], [84.96781539100004, 24.680323533000035], [84.96756825700004, 24.680372676000047], [84.96723647300007, 24.680746701000032], [84.96663229400008, 24.68137749500005], [84.96488254200005, 24.68176246300004], [84.96480146300007, 24.680471302000058], [84.96391247400004, 24.68036580100005], [84.96261291200005, 24.680489633000036], [84.96213784300005, 24.68084532000006], [84.95901607100006, 24.682775795000055], [84.95917778400008, 24.685461953000072], [84.95903498700005, 24.687389143000075], [84.95473636800006, 24.687529666000046], [84.95466447100006, 24.688707642000054], [84.95440810400004, 24.692688469000075], [84.95495932100005, 24.693601372000046], [84.95665975300005, 24.69536511000007], [84.95693537500006, 24.695821557000045], [84.95773754500004, 24.697190861000024], [84.95828776100007, 24.698537127000066], [84.95870148300008, 24.699120219000065], [84.95852151100007, 24.70001811700007], [84.95774320100008, 24.70113156900004], [84.95746532800007, 24.70161401100006], [84.95727199900006, 24.701893461000054], [84.95679543900008, 24.702854046000027], [84.95651741700004, 24.703408715000023], [84.95626949200005, 24.70379189700003], [84.95604582300007, 24.704346659000066], [84.95852600400008, 24.704464332000043], [84.95899545500004, 24.70446526300003], [84.95960817700006, 24.704439382000032], [84.96016062100006, 24.704869231000032], [84.96190654600008, 24.706321642000034], [84.96428294800006, 24.708632763000026], [84.96472770600008, 24.708633642000052], [84.96531126000008, 24.708431620000056], [84.96701721700003, 24.707911180000053], [84.96759817600008, 24.708851177000042], [84.96762621700003, 24.709532898000077], [84.96767510500007, 24.71196601300005], [84.96786482700008, 24.713311512000075], [84.96883870800008, 24.713159821000033], [84.96961960000004, 24.713066484000024], [84.96978548200008, 24.714055409000025], [84.96970020100008, 24.714614942000026], [84.96950684300003, 24.71491697700003], [84.96944535300008, 24.715878315000054], [84.96933327700003, 24.717399357000033], [84.96953684300007, 24.719178207000027], [84.96967369800007, 24.71986461700004], [84.96989505400006, 24.72032094700006], [84.97072472300005, 24.72057526800006], [84.97077798400005, 24.721058295000034], [84.97044571700008, 24.721563238000044], [84.97011374500005, 24.721968864000075], [84.96991465700006, 24.722600510000063], [84.97233158300008, 24.72242890600006], [84.97360684900008, 24.722354523000035], [84.97596414700007, 24.72233632600006], [84.97861321000005, 24.722255334000067], [84.98163764500003, 24.722283402000073], [84.98274464700006, 24.722262836000027], [84.98365936400006, 24.722061284000063], [84.98493467100008, 24.721910068000057], [84.98580937000008, 24.72192517800005], [84.98675180500004, 24.722612979000075], [84.98771951300006, 24.72307057200004], [84.98846564000007, 24.72309894600005], [84.99010716300006, 24.722695586000043], [84.99076503000003, 24.724849850000055], [84.99125875000004, 24.727459714000076], [84.991492, 24.72937401100006], [84.99109871500008, 24.730745630000058], [84.99084981000004, 24.731629948000034], [84.99106894000005, 24.73320117800006], [84.99052999900005, 24.733317558000067], [84.99099810900003, 24.73402703900007], [84.99066559000005, 24.73468550700005], [84.99052628500004, 24.735114143000033], [84.99068836600009, 24.73559732700005], [84.99435094500006, 24.73550436800008], [84.99498819700005, 24.735654431000057], [84.99587778200004, 24.735710091000044], [84.99684675900005, 24.735558295000033], [84.99734583200006, 24.735635811000066], [84.99765177500007, 24.735862005000058], [84.99784004600008, 24.736112555000034], [84.99982718500007, 24.735906553000063]]]]}}]}