{"type": "FeatureCollection", "features": [{"type": "Feature", "properties": {"OBJECTID": 4881, "GPCODE": "93537", "GPNAME_1": "TELWA BAZAR", "DIST_CEN_C": "37", "BLK_NAME": "JHAJHA", "ST_NAME": "BIHAR", "ST_CODE_1": "10", "GPCODE2011": "96091", "REMARKS": "FINALIZED", "MAP_STATUS": "COMPLETED", "BLK_C_2001": "370006", "BLK_C_2011": "01530", "DIST_NAME": "JAMUI", "code2011": 0.0, "Shape_Leng": 0.23591160773, "Shape_Area": 0.00164289911, "Area": 18.4041}, "geometry": {"type": "MultiPolygon", "coordinates": [[[[86.53819497700005, 24.70382565700004], [86.53962900600004, 24.70344325600007], [86.54118206400005, 24.704066278000028], [86.54297621200004, 24.703143685000043], [86.54344504000005, 24.70212868300007], [86.54403163200004, 24.70151890300008], [86.54524191900003, 24.701002908000078], [86.54593049600004, 24.700220772000023], [86.54637417900005, 24.70011759600004], [86.54733893200006, 24.700714024000035], [86.54781927500005, 24.700813708000055], [86.54865978400005, 24.700376367000047], [86.54880719200008, 24.700299666000035], [86.54881737000005, 24.700164190000066], [86.54886792000008, 24.699491291000072], [86.54937583900005, 24.698918194000044], [86.55171654100008, 24.697349969000072], [86.55320393300008, 24.698311879000073], [86.55404565400005, 24.69800217200003], [86.55536453100007, 24.697011344000032], [86.55711363700004, 24.695114096000054], [86.55907043800005, 24.694180881000023], [86.56023497200005, 24.694504766000023], [86.56234597800005, 24.694617193000056], [86.56321135300004, 24.694212418000063], [86.56379634700005, 24.694405935000077], [86.56526220300003, 24.69565224100006], [86.56760878800009, 24.697491138000032], [86.56902695100007, 24.695623796000064], [86.57121356800008, 24.695870851000052], [86.57215438000009, 24.695596264000073], [86.57389359200005, 24.694651214000032], [86.57469881700007, 24.695108935000064], [86.57564603400004, 24.694969721000064], [86.57722569600008, 24.69296093500003], [86.57874030900007, 24.691349837000075], [86.58040591400004, 24.690468587000055], [86.58285836800007, 24.68831665600004], [86.58398888400006, 24.684980428000074], [86.58557535900007, 24.68179354700004], [86.58559753200007, 24.681093795000038], [86.58607641200007, 24.67920751300005], [86.58608590000006, 24.679162315000042], [86.58631018800008, 24.677959819000023], [86.58626164800006, 24.67711626700003], [86.58580301200004, 24.676732273000027], [86.58472947700005, 24.67658829000004], [86.58190464700004, 24.67715497100005], [86.57932710900008, 24.677281639000057], [86.57832893200003, 24.675859735000074], [86.57744188200007, 24.67467160700005], [86.57667748300008, 24.67060292800005], [86.57735418400006, 24.66871947100003], [86.57735896600008, 24.668710419000035], [86.57666525100007, 24.66664499600006], [86.57436398900006, 24.66484190600005], [86.57107120900008, 24.664103660000023], [86.56846802400008, 24.66505623100005], [86.56558787400007, 24.66691834900007], [86.56253663700005, 24.66802824800004], [86.56151293600004, 24.667441431000043], [86.56106222500006, 24.66591536900006], [86.56024889800005, 24.66466327200004], [86.55909905500005, 24.66430770900007], [86.55654846500005, 24.66509267500004], [86.55567484400007, 24.66516791300006], [86.55508712400007, 24.664708219000033], [86.55456805200004, 24.66371527900003], [86.55432791300007, 24.661523928000065], [86.55269723800006, 24.65861798900005], [86.55169218300006, 24.65982266800006], [86.55265012100006, 24.660744142000055], [86.55112016300006, 24.66325316500007], [86.55043244300003, 24.66457254100004], [86.54971984800005, 24.665883016000066], [86.54880114900004, 24.66827846500007], [86.54823070100008, 24.669479386000035], [86.54812700700006, 24.670446093000066], [86.54773345200005, 24.671559771000034], [86.54758996400005, 24.672012317000053], [86.54564129700003, 24.673225150000064], [86.54345786600004, 24.673243971000034], [86.54207387700006, 24.67269168300004], [86.54046282500008, 24.67167648900005], [86.53863414500006, 24.67063162200003], [86.53685440400005, 24.670511470000065], [86.53508480500005, 24.671853526000064], [86.53343428100004, 24.67373161200004], [86.53089120600004, 24.673847084000045], [86.53074310800008, 24.673853808000047], [86.53059560200006, 24.673918882000066], [86.53005460400004, 24.67415754600006], [86.52797733000006, 24.67344410000004], [86.52564943600004, 24.673333030000038], [86.52457663000007, 24.675201569000023], [86.52321354700007, 24.676707], [86.52315196700005, 24.67793511900004], [86.52315667900007, 24.67839998100004], [86.52327841800007, 24.679680706000056], [86.52336467800006, 24.680393080000044], [86.52293805300008, 24.68119555000004], [86.52210398800008, 24.68176679000004], [86.51876757700006, 24.682589336000035], [86.51735075000005, 24.68270050800004], [86.51616462700008, 24.68364032900007], [86.51177971500005, 24.68533809400003], [86.51153650800006, 24.68620669300003], [86.51190977500005, 24.68746268900003], [86.51184258900008, 24.687661837000064], [86.51159978500004, 24.689058517000035], [86.51092119300006, 24.690359509000075], [86.51089734800007, 24.691424823000034], [86.51149129900006, 24.69251656700004], [86.51232948600006, 24.69331744300007], [86.51449856900007, 24.692829741000025], [86.51518427500008, 24.691745294000043], [86.51629233400007, 24.691871345000038], [86.51728797900006, 24.691628326000057], [86.51898287300008, 24.69164557700003], [86.52000776000006, 24.69137061200007], [86.52112065400007, 24.691965999000047], [86.52207936900004, 24.691989483000043], [86.52288209300008, 24.691242528000032], [86.52453413000006, 24.690926055000034], [86.52677339700006, 24.690067654000075], [86.52756855200005, 24.688576029000046], [86.52822997600003, 24.688033274000077], [86.52948129800006, 24.688158045000023], [86.53135448000006, 24.687735907000047], [86.53298316600007, 24.688529806000076], [86.53339207300007, 24.68889642700003], [86.53391981800007, 24.68976749500007], [86.53366913400004, 24.69037894300004], [86.53576700700006, 24.690189434000047], [86.53694466900004, 24.690350910000063], [86.53797790800007, 24.690409749000025], [86.53798821100008, 24.691416118000063], [86.53756829100007, 24.693337773000053], [86.53810219100006, 24.69528744200005], [86.53873931400005, 24.69622528000008], [86.53992836400005, 24.69749231700007], [86.54045791900006, 24.69853028800003], [86.54039281500008, 24.699406400000044], [86.53864271400005, 24.70124025900003], [86.53596705000007, 24.70292302400003], [86.53581979600006, 24.703015632000074], [86.53596913600006, 24.703127221000045], [86.53722902100003, 24.704068611000025], [86.53737836400006, 24.704180198000074], [86.53752591100005, 24.704116139000064], [86.53819497700005, 24.70382565700004]]]]}}, {"type": "Feature", "properties": {"OBJECTID": 4886, "GPCODE": "93521", "GPNAME_1": "BARAKOLA", "DIST_CEN_C": "37", "BLK_NAME": "JHAJHA", "ST_NAME": "BIHAR", "ST_CODE_1": "10", "GPCODE2011": "96075", "REMARKS": "FINALIZED", "MAP_STATUS": "COMPLETED", "BLK_C_2001": "370006", "BLK_C_2011": "01530", "DIST_NAME": "JAMUI", "code2011": 0.0, "Shape_Leng": 0.28091428285, "Shape_Area": 0.00272208146, "Area": 30.4868}, "geometry": {"type": "MultiPolygon", "coordinates": [[[[86.48334430800008, 24.734263527000053], [86.48817618300006, 24.729579530000024], [86.49029840700007, 24.730762582000068], [86.49091442900004, 24.730590477000078], [86.49092456900007, 24.729620047000026], [86.49134565700007, 24.727725531000033], [86.49140667300009, 24.725906173000055], [86.49103834100003, 24.72514190100003], [86.48978880300007, 24.723735126000065], [86.48850005600008, 24.721854713000027], [86.48829054000004, 24.721165865000046], [86.48819489200008, 24.719492265000042], [86.48766241400006, 24.718115564000072], [86.48772450400008, 24.716404540000042], [86.48739793700008, 24.715861165000035], [86.48987779100008, 24.714771006000035], [86.49135655700007, 24.71339127600004], [86.49463008200007, 24.712113975000022], [86.49540506100004, 24.71152530300003], [86.49582877200004, 24.710903505000033], [86.49443892700003, 24.710784198000056], [86.49311723500006, 24.710050418000037], [86.49189108800005, 24.708498991000056], [86.49056930900008, 24.70576581800003], [86.48879439100006, 24.702174416000048], [86.48707886200003, 24.698090463000028], [86.48482190600004, 24.694195996000076], [86.48380891600004, 24.692191405000074], [86.48321550700007, 24.68963276900007], [86.48267748900008, 24.68918131600003], [86.48186045400007, 24.688993939000056], [86.48016465700005, 24.689393917000075], [86.48001681300008, 24.689428788000043], [86.47986835200004, 24.689400530000057], [86.47828923400004, 24.689099959000032], [86.47516249200004, 24.688669635000053], [86.47281042700007, 24.68813814400005], [86.47099883100003, 24.686288947000037], [86.46797878200005, 24.686150949000023], [86.46523240900007, 24.685198306000075], [86.46334569400005, 24.68475774600006], [86.46149179500009, 24.684122798000033], [86.46023058200007, 24.683991615000025], [86.46008225500003, 24.68397618700004], [86.46001922900007, 24.684112081000023], [86.45949185100005, 24.685249183000053], [86.45825217000004, 24.68580978400007], [86.45779819600006, 24.685864464000076], [86.45765018700007, 24.68588229100004], [86.45751911200006, 24.68601872800008], [86.45666694100004, 24.686905754000065], [86.45425893000004, 24.687737471000048], [86.45338641700005, 24.688466752000068], [86.45323940900005, 24.688589626000066], [86.45309194700008, 24.688664988000028], [86.45026979200009, 24.690107253000065], [86.44897428600007, 24.69000479500005], [86.44755911100003, 24.690310331000035], [86.44741123000006, 24.690342257000054], [86.44726434300009, 24.690478807000034], [86.44649550100007, 24.691193524000028], [86.44606508100009, 24.69114326400006], [86.44591673000008, 24.691125940000063], [86.44576936800007, 24.691212707000034], [86.44524848800006, 24.69151940200004], [86.44337049700005, 24.691990171000043], [86.44208785200004, 24.69167542200006], [86.44115522600003, 24.69128575600007], [86.44100645100008, 24.691223595000054], [86.44085945500007, 24.691349268000067], [86.43929591800008, 24.692685978000043], [86.43763868500008, 24.693515524000077], [86.43749119300008, 24.69358935100007], [86.43734377900006, 24.693671425000048], [86.43110148300008, 24.697146642000064], [86.43231557900003, 24.70536042200007], [86.43009317000008, 24.70758944000005], [86.42841037400007, 24.70940349800003], [86.42688334700006, 24.709916367000062], [86.42430071700005, 24.709589126000026], [86.42313389700007, 24.707941817000062], [86.41911845700008, 24.70657407400006], [86.41784776700007, 24.705433050000067], [86.41708090900005, 24.705335218000073], [86.41670065200003, 24.705888713000036], [86.41613583700007, 24.709436160000052], [86.41502752700006, 24.709291243000052], [86.41549614100006, 24.70972995900007], [86.41566560000007, 24.70989109800007], [86.41762899100007, 24.710588947000076], [86.41984739200007, 24.712124301000074], [86.42011287700007, 24.71356200300005], [86.41889751100007, 24.714654675000077], [86.41984790500004, 24.715355878000025], [86.42091921200006, 24.715762749000078], [86.42232011800007, 24.71601358500004], [86.42343750800006, 24.717128613000057], [86.42460439000007, 24.718771400000037], [86.42526444200007, 24.71906414500006], [86.42653302000008, 24.71890518600003], [86.42802936600003, 24.718790802000058], [86.42817747800007, 24.718779479000034], [86.42823492600007, 24.718914417000065], [86.42879222700003, 24.720223415000078], [86.42884967600008, 24.72035835300005], [86.42870260400008, 24.72048072900003], [86.42734920200007, 24.72160684100004], [86.42677937200006, 24.723078188000045], [86.42672678000008, 24.72321398400004], [86.42687558900008, 24.72334820900005], [86.42776354100005, 24.724149129000068], [86.42857421600007, 24.725740476000055], [86.42870340500008, 24.727350745000024], [86.42871426100004, 24.727486046000024], [86.42886273800008, 24.727512543000046], [86.43602650200006, 24.72879081900004], [86.43617498200007, 24.72881730900008], [86.43848112700005, 24.72705479800004], [86.43862833900005, 24.726947411000026], [86.43866294200006, 24.72692243800003], [86.43877556200005, 24.72684115900006], [86.44310488600007, 24.723716496000065], [86.44424019200005, 24.722538505000045], [86.44651783200004, 24.719893539000054], [86.44663257800005, 24.719760284000074], [86.44669877600006, 24.719892104000053], [86.44735572800005, 24.721200278000026], [86.44900679800008, 24.72278927800005], [86.44986784000008, 24.723413272000073], [86.45001709600007, 24.723521436000055], [86.44986963100007, 24.723600974000078], [86.44633938000004, 24.725505032000058], [86.44512825400005, 24.727130448000025], [86.44502677500003, 24.72726663800006], [86.44517575900005, 24.727346246000025], [86.44628357800008, 24.727938194000046], [86.44887579800007, 24.72870732900003], [86.45066009100003, 24.72923467000004], [86.45324441300005, 24.72917784300006], [86.45468097000008, 24.727974849000077], [86.45482801900005, 24.727851706000024], [86.45497698300005, 24.727928444000042], [86.45745062900005, 24.729202713000063], [86.45897499000006, 24.72942070000005], [86.45912342400004, 24.72944192500006], [86.45927122800003, 24.729397610000035], [86.46023717700007, 24.729107990000045], [86.46207528500008, 24.72956253500007], [86.46328748000008, 24.73122720200007], [86.46465331000007, 24.732416687000068], [86.46514768700007, 24.734466258000054], [86.46542954400007, 24.73564193800007], [86.46546193900008, 24.735777063000057], [86.46538082400008, 24.73591310200004], [86.46478594000007, 24.736910789000035], [86.46600219300007, 24.738977085000045], [86.46541856600004, 24.742497678000063], [86.46804337400005, 24.74402445000004], [86.46960343600006, 24.744846686000074], [86.47032869700007, 24.745716385000037], [86.47096946900007, 24.746036109000045], [86.47264573300004, 24.746094680000056], [86.47324275800008, 24.746491434000063], [86.47330332900003, 24.74812926000004], [86.47445393600003, 24.748011551000047], [86.47857440800004, 24.745793417000073], [86.48020224000004, 24.744945141000073], [86.48155575100003, 24.744857280000076], [86.48417152400003, 24.743454732000032], [86.48556481300005, 24.742390086000057], [86.48572986000005, 24.742279884000027], [86.48566747700005, 24.742142624000053], [86.48495268600004, 24.73997310900006], [86.48436153300008, 24.73666975100008], [86.48382675500005, 24.735071953000045], [86.48334430800008, 24.734263527000053]]]]}}, {"type": "Feature", "properties": {"OBJECTID": 4887, "GPCODE": "93529", "GPNAME_1": "KANAUDI", "DIST_CEN_C": "37", "BLK_NAME": "JHAJHA", "ST_NAME": "BIHAR", "ST_CODE_1": "10", "GPCODE2011": "96083", "REMARKS": "FINALIZED", "MAP_STATUS": "COMPLETED", "BLK_C_2001": "370006", "BLK_C_2011": "01530", "DIST_NAME": "JAMUI", "code2011": 0.0, "Shape_Leng": 0.28907383476, "Shape_Area": 0.00144945429, "Area": 16.2331}, "geometry": {"type": "MultiPolygon", "coordinates": [[[[86.55740633700003, 24.73304949100003], [86.55868619700004, 24.731607704000055], [86.55859916400004, 24.730376318000026], [86.55751071300006, 24.72932071200006], [86.55633599700008, 24.728532079000047], [86.55539491000008, 24.72880656600006], [86.55501518600005, 24.727943378000077], [86.55513423700006, 24.72561348200003], [86.55468472300004, 24.72421834100004], [86.55292496600003, 24.723236222000025], [86.55277055400006, 24.72217239400004], [86.55289581400007, 24.72044277300006], [86.55469574800009, 24.71816601100005], [86.55497055500007, 24.716565967000065], [86.55581870700007, 24.71449610700006], [86.55528894500009, 24.712505862000057], [86.55534580600005, 24.710844485000052], [86.55648894700005, 24.708636632000037], [86.55654155500008, 24.706573595000066], [86.55709880700005, 24.70457397100006], [86.55831322200004, 24.70210362100005], [86.55997569100003, 24.700888642000052], [86.56075730200007, 24.69909013700004], [86.56154237800007, 24.697620968000024], [86.56292018700003, 24.697076407000054], [86.56473213500004, 24.695995372000027], [86.56526220300003, 24.69565224100006], [86.56379634700005, 24.694405935000077], [86.56321135300004, 24.694212418000063], [86.56234597800005, 24.694617193000056], [86.56023497200005, 24.694504766000023], [86.55907043800005, 24.694180881000023], [86.55711363700004, 24.695114096000054], [86.55536453100007, 24.697011344000032], [86.55404565400005, 24.69800217200003], [86.55320393300008, 24.698311879000073], [86.55171654100008, 24.697349969000072], [86.54937583900005, 24.698918194000044], [86.54886792000008, 24.699491291000072], [86.54881737000005, 24.700164190000066], [86.54880719200008, 24.700299666000035], [86.54865978400005, 24.700376367000047], [86.54781927500005, 24.700813708000055], [86.54733893200006, 24.700714024000035], [86.54637417900005, 24.70011759600004], [86.54593049600004, 24.700220772000023], [86.54524191900003, 24.701002908000078], [86.54403163200004, 24.70151890300008], [86.54344504000005, 24.70212868300007], [86.54297621200004, 24.703143685000043], [86.54118206400005, 24.704066278000028], [86.53962900600004, 24.70344325600007], [86.53819497700005, 24.70382565700004], [86.53752591100005, 24.704116139000064], [86.53737836400006, 24.704180198000074], [86.53722902100003, 24.704068611000025], [86.53596913600006, 24.703127221000045], [86.53581979600006, 24.703015632000074], [86.53596705000007, 24.70292302400003], [86.53864271400005, 24.70124025900003], [86.54039281500008, 24.699406400000044], [86.54045791900006, 24.69853028800003], [86.53992836400005, 24.69749231700007], [86.53873931400005, 24.69622528000008], [86.53810219100006, 24.69528744200005], [86.53756829100007, 24.693337773000053], [86.53798821100008, 24.691416118000063], [86.53797790800007, 24.690409749000025], [86.53694466900004, 24.690350910000063], [86.53576700700006, 24.690189434000047], [86.53366913400004, 24.69037894300004], [86.53391981800007, 24.68976749500007], [86.53339207300007, 24.68889642700003], [86.53298316600007, 24.688529806000076], [86.53135448000006, 24.687735907000047], [86.52948129800006, 24.688158045000023], [86.52822997600003, 24.688033274000077], [86.52756855200005, 24.688576029000046], [86.52677339700006, 24.690067654000075], [86.52453413000006, 24.690926055000034], [86.52288209300008, 24.691242528000032], [86.52207936900004, 24.691989483000043], [86.52112065400007, 24.691965999000047], [86.52000776000006, 24.69137061200007], [86.51898287300008, 24.69164557700003], [86.51728797900006, 24.691628326000057], [86.51629233400007, 24.691871345000038], [86.51518427500008, 24.691745294000043], [86.51449856900007, 24.692829741000025], [86.51232948600006, 24.69331744300007], [86.51222855800006, 24.694085468000026], [86.51109960200006, 24.695814510000048], [86.51048863200003, 24.696961490000035], [86.50957137500006, 24.697628145000067], [86.50909547600008, 24.697966117000078], [86.50810660900004, 24.698394135000058], [86.50749807200003, 24.70028577000005], [86.50704482800006, 24.70288022400007], [86.50618169400008, 24.705008674000055], [86.50510869200008, 24.70642129600003], [86.50443141700003, 24.706882929000074], [86.50428421100008, 24.70698326400003], [86.50443375200007, 24.70711735200007], [86.50465821700004, 24.70731862100007], [86.50631279700008, 24.707237080000027], [86.50738374100007, 24.707598215000075], [86.50961467900004, 24.705860002000065], [86.51144751300006, 24.704838092000045], [86.51332269700004, 24.704583196000044], [86.51423477800006, 24.703397491000032], [86.51761604500007, 24.70256110300005], [86.51941409600005, 24.70201336300005], [86.51964288400006, 24.702647816000024], [86.51918242100004, 24.70450217800004], [86.52046959100005, 24.70425658100004], [86.52120382200007, 24.704047272000025], [86.52186829900006, 24.704280808000078], [86.52198074400007, 24.70464995800006], [86.52235108100007, 24.70462105300004], [86.52249916700003, 24.704609495000057], [86.52256431900008, 24.704744334000054], [86.52287272000007, 24.705382606000057], [86.52299823300007, 24.705950184000073], [86.52302811800007, 24.706085321000046], [86.52303429600005, 24.706220657000074], [86.52312347900005, 24.708174134000046], [86.52265385900006, 24.70912135800006], [86.52204097600008, 24.70969526600004], [86.52189508000004, 24.70983188200006], [86.52204433400004, 24.709935398000027], [86.52401022400005, 24.71129882500003], [86.52608649800004, 24.712817983000036], [86.52623581600005, 24.712927234000063], [86.52638460700007, 24.71298432900005], [86.52760507700003, 24.713452647000054], [86.52771725400004, 24.713790192000033], [86.52709583900008, 24.714400271000045], [86.52409688600005, 24.716411513000025], [86.52522338200004, 24.71832008800004], [86.52537912700006, 24.719058911000047], [86.52609245100007, 24.720668664000073], [86.52570523900005, 24.721105183000077], [86.52558423700003, 24.72124159200007], [86.52563740200009, 24.721376531000033], [86.52580753600006, 24.721808343000077], [86.52636164900008, 24.721871333000024], [86.52710951100005, 24.722511886000063], [86.52725913200004, 24.722640037000076], [86.52739467500004, 24.72250350400003], [86.52773362200008, 24.722162077000064], [86.52898252100005, 24.722016008000026], [86.53065516800007, 24.720020411000064], [86.53076945500004, 24.719884055000023], [86.53079437200006, 24.719748456000048], [86.53097545800006, 24.718763007000064], [86.53145066700006, 24.718357352000055], [86.53262647300005, 24.71784182300007], [86.53317894800006, 24.717737765000038], [86.53336293700005, 24.716219770000066], [86.53337936300005, 24.71608424300007], [86.53352718800005, 24.71604587300004], [86.53404477500004, 24.715911525000024], [86.53481038700005, 24.715399541000068], [86.53543769200007, 24.71536253000005], [86.53548227600004, 24.71633702200006], [86.53784521300008, 24.716885766000075], [86.53799378300005, 24.716920267000035], [86.53795496000004, 24.71705598500006], [86.53756928500007, 24.718404227000065], [86.53957250800005, 24.720621076000043], [86.53969391300006, 24.72075542500005], [86.53954689400007, 24.720873518000076], [86.53840970300007, 24.721786959000042], [86.53826268200004, 24.72190505100008], [86.53841180000006, 24.72198478100006], [86.53937581900004, 24.722500212000057], [86.54179119100007, 24.724285829000053], [86.54194064100005, 24.724396311000078], [86.54191954200007, 24.72453187700006], [86.54142155600005, 24.727731525000024], [86.54162433600004, 24.72917854900004], [86.54208777700006, 24.731462690000058], [86.54272275500006, 24.732165860000066], [86.54273178500006, 24.73304130400004], [86.54132968800008, 24.732714917000067], [86.54040833500005, 24.732993633000035], [86.54022925500004, 24.73336527600003], [86.54082191000003, 24.733797906000063], [86.54244496000007, 24.733982483000034], [86.54341326000008, 24.734885876000078], [86.54378634600005, 24.735555128000044], [86.54386146000007, 24.735689870000044], [86.54371462200004, 24.73582650000003], [86.54320541600003, 24.736300279000034], [86.54310541600006, 24.737145052000074], [86.54267567600004, 24.738597533000075], [86.54137050800006, 24.74049074100003], [86.53975953300005, 24.741479516000027], [86.53870378000005, 24.74263495100007], [86.53856276700003, 24.743344687000047], [86.53830726800004, 24.743847894000055], [86.53823822800007, 24.743983868000043], [86.53838709400009, 24.744037373000026], [86.54281266200007, 24.74562790400006], [86.54414576400006, 24.74691165100006], [86.54501186500005, 24.74892164000005], [86.54590820800007, 24.750028618000044], [86.54632096100005, 24.750511723000045], [86.54872578100003, 24.75372137900007], [86.55028227400004, 24.75312735400007], [86.55222498900008, 24.752974765000033], [86.55311007200004, 24.752659279000056], [86.55346612500006, 24.752253190000033], [86.55404512300004, 24.751106863000075], [86.55411455500007, 24.750516794000077], [86.55618669000006, 24.748756987000036], [86.55748197100007, 24.74735106600008], [86.55788758600005, 24.744553891000066], [86.55794645700007, 24.743086634000065], [86.55573818500005, 24.740844760000073], [86.55594732500003, 24.740044091000073], [86.55694802900007, 24.738374570000076], [86.55685936200007, 24.73651138300005], [86.55661049500009, 24.733986177000077], [86.55740633700003, 24.73304949100003]]]]}}, {"type": "Feature", "properties": {"OBJECTID": 4889, "GPCODE": "93533", "GPNAME_1": "KHURANDA", "DIST_CEN_C": "37", "BLK_NAME": "JHAJHA", "ST_NAME": "BIHAR", "ST_CODE_1": "10", "GPCODE2011": "96087", "REMARKS": "FINALIZED", "MAP_STATUS": "COMPLETED", "BLK_C_2001": "370006", "BLK_C_2011": "01530", "DIST_NAME": "JAMUI", "code2011": 0.0, "Shape_Leng": 0.28839464579, "Shape_Area": 0.0033954696, "Area": 38.0193}, "geometry": {"type": "MultiPolygon", "coordinates": [[[[86.54657074400006, 24.775816935000023], [86.54834108900008, 24.775258198000074], [86.54841094000005, 24.774138780000044], [86.54822834500004, 24.773606003000054], [86.54721138300005, 24.771145414000046], [86.54691572900003, 24.769619503000058], [86.54728183600008, 24.76916379200003], [86.54811802500006, 24.767995152000026], [86.54886536100008, 24.766614250000032], [86.54939521500006, 24.76516101800007], [86.55012220300006, 24.76466490200005], [86.55095835700007, 24.76353227900006], [86.55078090500007, 24.762593309000067], [86.55010933500006, 24.761437364000074], [86.54984279600006, 24.760697008000022], [86.54993819300006, 24.75822336600004], [86.54959277500006, 24.757198535000043], [86.54844147300008, 24.756439629000056], [86.54759615300009, 24.75561048900005], [86.54756205000007, 24.755577007000056], [86.54752293900003, 24.754854730000034], [86.54794367100004, 24.754019932000062], [86.54872578100003, 24.75372137900007], [86.54632096100005, 24.750511723000045], [86.54590820800007, 24.750028618000044], [86.54501186500005, 24.74892164000005], [86.54414576400006, 24.74691165100006], [86.54281266200007, 24.74562790400006], [86.53838709400009, 24.744037373000026], [86.53823822800007, 24.743983868000043], [86.53830726800004, 24.743847894000055], [86.53856276700003, 24.743344687000047], [86.53870378000005, 24.74263495100007], [86.53975953300005, 24.741479516000027], [86.54137050800006, 24.74049074100003], [86.54267567600004, 24.738597533000075], [86.54310541600006, 24.737145052000074], [86.54320541600003, 24.736300279000034], [86.54371462200004, 24.73582650000003], [86.54386146000007, 24.735689870000044], [86.54378634600005, 24.735555128000044], [86.54341326000008, 24.734885876000078], [86.54244496000007, 24.733982483000034], [86.54082191000003, 24.733797906000063], [86.54022925500004, 24.73336527600003], [86.54040833500005, 24.732993633000035], [86.54132968800008, 24.732714917000067], [86.54273178500006, 24.73304130400004], [86.54272275500006, 24.732165860000066], [86.54208777700006, 24.731462690000058], [86.54162433600004, 24.72917854900004], [86.54142155600005, 24.727731525000024], [86.54191954200007, 24.72453187700006], [86.54194064100005, 24.724396311000078], [86.54179119100007, 24.724285829000053], [86.53937581900004, 24.722500212000057], [86.53841180000006, 24.72198478100006], [86.53826268200004, 24.72190505100008], [86.53840970300007, 24.721786959000042], [86.53954689400007, 24.720873518000076], [86.53969391300006, 24.72075542500005], [86.53957250800005, 24.720621076000043], [86.53756928500007, 24.718404227000065], [86.53795496000004, 24.71705598500006], [86.53799378300005, 24.716920267000035], [86.53784521300008, 24.716885766000075], [86.53548227600004, 24.71633702200006], [86.53543769200007, 24.71536253000005], [86.53481038700005, 24.715399541000068], [86.53404477500004, 24.715911525000024], [86.53352718800005, 24.71604587300004], [86.53337936300005, 24.71608424300007], [86.53336293700005, 24.716219770000066], [86.53317894800006, 24.717737765000038], [86.53262647300005, 24.71784182300007], [86.53145066700006, 24.718357352000055], [86.53097545800006, 24.718763007000064], [86.53079437200006, 24.719748456000048], [86.53076945500004, 24.719884055000023], [86.53065516800007, 24.720020411000064], [86.52898252100005, 24.722016008000026], [86.52773362200008, 24.722162077000064], [86.52739467500004, 24.72250350400003], [86.52725913200004, 24.722640037000076], [86.52710951100005, 24.722511886000063], [86.52636164900008, 24.721871333000024], [86.52580753600006, 24.721808343000077], [86.52563740200009, 24.721376531000033], [86.52558423700003, 24.72124159200007], [86.52570523900005, 24.721105183000077], [86.52609245100007, 24.720668664000073], [86.52537912700006, 24.719058911000047], [86.52522338200004, 24.71832008800004], [86.52409688600005, 24.716411513000025], [86.52709583900008, 24.714400271000045], [86.52771725400004, 24.713790192000033], [86.52760507700003, 24.713452647000054], [86.52638460700007, 24.71298432900005], [86.52623581600005, 24.712927234000063], [86.52608649800004, 24.712817983000036], [86.52401022400005, 24.71129882500003], [86.52204433400004, 24.709935398000027], [86.52189508000004, 24.70983188200006], [86.52204097600008, 24.70969526600004], [86.52265385900006, 24.70912135800006], [86.52312347900005, 24.708174134000046], [86.52303429600005, 24.706220657000074], [86.52302811800007, 24.706085321000046], [86.52299823300007, 24.705950184000073], [86.52287272000007, 24.705382606000057], [86.52256431900008, 24.704744334000054], [86.52249916700003, 24.704609495000057], [86.52235108100007, 24.70462105300004], [86.52198074400007, 24.70464995800006], [86.52186829900006, 24.704280808000078], [86.52120382200007, 24.704047272000025], [86.52046959100005, 24.70425658100004], [86.51918242100004, 24.70450217800004], [86.51964288400006, 24.702647816000024], [86.51941409600005, 24.70201336300005], [86.51761604500007, 24.70256110300005], [86.51423477800006, 24.703397491000032], [86.51332269700004, 24.704583196000044], [86.51144751300006, 24.704838092000045], [86.50961467900004, 24.705860002000065], [86.50738374100007, 24.707598215000075], [86.50631279700008, 24.707237080000027], [86.50465821700004, 24.70731862100007], [86.50443375200007, 24.70711735200007], [86.50428421100008, 24.70698326400003], [86.50413627700004, 24.707010467000032], [86.50101895600005, 24.707583681000074], [86.50032319500008, 24.707688783000037], [86.49765124300006, 24.709381577000045], [86.49582877200004, 24.710903505000033], [86.49540506100004, 24.71152530300003], [86.49463008200007, 24.712113975000022], [86.49135655700007, 24.71339127600004], [86.48987779100008, 24.714771006000035], [86.48739793700008, 24.715861165000035], [86.48772450400008, 24.716404540000042], [86.48766241400006, 24.718115564000072], [86.48819489200008, 24.719492265000042], [86.48829054000004, 24.721165865000046], [86.48850005600008, 24.721854713000027], [86.48978880300007, 24.723735126000065], [86.49103834100003, 24.72514190100003], [86.49140667300009, 24.725906173000055], [86.49134565700007, 24.727725531000033], [86.49092456900007, 24.729620047000026], [86.49091442900004, 24.730590477000078], [86.49029840700007, 24.730762582000068], [86.48817618300006, 24.729579530000024], [86.48334430800008, 24.734263527000053], [86.48382675500005, 24.735071953000045], [86.48436153300008, 24.73666975100008], [86.48495268600004, 24.73997310900006], [86.48566747700005, 24.742142624000053], [86.48572986000005, 24.742279884000027], [86.48574542600005, 24.742412753000053], [86.48635563300007, 24.744876515000044], [86.48686604200003, 24.747999949000075], [86.48656071500005, 24.750611184000036], [86.48650582100004, 24.751791403000027], [86.48676384400005, 24.752910718000066], [86.48833705000004, 24.754236615000025], [86.48957879600005, 24.755323559000033], [86.48980255500004, 24.75683101800007], [86.48906768600006, 24.75859199000007], [86.48734933800006, 24.76071487100006], [86.48747878500006, 24.761725866000063], [86.48805805800004, 24.762682359000053], [86.48920582200003, 24.763629490000028], [86.49200992200008, 24.764868619000026], [86.49507094700004, 24.765778001000058], [86.49503043900006, 24.764816535000023], [86.49519726100004, 24.76347584900003], [86.49546359900006, 24.762866229000053], [86.49612063200004, 24.762396271000057], [86.49761416100006, 24.76189359500006], [86.49769633300008, 24.763749252000025], [86.49787347700004, 24.76459796300003], [86.49832713900008, 24.765731317000075], [86.49899341200006, 24.76685137800007], [86.49959126500005, 24.767212980000068], [86.50102972600007, 24.767295469000032], [86.50358526500008, 24.76766768500005], [86.50697605200008, 24.76837455100008], [86.50932896600006, 24.768665274000057], [86.51009009600006, 24.768927691000044], [86.51091506900008, 24.769623422000052], [86.51274346800005, 24.77046441500005], [86.51403359400007, 24.77070013900004], [86.51592666000005, 24.771225107000078], [86.51897577300008, 24.77269883300005], [86.52199071000007, 24.773815900000045], [86.52394798000006, 24.77439501300006], [86.52669623000008, 24.77525001400005], [86.52802603600009, 24.77540883200004], [86.53034991800007, 24.77506280500006], [86.53227329000003, 24.77487443800004], [86.53407234900004, 24.77562030400003], [86.53523905700007, 24.775765419000038], [86.53654909000005, 24.77600546000008], [86.53765169700006, 24.775902318000078], [86.53925857200005, 24.77579041200005], [86.54012853200004, 24.77607074100007], [86.54108777600004, 24.775899741000046], [86.54275903500007, 24.775670510000054], [86.54392570300007, 24.775856205000025], [86.54524065900006, 24.77607356900006], [86.54657074400006, 24.775816935000023]]]]}}, {"type": "Feature", "properties": {"OBJECTID": 4890, "GPCODE": "93523", "GPNAME_1": "CHAI", "DIST_CEN_C": "37", "BLK_NAME": "JHAJHA", "ST_NAME": "BIHAR", "ST_CODE_1": "10", "GPCODE2011": "96077", "REMARKS": "FINALIZED", "MAP_STATUS": "COMPLETED", "BLK_C_2001": "370006", "BLK_C_2011": "01530", "DIST_NAME": "JAMUI", "code2011": 0.0, "Shape_Leng": 0.13078085577, "Shape_Area": 0.00058244691, "Area": 6.52227}, "geometry": {"type": "MultiPolygon", "coordinates": [[[[86.41525116300005, 24.742291144000035], [86.41645995400006, 24.741527990000066], [86.41722425800003, 24.742393166000056], [86.41793812400005, 24.743664832000036], [86.41796208100004, 24.743707551000057], [86.41888315800009, 24.74534997300003], [86.41979927000006, 24.745527852000066], [86.42114698800003, 24.745345840000027], [86.42106614600004, 24.743581776000042], [86.42109927900003, 24.74289546800003], [86.41995914900008, 24.737267220000035], [86.41994020600004, 24.73524086900005], [86.42093969600006, 24.73430336100006], [86.42156165000006, 24.734071805000042], [86.42223991700007, 24.733819278000055], [86.42397202800004, 24.733002369000076], [86.42605978500006, 24.73268367000003], [86.42736790400005, 24.73303445600004], [86.42782022500006, 24.732254542000078], [86.42733698400008, 24.729753471000038], [86.42780679700007, 24.728734316000043], [86.42861527700006, 24.727622206000035], [86.42871426100004, 24.727486046000024], [86.42870340500008, 24.727350745000024], [86.42857421600007, 24.725740476000055], [86.42776354100005, 24.724149129000068], [86.42687558900008, 24.72334820900005], [86.42672678000008, 24.72321398400004], [86.42677937200006, 24.723078188000045], [86.42734920200007, 24.72160684100004], [86.42870260400008, 24.72048072900003], [86.42884967600008, 24.72035835300005], [86.42879222700003, 24.720223415000078], [86.42823492600007, 24.718914417000065], [86.42817747800007, 24.718779479000034], [86.42802936600003, 24.718790802000058], [86.42653302000008, 24.71890518600003], [86.42526444200007, 24.71906414500006], [86.42460439000007, 24.718771400000037], [86.42343750800006, 24.717128613000057], [86.42232011800007, 24.71601358500004], [86.42091921200006, 24.715762749000078], [86.41984790500004, 24.715355878000025], [86.41889751100007, 24.714654675000077], [86.41819476500007, 24.71401918600003], [86.41754149000008, 24.714439541000047], [86.41693008600004, 24.71511675100004], [86.41649155600004, 24.716320738000036], [86.41653771700004, 24.71703351700006], [86.41696441300007, 24.71879490400005], [86.41771777000008, 24.720626002000074], [86.41838207600006, 24.721369999000046], [86.41933363400005, 24.722188569000025], [86.41933790200005, 24.722639883000056], [86.41828308400005, 24.723997544000042], [86.41661372800007, 24.725170468000044], [86.41522181900007, 24.72589443800007], [86.41444273800005, 24.72608998000004], [86.41370398900006, 24.725833916000056], [86.41284224500004, 24.72617463100005], [86.41239949500005, 24.726927284000055], [86.41186790500007, 24.727157031000047], [86.41132274100005, 24.727003311000033], [86.41055052800004, 24.72686935400003], [86.41022529400004, 24.727508272000023], [86.40998171900009, 24.727884734000042], [86.40936571800006, 24.72807909100004], [86.40912420700005, 24.728681256000073], [86.40872057600006, 24.729397434000077], [86.40798672200003, 24.729664881000076], [86.40699689200005, 24.729523639000035], [86.40621461300003, 24.72937616100006], [86.40589127700008, 24.729681097000025], [86.40503331500008, 24.730436878000035], [86.40392974900004, 24.73082002700005], [86.40253046200007, 24.730754009000066], [86.40212894500007, 24.731695869000077], [86.40164619200004, 24.732412731000068], [86.40096065200004, 24.73256690100004], [86.39985882000008, 24.73313951800003], [86.39953459300006, 24.733891263000032], [86.39936364300007, 24.734655261000057], [86.39879472400008, 24.735133587000064], [86.39780523700006, 24.736107024000034], [86.39668393400007, 24.737790016000076], [86.39638309800006, 24.737864520000073], [86.39555361300006, 24.73796565500004], [86.39441690600006, 24.73797437500008], [86.39418739000007, 24.739357150000046], [86.39476786000006, 24.741753897000024], [86.39520505100006, 24.743077407000044], [86.39577859300005, 24.743628225000066], [86.39626600900004, 24.743962999000075], [86.39650795400007, 24.744471169000064], [86.39568741600004, 24.746079644000076], [86.39701754300006, 24.74774395600008], [86.39846833900003, 24.749623968000037], [86.40120623500007, 24.750509417000046], [86.40241007600008, 24.749846395000077], [86.40268046000006, 24.749690847000068], [86.40332016900004, 24.749374535000072], [86.40561585500006, 24.74852191100007], [86.40730860100007, 24.74823352900006], [86.40814273200004, 24.74809296500007], [86.40829075300007, 24.74806802100005], [86.40843823500006, 24.747984547000044], [86.41044940100005, 24.746846208000022], [86.41269937200008, 24.74481583200003], [86.41525116300005, 24.742291144000035]]]]}}, {"type": "Feature", "properties": {"OBJECTID": 4896, "GPCODE": "93536", "GPNAME_1": "RAJLA KALA", "DIST_CEN_C": "37", "BLK_NAME": "JHAJHA", "ST_NAME": "BIHAR", "ST_CODE_1": "10", "GPCODE2011": "96090", "REMARKS": "FINALIZED", "MAP_STATUS": "COMPLETED", "BLK_C_2001": "370006", "BLK_C_2011": "01530", "DIST_NAME": "JAMUI", "code2011": 0.0, "Shape_Leng": 0.24339063466, "Shape_Area": 0.00116198457, "Area": 13.009}, "geometry": {"type": "MultiPolygon", "coordinates": [[[[86.42150582600004, 24.78182073800008], [86.42178763700008, 24.781662657000027], [86.42356771600004, 24.78215410000007], [86.42433929800006, 24.78283996600004], [86.42538708300003, 24.781918787000052], [86.42597962500008, 24.780063377000033], [86.42596431100003, 24.778767810000033], [86.42531100800005, 24.777115998000056], [86.42438553100004, 24.774800646000074], [86.42349521000006, 24.77392527300003], [86.42327742900005, 24.77312629900007], [86.42196691400005, 24.772169809000047], [86.42228775800004, 24.771009629000048], [86.42296423300007, 24.76882015500007], [86.42253373500006, 24.767854293000028], [86.42228630200003, 24.76705544600003], [86.42153898100008, 24.764988302000063], [86.42240875400006, 24.764346966000062], [86.42319477700005, 24.76422934900006], [86.42474233800004, 24.764635165000072], [86.42613647800005, 24.764846823000028], [86.42698707700004, 24.76552818400006], [86.42853953300005, 24.766015136000078], [86.43147125200005, 24.766185587000052], [86.43200599400006, 24.768085717000076], [86.43217490400008, 24.769764808000048], [86.43209642800008, 24.77117774100003], [86.43155804200006, 24.772202606000064], [86.43329901800007, 24.773650883000073], [86.43497032800008, 24.774331877000066], [86.43627570800004, 24.77457055900004], [86.43787219200004, 24.77381153300007], [86.43865830400006, 24.773720930000025], [86.43914288900004, 24.773887780000052], [86.43969692800005, 24.774600718000045], [86.43980121200008, 24.775354461000063], [86.44094849400005, 24.775864110000043], [86.44248118300004, 24.775985236000054], [86.44386043700007, 24.775786056000072], [86.44439428400005, 24.775560077000023], [86.44381517700003, 24.774305479000077], [86.44494672800005, 24.773253200000056], [86.44299725500008, 24.770527681000033], [86.44256649000005, 24.769354246000034], [86.44234835200007, 24.768153679000022], [86.44263973000005, 24.76768412000007], [86.44298503200008, 24.76623044300004], [86.44281078300008, 24.764036777000058], [86.44237470100006, 24.762154672000065], [86.44292727700008, 24.76011864000003], [86.44371691300006, 24.757730325000068], [86.44467575600004, 24.75749975900004], [86.44589630300004, 24.756695705000027], [86.44708699200004, 24.755674931000044], [86.44764976700003, 24.754270847000043], [86.44771783100003, 24.752460748000033], [86.44601677300005, 24.750510070000075], [86.44547373700004, 24.749703242000066], [86.44419333600007, 24.75020991100007], [86.44269528300003, 24.749662233000038], [86.44038894300007, 24.74937363600003], [86.43808503200006, 24.749328758000047], [86.43585732600008, 24.750027894000027], [86.43215111100005, 24.75057155500008], [86.43215020900004, 24.750571685000068], [86.43149881000005, 24.749642520000066], [86.42855501600008, 24.749372410000035], [86.42773798800005, 24.74922528700006], [86.42604164100004, 24.749130294000054], [86.42461572400003, 24.74889323900004], [86.42393427100006, 24.74843374200003], [86.42321466700008, 24.747604429000035], [86.42131374800005, 24.747835948000045], [86.42092210900006, 24.747717153000053], [86.42088217800006, 24.746620647000043], [86.41979927000006, 24.745527852000066], [86.41888315800009, 24.74534997300003], [86.41796208100004, 24.743707551000057], [86.41793812400005, 24.743664832000036], [86.41722425800003, 24.742393166000056], [86.41645995400006, 24.741527990000066], [86.41525116300005, 24.742291144000035], [86.41269937200008, 24.74481583200003], [86.41044940100005, 24.746846208000022], [86.40843823500006, 24.747984547000044], [86.40829075300007, 24.74806802100005], [86.40844004900003, 24.74818120200007], [86.40938099300007, 24.748894526000072], [86.41003486200003, 24.74957097600003], [86.41017946400007, 24.750509776000058], [86.41080234300006, 24.751268795000044], [86.41063446400005, 24.751846606000072], [86.40936967200008, 24.75422582300007], [86.40783790800003, 24.756451526000035], [86.40536642100005, 24.75706587600007], [86.40484268900008, 24.758045525000057], [86.40361701400008, 24.75918325300006], [86.40311791200008, 24.76000944200007], [86.40212937800004, 24.760749876000034], [86.39964821100006, 24.76274100300003], [86.39738944200008, 24.764858332000074], [86.39603499400005, 24.765603396000074], [86.39512054700003, 24.76596009600007], [86.39356828600006, 24.76614988800003], [86.39201589700008, 24.766073335000044], [86.39026093700005, 24.765753017000065], [86.39005844100006, 24.767242657000054], [86.38992503900005, 24.768461439000077], [86.39005372600008, 24.769431870000062], [86.39034733700004, 24.77050790800007], [86.39035549100004, 24.77053778900006], [86.39149749400008, 24.77046539500003], [86.39309425100004, 24.769919067000046], [86.39667333500006, 24.76891653200005], [86.39989656300008, 24.768428544000074], [86.40266012100005, 24.768297148000045], [86.40559673400008, 24.76829656700005], [86.40654100100005, 24.768463406000023], [86.40706015100005, 24.768770197000038], [86.40747554900008, 24.76923501600004], [86.40743121700007, 24.76972253100007], [86.40673434500007, 24.770544227000073], [86.40591378800008, 24.770905567000057], [86.40237408600007, 24.771353090000048], [86.39995165900007, 24.771750757000063], [86.39927448900005, 24.772328671000025], [86.39932889700003, 24.772748403000037], [86.39960099900009, 24.77332166800005], [86.40092632500006, 24.775018674000023], [86.40110946100003, 24.77603881500005], [86.40118878800007, 24.777189796000073], [86.40317110000007, 24.775817205000067], [86.40403610400006, 24.775216730000068], [86.40522257100008, 24.774850894000053], [86.40657201800008, 24.773889114000042], [86.40880603200009, 24.771392443000025], [86.40972540100006, 24.770855013000073], [86.41052138400005, 24.770760089000078], [86.41039826800005, 24.772488930000065], [86.41029000300006, 24.77424037700007], [86.41044368100006, 24.775680316000035], [86.41103212100006, 24.77602771200003], [86.41203092700005, 24.77644273800007], [86.41220415400005, 24.776993367000046], [86.41220511800003, 24.780071860000078], [86.41205226300008, 24.781453209000063], [86.41182015300006, 24.78238314600003], [86.41246846200005, 24.784346522000078], [86.41267661900008, 24.785696087000076], [86.41277568900006, 24.786445448000052], [86.41241995300004, 24.787226437000072], [86.41416108800007, 24.789428763000046], [86.41551568100004, 24.788819018000027], [86.41848662900009, 24.78673724300006], [86.42036492700004, 24.78517044000006], [86.42084941500008, 24.784949090000055], [86.41986474300006, 24.783026472000074], [86.42150582600004, 24.78182073800008]]]]}}, {"type": "Feature", "properties": {"OBJECTID": 4898, "GPCODE": "93534", "GPNAME_1": "MAHAPUR", "DIST_CEN_C": "37", "BLK_NAME": "JHAJHA", "ST_NAME": "BIHAR", "ST_CODE_1": "10", "GPCODE2011": "96088", "REMARKS": "FINALIZED", "MAP_STATUS": "COMPLETED", "BLK_C_2001": "370006", "BLK_C_2011": "01530", "DIST_NAME": "JAMUI", "code2011": 0.0, "Shape_Leng": 0.12328518618, "Shape_Area": 0.00063758784, "Area": 7.13864}, "geometry": {"type": "MultiPolygon", "coordinates": [[[[86.39738944200008, 24.764858332000074], [86.39964821100006, 24.76274100300003], [86.40212937800004, 24.760749876000034], [86.40311791200008, 24.76000944200007], [86.40361701400008, 24.75918325300006], [86.40484268900008, 24.758045525000057], [86.40536642100005, 24.75706587600007], [86.40783790800003, 24.756451526000035], [86.40936967200008, 24.75422582300007], [86.41063446400005, 24.751846606000072], [86.41080234300006, 24.751268795000044], [86.41017946400007, 24.750509776000058], [86.41003486200003, 24.74957097600003], [86.40938099300007, 24.748894526000072], [86.40844004900003, 24.74818120200007], [86.40829075300007, 24.74806802100005], [86.40814273200004, 24.74809296500007], [86.40730860100007, 24.74823352900006], [86.40561585500006, 24.74852191100007], [86.40332016900004, 24.749374535000072], [86.40268046000006, 24.749690847000068], [86.40241007600008, 24.749846395000077], [86.40120623500007, 24.750509417000046], [86.39846833900003, 24.749623968000037], [86.39701754300006, 24.74774395600008], [86.39568741600004, 24.746079644000076], [86.39650795400007, 24.744471169000064], [86.39626600900004, 24.743962999000075], [86.39577859300005, 24.743628225000066], [86.39521482100008, 24.744138023000062], [86.39488383700007, 24.74415857100007], [86.39351324700004, 24.743464966000033], [86.39310203000008, 24.743901339000047], [86.39297552200009, 24.74466514100004], [86.39293637100008, 24.74524763900007], [86.39318186300005, 24.746143929000027], [86.39298978500005, 24.74676824900007], [86.39228098800004, 24.747089594000045], [86.39167787000008, 24.747080591000042], [86.38977803400007, 24.745817789000057], [86.38918497900005, 24.745822275000023], [86.38880394800003, 24.74578009700008], [86.38807821800003, 24.74533426200003], [86.38696219800005, 24.74546002900007], [86.38668398300007, 24.745299679000027], [86.38633949100006, 24.744386100000042], [86.38558906300005, 24.743940447000057], [86.38469944300004, 24.74394715300008], [86.38434074900005, 24.74364747100003], [86.38386885200003, 24.74338473000006], [86.38301467000008, 24.74458276300004], [86.38275526200005, 24.744860023000058], [86.38248995900005, 24.745047028000045], [86.38135102100006, 24.744265854000048], [86.38054421900006, 24.74523778200006], [86.37996991400007, 24.746225981000066], [86.37947648800008, 24.746324548000075], [86.37817278600005, 24.745372949000057], [86.37780136500004, 24.745294496000042], [86.37763050900008, 24.74608564300007], [86.37722232100003, 24.746865041000035], [86.37680537600005, 24.74721571300006], [86.37648452500008, 24.747267781000062], [86.37594890200006, 24.74707317600007], [86.37571404400006, 24.747341207000034], [86.37530826900007, 24.747831768000026], [86.37462204900004, 24.74793165500006], [86.37438987100006, 24.748502126000062], [86.37384742800003, 24.74918771800003], [86.37318062200006, 24.749797441000055], [86.37339007800006, 24.750549637000063], [86.37427808000007, 24.75091648800003], [86.37273581900007, 24.75195010400006], [86.36934975800006, 24.75334482900007], [86.36843028000004, 24.753931605000048], [86.36776349800004, 24.754887805000067], [86.36776296400006, 24.754888572000027], [86.36702143100007, 24.755357954000033], [86.36639360100008, 24.756513449000067], [86.36543447900004, 24.757321452000042], [86.36585467900005, 24.75846795800004], [86.36603743100005, 24.75991244100004], [86.36832618800008, 24.760115695000025], [86.37118842200005, 24.76013385400006], [86.37198931600005, 24.760373086000072], [86.37325974100008, 24.761384263000025], [86.37353660000008, 24.762196798000048], [86.37448571800007, 24.76254886600003], [86.37558815700004, 24.76331620900004], [86.37604790700004, 24.763465203000067], [86.37607263400008, 24.763465194000048], [86.37889047300007, 24.763799214000073], [86.38163911800007, 24.764467168000067], [86.38552480300007, 24.765347141000063], [86.39026093700005, 24.765753017000065], [86.39201589700008, 24.766073335000044], [86.39356828600006, 24.76614988800003], [86.39512054700003, 24.76596009600007], [86.39603499400005, 24.765603396000074], [86.39738944200008, 24.764858332000074]]]]}}, {"type": "Feature", "properties": {"OBJECTID": 4899, "GPCODE": "93519", "GPNAME_1": "BALIYADIH", "DIST_CEN_C": "37", "BLK_NAME": "JHAJHA", "ST_NAME": "BIHAR", "ST_CODE_1": "10", "GPCODE2011": "96073", "REMARKS": "FINALIZED", "MAP_STATUS": "COMPLETED", "BLK_C_2001": "370006", "BLK_C_2011": "01530", "DIST_NAME": "JAMUI", "code2011": 0.0, "Shape_Leng": 0.25651033413, "Shape_Area": 0.00148843389, "Area": 16.6659}, "geometry": {"type": "MultiPolygon", "coordinates": [[[[86.46882832300008, 24.763408881000032], [86.47083519300008, 24.763177407000057], [86.47285779800006, 24.763984076000042], [86.47436083800005, 24.764271922000034], [86.47595783200006, 24.76459138200005], [86.47892921400006, 24.764950500000054], [86.48386364500004, 24.765759444000025], [86.48641996100008, 24.76617291900004], [86.48866941600005, 24.766315688000077], [86.48933211200006, 24.766558846000066], [86.49033172300005, 24.767623440000023], [86.49177503800007, 24.76736048600003], [86.49261017000003, 24.766998709000063], [86.49366348200004, 24.767345487000057], [86.49505773800007, 24.767448141000045], [86.49507094700004, 24.765778001000058], [86.49200992200008, 24.764868619000026], [86.48920582200003, 24.763629490000028], [86.48805805800004, 24.762682359000053], [86.48747878500006, 24.761725866000063], [86.48734933800006, 24.76071487100006], [86.48906768600006, 24.75859199000007], [86.48980255500004, 24.75683101800007], [86.48957879600005, 24.755323559000033], [86.48833705000004, 24.754236615000025], [86.48676384400005, 24.752910718000066], [86.48650582100004, 24.751791403000027], [86.48656071500005, 24.750611184000036], [86.48686604200003, 24.747999949000075], [86.48635563300007, 24.744876515000044], [86.48574542600005, 24.742412753000053], [86.48572986000005, 24.742279884000027], [86.48556481300005, 24.742390086000057], [86.48417152400003, 24.743454732000032], [86.48155575100003, 24.744857280000076], [86.48020224000004, 24.744945141000073], [86.47857440800004, 24.745793417000073], [86.47445393600003, 24.748011551000047], [86.47330332900003, 24.74812926000004], [86.47324275800008, 24.746491434000063], [86.47264573300004, 24.746094680000056], [86.47096946900007, 24.746036109000045], [86.47032869700007, 24.745716385000037], [86.46960343600006, 24.744846686000074], [86.46804337400005, 24.74402445000004], [86.46541856600004, 24.742497678000063], [86.46600219300007, 24.738977085000045], [86.46478594000007, 24.736910789000035], [86.46538082400008, 24.73591310200004], [86.46546193900008, 24.735777063000057], [86.46542954400007, 24.73564193800007], [86.46514768700007, 24.734466258000054], [86.46465331000007, 24.732416687000068], [86.46328748000008, 24.73122720200007], [86.46207528500008, 24.72956253500007], [86.46023717700007, 24.729107990000045], [86.45927122800003, 24.729397610000035], [86.45912342400004, 24.72944192500006], [86.45897499000006, 24.72942070000005], [86.45745062900005, 24.729202713000063], [86.45497698300005, 24.727928444000042], [86.45482801900005, 24.727851706000024], [86.45468097000008, 24.727974849000077], [86.45324441300005, 24.72917784300006], [86.45066009100003, 24.72923467000004], [86.44887579800007, 24.72870732900003], [86.44628357800008, 24.727938194000046], [86.44517575900005, 24.727346246000025], [86.44502677500003, 24.72726663800006], [86.44512825400005, 24.727130448000025], [86.44633938000004, 24.725505032000058], [86.44986963100007, 24.723600974000078], [86.45001709600007, 24.723521436000055], [86.44986784000008, 24.723413272000073], [86.44900679800008, 24.72278927800005], [86.44735572800005, 24.721200278000026], [86.44669877600006, 24.719892104000053], [86.44663257800005, 24.719760284000074], [86.44651783200004, 24.719893539000054], [86.44424019200005, 24.722538505000045], [86.44310488600007, 24.723716496000065], [86.43877556200005, 24.72684115900006], [86.43866294200006, 24.72692243800003], [86.43862833900005, 24.726947411000026], [86.43848112700005, 24.72705479800004], [86.43617498200007, 24.72881730900008], [86.43602650200006, 24.72879081900004], [86.42886273800008, 24.727512543000046], [86.42871426100004, 24.727486046000024], [86.42861527700006, 24.727622206000035], [86.42780679700007, 24.728734316000043], [86.42733698400008, 24.729753471000038], [86.42782022500006, 24.732254542000078], [86.42736790400005, 24.73303445600004], [86.42605978500006, 24.73268367000003], [86.42397202800004, 24.733002369000076], [86.42223991700007, 24.733819278000055], [86.42156165000006, 24.734071805000042], [86.42093969600006, 24.73430336100006], [86.41994020600004, 24.73524086900005], [86.41995914900008, 24.737267220000035], [86.42109927900003, 24.74289546800003], [86.42106614600004, 24.743581776000042], [86.42114698800003, 24.745345840000027], [86.41979927000006, 24.745527852000066], [86.42088217800006, 24.746620647000043], [86.42092210900006, 24.747717153000053], [86.42131374800005, 24.747835948000045], [86.42321466700008, 24.747604429000035], [86.42393427100006, 24.74843374200003], [86.42461572400003, 24.74889323900004], [86.42604164100004, 24.749130294000054], [86.42773798800005, 24.74922528700006], [86.42855501600008, 24.749372410000035], [86.43149881000005, 24.749642520000066], [86.43215020900004, 24.750571685000068], [86.43215111100005, 24.75057155500008], [86.43585732600008, 24.750027894000027], [86.43808503200006, 24.749328758000047], [86.44038894300007, 24.74937363600003], [86.44269528300003, 24.749662233000038], [86.44419333600007, 24.75020991100007], [86.44547373700004, 24.749703242000066], [86.44932309900008, 24.746987141000034], [86.44997116800005, 24.746526050000057], [86.45222802200004, 24.74476140200005], [86.45267244700005, 24.745231713000067], [86.45385767900007, 24.744603891000054], [86.45426044600003, 24.74485337400006], [86.45649084700005, 24.745485382000027], [86.45822439300008, 24.746861445000036], [86.45897867100007, 24.747681318000048], [86.45942566500008, 24.748408906000066], [86.45971091700005, 24.74927763900007], [86.45885826900007, 24.750509414000078], [86.45868609900003, 24.75176889900007], [86.45799038500007, 24.753638016000025], [86.45752695400006, 24.755448371000057], [86.45825451000007, 24.756784079000056], [86.45845323900005, 24.758156219000057], [86.45823186000007, 24.759736264000026], [86.45911797300005, 24.76159552200005], [86.45927694000005, 24.762746483000058], [86.45974247300006, 24.764032702000065], [86.45897236900004, 24.765545230000043], [86.45892340000006, 24.766253961000075], [86.45968546200004, 24.76742721200003], [86.46038848100005, 24.768762922000064], [86.46120449400007, 24.769249897000066], [86.46297953800007, 24.769510699000023], [86.46422444300003, 24.768241550000027], [86.46553893700008, 24.76754565500005], [86.46634451800008, 24.767265257000076], [86.46793632700007, 24.767088276000038], [86.46874684800008, 24.766753744000027], [86.46888462700008, 24.765927557000055], [86.46877943200008, 24.764176229000043], [86.46882832300008, 24.763408881000032]]]]}}, {"type": "Feature", "properties": {"OBJECTID": 4900, "GPCODE": "93526", "GPNAME_1": "HATHIA", "DIST_CEN_C": "37", "BLK_NAME": "JHAJHA", "ST_NAME": "BIHAR", "ST_CODE_1": "10", "GPCODE2011": "96080", "REMARKS": "FINALIZED", "MAP_STATUS": "COMPLETED", "BLK_C_2001": "370006", "BLK_C_2011": "01530", "DIST_NAME": "JAMUI", "code2011": 0.0, "Shape_Leng": 0.20046097566, "Shape_Area": 0.00125964905, "Area": 14.1009}, "geometry": {"type": "MultiPolygon", "coordinates": [[[[86.33443500900006, 24.80432877100003], [86.33714519200004, 24.80347183200007], [86.33811941000005, 24.80363906300005], [86.33990962900003, 24.803048138000065], [86.34145287300004, 24.80192906900004], [86.34309963800007, 24.801478088000067], [86.34387603800008, 24.801333731000057], [86.34460301900003, 24.801329450000026], [86.34624497800007, 24.800436012000034], [86.34686826200004, 24.799542358000053], [86.34793639800006, 24.799222031000056], [86.34953377300008, 24.798454983000056], [86.35088873600006, 24.798270092000053], [86.35335630200007, 24.79754375400006], [86.35709471100006, 24.797341161000077], [86.35888972200007, 24.79732781100006], [86.35966600400008, 24.797761193000042], [86.36057605800005, 24.796118224000054], [86.36113998200005, 24.79433977000008], [86.36098187900006, 24.792791530000045], [86.35889522300005, 24.792452731000026], [86.35753062800006, 24.791315105000024], [86.35689288500004, 24.790922358000046], [86.35529082900007, 24.79066933400003], [86.35407451900005, 24.790547299000025], [86.35319444600003, 24.789797832000033], [86.35157799100006, 24.78750457600006], [86.35088592500006, 24.786800251000045], [86.35160789500009, 24.786177407000025], [86.35168735300005, 24.784137214000054], [86.35192479600005, 24.783518838000077], [86.35250828700003, 24.783248013000048], [86.35267677400003, 24.78076087900007], [86.35354227900007, 24.779695751000077], [86.35456076400004, 24.779244525000024], [86.35483304600007, 24.777159055000027], [86.35521387700004, 24.776536237000073], [86.35681084200007, 24.776306198000043], [86.35865490900005, 24.776247779000073], [86.36107758100007, 24.775476144000038], [86.36334703300008, 24.77435239400006], [86.36398975200007, 24.773521807000066], [86.36422718900008, 24.772939532000066], [86.36436562100005, 24.772276005000037], [86.36392080400003, 24.771328099000073], [86.36379222900007, 24.770930864000036], [86.36259102400004, 24.76907545800003], [86.36459336100006, 24.768177428000058], [86.36665487600004, 24.76806920000007], [86.36781667500009, 24.767644954000048], [86.36891914300008, 24.766954327000064], [86.37048629800006, 24.765807856000038], [86.37248857900005, 24.764422117000038], [86.37408032100006, 24.763632252000036], [86.37604790700004, 24.763465203000067], [86.37558815700004, 24.76331620900004], [86.37448571800007, 24.76254886600003], [86.37353660000008, 24.762196798000048], [86.37325974100008, 24.761384263000025], [86.37198931600005, 24.760373086000072], [86.37118842200005, 24.76013385400006], [86.36832618800008, 24.760115695000025], [86.36603743100005, 24.75991244100004], [86.36585467900005, 24.75846795800004], [86.36543447900004, 24.757321452000042], [86.36338798300005, 24.757158754000045], [86.36069370500007, 24.758973164000054], [86.36065911400004, 24.759000210000067], [86.35897333500003, 24.759735848000048], [86.35730237400008, 24.76025926400007], [86.35599240400006, 24.760353906000034], [86.35519641200005, 24.760719400000028], [86.35505302000007, 24.76089543100005], [86.35501331600005, 24.76187042600003], [86.35516158900003, 24.76255659700007], [86.35485485200007, 24.76362185200003], [86.35415773700004, 24.764113757000075], [86.35369803700007, 24.76416329500006], [86.35289710900008, 24.76434374400003], [86.35256090100006, 24.764813124000057], [86.35227894100007, 24.765765565000038], [86.35075567900003, 24.768902550000064], [86.34938085800007, 24.771186302000046], [86.34904470600009, 24.77147965200004], [86.34851076700005, 24.771393810000063], [86.34760622200008, 24.770490867000035], [86.34684021100009, 24.769055268000045], [86.34664256500008, 24.768617366000058], [86.34582222200004, 24.767213395000056], [86.34454206600003, 24.76607117100008], [86.34167011300008, 24.764937545000066], [86.34018211900008, 24.76482888700008], [86.33779943300004, 24.764245982000034], [86.33453701600007, 24.76338299300005], [86.33256485500004, 24.762267440000073], [86.33051875900009, 24.760885617000042], [86.32995983500007, 24.76177916000006], [86.32858970700005, 24.763913880000075], [86.32722447700007, 24.766138789000024], [86.32730821900003, 24.76693784500003], [86.32795507900005, 24.76890610600003], [86.32786580800007, 24.76983593400007], [86.32731658100005, 24.77083329100003], [86.32628291000003, 24.772042756000076], [86.32566463900008, 24.772864064000032], [86.32461087200005, 24.774574467000036], [86.32304308300007, 24.77587400400006], [86.32198457500004, 24.77696594100007], [86.32172707000007, 24.77813949600005], [86.32201293600008, 24.780197951000048], [86.32170091400008, 24.781484324000076], [86.32111669200003, 24.783393485000033], [86.32090358200008, 24.784499324000024], [86.32113086200008, 24.785009487000025], [86.32184226800007, 24.78642255400007], [86.32248456800005, 24.787411404000068], [86.32324572700009, 24.788318891000074], [86.32381384900003, 24.789375377000056], [86.32369968400008, 24.790616684000042], [86.32510364100006, 24.791461221000077], [86.32915229400004, 24.794085132000077], [86.33178744600008, 24.795530344000042], [86.33232610900006, 24.796279844000026], [86.33248862300007, 24.798451068000077], [86.33298266800006, 24.79959774100007], [86.33250766300006, 24.800617766000073], [86.33335265100004, 24.80256348000006], [86.33389146100006, 24.80296084500003], [86.33443500900006, 24.80432877100003]]]]}}, {"type": "Feature", "properties": {"OBJECTID": 4906, "GPCODE": "93530", "GPNAME_1": "KARHARA", "DIST_CEN_C": "37", "BLK_NAME": "JHAJHA", "ST_NAME": "BIHAR", "ST_CODE_1": "10", "GPCODE2011": "96084", "REMARKS": "FINALIZED", "MAP_STATUS": "COMPLETED", "BLK_C_2001": "370006", "BLK_C_2011": "01530", "DIST_NAME": "JAMUI", "code2011": 0.0, "Shape_Leng": 0.40867174946, "Shape_Area": 0.00304511545, "Area": 34.083}, "geometry": {"type": "MultiPolygon", "coordinates": [[[[86.46891709300007, 24.802160767000032], [86.46920312400005, 24.801544867000075], [86.47020249800005, 24.800497904000053], [86.47210606700008, 24.799308173000043], [86.47301026200006, 24.799070227000072], [86.47434276000007, 24.798594335000075], [86.47496142000006, 24.79802326400005], [86.47496142000006, 24.797642551000024], [86.47439034900003, 24.797404604000064], [86.47443793900004, 24.796785945000067], [86.47505659800004, 24.796214874000043], [86.47538972300003, 24.795501036000076], [86.47581802600007, 24.794406484000035], [86.47648427500008, 24.794025770000076], [86.47748364900008, 24.793407110000032], [86.47819748700005, 24.792645682000057], [86.47853061100005, 24.79207461200008], [86.47910168200008, 24.79197943300005], [86.48010105600008, 24.79188425500007], [86.48071971600007, 24.791646309000043], [86.48152873200007, 24.791265595000027], [86.48176667800004, 24.790884881000068], [86.48186185700007, 24.790266221000024], [86.48187704500003, 24.789440983000077], [86.48257730800003, 24.787246722000077], [86.48127648200006, 24.786818752000045], [86.47992142300006, 24.78647221600005], [86.47928824800005, 24.786093407000067], [86.47909975000005, 24.785466162000034], [86.47952294300006, 24.782969656000034], [86.47933375800005, 24.781493741000077], [86.47835354700004, 24.779937145000076], [86.47714612300007, 24.77876886300004], [86.47496442400006, 24.77711368100006], [86.47399460500003, 24.77616644400007], [86.47253981300008, 24.774614529000075], [86.47181272200004, 24.774068860000057], [86.47061122400004, 24.773970348000034], [86.46976008200005, 24.772991379000075], [86.46870663300007, 24.772508971000036], [86.46755884400005, 24.771363183000062], [86.46640615500007, 24.770384401000058], [86.46514020100005, 24.769906641000034], [86.46297953800007, 24.769510699000023], [86.46120449400007, 24.769249897000066], [86.46038848100005, 24.768762922000064], [86.45968546200004, 24.76742721200003], [86.45892340000006, 24.766253961000075], [86.45897236900004, 24.765545230000043], [86.45974247300006, 24.764032702000065], [86.45927694000005, 24.762746483000058], [86.45911797300005, 24.76159552200005], [86.45823186000007, 24.759736264000026], [86.45845323900005, 24.758156219000057], [86.45825451000007, 24.756784079000056], [86.45752695400006, 24.755448371000057], [86.45799038500007, 24.753638016000025], [86.45868609900003, 24.75176889900007], [86.45885826900007, 24.750509414000078], [86.45971091700005, 24.74927763900007], [86.45942566500008, 24.748408906000066], [86.45897867100007, 24.747681318000048], [86.45822439300008, 24.746861445000036], [86.45649084700005, 24.745485382000027], [86.45426044600003, 24.74485337400006], [86.45385767900007, 24.744603891000054], [86.45267244700005, 24.745231713000067], [86.45222802200004, 24.74476140200005], [86.44997116800005, 24.746526050000057], [86.44932309900008, 24.746987141000034], [86.44547373700004, 24.749703242000066], [86.44601677300005, 24.750510070000075], [86.44771783100003, 24.752460748000033], [86.44764976700003, 24.754270847000043], [86.44708699200004, 24.755674931000044], [86.44589630300004, 24.756695705000027], [86.44467575600004, 24.75749975900004], [86.44371691300006, 24.757730325000068], [86.44292727700008, 24.76011864000003], [86.44237470100006, 24.762154672000065], [86.44281078300008, 24.764036777000058], [86.44298503200008, 24.76623044300004], [86.44263973000005, 24.76768412000007], [86.44234835200007, 24.768153679000022], [86.44256649000005, 24.769354246000034], [86.44299725500008, 24.770527681000033], [86.44494672800005, 24.773253200000056], [86.44381517700003, 24.774305479000077], [86.44439428400005, 24.775560077000023], [86.44386043700007, 24.775786056000072], [86.44248118300004, 24.775985236000054], [86.44094849400005, 24.775864110000043], [86.43980121200008, 24.775354461000063], [86.43969692800005, 24.774600718000045], [86.43914288900004, 24.773887780000052], [86.43865830400006, 24.773720930000025], [86.43787219200004, 24.77381153300007], [86.43627570800004, 24.77457055900004], [86.43497032800008, 24.774331877000066], [86.43329901800007, 24.773650883000073], [86.43155804200006, 24.772202606000064], [86.43209642800008, 24.77117774100003], [86.43217490400008, 24.769764808000048], [86.43200599400006, 24.768085717000076], [86.43147125200005, 24.766185587000052], [86.42853953300005, 24.766015136000078], [86.42698707700004, 24.76552818400006], [86.42613647800005, 24.764846823000028], [86.42474233800004, 24.764635165000072], [86.42319477700005, 24.76422934900006], [86.42240875400006, 24.764346966000062], [86.42153898100008, 24.764988302000063], [86.42228630200003, 24.76705544600003], [86.42253373500006, 24.767854293000028], [86.42296423300007, 24.76882015500007], [86.42228775800004, 24.771009629000048], [86.42196691400005, 24.772169809000047], [86.42327742900005, 24.77312629900007], [86.42349521000006, 24.77392527300003], [86.42438553100004, 24.774800646000074], [86.42531100800005, 24.777115998000056], [86.42596431100003, 24.778767810000033], [86.42597962500008, 24.780063377000033], [86.42538708300003, 24.781918787000052], [86.42433929800006, 24.78283996600004], [86.42356771600004, 24.78215410000007], [86.42178763700008, 24.781662657000027], [86.42150582600004, 24.78182073800008], [86.41986474300006, 24.783026472000074], [86.42084941500008, 24.784949090000055], [86.42148745900005, 24.785386725000023], [86.42172032600007, 24.78686722200007], [86.42166679700006, 24.788884943000028], [86.42206787000003, 24.79038792500006], [86.42276044300007, 24.791398902000026], [86.42366571200006, 24.79236903900005], [86.42471918900009, 24.792973583000048], [86.42917620600008, 24.79712932800004], [86.43299998000003, 24.800030367000033], [86.43669041300006, 24.802904257000023], [86.43592907900006, 24.80333792400006], [86.43541029800008, 24.80417774400007], [86.43494112200005, 24.805459876000043], [86.43403654100007, 24.806430705000025], [86.43279076700009, 24.807320464000043], [86.43015045400006, 24.808264847000032], [86.42871677500005, 24.809371233000036], [86.42809375900003, 24.809511378000025], [86.42651169300007, 24.810667514000045], [86.42435077300007, 24.811250563000044], [86.42396499100005, 24.811079181000025], [86.42264878600008, 24.809287527000038], [86.42115020600005, 24.80877337800007], [86.41979486300005, 24.80803806800003], [86.41869224500005, 24.808444654000027], [86.41759472100006, 24.809501187000023], [86.41600752700003, 24.810174247000077], [86.41438074300004, 24.811199316000057], [86.41242283900004, 24.812531465000063], [86.41059816200004, 24.81329469700006], [86.40939125400007, 24.812775871000042], [86.40717557100004, 24.812487490000024], [86.40544482700005, 24.812808371000074], [86.40467829300007, 24.813165140000024], [86.40391693200007, 24.81418088600003], [86.40387262900003, 24.81501600300004], [86.40452113600008, 24.817385606000073], [86.40693983100005, 24.818418791000056], [86.40839416700004, 24.819547018000037], [86.41036748700003, 24.819316296000068], [86.41243967300005, 24.819166867000035], [86.41349817800005, 24.81942384900003], [86.41509598700009, 24.820420995000063], [86.41694143700005, 24.822334458000057], [86.41564117000007, 24.824041084000044], [86.41496897600007, 24.825287065000055], [86.41463822300005, 24.827223566000043], [86.41425289200004, 24.828704225000024], [86.41348667500006, 24.829896138000038], [86.41317042200006, 24.83101119400004], [86.41309174400004, 24.832491726000057], [86.41286454700008, 24.833548061000045], [86.41334033300006, 24.836328442000024], [86.41389965600007, 24.83770504000006], [86.41485907100008, 24.837032229000044], [86.41658018700008, 24.836354739000058], [86.41827685200008, 24.836318085000073], [86.41946409600007, 24.836561474000064], [86.42048272600005, 24.83574866600003], [86.42404894700007, 24.835390940000025], [86.42568601200009, 24.834988705000058], [86.42750126500005, 24.834866189000024], [86.43012759100003, 24.834319109000035], [86.43277328600004, 24.832977431000074], [86.43392064300008, 24.832615890000056], [86.43534513100008, 24.83260182300006], [86.43628498100009, 24.83267818400003], [86.43730862700005, 24.832280491000063], [86.43827811800008, 24.832329707000042], [86.43993991900004, 24.831904720000068], [86.44160663300005, 24.831587978000073], [86.44337646700006, 24.83002537300007], [86.44353893300007, 24.828698254000074], [86.44528405700004, 24.827189830000066], [86.44646617100005, 24.827238865000027], [86.44706951000006, 24.826958748000038], [86.44912708400005, 24.82696675400007], [86.45060555600008, 24.826347670000075], [86.45207871800005, 24.825204878000022], [86.45334966700005, 24.824883727000042], [86.45422501300004, 24.82482462300004], [86.45589200100005, 24.825112540000077], [86.45774165100005, 24.82490389700007], [86.45930953900006, 24.82483531200006], [86.46036768700003, 24.824473615000045], [86.46094145700005, 24.824459725000054], [86.46072842000007, 24.82404462900007], [86.46071791100007, 24.823078611000028], [86.46004958300006, 24.822171749000063], [86.45836715600007, 24.820913274000077], [86.45730316700008, 24.82001107600007], [86.45618910000007, 24.818061750000027], [86.45512617700007, 24.81864913000004], [86.45282626700003, 24.81846970400005], [86.45091206500007, 24.81821347500005], [86.45025446700004, 24.818385291000027], [86.44843975800006, 24.819117409000057], [86.44762911200007, 24.819758793000062], [86.44600204800008, 24.82007561000006], [86.44529967300008, 24.81983217000004], [86.44407746900004, 24.81887576200006], [86.44274702000007, 24.818718355000044], [86.44057630900005, 24.819595003000074], [86.43966623100005, 24.819572907000065], [86.44050666900006, 24.818850330000032], [86.44216300800008, 24.81789710700008], [86.44203385800006, 24.816904159000046], [86.44159252900005, 24.814773753000054], [86.44324370700008, 24.813716776000035], [86.44325769100004, 24.812195592000023], [86.44243128700003, 24.811094541000045], [86.44223236200008, 24.80910855700006], [86.44316668200008, 24.808548383000073], [86.44327513000007, 24.807916351000074], [86.44467474200007, 24.807983402000048], [86.44488219100003, 24.80756804300006], [86.44759833900008, 24.809616101000074], [86.44820167500006, 24.809611250000046], [86.45052576400008, 24.809294194000074], [86.45124759700008, 24.80895076400003], [86.45236470800006, 24.80803830900004], [86.45280921300008, 24.80720301100007], [86.45416381200005, 24.806556804000024], [86.45627490000004, 24.80565295300005], [86.45718478700007, 24.805675046000033], [86.45861974100006, 24.806933573000038], [86.46045066300007, 24.808548560000077], [86.46270659800007, 24.809802063000063], [86.46326953400006, 24.808578484000066], [86.46396129900006, 24.80788291700003], [86.46522163300006, 24.806853035000074], [86.46511197700005, 24.805638835000025], [86.46577406000006, 24.80485750400004], [86.46565940500005, 24.803670423000028], [86.46763167200004, 24.802554366000038], [86.46891709300007, 24.802160767000032]]]]}}, {"type": "Feature", "properties": {"OBJECTID": 4909, "GPCODE": "93527", "GPNAME_1": "JAMU KHARAIYA", "DIST_CEN_C": "37", "BLK_NAME": "JHAJHA", "ST_NAME": "BIHAR", "ST_CODE_1": "10", "GPCODE2011": "96081", "REMARKS": "FINALIZED", "MAP_STATUS": "COMPLETED", "BLK_C_2001": "370006", "BLK_C_2011": "01530", "DIST_NAME": "JAMUI", "code2011": 0.0, "Shape_Leng": 0.21638311568, "Shape_Area": 0.00116986853, "Area": 13.0931}, "geometry": {"type": "MultiPolygon", "coordinates": [[[[86.32843063100006, 24.82065381900003], [86.32857420700003, 24.82009408500005], [86.32928228200007, 24.81787352300006], [86.32932219600008, 24.816921040000068], [86.32961950300006, 24.81519228800005], [86.33026303800006, 24.813400485000045], [86.33066407300004, 24.812240579000047], [86.33208394000008, 24.81079197300005], [86.33441878700006, 24.80880649100004], [86.33693629200008, 24.80763354900006], [86.33690606400006, 24.80945272500003], [86.33680075600006, 24.814323175000027], [86.33709739900007, 24.814851383000075], [86.33855617400008, 24.815199328000062], [86.33948587500004, 24.815678021000053], [86.33988112900005, 24.817050361000042], [86.339851, 24.818598594000036], [86.34060211600007, 24.821027232000063], [86.34283747100005, 24.821858271000053], [86.34439039100005, 24.821845104000033], [86.34576558900005, 24.82113664600007], [86.34587449500003, 24.820324156000027], [86.34625550500004, 24.81976901200005], [86.34746236800004, 24.81932245300004], [86.34779913200003, 24.81694814900004], [86.34807151500007, 24.815318706000028], [86.34900159800009, 24.81382024000004], [86.34935279800004, 24.813201895000077], [86.35053003800004, 24.81226773800006], [86.35111386200003, 24.81068342900005], [86.35206805600006, 24.812611004000075], [86.35243876300007, 24.81339647300007], [86.35187476700008, 24.815030471000057], [86.35232445100007, 24.816849613000045], [86.35311578900007, 24.816493103000028], [86.35475290800008, 24.816213536000078], [86.35622170000005, 24.81648902300003], [86.35706741700005, 24.816615539000054], [86.35778454300004, 24.816389882000067], [86.35862047800003, 24.81524348800008], [86.35918439100004, 24.814097058000073], [86.35978290100007, 24.813519271000075], [86.36263657800004, 24.812639385000068], [86.36275038600007, 24.812052546000075], [86.36293840200005, 24.81093763800004], [86.36384351200007, 24.80907350800004], [86.36342839000008, 24.80606719800005], [86.36326047600005, 24.80344907500006], [86.36347820800006, 24.801016125000046], [86.36303824400005, 24.799688986000035], [86.36113942600008, 24.79925998600004], [86.36002189800007, 24.799314086000038], [86.35904781500005, 24.798474344000056], [86.35966600400008, 24.797761193000042], [86.35888972200007, 24.79732781100006], [86.35709471100006, 24.797341161000077], [86.35335630200007, 24.79754375400006], [86.35088873600006, 24.798270092000053], [86.34953377300008, 24.798454983000056], [86.34793639800006, 24.799222031000056], [86.34686826200004, 24.799542358000053], [86.34624497800007, 24.800436012000034], [86.34460301900003, 24.801329450000026], [86.34387603800008, 24.801333731000057], [86.34309963800007, 24.801478088000067], [86.34145287300004, 24.80192906900004], [86.33990962900003, 24.803048138000065], [86.33811941000005, 24.80363906300005], [86.33714519200004, 24.80347183200007], [86.33443500900006, 24.80432877100003], [86.33389146100006, 24.80296084500003], [86.33335265100004, 24.80256348000006], [86.33250766300006, 24.800617766000073], [86.33298266800006, 24.79959774100007], [86.33248862300007, 24.798451068000077], [86.33232610900006, 24.796279844000026], [86.33178744600008, 24.795530344000042], [86.32915229400004, 24.794085132000077], [86.32510364100006, 24.791461221000077], [86.32369968400008, 24.790616684000042], [86.32282449000007, 24.790580222000074], [86.32089091800003, 24.791012886000033], [86.31904649800003, 24.791292122000073], [86.31717736300004, 24.79137264900004], [86.31496650100007, 24.792549867000048], [86.31376443200008, 24.793754601000046], [86.31285383500006, 24.795176123000033], [86.31154801900004, 24.795938411000066], [86.30835330800005, 24.796763113000054], [86.30656738400006, 24.79819320200005], [86.30460275200005, 24.800864514000068], [86.30281683000004, 24.80229455400007], [86.30159506500007, 24.802912321000065], [86.29900814000007, 24.803818333000038], [86.29560010200004, 24.805229454000028], [86.29560463500007, 24.805938113000025], [86.29604910500007, 24.806823077000047], [86.29828458600008, 24.806535351000036], [86.30109876200004, 24.80594095200007], [86.30298298900004, 24.80565745900003], [86.30478786000003, 24.805911125000023], [86.30708160300009, 24.807582382000078], [86.30933536000003, 24.810002792000034], [86.31032817100004, 24.812431719000074], [86.31108319800006, 24.815749788000062], [86.31128996400008, 24.817519340000047], [86.31237227800005, 24.819108665000044], [86.31393458200006, 24.820201722000036], [86.31539329400005, 24.820856759000037], [86.31665477900003, 24.820315596000057], [86.31777248500003, 24.82039276200004], [86.31864766300004, 24.820835475000024], [86.31934450800009, 24.821977745000027], [86.31999660100007, 24.82379263100006], [86.32155902200003, 24.82488551600005], [86.32209794900007, 24.825544725000043], [86.32395225800008, 24.826551996000035], [86.32511952200008, 24.82667877800003], [86.32575302900005, 24.825415090000035], [86.32642124000006, 24.82423715300007], [86.32706938300004, 24.823605400000076], [86.32743057500005, 24.823113507000073], [86.32747062500005, 24.821985100000063], [86.32790122400007, 24.82112303400004], [86.32843063100006, 24.82065381900003]]]]}}, {"type": "Feature", "properties": {"OBJECTID": 4910, "GPCODE": "93522", "GPNAME_1": "BORWA", "DIST_CEN_C": "37", "BLK_NAME": "JHAJHA", "ST_NAME": "BIHAR", "ST_CODE_1": "10", "GPCODE2011": "96076", "REMARKS": "FINALIZED", "MAP_STATUS": "COMPLETED", "BLK_C_2001": "370006", "BLK_C_2011": "01530", "DIST_NAME": "JAMUI", "code2011": 0.0, "Shape_Leng": 0.29373545144, "Shape_Area": 0.00200780816, "Area": 22.4721}, "geometry": {"type": "MultiPolygon", "coordinates": [[[[86.47105616500005, 24.81837794000006], [86.47288050400005, 24.817677125000046], [86.47342988100007, 24.81812362000005], [86.47527041100005, 24.81898454900005], [86.47605194000005, 24.819146475000025], [86.47772788000003, 24.81836446500006], [86.47946880500007, 24.81843097500007], [86.48111551000005, 24.81814089900007], [86.48138726700006, 24.817865356000027], [86.48161379300007, 24.81674127200006], [86.48265659100008, 24.815801581000073], [86.48364040900003, 24.81540818900004], [86.48487682900009, 24.815452433000075], [86.48718070600006, 24.814638203000072], [86.48785748100005, 24.81375754900006], [86.48840112800008, 24.813396], [86.48887588900004, 24.81332792300003], [86.48991362700008, 24.81246949100006], [86.49121764800003, 24.810816402000057], [86.49310074900006, 24.809596127000077], [86.49425676500005, 24.808408099000076], [86.49581405100008, 24.80787417500005], [86.49768045000008, 24.808048992000067], [86.49919504000007, 24.807427176000033], [86.50045123800004, 24.807414610000023], [86.50216203500008, 24.807664327000055], [86.50355650600005, 24.807778341000073], [86.50639963700007, 24.808222923000073], [86.50835248800007, 24.808797732000073], [86.50909488000008, 24.80815741600003], [86.50949149500008, 24.80710139400003], [86.51055955600003, 24.807219626000062], [86.51234947300009, 24.807460178000042], [86.51363058400005, 24.807154214000036], [86.51501130900004, 24.80601320900007], [86.51671281900008, 24.805603661000077], [86.51850282300006, 24.80582616600003], [86.51898772300007, 24.805564675000028], [86.51942345900005, 24.80488344400004], [86.52036385800005, 24.803854908000062], [86.52126901900004, 24.80363435000004], [86.52314402200005, 24.802601947000028], [86.52379733300006, 24.801925324000024], [86.52443604700005, 24.800905648000025], [86.52444703700007, 24.79963272400005], [86.52406789100007, 24.79760565400005], [86.52384628300007, 24.796418415000062], [86.52308629500004, 24.79453555200007], [86.52312792000004, 24.792012276000037], [86.52346948300004, 24.791479886000047], [86.51868357600006, 24.79092587300005], [86.51556922300006, 24.789993752000044], [86.51211835000004, 24.789557870000067], [86.50888516400005, 24.788900849000072], [86.50593868600004, 24.788442622000048], [86.50346657600005, 24.788269112000023], [86.50242347300008, 24.78798841300005], [86.50156070500003, 24.785473420000073], [86.50092530900008, 24.783026345000053], [86.50091683500006, 24.78152771400005], [86.50029044000007, 24.77997448700006], [86.49868537300006, 24.77826684400003], [86.49764352900007, 24.776853134000078], [86.49575663500008, 24.77439904000005], [86.49527948500008, 24.771772379000026], [86.49505773800007, 24.767448141000045], [86.49366348200004, 24.767345487000057], [86.49261017000003, 24.766998709000063], [86.49177503800007, 24.76736048600003], [86.49033172300005, 24.767623440000023], [86.48933211200006, 24.766558846000066], [86.48866941600005, 24.766315688000077], [86.48641996100008, 24.76617291900004], [86.48386364500004, 24.765759444000025], [86.47892921400006, 24.764950500000054], [86.47595783200006, 24.76459138200005], [86.47436083800005, 24.764271922000034], [86.47285779800006, 24.763984076000042], [86.47083519300008, 24.763177407000057], [86.46882832300008, 24.763408881000032], [86.46877943200008, 24.764176229000043], [86.46888462700008, 24.765927557000055], [86.46874684800008, 24.766753744000027], [86.46793632700007, 24.767088276000038], [86.46634451800008, 24.767265257000076], [86.46553893700008, 24.76754565500005], [86.46422444300003, 24.768241550000027], [86.46297953800007, 24.769510699000023], [86.46514020100005, 24.769906641000034], [86.46640615500007, 24.770384401000058], [86.46755884400005, 24.771363183000062], [86.46870663300007, 24.772508971000036], [86.46976008200005, 24.772991379000075], [86.47061122400004, 24.773970348000034], [86.47181272200004, 24.774068860000057], [86.47253981300008, 24.774614529000075], [86.47399460500003, 24.77616644400007], [86.47496442400006, 24.77711368100006], [86.47714612300007, 24.77876886300004], [86.47835354700004, 24.779937145000076], [86.47933375800005, 24.781493741000077], [86.47952294300006, 24.782969656000034], [86.47909975000005, 24.785466162000034], [86.47928824800005, 24.786093407000067], [86.47992142300006, 24.78647221600005], [86.48127648200006, 24.786818752000045], [86.48257730800003, 24.787246722000077], [86.48187704500003, 24.789440983000077], [86.48186185700007, 24.790266221000024], [86.48176667800004, 24.790884881000068], [86.48152873200007, 24.791265595000027], [86.48071971600007, 24.791646309000043], [86.48010105600008, 24.79188425500007], [86.47910168200008, 24.79197943300005], [86.47853061100005, 24.79207461200008], [86.47819748700005, 24.792645682000057], [86.47748364900008, 24.793407110000032], [86.47648427500008, 24.794025770000076], [86.47581802600007, 24.794406484000035], [86.47538972300003, 24.795501036000076], [86.47505659800004, 24.796214874000043], [86.47443793900004, 24.796785945000067], [86.47439034900003, 24.797404604000064], [86.47496142000006, 24.797642551000024], [86.47496142000006, 24.79802326400005], [86.47434276000007, 24.798594335000075], [86.47301026200006, 24.799070227000072], [86.47210606700008, 24.799308173000043], [86.47020249800005, 24.800497904000053], [86.46920312400005, 24.801544867000075], [86.46891709300007, 24.802160767000032], [86.46763167200004, 24.802554366000038], [86.46565940500005, 24.803670423000028], [86.46577406000006, 24.80485750400004], [86.46511197700005, 24.805638835000025], [86.46522163300006, 24.806853035000074], [86.46396129900006, 24.80788291700003], [86.46326953400006, 24.808578484000066], [86.46270659800007, 24.809802063000063], [86.46045066300007, 24.808548560000077], [86.45861974100006, 24.806933573000038], [86.45718478700007, 24.805675046000033], [86.45627490000004, 24.80565295300005], [86.45416381200005, 24.806556804000024], [86.45280921300008, 24.80720301100007], [86.45236470800006, 24.80803830900004], [86.45124759700008, 24.80895076400003], [86.45052576400008, 24.809294194000074], [86.44820167500006, 24.809611250000046], [86.44759833900008, 24.809616101000074], [86.44488219100003, 24.80756804300006], [86.44467474200007, 24.807983402000048], [86.44327513000007, 24.807916351000074], [86.44316668200008, 24.808548383000073], [86.44223236200008, 24.80910855700006], [86.44243128700003, 24.811094541000045], [86.44325769100004, 24.812195592000023], [86.44324370700008, 24.813716776000035], [86.44159252900005, 24.814773753000054], [86.44203385800006, 24.816904159000046], [86.44216300800008, 24.81789710700008], [86.44050666900006, 24.818850330000032], [86.43966623100005, 24.819572907000065], [86.44057630900005, 24.819595003000074], [86.44274702000007, 24.818718355000044], [86.44407746900004, 24.81887576200006], [86.44529967300008, 24.81983217000004], [86.44600204800008, 24.82007561000006], [86.44762911200007, 24.819758793000062], [86.44843975800006, 24.819117409000057], [86.45025446700004, 24.818385291000027], [86.45091206500007, 24.81821347500005], [86.45282626700003, 24.81846970400005], [86.45512617700007, 24.81864913000004], [86.45618910000007, 24.818061750000027], [86.45730316700008, 24.82001107600007], [86.45836715600007, 24.820913274000077], [86.46004958300006, 24.822171749000063], [86.46071791100007, 24.823078611000028], [86.46072842000007, 24.82404462900007], [86.46094145700005, 24.824459725000054], [86.46213801700009, 24.82393094300005], [86.46387379100008, 24.823695201000078], [86.46482244900005, 24.822372061000067], [86.46442087300005, 24.821031678000054], [86.46539896900003, 24.819433221000054], [86.46599237800007, 24.819216109000024], [86.46797543900004, 24.819029855000053], [86.46967676300005, 24.819019801000024], [86.47105616500005, 24.81837794000006]]]]}}, {"type": "Feature", "properties": {"OBJECTID": 4911, "GPCODE": "93528", "GPNAME_1": "KANAN", "DIST_CEN_C": "37", "BLK_NAME": "JHAJHA", "ST_NAME": "BIHAR", "ST_CODE_1": "10", "GPCODE2011": "96082", "REMARKS": "FINALIZED", "MAP_STATUS": "COMPLETED", "BLK_C_2001": "370006", "BLK_C_2011": "01530", "DIST_NAME": "JAMUI", "code2011": 0.0, "Shape_Leng": 0.17140727658, "Shape_Area": 0.00060578373, "Area": 6.77961}, "geometry": {"type": "MultiPolygon", "coordinates": [[[[86.41110966100007, 24.787168015000077], [86.41176219600004, 24.78689704100003], [86.41241995300004, 24.787226437000072], [86.41277568900006, 24.786445448000052], [86.41267661900008, 24.785696087000076], [86.41246846200005, 24.784346522000078], [86.41182015300006, 24.78238314600003], [86.41205226300008, 24.781453209000063], [86.41220511800003, 24.780071860000078], [86.41220415400005, 24.776993367000046], [86.41203092700005, 24.77644273800007], [86.41103212100006, 24.77602771200003], [86.41044368100006, 24.775680316000035], [86.41029000300006, 24.77424037700007], [86.41039826800005, 24.772488930000065], [86.41052138400005, 24.770760089000078], [86.40972540100006, 24.770855013000073], [86.40880603200009, 24.771392443000025], [86.40657201800008, 24.773889114000042], [86.40522257100008, 24.774850894000053], [86.40403610400006, 24.775216730000068], [86.40317110000007, 24.775817205000067], [86.40118878800007, 24.777189796000073], [86.40033382500008, 24.778878217000056], [86.39967639600007, 24.779614098000025], [86.40029454300009, 24.780128581000042], [86.40061114400004, 24.78101324000005], [86.40091794800009, 24.782114598000078], [86.40162543200006, 24.78405546600004], [86.40269863300006, 24.785296604000052], [86.40417733100008, 24.786691113000074], [86.40509238200008, 24.787850976000072], [86.40648182600006, 24.787891324000043], [86.40864267000006, 24.788297084000078], [86.41049201900006, 24.788549416000023], [86.41092187600003, 24.78763301400005], [86.41110966100007, 24.787168015000077]]], [[[86.36019176500008, 24.828514529000074], [86.36312970500006, 24.828293587000076], [86.36556324400004, 24.828365993000034], [86.36814016700004, 24.82812243500007], [86.36998997300003, 24.82788775100005], [86.37107323800006, 24.827526655000042], [86.37310611200007, 24.82617252400007], [86.37490143300005, 24.825125379000042], [86.37732491800006, 24.82356806400003], [86.37908577400003, 24.824010324000028], [86.38036674500006, 24.824357861000067], [86.38204838500008, 24.824457135000046], [86.38199887300004, 24.82381612300003], [86.38239950600007, 24.82337830800003], [86.38396230000006, 24.822705607000046], [86.38477843300006, 24.822655891000068], [86.38634631100007, 24.822949206000033], [86.38673198800007, 24.82285887100005], [86.38683088700003, 24.822217889000058], [86.38748364000008, 24.821355751000056], [86.38835900500004, 24.82085458100005], [86.39037189600003, 24.820064475000038], [86.39047549000009, 24.81840783000007], [86.38857636700004, 24.818335811000054], [86.38827938800006, 24.816182724000043], [86.38825947500004, 24.815388244000076], [86.38742361000004, 24.815054323000027], [86.38690430400004, 24.815009195000073], [86.38642960700008, 24.81512210900007], [86.38491130700004, 24.815135745000077], [86.38401119100007, 24.815140281000026], [86.38353635800007, 24.814756656000043], [86.38281916200003, 24.813894540000035], [86.38219601600008, 24.813736563000077], [86.38127118900007, 24.813497433000066], [86.37960957000007, 24.813641908000022], [86.37871933400004, 24.813538091000055], [86.37797249600004, 24.813253705000022], [86.37670650600006, 24.812229110000033], [86.37547506000004, 24.81178227500004], [86.37247809600007, 24.81296939400005], [86.37119229200005, 24.812951267000074], [86.36960964600007, 24.813641896000036], [86.36850680400005, 24.81400296700008], [86.36783424600009, 24.813853976000075], [86.36769566400005, 24.81451298500008], [86.36679057200007, 24.81566394500004], [86.36590034000005, 24.81606561700005], [86.36413971400003, 24.816187377000062], [86.36373419800003, 24.815930036000054], [86.36316065700004, 24.814065803000062], [86.36263657800004, 24.812639385000068], [86.35978290100007, 24.813519271000075], [86.35918439100004, 24.814097058000073], [86.35862047800003, 24.81524348800008], [86.35778454300004, 24.816389882000067], [86.35706741700005, 24.816615539000054], [86.35622170000005, 24.81648902300003], [86.35475290800008, 24.816213536000078], [86.35311578900007, 24.816493103000028], [86.35232445100007, 24.816849613000045], [86.35187476700008, 24.815030471000057], [86.35243876300007, 24.81339647300007], [86.35206805600006, 24.812611004000075], [86.35111386200003, 24.81068342900005], [86.35053003800004, 24.81226773800006], [86.34935279800004, 24.813201895000077], [86.34900159800009, 24.81382024000004], [86.34807151500007, 24.815318706000028], [86.34779913200003, 24.81694814900004], [86.34746236800004, 24.81932245300004], [86.34625550500004, 24.81976901200005], [86.34587449500003, 24.820324156000027], [86.34576558900005, 24.82113664600007], [86.34723438800006, 24.821340063000036], [86.34757552700006, 24.821913420000044], [86.34806514300004, 24.822193329000072], [86.34861907900006, 24.822234122000054], [86.34977137600004, 24.822532188000025], [86.35059734600009, 24.822703880000063], [86.35103247900008, 24.82331335600003], [86.35159130300008, 24.823706152000057], [86.35205123500003, 24.82374684000007], [86.35377740100006, 24.823381420000032], [86.35426699400006, 24.823887090000028], [86.35485048000004, 24.824496528000054], [86.35581490300007, 24.82481712500004], [86.35633417700006, 24.825404044000038], [86.35686826100005, 24.826324873000033], [86.35745184600006, 24.82675828200007], [86.35827777200006, 24.82708337300005], [86.35863371500005, 24.82865431500005], [86.36019176500008, 24.828514529000074]]]]}}, {"type": "Feature", "properties": {"OBJECTID": 4913, "GPCODE": "93535", "GPNAME_1": "PAIRGAHA", "DIST_CEN_C": "37", "BLK_NAME": "JHAJHA", "ST_NAME": "BIHAR", "ST_CODE_1": "10", "GPCODE2011": "96089", "REMARKS": "FINALIZED", "MAP_STATUS": "COMPLETED", "BLK_C_2001": "370006", "BLK_C_2011": "01530", "DIST_NAME": "JAMUI", "code2011": 0.0, "Shape_Leng": 0.37332268846, "Shape_Area": 0.00337753849, "Area": 37.7897}, "geometry": {"type": "MultiPolygon", "coordinates": [[[[86.46375444600005, 24.88441148900006], [86.46399151000008, 24.883698137000067], [86.46507032900007, 24.883823903000064], [86.46596519100007, 24.882830304000038], [86.46668239500008, 24.882441680000056], [86.46895311400004, 24.881659323000065], [86.47015009400008, 24.88104469700005], [86.47161926400008, 24.880565269000044], [86.47336097300007, 24.880496471000072], [86.47522670100005, 24.880725460000065], [86.47675538300007, 24.88035877300007], [86.47741814700004, 24.88005135800006], [86.47845663500004, 24.87932388200005], [86.47957048600006, 24.879946088000054], [86.48144142600006, 24.880450331000077], [86.48294579000003, 24.880656894000026], [86.48412813400006, 24.880358037000065], [86.48450297600004, 24.878958469000054], [86.48496085800008, 24.87638078300006], [86.48539498800005, 24.874895408000043], [86.48679420900004, 24.873815511000032], [86.48756489300007, 24.87252398000004], [86.48718723900004, 24.870687134000036], [86.48730058100006, 24.87024923200005], [86.48732470500005, 24.869508936000045], [86.48773417000007, 24.868222170000024], [86.48858858600005, 24.866569448000064], [86.48768282300006, 24.86616388300007], [86.48680097100004, 24.864909648000037], [86.48667118100008, 24.863627853000025], [86.48678458400008, 24.863131244000044], [86.48564421200007, 24.860509474000025], [86.48626669100008, 24.859434747000023], [86.48678963800006, 24.857845448000035], [86.48768982700005, 24.857591958000057], [86.48792701200006, 24.857316481000055], [86.48798088800004, 24.85665741100007], [86.48896505300007, 24.856290991000037], [86.48920186600003, 24.855636392000065], [86.48973578600004, 24.855274800000075], [86.49030962400008, 24.855161550000048], [86.49111527200006, 24.854352895000034], [86.49176807700007, 24.85418544600003], [86.49300514500004, 24.854450791000033], [86.49372195700005, 24.853949150000062], [86.49485990000005, 24.853997933000073], [86.49555231300008, 24.85385285500007], [86.49644193800003, 24.852971978000028], [86.49661923800005, 24.85219997200005], [86.49595080400007, 24.85151886600005], [86.49654374500005, 24.850805209000043], [86.49761839300004, 24.85046579400006], [86.49783626300007, 24.850276359000077], [86.49910186900007, 24.85104031700007], [86.50004096000004, 24.851894233000053], [86.50057952400005, 24.852567246000035], [86.50002443800008, 24.853627497000048], [86.50323955800008, 24.854189856000062], [86.50560391100004, 24.854561954000076], [86.50672682500004, 24.854666671000075], [86.50820628000008, 24.854324767000037], [86.50914112100008, 24.854600794000078], [86.51009040200006, 24.855147705000036], [86.51153966400005, 24.855487354000047], [86.51312751200004, 24.855741331000047], [86.51443351400007, 24.85581909600006], [86.51517034900007, 24.85615367300005], [86.51647593400008, 24.856651127000077], [86.51841476300007, 24.857216746000063], [86.52077480600008, 24.857074002000047], [86.52143764200008, 24.857092532000024], [86.52203160000005, 24.856844683000077], [86.52315061500008, 24.85564475900003], [86.52355155700008, 24.855333548000033], [86.52454103700006, 24.855334201000062], [86.52463070900006, 24.854494716000033], [86.52455707100006, 24.85375890200004], [86.52432975400006, 24.85353304800003], [86.52320678900008, 24.85343749200007], [86.52135667300007, 24.853391092000038], [86.52002079900006, 24.85349850500006], [86.51957562300004, 24.853475566000043], [86.51954816800009, 24.850753719000068], [86.51973341000007, 24.848180935000073], [86.51963724100005, 24.84489926400005], [86.52074516500005, 24.845076117000076], [86.52332741900005, 24.84502364800005], [86.52729467800003, 24.845035402000065], [86.53149945600006, 24.845092203000036], [86.53341862900004, 24.84535074400003], [86.53301930900005, 24.843423001000076], [86.53309882100007, 24.84288142400004], [86.53291132500004, 24.842312538000044], [86.53148721500008, 24.841494643000033], [86.53160198000006, 24.840257892000068], [86.53145941400004, 24.839039037000077], [86.53090645800006, 24.837661990000072], [86.53029422200007, 24.836068203000025], [86.53063120200005, 24.835233353000035], [86.53138834800006, 24.834836628000062], [86.53218016600005, 24.83421420800005], [86.53288268300008, 24.83405212200006], [86.53335292200006, 24.833560353000053], [86.53336336400008, 24.832905855000035], [86.53302823600006, 24.831163299000025], [86.53277229200006, 24.829420798000058], [86.53284254600004, 24.82812537600006], [86.53321871800006, 24.827678692000063], [86.53342201700008, 24.82701980300004], [86.53312077900006, 24.826342559000068], [86.53233058000006, 24.824739629000078], [86.53230169500006, 24.823696865000045], [86.53189166500005, 24.823028557000043], [86.53076447200004, 24.82237789000004], [86.53048307500006, 24.821804402000055], [86.53121547900008, 24.821154912000054], [86.53147394300004, 24.819457810000074], [86.53077212800008, 24.818843508000043], [86.52973932600008, 24.817651177000073], [86.52914607300005, 24.817334833000075], [86.52819658700008, 24.817320642000027], [86.52743024200004, 24.817017700000065], [86.52714870500006, 24.816516465000063], [86.52676314800004, 24.81619574900003], [86.52608572100007, 24.81610054500004], [86.52504239100006, 24.815878613000052], [86.52470152200004, 24.815381912000078], [86.52473645700007, 24.814930509000078], [86.52406500800004, 24.813449511000044], [86.52426402200007, 24.81196008200004], [86.52452198900005, 24.810953658000074], [86.52509121300005, 24.810425834000057], [86.52486882300008, 24.810150374000045], [86.52470660900008, 24.808972148000066], [86.52386683400005, 24.80780248800005], [86.52413465700005, 24.806773527000075], [86.52502563300004, 24.80580806300003], [86.52581312800004, 24.804278434000025], [86.52627364400007, 24.803461671000036], [86.52709026900004, 24.802645228000074], [86.52700223100004, 24.801363223000067], [86.52711220400005, 24.799851099000023], [86.52734599100006, 24.797977995000053], [86.52704545200004, 24.796583051000027], [86.52658225800008, 24.794519819000072], [86.52701327500006, 24.79347288200006], [86.52833433100005, 24.792458130000057], [86.52841378000005, 24.79197516200003], [86.52682660300007, 24.79190649000003], [86.52346948300004, 24.791479886000047], [86.52312792000004, 24.792012276000037], [86.52308629500004, 24.79453555200007], [86.52384628300007, 24.796418415000062], [86.52406789100007, 24.79760565400005], [86.52444703700007, 24.79963272400005], [86.52443604700005, 24.800905648000025], [86.52379733300006, 24.801925324000024], [86.52314402200005, 24.802601947000028], [86.52126901900004, 24.80363435000004], [86.52036385800005, 24.803854908000062], [86.51942345900005, 24.80488344400004], [86.51898772300007, 24.805564675000028], [86.51850282300006, 24.80582616600003], [86.51671281900008, 24.805603661000077], [86.51501130900004, 24.80601320900007], [86.51363058400005, 24.807154214000036], [86.51234947300009, 24.807460178000042], [86.51055955600003, 24.807219626000062], [86.50949149500008, 24.80710139400003], [86.50909488000008, 24.80815741600003], [86.50835248800007, 24.808797732000073], [86.50639963700007, 24.808222923000073], [86.50355650600005, 24.807778341000073], [86.50216203500008, 24.807664327000055], [86.50045123800004, 24.807414610000023], [86.49919504000007, 24.807427176000033], [86.49768045000008, 24.808048992000067], [86.49581405100008, 24.80787417500005], [86.49425676500005, 24.808408099000076], [86.49310074900006, 24.809596127000077], [86.49121764800003, 24.810816402000057], [86.48991362700008, 24.81246949100006], [86.48887588900004, 24.81332792300003], [86.48840112800008, 24.813396], [86.48785748100005, 24.81375754900006], [86.48718070600006, 24.814638203000072], [86.48487682900009, 24.815452433000075], [86.48364040900003, 24.81540818900004], [86.48265659100008, 24.815801581000073], [86.48161379300007, 24.81674127200006], [86.48138726700006, 24.817865356000027], [86.48111551000005, 24.81814089900007], [86.47946880500007, 24.81843097500007], [86.47772788000003, 24.81836446500006], [86.47605194000005, 24.819146475000025], [86.47527041100005, 24.81898454900005], [86.47342988100007, 24.81812362000005], [86.47359429200003, 24.81963115800005], [86.47445129100004, 24.82131873800006], [86.47475849600005, 24.822004681000067], [86.47455604100008, 24.822415540000065], [86.47287953000006, 24.82267850100004], [86.47228166400004, 24.82336048700006], [86.47213881200008, 24.82410079500005], [86.47264008100007, 24.826235619000045], [86.47290969000005, 24.82944025100005], [86.47342970600005, 24.830256978000023], [86.47497920800004, 24.83194415500003], [86.47556376300008, 24.833009020000077], [86.47563956000005, 24.834981518000063], [86.47658042700004, 24.836262832000045], [86.47594174800008, 24.84158511100003], [86.47414589700008, 24.841378746000032], [86.47345879400007, 24.841956925000034], [86.47255852500007, 24.841966584000033], [86.47031842600006, 24.842947550000076], [86.46952229600004, 24.843268462000026], [86.46856260700008, 24.843273585000077], [86.46838430700006, 24.84297583500006], [86.46611283200008, 24.841677161000064], [86.46329864800003, 24.842328933000033], [86.46287814900006, 24.84227945600003], [86.46199711800006, 24.841517168000053], [86.46103731900007, 24.84139129400006], [86.45950913000007, 24.841789438000035], [86.45885676300009, 24.842615840000065], [86.45792690300004, 24.842864602000077], [86.45655233000008, 24.843727484000055], [86.45583506900005, 24.84370533400005], [86.45416373300003, 24.84483920200006], [86.45362508700003, 24.84563842800003], [86.45322024800004, 24.846934126000065], [86.45271589800006, 24.847322646000066], [86.45151404900008, 24.847688812000058], [86.45122764400008, 24.848429284000076], [86.45071835200008, 24.848840305000067], [86.45003625100009, 24.849860790000037], [86.44966126800006, 24.85145436600004], [86.44919194600004, 24.852474707000056], [86.45090382600006, 24.852762748000032], [86.45252644000004, 24.85272126500007], [86.45349118800004, 24.852851688000044], [86.45506510900003, 24.85407411400007], [86.45583313400004, 24.855874793000055], [86.45744201000008, 24.857453761000045], [86.45784880800005, 24.85909205200005], [86.45851218500007, 24.859692060000043], [86.46040705600007, 24.859754114000054], [86.46314959600005, 24.862072671000078], [86.46515493300006, 24.86432843500006], [86.46581829400003, 24.864842616000033], [86.46679400200009, 24.866173574000072], [86.46709657900004, 24.867319946000066], [86.46517846000006, 24.869374942000036], [86.46163639800005, 24.87015796000003], [86.46081014300006, 24.87016287600005], [86.46082078000006, 24.87122370000003], [86.46187206800005, 24.87454070900003], [86.46214617700008, 24.87733012600006], [86.46183078200005, 24.879199072000063], [86.46198977600005, 24.88012429400004], [86.46202330300008, 24.88546423100007], [86.46298313200003, 24.885319172000038], [86.46375444600005, 24.88441148900006]]]]}}, {"type": "Feature", "properties": {"OBJECTID": 4918, "GPCODE": "93532", "GPNAME_1": "KESHOPUR", "DIST_CEN_C": "37", "BLK_NAME": "JHAJHA", "ST_NAME": "BIHAR", "ST_CODE_1": "10", "GPCODE2011": "96086", "REMARKS": "FINALIZED", "MAP_STATUS": "COMPLETED", "BLK_C_2001": "370006", "BLK_C_2011": "01530", "DIST_NAME": "JAMUI", "code2011": 0.0, "Shape_Leng": 0.16588541971, "Shape_Area": 0.00082829849, "Area": 9.26852}, "geometry": {"type": "MultiPolygon", "coordinates": [[[[86.34437457800004, 24.84700551700007], [86.34512159000008, 24.846671617000027], [86.34656599000004, 24.847060084000077], [86.34705076500006, 24.847385260000067], [86.34754039400008, 24.847972135000077], [86.34828253900008, 24.847439646000055], [86.34877741300005, 24.846469183000067], [86.34927707900005, 24.84602692900006], [86.35007364800003, 24.84562535300006], [86.35084034300007, 24.845530675000077], [86.35249770500008, 24.844795169000065], [86.35442214700004, 24.843969394000055], [86.35555522900006, 24.841739695000058], [86.35711836400003, 24.841572921000022], [86.35647561400003, 24.839514508000036], [86.35670337600004, 24.838349881000056], [86.35706445700004, 24.837934688000075], [86.35866722700007, 24.837172052000028], [86.36018583500004, 24.836829129000023], [86.36085360700008, 24.836607986000047], [86.36241676600008, 24.835827222000034], [86.36406898900003, 24.834649268000078], [86.36576075400006, 24.833385433000046], [86.36917373200004, 24.832017913000072], [86.37128579900008, 24.831607249000058], [86.37080115600008, 24.829621143000054], [86.36998997300003, 24.82788775100005], [86.36814016700004, 24.82812243500007], [86.36556324400004, 24.828365993000034], [86.36312970500006, 24.828293587000076], [86.36019176500008, 24.828514529000074], [86.35863371500005, 24.82865431500005], [86.35827777200006, 24.82708337300005], [86.35745184600006, 24.82675828200007], [86.35686826100005, 24.826324873000033], [86.35633417700006, 24.825404044000038], [86.35581490300007, 24.82481712500004], [86.35485048000004, 24.824496528000054], [86.35426699400006, 24.823887090000028], [86.35377740100006, 24.823381420000032], [86.35205123500003, 24.82374684000007], [86.35159130300008, 24.823706152000057], [86.35103247900008, 24.82331335600003], [86.35059734600009, 24.822703880000063], [86.34977137600004, 24.822532188000025], [86.34861907900006, 24.822234122000054], [86.34806514300004, 24.822193329000072], [86.34757552700006, 24.821913420000044], [86.34723438800006, 24.821340063000036], [86.34576558900005, 24.82113664600007], [86.34439039100005, 24.821845104000033], [86.34283747100005, 24.821858271000053], [86.34060211600007, 24.821027232000063], [86.339851, 24.818598594000036], [86.33988112900005, 24.817050361000042], [86.33948587500004, 24.815678021000053], [86.33855617400008, 24.815199328000062], [86.33709739900007, 24.814851383000075], [86.33680075600006, 24.814323175000027], [86.33690606400006, 24.80945272500003], [86.33693629200008, 24.80763354900006], [86.33441878700006, 24.80880649100004], [86.33208394000008, 24.81079197300005], [86.33066407300004, 24.812240579000047], [86.33026303800006, 24.813400485000045], [86.32961950300006, 24.81519228800005], [86.32932219600008, 24.816921040000068], [86.32928228200007, 24.81787352300006], [86.32857420700003, 24.82009408500005], [86.32843063100006, 24.82065381900003], [86.32790122400007, 24.82112303400004], [86.32747062500005, 24.821985100000063], [86.32743057500005, 24.823113507000073], [86.32706938300004, 24.823605400000076], [86.32642124000006, 24.82423715300007], [86.32575302900005, 24.825415090000035], [86.32511952200008, 24.82667877800003], [86.32551935100008, 24.82853411800005], [86.32498474300007, 24.829608243000052], [86.32514249800005, 24.83091735900007], [86.32507295700003, 24.831847181000057], [86.32464726800004, 24.83262342200004], [86.32426105700006, 24.833467343000052], [86.32377055900008, 24.835489477000067], [86.32390847500005, 24.83694749400007], [86.32437785100007, 24.83827470600005], [86.32489212600007, 24.83880304400003], [86.32640057100008, 24.83952118900004], [86.32795865900005, 24.839688697000042], [86.32987313200005, 24.839296667000042], [86.33258899700007, 24.838566144000026], [86.33459262900004, 24.83773616800005], [86.33589864200007, 24.837262602000067], [86.33886165600006, 24.83697438400003], [86.34001937800008, 24.836189312000045], [86.34107313600003, 24.835462783000025], [86.34250279200006, 24.834767976000023], [86.34293738800005, 24.83735456200003], [86.34268485900003, 24.83851907500008], [86.34214527000006, 24.840306458000043], [86.34133853400004, 24.84174163800003], [86.34011166200008, 24.842102518000047], [86.33973072600008, 24.84256281000006], [86.33973547400007, 24.843045776000054], [86.33983911800004, 24.843840304000025], [86.34038771100006, 24.845704604000048], [86.34061971400007, 24.847614072000056], [86.34049077000003, 24.84897724900003], [86.34050035600006, 24.85009218600004], [86.34182123300008, 24.849753892000024], [86.34273173300005, 24.849104112000077], [86.34328091400005, 24.84850843600003], [86.34375595400007, 24.848260276000076], [86.34416657900005, 24.847777375000078], [86.34437457800004, 24.84700551700007]]]]}}, {"type": "Feature", "properties": {"OBJECTID": 4924, "GPCODE": "93518", "GPNAME_1": "BAIJLA", "DIST_CEN_C": "37", "BLK_NAME": "JHAJHA", "ST_NAME": "BIHAR", "ST_CODE_1": "10", "GPCODE2011": "96072", "REMARKS": "FINALIZED", "MAP_STATUS": "COMPLETED", "BLK_C_2001": "370006", "BLK_C_2011": "01530", "DIST_NAME": "JAMUI", "code2011": 0.0, "Shape_Leng": 0.38583813679, "Shape_Area": 0.00347637784, "Area": 38.8906}, "geometry": {"type": "MultiPolygon", "coordinates": [[[[86.45663527400006, 24.879238083000075], [86.45906445900005, 24.878722207000067], [86.46050958200004, 24.879150151000033], [86.46183078200005, 24.879199072000063], [86.46214617700008, 24.87733012600006], [86.46187206800005, 24.87454070900003], [86.46082078000006, 24.87122370000003], [86.46081014300006, 24.87016287600005], [86.46163639800005, 24.87015796000003], [86.46517846000006, 24.869374942000036], [86.46709657900004, 24.867319946000066], [86.46679400200009, 24.866173574000072], [86.46581829400003, 24.864842616000033], [86.46515493300006, 24.86432843500006], [86.46314959600005, 24.862072671000078], [86.46040705600007, 24.859754114000054], [86.45851218500007, 24.859692060000043], [86.45784880800005, 24.85909205200005], [86.45744201000008, 24.857453761000045], [86.45583313400004, 24.855874793000055], [86.45506510900003, 24.85407411400007], [86.45349118800004, 24.852851688000044], [86.45252644000004, 24.85272126500007], [86.45090382600006, 24.852762748000032], [86.44919194600004, 24.852474707000056], [86.44966126800006, 24.85145436600004], [86.45003625100009, 24.849860790000037], [86.45071835200008, 24.848840305000067], [86.45122764400008, 24.848429284000076], [86.45151404900008, 24.847688812000058], [86.45271589800006, 24.847322646000066], [86.45322024800004, 24.846934126000065], [86.45362508700003, 24.84563842800003], [86.45416373300003, 24.84483920200006], [86.45583506900005, 24.84370533400005], [86.45655233000008, 24.843727484000055], [86.45792690300004, 24.842864602000077], [86.45885676300009, 24.842615840000065], [86.45950913000007, 24.841789438000035], [86.46103731900007, 24.84139129400006], [86.46199711800006, 24.841517168000053], [86.46287814900006, 24.84227945600003], [86.46329864800003, 24.842328933000033], [86.46611283200008, 24.841677161000064], [86.46838430700006, 24.84297583500006], [86.46856260700008, 24.843273585000077], [86.46952229600004, 24.843268462000026], [86.47031842600006, 24.842947550000076], [86.47255852500007, 24.841966584000033], [86.47345879400007, 24.841956925000034], [86.47414589700008, 24.841378746000032], [86.47594174800008, 24.84158511100003], [86.47658042700004, 24.836262832000045], [86.47563956000005, 24.834981518000063], [86.47556376300008, 24.833009020000077], [86.47497920800004, 24.83194415500003], [86.47342970600005, 24.830256978000023], [86.47290969000005, 24.82944025100005], [86.47264008100007, 24.826235619000045], [86.47213881200008, 24.82410079500005], [86.47228166400004, 24.82336048700006], [86.47287953000006, 24.82267850100004], [86.47455604100008, 24.822415540000065], [86.47475849600005, 24.822004681000067], [86.47445129100004, 24.82131873800006], [86.47359429200003, 24.81963115800005], [86.47342988100007, 24.81812362000005], [86.47288050400005, 24.817677125000046], [86.47105616500005, 24.81837794000006], [86.46967676300005, 24.819019801000024], [86.46797543900004, 24.819029855000053], [86.46599237800007, 24.819216109000024], [86.46539896900003, 24.819433221000054], [86.46442087300005, 24.821031678000054], [86.46482244900005, 24.822372061000067], [86.46387379100008, 24.823695201000078], [86.46213801700009, 24.82393094300005], [86.46094145700005, 24.824459725000054], [86.46036768700003, 24.824473615000045], [86.45930953900006, 24.82483531200006], [86.45774165100005, 24.82490389700007], [86.45589200100005, 24.825112540000077], [86.45422501300004, 24.82482462300004], [86.45334966700005, 24.824883727000042], [86.45207871800005, 24.825204878000022], [86.45060555600008, 24.826347670000075], [86.44912708400005, 24.82696675400007], [86.44706951000006, 24.826958748000038], [86.44646617100005, 24.827238865000027], [86.44528405700004, 24.827189830000066], [86.44353893300007, 24.828698254000074], [86.44337646700006, 24.83002537300007], [86.44160663300005, 24.831587978000073], [86.43993991900004, 24.831904720000068], [86.43827811800008, 24.832329707000042], [86.43730862700005, 24.832280491000063], [86.43628498100009, 24.83267818400003], [86.43534513100008, 24.83260182300006], [86.43392064300008, 24.832615890000056], [86.43277328600004, 24.832977431000074], [86.43012759100003, 24.834319109000035], [86.42750126500005, 24.834866189000024], [86.42568601200009, 24.834988705000058], [86.42404894700007, 24.835390940000025], [86.42048272600005, 24.83574866600003], [86.41946409600007, 24.836561474000064], [86.41827685200008, 24.836318085000073], [86.41658018700008, 24.836354739000058], [86.41485907100008, 24.837032229000044], [86.41389965600007, 24.83770504000006], [86.41317770700005, 24.838486119000038], [86.41270818300006, 24.839592149000055], [86.41198618000004, 24.840287518000025], [86.41063098600006, 24.840987443000074], [86.40841992600008, 24.84106472700006], [86.40894466800006, 24.84257677000005], [86.40880650400004, 24.84365556700004], [86.40839621600009, 24.844802248000065], [86.40773359000008, 24.845605806000037], [86.40737757900007, 24.846350736000034], [86.40720975400006, 24.847655252000038], [86.40636902500006, 24.84857171500005], [86.40449422000006, 24.848861034000038], [86.40210989700006, 24.849570132000053], [86.40106131700009, 24.850297053000077], [86.40075967300004, 24.850879452000072], [86.40083919900007, 24.85261723700006], [86.39981542100008, 24.85375947400007], [86.39861843600005, 24.85484751100006], [86.39710981700006, 24.856070928000065], [86.39620461700008, 24.856824952000068], [86.39597729100007, 24.85837317100004], [86.39471091300004, 24.859515377000037], [86.39423609600004, 24.860097747000054], [86.39166852000005, 24.86097378100004], [86.39115899400008, 24.861587712000073], [86.39014497800008, 24.863199273000077], [86.38983358900003, 24.865244073000042], [86.39056598900004, 24.86637249300003], [86.39097690800008, 24.868272743000034], [86.39008156100004, 24.869830173000025], [86.38881998700003, 24.871058008000034], [86.38795922600008, 24.87255215500005], [86.38636620300008, 24.873947120000025], [86.38343709800006, 24.874768843000027], [86.38286309400007, 24.875048676000063], [86.38156678100006, 24.875974143000064], [86.37995875400009, 24.875595058000044], [86.37841488900006, 24.875608643000078], [86.37719772300005, 24.875233927000068], [86.37604981900006, 24.87532429500004], [86.37542635000005, 24.87695830800004], [86.37321462700004, 24.876782220000052], [86.37252180900003, 24.876980848000073], [86.37070101600006, 24.876885990000062], [86.36898395600008, 24.877477240000076], [86.36805370600007, 24.878339378000078], [86.36684140900007, 24.878596549000065], [86.36532723200008, 24.878804141000046], [86.36706892600006, 24.880004937000024], [86.36828120400008, 24.880244193000067], [86.37093841600006, 24.879449842000042], [86.37214078300008, 24.878750253000078], [86.37344215100006, 24.87865551400006], [86.37408546500006, 24.878930843000035], [86.37463965800004, 24.879946430000075], [86.37495133800007, 24.88107045000004], [86.37611922200006, 24.88313325400003], [86.37675254500004, 24.883074562000047], [86.37720777000004, 24.882686405000072], [86.37734629600004, 24.881413484000063], [86.37715327400008, 24.880285026000024], [86.37714833200005, 24.879400283000052], [86.37771244200007, 24.878456825000058], [86.37834575400007, 24.878091255000072], [86.37873662500004, 24.878118322000034], [86.37940962400006, 24.878389084000048], [86.37998854800009, 24.879269272000045], [86.38045868800003, 24.88047897900003], [86.38106742100007, 24.881110960000058], [86.38201250300006, 24.881629967000038], [86.38336830800006, 24.881467374000067], [86.38466470900005, 24.880876040000032], [86.38544146300006, 24.879738436000025], [86.38615878600007, 24.878352628000073], [86.38721261600006, 24.877156365000076], [86.38778166900005, 24.876795257000026], [86.38832592700004, 24.87679070100006], [86.38872180600004, 24.87709307500006], [86.38903359900007, 24.877670782000052], [86.38856375400007, 24.879774375000068], [86.38871725300004, 24.880189624000025], [86.38923674300008, 24.880320451000046], [86.39023131400006, 24.87976063800005], [86.39133443400004, 24.87784212500003], [86.39226455700003, 24.876704490000066], [86.39280379000007, 24.876262120000035], [86.39334808800004, 24.876225936000026], [86.39557499900008, 24.87786865700008], [86.39620829500006, 24.87789116400006], [86.39883056600007, 24.876464397000063], [86.39994367800006, 24.87557042900005], [86.40118553700006, 24.87514598200005], [86.40227407100008, 24.875163775000033], [86.40354563400007, 24.874960445000056], [86.40468848300009, 24.874260573000072], [86.40623219000008, 24.874219638000056], [86.40833508000009, 24.87403410400003], [86.40900317400008, 24.87463881900004], [86.41164144700008, 24.877874632000044], [86.41291815600005, 24.878194817000065], [86.41618377900005, 24.87778770600005], [86.41835065000004, 24.876884351000058], [86.42034962200006, 24.876757347000023], [86.42090391200009, 24.877086688000077], [86.42176033100003, 24.878183270000022], [86.42152323300007, 24.879068050000058], [86.42026174600005, 24.88002087700005], [86.41996512300005, 24.88051748600003], [86.42150491700005, 24.88304933200004], [86.42161088500006, 24.88840277500003], [86.42242864300005, 24.89154862500004], [86.42342894300003, 24.893164304000038], [86.42416158500004, 24.893850129000043], [86.42492374100004, 24.893904021000026], [86.42585386400003, 24.893393660000072], [86.42676925900008, 24.893194743000038], [86.42873385500008, 24.892959317000077], [86.42991649600003, 24.892918262000023], [86.43145541300004, 24.89252497800004], [86.43474571900003, 24.89149911800007], [86.43734344400008, 24.890816409000024], [86.44100514700006, 24.890372547000027], [86.44370211400008, 24.890321640000025], [86.44418191400007, 24.88993326700006], [86.44469996700008, 24.887193070000023], [86.44462001300008, 24.88582541900007], [86.44531632300004, 24.883378565000044], [86.44596386000006, 24.882222716000058], [86.44748715900005, 24.880867814000055], [86.44967381500004, 24.880140033000032], [86.45456219600004, 24.879446896000047], [86.45663527400006, 24.879238083000075]]]]}}, {"type": "Feature", "properties": {"OBJECTID": 4932, "GPCODE": "93531", "GPNAME_1": "KARMA", "DIST_CEN_C": "37", "BLK_NAME": "JHAJHA", "ST_NAME": "BIHAR", "ST_CODE_1": "10", "GPCODE2011": "96085", "REMARKS": "FINALIZED", "MAP_STATUS": "COMPLETED", "BLK_C_2001": "370006", "BLK_C_2011": "01530", "DIST_NAME": "JAMUI", "code2011": 0.0, "Shape_Leng": 0.29907861339, "Shape_Area": 0.00259990191, "Area": 29.0802}, "geometry": {"type": "MultiPolygon", "coordinates": [[[[86.51907209200004, 24.893255973000066], [86.52004232400003, 24.892863877000025], [86.52072511000006, 24.893026906000046], [86.52360644300006, 24.89149414600007], [86.52504749700006, 24.890353154000024], [86.52626558600008, 24.88941962100006], [86.52674602200005, 24.888855671000044], [86.52651035500008, 24.886463185000025], [86.52553711900003, 24.88446286100003], [86.52672610400003, 24.88267164100006], [86.52675672900006, 24.88150713300007], [86.52962404600004, 24.878489156000057], [86.53022332200004, 24.87774027100005], [86.53156032000004, 24.876319298000055], [86.53297116300007, 24.875399291000065], [86.53304616300005, 24.874397308000027], [86.53258174300004, 24.873385901000063], [86.53231561000007, 24.872072208000077], [86.53262772600004, 24.871453979000023], [86.53338019000006, 24.87088567400008], [86.53483082200006, 24.86959560400004], [86.53538064100007, 24.86873377300003], [86.53546184200007, 24.865912683000033], [86.53516106200004, 24.86453576200006], [86.53478144900004, 24.86259005900007], [86.53525795400003, 24.86045078500007], [86.53547193300005, 24.858726558000058], [86.53526524900008, 24.85709239600004], [86.53520191500007, 24.855805961000044], [86.53411536500005, 24.85326396800008], [86.53425454700005, 24.85223944200004], [86.53482426900007, 24.851142862000074], [86.53568573500007, 24.850186446000066], [86.53548353600007, 24.849265494000065], [86.53430725700008, 24.847748144000036], [86.53407545100004, 24.846872311000027], [86.53341862900004, 24.84535074400003], [86.53149945600006, 24.845092203000036], [86.52729467800003, 24.845035402000065], [86.52332741900005, 24.84502364800005], [86.52074516500005, 24.845076117000076], [86.51963724100005, 24.84489926400005], [86.51973341000007, 24.848180935000073], [86.51954816800009, 24.850753719000068], [86.51957562300004, 24.853475566000043], [86.52002079900006, 24.85349850500006], [86.52135667300007, 24.853391092000038], [86.52320678900008, 24.85343749200007], [86.52432975400006, 24.85353304800003], [86.52455707100006, 24.85375890200004], [86.52463070900006, 24.854494716000033], [86.52454103700006, 24.855334201000062], [86.52355155700008, 24.855333548000033], [86.52315061500008, 24.85564475900003], [86.52203160000005, 24.856844683000077], [86.52143764200008, 24.857092532000024], [86.52077480600008, 24.857074002000047], [86.51841476300007, 24.857216746000063], [86.51647593400008, 24.856651127000077], [86.51517034900007, 24.85615367300005], [86.51443351400007, 24.85581909600006], [86.51312751200004, 24.855741331000047], [86.51153966400005, 24.855487354000047], [86.51009040200006, 24.855147705000036], [86.50914112100008, 24.854600794000078], [86.50820628000008, 24.854324767000037], [86.50672682500004, 24.854666671000075], [86.50560391100004, 24.854561954000076], [86.50323955800008, 24.854189856000062], [86.50002443800008, 24.853627497000048], [86.50057952400005, 24.852567246000035], [86.50004096000004, 24.851894233000053], [86.49910186900007, 24.85104031700007], [86.49783626300007, 24.850276359000077], [86.49761839300004, 24.85046579400006], [86.49654374500005, 24.850805209000043], [86.49595080400007, 24.85151886600005], [86.49661923800005, 24.85219997200005], [86.49644193800003, 24.852971978000028], [86.49555231300008, 24.85385285500007], [86.49485990000005, 24.853997933000073], [86.49372195700005, 24.853949150000062], [86.49300514500004, 24.854450791000033], [86.49176807700007, 24.85418544600003], [86.49111527200006, 24.854352895000034], [86.49030962400008, 24.855161550000048], [86.48973578600004, 24.855274800000075], [86.48920186600003, 24.855636392000065], [86.48896505300007, 24.856290991000037], [86.48798088800004, 24.85665741100007], [86.48792701200006, 24.857316481000055], [86.48768982700005, 24.857591958000057], [86.48678963800006, 24.857845448000035], [86.48626669100008, 24.859434747000023], [86.48564421200007, 24.860509474000025], [86.48678458400008, 24.863131244000044], [86.48667118100008, 24.863627853000025], [86.48680097100004, 24.864909648000037], [86.48768282300006, 24.86616388300007], [86.48858858600005, 24.866569448000064], [86.48773417000007, 24.868222170000024], [86.48732470500005, 24.869508936000045], [86.48730058100006, 24.87024923200005], [86.48718723900004, 24.870687134000036], [86.48756489300007, 24.87252398000004], [86.48679420900004, 24.873815511000032], [86.48539498800005, 24.874895408000043], [86.48496085800008, 24.87638078300006], [86.48450297600004, 24.878958469000054], [86.48412813400006, 24.880358037000065], [86.48294579000003, 24.880656894000026], [86.48144142600006, 24.880450331000077], [86.47957048600006, 24.879946088000054], [86.47845663500004, 24.87932388200005], [86.47741814700004, 24.88005135800006], [86.47675538300007, 24.88035877300007], [86.47522670100005, 24.880725460000065], [86.47336097300007, 24.880496471000072], [86.47161926400008, 24.880565269000044], [86.47015009400008, 24.88104469700005], [86.46895311400004, 24.881659323000065], [86.46668239500008, 24.882441680000056], [86.46596519100007, 24.882830304000038], [86.46507032900007, 24.883823903000064], [86.46399151000008, 24.883698137000067], [86.46375444600005, 24.88441148900006], [86.46298313200003, 24.885319172000038], [86.46202330300008, 24.88546423100007], [86.46200408000004, 24.886240617000055], [86.46193857300005, 24.891557961000046], [86.46183316800006, 24.896514241000034], [86.46164672500004, 24.898816430000068], [86.46083748900008, 24.902193220000072], [86.46061643500008, 24.904581172000064], [86.46108247800004, 24.905736457000046], [86.46198315200007, 24.905591491000052], [86.46284892500006, 24.905094476000045], [86.46476870800007, 24.90444789600008], [86.46561010600004, 24.904546653000068], [86.46585290000007, 24.904961779000075], [86.46623030200004, 24.906681341000024], [86.46773520500005, 24.90702350600003], [86.46896749500007, 24.906932433000065], [86.47090649300009, 24.905518334000078], [86.47264842900006, 24.905286988000057], [86.47453916900008, 24.905515963000028], [86.47526698100006, 24.905840512000054], [86.47535635000008, 24.90622409200006], [86.47646445900006, 24.905582379000066], [86.47666662000006, 24.904706533000024], [86.47647783500008, 24.903772349000064], [86.47504033600006, 24.90101988500004], [86.47527207100006, 24.90003119900007], [86.47529610600003, 24.90002972900004], [86.47788505200003, 24.899871349000023], [86.47876964700004, 24.898331539000026], [86.47913897200004, 24.896191759000033], [86.47987463700008, 24.89421418300003], [86.48106640500004, 24.893188682000073], [86.48256038900007, 24.89259632900007], [86.48487128600004, 24.892445630000054], [86.48694997500007, 24.892674293000027], [86.48802899800006, 24.892993974000035], [86.48919830500006, 24.894514241000024], [86.49099190300007, 24.896747247000064], [86.49279009200006, 24.89854230000003], [86.49297400400008, 24.899417880000044], [86.49244582100005, 24.900817549000067], [86.49260502500005, 24.901666059000036], [86.49330377700005, 24.902672133000067], [86.49221152800004, 24.90427089600007], [86.49027068200007, 24.908677918000024], [86.49584210900008, 24.90721101300005], [86.49764486000004, 24.90713726900003], [86.49805128900005, 24.906550824000078], [86.49875461300007, 24.906036847000053], [86.50261608000005, 24.904956742000024], [86.50575495100009, 24.903799260000028], [86.50847334400004, 24.90242471700003], [86.50967177800004, 24.901545424000062], [86.51010291400007, 24.900963431000037], [86.51020280100005, 24.899934347000055], [86.51149531000004, 24.899010060000023], [86.51440643900008, 24.89767160100007], [86.51579314800006, 24.89657575900003], [86.51772977300004, 24.89460008800006], [86.51907209200004, 24.893255973000066]]]]}}, {"type": "Feature", "properties": {"OBJECTID": 4954, "GPCODE": "93520", "GPNAME_1": "BARAJOR", "DIST_CEN_C": "37", "BLK_NAME": "JHAJHA", "ST_NAME": "BIHAR", "ST_CODE_1": "10", "GPCODE2011": "96074", "REMARKS": "FINALIZED", "MAP_STATUS": "COMPLETED", "BLK_C_2001": "370006", "BLK_C_2011": "01530", "DIST_NAME": "JAMUI", "code2011": 0.0, "Shape_Leng": 0.20480475127, "Shape_Area": 0.0013268054, "Area": 14.8503}, "geometry": {"type": "MultiPolygon", "coordinates": [[[[86.38992503900005, 24.768461439000077], [86.39005844100006, 24.767242657000054], [86.39026093700005, 24.765753017000065], [86.38552480300007, 24.765347141000063], [86.38163911800007, 24.764467168000067], [86.37889047300007, 24.763799214000073], [86.37860871800007, 24.764733548000038], [86.38096699700003, 24.768150586000047], [86.38376017400003, 24.768434763000073], [86.38574758400006, 24.768425652000076], [86.38750265900006, 24.768723438000052], [86.38882780900008, 24.770790746000046], [86.39034733700004, 24.77050790800007], [86.39005372600008, 24.769431870000062], [86.38992503900005, 24.768461439000077]]], [[[86.40023294800005, 24.816118007000057], [86.40074201800007, 24.81492171000008], [86.40049458600004, 24.81395576500006], [86.40065761000005, 24.81315230900003], [86.40110263900004, 24.81262864300004], [86.40137927800004, 24.811653577000072], [86.40255109500004, 24.81032627600007], [86.40396519900008, 24.809256161000064], [86.40454363300006, 24.808606035000025], [86.40486487100009, 24.807414383000037], [86.40559658600006, 24.80684995300004], [86.40642236100007, 24.806732442000055], [86.40739669300007, 24.80689923500006], [86.40820775800006, 24.80704349900003], [86.40844514400004, 24.80732328600004], [86.40880120100007, 24.807296145000066], [86.40940425200006, 24.806275888000073], [86.40944342200004, 24.80498037900003], [86.40836507800003, 24.803883726000038], [86.40802862800007, 24.803283478000026], [86.40787511900004, 24.80250707400006], [86.40632699700006, 24.801261552000028], [86.40599055500007, 24.80062065800007], [86.40598549200007, 24.799907481000048], [86.40651926700008, 24.79890531500007], [86.40795285100006, 24.797275410000054], [86.40904509700005, 24.79527556200003], [86.40920313200007, 24.794499114000075], [86.40884205000003, 24.79393490900003], [86.40702689200003, 24.792508987000076], [86.40643339300004, 24.792035068000075], [86.40610661600005, 24.790437272000077], [86.40572058000004, 24.78901546700007], [86.40509238200008, 24.787850976000072], [86.40417733100008, 24.786691113000074], [86.40269863300006, 24.785296604000052], [86.40162543200006, 24.78405546600004], [86.40091794800009, 24.782114598000078], [86.40061114400004, 24.78101324000005], [86.40029454300009, 24.780128581000042], [86.39967639600007, 24.779614098000025], [86.39879636500007, 24.779429159000074], [86.39709560000006, 24.779826597000067], [86.39550852800005, 24.77997130500006], [86.39405046000007, 24.783050003000028], [86.39309158500004, 24.784657069000048], [86.39129206400008, 24.786941299000034], [86.39016488900006, 24.788011222000023], [86.38824648500008, 24.788133268000024], [86.38762835900008, 24.788006903000053], [86.38722285200004, 24.78756005500003], [86.38668380100006, 24.786138280000046], [86.38651557900005, 24.785682343000076], [86.38563049400005, 24.784910498000045], [86.38527452400007, 24.784698438000078], [86.38356865300005, 24.784432219000053], [86.38138823000008, 24.784572215000026], [86.38077511600005, 24.78498749700003], [86.38021152100004, 24.785619507000035], [86.37986538900003, 24.786422963000064], [86.37939572100004, 24.786820232000025], [86.37838205500003, 24.78691053800003], [86.37538567600006, 24.78596264400005], [86.37314098600007, 24.78632377400004], [86.37139551700005, 24.786946615000033], [86.36929406700006, 24.788106663000065], [86.36787991100005, 24.78857146400003], [86.36713826900007, 24.788512783000044], [86.36703451100004, 24.78725793600006], [86.36693075400007, 24.785836009000036], [86.36644621200008, 24.785163457000067], [86.36535353500005, 24.78448172000003], [86.36478500600003, 24.784206320000067], [86.36376642700003, 24.784301065000022], [86.36332137200003, 24.78510450600004], [86.36327680200003, 24.785578461000057], [86.36352884400009, 24.787113244000068], [86.36335079000008, 24.788128870000037], [86.36247048800004, 24.789640973000076], [86.36195111100005, 24.791459991000067], [86.36098187900006, 24.792791530000045], [86.36113998200005, 24.79433977000008], [86.36057605800005, 24.796118224000054], [86.35966600400008, 24.797761193000042], [86.35904781500005, 24.798474344000056], [86.36002189800007, 24.799314086000038], [86.36113942600008, 24.79925998600004], [86.36303824400005, 24.799688986000035], [86.36347820800006, 24.801016125000046], [86.36326047600005, 24.80344907500006], [86.36342839000008, 24.80606719800005], [86.36384351200007, 24.80907350800004], [86.36293840200005, 24.81093763800004], [86.36275038600007, 24.812052546000075], [86.36263657800004, 24.812639385000068], [86.36316065700004, 24.814065803000062], [86.36373419800003, 24.815930036000054], [86.36413971400003, 24.816187377000062], [86.36590034000005, 24.81606561700005], [86.36679057200007, 24.81566394500004], [86.36769566400005, 24.81451298500008], [86.36783424600009, 24.813853976000075], [86.36850680400005, 24.81400296700008], [86.36960964600007, 24.813641896000036], [86.37119229200005, 24.812951267000074], [86.37247809600007, 24.81296939400005], [86.37547506000004, 24.81178227500004], [86.37670650600006, 24.812229110000033], [86.37797249600004, 24.813253705000022], [86.37871933400004, 24.813538091000055], [86.37960957000007, 24.813641908000022], [86.38127118900007, 24.813497433000066], [86.38219601600008, 24.813736563000077], [86.38281916200003, 24.813894540000035], [86.38353635800007, 24.814756656000043], [86.38401119100007, 24.815140281000026], [86.38491130700004, 24.815135745000077], [86.38642960700008, 24.81512210900007], [86.38690430400004, 24.815009195000073], [86.38742361000004, 24.815054323000027], [86.38825947500004, 24.815388244000076], [86.38965914600004, 24.815618357000062], [86.39138509500003, 24.81543314000004], [86.39316554000004, 24.815505157000075], [86.39387278200007, 24.815717203000077], [86.39530715100005, 24.81643923100006], [86.39642991400007, 24.817395986000065], [86.39721636600007, 24.817693847000044], [86.39790381900008, 24.817842647000077], [86.39868520800007, 24.817558193000025], [86.40023294800005, 24.816118007000057]]]]}}, {"type": "Feature", "properties": {"OBJECTID": 4955, "GPCODE": "93524", "GPNAME_1": "CHHAPA", "DIST_CEN_C": "37", "BLK_NAME": "JHAJHA", "ST_NAME": "BIHAR", "ST_CODE_1": "10", "GPCODE2011": "96078", "REMARKS": "FINALIZED", "MAP_STATUS": "COMPLETED", "BLK_C_2001": "370006", "BLK_C_2011": "01530", "DIST_NAME": "JAMUI", "code2011": 0.0, "Shape_Leng": 0.2975233001, "Shape_Area": 0.00186100127, "Area": 20.8249}, "geometry": {"type": "MultiPolygon", "coordinates": [[[[86.37234406100004, 24.852903841000057], [86.37455042800008, 24.852502064000078], [86.37603952400008, 24.852745852000055], [86.37711801500006, 24.85306179500003], [86.37771658300005, 24.851856562000023], [86.37782530300007, 24.851021483000068], [86.37929948700008, 24.850082593000025], [86.37997231500003, 24.849157194000043], [86.37975457500005, 24.848705884000026], [86.38055101500004, 24.84833567000004], [86.38189162900005, 24.84809186800004], [86.38365268600006, 24.847992485000077], [86.38546323800006, 24.847915639000064], [86.38689287900007, 24.847563421000075], [86.38851042800007, 24.846777932000066], [86.39041500800005, 24.846827349000023], [86.39206227200003, 24.846556381000028], [86.39369954700004, 24.846028052000065], [86.39533680000005, 24.845197253000038], [86.39678597400007, 24.844204022000042], [86.39944189100004, 24.841802182000038], [86.40026300900007, 24.84127850400006], [86.40376519300008, 24.841214663000073], [86.40841992600008, 24.84106472700006], [86.41063098600006, 24.840987443000074], [86.41198618000004, 24.840287518000025], [86.41270818300006, 24.839592149000055], [86.41317770700005, 24.838486119000038], [86.41389965600007, 24.83770504000006], [86.41334033300006, 24.836328442000024], [86.41286454700008, 24.833548061000045], [86.41309174400004, 24.832491726000057], [86.41317042200006, 24.83101119400004], [86.41348667500006, 24.829896138000038], [86.41425289200004, 24.828704225000024], [86.41463822300005, 24.827223566000043], [86.41496897600007, 24.825287065000055], [86.41564117000007, 24.824041084000044], [86.41694143700005, 24.822334458000057], [86.41509598700009, 24.820420995000063], [86.41349817800005, 24.81942384900003], [86.41243967300005, 24.819166867000035], [86.41036748700003, 24.819316296000068], [86.40839416700004, 24.819547018000037], [86.40693983100005, 24.818418791000056], [86.40452113600008, 24.817385606000073], [86.40387262900003, 24.81501600300004], [86.40391693200007, 24.81418088600003], [86.40467829300007, 24.813165140000024], [86.40544482700005, 24.812808371000074], [86.40717557100004, 24.812487490000024], [86.40939125400007, 24.812775871000042], [86.41059816200004, 24.81329469700006], [86.41242283900004, 24.812531465000063], [86.41438074300004, 24.811199316000057], [86.41600752700003, 24.810174247000077], [86.41759472100006, 24.809501187000023], [86.41869224500005, 24.808444654000027], [86.41979486300005, 24.80803806800003], [86.42115020600005, 24.80877337800007], [86.42264878600008, 24.809287527000038], [86.42396499100005, 24.811079181000025], [86.42435077300007, 24.811250563000044], [86.42651169300007, 24.810667514000045], [86.42809375900003, 24.809511378000025], [86.42871677500005, 24.809371233000036], [86.43015045400006, 24.808264847000032], [86.43279076700009, 24.807320464000043], [86.43403654100007, 24.806430705000025], [86.43494112200005, 24.805459876000043], [86.43541029800008, 24.80417774400007], [86.43592907900006, 24.80333792400006], [86.43669041300006, 24.802904257000023], [86.43299998000003, 24.800030367000033], [86.42917620600008, 24.79712932800004], [86.42471918900009, 24.792973583000048], [86.42366571200006, 24.79236903900005], [86.42276044300007, 24.791398902000026], [86.42206787000003, 24.79038792500006], [86.42166679700006, 24.788884943000028], [86.42172032600007, 24.78686722200007], [86.42148745900005, 24.785386725000023], [86.42084941500008, 24.784949090000055], [86.42036492700004, 24.78517044000006], [86.41848662900009, 24.78673724300006], [86.41551568100004, 24.788819018000027], [86.41416108800007, 24.789428763000046], [86.41241995300004, 24.787226437000072], [86.41176219600004, 24.78689704100003], [86.41110966100007, 24.787168015000077], [86.41092187600003, 24.78763301400005], [86.41049201900006, 24.788549416000023], [86.40864267000006, 24.788297084000078], [86.40648182600006, 24.787891324000043], [86.40509238200008, 24.787850976000072], [86.40572058000004, 24.78901546700007], [86.40610661600005, 24.790437272000077], [86.40643339300004, 24.792035068000075], [86.40702689200003, 24.792508987000076], [86.40884205000003, 24.79393490900003], [86.40920313200007, 24.794499114000075], [86.40904509700005, 24.79527556200003], [86.40795285100006, 24.797275410000054], [86.40651926700008, 24.79890531500007], [86.40598549200007, 24.799907481000048], [86.40599055500007, 24.80062065800007], [86.40632699700006, 24.801261552000028], [86.40787511900004, 24.80250707400006], [86.40802862800007, 24.803283478000026], [86.40836507800003, 24.803883726000038], [86.40944342200004, 24.80498037900003], [86.40940425200006, 24.806275888000073], [86.40880120100007, 24.807296145000066], [86.40844514400004, 24.80732328600004], [86.40820775800006, 24.80704349900003], [86.40739669300007, 24.80689923500006], [86.40642236100007, 24.806732442000055], [86.40559658600006, 24.80684995300004], [86.40486487100009, 24.807414383000037], [86.40454363300006, 24.808606035000025], [86.40396519900008, 24.809256161000064], [86.40255109500004, 24.81032627600007], [86.40137927800004, 24.811653577000072], [86.40110263900004, 24.81262864300004], [86.40065761000005, 24.81315230900003], [86.40049458600004, 24.81395576500006], [86.40074201800007, 24.81492171000008], [86.40023294800005, 24.816118007000057], [86.39868520800007, 24.817558193000025], [86.39790381900008, 24.817842647000077], [86.39721636600007, 24.817693847000044], [86.39642991400007, 24.817395986000065], [86.39530715100005, 24.81643923100006], [86.39387278200007, 24.815717203000077], [86.39316554000004, 24.815505157000075], [86.39138509500003, 24.81543314000004], [86.38965914600004, 24.815618357000062], [86.38825947500004, 24.815388244000076], [86.38827938800006, 24.816182724000043], [86.38857636700004, 24.818335811000054], [86.39047549000009, 24.81840783000007], [86.39037189600003, 24.820064475000038], [86.38835900500004, 24.82085458100005], [86.38748364000008, 24.821355751000056], [86.38683088700003, 24.822217889000058], [86.38673198800007, 24.82285887100005], [86.38634631100007, 24.822949206000033], [86.38477843300006, 24.822655891000068], [86.38396230000006, 24.822705607000046], [86.38239950600007, 24.82337830800003], [86.38199887300004, 24.82381612300003], [86.38204838500008, 24.824457135000046], [86.38036674500006, 24.824357861000067], [86.37908577400003, 24.824010324000028], [86.37732491800006, 24.82356806400003], [86.37490143300005, 24.825125379000042], [86.37310611200007, 24.82617252400007], [86.37107323800006, 24.827526655000042], [86.36998997300003, 24.82788775100005], [86.37080115600008, 24.829621143000054], [86.37128579900008, 24.831607249000058], [86.36917373200004, 24.832017913000072], [86.36576075400006, 24.833385433000046], [86.36406898900003, 24.834649268000078], [86.36241676600008, 24.835827222000034], [86.36085360700008, 24.836607986000047], [86.36018583500004, 24.836829129000023], [86.35866722700007, 24.837172052000028], [86.35706445700004, 24.837934688000075], [86.35670337600004, 24.838349881000056], [86.35647561400003, 24.839514508000036], [86.35711836400003, 24.841572921000022], [86.35975998300006, 24.841072136000037], [86.36008632600004, 24.842078739000044], [86.35818677500004, 24.84262470400006], [86.35841911800009, 24.843870636000077], [86.35946751800003, 24.845974158000047], [86.36071400700007, 24.847590308000065], [86.36236610600008, 24.849161249000076], [86.36307843700007, 24.849711987000035], [86.36332070800006, 24.850677998000037], [86.36474051000005, 24.85120176500004], [86.36549732000003, 24.851820142000065], [86.36585347800008, 24.852542405000065], [86.36632832900005, 24.85301639200003], [86.36720395600008, 24.853219589000048], [86.36854960500006, 24.853919263000023], [86.37044927900007, 24.85347703000008], [86.37234406100004, 24.852903841000057]]]]}}, {"type": "Feature", "properties": {"OBJECTID": 4957, "GPCODE": "93525", "GPNAME_1": "DHAMNA", "DIST_CEN_C": "37", "BLK_NAME": "JHAJHA", "ST_NAME": "BIHAR", "ST_CODE_1": "10", "GPCODE2011": "96079", "REMARKS": "FINALIZED", "MAP_STATUS": "COMPLETED", "BLK_C_2001": "370006", "BLK_C_2011": "01530", "DIST_NAME": "JAMUI", "code2011": 0.0, "Shape_Leng": 0.21634211492, "Shape_Area": 0.00168809809, "Area": 18.8848}, "geometry": {"type": "MultiPolygon", "coordinates": [[[[86.35289264700003, 24.878784713000073], [86.35588135900008, 24.87858656800006], [86.35934004500007, 24.87878101700005], [86.36090363400007, 24.878510351000045], [86.36298690700005, 24.878018550000036], [86.36393192500003, 24.87818564300005], [86.36532723200008, 24.878804141000046], [86.36684140900007, 24.878596549000065], [86.36805370600007, 24.878339378000078], [86.36898395600008, 24.877477240000076], [86.37070101600006, 24.876885990000062], [86.37252180900003, 24.876980848000073], [86.37321462700004, 24.876782220000052], [86.37542635000005, 24.87695830800004], [86.37604981900006, 24.87532429500004], [86.37719772300005, 24.875233927000068], [86.37841488900006, 24.875608643000078], [86.37995875400009, 24.875595058000044], [86.38156678100006, 24.875974143000064], [86.38286309400007, 24.875048676000063], [86.38343709800006, 24.874768843000027], [86.38636620300008, 24.873947120000025], [86.38795922600008, 24.87255215500005], [86.38881998700003, 24.871058008000034], [86.39008156100004, 24.869830173000025], [86.39097690800008, 24.868272743000034], [86.39056598900004, 24.86637249300003], [86.38983358900003, 24.865244073000042], [86.39014497800008, 24.863199273000077], [86.39115899400008, 24.861587712000073], [86.39166852000005, 24.86097378100004], [86.39423609600004, 24.860097747000054], [86.39471091300004, 24.859515377000037], [86.39597729100007, 24.85837317100004], [86.39620461700008, 24.856824952000068], [86.39710981700006, 24.856070928000065], [86.39861843600005, 24.85484751100006], [86.39981542100008, 24.85375947400007], [86.40083919900007, 24.85261723700006], [86.40075967300004, 24.850879452000072], [86.40106131700009, 24.850297053000077], [86.40210989700006, 24.849570132000053], [86.40449422000006, 24.848861034000038], [86.40636902500006, 24.84857171500005], [86.40720975400006, 24.847655252000038], [86.40737757900007, 24.846350736000034], [86.40773359000008, 24.845605806000037], [86.40839621600009, 24.844802248000065], [86.40880650400004, 24.84365556700004], [86.40894466800006, 24.84257677000005], [86.40841992600008, 24.84106472700006], [86.40376519300008, 24.841214663000073], [86.40026300900007, 24.84127850400006], [86.39944189100004, 24.841802182000038], [86.39678597400007, 24.844204022000042], [86.39533680000005, 24.845197253000038], [86.39369954700004, 24.846028052000065], [86.39206227200003, 24.846556381000028], [86.39041500800005, 24.846827349000023], [86.38851042800007, 24.846777932000066], [86.38689287900007, 24.847563421000075], [86.38546323800006, 24.847915639000064], [86.38365268600006, 24.847992485000077], [86.38189162900005, 24.84809186800004], [86.38055101500004, 24.84833567000004], [86.37975457500005, 24.848705884000026], [86.37997231500003, 24.849157194000043], [86.37929948700008, 24.850082593000025], [86.37782530300007, 24.851021483000068], [86.37771658300005, 24.851856562000023], [86.37711801500006, 24.85306179500003], [86.37603952400008, 24.852745852000055], [86.37455042800008, 24.852502064000078], [86.37234406100004, 24.852903841000057], [86.37044927900007, 24.85347703000008], [86.36854960500006, 24.853919263000023], [86.36720395600008, 24.853219589000048], [86.36632832900005, 24.85301639200003], [86.36585347800008, 24.852542405000065], [86.36549732000003, 24.851820142000065], [86.36474051000005, 24.85120176500004], [86.36332070800006, 24.850677998000037], [86.36307843700007, 24.849711987000035], [86.36236610600008, 24.849161249000076], [86.36071400700007, 24.847590308000065], [86.35946751800003, 24.845974158000047], [86.35841911800009, 24.843870636000077], [86.35818677500004, 24.84262470400006], [86.36008632600004, 24.842078739000044], [86.35975998300006, 24.841072136000037], [86.35711836400003, 24.841572921000022], [86.35555522900006, 24.841739695000058], [86.35442214700004, 24.843969394000055], [86.35249770500008, 24.844795169000065], [86.35084034300007, 24.845530675000077], [86.35007364800003, 24.84562535300006], [86.34927707900005, 24.84602692900006], [86.34877741300005, 24.846469183000067], [86.34828253900008, 24.847439646000055], [86.34754039400008, 24.847972135000077], [86.34705076500006, 24.847385260000067], [86.34656599000004, 24.847060084000077], [86.34512159000008, 24.846671617000027], [86.34437457800004, 24.84700551700007], [86.34416657900005, 24.847777375000078], [86.34375595400007, 24.848260276000076], [86.34328091400005, 24.84850843600003], [86.34273173300005, 24.849104112000077], [86.34182123300008, 24.849753892000024], [86.34050035600006, 24.85009218600004], [86.34055441900006, 24.85147797600007], [86.34024759900007, 24.851852560000054], [86.33731370400005, 24.85261915800004], [86.33594802100004, 24.853769828000054], [86.33412725800008, 24.854532217000042], [86.33324645100004, 24.855154920000075], [86.33279585200006, 24.856278692000046], [86.33273624100008, 24.857073099000047], [86.33445200600005, 24.85984964900007], [86.33552499800004, 24.861754818000065], [86.33632084000004, 24.86427375900007], [86.33768568900007, 24.86635049700004], [86.33931309700006, 24.867854032000025], [86.34037162100003, 24.86873898700003], [86.34266214200005, 24.869917593000025], [86.34282506400007, 24.871420724000075], [86.34280438400003, 24.874697870000034], [86.34311558200005, 24.87695930900003], [86.34360491600006, 24.87898617700006], [86.34555430400007, 24.879708787000027], [86.34702880800006, 24.880038611000032], [86.34901802600007, 24.880025455000066], [86.35058173600004, 24.879493084000046], [86.35289264700003, 24.878784713000073]]]]}}, {"type": "Feature", "properties": {"OBJECTID": 4994, "GPCODE": "370621", "GPNAME_1": "JHAJHA - Nagar Panchayat", "DIST_CEN_C": "37", "BLK_NAME": "JHAJHA", "ST_NAME": "BIHAR", "ST_CODE_1": "10", "GPCODE2011": "801412", "REMARKS": "FINALIZED", "MAP_STATUS": "COMPLETED", "BLK_C_2001": "370006", "BLK_C_2011": "01530", "DIST_NAME": "JAMUI", "code2011": 0.0, "Shape_Leng": 0.16435408944, "Shape_Area": 0.0008288322, "Area": 9.27826}, "geometry": {"type": "MultiPolygon", "coordinates": [[[[86.36376642700003, 24.784301065000022], [86.36478500600003, 24.784206320000067], [86.36535353500005, 24.78448172000003], [86.36644621200008, 24.785163457000067], [86.36693075400007, 24.785836009000036], [86.36703451100004, 24.78725793600006], [86.36713826900007, 24.788512783000044], [86.36787991100005, 24.78857146400003], [86.36929406700006, 24.788106663000065], [86.37139551700005, 24.786946615000033], [86.37314098600007, 24.78632377400004], [86.37538567600006, 24.78596264400005], [86.37838205500003, 24.78691053800003], [86.37939572100004, 24.786820232000025], [86.37986538900003, 24.786422963000064], [86.38021152100004, 24.785619507000035], [86.38077511600005, 24.78498749700003], [86.38138823000008, 24.784572215000026], [86.38356865300005, 24.784432219000053], [86.38527452400007, 24.784698438000078], [86.38563049400005, 24.784910498000045], [86.38651557900005, 24.785682343000076], [86.38668380100006, 24.786138280000046], [86.38722285200004, 24.78756005500003], [86.38762835900008, 24.788006903000053], [86.38824648500008, 24.788133268000024], [86.39016488900006, 24.788011222000023], [86.39129206400008, 24.786941299000034], [86.39309158500004, 24.784657069000048], [86.39405046000007, 24.783050003000028], [86.39550852800005, 24.77997130500006], [86.39709560000006, 24.779826597000067], [86.39879636500007, 24.779429159000074], [86.39967639600007, 24.779614098000025], [86.40033382500008, 24.778878217000056], [86.40118878800007, 24.777189796000073], [86.40110946100003, 24.77603881500005], [86.40092632500006, 24.775018674000023], [86.39960099900009, 24.77332166800005], [86.39932889700003, 24.772748403000037], [86.39927448900005, 24.772328671000025], [86.39995165900007, 24.771750757000063], [86.40237408600007, 24.771353090000048], [86.40591378800008, 24.770905567000057], [86.40673434500007, 24.770544227000073], [86.40743121700007, 24.76972253100007], [86.40747554900008, 24.76923501600004], [86.40706015100005, 24.768770197000038], [86.40654100100005, 24.768463406000023], [86.40559673400008, 24.76829656700005], [86.40266012100005, 24.768297148000045], [86.39989656300008, 24.768428544000074], [86.39667333500006, 24.76891653200005], [86.39309425100004, 24.769919067000046], [86.39149749400008, 24.77046539500003], [86.39035549100004, 24.77053778900006], [86.39034733700004, 24.77050790800007], [86.38882780900008, 24.770790746000046], [86.38750265900006, 24.768723438000052], [86.38574758400006, 24.768425652000076], [86.38376017400003, 24.768434763000073], [86.38096699700003, 24.768150586000047], [86.37860871800007, 24.764733548000038], [86.37889047300007, 24.763799214000073], [86.37607263400008, 24.763465194000048], [86.37604790700004, 24.763465203000067], [86.37408032100006, 24.763632252000036], [86.37248857900005, 24.764422117000038], [86.37048629800006, 24.765807856000038], [86.36891914300008, 24.766954327000064], [86.36781667500009, 24.767644954000048], [86.36665487600004, 24.76806920000007], [86.36459336100006, 24.768177428000058], [86.36259102400004, 24.76907545800003], [86.36379222900007, 24.770930864000036], [86.36392080400003, 24.771328099000073], [86.36436562100005, 24.772276005000037], [86.36422718900008, 24.772939532000066], [86.36398975200007, 24.773521807000066], [86.36334703300008, 24.77435239400006], [86.36107758100007, 24.775476144000038], [86.35865490900005, 24.776247779000073], [86.35681084200007, 24.776306198000043], [86.35521387700004, 24.776536237000073], [86.35483304600007, 24.777159055000027], [86.35456076400004, 24.779244525000024], [86.35354227900007, 24.779695751000077], [86.35267677400003, 24.78076087900007], [86.35250828700003, 24.783248013000048], [86.35192479600005, 24.783518838000077], [86.35168735300005, 24.784137214000054], [86.35160789500009, 24.786177407000025], [86.35088592500006, 24.786800251000045], [86.35157799100006, 24.78750457600006], [86.35319444600003, 24.789797832000033], [86.35407451900005, 24.790547299000025], [86.35529082900007, 24.79066933400003], [86.35689288500004, 24.790922358000046], [86.35753062800006, 24.791315105000024], [86.35889522300005, 24.792452731000026], [86.36098187900006, 24.792791530000045], [86.36195111100005, 24.791459991000067], [86.36247048800004, 24.789640973000076], [86.36335079000008, 24.788128870000037], [86.36352884400009, 24.787113244000068], [86.36327680200003, 24.785578461000057], [86.36332137200003, 24.78510450600004], [86.36376642700003, 24.784301065000022]]]]}}]}