{"type": "FeatureCollection", "features": [{"type": "Feature", "properties": {"OBJECTID": 4501, "GPCODE": "94286", "GPNAME_1": "BHOTTA THANA", "DIST_CEN_C": "08", "BLK_NAME": "POTHIA", "ST_NAME": "BIHAR", "ST_CODE_1": "10", "GPCODE2011": "96840", "REMARKS": "FINALIZED", "MAP_STATUS": "COMPLETED", "BLK_C_2001": "080004", "BLK_C_2011": "01124", "DIST_NAME": "KISHANGANJ", "code2011": 0.0, "Shape_Leng": 0.31915331107, "Shape_Area": 0.00121735939, "Area": 13.4614}, "geometry": {"type": "MultiPolygon", "coordinates": [[[[88.05072778100003, 26.285606749000067], [88.05018772900007, 26.285034560000042], [88.04932214300004, 26.28460997600007], [88.04836927500008, 26.28463302700004], [88.04767587800006, 26.285098921000042], [88.04694046100008, 26.28535839700004], [88.04648626100004, 26.28526452600005], [88.04630185600007, 26.285091522000073], [88.04619229500008, 26.28473215400004], [88.04640467400003, 26.28397828100003], [88.04656161300005, 26.283487897000043], [88.04688482000006, 26.282884653000053], [88.04711944400003, 26.282481564000022], [88.04818379400007, 26.28125361800005], [88.04809646300004, 26.28078881400006], [88.04775674500007, 26.280219831000068], [88.04688388500006, 26.27958325000003], [88.04518249200004, 26.27967093700005], [88.04410864400006, 26.279866123000033], [88.04358493200004, 26.28017290300005], [88.04347893400006, 26.280947827000034], [88.04343256000004, 26.281439790000036], [88.04332645800008, 26.282214718000034], [88.04244709700004, 26.283029388000045], [88.04102621500004, 26.283872036000048], [88.03976898000008, 26.28484600200005], [88.03814620200006, 26.285810953000066], [88.03854087500008, 26.286173519000045], [88.03954807000008, 26.286983337000038], [88.04067322000003, 26.28797860800006], [88.04265890400006, 26.289982575000067], [88.04424691900005, 26.291576304000046], [88.04511546400005, 26.290630630000067], [88.04708274400008, 26.28812976000006], [88.04817651500008, 26.287348697000027], [88.05012911100005, 26.286587745000077], [88.05064445900007, 26.285981496000034], [88.05072778100003, 26.285606749000067]]], [[[88.08882293700003, 26.31607974600007], [88.09086415000007, 26.31548323900006], [88.09266708500007, 26.315032915000074], [88.09405552400005, 26.314291645000026], [88.09519140100008, 26.313474274000043], [88.09612150100008, 26.312533791000078], [88.09686274800004, 26.311736864000068], [88.09748254800007, 26.310589323000045], [88.09833001500004, 26.30969364400005], [88.09834556600003, 26.30871894200004], [88.09788591200004, 26.307283363000067], [88.09758563900004, 26.30603851500007], [88.09799199200006, 26.305486778000045], [88.09800202000008, 26.304491170000063], [88.09801204700005, 26.303495560000044], [88.09746356500006, 26.30377266100004], [88.09709011500007, 26.303930313000023], [88.09659315000005, 26.30395608200007], [88.09644692600006, 26.30406730900006], [88.09634321300007, 26.304245614000024], [88.09662174500005, 26.304404006000027], [88.09687976600009, 26.304839942000058], [88.09631728800008, 26.305042033000063], [88.09576369600006, 26.30538176400006], [88.09578129200008, 26.30565742300007], [88.09609907800007, 26.306201737000038], [88.09548392200008, 26.306233630000065], [88.09538108700008, 26.307199223000055], [88.09517813700006, 26.30762450900005], [88.09456654000007, 26.30765621300003], [88.09397765800009, 26.307444807000024], [88.09353740200004, 26.30715650700006], [88.09359412700007, 26.306842447000065], [88.09353822800006, 26.306568774000027], [88.09329062300003, 26.306278318000068], [88.09312779400005, 26.306281598000055], [88.09045962000005, 26.306717714000058], [88.08890871700004, 26.306662447000065], [88.08730754100009, 26.306493593000027], [88.08555451000007, 26.305964532000075], [88.08355202700005, 26.304557295000052], [88.08157306600003, 26.303516872000046], [88.08078841000008, 26.30334438600005], [88.07942242900003, 26.302778276000026], [88.07894482900008, 26.30229922700005], [88.07939564600008, 26.30177214100007], [88.07947511000003, 26.301264176000075], [88.07819186100005, 26.30042383800003], [88.07649806700005, 26.299571005000075], [88.07350223500003, 26.298751948000074], [88.07209404700006, 26.298287366000068], [88.07135127300006, 26.298325763000037], [88.07070067800004, 26.29805711700004], [88.07126935800005, 26.297624751000058], [88.07193669800006, 26.296985703000075], [88.07200330700005, 26.29627692100007], [88.07185148000008, 26.295646592000026], [88.07118173200007, 26.295076755000025], [88.07056620600008, 26.294772670000043], [88.07073197900007, 26.293877819000045], [88.07068717700008, 26.293173688000024], [88.07101743500004, 26.292205567000053], [88.07177445100007, 26.291786031000072], [88.07226109900006, 26.291380469000046], [88.07230569300003, 26.291133652000042], [88.07242999600004, 26.290719645000024], [88.07191060400004, 26.290610607000076], [88.06962385800006, 26.290674457000023], [88.06813192800007, 26.290914628000053], [88.06687445900008, 26.291522980000025], [88.06606593800007, 26.292081043000053], [88.06541273500005, 26.29271261200006], [88.06469435100007, 26.29326591800003], [88.06452369400006, 26.293899735000025], [88.06481300300004, 26.294183658000065], [88.06533412600004, 26.29431980800007], [88.06559510700004, 26.294632371000034], [88.06592318700007, 26.295050180000032], [88.06604079900006, 26.29547886000006], [88.06604012100007, 26.295940737000024], [88.06672863700004, 26.296339923000062], [88.06672544000008, 26.29648251900005], [88.06505144700003, 26.298382270000047], [88.06333958100004, 26.298437791000026], [88.06210593100008, 26.299126492000028], [88.06078494500008, 26.29958946100004], [88.05988580900004, 26.29980041700003], [88.05932878700008, 26.300223937000055], [88.05929146300008, 26.30078508200006], [88.05962457000004, 26.301631129000043], [88.05990588400005, 26.301839006000023], [88.05903391700008, 26.302476211000055], [88.05909433500005, 26.303427078000027], [88.06018586400006, 26.30452215500003], [88.06044909800005, 26.305791632000023], [88.06055215700007, 26.306839057000047], [88.06085479600006, 26.307580079000047], [88.06149823800007, 26.307941631000062], [88.06239315900007, 26.307665109000027], [88.06283900300008, 26.307214432000023], [88.06326004600004, 26.307521680000036], [88.06329872100008, 26.30870398500008], [88.06331166300004, 26.31120347600006], [88.06292418600003, 26.312572413000055], [88.06239203000007, 26.313389419000032], [88.06234229900008, 26.314187782000033], [88.06339226300008, 26.314768697000034], [88.06457639000007, 26.315382292000038], [88.06551841500004, 26.31565120500005], [88.06652803900005, 26.315599058000032], [88.06700847700006, 26.31553453400005], [88.06749133100004, 26.315509591000023], [88.06840455100007, 26.31601812400004], [88.06904936200004, 26.31646119900006], [88.07097121500004, 26.317592339000043], [88.07221805500006, 26.317805753000073], [88.07369445100005, 26.318166116000043], [88.07479202300004, 26.31810937000006], [88.07567001900009, 26.318063971000072], [88.07607564500006, 26.318033322000076], [88.07661276300007, 26.317916317000027], [88.07714986300005, 26.31779931600005], [88.07808180000006, 26.317661933000068], [88.07984966100008, 26.317436616000066], [88.08202084200008, 26.31732426900004], [88.08339113600005, 26.317074896000065], [88.08584128400008, 26.316680331000043], [88.08780090900007, 26.316355814000076], [88.08882293700003, 26.31607974600007]]], [[[88.12653873400006, 26.322156049000057], [88.12788637400007, 26.321636329000057], [88.12923630000006, 26.321659578000038], [88.13016080000006, 26.321517941000025], [88.13211899300006, 26.321322568000028], [88.13232887000004, 26.320450506000043], [88.13263847900004, 26.31941838000006], [88.13318583600005, 26.318577016000063], [88.13385698300004, 26.317322818000036], [88.13406137100003, 26.315821974000073], [88.13447319300008, 26.314039368000067], [88.13491088800004, 26.312661887000047], [88.13544087600008, 26.311550458000056], [88.13593928600005, 26.311118105000048], [88.13736373300009, 26.309892347000073], [88.13816113600006, 26.309251391000032], [88.13805766700006, 26.308790695000027], [88.13723930100008, 26.308700214000055], [88.13604422000003, 26.30849613600003], [88.13507002100005, 26.308280542000034], [88.13445125900006, 26.307846780000034], [88.13404901200005, 26.30733503600004], [88.13394261400003, 26.30567605600004], [88.13387877800005, 26.30468068500005], [88.13433885000006, 26.30379115100004], [88.13480743100007, 26.30303439200003], [88.13513720400005, 26.302417992000073], [88.13515552700005, 26.301551467000024], [88.13457629900006, 26.30058294400004], [88.13243827800005, 26.29949587400006], [88.13143447400006, 26.29881571100003], [88.13011905400003, 26.297885509000025], [88.12969144400006, 26.296975683000028], [88.12913779700006, 26.296405289000063], [88.12889702900009, 26.294953030000045], [88.12820170200007, 26.293324693000045], [88.12757452900007, 26.29275812000003], [88.12651831300008, 26.292413617000022], [88.12538855400004, 26.292072934000032], [88.12461844600006, 26.29158030600007], [88.12428569400004, 26.290998399000046], [88.12412139700007, 26.290740688000028], [88.12353250300004, 26.29077133000004], [88.12320270400005, 26.291387711000027], [88.12339664800004, 26.29210997200005], [88.12251749700005, 26.292222322000043], [88.12110174500003, 26.292029616000036], [88.12058639300005, 26.29205642100004], [88.11974126000007, 26.295438465000075], [88.11951917600004, 26.29612054200004], [88.11905780000006, 26.29638407400006], [88.11831933100007, 26.296470380000073], [88.11773061300005, 26.29640517300004], [88.11687713000003, 26.296353727000053], [88.11650631600008, 26.29637300400003], [88.11604798900004, 26.296684276000065], [88.11558354300007, 26.29689995600006], [88.11479209400005, 26.296988999000064], [88.11431543200007, 26.297013771000024], [88.11333757700004, 26.296681415000023], [88.11247493300004, 26.296486698000024], [88.11225693600005, 26.296402301000057], [88.11179248500008, 26.296617970000057], [88.11101630300004, 26.296945739000023], [88.11000389800006, 26.29690251200003], [88.10931228700008, 26.296890526000027], [88.10838337600006, 26.29732193700005], [88.10743299700005, 26.297419195000032], [88.10648882200007, 26.29761194100007], [88.10727308100007, 26.298241837000035], [88.10760302900007, 26.298416244000066], [88.10750928900006, 26.298612742000046], [88.10721595300004, 26.29901114200004], [88.10663943700007, 26.299136890000057], [88.10601299500007, 26.299313135000034], [88.10532442300007, 26.299348880000025], [88.10488547000006, 26.299132128000053], [88.10463585100007, 26.299384622000048], [88.10439242900009, 26.29973251800004], [88.10479365900005, 26.300190676000057], [88.10518879500006, 26.30055342600008], [88.10578057100008, 26.300666337000052], [88.10637845800005, 26.300874837000038], [88.10688575200004, 26.301327483000023], [88.10703432400004, 26.301990382000042], [88.10773511900004, 26.302145626000026], [88.10842370600005, 26.302109871000027], [88.10903489300006, 26.301694871000052], [88.10937204600003, 26.30115047000004], [88.11027863500004, 26.301199199000052], [88.11079805600008, 26.30184283400007], [88.11145198100007, 26.302096219000077], [88.11191232700008, 26.302647104000073], [88.11237277900005, 26.30319798100004], [88.11246850800006, 26.30386362200005], [88.11220866300005, 26.304787180000062], [88.11159441700005, 26.30515444300005], [88.11103313900009, 26.305518859000074], [88.11090168300007, 26.30595676200005], [88.11108809300003, 26.306378154000072], [88.11151792100009, 26.306451641000024], [88.11236546300006, 26.306407613000033], [88.11327820000008, 26.306551822000074], [88.11366726500006, 26.306818959000054], [88.11425297400007, 26.30683643200007], [88.11515349500007, 26.30678963500003], [88.11538363700004, 26.30706512000006], [88.11551708500008, 26.307489260000068], [88.11555679900005, 26.308109901000023], [88.11575545000005, 26.30872228100003], [88.11561484100008, 26.30901694100004], [88.11541514700008, 26.30921894900007], [88.11501279900006, 26.309575118000055], [88.11459212400007, 26.309644886000058], [88.11461150300005, 26.309116990000064], [88.11484880500007, 26.308673584000076], [88.11481214900004, 26.30810069200004], [88.11456368200004, 26.307538806000025], [88.11365399100004, 26.307442354000045], [88.11334538800008, 26.30760211000006], [88.11279728600005, 26.307343235000076], [88.11232363300007, 26.307415658000025], [88.11162891700008, 26.307356025000047], [88.11114916200006, 26.307333038000024], [88.11045749400006, 26.307321057000024], [88.10962944700003, 26.306837173000076], [88.10919341100004, 26.30666818800006], [88.10860770300008, 26.306650696000077], [88.10812489900007, 26.30657995100006], [88.10760132600007, 26.306702951000034], [88.10746375900004, 26.30704544500003], [88.10683117000008, 26.30712610300003], [88.10646042500008, 26.30714535000004], [88.10614255600007, 26.307161852000036], [88.10579622400007, 26.30756308800005], [88.10535003000007, 26.30806522900008], [88.10499952700007, 26.30923301100006], [88.10455932500008, 26.309830652000073], [88.10419986100004, 26.31013214500007], [88.10419971300007, 26.310132268000075], [88.10415424800004, 26.310155794000025], [88.10413972800006, 26.31066602100003], [88.10450356600006, 26.31119917600006], [88.10546977900003, 26.311573558000077], [88.10607647900008, 26.312221426000065], [88.10663263800006, 26.31355136600007], [88.10758069100007, 26.315115603000038], [88.10804119800008, 26.31568610900007], [88.10848180400006, 26.316682361000062], [88.10912653000008, 26.317922657000054], [88.11009716400008, 26.31910364500004], [88.11129481800003, 26.319387204000066], [88.11181422500005, 26.31906725600004], [88.11286996900003, 26.31828146500004], [88.11370955100006, 26.317573321000054], [88.11513277700004, 26.316768327000034], [88.11550028900007, 26.316749229000038], [88.11602320300005, 26.316854996000075], [88.11661109900007, 26.31682444200004], [88.11703087900008, 26.316470406000064], [88.11766265400007, 26.315972315000067], [88.11828595300005, 26.315341903000046], [88.11877494000004, 26.314917747000038], [88.11992536900004, 26.314459197000076], [88.12038753500008, 26.31476738400005], [88.12092740900005, 26.315138046000072], [88.12189552800004, 26.315287066000053], [88.12367626100007, 26.315460236000035], [88.12506838000007, 26.31532138600005], [88.12552924900007, 26.316759409000042], [88.12574275600008, 26.318941255000027], [88.12599588700004, 26.320589449000067], [88.12653873400006, 26.322156049000057]]]]}}, {"type": "Feature", "properties": {"OBJECTID": 4504, "GPCODE": "94287", "GPNAME_1": "BUDHRA", "DIST_CEN_C": "08", "BLK_NAME": "POTHIA", "ST_NAME": "BIHAR", "ST_CODE_1": "10", "GPCODE2011": "96841", "REMARKS": "FINALIZED", "MAP_STATUS": "COMPLETED", "BLK_C_2001": "080004", "BLK_C_2011": "01124", "DIST_NAME": "KISHANGANJ", "code2011": 0.0, "Shape_Leng": 0.22624338892, "Shape_Area": 0.00160209832, "Area": 17.7151}, "geometry": {"type": "MultiPolygon", "coordinates": [[[[88.16260191700007, 26.33562340900005], [88.16353248200005, 26.335574774000065], [88.16436561700004, 26.335624738000035], [88.16477913300008, 26.335603122000066], [88.16501598900004, 26.336058113000036], [88.16542351100009, 26.335943390000068], [88.16583112700005, 26.335828568000068], [88.16655483200003, 26.335790730000042], [88.16711978600006, 26.33650900500004], [88.16745397700004, 26.33686539100006], [88.16788560400005, 26.337123262000034], [88.16871274700009, 26.337080005000075], [88.16890750400006, 26.336882889000037], [88.16929101200003, 26.336395458000027], [88.16979605800003, 26.33618211000004], [88.17050775200005, 26.335957859000075], [88.17070250500007, 26.33576074000007], [88.17089725700004, 26.335563621000063], [88.17153100200005, 26.334128344000078], [88.17360475600003, 26.334113253000055], [88.17484548900006, 26.334048318000043], [88.17638813500008, 26.334385931000043], [88.17647799000008, 26.334247730000072], [88.17665484700007, 26.33392707200005], [88.17714978100008, 26.33394566000004], [88.17787008000005, 26.334397342000045], [88.17832151900006, 26.334507200000075], [88.17861682500006, 26.334491737000064], [88.17889772500007, 26.334254534000024], [88.17912083100003, 26.333886952000057], [88.17915289000007, 26.333618372000046], [88.17907221000007, 26.333133202000056], [88.17903216500008, 26.332512407000024], [88.17902990100004, 26.331711729000062], [88.17944986700007, 26.331333837000045], [88.18050381900008, 26.33083373900007], [88.18128821300007, 26.33074815300006], [88.18199716400005, 26.331022416000053], [88.18238449800003, 26.331669517000023], [88.18354202800003, 26.332009269000025], [88.18476012500008, 26.332523742000035], [88.18532431100004, 26.33285016800005], [88.18596679000007, 26.332860994000043], [88.18625350200006, 26.332712470000047], [88.18648516800005, 26.332477832000052], [88.18676615700008, 26.332240701000046], [88.18735655300009, 26.33220975200004], [88.18790356200003, 26.332270075000054], [88.18869368800006, 26.33227315000005], [88.18972703300005, 26.332218968000063], [88.19073120800005, 26.332477711000024], [88.19230213000003, 26.332853670000077], [88.19230217800003, 26.332853682000064], [88.19234826100006, 26.332634006000035], [88.19182346900004, 26.331849400000067], [88.19158105300005, 26.33088718700003], [88.19115531300008, 26.32988050700004], [88.19063425300004, 26.329257850000033], [88.19019752300005, 26.32900998100007], [88.18994740400007, 26.328860578000047], [88.18968693300008, 26.32854929100006], [88.18954618200007, 26.328231634000076], [88.18951829300005, 26.32779980400005], [88.18955729000004, 26.327472813000043], [88.18970914100004, 26.327031558000044], [88.18994171800006, 26.326911016000054], [88.19006154500005, 26.32690473200006], [88.19030817300006, 26.327000145000056], [88.19056166800004, 26.32720345100006], [88.19099839800003, 26.327451412000073], [88.19130145400004, 26.32748969000005], [88.19154100600008, 26.327477126000076], [88.19177019700004, 26.32730258500004], [88.19205919800004, 26.32712490700004], [88.19229188100007, 26.327004448000025], [88.19265125900006, 26.326985596000043], [88.19277108600005, 26.32697931000007], [88.19295072400007, 26.32696988600003], [88.19336314000003, 26.326839904000053], [88.19352882300007, 26.326614520000078], [88.19369112500004, 26.32633523100003], [88.19367019800006, 26.326011382000047], [88.19365275500007, 26.32574143100004], [88.19363531800008, 26.325471572000026], [88.19360741500003, 26.325039742000058], [88.19357951200004, 26.324607912000033], [88.19355509100006, 26.32422998100003], [88.19353416600006, 26.323906131000058], [88.19351672900007, 26.323636272000044], [88.19349579800007, 26.32331233000008], [88.19340798400003, 26.32288364300007], [88.19339054800008, 26.322613783000065], [88.19336962300008, 26.322289933000036], [88.19341558000008, 26.32207082800005], [88.19345456600007, 26.321743835000063], [88.19344061300006, 26.321527873000036], [88.19343015300007, 26.321365994000075], [88.19329637800007, 26.321156319000067], [88.19292655200007, 26.321013201000028], [88.19243342400006, 26.320822469000063], [88.19222579500007, 26.320400066000047], [88.19243806200006, 26.319034871000042], [88.19152878900007, 26.31885730600004], [88.19154543400003, 26.318568982000045], [88.19169805400008, 26.317092210000055], [88.19164429600005, 26.316807579000056], [88.19110432200006, 26.316676330000064], [88.19081736900006, 26.317170283000053], [88.19021706000007, 26.317201768000075], [88.18974573600008, 26.317034944000056], [88.18953670500008, 26.315992194000046], [88.18907423800005, 26.314866917000074], [88.18840992100007, 26.314454728000044], [88.18757520900004, 26.314147288000072], [88.18732555700007, 26.314671248000025], [88.18678115700004, 26.315019119000056], [88.18595671100007, 26.314870704000043], [88.18540031700007, 26.31448481600006], [88.18445305200004, 26.314630282000053], [88.18407743000006, 26.314298670000028], [88.18281567900004, 26.312864056000024], [88.18257786400005, 26.31137578000005], [88.18112898600003, 26.310334134000072], [88.18028724700008, 26.311016890000076], [88.17964887800008, 26.31111242700007], [88.17938449000007, 26.31048107600003], [88.17865074200006, 26.309511307000037], [88.17808975200006, 26.309137427000053], [88.17723982500007, 26.30914158300004], [88.17641656800004, 26.30955782700005], [88.17574529600006, 26.310076851000076], [88.17459451500008, 26.31009683600007], [88.17295133600004, 26.309569802000055], [88.17232937900008, 26.30893642500007], [88.171199, 26.30749908200005], [88.17047436900003, 26.30591584700005], [88.17002071900004, 26.305316126000037], [88.16998469100008, 26.304756835000035], [88.17024045300008, 26.30443167800007], [88.17061003600008, 26.303726508000068], [88.17074579500007, 26.301537068000073], [88.17086142900007, 26.29903690100008], [88.17100589400007, 26.295911756000066], [88.17109269100007, 26.294036641000048], [88.17123142600008, 26.292969391000042], [88.17110192400008, 26.29131611500003], [88.17102933400008, 26.290741410000066], [88.17035641700005, 26.290535513000066], [88.17001585400004, 26.28912315100007], [88.16891562500007, 26.28892367000003], [88.16843953900008, 26.288687105000065], [88.16766502400003, 26.288828512000066], [88.16722847300008, 26.289002724000056], [88.16713959900005, 26.289360611000063], [88.16680085200005, 26.290185601000076], [88.16587191400004, 26.29053693900005], [88.16526475000006, 26.290669579000053], [88.16380054400008, 26.291402134000066], [88.16331472800005, 26.29167979500005], [88.16317325100005, 26.29209082600005], [88.16314575000007, 26.293404142000043], [88.16298414700003, 26.294371230000024], [88.16259611400005, 26.295299760000034], [88.16243764100005, 26.296317171000055], [88.16166954300007, 26.29655909300004], [88.16110847000004, 26.296538025000075], [88.16040985900008, 26.296120419000033], [88.15922614200008, 26.295122667000044], [88.15810390100006, 26.29508042300006], [88.15736168000007, 26.295724696000036], [88.15623857600008, 26.296540143000072], [88.15524489600006, 26.295885670000075], [88.15478890400004, 26.295758113000034], [88.15450675500006, 26.295722453000053], [88.15382023500007, 26.296363799000062], [88.15317993100007, 26.296851262000075], [88.15302872400008, 26.297111507000068], [88.15248047300008, 26.297291507000068], [88.15169295800007, 26.297231647000046], [88.15065326700005, 26.296730921000062], [88.14995469000007, 26.296313269000052], [88.14952455500008, 26.29658806900005], [88.14910087100003, 26.296963324000046], [88.14876935600006, 26.29703111400005], [88.14814921800007, 26.296962501000053], [88.14789371700004, 26.29647132100007], [88.14770050200008, 26.296077774000025], [88.14700839700004, 26.295760655000038], [88.14608997300007, 26.29540494500003], [88.14542048400006, 26.295439873000078], [88.14449144800005, 26.29579108200005], [88.14333285500004, 26.296053373000063], [88.14219446600003, 26.29575950900005], [88.14117085900006, 26.295510140000033], [88.14011412800005, 26.295615724000072], [88.13971710400006, 26.295535538000024], [88.13873555200007, 26.295939846000067], [88.13757684300003, 26.296202100000073], [88.13650074200007, 26.29600583200005], [88.13478185000008, 26.295389025000077], [88.13392573600004, 26.29513088300007], [88.13363876400007, 26.294729767000035], [88.13274363800008, 26.295029940000063], [88.13190654500005, 26.295136926000055], [88.13150617900004, 26.29547480100007], [88.13079172500005, 26.29639960000003], [88.12969144400006, 26.296975683000028], [88.13011905400003, 26.297885509000025], [88.13143447400006, 26.29881571100003], [88.13243827800005, 26.29949587400006], [88.13457629900006, 26.30058294400004], [88.13515552700005, 26.301551467000024], [88.13513720400005, 26.302417992000073], [88.13480743100007, 26.30303439200003], [88.13433885000006, 26.30379115100004], [88.13387877800005, 26.30468068500005], [88.13394261400003, 26.30567605600004], [88.13404901200005, 26.30733503600004], [88.13445125900006, 26.307846780000034], [88.13507002100005, 26.308280542000034], [88.13604422000003, 26.30849613600003], [88.13723930100008, 26.308700214000055], [88.13805766700006, 26.308790695000027], [88.13816113600006, 26.309251391000032], [88.13736373300009, 26.309892347000073], [88.13789678700005, 26.310000092000053], [88.13865448500007, 26.310096035000072], [88.13915588100008, 26.310882769000045], [88.13986903600005, 26.311455223000053], [88.14106758800006, 26.311392743000056], [88.14233225000004, 26.311191283000028], [88.14309440000005, 26.311354781000034], [88.14340141400004, 26.312625741000033], [88.14389299100009, 26.314428986000053], [88.14432270300006, 26.316438692000077], [88.14499571400006, 26.31755512600006], [88.14637762400008, 26.319176396000046], [88.14673799700006, 26.320105891000026], [88.14643717800004, 26.321273115000054], [88.14577036800006, 26.32259485800006], [88.14526220600004, 26.324043844000073], [88.14554759000004, 26.324977249000028], [88.14661806700008, 26.325260081000067], [88.14756913000008, 26.32602332700003], [88.14871451300007, 26.32630223800004], [88.15007166200007, 26.326366853000025], [88.15038869100005, 26.32662126100007], [88.15093484100004, 26.326931427000034], [88.15118989900003, 26.327392306000036], [88.15140599800009, 26.327245505000064], [88.15191309800008, 26.32694817600003], [88.15213777700006, 26.326936449000073], [88.15228766400008, 26.32692862500005], [88.15261337800007, 26.32731800700003], [88.15278052600007, 26.327580235000028], [88.15282393000007, 26.328255305000027], [88.15272188500006, 26.329005684000037], [88.15247899300005, 26.33095409300006], [88.15250646800007, 26.331381429000032], [88.15285303100006, 26.33148587100004], [88.15368963300006, 26.331809702000044], [88.15408331300006, 26.33264678100005], [88.15442492900007, 26.333731456000066], [88.15429633800005, 26.334902037000063], [88.15579470300008, 26.33494633500004], [88.15715764200007, 26.33499769100007], [88.15877189300005, 26.334729579000054], [88.15978422200004, 26.334615429000053], [88.16013080000005, 26.33471985500006], [88.16016223100007, 26.33520824800007], [88.15991484700004, 26.335588676000043], [88.15915255900006, 26.33683189000004], [88.15979692800005, 26.33717218000004], [88.16061208300005, 26.33694266300006], [88.16078286400005, 26.33637285700007], [88.16096563500008, 26.335989355000038], [88.16147659100005, 26.335869238000043], [88.16260191700007, 26.33562340900005]]]]}}, {"type": "Feature", "properties": {"OBJECTID": 4505, "GPCODE": "94288", "GPNAME_1": "BURHNAI", "DIST_CEN_C": "08", "BLK_NAME": "POTHIA", "ST_NAME": "BIHAR", "ST_CODE_1": "10", "GPCODE2011": "96842", "REMARKS": "FINALIZED", "MAP_STATUS": "COMPLETED", "BLK_C_2001": "080004", "BLK_C_2011": "01124", "DIST_NAME": "KISHANGANJ", "code2011": 0.0, "Shape_Leng": 0.32105371851, "Shape_Area": 0.00218732153, "Area": 24.1788}, "geometry": {"type": "MultiPolygon", "coordinates": [[[[88.13350564600006, 26.37820454000007], [88.13423432600007, 26.378023722000023], [88.13450087900009, 26.37805747300007], [88.13545255000008, 26.37805555400007], [88.13543822500003, 26.37700856200007], [88.13617288800003, 26.376922680000064], [88.13662891200005, 26.376613161000023], [88.13676263500008, 26.376225168000076], [88.13671692500003, 26.375513117000025], [88.13751746800006, 26.37480471600003], [88.13780014300005, 26.374266076000026], [88.13855700800008, 26.37370273700003], [88.14048032600004, 26.372364282000035], [88.14166790400003, 26.371921370000052], [88.14323666300004, 26.371649098000034], [88.14299438100005, 26.371222470000077], [88.14265952300008, 26.37029719900005], [88.14259598200005, 26.369308039000032], [88.14259046300003, 26.36836560100005], [88.14268435700006, 26.36811261200006], [88.14278152500003, 26.367909017000045], [88.14369254100006, 26.367514218000053], [88.14444211300008, 26.367177393000077], [88.14485897500003, 26.366808346000028], [88.14510496500003, 26.366348893000065], [88.14559992100004, 26.365479580000056], [88.14716965800005, 26.365050412000073], [88.14780307600006, 26.36462040600003], [88.14818415400003, 26.364550876000067], [88.14845863900007, 26.364536560000033], [88.14894641600006, 26.36441189800007], [88.14963147900005, 26.36392953400008], [88.14999666200004, 26.36361282200005], [88.14998076400008, 26.36336555500003], [88.14988131100006, 26.362676015000034], [88.14944072100008, 26.36096231700003], [88.14915352300005, 26.360778765000077], [88.14888937700005, 26.360097907000068], [88.14846062500004, 26.359425542000054], [88.14808671000009, 26.358750315000066], [88.14812257700004, 26.358450782000034], [88.14833257700008, 26.35829095200006], [88.14850204900006, 26.358356551000043], [88.14892691700004, 26.358111074000078], [88.14895006200004, 26.357613670000035], [88.14854029100007, 26.35723806900006], [88.14852121600006, 26.356941309000035], [88.14856661900006, 26.356790155000056], [88.14884108700005, 26.356775838000033], [88.14901214500009, 26.356866136000065], [88.14946085300005, 26.356991607000055], [88.14989684200003, 26.356919206000043], [88.15010366100006, 26.35670997400007], [88.14997799100007, 26.35646834000005], [88.14951339400005, 26.356095693000043], [88.14942984500004, 26.355653419000078], [88.14947842200007, 26.35555166300003], [88.14958818800005, 26.355545937000045], [88.15024370200007, 26.35546208200003], [88.15089932400008, 26.355378311000038], [88.15128355500008, 26.355358263000028], [88.15160977100004, 26.355291584000042], [88.15237823100006, 26.355251483000075], [88.15294634700007, 26.35551959000003], [88.15344670400003, 26.355592697000077], [88.15377610200005, 26.355575504000058], [88.15429640000008, 26.355101712000078], [88.15483260600007, 26.354875280000044], [88.15556850000007, 26.355184184000052], [88.15646273400006, 26.35538559500003], [88.15688917200004, 26.355164887000058], [88.15712544600007, 26.354557037000063], [88.15714845700006, 26.354059636000045], [88.15663855800005, 26.353838160000066], [88.15622877600003, 26.353462578000062], [88.15571570300006, 26.35319170100007], [88.15537358100005, 26.353011027000036], [88.15505065300005, 26.353127107000034], [88.15452072000005, 26.353452528000048], [88.15409120800007, 26.353623826000046], [88.15370688100006, 26.353643887000032], [88.15328766800008, 26.35311991100008], [88.15309435000006, 26.352683459000048], [88.15280080700006, 26.352401022000038], [88.15260709900008, 26.35238630300006], [88.15241340300008, 26.352371584000025], [88.15219059900005, 26.352333647000023], [88.15181591800007, 26.352502078000043], [88.15127654100007, 26.352679101000035], [88.15072762300008, 26.352707743000053], [88.15041412800008, 26.352972199000078], [88.14997814800006, 26.353044511000064], [88.14951992000005, 26.352770753000073], [88.14909437100005, 26.35214787600006], [88.14868789400003, 26.351821667000024], [88.14845873000007, 26.351684743000078], [88.14824874100003, 26.35184457400004], [88.14768303800008, 26.352469593000023], [88.14744671700004, 26.35307733800005], [88.14691368600006, 26.35335323700008], [88.14602901500007, 26.353300150000052], [88.14502822200006, 26.35315380000003], [88.14442119400007, 26.35313588500003], [88.14364956500003, 26.35312645600004], [88.14297807300005, 26.35296301900007], [88.14214833400007, 26.352906955000037], [88.14128590400009, 26.353200094000044], [88.14173122900007, 26.351481928000055], [88.14149616200007, 26.349437713000043], [88.14107825500008, 26.347776968000062], [88.14032631500004, 26.34575968300004], [88.13948281900008, 26.34393409000006], [88.13948457800007, 26.342344884000056], [88.13908642700005, 26.339374418000034], [88.13870015800006, 26.336590346000037], [88.13802175300003, 26.33410183600006], [88.13815077200007, 26.332879845000036], [88.13779883700005, 26.332243885000025], [88.13691193100004, 26.331355355000028], [88.13654794400009, 26.330532998000024], [88.13566703300006, 26.32973756800004], [88.13574825600006, 26.32777034700007], [88.13533828600004, 26.324613527000054], [88.13407555000003, 26.32271630200006], [88.13211899300006, 26.321322568000028], [88.13016080000006, 26.321517941000025], [88.12923630000006, 26.321659578000038], [88.12788637400007, 26.321636329000057], [88.12653873400006, 26.322156049000057], [88.12599588700004, 26.320589449000067], [88.12574275600008, 26.318941255000027], [88.12552924900007, 26.316759409000042], [88.12506838000007, 26.31532138600005], [88.12367626100007, 26.315460236000035], [88.12189552800004, 26.315287066000053], [88.12092740900005, 26.315138046000072], [88.12038753500008, 26.31476738400005], [88.11992536900004, 26.314459197000076], [88.11877494000004, 26.314917747000038], [88.11828595300005, 26.315341903000046], [88.11766265400007, 26.315972315000067], [88.11703087900008, 26.316470406000064], [88.11661109900007, 26.31682444200004], [88.11602320300005, 26.316854996000075], [88.11550028900007, 26.316749229000038], [88.11513277700004, 26.316768327000034], [88.11370955100006, 26.317573321000054], [88.11286996900003, 26.31828146500004], [88.11181422500005, 26.31906725600004], [88.11129481800003, 26.319387204000066], [88.11181852100003, 26.320927571000027], [88.11190367400008, 26.32165464900004], [88.11185107200004, 26.32204054400006], [88.11134582800008, 26.32199713700004], [88.11086789300003, 26.32177809500007], [88.11006629800005, 26.321332088000077], [88.10888244700004, 26.320348547000037], [88.10802680600005, 26.31966138000007], [88.10726374900008, 26.31921335800007], [88.10646805500005, 26.319463702000064], [88.10596493500003, 26.31945490100003], [88.10538933500004, 26.319519693000075], [88.10461217400007, 26.31945546000003], [88.10390983200006, 26.319352609000077], [88.10285409600004, 26.319163526000068], [88.10238506200005, 26.319083387000035], [88.10204276300004, 26.319170795000048], [88.10189535600006, 26.319282916000077], [88.10162262700004, 26.31985444000003], [88.10154620000003, 26.321077630000048], [88.10184907600006, 26.32158437700008], [88.10286249500007, 26.32292523800004], [88.10335282900007, 26.323944806000043], [88.10327499700009, 26.324541043000067], [88.10289780300008, 26.32529210900003], [88.10244790300004, 26.32611659400004], [88.10228033000004, 26.327727665000054], [88.10291587600005, 26.328600401000074], [88.10358419400006, 26.32877476400006], [88.10435475000008, 26.328734782000026], [88.10515938100008, 26.328623286000038], [88.10559437800003, 26.32877492500006], [88.10611962100006, 26.32913082400006], [88.10695089400008, 26.329436013000077], [88.10762144000006, 26.329645068000048], [88.10843051900008, 26.32960306600006], [88.10932561300007, 26.32969589100003], [88.11013764600006, 26.329471498000032], [88.10992598900003, 26.330880989000036], [88.10975576300007, 26.33158916900004], [88.10930533200008, 26.331962180000062], [88.10847819000008, 26.332510167000066], [88.10806579900003, 26.332803444000035], [88.10742127100008, 26.332836901000064], [88.10690070000004, 26.332786259000045], [88.10621317000005, 26.332821943000056], [88.10585955300007, 26.33268487600003], [88.10548108800003, 26.332160689000034], [88.10505972000004, 26.331638635000047], [88.10440777400004, 26.331555924000043], [88.10416079500004, 26.331063697000047], [88.10375418700005, 26.330774048000023], [88.10316009400003, 26.330921413000056], [88.10273780300008, 26.331059863000064], [88.10243699300008, 26.33107546800005], [88.10204038300003, 26.33094062400005], [88.10139091700006, 26.330896649000067], [88.10095872800008, 26.330880189000027], [88.10066791600008, 26.33105069100003], [88.10046042800008, 26.33117799300004], [88.10029756300008, 26.332002227000032], [88.10026360900008, 26.33281986700007], [88.10020233400007, 26.333211453000047], [88.10019063900006, 26.334377560000064], [88.10015409900006, 26.335156362000077], [88.10107686000003, 26.335302204000072], [88.10163488900008, 26.335390398000072], [88.10269183800006, 26.335063612000056], [88.10350581300008, 26.334982506000074], [88.10385211200008, 26.335003416000063], [88.10425120800005, 26.335176913000055], [88.10457430000008, 26.335509771000034], [88.10516006400007, 26.335906754000064], [88.10561207000006, 26.336232920000043], [88.10595992400005, 26.336952990000043], [88.10599953000008, 26.337572516000023], [88.10569035200007, 26.33813238700003], [88.10489404700007, 26.338990875000036], [88.10426798700007, 26.33959049200007], [88.10430010200008, 26.34009294300006], [88.10401854600008, 26.340611669000054], [88.10310964400009, 26.341163032000054], [88.10301311300003, 26.34129406900007], [88.10306201500003, 26.341512083000055], [88.10322350300004, 26.341850286000067], [88.10351436900004, 26.342024240000057], [88.10415978700007, 26.342274321000048], [88.10438897800003, 26.34257750300003], [88.10485009700005, 26.342679607000036], [88.10529114200006, 26.342467678000048], [88.10560090600006, 26.342388589000052], [88.10597425100008, 26.34221167900006], [88.10615654700007, 26.342328248000058], [88.10628118300008, 26.342636853000045], [88.10626239800007, 26.342889978000073], [88.10600164200008, 26.34318707600005], [88.10553377300005, 26.343526428000075], [88.10554381100008, 26.34368344300003], [88.10572811600008, 26.343831416000057], [88.10604380500007, 26.34384654100006], [88.10638430700004, 26.343702842000027], [88.10664506300003, 26.343405743000062], [88.10706330200009, 26.343384037000078], [88.10734614500007, 26.343432372000052], [88.10755655700007, 26.343988582000065], [88.10752772800004, 26.34408460000003], [88.10785145000006, 26.344225334000043], [88.10814916700008, 26.34395782200005], [88.10831339200007, 26.343791761000034], [88.10865590100008, 26.343679460000033], [88.10893472700008, 26.343664985000032], [88.10911501900006, 26.343750148000026], [88.10916794900004, 26.344030966000048], [88.10916121500009, 26.344472418000066], [88.10900502300007, 26.344764092000048], [88.10901034500006, 26.345394053000064], [88.10912424000009, 26.346081301000027], [88.10883063900008, 26.34641161500008], [88.10840163700004, 26.34681197100008], [88.10817563000006, 26.34710726700007], [88.10813605200008, 26.34758202200004], [88.10838544800004, 26.348199221000073], [88.10875135900005, 26.348999414000048], [88.10889007400004, 26.349527927000054], [88.10880559400005, 26.349847384000043], [88.10860851500007, 26.350046657000064], [88.10791332000008, 26.350114248000068], [88.10709085400003, 26.350377485000024], [88.10664777600005, 26.350558014000057], [88.10637696600008, 26.35069809600003], [88.10591699900004, 26.351163064000048], [88.10538139700003, 26.351537433000033], [88.10482973100005, 26.351660577000075], [88.10444632000008, 26.35168046900003], [88.10415543100004, 26.351506518000065], [88.10373990300008, 26.351023961000067], [88.10356435200003, 26.35046594100004], [88.10364683800003, 26.350115084000038], [88.10403699700004, 26.34965374500007], [88.10407257600008, 26.34911618600006], [88.10400761200003, 26.348646949000056], [88.10402841500007, 26.348425320000047], [88.10447148900005, 26.348244798000053], [88.10499230100004, 26.348186269000053], [88.10530197700007, 26.34810718700004], [88.10590843100005, 26.347907219000035], [88.10597380900003, 26.34740726600006], [88.10593472900007, 26.34679601000005], [88.10573773100003, 26.346251263000056], [88.10538117300007, 26.345744092000075], [88.10485936000003, 26.345186994000073], [88.10409575400007, 26.34490536800007], [88.10367577700003, 26.34492715600004], [88.10362594700007, 26.345163373000048], [88.10369370900008, 26.34571482700005], [88.10334940200005, 26.345907913000076], [88.10273558400007, 26.345939754000028], [88.10166565600008, 26.34593684200007], [88.10095481700006, 26.34597370800003], [88.10006315700008, 26.346224375000077], [88.09974939200004, 26.346386665000068], [88.09959901700006, 26.346569686000066], [88.09944413200003, 26.34719109200006], [88.09966155900008, 26.348056029000077], [88.09957579600007, 26.348235699000043], [88.09931538000006, 26.348219998000047], [88.09887307800005, 26.347892483000066], [88.09842881200007, 26.34753577300006], [88.09807715600004, 26.347612411000057], [88.09764717800005, 26.34798524000007], [88.09736375000006, 26.348116748000052], [88.09676735600004, 26.347914031000073], [88.09645313100003, 26.347054108000066], [88.09633088900006, 26.346155030000034], [88.09611976600007, 26.344880814000078], [88.09574767200007, 26.34463726300004], [88.09504322800007, 26.344264916000043], [88.09414670300004, 26.343931630000043], [88.09368946300003, 26.343371243000036], [88.09372248000005, 26.342872973000055], [88.09366858900006, 26.342028757000037], [88.09332395200005, 26.341199605000043], [88.09249207000005, 26.340863053000078], [88.09177764300006, 26.340841657000055], [88.09133270000007, 26.34098152200005], [88.09106425000004, 26.34134596800004], [88.09095174600003, 26.341614632000073], [88.09108024000005, 26.34210444400003], [88.09113225600004, 26.34291955300006], [88.09138667600007, 26.344366755000067], [88.09151073800007, 26.345294946000024], [88.09164409100003, 26.346368675000065], [88.09174699700009, 26.347473184000023], [88.09154871500004, 26.347921512000028], [88.09115029600008, 26.34878915300004], [88.09042498100007, 26.34961531400006], [88.08979173300008, 26.34985253600007], [88.08960346100008, 26.349949897000045], [88.08963059300004, 26.350883105000037], [88.08996382300006, 26.351765820000026], [88.08991957300003, 26.35263795900005], [88.08969344100007, 26.35378944200005], [88.09004153700005, 26.354026395000062], [88.09038957300004, 26.35426330400003], [88.09152153500008, 26.35426465100005], [88.09311320800003, 26.353642346000072], [88.09422999500003, 26.353404472000022], [88.09531355800004, 26.35316840400003], [88.09659167500007, 26.353372093000075], [88.09677096300004, 26.353572754000027], [88.09660819200008, 26.35415107800003], [88.09653344000003, 26.354544919000034], [88.09708009300005, 26.35580634100006], [88.09789101000007, 26.356514116000028], [88.09902053300004, 26.356995508000068], [88.09992787900006, 26.357128386000056], [88.10058968500005, 26.357064130000026], [88.10083724200007, 26.357291188000033], [88.10118438400008, 26.35751317300003], [88.10177526800004, 26.357902438000053], [88.10199183600008, 26.358484585000042], [88.10208583300005, 26.359336106000057], [88.10258821500008, 26.36038045300006], [88.10261094500004, 26.360736075000034], [88.10222755400008, 26.36093431300003], [88.10160956500005, 26.36118046000007], [88.10122617700006, 26.361378787000035], [88.10100748200006, 26.36167553100006], [88.10098849200006, 26.361997663000068], [88.10116683000007, 26.362309563000053], [88.10178174500004, 26.36263447500005], [88.10298113000005, 26.363428574000068], [88.10421088800007, 26.364078479000057], [88.10454949600006, 26.36441771400007], [88.10455087100007, 26.36505984400003], [88.10446653800005, 26.36559946400007], [88.10417043200005, 26.366542520000053], [88.10347489600008, 26.367434896000077], [88.10349535900008, 26.36775498000003], [88.10371929000007, 26.36785041400003], [88.10394322200005, 26.367945848000033], [88.10502956900007, 26.368210642000065], [88.10584878500003, 26.36863198900005], [88.10646591400007, 26.36899242100003], [88.10715977000007, 26.36931321700007], [88.10767299200006, 26.369286585000054], [88.10848844800006, 26.36903016900004], [88.10954523700008, 26.368832619000045], [88.11001901000003, 26.368808027000057], [88.11042061300003, 26.368894229000034], [88.11058987700005, 26.369063796000034], [88.11078200400004, 26.36958906600006], [88.11146015500003, 26.37009730400007], [88.11193948200008, 26.371151842000074], [88.11217702800008, 26.37252248300007], [88.11255593200008, 26.373177437000038], [88.11307341400004, 26.37365651500005], [88.11369216900005, 26.37396174400004], [88.11461871500006, 26.37381238200004], [88.11542530700007, 26.37361607200006], [88.11620429600003, 26.37342647500003], [88.11794986000007, 26.37320082800005], [88.11958985700005, 26.373081892000073], [88.12041093000005, 26.373039221000056], [88.12083228900008, 26.373186002000068], [88.12116316100008, 26.373674753000046], [88.12151411100007, 26.373892627000032], [88.12229142100006, 26.373751068000047], [88.12291733900008, 26.373583566000036], [88.12322667700005, 26.373736164000036], [88.12382312500006, 26.374278538000056], [88.12404424700009, 26.374806800000044], [88.12452662400005, 26.375321384000074], [88.12510153700003, 26.37552760500006], [88.12556883500008, 26.375806855000064], [88.12572453100006, 26.375899911000033], [88.12588033600008, 26.37599305300006], [88.12614159700007, 26.375979465000057], [88.12674381300008, 26.375442194000073], [88.12746225900008, 26.374966310000048], [88.12857975300005, 26.37487445900007], [88.12903843600003, 26.375019277000035], [88.12950348300006, 26.37526491500006], [88.12968516100005, 26.37576141200003], [88.13018546700005, 26.375971496000034], [88.13144950100008, 26.37641166800006], [88.13185466200008, 26.37719510900007], [88.13176659900006, 26.37829505600007], [88.13230884300003, 26.378504977000034], [88.13278315700006, 26.378480290000027], [88.13350564600006, 26.37820454000007]]]]}}, {"type": "Feature", "properties": {"OBJECTID": 4509, "GPCODE": "94289", "GPNAME_1": "CHHATAR GACHH.", "DIST_CEN_C": "08", "BLK_NAME": "POTHIA", "ST_NAME": "BIHAR", "ST_CODE_1": "10", "GPCODE2011": "96843", "REMARKS": "FINALIZED", "MAP_STATUS": "COMPLETED", "BLK_C_2001": "080004", "BLK_C_2011": "01124", "DIST_NAME": "KISHANGANJ", "code2011": 0.0, "Shape_Leng": 0.30356861973, "Shape_Area": 0.00133853748, "Area": 14.8033}, "geometry": {"type": "MultiPolygon", "coordinates": [[[[88.09246950800008, 26.265059547000078], [88.09156731200005, 26.265038599000036], [88.09091371100004, 26.265089431000035], [88.09020291400003, 26.265126272000032], [88.08952258200009, 26.265347637000048], [88.08853288200004, 26.265720464000026], [88.08716395800008, 26.26662057900006], [88.08579239200003, 26.267774547000045], [88.08612649300005, 26.268011064000063], [88.08655849800004, 26.26831022500005], [88.08725235800006, 26.268595727000047], [88.08819410600006, 26.268648464000023], [88.08861787200004, 26.268524977000027], [88.08984103800003, 26.267987850000054], [88.09112291300005, 26.26719375500005], [88.09232203400006, 26.266573184000038], [88.09241598600005, 26.266280677000054], [88.09239231700008, 26.265909598000064], [88.09246950800008, 26.265059547000078]]], [[[88.05664413200003, 26.31392614600003], [88.05686360000004, 26.31391482400005], [88.05709312600004, 26.314061809000066], [88.05815680900008, 26.31416566100006], [88.05890304200005, 26.31412715400006], [88.06008579600007, 26.31402640600004], [88.06082710400005, 26.31390882200003], [88.06234229900008, 26.314187782000033], [88.06239203000007, 26.313389419000032], [88.06292418600003, 26.312572413000055], [88.06331166300004, 26.31120347600006], [88.06329872100008, 26.30870398500008], [88.06326004600004, 26.307521680000036], [88.06283900300008, 26.307214432000023], [88.06239315900007, 26.307665109000027], [88.06149823800007, 26.307941631000062], [88.06085479600006, 26.307580079000047], [88.06055215700007, 26.306839057000047], [88.06044909800005, 26.305791632000023], [88.06018586400006, 26.30452215500003], [88.05909433500005, 26.303427078000027], [88.05903391700008, 26.302476211000055], [88.05990588400005, 26.301839006000023], [88.05962457000004, 26.301631129000043], [88.05929146300008, 26.30078508200006], [88.05932878700008, 26.300223937000055], [88.05988580900004, 26.29980041700003], [88.06078494500008, 26.29958946100004], [88.06210593100008, 26.299126492000028], [88.06333958100004, 26.298437791000026], [88.06505144700003, 26.298382270000047], [88.06672544000008, 26.29648251900005], [88.06672863700004, 26.296339923000062], [88.06604012100007, 26.295940737000024], [88.06604079900006, 26.29547886000006], [88.06592318700007, 26.295050180000032], [88.06559510700004, 26.294632371000034], [88.06533412600004, 26.29431980800007], [88.06481300300004, 26.294183658000065], [88.06452369400006, 26.293899735000025], [88.06469435100007, 26.29326591800003], [88.06541273500005, 26.29271261200006], [88.06606593800007, 26.292081043000053], [88.06687445900008, 26.291522980000025], [88.06813192800007, 26.290914628000053], [88.06962385800006, 26.290674457000023], [88.07191060400004, 26.290610607000076], [88.07242999600004, 26.290719645000024], [88.07230569300003, 26.291133652000042], [88.07226109900006, 26.291380469000046], [88.07177445100007, 26.291786031000072], [88.07101743500004, 26.292205567000053], [88.07068717700008, 26.293173688000024], [88.07073197900007, 26.293877819000045], [88.07056620600008, 26.294772670000043], [88.07118173200007, 26.295076755000025], [88.07185148000008, 26.295646592000026], [88.07200330700005, 26.29627692100007], [88.07193669800006, 26.296985703000075], [88.07126935800005, 26.297624751000058], [88.07070067800004, 26.29805711700004], [88.07135127300006, 26.298325763000037], [88.07209404700006, 26.298287366000068], [88.07350223500003, 26.298751948000074], [88.07649806700005, 26.299571005000075], [88.07819186100005, 26.30042383800003], [88.07947511000003, 26.301264176000075], [88.07939564600008, 26.30177214100007], [88.07894482900008, 26.30229922700005], [88.07942242900003, 26.302778276000026], [88.08078841000008, 26.30334438600005], [88.08157306600003, 26.303516872000046], [88.08355202700005, 26.304557295000052], [88.08555451000007, 26.305964532000075], [88.08730754100009, 26.306493593000027], [88.08890871700004, 26.306662447000065], [88.09045962000005, 26.306717714000058], [88.09312779400005, 26.306281598000055], [88.09329062300003, 26.306278318000068], [88.09353822800006, 26.306568774000027], [88.09359412700007, 26.306842447000065], [88.09353740200004, 26.30715650700006], [88.09397765800009, 26.307444807000024], [88.09456654000007, 26.30765621300003], [88.09517813700006, 26.30762450900005], [88.09538108700008, 26.307199223000055], [88.09548392200008, 26.306233630000065], [88.09609907800007, 26.306201737000038], [88.09578129200008, 26.30565742300007], [88.09576369600006, 26.30538176400006], [88.09631728800008, 26.305042033000063], [88.09687976600009, 26.304839942000058], [88.09662174500005, 26.304404006000027], [88.09634321300007, 26.304245614000024], [88.09644692600006, 26.30406730900006], [88.09659315000005, 26.30395608200007], [88.09709011500007, 26.303930313000023], [88.09746356500006, 26.30377266100004], [88.09801204700005, 26.303495560000044], [88.09796139200006, 26.30270218900006], [88.09823791500008, 26.302422515000046], [88.09819569600006, 26.30176128000005], [88.09714926300006, 26.30035612300003], [88.09576132700005, 26.29936675700003], [88.09536925200007, 26.298988993000023], [88.09439450300005, 26.298707860000036], [88.09371326000007, 26.298411507000026], [88.09329578000006, 26.297637054000063], [88.09341294700005, 26.29716664700004], [88.09331006800005, 26.296707646000073], [88.09269796200005, 26.296341280000036], [88.09136915100004, 26.29627748000007], [88.09065584000007, 26.294324348000032], [88.09042058200004, 26.292943442000023], [88.09042223400007, 26.291815593000024], [88.09092300400005, 26.291590643000063], [88.09203129800005, 26.291476454000076], [88.09262764300007, 26.291059520000033], [88.09296122400008, 26.290796519000025], [88.09310395500006, 26.289981967000074], [88.09329209000003, 26.28927036600004], [88.09336612400006, 26.288599781000073], [88.09309541800008, 26.28801717700003], [88.09235006200004, 26.287318860000028], [88.09200708700007, 26.286213659000055], [88.09186611200005, 26.28583493800005], [88.09125728400005, 26.285445363000065], [88.09048439600008, 26.284923881000054], [88.08879679000006, 26.284098957000026], [88.08713230100005, 26.28302710400004], [88.08615212400008, 26.282305820000033], [88.08544564900006, 26.28160545700007], [88.08531452500006, 26.280769990000067], [88.08548404700008, 26.280375182000057], [88.08531097300005, 26.280103332000067], [88.08462690700009, 26.27975273000004], [88.08430620800004, 26.278997281000045], [88.08414976500006, 26.27837373400007], [88.08402311200007, 26.27760823500006], [88.08399983700008, 26.277595805000033], [88.08360164100009, 26.276217416000065], [88.08283013600004, 26.275068228000066], [88.08174729100006, 26.275509121000027], [88.08112544600004, 26.27525239000005], [88.08094179100004, 26.27516552800006], [88.08073492800008, 26.275272604000065], [88.08025019900003, 26.275490340000033], [88.08001807600004, 26.27575921600004], [88.07991765100007, 26.275860782000052], [88.07966912000006, 26.275873645000047], [88.07925220400006, 26.27547777700005], [88.07899552200007, 26.275362631000064], [88.07857770800007, 26.275512683000045], [88.07813657300005, 26.275856587000078], [88.07782937500008, 26.276065128000027], [88.07727558200008, 26.276318581000055], [88.07681824200006, 26.276406458000054], [88.07596620300006, 26.276450538000063], [88.07543379200007, 26.27647807900007], [88.07492043100007, 26.276247773000023], [88.07450434500004, 26.275305977000073], [88.07443916700004, 26.274281906000056], [88.07448367900008, 26.273862159000032], [88.07426143800006, 26.273167286000046], [88.07398643100004, 26.272764065000047], [88.07370735400008, 26.272296838000045], [88.07378223000006, 26.271233368000026], [88.07381330900006, 26.270043731000044], [88.07396028600004, 26.269554467000034], [88.07380412900005, 26.269109443000048], [88.07363059200009, 26.26788386000004], [88.07360509700004, 26.267483210000023], [88.07374010100006, 26.26710291200004], [88.07401122300007, 26.26685920500006], [88.07413084100006, 26.26673813000008], [88.07411445400004, 26.266480642000033], [88.07406274600004, 26.266167490000043], [88.07384314500007, 26.265719389000026], [88.07359906100004, 26.26538753400007], [88.07310116600007, 26.265068713000062], [88.07286982900007, 26.26493713700006], [88.07261310200005, 26.26440490300007], [88.07240443400008, 26.264128521000032], [88.07185210200004, 26.263956144000076], [88.07137414000005, 26.263952114000062], [88.07128884100007, 26.263611953000066], [88.07099670800005, 26.263024150000035], [88.07019130300006, 26.262376648000043], [88.06869773800008, 26.262425206000046], [88.06802569100006, 26.262373801000024], [88.06773818900007, 26.262359915000047], [88.06748064700008, 26.262315828000055], [88.06727307500006, 26.262556240000038], [88.06712167900008, 26.262678952000044], [88.06647776400007, 26.26256859600005], [88.06605598500005, 26.26244685100005], [88.06494150400005, 26.26244703900005], [88.06505900100007, 26.263279547000025], [88.06478842000007, 26.263599403000057], [88.06443236300004, 26.26409853900003], [88.06416465300003, 26.264462007000077], [88.06389694100005, 26.264825475000066], [88.06383074700005, 26.265309727000044], [88.06386396800008, 26.265832421000027], [88.06404212700005, 26.266347719000066], [88.06430032700007, 26.26659658500006], [88.06432524500008, 26.26698860500005], [88.06405476200007, 26.26730854500005], [88.06367377600003, 26.26741565800006], [88.06327340800004, 26.26721780500003], [88.06277493300007, 26.26623831200004], [88.06228190200005, 26.265345968000076], [88.06203056400005, 26.26444114000003], [88.06199181300008, 26.26383129800007], [88.06182474000008, 26.26349028900006], [88.06157485400007, 26.263372092000054], [88.06123385200004, 26.26334603300006], [88.06080182900007, 26.26341201300005], [88.06051740400005, 26.263514133000058], [88.06064172900005, 26.263944691000063], [88.06053277700005, 26.264518489000068], [88.05993788600006, 26.265073708000045], [88.05832282700004, 26.265594160000035], [88.05742975100009, 26.26603356700008], [88.05634345800007, 26.26648294100005], [88.05549035500007, 26.266789263000078], [88.05492157800006, 26.266993385000035], [88.05414299700004, 26.26694612700004], [88.05339897500005, 26.266678640000066], [88.05309794200008, 26.266519306000077], [88.05285922300004, 26.26657538300003], [88.05283572600007, 26.26696990100004], [88.05296003300003, 26.26740055500005], [88.05250173100006, 26.26781750200007], [88.05121656600005, 26.268189757000073], [88.04963599200005, 26.268489802000033], [88.05010838900006, 26.269280426000023], [88.05062103900008, 26.26992911900004], [88.05125936100006, 26.270371314000045], [88.05207926800006, 26.270179037000048], [88.05309258700004, 26.269976685000074], [88.05430497500004, 26.269413961000055], [88.05483420100006, 26.269011591000037], [88.05530414800006, 26.26898734100007], [88.05564854100004, 26.269169585000043], [88.05606249100003, 26.269573405000074], [88.05626956000003, 26.270212883000056], [88.05667796500006, 26.270966991000023], [88.05678392500005, 26.271761767000044], [88.05663076600007, 26.271969686000034], [88.05614101500004, 26.27211998200005], [88.05537166300007, 26.27223467700003], [88.05412760300004, 26.272298867000075], [88.05269160200004, 26.27239800800004], [88.05206995700007, 26.272655147000023], [88.05168377200005, 26.273125121000078], [88.05165929000003, 26.274051645000043], [88.05180715800003, 26.27506924000005], [88.05183095000007, 26.276318399000047], [88.05167854800004, 26.27697641900005], [88.05140761600006, 26.277515532000052], [88.05106799900005, 26.27828316600005], [88.05064934900008, 26.278679907000026], [88.04965468500006, 26.279230539000025], [88.05017175300009, 26.280043269000032], [88.05066680300007, 26.28050731700006], [88.05064248300005, 26.28134796200004], [88.05091434700006, 26.28196346200008], [88.05146460300006, 26.282075030000044], [88.05299359000009, 26.28171637300005], [88.05447830300005, 26.280660537000074], [88.05530248900004, 26.280198272000064], [88.05592562200007, 26.280236045000038], [88.05680283800007, 26.28061052000004], [88.05850423500004, 26.280522707000046], [88.05927756900007, 26.28048278800003], [88.05967309200008, 26.280602223000074], [88.06015046500005, 26.28078744900006], [88.06023663500008, 26.28092285300005], [88.06010901500008, 26.28140897700007], [88.06052369900004, 26.28182509100003], [88.06112638800005, 26.282144066000058], [88.06178023200005, 26.282504067000048], [88.06215207800005, 26.283009820000075], [88.06266354500008, 26.283420931000023], [88.06258768400005, 26.28451870300006], [88.06226722100007, 26.285585344000026], [88.06146575400004, 26.28672049000005], [88.06038354600008, 26.287257648000036], [88.05950724400003, 26.28721536300003], [88.05884665800005, 26.287512030000073], [88.05771881100009, 26.28809519300006], [88.05627304000006, 26.28825732400003], [88.05536496400003, 26.288479223000024], [88.05497271300004, 26.28908761100007], [88.05358761600007, 26.28911097200006], [88.05126705700008, 26.289519109000025], [88.04988665400003, 26.290455558000076], [88.04883734900005, 26.291567198000052], [88.04742350800007, 26.293659069000057], [88.04658223400008, 26.29490258000004], [88.04719471800007, 26.295349805000058], [88.04801899800003, 26.295786019000047], [88.04938786600007, 26.29643350400005], [88.05073544800007, 26.296747004000053], [88.05280452200003, 26.297549798000034], [88.05453173700005, 26.297987315000057], [88.05476171300006, 26.298262616000045], [88.05496902200008, 26.29901787500006], [88.05424090500009, 26.299617139000077], [88.05322399300007, 26.30015777600005], [88.05101687200005, 26.301018104000036], [88.04930507700004, 26.301651844000048], [88.04777107300004, 26.302075470000034], [88.04682312700004, 26.302698554000074], [88.04657003600005, 26.303228432000026], [88.04649201400008, 26.30400770500006], [88.04644396000003, 26.304756690000033], [88.04618541600007, 26.30520070800003], [88.04608388700007, 26.30560789100008], [88.04630890100003, 26.306141782000054], [88.04669991500003, 26.306782002000034], [88.04700656700004, 26.30759884500003], [88.04728961900008, 26.308043697000073], [88.04748295600007, 26.308579218000034], [88.04766712000009, 26.308971770000028], [88.04796016800003, 26.309071458000062], [88.04821416700008, 26.309058368000024], [88.04869047900007, 26.309033818000046], [88.04904700800006, 26.309130324000023], [88.04938274400007, 26.30940008700003], [88.04991617900004, 26.309774633000075], [88.05037443000003, 26.310468772000036], [88.05033366600009, 26.311332261000075], [88.05035455800004, 26.312163828000052], [88.05054871800007, 26.312211214000058], [88.05097064800003, 26.312332995000077], [88.05136250700008, 26.312485070000037], [88.05145136300007, 26.312606242000072], [88.05126706100003, 26.31317145400004], [88.05129218000008, 26.31356713400004], [88.05211246700009, 26.314001137000048], [88.05299295600008, 26.31399544100003], [88.05351469400006, 26.313889123000024], [88.05375185200006, 26.314154747000032], [88.05407300500008, 26.314569993000077], [88.05413562400008, 26.314650958000072], [88.05442413700007, 26.315033052000047], [88.05503873500004, 26.31500135300007], [88.05543134900006, 26.314941395000062], [88.05567965500006, 26.31469043800007], [88.05626911500008, 26.314263055000026], [88.05664413200003, 26.31392614600003]]]]}}, {"type": "Feature", "properties": {"OBJECTID": 4515, "GPCODE": "94290", "GPNAME_1": "DAMAL BARI", "DIST_CEN_C": "08", "BLK_NAME": "POTHIA", "ST_NAME": "BIHAR", "ST_CODE_1": "10", "GPCODE2011": "96844", "REMARKS": "FINALIZED", "MAP_STATUS": "COMPLETED", "BLK_C_2001": "080004", "BLK_C_2011": "01124", "DIST_NAME": "KISHANGANJ", "code2011": 0.0, "Shape_Leng": 0.25496155818, "Shape_Area": 0.00096987109, "Area": 10.7343}, "geometry": {"type": "MultiPolygon", "coordinates": [[[[88.08688884600008, 26.211187788000075], [88.08679443600005, 26.21093396300006], [88.08656048800003, 26.21094608900006], [88.08656254400006, 26.210569514000042], [88.08660467500005, 26.210002720000034], [88.08674328200004, 26.209313360000067], [88.08699133600004, 26.20911226900006], [88.08748518300007, 26.209086671000023], [88.08830506200007, 26.20885593500003], [88.08916789900007, 26.208481907000078], [88.08972926000007, 26.208288061000076], [88.09003072400003, 26.20810778200007], [88.09002540300008, 26.207614023000076], [88.09016398300008, 26.206924566000055], [88.09035253800005, 26.206608988000028], [88.09075345200006, 26.206352973000037], [88.09079501300005, 26.206186170000024], [88.09072356000007, 26.205883982000046], [88.09039520800007, 26.20564229000007], [88.09002230600004, 26.205520473000036], [88.08986999400008, 26.205175488000066], [88.08987503000003, 26.20484583800004], [88.08994581000007, 26.20350121100006], [88.09000640800008, 26.20281579500005], [88.09135798100004, 26.20274570400005], [88.09236745400005, 26.202609133000067], [88.09204840100006, 26.202288921000047], [88.09188365300008, 26.201264980000076], [88.09175982200009, 26.200104211000053], [88.09096214200008, 26.196958190000032], [88.09072787200006, 26.19562356800003], [88.09055163500005, 26.19442064100008], [88.09084466100006, 26.193552435000072], [88.09088677100004, 26.192652370000076], [88.09033382600006, 26.191783259000033], [88.08951746700006, 26.191466442000035], [88.08793047300009, 26.19154873100007], [88.08659418300005, 26.191662878000045], [88.08586283000005, 26.191117189000067], [88.08526842900005, 26.190074319000075], [88.08415550700005, 26.189146126000026], [88.08333509100004, 26.18851962900004], [88.08119297300004, 26.18736298700003], [88.08004934500008, 26.18717576000006], [88.07911799600004, 26.18725919600007], [88.07847547800003, 26.186975611000037], [88.07779733600006, 26.18613044700004], [88.07735695600007, 26.185343361000037], [88.07706551500007, 26.184442972000056], [88.07712644400004, 26.18355953400004], [88.07774976900004, 26.182928637000032], [88.07831755700005, 26.182652764000068], [88.07864749100008, 26.18231881500003], [88.07870434000006, 26.18064762100005], [88.07733617300005, 26.178496474000042], [88.07547986100008, 26.177703734000033], [88.07381529900005, 26.177345522000053], [88.07326543300007, 26.175151980000066], [88.07050244300007, 26.175591283000074], [88.06989276400003, 26.177622591000045], [88.06677434200003, 26.17763573900004], [88.06533790700007, 26.178614628000048], [88.06324585700008, 26.180040263000024], [88.06255456100007, 26.180075997000074], [88.06212938600004, 26.179991278000045], [88.06147274200003, 26.180572788000063], [88.06086280200003, 26.180526085000054], [88.05972449000006, 26.180350232000023], [88.05929232600005, 26.18037256200006], [88.05887511100008, 26.18062879100006], [88.05910732900008, 26.181555580000065], [88.05883591900005, 26.182743154000036], [88.05889531100007, 26.18367887000005], [88.05920900100006, 26.184523223000042], [88.05883136900007, 26.185403292000046], [88.05766093400007, 26.186089641000024], [88.05575725900007, 26.18751786400003], [88.05593768600005, 26.18899498600007], [88.05551318100004, 26.19050334600007], [88.05494942400009, 26.191287201000023], [88.05463666900005, 26.191722054000024], [88.05316004200006, 26.193050051000057], [88.05213277500008, 26.19325952500003], [88.05180182200007, 26.193511277000027], [88.05202422400004, 26.19428212500003], [88.05201188800004, 26.195456298000067], [88.05204155900003, 26.195924107000053], [88.05153290900006, 26.196106806000046], [88.05040930300004, 26.196164792000047], [88.04971781300009, 26.196200474000022], [88.04887325500005, 26.19655703500007], [88.04866342000008, 26.19735018500006], [88.04812261100005, 26.198395078000033], [88.04784919000008, 26.198815224000043], [88.04966282400005, 26.198854147000077], [88.05081578500005, 26.200068704000046], [88.05153203900005, 26.200759703000074], [88.05323281800008, 26.202127937000057], [88.05429583000006, 26.202982992000045], [88.05690610800008, 26.202787588000035], [88.05913902000003, 26.20194420300004], [88.06038948900004, 26.201515667000024], [88.06249607200004, 26.200800101000027], [88.06431678500007, 26.200674856000035], [88.06526265700006, 26.20273780800005], [88.06566981700007, 26.202860860000044], [88.06624531800009, 26.203119307000065], [88.06628639300004, 26.203765728000064], [88.06656628700006, 26.20439970800004], [88.06758102000003, 26.20528398500005], [88.06793596800009, 26.20584203100003], [88.06971851900005, 26.205828711000038], [88.07153372600004, 26.205257548000077], [88.07289330300006, 26.205147494000073], [88.07446135500004, 26.20554352100004], [88.07640878000007, 26.20635735700006], [88.07840767500005, 26.207287821000023], [88.08013536000004, 26.20811298900003], [88.08194598000006, 26.208854330000065], [88.08249371600004, 26.20743875900007], [88.08346662600007, 26.20714648200004], [88.08492252900004, 26.208107185000074], [88.08485479500007, 26.209636], [88.08402826000008, 26.211092790000066], [88.08468375300004, 26.21169502400005], [88.08551770600008, 26.212327903000073], [88.08602303600009, 26.21269882100006], [88.08638412500005, 26.212272590000055], [88.08649172400004, 26.21191413300005], [88.08643738400008, 26.21146999700005], [88.08661482900004, 26.21139022400007], [88.08688884600008, 26.211187788000075]], [[88.08253472600006, 26.200896603000047], [88.08221318900007, 26.200637957000026], [88.08219303500005, 26.200321405000068], [88.08273217200008, 26.199573610000073], [88.08302528600007, 26.198648020000064], [88.08306048500003, 26.198095678000072], [88.08284516900005, 26.197662181000055], [88.08247009600007, 26.197300443000074], [88.08267311700007, 26.196802981000076], [88.08301516500006, 26.196277123000073], [88.08355236300008, 26.195868118000078], [88.08385967400005, 26.195534597000062], [88.08429210800006, 26.19532164900005], [88.08455471200006, 26.195392714000036], [88.08465911600007, 26.195556744000044], [88.08451414500007, 26.19586066200003], [88.08434989800008, 26.196229153000047], [88.08434932800003, 26.196589070000073], [88.08458537100006, 26.19697910800005], [88.08497445100005, 26.197191867000072], [88.08566221600006, 26.197304470000063], [88.08650838700004, 26.197324094000066], [88.08732655900008, 26.197641662000024], [88.08790139800004, 26.197823592000077], [88.08794767000006, 26.198181173000023], [88.08826875600005, 26.19879971900008], [88.08841798700007, 26.199300118000053], [88.08865673800005, 26.199732392000044], [88.08886948800006, 26.200123632000043], [88.08888158900004, 26.20031354400004], [88.08837766800008, 26.20050911000004], [88.08800067100003, 26.200486272000035], [88.08713565300008, 26.20017113600005], [88.08595929400008, 26.200126246000025], [88.08501361100008, 26.200386988000048], [88.08446833400006, 26.200669359000074], [88.08392977300008, 26.201057244000026], [88.08361428400008, 26.201264130000027], [88.08302005100006, 26.20114667100006], [88.08253472600006, 26.200896603000047]]], [[[88.03219642900007, 26.218354060000024], [88.03221621400007, 26.21730115300005], [88.03236018500007, 26.216164], [88.03297146500006, 26.21558710000005], [88.03378204200004, 26.21542854100005], [88.03447089100007, 26.21539307200004], [88.03527280900005, 26.215780292000034], [88.03610058800007, 26.21589345900003], [88.03652869300004, 26.215832530000057], [88.03669101600008, 26.215668279000056], [88.03661352900008, 26.21512683700007], [88.03628021000009, 26.214637545000073], [88.03581288700008, 26.214077300000042], [88.03522747500006, 26.21301658300007], [88.03513770600006, 26.212281001000065], [88.03514881600006, 26.211773968000045], [88.03497046600006, 26.211004067000033], [88.03468514100007, 26.210590153000055], [88.03430269000006, 26.20932429900006], [88.03343691400005, 26.207927346000076], [88.03287484200007, 26.207917405000046], [88.03194870200008, 26.207614422000063], [88.03094391400003, 26.207432400000073], [88.02903134000007, 26.20792037800004], [88.02717523300004, 26.209301522000032], [88.02699930700004, 26.20993395100004], [88.02624655300008, 26.21032324500004], [88.02569551400006, 26.210487949000026], [88.02558709500005, 26.212188234000052], [88.02528799300006, 26.213606076000076], [88.02457091600007, 26.213876699000025], [88.02347259200008, 26.213582522000024], [88.02269772000005, 26.21362236600004], [88.02228434700004, 26.21391633500008], [88.02249588000006, 26.21452883300003], [88.02256829500004, 26.21499259500007], [88.02311443700006, 26.215431998000042], [88.02356453200008, 26.215720541000053], [88.02385473800007, 26.216212075000044], [88.02390873900003, 26.21706632100006], [88.02366383600008, 26.21797500300005], [88.02394913700005, 26.21838884300007], [88.02440670800007, 26.218793824000045], [88.02491103600005, 26.21857311800005], [88.02548676500004, 26.218114996000054], [88.02604141700004, 26.218008522000048], [88.02674010300007, 26.218128380000053], [88.02730959600007, 26.218254973000057], [88.02781259900007, 26.21869657900004], [88.02875976900003, 26.218647846000067], [88.02938827300005, 26.218342791000055], [88.03019395700005, 26.218106560000024], [88.03108201300006, 26.218489367000075], [88.03142139700003, 26.21975752800006], [88.03178419700004, 26.220712795000054], [88.03236598600006, 26.22103341500008], [88.03288259600004, 26.22100682100006], [88.03296136200004, 26.220885941000063], [88.03270434300003, 26.220236826000075], [88.03205982900005, 26.219607749000033], [88.03186544800008, 26.21926718700007], [88.03217793900006, 26.218744644000026], [88.03219642900007, 26.218354060000024]]], [[[88.03991705300007, 26.225496367000062], [88.04056499400008, 26.22521578800007], [88.04109019200007, 26.225471206000066], [88.04189982700007, 26.225888583000028], [88.04259004500005, 26.226276824000024], [88.04332159600006, 26.22669821900007], [88.04454267100004, 26.226811894000036], [88.04555410100005, 26.22608874200006], [88.04633356900007, 26.22541283100003], [88.04658220100004, 26.225011576000043], [88.04668143500004, 26.22472388500006], [88.04635577000005, 26.224528771000053], [88.04592204300008, 26.22448046900007], [88.04508456600007, 26.22424116700006], [88.04449911800003, 26.224271350000038], [88.04417345800005, 26.224076231000026], [88.04410991800006, 26.22369098000007], [88.04412214000007, 26.22326653600004], [88.04433847300004, 26.222972902000038], [88.04471321900007, 26.222706388000063], [88.04525286900008, 26.22257261200008], [88.04570179200005, 26.222072766000053], [88.04532309700005, 26.22182731500004], [88.04508775400006, 26.221203726000056], [88.04508445700003, 26.220532886000058], [88.04410877200007, 26.220583188000035], [88.04361811300004, 26.22025524000003], [88.04250973100005, 26.220065178000027], [88.04113254600009, 26.219959626000048], [88.03989038600008, 26.22012958700003], [88.03904070400006, 26.220314606000045], [88.03807393300008, 26.220505651000053], [88.03742378400005, 26.220751048000068], [88.03686063800006, 26.221133201000043], [88.03619275700004, 26.221097025000063], [88.03595301900003, 26.221639139000047], [88.03614698900003, 26.222229490000075], [88.03666993900003, 26.222449751000056], [88.03719735000004, 26.222740447000035], [88.03761446500005, 26.223142775000042], [88.03783297000007, 26.22412038600004], [88.03842727700004, 26.225467164000065], [88.03849302800006, 26.225887589000024], [88.03855442100007, 26.22623757300005], [88.03858117600004, 26.226660007000078], [88.03878741200003, 26.226826002000053], [88.03906515100005, 26.226882268000054], [88.03913868900008, 26.226807906000033], [88.03935726100008, 26.226549360000035], [88.03934388300007, 26.226338143000078], [88.03944759500007, 26.226120894000076], [88.03965725400008, 26.225721659000044], [88.03991705300007, 26.225496367000062]]]]}}, {"type": "Feature", "properties": {"OBJECTID": 4524, "GPCODE": "94291", "GPNAME_1": "DOOBANOCHI", "DIST_CEN_C": "08", "BLK_NAME": "POTHIA", "ST_NAME": "BIHAR", "ST_CODE_1": "10", "GPCODE2011": "96845", "REMARKS": "FINALIZED", "MAP_STATUS": "COMPLETED", "BLK_C_2001": "080004", "BLK_C_2011": "01124", "DIST_NAME": "KISHANGANJ", "code2011": 0.0, "Shape_Leng": 0.28023560151, "Shape_Area": 0.0020644019, "Area": 22.8063}, "geometry": {"type": "MultiPolygon", "coordinates": [[[[88.24368155500008, 26.456255678000048], [88.24452914300008, 26.45624571700006], [88.24520043500007, 26.456487976000062], [88.24645458400005, 26.45739354400007], [88.24735398000007, 26.458179079000047], [88.24741162700008, 26.45819676600007], [88.24841626500006, 26.458504798000035], [88.24936785800008, 26.458315766000055], [88.24993297300006, 26.458112389000064], [88.25049583900005, 26.45787449100004], [88.25097503300003, 26.457536815000026], [88.25158310400008, 26.457400626000037], [88.25223628500004, 26.457366153000066], [88.25282857900004, 26.45698786400004], [88.25310218700008, 26.45645283400006], [88.25321081700008, 26.45575295200007], [88.25328550400008, 26.455124323000064], [88.25339864200004, 26.45449366300005], [88.25366322600007, 26.453820277000034], [88.25394809500006, 26.453458210000065], [88.25445895300004, 26.453014750000023], [88.25503759700007, 26.452428971000074], [88.25519593500007, 26.45190002000004], [88.25535880800004, 26.450850240000022], [88.25543358300007, 26.450221601000067], [88.25575916700006, 26.449302057000068], [88.25569604900005, 26.448333668000032], [88.25594707900007, 26.447452697000074], [88.25586869200004, 26.446102430000053], [88.25596891600009, 26.446000913000034], [88.25606904300008, 26.44589949500005], [88.25622651900005, 26.445506652000063], [88.25622852200007, 26.444600045000072], [88.25601038300005, 26.44406213700006], [88.25613038600005, 26.443094391000045], [88.25673679000005, 26.442567933000078], [88.25711968500008, 26.44235535400003], [88.25768671300006, 26.44216059300004], [88.25797476900004, 26.441898208000055], [88.25825211000006, 26.441471484000033], [88.25882091600005, 26.44130407800003], [88.25917331600004, 26.441093197000043], [88.25957410000007, 26.440687402000037], [88.25972620100003, 26.44021238600004], [88.25989619700005, 26.439544160000025], [88.26000541200006, 26.438879144000055], [88.26031674100005, 26.43803854500004], [88.26067448800006, 26.437909829000034], [88.26127733600003, 26.437795519000076], [88.26165282000005, 26.43786503700005], [88.26205773700008, 26.437701765000043], [88.26250035300006, 26.437459113000045], [88.26303543800003, 26.437314753000067], [88.26353356000004, 26.437262628000042], [88.26390390300008, 26.437449410000056], [88.26445573500007, 26.43778136800006], [88.26486725600006, 26.43772091900007], [88.26522849900005, 26.437547049000045], [88.26564926300006, 26.43740872400008], [88.26618602200006, 26.437290060000066], [88.26660594600008, 26.43713887900003], [88.26708896100007, 26.436855293000065], [88.26773997500004, 26.436072714000034], [88.26798858600006, 26.43571133100005], [88.26824307700008, 26.435220569000023], [88.26848423700005, 26.43474350100007], [88.26866482400004, 26.434217954000076], [88.26864216700005, 26.43387082600003], [88.26862035400006, 26.433536643000025], [88.26867915300005, 26.433340069000053], [88.26884376000004, 26.43322818200005], [88.26900920000008, 26.43312905500005], [88.26919489800008, 26.433119232000024], [88.26938721100004, 26.43321233100005], [88.26955004200005, 26.433294277000073], [88.27002616900006, 26.433322429000043], [88.27032159200007, 26.433306799000036], [88.27099233100006, 26.43268428600004], [88.27166726500008, 26.432550827000057], [88.27203925700007, 26.432248869000034], [88.27215646700006, 26.431643112000074], [88.27195663100008, 26.430983471000047], [88.27158464900003, 26.429486394000037], [88.27148821700007, 26.428609667000046], [88.27185116400005, 26.427567585000077], [88.27181443600006, 26.427005071000053], [88.27197747700006, 26.426502647000063], [88.27231279900008, 26.426238002000048], [88.27291910300005, 26.42592373100007], [88.27342211400008, 26.425826538000024], [88.27375051400008, 26.42605605400007], [88.27430625700003, 26.426167774000078], [88.27510323300004, 26.425772832000064], [88.27590928900008, 26.425518542000077], [88.27634798100007, 26.42503670800005], [88.27627678000005, 26.42454668000005], [88.27620558000007, 26.424056652000047], [88.27654547500003, 26.423862232000033], [88.27705067700003, 26.423800287000063], [88.27723905300007, 26.423684458000025], [88.27763857700006, 26.42320469400005], [88.27780858400007, 26.422807745000057], [88.27788200200007, 26.422133634000033], [88.27776725100006, 26.42157534200004], [88.27743876300008, 26.42074618500004], [88.27732861000004, 26.420258218000072], [88.27684629900006, 26.420072052000023], [88.27618261200007, 26.42010719600006], [88.27570500500008, 26.419991438000068], [88.27539268700008, 26.420007974000043], [88.27500917100008, 26.419534387000056], [88.27440450500006, 26.41872638500007], [88.27385871300004, 26.41868194500006], [88.27301687900007, 26.418677587000047], [88.27250129200007, 26.418680463000044], [88.27172631300004, 26.41845265300003], [88.26881417800007, 26.418337826000027], [88.26787042300003, 26.41843667100005], [88.26696819100005, 26.418753220000042], [88.26619629500004, 26.418989630000056], [88.26584620800008, 26.419032558000026], [88.26418954300004, 26.419853489000047], [88.26370573200006, 26.419927896000047], [88.26294823400008, 26.419967944000064], [88.26221468500006, 26.41995789400005], [88.26167196300008, 26.419962077000037], [88.26137125600007, 26.419929144000037], [88.26094319600008, 26.419609519000062], [88.26035772700004, 26.418540565000058], [88.25973241200006, 26.417693620000023], [88.25909715500006, 26.416673631000037], [88.25807642200004, 26.41494768000007], [88.25744076500007, 26.414211546000047], [88.25680824400007, 26.41352342700003], [88.25632601900008, 26.412682911000047], [88.25526797600008, 26.41038164300005], [88.25480451800007, 26.409828856000047], [88.25446009700005, 26.409462141000063], [88.25387445600006, 26.409493071000043], [88.25334203600005, 26.409521188000042], [88.25270942100008, 26.40965086700004], [88.25236500700004, 26.40928414800004], [88.25188293500008, 26.408443701000067], [88.25157302100007, 26.407786616000067], [88.25155428900007, 26.407498971000052], [88.25104086000005, 26.40699690100007], [88.25044898800007, 26.406931967000048], [88.24976617500005, 26.40711228300006], [88.24910859700003, 26.406858360000058], [88.24755550400005, 26.405978248000054], [88.24741214100004, 26.40584255600004], [88.24692941200004, 26.40538583800003], [88.24656932900007, 26.40477948000006], [88.24652399900003, 26.404493238000043], [88.24647866900006, 26.404206996000028], [88.24658850800006, 26.403431478000073], [88.24622853400007, 26.402825114000052], [88.24500134900006, 26.40120614700004], [88.24507669300004, 26.400721083000064], [88.24529911300004, 26.400035897000066], [88.24527415400007, 26.399652306000064], [88.24487657700007, 26.39928846600003], [88.24418473900005, 26.398507151000047], [88.24314523700008, 26.398128988000053], [88.24215584600006, 26.397700176000058], [88.24116645600003, 26.397271267000065], [88.24049828400007, 26.396600069000044], [88.23983495400006, 26.396107065000024], [88.23894145500003, 26.396235431000036], [88.23800298900005, 26.396366071000045], [88.23731313400003, 26.396158852000042], [88.23686135700007, 26.39545163500003], [88.23586528200008, 26.39400162800007], [88.23511733100008, 26.393594320000034], [88.23458881400006, 26.39309428100006], [88.23420043000004, 26.392668021000077], [88.23417939000007, 26.392344196000067], [88.23129851200008, 26.391531584000063], [88.22968195900006, 26.391175162000025], [88.22912524000003, 26.391094112000076], [88.22876589500004, 26.391223404000073], [88.22836691700007, 26.391685980000034], [88.22770224800007, 26.39183134700005], [88.22714542500006, 26.391750295000065], [88.22645576500008, 26.391510683000035], [88.22590618600003, 26.391539614000067], [88.22514070000005, 26.392021382000053], [88.22442567500008, 26.392335030000027], [88.22378259200008, 26.392408029000023], [88.22377002400003, 26.392862232000027], [88.22367117700009, 26.393925790000026], [88.22377458200003, 26.396028397000066], [88.22456292100009, 26.396081154000058], [88.22487884900005, 26.39611169500006], [88.22514572700004, 26.396191894000026], [88.22513010700004, 26.39675819100006], [88.22547042300005, 26.39716443100008], [88.22594283800004, 26.397186641000076], [88.22636915900006, 26.39730561400006], [88.22674633000008, 26.397474250000073], [88.22671557200005, 26.39780568300006], [88.22683779300007, 26.39888312100004], [88.22686154900003, 26.400861028000065], [88.22691616600008, 26.402507494000076], [88.22648945900005, 26.403189673000043], [88.22635135500008, 26.403479679000043], [88.22646784900007, 26.40366203700006], [88.22683589400003, 26.403689832000055], [88.22769162300006, 26.403974595000022], [88.22809026600004, 26.404472002000034], [88.22891795000004, 26.405936346000033], [88.22871483800003, 26.40764345300005], [88.22859503800004, 26.408215322000046], [88.22836167600008, 26.408651665000036], [88.22800571700003, 26.40881181900005], [88.22723264300004, 26.40899383800007], [88.22602701100004, 26.408963055000072], [88.22508828600007, 26.40901246100003], [88.22437035700005, 26.409238732000063], [88.22367986100005, 26.409887703000038], [88.22334522500006, 26.41037653400008], [88.22305059800004, 26.410674769000025], [88.22262089500003, 26.411309920000065], [88.22243667100008, 26.41169668200007], [88.22240884700005, 26.41207512400007], [88.22265863400008, 26.412602483000057], [88.22236492200005, 26.41361491600003], [88.22232333900007, 26.413882241000067], [88.22207446900006, 26.414584615000024], [88.22162024200009, 26.415297790000068], [88.22077793200003, 26.415474664000044], [88.21963178000004, 26.415508412000065], [88.21930221100007, 26.41541970800006], [88.21871531000005, 26.415450571000065], [88.21798178600005, 26.415489141000023], [88.21684591600007, 26.415681428000028], [88.21672512700007, 26.415634714000078], [88.21625054800006, 26.41558015800007], [88.21552034300004, 26.415671514000053], [88.21516484000006, 26.415637228000037], [88.21466774800007, 26.415689887000042], [88.21330913700007, 26.416079395000054], [88.21223012000007, 26.416692802000057], [88.21117008600004, 26.41714619700008], [88.21032406700004, 26.41772091000007], [88.20985767400003, 26.418249053000068], [88.20936030500008, 26.418752382000037], [88.20917549100005, 26.419080287000043], [88.20939968000005, 26.41936008600004], [88.20996237500003, 26.41941012600006], [88.21055100400008, 26.41940564600003], [88.21097039000006, 26.41951618300004], [88.21143788100005, 26.419915857000035], [88.21160336500003, 26.420319051000035], [88.21235657300008, 26.42015437400005], [88.21277902500003, 26.419975934000036], [88.21324714200006, 26.419966905000024], [88.21367968700008, 26.419944176000058], [88.21495695600004, 26.41983015900007], [88.21545773000008, 26.419788269000037], [88.21600625300005, 26.419681224000044], [88.21660981600007, 26.419618266000043], [88.21744033500005, 26.419574604000047], [88.21810595500006, 26.41939893400007], [88.21865760800006, 26.419338606000053], [88.21985032200007, 26.419260317000067], [88.22054843200004, 26.419317385000056], [88.22129945600005, 26.419387328000028], [88.22267271700008, 26.419265895000024], [88.22379030000008, 26.419155600000067], [88.22487651200004, 26.419149943000036], [88.22583420000007, 26.41921967600007], [88.22658841400005, 26.419385973000033], [88.22735836600003, 26.419499940000037], [88.22810813600006, 26.41959773800005], [88.22871384100006, 26.419531581000058], [88.22928049800004, 26.41945024900008], [88.23014426800006, 26.419542036000053], [88.23110196800008, 26.41961182800003], [88.23199377000003, 26.41954763500007], [88.23240505900009, 26.419422976000078], [88.23312030800008, 26.41928230700006], [88.23370704300004, 26.41921712900006], [88.23412277500006, 26.419160865000038], [88.23439648200008, 26.41926657700003], [88.23467147500008, 26.419097687000033], [88.23488279200006, 26.418829063000032], [88.23512752600004, 26.418781806000027], [88.23520604800007, 26.418806001000064], [88.23528455200005, 26.41883019000005], [88.23579418200006, 26.41984702600007], [88.23601612500005, 26.420470628000032], [88.23599113400007, 26.421016406000035], [88.23577359800004, 26.42139084200005], [88.23526298200005, 26.42190785200006], [88.23440478000003, 26.422660863000033], [88.23333981800005, 26.423334109000052], [88.23277596500003, 26.423962713000037], [88.23244953600005, 26.424832983000044], [88.23228381000007, 26.425386169000035], [88.232123, 26.425703256000077], [88.23178598000004, 26.426410651000026], [88.23140173300004, 26.42701173200004], [88.23114869700004, 26.42746062200007], [88.23122030500008, 26.42840214100005], [88.23161492700007, 26.42929136600003], [88.23153906900006, 26.42985142400005], [88.23094636700006, 26.430236576000027], [88.23076835400008, 26.43095364900006], [88.23107075000007, 26.432151003000058], [88.23160681700006, 26.433487779000075], [88.23193247300009, 26.43417832700004], [88.23244891000007, 26.435212768000042], [88.23226435400005, 26.435829124000065], [88.23156302400008, 26.436270480000076], [88.23150680700007, 26.437132863000045], [88.23155918600008, 26.437938952000025], [88.23191682300006, 26.439041174000067], [88.23038196300007, 26.439245895000056], [88.22964364700005, 26.439532576000033], [88.22836907200008, 26.43950671600004], [88.22747754300008, 26.439553639000053], [88.22700563300003, 26.439702381000075], [88.22643673600004, 26.439949177000074], [88.22597674700006, 26.440283101000034], [88.22504905700004, 26.440490272000034], [88.22517119600008, 26.441012818000047], [88.22554602600007, 26.44248770300004], [88.22580922100008, 26.44337325300006], [88.22567044100003, 26.443724451000037], [88.22517165600004, 26.443962300000067], [88.22447386700009, 26.444303201000025], [88.22390969400004, 26.44443872900007], [88.22395331400008, 26.44469289400007], [88.22400417700004, 26.444989260000057], [88.22394379000008, 26.445190870000033], [88.22363197800007, 26.445365907000053], [88.22262202400003, 26.445752054000025], [88.22135963800008, 26.446625991000076], [88.22077461700007, 26.44736923100004], [88.22065687500003, 26.447992827000064], [88.22074627000006, 26.448558181000067], [88.22127183400005, 26.449337998000033], [88.22172595100005, 26.450644089000036], [88.22233785300006, 26.451941787000067], [88.22294362900004, 26.453144919000067], [88.22317852600008, 26.453512568000065], [88.22381877700008, 26.45362131400003], [88.22499424000006, 26.453844507000042], [88.22714695900004, 26.45449125400006], [88.22908312800007, 26.45505429900004], [88.22984246700008, 26.455370586000072], [88.23060176600006, 26.45568683600004], [88.23117071800004, 26.456321822000064], [88.23181471900006, 26.457482164000055], [88.23188790900008, 26.457614033000027], [88.23278136900007, 26.459181983000065], [88.23346144300007, 26.46071353700006], [88.23401339100008, 26.46140753700007], [88.23432847300006, 26.461088784000026], [88.23451108300009, 26.460612109000067], [88.23447904200003, 26.460119285000076], [88.23467421500004, 26.459834298000033], [88.23497481600003, 26.459763562000035], [88.23545432800006, 26.459628405000046], [88.23601810700006, 26.45937890500005], [88.23658356100003, 26.45915676800007], [88.23736010800008, 26.458896147000075], [88.23780387500005, 26.45868041600005], [88.23875052200003, 26.458218474000034], [88.23976873500004, 26.457746030000067], [88.24110925100007, 26.45701596600003], [88.24193659200006, 26.45669479000003], [88.24368155500008, 26.456255678000048]]]]}}, {"type": "Feature", "properties": {"OBJECTID": 4529, "GPCODE": "94292", "GPNAME_1": "FALA", "DIST_CEN_C": "08", "BLK_NAME": "POTHIA", "ST_NAME": "BIHAR", "ST_CODE_1": "10", "GPCODE2011": "96846", "REMARKS": "FINALIZED", "MAP_STATUS": "COMPLETED", "BLK_C_2001": "080004", "BLK_C_2011": "01124", "DIST_NAME": "KISHANGANJ", "code2011": 0.0, "Shape_Leng": 0.31944243756, "Shape_Area": 0.00192772699, "Area": 21.2992}, "geometry": {"type": "MultiPolygon", "coordinates": [[[[88.22747754300008, 26.439553639000053], [88.22836907200008, 26.43950671600004], [88.22964364700005, 26.439532576000033], [88.23038196300007, 26.439245895000056], [88.23191682300006, 26.439041174000067], [88.23155918600008, 26.437938952000025], [88.23150680700007, 26.437132863000045], [88.23156302400008, 26.436270480000076], [88.23226435400005, 26.435829124000065], [88.23244891000007, 26.435212768000042], [88.23193247300009, 26.43417832700004], [88.23160681700006, 26.433487779000075], [88.23107075000007, 26.432151003000058], [88.23076835400008, 26.43095364900006], [88.23094636700006, 26.430236576000027], [88.23153906900006, 26.42985142400005], [88.23161492700007, 26.42929136600003], [88.23122030500008, 26.42840214100005], [88.23114869700004, 26.42746062200007], [88.23140173300004, 26.42701173200004], [88.23178598000004, 26.426410651000026], [88.232123, 26.425703256000077], [88.23228381000007, 26.425386169000035], [88.23244953600005, 26.424832983000044], [88.23277596500003, 26.423962713000037], [88.23333981800005, 26.423334109000052], [88.23440478000003, 26.422660863000033], [88.23526298200005, 26.42190785200006], [88.23577359800004, 26.42139084200005], [88.23599113400007, 26.421016406000035], [88.23601612500005, 26.420470628000032], [88.23579418200006, 26.41984702600007], [88.23528455200005, 26.41883019000005], [88.23520604800007, 26.418806001000064], [88.23512752600004, 26.418781806000027], [88.23488279200006, 26.418829063000032], [88.23467147500008, 26.419097687000033], [88.23439648200008, 26.41926657700003], [88.23412277500006, 26.419160865000038], [88.23370704300004, 26.41921712900006], [88.23312030800008, 26.41928230700006], [88.23240505900009, 26.419422976000078], [88.23199377000003, 26.41954763500007], [88.23110196800008, 26.41961182800003], [88.23014426800006, 26.419542036000053], [88.22928049800004, 26.41945024900008], [88.22871384100006, 26.419531581000058], [88.22810813600006, 26.41959773800005], [88.22735836600003, 26.419499940000037], [88.22658841400005, 26.419385973000033], [88.22583420000007, 26.41921967600007], [88.22487651200004, 26.419149943000036], [88.22379030000008, 26.419155600000067], [88.22267271700008, 26.419265895000024], [88.22129945600005, 26.419387328000028], [88.22054843200004, 26.419317385000056], [88.21985032200007, 26.419260317000067], [88.21865760800006, 26.419338606000053], [88.21810595500006, 26.41939893400007], [88.21744033500005, 26.419574604000047], [88.21660981600007, 26.419618266000043], [88.21600625300005, 26.419681224000044], [88.21545773000008, 26.419788269000037], [88.21495695600004, 26.41983015900007], [88.21367968700008, 26.419944176000058], [88.21324714200006, 26.419966905000024], [88.21277902500003, 26.419975934000036], [88.21235657300008, 26.42015437400005], [88.21160336500003, 26.420319051000035], [88.21143788100005, 26.419915857000035], [88.21097039000006, 26.41951618300004], [88.21055100400008, 26.41940564600003], [88.20996237500003, 26.41941012600006], [88.20939968000005, 26.41936008600004], [88.20917549100005, 26.419080287000043], [88.20936030500008, 26.418752382000037], [88.20985767400003, 26.418249053000068], [88.21032406700004, 26.41772091000007], [88.21117008600004, 26.41714619700008], [88.21223012000007, 26.416692802000057], [88.21330913700007, 26.416079395000054], [88.21466774800007, 26.415689887000042], [88.21516484000006, 26.415637228000037], [88.21552034300004, 26.415671514000053], [88.21625054800006, 26.41558015800007], [88.21672512700007, 26.415634714000078], [88.21684591600007, 26.415681428000028], [88.21798178600005, 26.415489141000023], [88.21871531000005, 26.415450571000065], [88.21930221100007, 26.41541970800006], [88.21963178000004, 26.415508412000065], [88.22077793200003, 26.415474664000044], [88.22162024200009, 26.415297790000068], [88.22207446900006, 26.414584615000024], [88.22232333900007, 26.413882241000067], [88.22236492200005, 26.41361491600003], [88.22265863400008, 26.412602483000057], [88.22240884700005, 26.41207512400007], [88.22243667100008, 26.41169668200007], [88.22262089500003, 26.411309920000065], [88.22305059800004, 26.410674769000025], [88.22334522500006, 26.41037653400008], [88.22367986100005, 26.409887703000038], [88.22437035700005, 26.409238732000063], [88.22508828600007, 26.40901246100003], [88.22602701100004, 26.408963055000072], [88.22723264300004, 26.40899383800007], [88.22800571700003, 26.40881181900005], [88.22836167600008, 26.408651665000036], [88.22859503800004, 26.408215322000046], [88.22871483800003, 26.40764345300005], [88.22891795000004, 26.405936346000033], [88.22809026600004, 26.404472002000034], [88.22769162300006, 26.403974595000022], [88.22683589400003, 26.403689832000055], [88.22646784900007, 26.40366203700006], [88.22635135500008, 26.403479679000043], [88.22648945900005, 26.403189673000043], [88.22691616600008, 26.402507494000076], [88.22686154900003, 26.400861028000065], [88.22683779300007, 26.39888312100004], [88.22671557200005, 26.39780568300006], [88.22674633000008, 26.397474250000073], [88.22636915900006, 26.39730561400006], [88.22594283800004, 26.397186641000076], [88.22547042300005, 26.39716443100008], [88.22513010700004, 26.39675819100006], [88.22514572700004, 26.396191894000026], [88.22487884900005, 26.39611169500006], [88.22456292100009, 26.396081154000058], [88.22377458200003, 26.396028397000066], [88.22323714600003, 26.396292063000033], [88.22257773700005, 26.396477941000057], [88.22224803500006, 26.39657092500005], [88.22196745800005, 26.396774639000057], [88.22182939000004, 26.39723553500005], [88.22138884500004, 26.39756107200003], [88.22033067700005, 26.398070278000034], [88.21905353300008, 26.398439905000032], [88.21776660500007, 26.39865876400006], [88.21626324500005, 26.398775584000077], [88.21522243000004, 26.39890593800004], [88.21326872800006, 26.399197581000067], [88.21244921000005, 26.399505237000028], [88.21030347500005, 26.40007151900005], [88.20930200500004, 26.40016199400003], [88.20771735500006, 26.400320772000043], [88.20688562200007, 26.40044008900003], [88.20648027200008, 26.39936526100007], [88.20635477000008, 26.39937185200006], [88.20602260500004, 26.399427066000044], [88.20572980200006, 26.399442441000076], [88.20551338200005, 26.39934039700006], [88.20552624600003, 26.39824360700004], [88.20550429100007, 26.397904539000024], [88.20510838200005, 26.397622969000054], [88.20468032800005, 26.397494265000034], [88.20429894800003, 26.397438652000062], [88.20407522100004, 26.397223675000077], [88.20390094600003, 26.39647683800007], [88.20326902400006, 26.395791889000066], [88.20277932200008, 26.396006545000034], [88.20234884000007, 26.395840190000058], [88.20180550100008, 26.395226129000037], [88.20107003600003, 26.394886735000057], [88.20108293900006, 26.393789941000023], [88.20119660300008, 26.39295244500005], [88.20113286200007, 26.392615567000064], [88.20136678800003, 26.392338704000053], [88.20173098400005, 26.392130638000026], [88.20192310900006, 26.391855967000026], [88.20193074700006, 26.391328271000077], [88.20193077500005, 26.391326391000064], [88.20081654100005, 26.39058060700006], [88.20006920000003, 26.39025638700008], [88.19931248800003, 26.389787281000054], [88.19925156000005, 26.388845537000066], [88.19878378500005, 26.38785245100007], [88.19805597900006, 26.386582255000064], [88.19645750400008, 26.385575792000054], [88.19534632100005, 26.384616444000073], [88.19462325100005, 26.383418671000072], [88.19182694300008, 26.38385604800004], [88.19030803400005, 26.384081047000052], [88.19025569200005, 26.384519917000034], [88.19030250700007, 26.385244341000032], [88.18993780300008, 26.385844959000053], [88.18987141500008, 26.386066502000062], [88.18890623800007, 26.38611708600007], [88.18793638000005, 26.38609522200005], [88.18759593400006, 26.385822311000027], [88.18797469000003, 26.38543902600003], [88.18803172000008, 26.38507259900007], [88.18761552600006, 26.384876344000077], [88.18807002900007, 26.384416402000056], [88.18893136000008, 26.384007825000026], [88.18970289300006, 26.38345857400003], [88.19039867100008, 26.38298597800008], [88.19037526400007, 26.382623765000062], [88.18932032200007, 26.382533683000077], [88.18835985200008, 26.382656707000024], [88.18701595100003, 26.383090566000078], [88.18621165500008, 26.383132706000026], [88.18540267900005, 26.38310239900005], [88.18512306700006, 26.38377123600003], [88.18482473800003, 26.384150301000034], [88.18434683400005, 26.384248021000076], [88.18352381900007, 26.384000376000074], [88.18333489300005, 26.38357414500007], [88.18331618400003, 26.383284374000027], [88.18290935700009, 26.383232992000046], [88.18278215600003, 26.382512777000045], [88.18299538100007, 26.382065484000066], [88.18312817500004, 26.38162240300005], [88.18293925500006, 26.381196170000067], [88.18258012500007, 26.380633475000025], [88.18080602700007, 26.380653683000048], [88.17815656600004, 26.38086506600007], [88.17745607900008, 26.38126516600005], [88.17684536500008, 26.38180594000005], [88.17674993700007, 26.382828559000075], [88.17645158500005, 26.383207609000067], [88.17616257900005, 26.383731544000057], [88.17528682800008, 26.384859017000053], [88.17507707200008, 26.386113782000052], [88.17562621700006, 26.386739697000053], [88.17690398300005, 26.387392985000076], [88.17747840500004, 26.38841039500005], [88.17698725400004, 26.389810796000063], [88.17647515300007, 26.390885060000073], [88.17676396000007, 26.391982823000035], [88.17730061000003, 26.392412973000035], [88.17763665500007, 26.393115532000024], [88.17755539300003, 26.393986477000055], [88.17755072600005, 26.394036491000065], [88.17763492800003, 26.39534136800006], [88.17803413800004, 26.397022581000044], [88.17665770700006, 26.397094606000053], [88.17608233100003, 26.397190211000066], [88.17589864200005, 26.397723459000076], [88.17591968900007, 26.398049678000064], [88.17566361800004, 26.398586804000047], [88.17503258000005, 26.39894713500007], [88.17418427800004, 26.399318828000048], [88.17290966600007, 26.399843813000075], [88.17276393600008, 26.400964299000066], [88.17281442900008, 26.40174720400006], [88.17247322400004, 26.402092365000044], [88.17164161800008, 26.402724986000067], [88.17093816000005, 26.403089084000044], [88.17028615500004, 26.40312317200005], [88.16933587900007, 26.403041940000037], [88.16800653700005, 26.402718698000058], [88.16718862900007, 26.40243412600006], [88.16683569900005, 26.401470618000076], [88.16676842100009, 26.400426681000056], [88.16678624700006, 26.39957470400003], [88.16594303300008, 26.398898630000076], [88.16547057600008, 26.398334181000052], [88.16518595100007, 26.397301597000023], [88.16407917100008, 26.395919239000023], [88.16151015600008, 26.395654868000065], [88.16130727700005, 26.395633988000043], [88.16129463000004, 26.39575758500007], [88.16118566800003, 26.396822388000032], [88.16076072700008, 26.397915064000074], [88.16007034600005, 26.39873168400004], [88.15925802900006, 26.39957705100005], [88.15872612900006, 26.400162356000067], [88.15825788600006, 26.40096745900007], [88.15781573500004, 26.40179340000003], [88.15764925900004, 26.40258099700003], [88.15740988400006, 26.40501081800005], [88.15768114400004, 26.405882612000028], [88.15809815400007, 26.407106631000033], [88.15875269100007, 26.408678175000034], [88.15939125200003, 26.410001355000077], [88.16012938500006, 26.410959408000053], [88.16100291400005, 26.411633649000066], [88.16197720300005, 26.41244099200003], [88.16294664200007, 26.412694831000067], [88.16337560200003, 26.412672427000075], [88.16380456200005, 26.412650021000047], [88.16460700400006, 26.412220543000046], [88.16539129400007, 26.41198574300006], [88.16627446600006, 26.411856597000053], [88.16827803200005, 26.410506112000064], [88.16960002900004, 26.409551062000048], [88.17014086000006, 26.409356692000074], [88.17092570200003, 26.40949733000008], [88.17172539900008, 26.410007893000056], [88.17267128700007, 26.410407262000035], [88.17313636100005, 26.41048648900005], [88.17401738600006, 26.410474960000045], [88.17454783200003, 26.410378124000033], [88.17507838500006, 26.410281373000032], [88.17577054900005, 26.41031416800007], [88.17674126000009, 26.410505027000056], [88.17762894500004, 26.410596677000058], [88.17879344400006, 26.410225100000048], [88.17922974800007, 26.40985698700007], [88.17955135100004, 26.409494967000057], [88.18041190400004, 26.409760662000053], [88.18141381900006, 26.410433142000045], [88.18198203100008, 26.410921226000028], [88.18229391200003, 26.411595368000064], [88.18249340800008, 26.412309848000064], [88.18275067600007, 26.413918865000028], [88.18311005000004, 26.414141691000054], [88.18354378300006, 26.41432616800006], [88.18412136400008, 26.414364926000076], [88.18486725000008, 26.41463660200003], [88.18523339900008, 26.414962615000036], [88.18558798700008, 26.41570351400003], [88.18589323100008, 26.416274448000024], [88.18588388800003, 26.416723673000035], [88.18572402900008, 26.41721541800007], [88.18653227800007, 26.41845038100007], [88.18726406700006, 26.41968934500005], [88.18785477600005, 26.420328233000077], [88.18800825700004, 26.420304675000068], [88.18816184300005, 26.420281101000057], [88.18876179200004, 26.41997053700004], [88.18940208900005, 26.41975080800006], [88.18974541600005, 26.419732820000036], [88.19025435900005, 26.419613107000032], [88.19092502700005, 26.419329874000027], [88.19196937700008, 26.41896496100003], [88.19320960000005, 26.418434730000058], [88.19346030600008, 26.418049315000076], [88.19540551700004, 26.417233924000072], [88.19575083700005, 26.41724686300006], [88.19669544000004, 26.418003783000074], [88.19780530500003, 26.41918630300006], [88.20023152000005, 26.421013076000065], [88.20126091500003, 26.422013702000072], [88.20223384500008, 26.422676058000036], [88.20275771600006, 26.422826366000038], [88.20348630700005, 26.42314234500003], [88.20385741100006, 26.423406241000066], [88.20404624400004, 26.42389223300006], [88.20414722100008, 26.424843271000043], [88.20431965900008, 26.425684338000053], [88.20470230700005, 26.426124780000066], [88.20519795400008, 26.42648835400007], [88.20627482600008, 26.426715195000043], [88.20695743300007, 26.426927354000043], [88.20762163900008, 26.426857012000028], [88.20772064300007, 26.427170654000065], [88.20771350300004, 26.427666931000033], [88.20774552100005, 26.42816115100004], [88.20804051500005, 26.42846441000006], [88.20844404500008, 26.428620374000047], [88.20917039300008, 26.42890097800006], [88.21003453900005, 26.42911317100004], [88.21021782100007, 26.429926669000054], [88.21051107400007, 26.43042080200007], [88.21065102200004, 26.43123657500007], [88.21061994100006, 26.43210057500005], [88.21071809800009, 26.432271773000025], [88.21081629000008, 26.43244300300006], [88.21198498200005, 26.433008788000052], [88.21320461900007, 26.433689438000044], [88.21547562300003, 26.434411927000042], [88.21575375700007, 26.435559169000044], [88.21625282700006, 26.436969971000053], [88.21698735200005, 26.437298291000047], [88.21813759400004, 26.437481825000077], [88.21842873500003, 26.43752827800006], [88.21998741100003, 26.437996672000054], [88.22087344500005, 26.438041835000035], [88.22161217800004, 26.437911230000054], [88.22201629500006, 26.437859484000057], [88.22215765500005, 26.43794371100006], [88.22249788000005, 26.438476254000022], [88.22296538500007, 26.439399429000048], [88.22374963000004, 26.43996978200005], [88.22504905700004, 26.440490272000034], [88.22597674700006, 26.440283101000034], [88.22643673600004, 26.439949177000074], [88.22700563300003, 26.439702381000075], [88.22747754300008, 26.439553639000053]]]]}}, {"type": "Feature", "properties": {"OBJECTID": 4533, "GPCODE": "94293", "GPNAME_1": "GORUKHAL", "DIST_CEN_C": "08", "BLK_NAME": "POTHIA", "ST_NAME": "BIHAR", "ST_CODE_1": "10", "GPCODE2011": "96847", "REMARKS": "FINALIZED", "MAP_STATUS": "COMPLETED", "BLK_C_2001": "080004", "BLK_C_2011": "01124", "DIST_NAME": "KISHANGANJ", "code2011": 0.0, "Shape_Leng": 0.29677274921, "Shape_Area": 0.00160258463, "Area": 17.7146}, "geometry": {"type": "MultiPolygon", "coordinates": [[[[88.28094424100004, 26.377920808000056], [88.28189340100005, 26.377909378000027], [88.28258933400008, 26.377989125000056], [88.28332078700004, 26.37795034800007], [88.28348028600004, 26.37774749600004], [88.28301204500008, 26.37718894900007], [88.28237165600007, 26.37663961900006], [88.28206291700008, 26.375878125000042], [88.28187046900007, 26.374916163000023], [88.28211341800005, 26.374008786000047], [88.28309223100007, 26.371654727000077], [88.28305527300006, 26.370350451000036], [88.28272095400007, 26.369671572000073], [88.28270389300008, 26.36904110100005], [88.28333285200006, 26.36831114900008], [88.28397040800007, 26.367711289000056], [88.28504978000007, 26.366108361000045], [88.28547194900005, 26.36554165800004], [88.28571272300007, 26.36441860900004], [88.28621530500004, 26.362200319000067], [88.28653610500004, 26.36112673300005], [88.28676771500005, 26.360018628000034], [88.28707068200004, 26.359337270000026], [88.28742206300007, 26.358731655000042], [88.28746279500007, 26.358025050000037], [88.28786513100005, 26.35753410600006], [88.28836418100008, 26.357194470000024], [88.28924009800005, 26.35663923800007], [88.28999892200005, 26.35628590400006], [88.29090543800004, 26.356198729000027], [88.29161844300006, 26.356473952000044], [88.29274912500006, 26.357157442000073], [88.29359214100003, 26.358091044000048], [88.29474326900004, 26.359086594000075], [88.29527549000005, 26.359254022000073], [88.29623043800007, 26.35924246700006], [88.29664550100006, 26.35894642100004], [88.29721330100006, 26.35832928700006], [88.29748820800006, 26.35788414900003], [88.29757975700005, 26.35729230800007], [88.29751849400003, 26.356356360000063], [88.29735036500006, 26.355778220000047], [88.29692247100007, 26.355213969000033], [88.29608702800004, 26.353732066000077], [88.29607929200006, 26.352949714000033], [88.29628043900004, 26.352704276000054], [88.29698824700006, 26.352236144000074], [88.29771392300006, 26.35204106300006], [88.29827411100007, 26.351972148000073], [88.29900999500006, 26.35193305400003], [88.29961339600004, 26.35186193000004], [88.30014549100008, 26.35136396200005], [88.30034151700005, 26.351040476000037], [88.30053754300008, 26.350716990000024], [88.30051711500005, 26.350405007000063], [88.30040240800008, 26.349980654000035], [88.30025470100009, 26.349714498000026], [88.30001016600005, 26.349297044000025], [88.29975796900004, 26.348762527000076], [88.29912139800007, 26.348326745000065], [88.29811054700008, 26.34774389900008], [88.29759298000005, 26.347618452000063], [88.29728838400007, 26.34763463200005], [88.29713119100006, 26.34782651200004], [88.29705363900007, 26.348197784000035], [88.29722289100005, 26.348708887000043], [88.29698215200006, 26.349180499000056], [88.29622384400005, 26.34952675100004], [88.29558290600005, 26.34959137900006], [88.29504346800007, 26.34965061500003], [88.29420152400007, 26.34975650000007], [88.29342325800008, 26.349797823000074], [88.29291575800005, 26.34982476700003], [88.29241214500007, 26.349912680000045], [88.29209956800008, 26.34980692000005], [88.29190846400007, 26.349480502000063], [88.29183275700007, 26.34884207600004], [88.29137890700008, 26.348131958000067], [88.29100658700008, 26.347631721000027], [88.29024621300005, 26.347427281000023], [88.28953562400005, 26.347464993000074], [88.28858820600004, 26.34751527000003], [88.28774029300007, 26.347529673000054], [88.28685854800005, 26.347545866000075], [88.28631712100008, 26.347574589000033], [88.28590714400008, 26.347535161000053], [88.28573399300006, 26.347483203000024], [88.28570780900003, 26.348063523000064], [88.28567789500005, 26.34858372700006], [88.28566476300006, 26.348872523000068], [88.28561795700006, 26.349134268000057], [88.28474597100006, 26.349566004000053], [88.28468822700006, 26.349586848000058], [88.28435830600006, 26.34943150500004], [88.28401160500005, 26.349017788000026], [88.28352981400008, 26.348495977000027], [88.28304624400005, 26.34843520000004], [88.28167975400004, 26.348565239000038], [88.28024582000006, 26.348641258000043], [88.27944829800003, 26.34817938200007], [88.27880347900003, 26.348098393000043], [88.27869473600003, 26.348392163000028], [88.27833112900004, 26.348699533000058], [88.27801621800006, 26.348773897000058], [88.27776134800007, 26.348787404000063], [88.27683253400005, 26.34925435200006], [88.27654014300003, 26.349183424000046], [88.27622147800008, 26.349200309000025], [88.27606781800006, 26.34929487100004], [88.27598347300005, 26.349472180000078], [88.27597781100008, 26.34987574400003], [88.27596840800004, 26.350222016000032], [88.27566473000007, 26.35046852800008], [88.27519614500005, 26.35063735600005], [88.27447071300008, 26.350791043000072], [88.27411271000005, 26.351184525000065], [88.27370969000003, 26.35137871200004], [88.27304617200008, 26.351500275000035], [88.27249693100003, 26.351414198000043], [88.27195715000005, 26.351471528000047], [88.27157468300004, 26.35149178100005], [88.27130851700008, 26.351822810000044], [88.27068990200007, 26.35214366200006], [88.27007513000007, 26.352521891000038], [88.26954460900004, 26.35272281700003], [88.26897105500007, 26.352753180000036], [88.26846115700005, 26.352290396000058], [88.26801693200008, 26.351852973000064], [88.26735155500006, 26.351721891000068], [88.26756120400006, 26.35144923300004], [88.26769840600008, 26.351252731000045], [88.26777939900006, 26.35111319500004], [88.26836706200004, 26.350919845000078], [88.26885265900006, 26.35100230300003], [88.26925736800007, 26.35122429200004], [88.26967973300003, 26.351256014000057], [88.27012657800003, 26.351205270000037], [88.27038175800004, 26.350975434000077], [88.27026033300007, 26.350495128000034], [88.27059825600008, 26.350152654000055], [88.27115078000008, 26.349880077000023], [88.27144108700008, 26.349729454000055], [88.27160472000008, 26.34947737600004], [88.27156069300008, 26.349263380000025], [88.27147449700004, 26.348862285000052], [88.27188278800008, 26.348678419000066], [88.27269040400006, 26.348635649000073], [88.27307214600006, 26.34850726700006], [88.27320943900008, 26.348310755000057], [88.27313730700007, 26.348125243000027], [88.27248270800004, 26.348213994000048], [88.27116843500005, 26.34831058800006], [88.27048749800008, 26.348454898000057], [88.26986988800007, 26.348649843000032], [88.26938595200005, 26.348594295000055], [88.26908869100004, 26.34817737800006], [88.26875092000006, 26.347600267000075], [88.26871049300007, 26.34698042100007], [88.26901132300009, 26.346531842000047], [88.26937207200007, 26.346080089000054], [88.26993861000005, 26.345563266000056], [88.27013396200005, 26.34533659500005], [88.27032579700005, 26.345056029000034], [88.27022547200005, 26.344899095000073], [88.27002316300008, 26.34455822800004], [88.26964132800003, 26.344686608000075], [88.26927717600006, 26.34508455300005], [88.26848177900007, 26.34531590000006], [88.26791347600005, 26.34580572400006], [88.26691051800003, 26.346075136000024], [88.26654108000008, 26.346392184000024], [88.26673459300008, 26.346598270000072], [88.26705126000007, 26.346851919000073], [88.26727465200008, 26.34751616400007], [88.26724830700005, 26.34757164000007], [88.26704064900008, 26.34760971700007], [88.26670807800008, 26.347573236000073], [88.26646537300007, 26.347072259000072], [88.26605716800003, 26.346796366000035], [88.26576157400007, 26.346406349000063], [88.26558211800005, 26.346415845000024], [88.26526360500009, 26.34659494500005], [88.26482731500005, 26.34680736200005], [88.26446128100008, 26.347178306000046], [88.26403542500003, 26.347552414000063], [88.26380844000005, 26.34775366300005], [88.26365357900005, 26.348140519000026], [88.26370803000003, 26.34851621000007], [88.26379595500003, 26.34894421100006], [88.26402821500005, 26.349283499000023], [88.26411790100008, 26.349738494000064], [88.26416533400004, 26.350466131000076], [88.26422154600004, 26.350868814000023], [88.26428674000005, 26.351567687000056], [88.26391417400004, 26.351239415000066], [88.26359927300007, 26.351256074000048], [88.26354159600004, 26.351449010000067], [88.26351894800007, 26.35217777300005], [88.26351471300006, 26.35265247700005], [88.26320391900003, 26.352732212000035], [88.26264607200005, 26.352793321000036], [88.26159696000008, 26.35311758000006], [88.26159635500005, 26.353117723000025], [88.26194500900004, 26.352511626000023], [88.26198052500007, 26.352185720000023], [88.26194062100006, 26.351863711000078], [88.26185304700005, 26.351390824000077], [88.26170659300004, 26.350886869000078], [88.26168222800004, 26.350512996000077], [88.26178658800006, 26.35037102900003], [88.26195193400008, 26.350294014000042], [88.26224490500005, 26.350432010000077], [88.26237917800006, 26.350749028000052], [88.26275199200006, 26.35095097800007], [88.26301604000008, 26.350937010000052], [88.26317927400004, 26.35082601700003], [88.26330016900005, 26.350649085000043], [88.26343669800008, 26.350420193000048], [88.26322592300005, 26.349800239000047], [88.26276883700007, 26.349466301000064], [88.26211513400006, 26.349313205000044], [88.26146708100003, 26.349245215000053], [88.26066253100004, 26.34939003100004], [88.25991122500005, 26.34948098600006], [88.25955170000003, 26.34948286100007], [88.25898029700005, 26.34913791200006], [88.25844428400006, 26.348756910000077], [88.25794145200007, 26.348062653000056], [88.25845982800007, 26.347653360000038], [88.25886098100005, 26.34730480500008], [88.25915032800003, 26.347098516000074], [88.25970235000005, 26.347205775000077], [88.26018330500006, 26.347152979000043], [88.26113293300006, 26.346857318000048], [88.26147374800007, 26.346511946000078], [88.26172406300003, 26.346171269000024], [88.26191228400006, 26.345806696000068], [88.26192650800004, 26.34556050300006], [88.26150051100007, 26.345064698000044], [88.26123262400006, 26.344669615000043], [88.26096641400005, 26.344301806000033], [88.26113864400008, 26.34415634100003], [88.26149716800006, 26.34408283600004], [88.26220535200008, 26.343799844000046], [88.26268275700005, 26.343692777000058], [88.26296854700007, 26.34343212500005], [88.26322240100006, 26.343145891000063], [88.26390218500006, 26.342891665000025], [88.26386757700004, 26.341995203000067], [88.26362816600005, 26.34167932400004], [88.26316011700004, 26.341211268000052], [88.26236069600003, 26.34069495700004], [88.26180923100009, 26.34006703700004], [88.26177509100006, 26.339543134000053], [88.26183931800006, 26.338849753000034], [88.26205098200006, 26.338181373000054], [88.26228825300007, 26.33790596600005], [88.26270090700007, 26.337522699000033], [88.26319902000006, 26.336773563000065], [88.26344918800004, 26.33613603300006], [88.26430221800007, 26.335236640000062], [88.26462503400006, 26.335153775000038], [88.26484512800005, 26.335175020000065], [88.26493689000006, 26.33484474900007], [88.26431095700008, 26.334821670000053], [88.26404384800009, 26.334554428000047], [88.26333608400006, 26.334959119000075], [88.26280161000005, 26.335151762000066], [88.26211115600006, 26.33518828800004], [88.26187399400004, 26.33490508600005], [88.26128190400004, 26.33477213200007], [88.26055507400008, 26.334810576000052], [88.25987955100004, 26.335076267000034], [88.25897540300008, 26.335189771000046], [88.25877867600008, 26.335528812000064], [88.25881493100007, 26.336085405000063], [88.25827627800004, 26.336212470000078], [88.25758368800007, 26.33621628900005], [88.25731005400007, 26.335935009000025], [88.25680780100004, 26.33550154200003], [88.25602547200003, 26.335805753000045], [88.25579875000005, 26.336244866000072], [88.25493723000005, 26.33701327600005], [88.25449896900005, 26.33700354700005], [88.25373158700006, 26.336978411000075], [88.25304112100008, 26.337014897000074], [88.25216039600008, 26.337488559000064], [88.25135221800008, 26.337958383000057], [88.25099299600004, 26.339266939000026], [88.25017618700008, 26.339514804000032], [88.25074820000003, 26.34248635000006], [88.25119937100004, 26.344764990000044], [88.25056256800008, 26.34444355100004], [88.24904641000006, 26.34448567100003], [88.24789127900004, 26.344888756000046], [88.24760417800007, 26.345664188000057], [88.24801195900005, 26.347391316000028], [88.24807850300004, 26.348414149000064], [88.24768760900008, 26.348891024000068], [88.24741266900008, 26.34896855900007], [88.24652750700005, 26.349218350000058], [88.24289637300006, 26.34982819000004], [88.24046003100005, 26.34999469400003], [88.24038781500008, 26.351481077000074], [88.24071379600008, 26.353250485000046], [88.24025624700005, 26.353350722000073], [88.23942264600004, 26.353508659000056], [88.23874220000005, 26.354076787000054], [88.23882122000003, 26.35464281700007], [88.24066899600007, 26.35450730200006], [88.24081182900005, 26.35670454800004], [88.24174232200005, 26.35684589300007], [88.24136558200007, 26.35770010400006], [88.24103218900007, 26.35921960400003], [88.24097365600005, 26.36116968300007], [88.24104194200004, 26.363168623000035], [88.23981836000007, 26.36334445700004], [88.23891327500007, 26.363670241000023], [88.23813852100005, 26.364100531000076], [88.23772581500003, 26.36440043400006], [88.23737817000006, 26.364752551000038], [88.23721159700006, 26.365039382000077], [88.23718606100005, 26.365597008000066], [88.23761286900003, 26.366464570000062], [88.23763427100005, 26.367742846000056], [88.23588952500006, 26.367501047000076], [88.23458632500007, 26.367402895000055], [88.23395103000007, 26.36760322600003], [88.23331563000005, 26.367803559000038], [88.23240690700004, 26.36807403000006], [88.23229108100008, 26.368191334000073], [88.23230548200007, 26.368413068000052], [88.23277582600008, 26.369000206000067], [88.23299281900006, 26.369489403000046], [88.23286224300006, 26.37033069900008], [88.23249270900004, 26.37129578500003], [88.23252271300004, 26.372381328000074], [88.23241113200004, 26.372913633000053], [88.23260506800005, 26.37364929100005], [88.23301888300006, 26.37402244200007], [88.23435515800008, 26.37434688600007], [88.23553715600008, 26.374547799000027], [88.23659065300006, 26.37501878200004], [88.23718718000003, 26.375952570000038], [88.23744103500007, 26.37686056800004], [88.23752649800008, 26.37742643200005], [88.23728927400003, 26.378272613000036], [88.23724075600006, 26.379241509000053], [88.23744547900003, 26.379561827000032], [88.23831957900006, 26.380848843000024], [88.23868703300008, 26.380638762000046], [88.23917121000005, 26.38027005200007], [88.23962790300004, 26.38013154500004], [88.23990601000008, 26.37984989000006], [88.24013202900005, 26.379418416000078], [88.24065839200006, 26.379047383000056], [88.24126411400005, 26.378595973000074], [88.24185244400007, 26.378526798000053], [88.24270128800003, 26.378558302000044], [88.24348084000007, 26.37817390200007], [88.24429259500005, 26.377635233000035], [88.24441936800008, 26.37698023100006], [88.24421348300007, 26.376418972000067], [88.24427315700007, 26.376034409000056], [88.24459345000008, 26.37575060900008], [88.24564585300004, 26.375656930000048], [88.24712529500005, 26.375616987000058], [88.24741245700005, 26.37559436600003], [88.24859968500004, 26.375501013000076], [88.24967201700008, 26.375062980000052], [88.25069966800004, 26.37458915700006], [88.25144687100004, 26.37435898900003], [88.25213940300006, 26.373941088000038], [88.25294117200008, 26.373898738000037], [88.25353441900006, 26.373905449000063], [88.25449733800008, 26.374388563000025], [88.25564886500007, 26.37516683900003], [88.25678069300005, 26.37564092100007], [88.25794967900003, 26.37603684100003], [88.25989311400008, 26.376620569000067], [88.26180676200005, 26.377396651000026], [88.26272257700003, 26.377805830000057], [88.26347466400006, 26.378300040000056], [88.26386420400007, 26.379080414000043], [88.26394357400005, 26.37964824900007], [88.26416194400008, 26.38039953300006], [88.26435800300004, 26.380808629000057], [88.26471543700006, 26.38109485700005], [88.26523175900007, 26.38122011200005], [88.26559906800009, 26.38100997300006], [88.26632397500003, 26.38043773100003], [88.26672796300005, 26.379723633000026], [88.26774550800008, 26.378775304000044], [88.26807712900006, 26.377902237000058], [88.26833016300003, 26.377811089000033], [88.26881364100007, 26.377941018000058], [88.26942353600003, 26.37802537600004], [88.27051691800006, 26.378239748000055], [88.27134958300007, 26.378429035000067], [88.27181525900005, 26.37828765300003], [88.27209623500005, 26.37796174600004], [88.27239481000004, 26.37790705900005], [88.27278963300006, 26.37800279100003], [88.27324770900003, 26.378406297000026], [88.27406772300003, 26.37906287900006], [88.27457641000007, 26.38024146300006], [88.27508004700007, 26.38134255400007], [88.27551041100008, 26.381319761000043], [88.27589259600006, 26.381221760000074], [88.27626202200008, 26.380929948000073], [88.27644683600005, 26.38045352000006], [88.27679864300006, 26.37989039400003], [88.27743394300006, 26.37904009700003], [88.27795780700006, 26.378467945000068], [88.27871202700004, 26.378116859000045], [88.27917769900006, 26.377975547000062], [88.27990915300006, 26.377936786000078], [88.28094424100004, 26.377920808000056]]]]}}, {"type": "Feature", "properties": {"OBJECTID": 4541, "GPCODE": "94294", "GPNAME_1": "JAHANGIRPUR", "DIST_CEN_C": "08", "BLK_NAME": "POTHIA", "ST_NAME": "BIHAR", "ST_CODE_1": "10", "GPCODE2011": "96848", "REMARKS": "FINALIZED", "MAP_STATUS": "COMPLETED", "BLK_C_2001": "080004", "BLK_C_2011": "01124", "DIST_NAME": "KISHANGANJ", "code2011": 0.0, "Shape_Leng": 0.19955784437, "Shape_Area": 0.00110301188, "Area": 12.2049}, "geometry": {"type": "MultiPolygon", "coordinates": [[[[88.08501361100008, 26.200386988000048], [88.08595929400008, 26.200126246000025], [88.08713565300008, 26.20017113600005], [88.08800067100003, 26.200486272000035], [88.08837766800008, 26.20050911000004], [88.08888158900004, 26.20031354400004], [88.08886948800006, 26.200123632000043], [88.08865673800005, 26.199732392000044], [88.08841798700007, 26.199300118000053], [88.08826875600005, 26.19879971900008], [88.08794767000006, 26.198181173000023], [88.08790139800004, 26.197823592000077], [88.08732655900008, 26.197641662000024], [88.08650838700004, 26.197324094000066], [88.08566221600006, 26.197304470000063], [88.08497445100005, 26.197191867000072], [88.08458537100006, 26.19697910800005], [88.08434932800003, 26.196589070000073], [88.08434989800008, 26.196229153000047], [88.08451414500007, 26.19586066200003], [88.08465911600007, 26.195556744000044], [88.08455471200006, 26.195392714000036], [88.08429210800006, 26.19532164900005], [88.08385967400005, 26.195534597000062], [88.08355236300008, 26.195868118000078], [88.08301516500006, 26.196277123000073], [88.08267311700007, 26.196802981000076], [88.08247009600007, 26.197300443000074], [88.08284516900005, 26.197662181000055], [88.08306048500003, 26.198095678000072], [88.08302528600007, 26.198648020000064], [88.08273217200008, 26.199573610000073], [88.08219303500005, 26.200321405000068], [88.08221318900007, 26.200637957000026], [88.08253472600006, 26.200896603000047], [88.08302005100006, 26.20114667100006], [88.08361428400008, 26.201264130000027], [88.08392977300008, 26.201057244000026], [88.08446833400006, 26.200669359000074], [88.08501361100008, 26.200386988000048]]], [[[88.07387901100003, 26.254622003000065], [88.07471763600006, 26.25425864500005], [88.07552894000008, 26.25426236900006], [88.07583211800005, 26.254246683000076], [88.07599237700003, 26.25437550500004], [88.07599245400007, 26.25437548000008], [88.07649560400006, 26.254209127000024], [88.07723850400004, 26.253541143000064], [88.07763840500007, 26.252969587000052], [88.07831429800007, 26.252619882000033], [88.07899018800003, 26.252270173000056], [88.07971308300006, 26.25128839300004], [88.07983735900007, 26.25075459100003], [88.07976749300008, 26.250422753000066], [88.07965506500005, 26.249889411000026], [88.07900590400004, 26.248933600000043], [88.07889416500007, 26.248552242000073], [88.07879371700005, 26.248405975000026], [88.07908680400004, 26.248049082000023], [88.07913973100005, 26.247391185000026], [88.07902305700009, 26.246799097000064], [88.07952656200007, 26.246274592000077], [88.08016458600008, 26.245629245000032], [88.08001602000007, 26.245280841000067], [88.07955360200003, 26.244963059000042], [88.07935118800003, 26.24321204100005], [88.07903783500007, 26.242976001000045], [88.07869895100004, 26.242926286000056], [88.07850817200006, 26.242566246000024], [88.07838329000003, 26.242068188000076], [88.07865765100007, 26.24139808800004], [88.07867493700007, 26.240791785000056], [88.07868542300008, 26.240370744000074], [88.07814790800006, 26.240129538000076], [88.07782339900007, 26.240011820000063], [88.07759768900007, 26.239687123000067], [88.07745194400007, 26.239156514000058], [88.07722826800006, 26.238865340000075], [88.07657352700005, 26.238831968000056], [88.07580718300005, 26.238804369000036], [88.07549587800008, 26.238601845000062], [88.07539274700008, 26.238153147000048], [88.07539471300004, 26.23759803300004], [88.07529853600005, 26.237375808000024], [88.07503195700008, 26.23714719800006], [88.07508069800008, 26.236856758000044], [88.07516870700005, 26.23665522300007], [88.07521025900007, 26.23651671500005], [88.07521456200004, 26.23631941800005], [88.07529442300006, 26.236254754000072], [88.07551981000006, 26.23636424700004], [88.07572370100007, 26.23639921000006], [88.07593948100003, 26.236357732000045], [88.07617914900004, 26.236163457000032], [88.07649963500006, 26.23591957700006], [88.07667614600007, 26.235789194000063], [88.07710877000005, 26.235721381000076], [88.07770590700005, 26.23559953800003], [88.07837667500007, 26.235580019000054], [88.07886333800008, 26.235569936000047], [88.07925815800007, 26.23570105600004], [88.07957686600008, 26.235957272000064], [88.07973106100007, 26.23626752000007], [88.07995645800008, 26.236377098000048], [88.08037708800003, 26.236385631000076], [88.08081634100006, 26.236423511000055], [88.08115169600006, 26.236148540000045], [88.08166740300004, 26.23580360300008], [88.08201515600007, 26.235724970000035], [88.08218711800004, 26.236049405000074], [88.08253933800006, 26.23630397200003], [88.08287039300006, 26.23622620100008], [88.08363710600008, 26.23623412200004], [88.08374246600005, 26.236247459000026], [88.08415653800006, 26.236188327000036], [88.08473958900004, 26.236158123000052], [88.08494303500004, 26.23607221700007], [88.08496793200004, 26.23580714800005], [88.08507133600006, 26.23546264500004], [88.08561273600003, 26.235434595000072], [88.08608281000005, 26.235598653000068], [88.08738102300003, 26.235644430000036], [88.08775583900007, 26.23562500500003], [88.08807225300006, 26.235344826000073], [88.08790183500008, 26.234637683000074], [88.08743750600007, 26.233908088000078], [88.08757776000004, 26.233486307000078], [88.08824408800007, 26.233451772000024], [88.08919246000005, 26.233251884000026], [88.09001100300009, 26.232983354000055], [88.09044994600004, 26.232659133000027], [88.09043318600004, 26.232396221000045], [88.09022829700007, 26.231803914000068], [88.09012106500006, 26.231432643000062], [88.09021726800006, 26.230975459000035], [88.09056812600005, 26.23058043700007], [88.09080362700007, 26.230342129000064], [88.09095344300005, 26.230070579000028], [88.09106879800004, 26.22991386600006], [88.09138519100009, 26.229633679000074], [88.09167670000005, 26.22961856300003], [88.09183848700008, 26.22953480800004], [88.09202994500004, 26.229261097000062], [88.09209406900004, 26.22895621500004], [88.09208449000005, 26.22880597900007], [88.09205814700005, 26.228392830000075], [88.09165794800003, 26.227358452000033], [88.09313035600007, 26.226592003000064], [88.09344883900008, 26.226215052000043], [88.09370059100007, 26.225687143000073], [88.09311200700006, 26.225408741000024], [88.09360440400008, 26.225074273000075], [88.09404653300004, 26.22484541700004], [88.09401708200005, 26.224383597000042], [88.09343306000005, 26.223281177000047], [88.09356443100006, 26.222656503000053], [88.09405354800003, 26.222270791000028], [88.09442565800003, 26.221839550000027], [88.09450348500008, 26.221269156000062], [88.09459103100005, 26.220852768000043], [88.09454848300004, 26.220185610000044], [88.09368855400004, 26.220127302000037], [88.09325099900008, 26.219532136000055], [88.09294690500008, 26.219238977000032], [88.09258927500008, 26.219000099000027], [88.09268009800007, 26.21863504600003], [88.09253038500003, 26.218076452000048], [88.09231057400007, 26.21731557000004], [88.09262903700005, 26.21693861800003], [88.09242241400005, 26.216382975000045], [88.09130215000005, 26.215823210000053], [88.09036898800008, 26.215511255000024], [88.08918538900008, 26.214851751000026], [88.08798218700008, 26.213884415000052], [88.08731387700004, 26.213249782000048], [88.08602303600009, 26.21269882100006], [88.08551770600008, 26.212327903000073], [88.08468375300004, 26.21169502400005], [88.08402826000008, 26.211092790000066], [88.08485479500007, 26.209636], [88.08492252900004, 26.208107185000074], [88.08346662600007, 26.20714648200004], [88.08249371600004, 26.20743875900007], [88.08194598000006, 26.208854330000065], [88.08013536000004, 26.20811298900003], [88.07840767500005, 26.207287821000023], [88.07640878000007, 26.20635735700006], [88.07446135500004, 26.20554352100004], [88.07289330300006, 26.205147494000073], [88.07153372600004, 26.205257548000077], [88.06971851900005, 26.205828711000038], [88.06793596800009, 26.20584203100003], [88.06799073900004, 26.20670380100006], [88.06719910900006, 26.206816785000058], [88.06599127800007, 26.206663083000024], [88.06496538000005, 26.20686021700004], [88.06361201800007, 26.20693016900003], [88.06249738200006, 26.206987774000027], [88.06194011400004, 26.207016570000064], [88.06130313500006, 26.20704948300005], [88.06084828400003, 26.207433325000068], [88.06087108600008, 26.20779239700005], [88.06090756900005, 26.208366910000052], [88.06144908700009, 26.20934772100003], [88.06161535400008, 26.210708074000024], [88.06234814400005, 26.212183345000028], [88.06260316700008, 26.21368330100006], [88.06277401900007, 26.21511555400008], [88.06352704800008, 26.21565303600005], [88.06472137500003, 26.215591309000047], [88.06588172500005, 26.21625191800007], [88.06665303000005, 26.217076638000037], [88.06641418300006, 26.21708898600008], [88.06618446200008, 26.217244960000073], [88.06613679800006, 26.217751862000057], [88.06673975200005, 26.218441186000064], [88.06699229400004, 26.218644277000067], [88.06701511500006, 26.219003344000043], [88.06688327200004, 26.219442549000064], [88.06664898400004, 26.219526710000025], [88.06576852700005, 26.219500176000054], [88.06502915000004, 26.219178055000043], [88.06488817300004, 26.219473631000028], [88.06453571500003, 26.220212340000046], [88.06416033700003, 26.220591986000045], [88.06320491900004, 26.22064136000006], [88.06296606500007, 26.22065370200005], [88.06258622100006, 26.220961526000053], [88.06238842600004, 26.221620280000025], [88.06242948200008, 26.22226660000007], [88.06238625500004, 26.22284522600006], [88.06233401100008, 26.223280311000053], [88.06205658600004, 26.22394308500003], [88.06127406600007, 26.224199659000078], [88.06025258000005, 26.224468573000024], [88.05977555200008, 26.224541214000055], [88.05824053000003, 26.22440600400006], [88.05865884900004, 26.225212225000064], [88.05894659900008, 26.22685301000007], [88.05902519100005, 26.228090730000076], [88.05856010600007, 26.229439262000028], [88.05819169000006, 26.23086562700007], [88.05836705200005, 26.232181082000068], [88.05907553400004, 26.233220706000054], [88.06015532400005, 26.234323884000048], [88.06165864900004, 26.23631582200005], [88.06218196700007, 26.238772236000045], [88.06290916700004, 26.241549330000055], [88.06329369300005, 26.243267825000032], [88.06292404700008, 26.24422280600004], [88.06289251100009, 26.24464621900006], [88.06308739500008, 26.24495253400005], [88.06366684700004, 26.244869897000058], [88.06454108200006, 26.244824726000047], [88.06506886000005, 26.244850153000073], [88.06566845500004, 26.245082851000063], [88.06586668500006, 26.245441690000064], [88.06597503900008, 26.246226957000033], [88.06560384100004, 26.246826207000026], [88.06497939600007, 26.24712216000006], [88.06482124300004, 26.24739392300006], [88.06536583800005, 26.247682164000025], [88.06645347600005, 26.249155078000058], [88.06745950000004, 26.250263120000056], [88.06752664700008, 26.250422539000056], [88.06787269800003, 26.251243609000028], [88.06792616300004, 26.252084500000024], [88.06775654400008, 26.25309511300003], [88.06814782000004, 26.253775645000076], [88.06949748100004, 26.253477386000043], [88.07097143900006, 26.253538267000067], [88.07218973500005, 26.253566660000047], [88.07277745700009, 26.25403902900007], [88.07306190900005, 26.254527175000078], [88.07347480700008, 26.254642911000076], [88.07387901100003, 26.254622003000065]]]]}}, {"type": "Feature", "properties": {"OBJECTID": 4552, "GPCODE": "94295", "GPNAME_1": "KASBA KALIAGANJ", "DIST_CEN_C": "08", "BLK_NAME": "POTHIA", "ST_NAME": "BIHAR", "ST_CODE_1": "10", "GPCODE2011": "96849", "REMARKS": "FINALIZED", "MAP_STATUS": "COMPLETED", "BLK_C_2001": "080004", "BLK_C_2011": "01124", "DIST_NAME": "KISHANGANJ", "code2011": 0.0, "Shape_Leng": 0.1735194935, "Shape_Area": 0.00081673472, "Area": 9.02614}, "geometry": {"type": "MultiPolygon", "coordinates": [[[[88.17684536500008, 26.38180594000005], [88.17745607900008, 26.38126516600005], [88.17815656600004, 26.38086506600007], [88.18080602700007, 26.380653683000048], [88.18058736200004, 26.379497060000062], [88.18093318800004, 26.379147113000045], [88.18172763100006, 26.378773676000037], [88.18206396900007, 26.378276820000053], [88.18198287300004, 26.377654329000052], [88.18187276200007, 26.377217702000053], [88.18169543700003, 26.377005791000045], [88.18107878600006, 26.37696437900007], [88.18006377800003, 26.377091224000026], [88.17904629700007, 26.37718134000005], [88.17836232300004, 26.377364637000028], [88.17795448300006, 26.377385984000057], [88.17767844900004, 26.377547926000034], [88.17729658200005, 26.37797345300004], [88.17687393900007, 26.378401113000052], [88.17608411500004, 26.378847893000057], [88.17544337300006, 26.379065765000064], [88.17510038600005, 26.37882566500008], [88.17480064600005, 26.378620152000053], [88.17469066100006, 26.378183515000046], [88.17461196900007, 26.37759774700004], [88.17458353300003, 26.377156843000023], [88.17489323800004, 26.37688259300006], [88.17512139400003, 26.376612609000063], [88.17485295100005, 26.376257964000047], [88.17455558600005, 26.37608917700004], [88.17413629000004, 26.37530003100005], [88.17382520300004, 26.374284026000055], [88.17307677100007, 26.37410198200007], [88.17269599700006, 26.373273966000056], [88.17218520500006, 26.372968936000063], [88.17183262200007, 26.37214497000008], [88.17141081400007, 26.371535318000042], [88.17137391500006, 26.37096292900003], [88.17141907500007, 26.370673500000066], [88.17153501000007, 26.37049515900003], [88.17197613500008, 26.37041459900007], [88.17248445500007, 26.370388011000045], [88.17280216800003, 26.37037139100005], [88.17285459900006, 26.370196371000077], [88.17284352900003, 26.370024673000046], [88.17276526800003, 26.36979909400003], [88.17274681600009, 26.36951289900003], [88.17298247000008, 26.36921341200008], [88.17334892100007, 26.36896456900007], [88.17358836300008, 26.368722277000074], [88.17379373500006, 26.36894129800004], [88.17400648400007, 26.369274723000046], [88.17465287500005, 26.369413181000027], [88.17513904300006, 26.369043187000045], [88.17525137800004, 26.36880754400005], [88.17482956500004, 26.36819789900005], [88.17499063800005, 26.367730032000054], [88.17516647800005, 26.367491158000064], [88.17585431500004, 26.367282886000055], [88.17652368800003, 26.366788416000077], [88.17682293000007, 26.36648559400004], [88.17646831200005, 26.365929923000067], [88.17559431700005, 26.365229061000036], [88.17547913900006, 26.36443109100003], [88.17520364300003, 26.36312467500005], [88.17434408300005, 26.363132525000026], [88.17405266800006, 26.36278432900008], [88.17392882100006, 26.362427457000024], [88.17390936100009, 26.36212565200003], [88.17392343200004, 26.361822092000068], [88.17377383400003, 26.361587623000048], [88.17324022500009, 26.36113104100008], [88.17278755500007, 26.36036740000003], [88.17238214500009, 26.359813270000075], [88.17145573900007, 26.360043406000045], [88.17073820200005, 26.360383760000047], [88.17034390500004, 26.36052552900003], [88.17017014400005, 26.360958496000023], [88.16997258400005, 26.361544257000048], [88.16955457400007, 26.361838630000022], [88.16912100600007, 26.36189161200008], [88.16816114900007, 26.36212347600008], [88.16699241500004, 26.362245106000046], [88.16630245200008, 26.362493158000063], [88.16590824600007, 26.362634911000043], [88.16549070600007, 26.362414440000066], [88.16467691900004, 26.362305607000053], [88.16274736200006, 26.362618422000025], [88.16125341600008, 26.36290845700006], [88.16033474000005, 26.363259268000036], [88.15996618400004, 26.363278518000072], [88.15956562700006, 26.363844463000078], [88.15900772800006, 26.364055274000066], [88.15829453600008, 26.36394115400003], [88.15704327800006, 26.363824816000033], [88.15610904600004, 26.363934119000078], [88.15542754500007, 26.364123363000033], [88.15447204800006, 26.363825829000064], [88.15356185300004, 26.36337713900008], [88.15256733700005, 26.363329820000047], [88.15193481000006, 26.362916195000025], [88.15119021800007, 26.361615338000036], [88.15075817000007, 26.360893587000078], [88.15065245800008, 26.360105153000063], [88.15061429700006, 26.359511635000047], [88.15054346400007, 26.359267233000025], [88.15037875900003, 26.359275826000044], [88.15022677600007, 26.359482288000038], [88.14984253300008, 26.35950233400007], [88.14939381600004, 26.35937686500006], [88.14867152100004, 26.358422150000024], [88.14850204900006, 26.358356551000043], [88.14833257700008, 26.35829095200006], [88.14812257700004, 26.358450782000034], [88.14808671000009, 26.358750315000066], [88.14846062500004, 26.359425542000054], [88.14888937700005, 26.360097907000068], [88.14915352300005, 26.360778765000077], [88.14944072100008, 26.36096231700003], [88.14988131100006, 26.362676015000034], [88.14998076400008, 26.36336555500003], [88.14999666200004, 26.36361282200005], [88.14963147900005, 26.36392953400008], [88.14894641600006, 26.36441189800007], [88.14845863900007, 26.364536560000033], [88.14818415400003, 26.364550876000067], [88.14780307600006, 26.36462040600003], [88.14716965800005, 26.365050412000073], [88.14559992100004, 26.365479580000056], [88.14510496500003, 26.366348893000065], [88.14485897500003, 26.366808346000028], [88.14444211300008, 26.367177393000077], [88.14369254100006, 26.367514218000053], [88.14278152500003, 26.367909017000045], [88.14268435700006, 26.36811261200006], [88.14259046300003, 26.36836560100005], [88.14259598200005, 26.369308039000032], [88.14265952300008, 26.37029719900005], [88.14299438100005, 26.371222470000077], [88.14323666300004, 26.371649098000034], [88.14431493100005, 26.371973928000045], [88.14557580100006, 26.37267017000005], [88.14731393200003, 26.373389237000026], [88.14877648100008, 26.373932142000058], [88.15036264700007, 26.37475426800006], [88.15045727300009, 26.376225831000056], [88.15080624100005, 26.377541145000066], [88.15104371400008, 26.378767108000034], [88.15150420500004, 26.38017185900003], [88.15206175500003, 26.380619059000026], [88.15259478000007, 26.380686507000064], [88.15310958600008, 26.38046913000005], [88.15334866600006, 26.38007562400003], [88.15377638800004, 26.380148562000045], [88.15418194800003, 26.380698944000073], [88.15545764700005, 26.38254848200006], [88.15614809400006, 26.383224664000068], [88.15654426800006, 26.383236320000037], [88.15716214700007, 26.38278323700007], [88.15805618300004, 26.382153777000042], [88.15835161800004, 26.38171752200003], [88.15890809700005, 26.381429409000077], [88.15961839300007, 26.381295218000048], [88.15980269500005, 26.38136652700007], [88.15998699000005, 26.381437834000053], [88.16028600700008, 26.38161651100006], [88.16039506100003, 26.382193510000036], [88.16057106400007, 26.383252698000035], [88.16081619600004, 26.38482629500004], [88.16110081200009, 26.387012948000063], [88.16122178100005, 26.38833396900003], [88.16164143400005, 26.390384035000068], [88.16208441800006, 26.392238680000048], [88.16186008500006, 26.393221668000024], [88.16141876000006, 26.394183560000045], [88.16130727700005, 26.395633988000043], [88.16151015600008, 26.395654868000065], [88.16407917100008, 26.395919239000023], [88.16518595100007, 26.397301597000023], [88.16547057600008, 26.398334181000052], [88.16594303300008, 26.398898630000076], [88.16678624700006, 26.39957470400003], [88.16676842100009, 26.400426681000056], [88.16683569900005, 26.401470618000076], [88.16718862900007, 26.40243412600006], [88.16800653700005, 26.402718698000058], [88.16933587900007, 26.403041940000037], [88.17028615500004, 26.40312317200005], [88.17093816000005, 26.403089084000044], [88.17164161800008, 26.402724986000067], [88.17247322400004, 26.402092365000044], [88.17281442900008, 26.40174720400006], [88.17276393600008, 26.400964299000066], [88.17290966600007, 26.399843813000075], [88.17418427800004, 26.399318828000048], [88.17503258000005, 26.39894713500007], [88.17566361800004, 26.398586804000047], [88.17591968900007, 26.398049678000064], [88.17589864200005, 26.397723459000076], [88.17608233100003, 26.397190211000066], [88.17665770700006, 26.397094606000053], [88.17803413800004, 26.397022581000044], [88.17763492800003, 26.39534136800006], [88.17755072600005, 26.394036491000065], [88.17755539300003, 26.393986477000055], [88.17763665500007, 26.393115532000024], [88.17730061000003, 26.392412973000035], [88.17676396000007, 26.391982823000035], [88.17647515300007, 26.390885060000073], [88.17698725400004, 26.389810796000063], [88.17747840500004, 26.38841039500005], [88.17690398300005, 26.387392985000076], [88.17562621700006, 26.386739697000053], [88.17507707200008, 26.386113782000052], [88.17528682800008, 26.384859017000053], [88.17616257900005, 26.383731544000057], [88.17645158500005, 26.383207609000067], [88.17674993700007, 26.382828559000075], [88.17684536500008, 26.38180594000005]]]]}}, {"type": "Feature", "properties": {"OBJECTID": 4558, "GPCODE": "94296", "GPNAME_1": "KOLTHA", "DIST_CEN_C": "08", "BLK_NAME": "POTHIA", "ST_NAME": "BIHAR", "ST_CODE_1": "10", "GPCODE2011": "96850", "REMARKS": "FINALIZED", "MAP_STATUS": "COMPLETED", "BLK_C_2001": "080004", "BLK_C_2011": "01124", "DIST_NAME": "KISHANGANJ", "code2011": 0.0, "Shape_Leng": 0.30300858121, "Shape_Area": 0.00174293106, "Area": 19.2774}, "geometry": {"type": "MultiPolygon", "coordinates": [[[[88.10499952700007, 26.30923301100006], [88.10535003000007, 26.30806522900008], [88.10579622400007, 26.30756308800005], [88.10614255600007, 26.307161852000036], [88.10646042500008, 26.30714535000004], [88.10683117000008, 26.30712610300003], [88.10746375900004, 26.30704544500003], [88.10760132600007, 26.306702951000034], [88.10812489900007, 26.30657995100006], [88.10860770300008, 26.306650696000077], [88.10919341100004, 26.30666818800006], [88.10962944700003, 26.306837173000076], [88.11045749400006, 26.307321057000024], [88.11114916200006, 26.307333038000024], [88.11162891700008, 26.307356025000047], [88.11232363300007, 26.307415658000025], [88.11279728600005, 26.307343235000076], [88.11334538800008, 26.30760211000006], [88.11365399100004, 26.307442354000045], [88.11456368200004, 26.307538806000025], [88.11481214900004, 26.30810069200004], [88.11484880500007, 26.308673584000076], [88.11461150300005, 26.309116990000064], [88.11459212400007, 26.309644886000058], [88.11501279900006, 26.309575118000055], [88.11541514700008, 26.30921894900007], [88.11561484100008, 26.30901694100004], [88.11575545000005, 26.30872228100003], [88.11555679900005, 26.308109901000023], [88.11551708500008, 26.307489260000068], [88.11538363700004, 26.30706512000006], [88.11515349500007, 26.30678963500003], [88.11425297400007, 26.30683643200007], [88.11366726500006, 26.306818959000054], [88.11327820000008, 26.306551822000074], [88.11236546300006, 26.306407613000033], [88.11151792100009, 26.306451641000024], [88.11108809300003, 26.306378154000072], [88.11090168300007, 26.30595676200005], [88.11103313900009, 26.305518859000074], [88.11159441700005, 26.30515444300005], [88.11220866300005, 26.304787180000062], [88.11246850800006, 26.30386362200005], [88.11237277900005, 26.30319798100004], [88.11191232700008, 26.302647104000073], [88.11145198100007, 26.302096219000077], [88.11079805600008, 26.30184283400007], [88.11027863500004, 26.301199199000052], [88.10937204600003, 26.30115047000004], [88.10903489300006, 26.301694871000052], [88.10842370600005, 26.302109871000027], [88.10773511900004, 26.302145626000026], [88.10703432400004, 26.301990382000042], [88.10688575200004, 26.301327483000023], [88.10637845800005, 26.300874837000038], [88.10578057100008, 26.300666337000052], [88.10518879500006, 26.30055342600008], [88.10479365900005, 26.300190676000057], [88.10439242900009, 26.29973251800004], [88.10463585100007, 26.299384622000048], [88.10488547000006, 26.299132128000053], [88.10532442300007, 26.299348880000025], [88.10601299500007, 26.299313135000034], [88.10663943700007, 26.299136890000057], [88.10721595300004, 26.29901114200004], [88.10750928900006, 26.298612742000046], [88.10760302900007, 26.298416244000066], [88.10727308100007, 26.298241837000035], [88.10648882200007, 26.29761194100007], [88.10743299700005, 26.297419195000032], [88.10838337600006, 26.29732193700005], [88.10931228700008, 26.296890526000027], [88.11000389800006, 26.29690251200003], [88.11101630300004, 26.296945739000023], [88.11179248500008, 26.296617970000057], [88.11225693600005, 26.296402301000057], [88.11247493300004, 26.296486698000024], [88.11333757700004, 26.296681415000023], [88.11431543200007, 26.297013771000024], [88.11479209400005, 26.296988999000064], [88.11558354300007, 26.29689995600006], [88.11604798900004, 26.296684276000065], [88.11650631600008, 26.29637300400003], [88.11687713000003, 26.296353727000053], [88.11773061300005, 26.29640517300004], [88.11831933100007, 26.296470380000073], [88.11905780000006, 26.29638407400006], [88.11951917600004, 26.29612054200004], [88.11974126000007, 26.295438465000075], [88.12058639300005, 26.29205642100004], [88.12110174500003, 26.292029616000036], [88.12251749700005, 26.292222322000043], [88.12339664800004, 26.29210997200005], [88.12320270400005, 26.291387711000027], [88.12353250300004, 26.29077133000004], [88.12412139700007, 26.290740688000028], [88.12428569400004, 26.290998399000046], [88.12461844600006, 26.29158030600007], [88.12538855400004, 26.292072934000032], [88.12651831300008, 26.292413617000022], [88.12757452900007, 26.29275812000003], [88.12820170200007, 26.293324693000045], [88.12889702900009, 26.294953030000045], [88.12913779700006, 26.296405289000063], [88.12969144400006, 26.296975683000028], [88.13079172500005, 26.29639960000003], [88.13150617900004, 26.29547480100007], [88.13190654500005, 26.295136926000055], [88.13274363800008, 26.295029940000063], [88.13363876400007, 26.294729767000035], [88.13435723900005, 26.293868129000032], [88.13459705500009, 26.293221585000026], [88.13423686800007, 26.290894586000036], [88.13372306900004, 26.289463184000056], [88.13293909700008, 26.288232790000052], [88.13255006800006, 26.287622226000053], [88.13200267500008, 26.286763139000072], [88.13142288500006, 26.28539855100007], [88.13153469400004, 26.284948927000073], [88.13221545300007, 26.284596442000066], [88.13361727600005, 26.28452341600007], [88.13464853800008, 26.28415275100008], [88.13527125700006, 26.28399343700005], [88.13545718200004, 26.283603334000077], [88.13575905800008, 26.28282686600005], [88.13553784700008, 26.28157037400007], [88.13494183200004, 26.279952996000077], [88.13441066500008, 26.279346709000038], [88.13384588300005, 26.279312657000048], [88.13343747000005, 26.27952418900003], [88.13269071300004, 26.27994350800003], [88.13172561000005, 26.280247330000066], [88.13093844600007, 26.28003478100004], [88.13049762200006, 26.279740712000034], [88.13030066600004, 26.278863365000063], [88.12988953300004, 26.277933783000037], [88.12929631700007, 26.27745748500007], [88.12878138100007, 26.277103883000052], [88.12792820600004, 26.276958052000055], [88.12736344100006, 26.276924068000028], [88.12692263600007, 26.276629988000025], [88.12636192000008, 26.276659178000045], [88.12517840700008, 26.276847647000068], [88.12446845300008, 26.276236445000052], [88.12432703900004, 26.275215513000035], [88.12391750900008, 26.27475690600005], [88.12348741000005, 26.27279124900008], [88.12312008000004, 26.270616682000025], [88.12282275000007, 26.269535219000034], [88.12242637100007, 26.269281656000032], [88.12164663700008, 26.268979492000028], [88.12176183600008, 26.268135548000032], [88.12220761700007, 26.26783282200006], [88.12206787600007, 26.266861548000065], [88.12200990200006, 26.265955947000066], [88.12236945500007, 26.265517940000052], [88.12246459300007, 26.265792521000037], [88.12271869600005, 26.266128760000072], [88.12316882300007, 26.265895642000032], [88.12313760400008, 26.265408038000032], [88.12288944800008, 26.263953268000023], [88.12288200800003, 26.262625643000035], [88.12260561300008, 26.261941102000037], [88.12233813900008, 26.26139586100004], [88.12159826100003, 26.260735435000072], [88.12126241700008, 26.260333609000043], [88.12071717000003, 26.260292047000064], [88.12067108000008, 26.260783675000027], [88.11989404200006, 26.260754261000045], [88.11894021400008, 26.26038448500003], [88.11876343100005, 26.260044218000075], [88.11767740700003, 26.260030865000033], [88.11593754300009, 26.259492253000076], [88.11567466200006, 26.259016692000046], [88.11484862600008, 26.25822094800003], [88.11447716300006, 26.257261709000034], [88.11388240700006, 26.257250983000063], [88.11228955500007, 26.25772276500004], [88.11077749400005, 26.258171813000047], [88.11015687800005, 26.258426378000024], [88.10992765600008, 26.25869764400005], [88.10992094100004, 26.25923522200003], [88.11006459600009, 26.259876100000042], [88.11004213000007, 26.260488571000053], [88.10983100900006, 26.260721765000028], [88.10923726000004, 26.260752613000022], [88.10870364100003, 26.26076181600007], [88.10794130700003, 26.260727341000063], [88.10737854700005, 26.26092333300005], [88.10699935400004, 26.26077626700004], [88.10659261500007, 26.260519518000024], [88.10601729500007, 26.260197448000042], [88.10574518000004, 26.260118986000066], [88.10531873500008, 26.260196687000075], [88.10475181000004, 26.26045866800007], [88.10439295000003, 26.259961172000033], [88.10379050000006, 26.259490971000048], [88.10323315800008, 26.259093422000035], [88.10215930900006, 26.258732818000055], [88.10127829900006, 26.25864937600005], [88.10021917600005, 26.258517682000047], [88.09996310100007, 26.258746377000023], [88.09983731200003, 26.259269678000067], [88.09961410900007, 26.26001334800003], [88.09937811900005, 26.260556739000037], [88.09887635900003, 26.260927351000078], [88.09868656600008, 26.261195631000078], [88.09880269100006, 26.261519717000056], [88.09906053700007, 26.262066229000027], [88.09927437500005, 26.262672422000037], [88.09939783300007, 26.263314629000035], [88.09927931900006, 26.26354383200004], [88.09902588000006, 26.264058920000025], [88.09887669200003, 26.264712048000035], [88.09863640000003, 26.265183427000068], [88.09872921200008, 26.266139552000027], [88.09861076200008, 26.267522430000042], [88.09831831200006, 26.26776590600008], [88.09791587900008, 26.267914478000023], [88.09787017600007, 26.26820706500007], [88.09794606100007, 26.268992517000072], [88.09800633600008, 26.270138553000038], [88.09784337700006, 26.27061135100007], [88.09747166800008, 26.270839588000058], [88.09718342600007, 26.27076167100006], [88.09697837200008, 26.270574960000033], [88.09664821900003, 26.27024382600007], [88.09631271900008, 26.270029055000066], [88.09587712500007, 26.270063255000025], [88.09545879300003, 26.27016621000007], [88.09516147900007, 26.269894822000026], [88.09471511600003, 26.269664145000036], [88.09410747800007, 26.269847947000073], [88.09375955000007, 26.269984469000065], [88.09328118700006, 26.269840024000075], [88.09275924100007, 26.26930867300007], [88.09262701200004, 26.268706352000038], [88.09247910200008, 26.267563384000027], [88.09232203400006, 26.266573184000038], [88.09112291300005, 26.26719375500005], [88.08984103800003, 26.267987850000054], [88.08861787200004, 26.268524977000027], [88.08819410600006, 26.268648464000023], [88.08725235800006, 26.268595727000047], [88.08655849800004, 26.26831022500005], [88.08612649300005, 26.268011064000063], [88.08579239200003, 26.267774547000045], [88.08716395800008, 26.26662057900006], [88.08853288200004, 26.265720464000026], [88.08952258200009, 26.265347637000048], [88.09020291400003, 26.265126272000032], [88.09091371100004, 26.265089431000035], [88.09156731200005, 26.265038599000036], [88.09246950800008, 26.265059547000078], [88.09303988500005, 26.264331983000034], [88.09328501500005, 26.26360616900007], [88.09296352800004, 26.263134905000072], [88.09201488900004, 26.262621065000076], [88.09144210800008, 26.262125234000052], [88.09090850200005, 26.261589873000048], [88.08987449600005, 26.261042948000068], [88.08929934800005, 26.26050973400004], [88.08840512600005, 26.25954261800007], [88.08782760900004, 26.25897202400006], [88.08764014000008, 26.25864388800005], [88.08717663000004, 26.25855531800005], [88.08663727000004, 26.25858326200006], [88.08602536400008, 26.258127029000036], [88.08545739700008, 26.257706015000053], [88.08423278200007, 26.257431689000043], [88.08215587000007, 26.257501655000056], [88.08062308500007, 26.25761860500006], [88.07958311700008, 26.257953996000026], [88.07903727200005, 26.258207421000066], [88.07894897700004, 26.258455957000024], [88.07930113300006, 26.258756783000024], [88.07969127000007, 26.258999350000067], [88.07964280900006, 26.259546083000032], [88.07919730300006, 26.260394922000046], [88.07840753300007, 26.26139286500006], [88.07791622400003, 26.26184993000004], [88.07717296000004, 26.26194468500006], [88.07625032200008, 26.26201628700005], [88.07566444800005, 26.26181295200007], [88.07528168900006, 26.261586762000036], [88.07495338000007, 26.261148431000038], [88.07435859100008, 26.261362081000073], [88.07402227800009, 26.261653754000065], [88.07384340800007, 26.262028677000046], [88.07356920100005, 26.262499925000043], [88.07337873000006, 26.262692566000055], [88.07292398400006, 26.26271608500008], [88.07241002800004, 26.26260557300003], [88.07189306800007, 26.262449426000046], [88.07147145300007, 26.26219704400006], [88.07075832900006, 26.26214243000004], [88.07040461600008, 26.262160719000065], [88.07019130300006, 26.262376648000043], [88.07099670800005, 26.263024150000035], [88.07128884100007, 26.263611953000066], [88.07137414000005, 26.263952114000062], [88.07185210200004, 26.263956144000076], [88.07240443400008, 26.264128521000032], [88.07261310200005, 26.26440490300007], [88.07286982900007, 26.26493713700006], [88.07310116600007, 26.265068713000062], [88.07359906100004, 26.26538753400007], [88.07384314500007, 26.265719389000026], [88.07406274600004, 26.266167490000043], [88.07411445400004, 26.266480642000033], [88.07413084100006, 26.26673813000008], [88.07401122300007, 26.26685920500006], [88.07374010100006, 26.26710291200004], [88.07360509700004, 26.267483210000023], [88.07363059200009, 26.26788386000004], [88.07380412900005, 26.269109443000048], [88.07396028600004, 26.269554467000034], [88.07381330900006, 26.270043731000044], [88.07378223000006, 26.271233368000026], [88.07370735400008, 26.272296838000045], [88.07398643100004, 26.272764065000047], [88.07426143800006, 26.273167286000046], [88.07448367900008, 26.273862159000032], [88.07443916700004, 26.274281906000056], [88.07450434500004, 26.275305977000073], [88.07492043100007, 26.276247773000023], [88.07543379200007, 26.27647807900007], [88.07596620300006, 26.276450538000063], [88.07681824200006, 26.276406458000054], [88.07727558200008, 26.276318581000055], [88.07782937500008, 26.276065128000027], [88.07813657300005, 26.275856587000078], [88.07857770800007, 26.275512683000045], [88.07899552200007, 26.275362631000064], [88.07925220400006, 26.27547777700005], [88.07966912000006, 26.275873645000047], [88.07991765100007, 26.275860782000052], [88.08001807600004, 26.27575921600004], [88.08025019900003, 26.275490340000033], [88.08073492800008, 26.275272604000065], [88.08094179100004, 26.27516552800006], [88.08112544600004, 26.27525239000005], [88.08174729100006, 26.275509121000027], [88.08283013600004, 26.275068228000066], [88.08360164100009, 26.276217416000065], [88.08399983700008, 26.277595805000033], [88.08402311200007, 26.27760823500006], [88.08414976500006, 26.27837373400007], [88.08430620800004, 26.278997281000045], [88.08462690700009, 26.27975273000004], [88.08531097300005, 26.280103332000067], [88.08548404700008, 26.280375182000057], [88.08531452500006, 26.280769990000067], [88.08544564900006, 26.28160545700007], [88.08615212400008, 26.282305820000033], [88.08713230100005, 26.28302710400004], [88.08879679000006, 26.284098957000026], [88.09048439600008, 26.284923881000054], [88.09125728400005, 26.285445363000065], [88.09186611200005, 26.28583493800005], [88.09200708700007, 26.286213659000055], [88.09235006200004, 26.287318860000028], [88.09309541800008, 26.28801717700003], [88.09336612400006, 26.288599781000073], [88.09329209000003, 26.28927036600004], [88.09310395500006, 26.289981967000074], [88.09296122400008, 26.290796519000025], [88.09262764300007, 26.291059520000033], [88.09203129800005, 26.291476454000076], [88.09092300400005, 26.291590643000063], [88.09042223400007, 26.291815593000024], [88.09042058200004, 26.292943442000023], [88.09065584000007, 26.294324348000032], [88.09136915100004, 26.29627748000007], [88.09269796200005, 26.296341280000036], [88.09331006800005, 26.296707646000073], [88.09341294700005, 26.29716664700004], [88.09329578000006, 26.297637054000063], [88.09371326000007, 26.298411507000026], [88.09439450300005, 26.298707860000036], [88.09536925200007, 26.298988993000023], [88.09576132700005, 26.29936675700003], [88.09714926300006, 26.30035612300003], [88.09819569600006, 26.30176128000005], [88.09823791500008, 26.302422515000046], [88.09796139200006, 26.30270218900006], [88.09801204700005, 26.303495560000044], [88.09800202000008, 26.304491170000063], [88.09799199200006, 26.305486778000045], [88.09758563900004, 26.30603851500007], [88.09788591200004, 26.307283363000067], [88.09834556600003, 26.30871894200004], [88.09833001500004, 26.30969364400005], [88.09902352200004, 26.309487791000038], [88.09964201500009, 26.309583127000053], [88.10001495500006, 26.309521311000026], [88.10023358000007, 26.309255234000034], [88.10045750300009, 26.30907373200006], [88.10102101700005, 26.309044499000038], [88.10126926900006, 26.309243886000047], [88.10236815900004, 26.309484173000044], [88.10288741100004, 26.30949970200004], [88.10359983700005, 26.309590056000047], [88.10415424800004, 26.310155794000025], [88.10419971300007, 26.310132268000075], [88.10419986100004, 26.31013214500007], [88.10455932500008, 26.309830652000073], [88.10499952700007, 26.30923301100006]]]]}}, {"type": "Feature", "properties": {"OBJECTID": 4560, "GPCODE": "94297", "GPNAME_1": "KUSIYARI", "DIST_CEN_C": "08", "BLK_NAME": "POTHIA", "ST_NAME": "BIHAR", "ST_CODE_1": "10", "GPCODE2011": "96851", "REMARKS": "FINALIZED", "MAP_STATUS": "COMPLETED", "BLK_C_2001": "080004", "BLK_C_2011": "01124", "DIST_NAME": "KISHANGANJ", "code2011": 0.0, "Shape_Leng": 0.42393781407, "Shape_Area": 0.00161478525, "Area": 17.8518}, "geometry": {"type": "MultiPolygon", "coordinates": [[[[88.26359927300007, 26.351256074000048], [88.26391417400004, 26.351239415000066], [88.26428674000005, 26.351567687000056], [88.26422154600004, 26.350868814000023], [88.26416533400004, 26.350466131000076], [88.26411790100008, 26.349738494000064], [88.26402821500005, 26.349283499000023], [88.26379595500003, 26.34894421100006], [88.26370803000003, 26.34851621000007], [88.26365357900005, 26.348140519000026], [88.26380844000005, 26.34775366300005], [88.26403542500003, 26.347552414000063], [88.26446128100008, 26.347178306000046], [88.26482731500005, 26.34680736200005], [88.26526360500009, 26.34659494500005], [88.26558211800005, 26.346415845000024], [88.26576157400007, 26.346406349000063], [88.26605716800003, 26.346796366000035], [88.26646537300007, 26.347072259000072], [88.26670807800008, 26.347573236000073], [88.26704064900008, 26.34760971700007], [88.26724830700005, 26.34757164000007], [88.26727465200008, 26.34751616400007], [88.26705126000007, 26.346851919000073], [88.26673459300008, 26.346598270000072], [88.26654108000008, 26.346392184000024], [88.26691051800003, 26.346075136000024], [88.26791347600005, 26.34580572400006], [88.26848177900007, 26.34531590000006], [88.26927717600006, 26.34508455300005], [88.26964132800003, 26.344686608000075], [88.27002316300008, 26.34455822800004], [88.27022547200005, 26.344899095000073], [88.27032579700005, 26.345056029000034], [88.27013396200005, 26.34533659500005], [88.26993861000005, 26.345563266000056], [88.26937207200007, 26.346080089000054], [88.26901132300009, 26.346531842000047], [88.26871049300007, 26.34698042100007], [88.26875092000006, 26.347600267000075], [88.26908869100004, 26.34817737800006], [88.26938595200005, 26.348594295000055], [88.26986988800007, 26.348649843000032], [88.27048749800008, 26.348454898000057], [88.27116843500005, 26.34831058800006], [88.27248270800004, 26.348213994000048], [88.27313730700007, 26.348125243000027], [88.27320943900008, 26.348310755000057], [88.27307214600006, 26.34850726700006], [88.27269040400006, 26.348635649000073], [88.27188278800008, 26.348678419000066], [88.27147449700004, 26.348862285000052], [88.27156069300008, 26.349263380000025], [88.27160472000008, 26.34947737600004], [88.27144108700008, 26.349729454000055], [88.27115078000008, 26.349880077000023], [88.27059825600008, 26.350152654000055], [88.27026033300007, 26.350495128000034], [88.27038175800004, 26.350975434000077], [88.27012657800003, 26.351205270000037], [88.26967973300003, 26.351256014000057], [88.26925736800007, 26.35122429200004], [88.26885265900006, 26.35100230300003], [88.26836706200004, 26.350919845000078], [88.26777939900006, 26.35111319500004], [88.26769840600008, 26.351252731000045], [88.26756120400006, 26.35144923300004], [88.26735155500006, 26.351721891000068], [88.26801693200008, 26.351852973000064], [88.26846115700005, 26.352290396000058], [88.26897105500007, 26.352753180000036], [88.26954460900004, 26.35272281700003], [88.27007513000007, 26.352521891000038], [88.27068990200007, 26.35214366200006], [88.27130851700008, 26.351822810000044], [88.27157468300004, 26.35149178100005], [88.27195715000005, 26.351471528000047], [88.27249693100003, 26.351414198000043], [88.27304617200008, 26.351500275000035], [88.27370969000003, 26.35137871200004], [88.27411271000005, 26.351184525000065], [88.27447071300008, 26.350791043000072], [88.27519614500005, 26.35063735600005], [88.27566473000007, 26.35046852800008], [88.27596840800004, 26.350222016000032], [88.27597781100008, 26.34987574400003], [88.27598347300005, 26.349472180000078], [88.27606781800006, 26.34929487100004], [88.27622147800008, 26.349200309000025], [88.27654014300003, 26.349183424000046], [88.27683253400005, 26.34925435200006], [88.27776134800007, 26.348787404000063], [88.27801621800006, 26.348773897000058], [88.27833112900004, 26.348699533000058], [88.27869473600003, 26.348392163000028], [88.27880347900003, 26.348098393000043], [88.27944829800003, 26.34817938200007], [88.28024582000006, 26.348641258000043], [88.28167975400004, 26.348565239000038], [88.28304624400005, 26.34843520000004], [88.28352981400008, 26.348495977000027], [88.28401160500005, 26.349017788000026], [88.28435830600006, 26.34943150500004], [88.28468822700006, 26.349586848000058], [88.28474597100006, 26.349566004000053], [88.28561795700006, 26.349134268000057], [88.28566476300006, 26.348872523000068], [88.28567789500005, 26.34858372700006], [88.28570780900003, 26.348063523000064], [88.28573399300006, 26.347483203000024], [88.28556074500005, 26.347431183000026], [88.28541541300007, 26.346765860000062], [88.28534372400009, 26.346188394000023], [88.28502325800008, 26.34544059500007], [88.28466889800006, 26.34521468400004], [88.28444398800008, 26.34489005100005], [88.28417927200007, 26.344475763000048], [88.28439418500005, 26.344127894000053], [88.28483605600007, 26.343614952000053], [88.28507483700008, 26.34311287400004], [88.28513250100008, 26.34243678100006], [88.28479016600005, 26.34187366900005], [88.28472645000005, 26.34141813100007], [88.28497917100003, 26.34112943100007], [88.28531349800005, 26.341050520000067], [88.28588275100003, 26.34092855800003], [88.28641418100005, 26.340747331000046], [88.28674252900004, 26.34057696800005], [88.28723216200007, 26.34027569500006], [88.28727192300005, 26.339845255000057], [88.28731368100006, 26.339445390000037], [88.28727980300005, 26.338927092000063], [88.28710064200004, 26.33826356000003], [88.28706477200006, 26.337714779000066], [88.28680998500005, 26.336932905000026], [88.28652923700008, 26.336274762000073], [88.28577571700004, 26.335545051000054], [88.28578579200007, 26.334649342000034], [88.28601062900003, 26.333896655000046], [88.28628567400006, 26.33338813100005], [88.28621736700006, 26.33286705000006], [88.28645626400004, 26.332329578000042], [88.28642008100007, 26.33177592800007], [88.28567913600006, 26.33144476600006], [88.28534368800007, 26.33103045200005], [88.28547013400004, 26.33034462100005], [88.28544601600004, 26.329975520000062], [88.28542189100006, 26.32960632700008], [88.28517491600007, 26.32949596900005], [88.28450430700008, 26.329716826000038], [88.28394201700007, 26.330024438000066], [88.28353844000009, 26.330138439000052], [88.28295404400006, 26.330107704000056], [88.28241390200003, 26.32970414700003], [88.28162870500006, 26.32922108100007], [88.28096407400005, 26.32848460500003], [88.28083351400005, 26.32700991400003], [88.28050009700007, 26.326626254000075], [88.28005235100005, 26.326588264000065], [88.27964275600004, 26.326609979000068], [88.27924309200006, 26.326260787000024], [88.27883750700005, 26.32581931200008], [88.27823706100008, 26.32554239800004], [88.27793187500004, 26.325589440000044], [88.27762267300005, 26.325574964000054], [88.27717683800006, 26.325567729000056], [88.27642591800009, 26.325607527000045], [88.27602425400005, 26.325752273000035], [88.27575721400007, 26.325859019000063], [88.27559257200005, 26.325960339000062], [88.27565280800007, 26.326358484000025], [88.27552430000009, 26.327013459000057], [88.27525050400004, 26.32779222100004], [88.27495215200008, 26.32844854700005], [88.27500379700007, 26.329239915000073], [88.27486883500006, 26.329785129000072], [88.27428055000007, 26.329918750000047], [88.27363384300008, 26.330029851000063], [88.27323884100008, 26.330076390000045], [88.27304388900006, 26.330137943000068], [88.27306055000008, 26.33039328500007], [88.27336223400005, 26.330659050000065], [88.27385388100004, 26.330786776000025], [88.27428210600004, 26.33081531600004], [88.27494547400005, 26.330959463000056], [88.27530705200007, 26.33127336900003], [88.27555876000008, 26.331644322000045], [88.27563874200007, 26.33199876200007], [88.27572205100006, 26.332404159000077], [88.27556875700003, 26.33266850600006], [88.27576038000007, 26.332991416000027], [88.27596533200006, 26.333083009000063], [88.27642366000003, 26.333135562000052], [88.27695531000006, 26.333440451000058], [88.27697864400005, 26.333797892000064], [88.27699530600006, 26.334053141000027], [88.27665538700006, 26.334506671000042], [88.27664206200006, 26.33473798800003], [88.27662196900008, 26.335302635000062], [88.27647200500007, 26.33561803200007], [88.27604032600004, 26.33597387800006], [88.27561364700006, 26.335970873000065], [88.27523872700004, 26.335888286000056], [88.27484204400008, 26.33547378700007], [88.27472873700003, 26.33504427500003], [88.27419541900008, 26.33471385300004], [88.27384872900006, 26.334629767000024], [88.27331207800006, 26.334683808000023], [88.27296871900006, 26.334650770000053], [88.27251705900005, 26.334264791000066], [88.27246041400008, 26.333832275000077], [88.27229046300005, 26.33340576100005], [88.27177714700008, 26.33338172200007], [88.27086881900004, 26.33340421300005], [88.27015888000005, 26.33341619500004], [88.26976220200004, 26.33343719900006], [88.26936219400005, 26.333407152000063], [88.26889052300004, 26.33358580400005], [88.26875263900007, 26.33351755500007], [88.26848187200005, 26.333194312000046], [88.26806831400006, 26.333075610000037], [88.26767292600005, 26.333237137000026], [88.26711849500003, 26.33335088000007], [88.26684031900004, 26.333393797000042], [88.26628018900004, 26.33390161600005], [88.26572016300008, 26.334409520000065], [88.26520593700008, 26.334661724000057], [88.26493689000006, 26.33484474900007], [88.26484512800005, 26.335175020000065], [88.26462503400006, 26.335153775000038], [88.26430221800007, 26.335236640000062], [88.26344918800004, 26.33613603300006], [88.26319902000006, 26.336773563000065], [88.26270090700007, 26.337522699000033], [88.26228825300007, 26.33790596600005], [88.26205098200006, 26.338181373000054], [88.26183931800006, 26.338849753000034], [88.26177509100006, 26.339543134000053], [88.26180923100009, 26.34006703700004], [88.26236069600003, 26.34069495700004], [88.26316011700004, 26.341211268000052], [88.26362816600005, 26.34167932400004], [88.26386757700004, 26.341995203000067], [88.26390218500006, 26.342891665000025], [88.26322240100006, 26.343145891000063], [88.26296854700007, 26.34343212500005], [88.26268275700005, 26.343692777000058], [88.26220535200008, 26.343799844000046], [88.26149716800006, 26.34408283600004], [88.26113864400008, 26.34415634100003], [88.26096641400005, 26.344301806000033], [88.26123262400006, 26.344669615000043], [88.26150051100007, 26.345064698000044], [88.26192650800004, 26.34556050300006], [88.26191228400006, 26.345806696000068], [88.26172406300003, 26.346171269000024], [88.26147374800007, 26.346511946000078], [88.26113293300006, 26.346857318000048], [88.26018330500006, 26.347152979000043], [88.25970235000005, 26.347205775000077], [88.25915032800003, 26.347098516000074], [88.25886098100005, 26.34730480500008], [88.25845982800007, 26.347653360000038], [88.25794145200007, 26.348062653000056], [88.25844428400006, 26.348756910000077], [88.25898029700005, 26.34913791200006], [88.25955170000003, 26.34948286100007], [88.25991122500005, 26.34948098600006], [88.26066253100004, 26.34939003100004], [88.26146708100003, 26.349245215000053], [88.26211513400006, 26.349313205000044], [88.26276883700007, 26.349466301000064], [88.26322592300005, 26.349800239000047], [88.26343669800008, 26.350420193000048], [88.26330016900005, 26.350649085000043], [88.26317927400004, 26.35082601700003], [88.26301604000008, 26.350937010000052], [88.26275199200006, 26.35095097800007], [88.26237917800006, 26.350749028000052], [88.26224490500005, 26.350432010000077], [88.26195193400008, 26.350294014000042], [88.26178658800006, 26.35037102900003], [88.26168222800004, 26.350512996000077], [88.26170659300004, 26.350886869000078], [88.26185304700005, 26.351390824000077], [88.26194062100006, 26.351863711000078], [88.26198052500007, 26.352185720000023], [88.26194500900004, 26.352511626000023], [88.26159635500005, 26.353117723000025], [88.26159696000008, 26.35311758000006], [88.26264607200005, 26.352793321000036], [88.26320391900003, 26.352732212000035], [88.26351471300006, 26.35265247700005], [88.26351894800007, 26.35217777300005], [88.26354159600004, 26.351449010000067], [88.26359927300007, 26.351256074000048]]], [[[88.23763427100005, 26.367742846000056], [88.23761286900003, 26.366464570000062], [88.23718606100005, 26.365597008000066], [88.23721159700006, 26.365039382000077], [88.23737817000006, 26.364752551000038], [88.23772581500003, 26.36440043400006], [88.23813852100005, 26.364100531000076], [88.23891327500007, 26.363670241000023], [88.23981836000007, 26.36334445700004], [88.24104194200004, 26.363168623000035], [88.24097365600005, 26.36116968300007], [88.24103218900007, 26.35921960400003], [88.24136558200007, 26.35770010400006], [88.24174232200005, 26.35684589300007], [88.24081182900005, 26.35670454800004], [88.24066899600007, 26.35450730200006], [88.23882122000003, 26.35464281700007], [88.23874220000005, 26.354076787000054], [88.23942264600004, 26.353508659000056], [88.24025624700005, 26.353350722000073], [88.24071379600008, 26.353250485000046], [88.24038781500008, 26.351481077000074], [88.24046003100005, 26.34999469400003], [88.24289637300006, 26.34982819000004], [88.24652750700005, 26.349218350000058], [88.24741266900008, 26.34896855900007], [88.24768760900008, 26.348891024000068], [88.24807850300004, 26.348414149000064], [88.24801195900005, 26.347391316000028], [88.24760417800007, 26.345664188000057], [88.24789127900004, 26.344888756000046], [88.24904641000006, 26.34448567100003], [88.25056256800008, 26.34444355100004], [88.25119937100004, 26.344764990000044], [88.25074820000003, 26.34248635000006], [88.25017618700008, 26.339514804000032], [88.25099299600004, 26.339266939000026], [88.25135221800008, 26.337958383000057], [88.25216039600008, 26.337488559000064], [88.25304112100008, 26.337014897000074], [88.25373158700006, 26.336978411000075], [88.25449896900005, 26.33700354700005], [88.25493723000005, 26.33701327600005], [88.25579875000005, 26.336244866000072], [88.25602547200003, 26.335805753000045], [88.25680780100004, 26.33550154200003], [88.25731005400007, 26.335935009000025], [88.25758368800007, 26.33621628900005], [88.25827627800004, 26.336212470000078], [88.25881493100007, 26.336085405000063], [88.25877867600008, 26.335528812000064], [88.25897540300008, 26.335189771000046], [88.25987955100004, 26.335076267000034], [88.26055507400008, 26.334810576000052], [88.26128190400004, 26.33477213200007], [88.26187399400004, 26.33490508600005], [88.26211115600006, 26.33518828800004], [88.26280161000005, 26.335151762000066], [88.26333608400006, 26.334959119000075], [88.26404384800009, 26.334554428000047], [88.26405848200005, 26.334300472000052], [88.26409333700008, 26.33387674900007], [88.26400732100007, 26.333515531000046], [88.26357354800007, 26.333566675000043], [88.26325882700007, 26.333048861000066], [88.26319303100007, 26.33251778400006], [88.26351154600007, 26.332135254000036], [88.26364146100008, 26.33173460200004], [88.26336523000003, 26.331327246000058], [88.26294802000007, 26.331152338000038], [88.26278146700008, 26.33099236100003], [88.26262587500008, 26.331000593000056], [88.26238801200003, 26.33118196500004], [88.26209141800007, 26.33190091000006], [88.26188463000005, 26.332080638000036], [88.26135387100004, 26.332080613000073], [88.26046451200006, 26.33184637100004], [88.26033830100005, 26.33134668100007], [88.26019197300008, 26.331016844000033], [88.25981315500007, 26.33095248500007], [88.25900783600008, 26.33152953900003], [88.25849543900006, 26.331809817000078], [88.25753100800006, 26.33186081100007], [88.25688313600006, 26.331979457000045], [88.25650782100007, 26.332449370000063], [88.25605935100003, 26.33323262300007], [88.25533816300003, 26.33414278300006], [88.25458411800008, 26.334548406000067], [88.25415215500004, 26.334627436000062], [88.25368182100004, 26.334596091000037], [88.25326279100005, 26.334393154000054], [88.25305239600004, 26.334038596000028], [88.25264802500004, 26.33358170100007], [88.25236087700006, 26.333006117000025], [88.25190901900004, 26.332298640000033], [88.25171505100008, 26.33219639400005], [88.25127032500006, 26.332079203000035], [88.25066099200006, 26.331830112000034], [88.25021444700008, 26.33168491400005], [88.24991619500008, 26.331419294000057], [88.24978820500007, 26.330891591000068], [88.25007020600003, 26.33042662500003], [88.25037216400005, 26.330269987000065], [88.25065216800004, 26.330255195000063], [88.25111519500007, 26.330174532000058], [88.25151961100005, 26.33015316600006], [88.25200823500006, 26.329986662000067], [88.25218943000004, 26.329892694000023], [88.25231948100009, 26.329492044000062], [88.25200122300004, 26.328439838000065], [88.25168787100006, 26.328179350000028], [88.25104439800003, 26.32775102200003], [88.25003409800007, 26.32720340900005], [88.24946566700004, 26.32714102600005], [88.24926873100009, 26.32687403400007], [88.24842484100003, 26.327445775000058], [88.24741295700005, 26.327653261000023], [88.24715758900004, 26.327705627000057], [88.24535062400008, 26.328443849000053], [88.24503261600006, 26.32903923400005], [88.24491934000008, 26.330588164000062], [88.24536456900006, 26.33140039600005], [88.24667339500007, 26.332327802000066], [88.24686133900008, 26.33357152800005], [88.24665834100006, 26.334289365000075], [88.24501883400006, 26.33431170800003], [88.24305503900007, 26.334833185000036], [88.24204086000003, 26.33459741200005], [88.24184014300005, 26.334254400000077], [88.24130067200008, 26.33418649600003], [88.24134056000008, 26.333702170000038], [88.24159597000005, 26.33269227900007], [88.24100834700005, 26.332433990000027], [88.24108796200005, 26.332011875000035], [88.24158803200004, 26.33092476400003], [88.24125350400004, 26.330717337000067], [88.24070780100004, 26.33055329800004], [88.24105739600003, 26.329345509000063], [88.24115165300003, 26.328601261000074], [88.24067083300008, 26.32833733500007], [88.24072953100006, 26.327594963000024], [88.24053101200008, 26.327283986000054], [88.23954395600003, 26.327464591000023], [88.23851943800008, 26.327068662000045], [88.23699547000007, 26.32557394300005], [88.23623653900006, 26.325421135000056], [88.23613836800007, 26.325008397000033], [88.23613231200005, 26.324365812000053], [88.23542360000005, 26.323888900000043], [88.23424420600008, 26.32385462600007], [88.23284542500005, 26.32373553700006], [88.23266969600007, 26.324497988000076], [88.23255138900004, 26.32474653400004], [88.23229507800005, 26.324941823000074], [88.23230683900005, 26.32512298100005], [88.23233036100004, 26.325485297000057], [88.23234996100007, 26.325787197000068], [88.23222773600008, 26.325975417000052], [88.23190840100006, 26.32623465100005], [88.23090716100006, 26.326347954000028], [88.23017007900006, 26.326386799000034], [88.22967704200005, 26.327079360000027], [88.22930642800009, 26.327583598000047], [88.22927073300008, 26.328070188000027], [88.22996693300007, 26.328088137000066], [88.23075542000004, 26.327966890000027], [88.23153003300007, 26.328085546000068], [88.23235634800005, 26.328546970000048], [88.23324844900009, 26.32865942500007], [88.23385722100005, 26.32849447600006], [88.23445363900004, 26.328595886000073], [88.23532843800007, 26.328895257000056], [88.23621023000004, 26.32930066800003], [88.23632761600004, 26.329746296000053], [88.23625304400008, 26.330414689000065], [88.23574445400004, 26.331212289000064], [88.23485709400006, 26.33208311100003], [88.23467888600004, 26.33251769800006], [88.23456990300008, 26.332656391000057], [88.23309306100003, 26.333079745000077], [88.23221286900008, 26.33315276700006], [88.23228358700004, 26.33378687100003], [88.23241289500004, 26.334869794000042], [88.23228122600005, 26.335567816000037], [88.23210268400004, 26.336906138000074], [88.23189308500008, 26.337767746000054], [88.23167477400006, 26.338948772000037], [88.23109206100008, 26.339059175000045], [88.23135110900006, 26.339869457000077], [88.23167602000007, 26.341779173000077], [88.23141444700008, 26.341856161000067], [88.23115277100004, 26.34193315300007], [88.23048, 26.341943361000062], [88.23010659100004, 26.34181129600006], [88.22938038100006, 26.341647239000054], [88.22853405500007, 26.341578136000066], [88.22784312900006, 26.34152599500004], [88.22724604500007, 26.341405706000046], [88.22696000800005, 26.34088981900004], [88.22680894200005, 26.340076056000044], [88.22672536800007, 26.339435722000076], [88.22678388900005, 26.339040712000042], [88.22729634000007, 26.33893789600006], [88.22786888100006, 26.338680172000068], [88.22848170600008, 26.338609930000075], [88.22883122700006, 26.338591516000065], [88.22932311300008, 26.338603559000035], [88.22961106500009, 26.338499848000026], [88.22994580900007, 26.338469588000066], [88.23002994800004, 26.337820417000046], [88.22951920000008, 26.337733546000038], [88.22910229000007, 26.337578527000062], [88.22908887100004, 26.337335546000077], [88.22904822300006, 26.336709257000052], [88.22863513100003, 26.33656573600007], [88.22814469400004, 26.336360047000028], [88.22795130700007, 26.335642577000044], [88.22839276200006, 26.334527927000067], [88.22896308800006, 26.334266351000053], [88.22927093200008, 26.33391947000007], [88.22933574800004, 26.33322147100006], [88.22932954800007, 26.332560381000064], [88.22911455400003, 26.332075578000058], [88.22863280900003, 26.331439543000045], [88.22824477500006, 26.33091143200005], [88.22794936000008, 26.33050281800007], [88.22733841000007, 26.33041385000007], [88.22701895300008, 26.330673078000075], [88.22631318400005, 26.33119496100005], [88.22593069100003, 26.331518037000023], [88.22546166500007, 26.331542739000042], [88.22479149800006, 26.331578033000028], [88.22392430900004, 26.33168432100007], [88.22312014700003, 26.33172666300004], [88.22271806600008, 26.331747832000076], [88.22249744200008, 26.331456426000045], [88.22239917100006, 26.33097689300007], [88.22206795500006, 26.331054953000034], [88.22179214100004, 26.330948319000072], [88.22131126900007, 26.330791857000065], [88.22107068700006, 26.331228604000046], [88.21999843900005, 26.331285041000058], [88.21917862500004, 26.331085880000046], [88.21850492000004, 26.330826788000024], [88.21845069100004, 26.333700282000052], [88.21651980200005, 26.33358527200005], [88.21530070000006, 26.333324361000052], [88.21462784600004, 26.33314315100006], [88.21374319600005, 26.33340627800004], [88.21304189500006, 26.333714024000074], [88.21269638100006, 26.333948794000037], [88.21219220000006, 26.33451694400003], [88.21221318100004, 26.334840881000048], [88.21186426800006, 26.33502165300007], [88.21136056700004, 26.33466901500003], [88.21103312200006, 26.33425293700003], [88.21089581500007, 26.333989381000038], [88.21053292300007, 26.33395428600005], [88.21011351000004, 26.333976333000066], [88.20982800800004, 26.334207941000045], [88.20955299200006, 26.334601517000067], [88.20894294300007, 26.335391913000024], [88.20801243000005, 26.33587410900003], [88.20718068200006, 26.336026163000042], [88.20658161100005, 26.336057641000025], [88.20611260200008, 26.33669108400005], [88.20614413400006, 26.337178274000053], [88.20641198300007, 26.338522026000078], [88.20629127700005, 26.339451702000076], [88.20640044700008, 26.34020632000005], [88.20605052700006, 26.340387684000063], [88.20602193600007, 26.340878031000045], [88.20617010800004, 26.34130473400006], [88.20672482600008, 26.341492833000075], [88.20726903800005, 26.34151859600007], [88.20798244600007, 26.342295727000078], [88.20826128800007, 26.342878540000072], [88.20837738500006, 26.34374150600007], [88.20862468900003, 26.343837132000033], [88.20915138400005, 26.343592208000075], [88.20955442300004, 26.343299425000055], [88.20970655400004, 26.342856941000036], [88.20992591800007, 26.342519545000073], [88.21046301700005, 26.342436957000075], [88.21090110900008, 26.34268552900005], [88.21192240200008, 26.342631839000035], [88.21264327900008, 26.34259393800005], [88.21291172300005, 26.343014311000047], [88.21275248900008, 26.34334855000003], [88.21241308500004, 26.343692261000058], [88.21176975700007, 26.343997685000033], [88.21137022300007, 26.34434455400003], [88.21104484100005, 26.344904861000032], [88.21129172400003, 26.345923835000065], [88.21114676900004, 26.346012899000073], [88.21100181300005, 26.346101962000034], [88.21052822600006, 26.34623547700005], [88.20998399900003, 26.346209818000034], [88.20999802000006, 26.34642632400005], [88.20984228200007, 26.34681473200004], [88.21013175700006, 26.347559868000076], [88.21056976400007, 26.347808445000055], [88.21065793400004, 26.348238297000023], [88.21051270900006, 26.348789037000074], [88.21036408300006, 26.349285692000024], [88.20982685400008, 26.349368285000025], [88.20978424900005, 26.34964203100003], [88.20951546500004, 26.350144999000065], [88.20922204100003, 26.350269041000047], [88.20898119000003, 26.351205024000024], [88.20874744700006, 26.35224925400007], [88.20853112500004, 26.353564165000023], [88.20862838000005, 26.354049092000025], [88.20939708800006, 26.354204011000036], [88.21019110700007, 26.354748134000033], [88.21109306700004, 26.355286671000044], [88.21224881000006, 26.35639762200003], [88.21387148800005, 26.358021129000065], [88.21454439200005, 26.359206371000028], [88.21572868900006, 26.360755252000047], [88.21699896900003, 26.361957801000074], [88.21792280800008, 26.36182767200006], [88.21853101100004, 26.361684384000057], [88.21881704500004, 26.361335644000064], [88.21873761500007, 26.36106168400005], [88.21853496500006, 26.360794206000037], [88.21820210900006, 26.360422285000027], [88.21831444800006, 26.360249529000043], [88.21853542600007, 26.35984856400006], [88.21895904500008, 26.35971498500004], [88.21921595900005, 26.35986831500003], [88.21966464100007, 26.36012284700007], [88.22088418600003, 26.36083744700005], [88.22236067300008, 26.36170545300007], [88.22433664000005, 26.362658259000057], [88.22542602600004, 26.36326847600003], [88.22626198100005, 26.36378073800006], [88.22681941600007, 26.36380693800004], [88.22735167300004, 26.36344521600006], [88.22753265300008, 26.36338003800006], [88.22777130900005, 26.364201887000036], [88.22867243500008, 26.36476625800003], [88.23057614600003, 26.365556040000058], [88.23138693500005, 26.36568016900003], [88.23272612100004, 26.366332729000078], [88.23313129500008, 26.366867656000068], [88.23395103000007, 26.36760322600003], [88.23458632500007, 26.367402895000055], [88.23588952500006, 26.367501047000076], [88.23763427100005, 26.367742846000056]]]]}}, {"type": "Feature", "properties": {"OBJECTID": 4572, "GPCODE": "94298", "GPNAME_1": "MIRJAPUR", "DIST_CEN_C": "08", "BLK_NAME": "POTHIA", "ST_NAME": "BIHAR", "ST_CODE_1": "10", "GPCODE2011": "96852", "REMARKS": "FINALIZED", "MAP_STATUS": "COMPLETED", "BLK_C_2001": "080004", "BLK_C_2011": "01124", "DIST_NAME": "KISHANGANJ", "code2011": 0.0, "Shape_Leng": 0.28957032262, "Shape_Area": 0.00220759037, "Area": 24.3993}, "geometry": {"type": "MultiPolygon", "coordinates": [[[[88.21244921000005, 26.399505237000028], [88.21326872800006, 26.399197581000067], [88.21522243000004, 26.39890593800004], [88.21626324500005, 26.398775584000077], [88.21776660500007, 26.39865876400006], [88.21905353300008, 26.398439905000032], [88.22033067700005, 26.398070278000034], [88.22138884500004, 26.39756107200003], [88.22182939000004, 26.39723553500005], [88.22196745800005, 26.396774639000057], [88.22224803500006, 26.39657092500005], [88.22257773700005, 26.396477941000057], [88.22323714600003, 26.396292063000033], [88.22377458200003, 26.396028397000066], [88.22367117700009, 26.393925790000026], [88.22377002400003, 26.392862232000027], [88.22378259200008, 26.392408029000023], [88.22442567500008, 26.392335030000027], [88.22514070000005, 26.392021382000053], [88.22590618600003, 26.391539614000067], [88.22645576500008, 26.391510683000035], [88.22714542500006, 26.391750295000065], [88.22770224800007, 26.39183134700005], [88.22836691700007, 26.391685980000034], [88.22876589500004, 26.391223404000073], [88.22912524000003, 26.391094112000076], [88.22968195900006, 26.391175162000025], [88.23129851200008, 26.391531584000063], [88.23417939000007, 26.392344196000067], [88.23414257600007, 26.39177761600007], [88.23437803400003, 26.391237318000037], [88.23483554100005, 26.390644688000066], [88.23503406900005, 26.389537721000067], [88.23514790200005, 26.389206879000028], [88.23547578600005, 26.38870224300007], [88.23581682300005, 26.388400054000044], [88.23611299900006, 26.38810013600005], [88.23635232300006, 26.387965652000048], [88.23659152600004, 26.387831234000032], [88.23708583500007, 26.387805178000065], [88.23793169500004, 26.387638793000065], [88.23832293800007, 26.387415116000057], [88.23886758900005, 26.386777248000044], [88.23883338200005, 26.386251065000067], [88.23880707300003, 26.385846351000055], [88.23872802000005, 26.385322624000025], [88.23898175800008, 26.385065566000037], [88.23969568900009, 26.38425634400005], [88.23990457100007, 26.384001650000073], [88.24006587000008, 26.383708927000043], [88.24004218400006, 26.38334461000005], [88.24008999600005, 26.382692399000064], [88.23997975500004, 26.382286858000043], [88.23977883000003, 26.381801710000047], [88.23936699600006, 26.38132759100006], [88.23859996300007, 26.38125361300007], [88.23836672100003, 26.38092264000005], [88.23831957900006, 26.380848843000024], [88.23744547900003, 26.379561827000032], [88.23724075600006, 26.379241509000053], [88.23728927400003, 26.378272613000036], [88.23752649800008, 26.37742643200005], [88.23744103500007, 26.37686056800004], [88.23718718000003, 26.375952570000038], [88.23659065300006, 26.37501878200004], [88.23553715600008, 26.374547799000027], [88.23435515800008, 26.37434688600007], [88.23301888300006, 26.37402244200007], [88.23260506800005, 26.37364929100005], [88.23241113200004, 26.372913633000053], [88.23252271300004, 26.372381328000074], [88.23249270900004, 26.37129578500003], [88.23286224300006, 26.37033069900008], [88.23299281900006, 26.369489403000046], [88.23277582600008, 26.369000206000067], [88.23230548200007, 26.368413068000052], [88.23229108100008, 26.368191334000073], [88.23240690700004, 26.36807403000006], [88.23331563000005, 26.367803559000038], [88.23395103000007, 26.36760322600003], [88.23313129500008, 26.366867656000068], [88.23272612100004, 26.366332729000078], [88.23138693500005, 26.36568016900003], [88.23057614600003, 26.365556040000058], [88.22867243500008, 26.36476625800003], [88.22777130900005, 26.364201887000036], [88.22753265300008, 26.36338003800006], [88.22735167300004, 26.36344521600006], [88.22681941600007, 26.36380693800004], [88.22626198100005, 26.36378073800006], [88.22542602600004, 26.36326847600003], [88.22433664000005, 26.362658259000057], [88.22236067300008, 26.36170545300007], [88.22088418600003, 26.36083744700005], [88.21966464100007, 26.36012284700007], [88.21921595900005, 26.35986831500003], [88.21895904500008, 26.35971498500004], [88.21853542600007, 26.35984856400006], [88.21831444800006, 26.360249529000043], [88.21820210900006, 26.360422285000027], [88.21853496500006, 26.360794206000037], [88.21873761500007, 26.36106168400005], [88.21881704500004, 26.361335644000064], [88.21853101100004, 26.361684384000057], [88.21792280800008, 26.36182767200006], [88.21699896900003, 26.361957801000074], [88.21572868900006, 26.360755252000047], [88.21454439200005, 26.359206371000028], [88.21387148800005, 26.358021129000065], [88.21224881000006, 26.35639762200003], [88.21109306700004, 26.355286671000044], [88.21019110700007, 26.354748134000033], [88.20939708800006, 26.354204011000036], [88.20862838000005, 26.354049092000025], [88.20853112500004, 26.353564165000023], [88.20874744700006, 26.35224925400007], [88.20898119000003, 26.351205024000024], [88.20922204100003, 26.350269041000047], [88.20951546500004, 26.350144999000065], [88.20978424900005, 26.34964203100003], [88.20982685400008, 26.349368285000025], [88.21036408300006, 26.349285692000024], [88.21051270900006, 26.348789037000074], [88.21065793400004, 26.348238297000023], [88.21056976400007, 26.347808445000055], [88.21013175700006, 26.347559868000076], [88.20984228200007, 26.34681473200004], [88.20999802000006, 26.34642632400005], [88.20998399900003, 26.346209818000034], [88.21052822600006, 26.34623547700005], [88.21100181300005, 26.346101962000034], [88.21114676900004, 26.346012899000073], [88.21129172400003, 26.345923835000065], [88.21104484100005, 26.344904861000032], [88.21137022300007, 26.34434455400003], [88.21176975700007, 26.343997685000033], [88.21241308500004, 26.343692261000058], [88.21275248900008, 26.34334855000003], [88.21291172300005, 26.343014311000047], [88.21264327900008, 26.34259393800005], [88.21192240200008, 26.342631839000035], [88.21090110900008, 26.34268552900005], [88.21046301700005, 26.342436957000075], [88.20992591800007, 26.342519545000073], [88.20970655400004, 26.342856941000036], [88.20955442300004, 26.343299425000055], [88.20915138400005, 26.343592208000075], [88.20862468900003, 26.343837132000033], [88.20837738500006, 26.34374150600007], [88.20826128800007, 26.342878540000072], [88.20798244600007, 26.342295727000078], [88.20726903800005, 26.34151859600007], [88.20672482600008, 26.341492833000075], [88.20617010800004, 26.34130473400006], [88.20602193600007, 26.340878031000045], [88.20605052700006, 26.340387684000063], [88.20640044700008, 26.34020632000005], [88.20629127700005, 26.339451702000076], [88.20641198300007, 26.338522026000078], [88.20614413400006, 26.337178274000053], [88.20611260200008, 26.33669108400005], [88.20529310200004, 26.33613666900004], [88.20412369900004, 26.335763610000072], [88.20322259700004, 26.335810939000055], [88.20278815100005, 26.33561651200006], [88.20230398500007, 26.335587582000073], [88.20226847900005, 26.335969670000054], [88.20155103300004, 26.33606161000006], [88.20071005000005, 26.336105769000028], [88.20038164200008, 26.335688523000044], [88.19990808200004, 26.335822008000036], [88.19925076300007, 26.335910873000046], [88.19833215600005, 26.335687492000034], [88.19760781200006, 26.335671154000067], [88.19713128100005, 26.33482718700003], [88.19720243000006, 26.33406309800006], [88.19674186300006, 26.33391610600006], [88.19603306400006, 26.33368988500007], [88.19525975300007, 26.332915752000076], [88.19464507100008, 26.33273075900007], [88.19277578900005, 26.332720203000065], [88.19234826100006, 26.332634006000035], [88.19230217800003, 26.332853682000064], [88.19225610100005, 26.333073329000058], [88.19180353000007, 26.33353164700003], [88.19140746900007, 26.333932550000043], [88.19095139300003, 26.33433669200008], [88.19009575100006, 26.335087650000048], [88.18964315900007, 26.335545869000043], [88.18940219200005, 26.33648183400004], [88.18901311200005, 26.33699107700005], [88.18942258500005, 26.337729958000068], [88.19000163800007, 26.33829706100005], [88.19086304700005, 26.339501083000073], [88.19136404100004, 26.340724094000052], [88.19187902900006, 26.342163518000064], [88.19208311800008, 26.34345636100005], [88.19192382900007, 26.34379057800004], [88.19156687800006, 26.343863562000024], [88.19134057600007, 26.344092764000038], [88.19136855200009, 26.344525781000073], [88.19129036800007, 26.34518160600004], [88.19100043700007, 26.345359788000053], [88.19052683200005, 26.345493243000078], [88.19004972500005, 26.345572524000033], [88.18983578000007, 26.34576357800006], [88.19045855700006, 26.346262972000034], [88.19111927600005, 26.346518627000023], [88.19142416200003, 26.34708305500004], [88.19172226800004, 26.34837335700007], [88.19209268100008, 26.349950166000042], [88.19217678900009, 26.35125177900005], [88.19192620500007, 26.35402197600007], [88.19163577300003, 26.35534322600006], [88.19136768700008, 26.356179534000034], [88.19059623600003, 26.35670366000005], [88.19034116100005, 26.35691050400004], [88.19023481400006, 26.357895131000078], [88.19015507100005, 26.35833867300005], [88.19012563100006, 26.359560827000053], [88.19056034200008, 26.360416850000036], [88.19105851100005, 26.361416028000065], [88.19198502100005, 26.363173807000067], [88.19239394100003, 26.36447062700006], [88.19222188600008, 26.36516314800008], [88.19201848900008, 26.36536912500003], [88.19153797600006, 26.36433650600003], [88.19089898500005, 26.364312521000045], [88.18901879900005, 26.36481313300004], [88.18731440600004, 26.365074742000047], [88.18614494000008, 26.36473397800006], [88.18515489500004, 26.36421161800007], [88.18373942100004, 26.363022330000035], [88.18276786800004, 26.36278605700005], [88.18165085000004, 26.36227023500004], [88.18073182500007, 26.36185892000003], [88.18030560800008, 26.362168401000076], [88.17975968100006, 26.36259903200005], [88.17910511100007, 26.363322419000042], [88.17787947000005, 26.363099419000037], [88.17709493400008, 26.362795927000036], [88.17614554300008, 26.36290301200006], [88.17520364300003, 26.36312467500005], [88.17547913900006, 26.36443109100003], [88.17559431700005, 26.365229061000036], [88.17646831200005, 26.365929923000067], [88.17682293000007, 26.36648559400004], [88.17652368800003, 26.366788416000077], [88.17585431500004, 26.367282886000055], [88.17516647800005, 26.367491158000064], [88.17499063800005, 26.367730032000054], [88.17482956500004, 26.36819789900005], [88.17525137800004, 26.36880754400005], [88.17513904300006, 26.369043187000045], [88.17465287500005, 26.369413181000027], [88.17400648400007, 26.369274723000046], [88.17379373500006, 26.36894129800004], [88.17358836300008, 26.368722277000074], [88.17334892100007, 26.36896456900007], [88.17298247000008, 26.36921341200008], [88.17274681600009, 26.36951289900003], [88.17276526800003, 26.36979909400003], [88.17284352900003, 26.370024673000046], [88.17285459900006, 26.370196371000077], [88.17280216800003, 26.37037139100005], [88.17248445500007, 26.370388011000045], [88.17197613500008, 26.37041459900007], [88.17153501000007, 26.37049515900003], [88.17141907500007, 26.370673500000066], [88.17137391500006, 26.37096292900003], [88.17141081400007, 26.371535318000042], [88.17183262200007, 26.37214497000008], [88.17218520500006, 26.372968936000063], [88.17269599700006, 26.373273966000056], [88.17307677100007, 26.37410198200007], [88.17382520300004, 26.374284026000055], [88.17413629000004, 26.37530003100005], [88.17455558600005, 26.37608917700004], [88.17485295100005, 26.376257964000047], [88.17512139400003, 26.376612609000063], [88.17489323800004, 26.37688259300006], [88.17458353300003, 26.377156843000023], [88.17461196900007, 26.37759774700004], [88.17469066100006, 26.378183515000046], [88.17480064600005, 26.378620152000053], [88.17510038600005, 26.37882566500008], [88.17544337300006, 26.379065765000064], [88.17608411500004, 26.378847893000057], [88.17687393900007, 26.378401113000052], [88.17729658200005, 26.37797345300004], [88.17767844900004, 26.377547926000034], [88.17795448300006, 26.377385984000057], [88.17836232300004, 26.377364637000028], [88.17904629700007, 26.37718134000005], [88.18006377800003, 26.377091224000026], [88.18107878600006, 26.37696437900007], [88.18169543700003, 26.377005791000045], [88.18187276200007, 26.377217702000053], [88.18198287300004, 26.377654329000052], [88.18206396900007, 26.378276820000053], [88.18172763100006, 26.378773676000037], [88.18093318800004, 26.379147113000045], [88.18058736200004, 26.379497060000062], [88.18080602700007, 26.380653683000048], [88.18258012500007, 26.380633475000025], [88.18293925500006, 26.381196170000067], [88.18312817500004, 26.38162240300005], [88.18299538100007, 26.382065484000066], [88.18278215600003, 26.382512777000045], [88.18290935700009, 26.383232992000046], [88.18331618400003, 26.383284374000027], [88.18333489300005, 26.38357414500007], [88.18352381900007, 26.384000376000074], [88.18434683400005, 26.384248021000076], [88.18482473800003, 26.384150301000034], [88.18512306700006, 26.38377123600003], [88.18540267900005, 26.38310239900005], [88.18621165500008, 26.383132706000026], [88.18701595100003, 26.383090566000078], [88.18835985200008, 26.382656707000024], [88.18932032200007, 26.382533683000077], [88.19037526400007, 26.382623765000062], [88.19039867100008, 26.38298597800008], [88.18970289300006, 26.38345857400003], [88.18893136000008, 26.384007825000026], [88.18807002900007, 26.384416402000056], [88.18761552600006, 26.384876344000077], [88.18803172000008, 26.38507259900007], [88.18797469000003, 26.38543902600003], [88.18759593400006, 26.385822311000027], [88.18793638000005, 26.38609522200005], [88.18890623800007, 26.38611708600007], [88.18987141500008, 26.386066502000062], [88.18993780300008, 26.385844959000053], [88.19030250700007, 26.385244341000032], [88.19025569200005, 26.384519917000034], [88.19030803400005, 26.384081047000052], [88.19182694300008, 26.38385604800004], [88.19462325100005, 26.383418671000072], [88.19534632100005, 26.384616444000073], [88.19645750400008, 26.385575792000054], [88.19805597900006, 26.386582255000064], [88.19878378500005, 26.38785245100007], [88.19925156000005, 26.388845537000066], [88.19931248800003, 26.389787281000054], [88.20006920000003, 26.39025638700008], [88.20081654100005, 26.39058060700006], [88.20193077500005, 26.391326391000064], [88.20193074700006, 26.391328271000077], [88.20192310900006, 26.391855967000026], [88.20173098400005, 26.392130638000026], [88.20136678800003, 26.392338704000053], [88.20113286200007, 26.392615567000064], [88.20119660300008, 26.39295244500005], [88.20108293900006, 26.393789941000023], [88.20107003600003, 26.394886735000057], [88.20180550100008, 26.395226129000037], [88.20234884000007, 26.395840190000058], [88.20277932200008, 26.396006545000034], [88.20326902400006, 26.395791889000066], [88.20390094600003, 26.39647683800007], [88.20407522100004, 26.397223675000077], [88.20429894800003, 26.397438652000062], [88.20468032800005, 26.397494265000034], [88.20510838200005, 26.397622969000054], [88.20550429100007, 26.397904539000024], [88.20552624600003, 26.39824360700004], [88.20551338200005, 26.39934039700006], [88.20572980200006, 26.399442441000076], [88.20602260500004, 26.399427066000044], [88.20635477000008, 26.39937185200006], [88.20648027200008, 26.39936526100007], [88.20688562200007, 26.40044008900003], [88.20771735500006, 26.400320772000043], [88.20930200500004, 26.40016199400003], [88.21030347500005, 26.40007151900005], [88.21244921000005, 26.399505237000028]]]]}}, {"type": "Feature", "properties": {"OBJECTID": 4577, "GPCODE": "94299", "GPNAME_1": "NAUKATHA", "DIST_CEN_C": "08", "BLK_NAME": "POTHIA", "ST_NAME": "BIHAR", "ST_CODE_1": "10", "GPCODE2011": "96853", "REMARKS": "FINALIZED", "MAP_STATUS": "COMPLETED", "BLK_C_2001": "080004", "BLK_C_2011": "01124", "DIST_NAME": "KISHANGANJ", "code2011": 0.0, "Shape_Leng": 0.23903695673, "Shape_Area": 0.00141936121, "Area": 15.695}, "geometry": {"type": "MultiPolygon", "coordinates": [[[[88.23213564100007, 26.31445109200007], [88.23164981600007, 26.31363957600007], [88.23069739000005, 26.313720644000057], [88.22999542700006, 26.313973418000046], [88.22955846400004, 26.313564893000034], [88.22808799200004, 26.313635747000035], [88.22809171000006, 26.314792840000052], [88.22812912400008, 26.31536946700004], [88.23037452000005, 26.315893955000035], [88.23190119500003, 26.31523488600004], [88.23213564100007, 26.31445109200007]]], [[[88.20801243000005, 26.33587410900003], [88.20894294300007, 26.335391913000024], [88.20955299200006, 26.334601517000067], [88.20982800800004, 26.334207941000045], [88.21011351000004, 26.333976333000066], [88.21053292300007, 26.33395428600005], [88.21089581500007, 26.333989381000038], [88.21103312200006, 26.33425293700003], [88.21136056700004, 26.33466901500003], [88.21186426800006, 26.33502165300007], [88.21221318100004, 26.334840881000048], [88.21219220000006, 26.33451694400003], [88.21269638100006, 26.333948794000037], [88.21304189500006, 26.333714024000074], [88.21374319600005, 26.33340627800004], [88.21462784600004, 26.33314315100006], [88.21530070000006, 26.333324361000052], [88.21651980200005, 26.33358527200005], [88.21845069100004, 26.333700282000052], [88.21850492000004, 26.330826788000024], [88.21917862500004, 26.331085880000046], [88.21999843900005, 26.331285041000058], [88.22107068700006, 26.331228604000046], [88.22131126900007, 26.330791857000065], [88.22179214100004, 26.330948319000072], [88.22206795500006, 26.331054953000034], [88.22239917100006, 26.33097689300007], [88.22249744200008, 26.331456426000045], [88.22271806600008, 26.331747832000076], [88.22312014700003, 26.33172666300004], [88.22392430900004, 26.33168432100007], [88.22479149800006, 26.331578033000028], [88.22546166500007, 26.331542739000042], [88.22593069100003, 26.331518037000023], [88.22631318400005, 26.33119496100005], [88.22701895300008, 26.330673078000075], [88.22733841000007, 26.33041385000007], [88.22794936000008, 26.33050281800007], [88.22824477500006, 26.33091143200005], [88.22927073300008, 26.328070188000027], [88.22930642800009, 26.327583598000047], [88.22967704200005, 26.327079360000027], [88.23017007900006, 26.326386799000034], [88.23090716100006, 26.326347954000028], [88.23190840100006, 26.32623465100005], [88.23222773600008, 26.325975417000052], [88.23234996100007, 26.325787197000068], [88.23233036100004, 26.325485297000057], [88.23230683900005, 26.32512298100005], [88.23229507800005, 26.324941823000074], [88.23255138900004, 26.32474653400004], [88.23266969600007, 26.324497988000076], [88.23284542500005, 26.32373553700006], [88.23222458700008, 26.32296468100003], [88.23133196400005, 26.322400982000033], [88.23046856600007, 26.321739275000027], [88.23043738000007, 26.321258786000044], [88.23099374200007, 26.321036629000048], [88.23132219100006, 26.320601402000023], [88.23050268300005, 26.320065999000064], [88.23043177900007, 26.319523294000078], [88.23055582800004, 26.317588038000054], [88.22928218200008, 26.318298066000068], [88.22855634000007, 26.319204209000077], [88.22856443700005, 26.319878841000047], [88.22788465100007, 26.320396791000064], [88.22699138800004, 26.32147251600003], [88.22597295600008, 26.32171899800005], [88.22531024300008, 26.32140029800007], [88.22542962500006, 26.32104049700007], [88.22617605100004, 26.321001180000053], [88.22640833000008, 26.32073170900003], [88.22644609600007, 26.320215434000033], [88.22581063800004, 26.319766775000062], [88.22516016500003, 26.320186705000026], [88.22480468300006, 26.320205428000065], [88.22482961800006, 26.320589875000053], [88.22457226400007, 26.32102134300004], [88.22376302800006, 26.32119248500004], [88.22321728700007, 26.32102838900005], [88.22291214500007, 26.320723005000048], [88.22013108400006, 26.32074089100007], [88.21910677800008, 26.32034473500005], [88.21799230700003, 26.319208702000026], [88.21825731300004, 26.31773242400004], [88.21825425300005, 26.316757635000045], [88.21791623400009, 26.316179599000066], [88.21692643700004, 26.31574420900006], [88.21566858500006, 26.315810390000024], [88.21449218400005, 26.315276453000024], [88.21386874100006, 26.314930120000042], [88.21351006000003, 26.314338882000072], [88.21295552100008, 26.311282144000074], [88.21137071600003, 26.311044036000055], [88.21052242300004, 26.31006006700005], [88.21000874900005, 26.30873695500003], [88.21135530300006, 26.308601934000023], [88.21225039200004, 26.308104791000062], [88.21233867900008, 26.30726440600006], [88.21321301300009, 26.306446985000036], [88.21405771900004, 26.306273934000046], [88.21397114100006, 26.30383547100007], [88.21326026400004, 26.303872865000073], [88.21256183800006, 26.304102529000033], [88.21170469600008, 26.30408330000006], [88.21118629900008, 26.303789107000057], [88.21150855200005, 26.30325787000004], [88.21147951100005, 26.302809324000066], [88.21059749500006, 26.30240572500003], [88.21050564800004, 26.302089100000046], [88.21113770100004, 26.300834352000038], [88.20949446600008, 26.300792140000055], [88.20729812700006, 26.30043237600006], [88.20729806600008, 26.30043236700004], [88.20731482300005, 26.300352356000076], [88.20716320300005, 26.30004384600005], [88.20700648000008, 26.29965646100004], [88.20690366800005, 26.29942452800003], [88.20646123400007, 26.29936864000007], [88.20613205500007, 26.29902993500008], [88.20566911500003, 26.298658643000067], [88.20565125700006, 26.298382627000024], [88.20582406300008, 26.297661534000042], [88.20508895600005, 26.296473771000024], [88.20472118400005, 26.296216143000038], [88.20393129600006, 26.296218123000074], [88.20341702300004, 26.295730852000077], [88.20298250600007, 26.295120721000046], [88.20245768500007, 26.295148293000068], [88.20187376600006, 26.29494163100003], [88.20101723900007, 26.294591], [88.20078833700006, 26.294444829000042], [88.20030721900008, 26.294470099000023], [88.19906717600009, 26.294297794000045], [88.19856019900004, 26.294601371000056], [88.19802253600005, 26.29443179100008], [88.19738218500004, 26.29403026400007], [88.19665178400004, 26.293593845000032], [88.19610139400004, 26.293227208000076], [88.19548907600006, 26.293259350000028], [88.19452684800007, 26.293309856000064], [88.19353355100003, 26.293559797000057], [88.19240048500006, 26.293293193000068], [88.19128667000007, 26.293034969000075], [88.19087006500007, 26.292700532000026], [88.19087002800006, 26.29270054600005], [88.18971202100005, 26.293117574000064], [88.18974219300009, 26.294263976000025], [88.18915280000004, 26.294651264000038], [88.18819045600009, 26.294701736000036], [88.18795056000005, 26.295743539000057], [88.18685496700004, 26.295088431000067], [88.18601119800007, 26.294934769000065], [88.18502042600005, 26.295224231000077], [88.18230604200005, 26.295326886000055], [88.18094796800005, 26.29468549300003], [88.18022268800007, 26.294327597000063], [88.17899803400007, 26.29439175600004], [88.17799508800005, 26.293810876000066], [88.17639856400007, 26.29219223900003], [88.17499430800007, 26.291513596000073], [88.17470174200008, 26.29185073600007], [88.17381347100007, 26.29189724200006], [88.17255121700003, 26.291674114000045], [88.17110192400008, 26.29131611500003], [88.17123142600008, 26.292969391000042], [88.17109269100007, 26.294036641000048], [88.17100589400007, 26.295911756000066], [88.17086142900007, 26.29903690100008], [88.17074579500007, 26.301537068000073], [88.17061003600008, 26.303726508000068], [88.17024045300008, 26.30443167800007], [88.16998469100008, 26.304756835000035], [88.17002071900004, 26.305316126000037], [88.17047436900003, 26.30591584700005], [88.171199, 26.30749908200005], [88.17232937900008, 26.30893642500007], [88.17295133600004, 26.309569802000055], [88.17459451500008, 26.31009683600007], [88.17574529600006, 26.310076851000076], [88.17641656800004, 26.30955782700005], [88.17723982500007, 26.30914158300004], [88.17808975200006, 26.309137427000053], [88.17865074200006, 26.309511307000037], [88.17938449000007, 26.31048107600003], [88.17964887800008, 26.31111242700007], [88.18028724700008, 26.311016890000076], [88.18112898600003, 26.310334134000072], [88.18257786400005, 26.31137578000005], [88.18281567900004, 26.312864056000024], [88.18407743000006, 26.314298670000028], [88.18445305200004, 26.314630282000053], [88.18540031700007, 26.31448481600006], [88.18595671100007, 26.314870704000043], [88.18678115700004, 26.315019119000056], [88.18732555700007, 26.314671248000025], [88.18757520900004, 26.314147288000072], [88.18840992100007, 26.314454728000044], [88.18907423800005, 26.314866917000074], [88.18953670500008, 26.315992194000046], [88.18974573600008, 26.317034944000056], [88.19021706000007, 26.317201768000075], [88.19081736900006, 26.317170283000053], [88.19110432200006, 26.316676330000064], [88.19164429600005, 26.316807579000056], [88.19169805400008, 26.317092210000055], [88.19154543400003, 26.318568982000045], [88.19152878900007, 26.31885730600004], [88.19243806200006, 26.319034871000042], [88.19222579500007, 26.320400066000047], [88.19243342400006, 26.320822469000063], [88.19292655200007, 26.321013201000028], [88.19329637800007, 26.321156319000067], [88.19343015300007, 26.321365994000075], [88.19344061300006, 26.321527873000036], [88.19345456600007, 26.321743835000063], [88.19341558000008, 26.32207082800005], [88.19336962300008, 26.322289933000036], [88.19339054800008, 26.322613783000065], [88.19340798400003, 26.32288364300007], [88.19349579800007, 26.32331233000008], [88.19351672900007, 26.323636272000044], [88.19353416600006, 26.323906131000058], [88.19355509100006, 26.32422998100003], [88.19357951200004, 26.324607912000033], [88.19360741500003, 26.325039742000058], [88.19363531800008, 26.325471572000026], [88.19365275500007, 26.32574143100004], [88.19367019800006, 26.326011382000047], [88.19369112500004, 26.32633523100003], [88.19352882300007, 26.326614520000078], [88.19336314000003, 26.326839904000053], [88.19295072400007, 26.32696988600003], [88.19277108600005, 26.32697931000007], [88.19265125900006, 26.326985596000043], [88.19229188100007, 26.327004448000025], [88.19205919800004, 26.32712490700004], [88.19177019700004, 26.32730258500004], [88.19154100600008, 26.327477126000076], [88.19130145400004, 26.32748969000005], [88.19099839800003, 26.327451412000073], [88.19056166800004, 26.32720345100006], [88.19030817300006, 26.327000145000056], [88.19006154500005, 26.32690473200006], [88.18994171800006, 26.326911016000054], [88.18970914100004, 26.327031558000044], [88.18955729000004, 26.327472813000043], [88.18951829300005, 26.32779980400005], [88.18954618200007, 26.328231634000076], [88.18968693300008, 26.32854929100006], [88.18994740400007, 26.328860578000047], [88.19019752300005, 26.32900998100007], [88.19063425300004, 26.329257850000033], [88.19115531300008, 26.32988050700004], [88.19158105300005, 26.33088718700003], [88.19182346900004, 26.331849400000067], [88.19234826100006, 26.332634006000035], [88.19277578900005, 26.332720203000065], [88.19464507100008, 26.33273075900007], [88.19525975300007, 26.332915752000076], [88.19603306400006, 26.33368988500007], [88.19674186300006, 26.33391610600006], [88.19720243000006, 26.33406309800006], [88.19713128100005, 26.33482718700003], [88.19760781200006, 26.335671154000067], [88.19833215600005, 26.335687492000034], [88.19925076300007, 26.335910873000046], [88.19990808200004, 26.335822008000036], [88.20038164200008, 26.335688523000044], [88.20071005000005, 26.336105769000028], [88.20155103300004, 26.33606161000006], [88.20226847900005, 26.335969670000054], [88.20230398500007, 26.335587582000073], [88.20278815100005, 26.33561651200006], [88.20322259700004, 26.335810939000055], [88.20412369900004, 26.335763610000072], [88.20529310200004, 26.33613666900004], [88.20611260200008, 26.33669108400005], [88.20658161100005, 26.336057641000025], [88.20718068200006, 26.336026163000042], [88.20801243000005, 26.33587410900003]]]]}}, {"type": "Feature", "properties": {"OBJECTID": 4580, "GPCODE": "94300", "GPNAME_1": "PAHARKATTA", "DIST_CEN_C": "08", "BLK_NAME": "POTHIA", "ST_NAME": "BIHAR", "ST_CODE_1": "10", "GPCODE2011": "96854", "REMARKS": "FINALIZED", "MAP_STATUS": "COMPLETED", "BLK_C_2001": "080004", "BLK_C_2011": "01124", "DIST_NAME": "KISHANGANJ", "code2011": 0.0, "Shape_Leng": 0.20135224018, "Shape_Area": 0.00105812346, "Area": 11.7062}, "geometry": {"type": "MultiPolygon", "coordinates": [[[[88.09800633600008, 26.270138553000038], [88.09794606100007, 26.268992517000072], [88.09787017600007, 26.26820706500007], [88.09791587900008, 26.267914478000023], [88.09831831200006, 26.26776590600008], [88.09861076200008, 26.267522430000042], [88.09872921200008, 26.266139552000027], [88.09863640000003, 26.265183427000068], [88.09887669200003, 26.264712048000035], [88.09902588000006, 26.264058920000025], [88.09927931900006, 26.26354383200004], [88.09939783300007, 26.263314629000035], [88.09927437500005, 26.262672422000037], [88.09906053700007, 26.262066229000027], [88.09880269100006, 26.261519717000056], [88.09868656600008, 26.261195631000078], [88.09887635900003, 26.260927351000078], [88.09937811900005, 26.260556739000037], [88.09961410900007, 26.26001334800003], [88.09983731200003, 26.259269678000067], [88.09996310100007, 26.258746377000023], [88.10021917600005, 26.258517682000047], [88.10127829900006, 26.25864937600005], [88.10215930900006, 26.258732818000055], [88.10323315800008, 26.259093422000035], [88.10379050000006, 26.259490971000048], [88.10439295000003, 26.259961172000033], [88.10475181000004, 26.26045866800007], [88.10531873500008, 26.260196687000075], [88.10574518000004, 26.260118986000066], [88.10601729500007, 26.260197448000042], [88.10659261500007, 26.260519518000024], [88.10699935400004, 26.26077626700004], [88.10737854700005, 26.26092333300005], [88.10794130700003, 26.260727341000063], [88.10870364100003, 26.26076181600007], [88.10923726000004, 26.260752613000022], [88.10983100900006, 26.260721765000028], [88.11004213000007, 26.260488571000053], [88.11006459600009, 26.259876100000042], [88.10992094100004, 26.25923522200003], [88.10992765600008, 26.25869764400005], [88.11015687800005, 26.258426378000024], [88.11077749400005, 26.258171813000047], [88.11228955500007, 26.25772276500004], [88.11388240700006, 26.257250983000063], [88.11447716300006, 26.257261709000034], [88.11566222500005, 26.256670420000034], [88.11623833400006, 26.256372078000027], [88.11677228000008, 26.256344313000056], [88.11712821100008, 26.25632580300004], [88.11768953400008, 26.256725954000046], [88.11806600500006, 26.257028473000048], [88.11842545900004, 26.25706339900006], [88.11890003500008, 26.25703871500008], [88.11943398400007, 26.257010940000043], [88.11984244200005, 26.256882356000062], [88.11994396800009, 26.25660868800003], [88.11996900700007, 26.25607070600006], [88.11997271900003, 26.255927521000046], [88.11981388600003, 26.254575979000037], [88.12040709400009, 26.254545117000077], [88.12064095100004, 26.254479236000066], [88.12097986300006, 26.254193308000026], [88.12089309800007, 26.253768386000047], [88.12105399500007, 26.253491719000067], [88.12111326500008, 26.253488636000043], [88.12148298300008, 26.253684071000066], [88.12172026500008, 26.25367172400007], [88.12200654100008, 26.253495776000022], [88.12216058200005, 26.25311203700005], [88.12195518000004, 26.25269338000004], [88.12188563600006, 26.25253594900005], [88.12163808900004, 26.252387872000043], [88.12134143900005, 26.252403308000055], [88.12103794200004, 26.252311763000023], [88.12101397500004, 26.251937287000032], [88.12142241600003, 26.251808698000048], [88.12171563800007, 26.25173972600004], [88.12175778400007, 26.251469145000044], [88.12191525100008, 26.25113894200007], [88.12213883200008, 26.25091263400003], [88.12236926000008, 26.25079330600005], [88.12273495200003, 26.250423150000074], [88.12276057200006, 26.250397217000057], [88.12285181600004, 26.249963121000064], [88.12294305400007, 26.249528934000068], [88.12300347700005, 26.24861338100004], [88.12279475400004, 26.24814118200004], [88.12269087000004, 26.247448853000037], [88.12279580800003, 26.24722871800003], [88.12307532200003, 26.24694578200007], [88.12305477700005, 26.246624840000038], [88.12292587400003, 26.246470590000058], [88.12290875000008, 26.246203093000076], [88.12296127000008, 26.246093022000025], [88.12312889400005, 26.245923246000075], [88.12323040300004, 26.245649574000026], [88.12321670600005, 26.24543561300004], [88.12294520000006, 26.244913059000055], [88.12278205200005, 26.244223813000076], [88.12258124100003, 26.24294612500006], [88.12339795900004, 26.24268894200003], [88.12368431000004, 26.24251298400003], [88.12389759700005, 26.24212615500005], [88.12383148400005, 26.242022259000066], [88.12375499400008, 26.241757851000045], [88.12397855500006, 26.24153153900005], [88.12396143000007, 26.24126404100008], [88.12411202900006, 26.240826851000065], [88.12434586500007, 26.240761055000064], [88.12505773800007, 26.240723995000053], [88.12570681700004, 26.240636486000028], [88.12623384500006, 26.240501706000032], [88.12620301400005, 26.24002024600003], [88.12637748200007, 26.239957539000045], [88.12671633700006, 26.239671503000068], [88.12704480800005, 26.239224955000054], [88.12707324300004, 26.238740500000063], [88.12723410200005, 26.23846373200007], [88.12776454200008, 26.238382392000062], [88.12847287600005, 26.23829187700005], [88.12893377600005, 26.23805319400003], [88.12883329000005, 26.23741430800004], [88.12909221000007, 26.236810415000036], [88.12942067200004, 26.236363952000033], [88.12659167500004, 26.23591886500003], [88.12168810400004, 26.235665460000064], [88.12066426800004, 26.235843216000035], [88.11984275200007, 26.235948154000027], [88.11875801600007, 26.236253540000064], [88.11848288900006, 26.23626785400006], [88.11771433500007, 26.236121168000068], [88.11724471100007, 26.236332262000076], [88.11587690900006, 26.236527968000075], [88.11429872900004, 26.236672226000053], [88.11271658300006, 26.236754483000027], [88.11223505600003, 26.236779514000034], [88.11157885500006, 26.23731161300003], [88.11063968400003, 26.23773385000004], [88.10929563300004, 26.238301593000074], [88.10852697700005, 26.23815486700005], [88.10778616300007, 26.238442305000035], [88.10692362900005, 26.23898501000008], [88.10619469600005, 26.23945857900003], [88.10572504600003, 26.23966973000006], [88.10524350700007, 26.23969474000006], [88.10486784100004, 26.239216355000053], [88.10437045100008, 26.23899314500005], [88.10409928000007, 26.239069510000036], [88.10384395300008, 26.23939399900007], [88.10347482400005, 26.240097818000038], [88.10322335000006, 26.240484297000023], [88.10268495800005, 26.240699007000046], [88.10241774000008, 26.240837354000064], [88.10223114000007, 26.241158272000064], [88.10226678700008, 26.24171659800004], [88.10188575800004, 26.242234273000065], [88.10162239700009, 26.242434701000036], [88.10128247600005, 26.242514537000034], [88.10073208800009, 26.242543106000028], [88.10004423000004, 26.242578808000076], [88.09922265900008, 26.242683729000078], [88.09853865400004, 26.24278141600007], [88.09741027100006, 26.242404355000076], [88.09689463700005, 26.240812772000027], [88.09631414300009, 26.23928683300005], [88.09583811400006, 26.238315648000025], [88.09520859800006, 26.237103477000062], [88.09502750300004, 26.23642821900006], [88.09526712000007, 26.235855612000023], [88.09503698100008, 26.235494129000074], [88.09448662200003, 26.235522676000073], [88.09413880200003, 26.235478434000072], [88.09404623100005, 26.235109814000054], [88.09403040600006, 26.234861688000024], [88.09422493000005, 26.23466484200003], [88.09375674600005, 26.233817716000033], [88.09338481100008, 26.234127322000063], [88.09301, 26.234146760000044], [88.09283144200003, 26.233967605000032], [88.09287069200008, 26.23392788600006], [88.09278261100008, 26.233857088000036], [88.09250306700005, 26.234059999000067], [88.09235085400007, 26.234293991000072], [88.09215460000007, 26.23449258200003], [88.09169889100008, 26.234553895000033], [88.09102537500007, 26.23447576800004], [88.09031500200007, 26.23447491400003], [88.08914652500005, 26.234497803000068], [88.08790183500008, 26.234637683000074], [88.08807225300006, 26.235344826000073], [88.08775583900007, 26.23562500500003], [88.08738102300003, 26.235644430000036], [88.08608281000005, 26.235598653000068], [88.08561273600003, 26.235434595000072], [88.08507133600006, 26.23546264500004], [88.08496793200004, 26.23580714800005], [88.08494303500004, 26.23607221700007], [88.08473958900004, 26.236158123000052], [88.08415653800006, 26.236188327000036], [88.08374246600005, 26.236247459000026], [88.08363710600008, 26.23623412200004], [88.08287039300006, 26.23622620100008], [88.08253933800006, 26.23630397200003], [88.08218711800004, 26.236049405000074], [88.08201515600007, 26.235724970000035], [88.08166740300004, 26.23580360300008], [88.08115169600006, 26.236148540000045], [88.08081634100006, 26.236423511000055], [88.08037708800003, 26.236385631000076], [88.07995645800008, 26.236377098000048], [88.07973106100007, 26.23626752000007], [88.07957686600008, 26.235957272000064], [88.07925815800007, 26.23570105600004], [88.07886333800008, 26.235569936000047], [88.07837667500007, 26.235580019000054], [88.07770590700005, 26.23559953800003], [88.07710877000005, 26.235721381000076], [88.07667614600007, 26.235789194000063], [88.07649963500006, 26.23591957700006], [88.07617914900004, 26.236163457000032], [88.07593948100003, 26.236357732000045], [88.07572370100007, 26.23639921000006], [88.07551981000006, 26.23636424700004], [88.07529442300006, 26.236254754000072], [88.07521456200004, 26.23631941800005], [88.07521025900007, 26.23651671500005], [88.07516870700005, 26.23665522300007], [88.07508069800008, 26.236856758000044], [88.07503195700008, 26.23714719800006], [88.07529853600005, 26.237375808000024], [88.07539471300004, 26.23759803300004], [88.07539274700008, 26.238153147000048], [88.07549587800008, 26.238601845000062], [88.07580718300005, 26.238804369000036], [88.07657352700005, 26.238831968000056], [88.07722826800006, 26.238865340000075], [88.07745194400007, 26.239156514000058], [88.07759768900007, 26.239687123000067], [88.07782339900007, 26.240011820000063], [88.07814790800006, 26.240129538000076], [88.07868542300008, 26.240370744000074], [88.07867493700007, 26.240791785000056], [88.07865765100007, 26.24139808800004], [88.07838329000003, 26.242068188000076], [88.07850817200006, 26.242566246000024], [88.07869895100004, 26.242926286000056], [88.07903783500007, 26.242976001000045], [88.07935118800003, 26.24321204100005], [88.07955360200003, 26.244963059000042], [88.08001602000007, 26.245280841000067], [88.08016458600008, 26.245629245000032], [88.07952656200007, 26.246274592000077], [88.07902305700009, 26.246799097000064], [88.07913973100005, 26.247391185000026], [88.07908680400004, 26.248049082000023], [88.07879371700005, 26.248405975000026], [88.07889416500007, 26.248552242000073], [88.07900590400004, 26.248933600000043], [88.07965506500005, 26.249889411000026], [88.07976749300008, 26.250422753000066], [88.07983735900007, 26.25075459100003], [88.07971308300006, 26.25128839300004], [88.07899018800003, 26.252270173000056], [88.07831429800007, 26.252619882000033], [88.07763840500007, 26.252969587000052], [88.07723850400004, 26.253541143000064], [88.07649560400006, 26.254209127000024], [88.07599245400007, 26.25437548000008], [88.07599237700003, 26.25437550500004], [88.07615269500008, 26.25450437300003], [88.07603295000007, 26.255013336000047], [88.07574884900004, 26.25612505400005], [88.07515876200006, 26.257206904000043], [88.07504938700004, 26.258675251000057], [88.07472345000008, 26.259926220000068], [88.07495338000007, 26.261148431000038], [88.07528168900006, 26.261586762000036], [88.07566444800005, 26.26181295200007], [88.07625032200008, 26.26201628700005], [88.07717296000004, 26.26194468500006], [88.07791622400003, 26.26184993000004], [88.07840753300007, 26.26139286500006], [88.07919730300006, 26.260394922000046], [88.07964280900006, 26.259546083000032], [88.07969127000007, 26.258999350000067], [88.07930113300006, 26.258756783000024], [88.07894897700004, 26.258455957000024], [88.07903727200005, 26.258207421000066], [88.07958311700008, 26.257953996000026], [88.08062308500007, 26.25761860500006], [88.08215587000007, 26.257501655000056], [88.08423278200007, 26.257431689000043], [88.08545739700008, 26.257706015000053], [88.08602536400008, 26.258127029000036], [88.08663727000004, 26.25858326200006], [88.08717663000004, 26.25855531800005], [88.08764014000008, 26.25864388800005], [88.08782760900004, 26.25897202400006], [88.08840512600005, 26.25954261800007], [88.08929934800005, 26.26050973400004], [88.08987449600005, 26.261042948000068], [88.09090850200005, 26.261589873000048], [88.09144210800008, 26.262125234000052], [88.09201488900004, 26.262621065000076], [88.09296352800004, 26.263134905000072], [88.09328501500005, 26.26360616900007], [88.09303988500005, 26.264331983000034], [88.09246950800008, 26.265059547000078], [88.09239231700008, 26.265909598000064], [88.09241598600005, 26.266280677000054], [88.09232203400006, 26.266573184000038], [88.09247910200008, 26.267563384000027], [88.09262701200004, 26.268706352000038], [88.09275924100007, 26.26930867300007], [88.09328118700006, 26.269840024000075], [88.09375955000007, 26.269984469000065], [88.09410747800007, 26.269847947000073], [88.09471511600003, 26.269664145000036], [88.09516147900007, 26.269894822000026], [88.09545879300003, 26.27016621000007], [88.09587712500007, 26.270063255000025], [88.09631271900008, 26.270029055000066], [88.09664821900003, 26.27024382600007], [88.09697837200008, 26.270574960000033], [88.09718342600007, 26.27076167100006], [88.09747166800008, 26.270839588000058], [88.09784337700006, 26.27061135100007], [88.09800633600008, 26.270138553000038]]]]}}, {"type": "Feature", "properties": {"OBJECTID": 4582, "GPCODE": "94301", "GPNAME_1": "PANASI", "DIST_CEN_C": "08", "BLK_NAME": "POTHIA", "ST_NAME": "BIHAR", "ST_CODE_1": "10", "GPCODE2011": "96855", "REMARKS": "FINALIZED", "MAP_STATUS": "COMPLETED", "BLK_C_2001": "080004", "BLK_C_2011": "01124", "DIST_NAME": "KISHANGANJ", "code2011": 0.0, "Shape_Leng": 0.26909438499, "Shape_Area": 0.0012801751, "Area": 14.1652}, "geometry": {"type": "MultiPolygon", "coordinates": [[[[88.12611443900005, 26.253790723000066], [88.12633729900006, 26.25363935200005], [88.12703254200005, 26.25360315300003], [88.12801455000005, 26.253202551000072], [88.12862813300006, 26.25310066700007], [88.12967393200006, 26.252487033000023], [88.12981949300007, 26.25233968300006], [88.13009285700008, 26.251766279000037], [88.13047019400005, 26.251606855000034], [88.13099754700005, 26.251369684000053], [88.13134810100007, 26.25079234800006], [88.13135702800008, 26.25093165100003], [88.13214294200003, 26.251100403000066], [88.13290206700003, 26.250851149000027], [88.13359282500005, 26.250745223000024], [88.13410550000003, 26.251487370000063], [88.13510086800005, 26.251295724000045], [88.13603680400007, 26.251386706000062], [88.13651365800007, 26.251571547000026], [88.13686739800005, 26.25225204000003], [88.13734425000007, 26.252436786000032], [88.13834409100008, 26.25231481700007], [88.13948947300008, 26.252045390000035], [88.14064825800006, 26.25198495400008], [88.14217989300005, 26.251695360000042], [88.14316631000008, 26.251364360000025], [88.14463405500004, 26.251287775000037], [88.14553879800008, 26.25089109000004], [88.14583401500005, 26.250423667000064], [88.14597823700007, 26.250195291000068], [88.14530310300006, 26.249653115000058], [88.14498779300004, 26.24927587600007], [88.14439637600003, 26.248676809000074], [88.14419417700003, 26.247794937000037], [88.14354976600004, 26.24727740900005], [88.14346486100004, 26.246861885000044], [88.14306394600004, 26.245150471000045], [88.14300183700004, 26.244182602000024], [88.14293766200007, 26.243634703000055], [88.14267705800006, 26.243202087000043], [88.14199299100005, 26.24297528200003], [88.14113994000007, 26.242304166000054], [88.14056505000008, 26.24134240500007], [88.13982475900008, 26.24085206600006], [88.13916434300006, 26.240842378000025], [88.13869731200003, 26.24080058100003], [88.13860497800005, 26.240695189000064], [88.13851266600005, 26.24058982100007], [88.13846860600006, 26.240283556000065], [88.13830393100005, 26.23885961600007], [88.13807674100008, 26.235697654000035], [88.13799363500004, 26.234401670000068], [88.13804177200007, 26.233627703000025], [88.13830637400008, 26.23267669300003], [88.13869545700004, 26.23216301100007], [88.13894848000007, 26.231966647000036], [88.13946452600004, 26.23172827800005], [88.14007027900004, 26.231668487000036], [88.14067387000006, 26.231820260000063], [88.14166887700009, 26.231740157000047], [88.14208859000007, 26.23170416100004], [88.14236619400003, 26.231647386000077], [88.14271097300008, 26.231417942000064], [88.14289907300008, 26.23118266800003], [88.14312117800006, 26.230748171000073], [88.14320473100008, 26.230588745000034], [88.14326640000007, 26.230331874000058], [88.14319327000004, 26.23016652700005], [88.14289944900008, 26.229970498000057], [88.14242669800007, 26.229910585000027], [88.14177251900009, 26.22994471800007], [88.14156459600008, 26.229870985000048], [88.14147498800008, 26.229692400000033], [88.14174934500005, 26.229339852000066], [88.14213173800005, 26.228967477000026], [88.14230155300004, 26.22869086700007], [88.14249196000009, 26.228004370000065], [88.14228326000006, 26.22694398400006], [88.14209027900006, 26.226615819000074], [88.14195043600006, 26.22638346800005], [88.14169489000005, 26.226298215000043], [88.14074295200004, 26.226319687000057], [88.14030687900004, 26.22634243600004], [88.13905680000005, 26.22643639100005], [88.13779980600003, 26.226314175000027], [88.13708452100008, 26.22611671100003], [88.13627438800006, 26.226065068000025], [88.13562603100007, 26.22609887300007], [88.13469069000007, 26.226124233000064], [88.13380737000006, 26.226146785000026], [88.13349462100007, 26.226139592000038], [88.13318187200008, 26.22613239800006], [88.13262169600006, 26.226325966000047], [88.13209705400004, 26.226259421000066], [88.13172836500007, 26.22578570400003], [88.13127589600003, 26.22522246400007], [88.13083392800007, 26.224823048000076], [88.12981630900003, 26.22478218300006], [88.12916746200005, 26.22521493800008], [88.12876895200003, 26.225493957000026], [88.12824222300009, 26.225803057000064], [88.12807267200003, 26.22599966300004], [88.12795943800006, 26.22626372700006], [88.12801386500007, 26.226706833000037], [88.12798868500005, 26.227275520000035], [88.12775578700007, 26.22758046100006], [88.12733684600005, 26.227797426000052], [88.12670018600005, 26.22799329700007], [88.12612359300005, 26.227437706000046], [88.12598735800003, 26.226436368000066], [88.12580830600007, 26.225892690000023], [88.12514882000005, 26.225731886000062], [88.12378899200007, 26.22590025900007], [88.12305073700009, 26.226198976000035], [88.12273339200004, 26.226313068000024], [88.12243745400008, 26.22619831700007], [88.12214163300007, 26.226083586000073], [88.12146762400005, 26.225695762000043], [88.12086758000004, 26.22533670200005], [88.12031591900006, 26.225170174000027], [88.11978775600005, 26.224807277000025], [88.11898659400003, 26.224686344000077], [88.11811552500006, 26.224601568000026], [88.11643984000006, 26.223777879000068], [88.11601329600006, 26.22331211200003], [88.11597805100007, 26.222760943000026], [88.11593658800007, 26.222112525000057], [88.11598368900007, 26.221719694000058], [88.11631820500008, 26.221311912000033], [88.11686845700007, 26.220892908000053], [88.11760887600008, 26.22062672100003], [88.11816948800004, 26.22036979300003], [88.11827730600004, 26.220364183000072], [88.11826486600006, 26.22016968500003], [88.11810244800006, 26.219885418000047], [88.11793163100003, 26.219471398000053], [88.11776921000006, 26.21918703800003], [88.11735719400008, 26.218948279000074], [88.11669774800004, 26.218787347000045], [88.11614612600005, 26.218620895000072], [88.11559242700008, 26.218421934000048], [88.11461439000004, 26.217789700000026], [88.11335579800004, 26.21738810900007], [88.11262549700007, 26.217316992000065], [88.11216722700004, 26.217086245000075], [88.11218427500006, 26.216721696000036], [88.11281329600007, 26.21647081100008], [88.11346862100004, 26.216000285000064], [88.11339597000006, 26.21549491500008], [88.11300887000004, 26.215115078000053], [88.11229258200007, 26.21526141100003], [88.11140848800005, 26.215307375000066], [88.11050828300006, 26.215099597000062], [88.11011413800009, 26.214610938000078], [88.10921625700007, 26.21443942600007], [88.10826341700005, 26.21467073100007], [88.10773641800006, 26.21462542000006], [88.10731838000004, 26.21439256900004], [88.10681759900007, 26.214127622000035], [88.10618250200008, 26.21365156400003], [88.10602724000006, 26.213114090000033], [88.10598326200005, 26.21242544200004], [88.10570746500008, 26.211894229000052], [88.10487141600004, 26.211428513000044], [88.10436371600008, 26.211054920000038], [88.10429573000005, 26.210622], [88.10483978000008, 26.210302771000045], [88.10522308700007, 26.209991983000066], [88.10528499300005, 26.209697799000025], [88.10525490600008, 26.20922660800005], [88.10506639000005, 26.208800041000075], [88.10435552300004, 26.20840051500005], [88.10371341500007, 26.207815629000038], [88.10298327600003, 26.20774446100006], [88.10239527500005, 26.207375032000073], [88.10208623300008, 26.20695462900005], [88.10208711400008, 26.20633634400008], [88.10213273500005, 26.20578852400007], [88.10180662000005, 26.205732671000078], [88.10053476300004, 26.206016892000036], [88.10012371100004, 26.205892842000026], [88.09954728200006, 26.205704496000067], [88.09922348900005, 26.205685003000042], [88.09892150000007, 26.205373317000067], [88.09881333000004, 26.20494257200005], [88.09866505200006, 26.204513908000024], [88.09837915300005, 26.204455961000065], [88.09810251000005, 26.204543109000042], [88.09753531900003, 26.204832467000074], [88.09709749200005, 26.20498989400005], [88.09600630300008, 26.205046522000032], [88.09542070900005, 26.204448444000036], [88.09567556400003, 26.203761791000034], [88.09523309700006, 26.20306645000005], [88.09432891500006, 26.202933789000042], [88.09324049700007, 26.203035218000025], [88.09268640100004, 26.20292925700005], [88.09236745400005, 26.202609133000067], [88.09135798100004, 26.20274570400005], [88.09000640800008, 26.20281579500005], [88.08994581000007, 26.20350121100006], [88.08987503000003, 26.20484583800004], [88.08986999400008, 26.205175488000066], [88.09002230600004, 26.205520473000036], [88.09039520800007, 26.20564229000007], [88.09072356000007, 26.205883982000046], [88.09079501300005, 26.206186170000024], [88.09075345200006, 26.206352973000037], [88.09035253800005, 26.206608988000028], [88.09016398300008, 26.206924566000055], [88.09002540300008, 26.207614023000076], [88.09003072400003, 26.20810778200007], [88.08972926000007, 26.208288061000076], [88.08916789900007, 26.208481907000078], [88.08830506200007, 26.20885593500003], [88.08748518300007, 26.209086671000023], [88.08699133600004, 26.20911226900006], [88.08674328200004, 26.209313360000067], [88.08660467500005, 26.210002720000034], [88.08656254400006, 26.210569514000042], [88.08656048800003, 26.21094608900006], [88.08679443600005, 26.21093396300006], [88.08688884600008, 26.211187788000075], [88.08661482900004, 26.21139022400007], [88.08643738400008, 26.21146999700005], [88.08649172400004, 26.21191413300005], [88.08638412500005, 26.212272590000055], [88.08602303600009, 26.21269882100006], [88.08731387700004, 26.213249782000048], [88.08798218700008, 26.213884415000052], [88.08918538900008, 26.214851751000026], [88.09036898800008, 26.215511255000024], [88.09130215000005, 26.215823210000053], [88.09242241400005, 26.216382975000045], [88.09262903700005, 26.21693861800003], [88.09231057400007, 26.21731557000004], [88.09253038500003, 26.218076452000048], [88.09268009800007, 26.21863504600003], [88.09258927500008, 26.219000099000027], [88.09294690500008, 26.219238977000032], [88.09325099900008, 26.219532136000055], [88.09368855400004, 26.220127302000037], [88.09454848300004, 26.220185610000044], [88.09459103100005, 26.220852768000043], [88.09450348500008, 26.221269156000062], [88.09442565800003, 26.221839550000027], [88.09405354800003, 26.222270791000028], [88.09356443100006, 26.222656503000053], [88.09343306000005, 26.223281177000047], [88.09401708200005, 26.224383597000042], [88.09404653300004, 26.22484541700004], [88.09360440400008, 26.225074273000075], [88.09311200700006, 26.225408741000024], [88.09370059100007, 26.225687143000073], [88.09344883900008, 26.226215052000043], [88.09313035600007, 26.226592003000064], [88.09165794800003, 26.227358452000033], [88.09205814700005, 26.228392830000075], [88.09208449000005, 26.22880597900007], [88.09209406900004, 26.22895621500004], [88.09202994500004, 26.229261097000062], [88.09183848700008, 26.22953480800004], [88.09167670000005, 26.22961856300003], [88.09138519100009, 26.229633679000074], [88.09106879800004, 26.22991386600006], [88.09095344300005, 26.230070579000028], [88.09080362700007, 26.230342129000064], [88.09056812600005, 26.23058043700007], [88.09021726800006, 26.230975459000035], [88.09012106500006, 26.231432643000062], [88.09022829700007, 26.231803914000068], [88.09043318600004, 26.232396221000045], [88.09044994600004, 26.232659133000027], [88.09001100300009, 26.232983354000055], [88.08919246000005, 26.233251884000026], [88.08824408800007, 26.233451772000024], [88.08757776000004, 26.233486307000078], [88.08743750600007, 26.233908088000078], [88.08790183500008, 26.234637683000074], [88.08914652500005, 26.234497803000068], [88.09031500200007, 26.23447491400003], [88.09102537500007, 26.23447576800004], [88.09169889100008, 26.234553895000033], [88.09215460000007, 26.23449258200003], [88.09235085400007, 26.234293991000072], [88.09250306700005, 26.234059999000067], [88.09278261100008, 26.233857088000036], [88.09287069200008, 26.23392788600006], [88.09283144200003, 26.233967605000032], [88.09301, 26.234146760000044], [88.09338481100008, 26.234127322000063], [88.09375674600005, 26.233817716000033], [88.09422493000005, 26.23466484200003], [88.09403040600006, 26.234861688000024], [88.09404623100005, 26.235109814000054], [88.09413880200003, 26.235478434000072], [88.09448662200003, 26.235522676000073], [88.09503698100008, 26.235494129000074], [88.09526712000007, 26.235855612000023], [88.09502750300004, 26.23642821900006], [88.09520859800006, 26.237103477000062], [88.09583811400006, 26.238315648000025], [88.09631414300009, 26.23928683300005], [88.09689463700005, 26.240812772000027], [88.09741027100006, 26.242404355000076], [88.09853865400004, 26.24278141600007], [88.09922265900008, 26.242683729000078], [88.10004423000004, 26.242578808000076], [88.10073208800009, 26.242543106000028], [88.10128247600005, 26.242514537000034], [88.10162239700009, 26.242434701000036], [88.10188575800004, 26.242234273000065], [88.10226678700008, 26.24171659800004], [88.10223114000007, 26.241158272000064], [88.10241774000008, 26.240837354000064], [88.10268495800005, 26.240699007000046], [88.10322335000006, 26.240484297000023], [88.10347482400005, 26.240097818000038], [88.10384395300008, 26.23939399900007], [88.10409928000007, 26.239069510000036], [88.10437045100008, 26.23899314500005], [88.10486784100004, 26.239216355000053], [88.10524350700007, 26.23969474000006], [88.10572504600003, 26.23966973000006], [88.10619469600005, 26.23945857900003], [88.10692362900005, 26.23898501000008], [88.10778616300007, 26.238442305000035], [88.10852697700005, 26.23815486700005], [88.10929563300004, 26.238301593000074], [88.11063968400003, 26.23773385000004], [88.11157885500006, 26.23731161300003], [88.11223505600003, 26.236779514000034], [88.11271658300006, 26.236754483000027], [88.11429872900004, 26.236672226000053], [88.11587690900006, 26.236527968000075], [88.11724471100007, 26.236332262000076], [88.11771433500007, 26.236121168000068], [88.11848288900006, 26.23626785400006], [88.11875801600007, 26.236253540000064], [88.11984275200007, 26.235948154000027], [88.12066426800004, 26.235843216000035], [88.12168810400004, 26.235665460000064], [88.12659167500004, 26.23591886500003], [88.12942067200004, 26.236363952000033], [88.12909221000007, 26.236810415000036], [88.12883329000005, 26.23741430800004], [88.12893377600005, 26.23805319400003], [88.12847287600005, 26.23829187700005], [88.12776454200008, 26.238382392000062], [88.12723410200005, 26.23846373200007], [88.12707324300004, 26.238740500000063], [88.12704480800005, 26.239224955000054], [88.12671633700006, 26.239671503000068], [88.12637748200007, 26.239957539000045], [88.12620301400005, 26.24002024600003], [88.12623384500006, 26.240501706000032], [88.12570681700004, 26.240636486000028], [88.12505773800007, 26.240723995000053], [88.12434586500007, 26.240761055000064], [88.12411202900006, 26.240826851000065], [88.12396143000007, 26.24126404100008], [88.12397855500006, 26.24153153900005], [88.12375499400008, 26.241757851000045], [88.12383148400005, 26.242022259000066], [88.12389759700005, 26.24212615500005], [88.12368431000004, 26.24251298400003], [88.12339795900004, 26.24268894200003], [88.12258124100003, 26.24294612500006], [88.12278205200005, 26.244223813000076], [88.12294520000006, 26.244913059000055], [88.12321670600005, 26.24543561300004], [88.12323040300004, 26.245649574000026], [88.12312889400005, 26.245923246000075], [88.12296127000008, 26.246093022000025], [88.12290875000008, 26.246203093000076], [88.12292587400003, 26.246470590000058], [88.12305477700005, 26.246624840000038], [88.12307532200003, 26.24694578200007], [88.12279580800003, 26.24722871800003], [88.12269087000004, 26.247448853000037], [88.12279475400004, 26.24814118200004], [88.12300347700005, 26.24861338100004], [88.12294305400007, 26.249528934000068], [88.12285181600004, 26.249963121000064], [88.12276057200006, 26.250397217000057], [88.12273495200003, 26.250423150000074], [88.12236926000008, 26.25079330600005], [88.12213883200008, 26.25091263400003], [88.12191525100008, 26.25113894200007], [88.12175778400007, 26.251469145000044], [88.12171563800007, 26.25173972600004], [88.12142241600003, 26.251808698000048], [88.12101397500004, 26.251937287000032], [88.12103794200004, 26.252311763000023], [88.12134143900005, 26.252403308000055], [88.12163808900004, 26.252387872000043], [88.12188563600006, 26.25253594900005], [88.12195518000004, 26.25269338000004], [88.12216058200005, 26.25311203700005], [88.12200654100008, 26.253495776000022], [88.12172026500008, 26.25367172400007], [88.12148298300008, 26.253684071000066], [88.12111326500008, 26.253488636000043], [88.12105399500007, 26.253491719000067], [88.12089309800007, 26.253768386000047], [88.12097986300006, 26.254193308000026], [88.12064095100004, 26.254479236000066], [88.12040709400009, 26.254545117000077], [88.11981388600003, 26.254575979000037], [88.11997271900003, 26.255927521000046], [88.12079582100006, 26.255465396000034], [88.12193235200004, 26.255056796000076], [88.12308671100004, 26.25492679300004], [88.12408658500004, 26.254804915000022], [88.12478183600007, 26.254768725000076], [88.12516810800008, 26.254748618000065], [88.12591834700004, 26.254360095000038], [88.12611443900005, 26.253790723000066]]]]}}, {"type": "Feature", "properties": {"OBJECTID": 4583, "GPCODE": "94302", "GPNAME_1": "PARLABARI", "DIST_CEN_C": "08", "BLK_NAME": "POTHIA", "ST_NAME": "BIHAR", "ST_CODE_1": "10", "GPCODE2011": "96856", "REMARKS": "FINALIZED", "MAP_STATUS": "COMPLETED", "BLK_C_2001": "080004", "BLK_C_2011": "01124", "DIST_NAME": "KISHANGANJ", "code2011": 0.0, "Shape_Leng": 0.4240763333, "Shape_Area": 0.00203274549, "Area": 22.4915}, "geometry": {"type": "MultiPolygon", "coordinates": [[[[88.03101211000006, 26.26083628300006], [88.03193221400005, 26.260705287000064], [88.03281653300007, 26.26074343500005], [88.03369283200004, 26.260656510000047], [88.03394669600004, 26.260266815000023], [88.03408156500006, 26.259464696000066], [88.03429700500004, 26.25920246000004], [88.03460238800005, 26.25889385800008], [88.03402873900006, 26.258630410000023], [88.03335987500003, 26.25833003300005], [88.03301762200005, 26.25805467200007], [88.03418606700006, 26.257450412000026], [88.03459194200008, 26.257262119000075], [88.03599033700004, 26.25735753300006], [88.03695136000005, 26.257140651000043], [88.03717472500006, 26.25700366800004], [88.03695796900007, 26.256512624000038], [88.03682226600006, 26.255851019000033], [88.03679230600005, 26.25537799600005], [88.03687895500008, 26.254898968000077], [88.03678408700006, 26.254323889000034], [88.03633939000008, 26.253766729000063], [88.03605302000005, 26.252937830000064], [88.03620458200004, 26.25256095000003], [88.03636945500006, 26.25239427200006], [88.03659924100003, 26.25232974200003], [88.03694895900009, 26.252311735000035], [88.03748019100004, 26.252389778000065], [88.03853933500005, 26.252493422000043], [88.04011962900006, 26.252517517000058], [88.04139523200007, 26.252346312000043], [88.04200634100005, 26.251840350000066], [88.04231941300009, 26.251244160000056], [88.04297220700005, 26.250472366000054], [88.04302940100007, 26.25042206300003], [88.04424606300006, 26.249352088000023], [88.04469239000008, 26.249012795000056], [88.04585801600007, 26.248952711000072], [88.04702030300007, 26.24883999900004], [88.04819602900005, 26.24893756700004], [88.04876884000004, 26.248749838000037], [88.05007597400004, 26.248155154000074], [88.05126659600006, 26.24756646800006], [88.05279858700004, 26.24775111400004], [88.05400756200004, 26.248374194000064], [88.05495008300005, 26.248483744000055], [88.05588926600007, 26.248540670000068], [88.05649877100007, 26.24893108200007], [88.05648723400003, 26.249669840000024], [88.05633476500003, 26.250422504000028], [88.05613103000007, 26.251428229000055], [88.05554000500007, 26.252249686000027], [88.05430778900006, 26.25310422700005], [88.05300729700008, 26.253804091000063], [88.05280409600005, 26.254289052000047], [88.05284412200007, 26.25491974600004], [88.05398824400004, 26.255440773000032], [88.05494749600007, 26.255813051000075], [88.05532725100005, 26.25626802200003], [88.05584029900007, 26.256979701000034], [88.05662137400003, 26.257308558000034], [88.05714596800004, 26.257281480000074], [88.05770879100004, 26.256936047000067], [88.05803849200004, 26.256602646000033], [88.05908379600004, 26.25552380700003], [88.05970041500007, 26.256451795000032], [88.06035588200007, 26.25719498600006], [88.06105618600003, 26.257844464000073], [88.06147477000007, 26.258051332000036], [88.06202194900004, 26.257885980000026], [88.06226294400005, 26.25769074300007], [88.06257481400007, 26.257811726000057], [88.06298481900006, 26.25788194200004], [88.06321882900005, 26.258372708000024], [88.06394221000005, 26.259386559000063], [88.06440853200007, 26.259545348000074], [88.06475934300005, 26.25948152600006], [88.06531800400006, 26.25949835800003], [88.06540326800007, 26.26004241100003], [88.06534857400004, 26.26077657700006], [88.06548146000006, 26.261272473000076], [88.06515101800005, 26.261655216000065], [88.06475837600004, 26.26185838400005], [88.06494150400005, 26.26244703900005], [88.06605598500005, 26.26244685100005], [88.06647776400007, 26.26256859600005], [88.06712167900008, 26.262678952000044], [88.06727307500006, 26.262556240000038], [88.06748064700008, 26.262315828000055], [88.06773818900007, 26.262359915000047], [88.06802569100006, 26.262373801000024], [88.06869773800008, 26.262425206000046], [88.07019130300006, 26.262376648000043], [88.07040461600008, 26.262160719000065], [88.07075832900006, 26.26214243000004], [88.07147145300007, 26.26219704400006], [88.07189306800007, 26.262449426000046], [88.07241002800004, 26.26260557300003], [88.07292398400006, 26.26271608500008], [88.07337873000006, 26.262692566000055], [88.07356920100005, 26.262499925000043], [88.07384340800007, 26.262028677000046], [88.07402227800009, 26.261653754000065], [88.07435859100008, 26.261362081000073], [88.07495338000007, 26.261148431000038], [88.07472345000008, 26.259926220000068], [88.07504938700004, 26.258675251000057], [88.07515876200006, 26.257206904000043], [88.07574884900004, 26.25612505400005], [88.07603295000007, 26.255013336000047], [88.07615269500008, 26.25450437300003], [88.07599237700003, 26.25437550500004], [88.07583211800005, 26.254246683000076], [88.07552894000008, 26.25426236900006], [88.07471763600006, 26.25425864500005], [88.07387901100003, 26.254622003000065], [88.07347480700008, 26.254642911000076], [88.07306190900005, 26.254527175000078], [88.07277745700009, 26.25403902900007], [88.07218973500005, 26.253566660000047], [88.07097143900006, 26.253538267000067], [88.06949748100004, 26.253477386000043], [88.06814782000004, 26.253775645000076], [88.06775654400008, 26.25309511300003], [88.06792616300004, 26.252084500000024], [88.06787269800003, 26.251243609000028], [88.06752664700008, 26.250422539000056], [88.06745950000004, 26.250263120000056], [88.06645347600005, 26.249155078000058], [88.06536583800005, 26.247682164000025], [88.06482124300004, 26.24739392300006], [88.06497939600007, 26.24712216000006], [88.06560384100004, 26.246826207000026], [88.06597503900008, 26.246226957000033], [88.06586668500006, 26.245441690000064], [88.06566845500004, 26.245082851000063], [88.06506886000005, 26.244850153000073], [88.06454108200006, 26.244824726000047], [88.06366684700004, 26.244869897000058], [88.06308739500008, 26.24495253400005], [88.06289251100009, 26.24464621900006], [88.06292404700008, 26.24422280600004], [88.06329369300005, 26.243267825000032], [88.06290916700004, 26.241549330000055], [88.06218196700007, 26.238772236000045], [88.06165864900004, 26.23631582200005], [88.06015532400005, 26.234323884000048], [88.05907553400004, 26.233220706000054], [88.05836705200005, 26.232181082000068], [88.05819169000006, 26.23086562700007], [88.05856010600007, 26.229439262000028], [88.05902519100005, 26.228090730000076], [88.05894659900008, 26.22685301000007], [88.05865884900004, 26.225212225000064], [88.05824053000003, 26.22440600400006], [88.05977555200008, 26.224541214000055], [88.06025258000005, 26.224468573000024], [88.06127406600007, 26.224199659000078], [88.06205658600004, 26.22394308500003], [88.06233401100008, 26.223280311000053], [88.06238625500004, 26.22284522600006], [88.06242948200008, 26.22226660000007], [88.06238842600004, 26.221620280000025], [88.06258622100006, 26.220961526000053], [88.06296606500007, 26.22065370200005], [88.06320491900004, 26.22064136000006], [88.06416033700003, 26.220591986000045], [88.06453571500003, 26.220212340000046], [88.06488817300004, 26.219473631000028], [88.06502915000004, 26.219178055000043], [88.06576852700005, 26.219500176000054], [88.06664898400004, 26.219526710000025], [88.06688327200004, 26.219442549000064], [88.06701511500006, 26.219003344000043], [88.06699229400004, 26.218644277000067], [88.06673975200005, 26.218441186000064], [88.06613679800006, 26.217751862000057], [88.06618446200008, 26.217244960000073], [88.06641418300006, 26.21708898600008], [88.06665303000005, 26.217076638000037], [88.06588172500005, 26.21625191800007], [88.06472137500003, 26.215591309000047], [88.06352704800008, 26.21565303600005], [88.06277401900007, 26.21511555400008], [88.06260316700008, 26.21368330100006], [88.06234814400005, 26.212183345000028], [88.06161535400008, 26.210708074000024], [88.06144908700009, 26.20934772100003], [88.06090756900005, 26.208366910000052], [88.06087108600008, 26.20779239700005], [88.06084828400003, 26.207433325000068], [88.06130313500006, 26.20704948300005], [88.06194011400004, 26.207016570000064], [88.06249738200006, 26.206987774000027], [88.06361201800007, 26.20693016900003], [88.06496538000005, 26.20686021700004], [88.06599127800007, 26.206663083000024], [88.06719910900006, 26.206816785000058], [88.06799073900004, 26.20670380100006], [88.06793596800009, 26.20584203100003], [88.06758102000003, 26.20528398500005], [88.06656628700006, 26.20439970800004], [88.06628639300004, 26.203765728000064], [88.06624531800009, 26.203119307000065], [88.06566981700007, 26.202860860000044], [88.06526265700006, 26.20273780800005], [88.06431678500007, 26.200674856000035], [88.06249607200004, 26.200800101000027], [88.06038948900004, 26.201515667000024], [88.05913902000003, 26.20194420300004], [88.05690610800008, 26.202787588000035], [88.05429583000006, 26.202982992000045], [88.05323281800008, 26.202127937000057], [88.05153203900005, 26.200759703000074], [88.05081578500005, 26.200068704000046], [88.04966282400005, 26.198854147000077], [88.04784919000008, 26.198815224000043], [88.04780656700007, 26.198880720000034], [88.04874508300009, 26.200005833000034], [88.04920193100008, 26.20037337800005], [88.04889577900008, 26.201015049000034], [88.04798453100005, 26.201687935000052], [88.04673734400006, 26.20253458600007], [88.04661885800004, 26.203401240000062], [88.04734004300008, 26.20383337900006], [88.04901700400006, 26.204294523000044], [88.05019013200007, 26.20501631600007], [88.05127189900008, 26.205664592000062], [88.05149916200008, 26.206513406000056], [88.05146218900006, 26.207297633000053], [88.05149186100004, 26.207765437000035], [88.05075838700003, 26.20850738200005], [88.05006683000005, 26.208543064000025], [88.04926422300008, 26.208193361000042], [88.04801442400003, 26.20763196200005], [88.04757238100007, 26.207498318000034], [88.04554448900006, 26.20610322500005], [88.04304528900008, 26.205854146000036], [88.04215618600006, 26.20550886600006], [88.04106459000008, 26.204704591000052], [88.04043478300008, 26.204345845000034], [88.03980014900009, 26.203909215000067], [88.03856030800006, 26.203503675000036], [88.03768604400005, 26.203392273000077], [88.03728352400003, 26.20388243600007], [88.03706372700003, 26.204519538000056], [88.03663641900005, 26.20461986400005], [88.03620427000004, 26.20464212400003], [88.03507564000006, 26.20462193900005], [88.03429273600005, 26.20458403600003], [88.03351476600005, 26.204624096000032], [88.03319362100007, 26.205031835000057], [88.03281081300008, 26.205833858000062], [88.03238359300008, 26.205934076000062], [88.03203776800007, 26.205951880000043], [88.03154148000004, 26.204960449000055], [88.03138597800006, 26.203873159000068], [88.03038089300009, 26.203064359000052], [88.02986221800006, 26.203091055000073], [88.02862745500005, 26.202763490000052], [88.02796446700006, 26.20306147900004], [88.02723817000003, 26.20320950400003], [88.02685167200008, 26.203561165000053], [88.02616022000007, 26.20426038100004], [88.02571318900004, 26.204947021000066], [88.02513459700003, 26.205493011000044], [88.02480517700008, 26.20609988900003], [88.02461075700006, 26.206257304000076], [88.02459752300007, 26.206257984000047], [88.02424406100005, 26.20627616400003], [88.02405784800004, 26.205917112000066], [88.02334437200005, 26.205621937000046], [88.02243890700004, 26.20552099200006], [88.02149494700006, 26.205458966000037], [88.01972329000006, 26.205881817000034], [88.01880021900007, 26.20615047600006], [88.01798180100008, 26.206782470000064], [88.01756625900003, 26.207320050000078], [88.01749505200007, 26.208134762000043], [88.01735917100007, 26.208368234000034], [88.01705260500006, 26.208894935000046], [88.01638322900004, 26.20929804700006], [88.01566384100005, 26.209556219000035], [88.01462542300004, 26.209941336000043], [88.01410974400005, 26.21018903600003], [88.01373815300008, 26.21142483500006], [88.01316189600004, 26.212007415000073], [88.01257625600005, 26.212443061000045], [88.01222356000005, 26.21268238400006], [88.01216520900005, 26.213054097000054], [88.01218226300006, 26.213324277000027], [88.01268187600004, 26.213279734000025], [88.01343678500007, 26.21299487700003], [88.01456208000008, 26.212814082000023], [88.01570285700006, 26.21287847900004], [88.01686935500004, 26.213351724000063], [88.01799582600006, 26.213909107000063], [88.01863665000008, 26.214696438000033], [88.01911024900005, 26.216435620000027], [88.01881860900005, 26.218296217000045], [88.01837942300006, 26.21926204400006], [88.01794399500005, 26.221007025000063], [88.01747907500004, 26.221564086000058], [88.01749973200003, 26.22189110900007], [88.01761875100004, 26.222336075000044], [88.01808344700004, 26.223214545000076], [88.01797851200007, 26.223712109000076], [88.01773613500006, 26.224913901000036], [88.01776195700006, 26.22532265500007], [88.01810988400007, 26.22723237100007], [88.01880760200004, 26.228919116000043], [88.01910797700003, 26.229354759000046], [88.01948874900006, 26.229622276000043], [88.02003258300005, 26.22959432700003], [88.02070480600008, 26.22943678200005], [88.02173692500008, 26.229219642000032], [88.02218755200005, 26.229155478000052], [88.02297378800006, 26.229221195000036], [88.02309507100006, 26.22913892300005], [88.02340986500008, 26.230036994000045], [88.02340800600007, 26.230959333000044], [88.02307560700007, 26.231410365000045], [88.02263703500006, 26.232083918000058], [88.02121336600004, 26.233350578000056], [88.02021612600004, 26.234703747000026], [88.01970882400008, 26.236194435000073], [88.01989711700008, 26.23726970100006], [88.02026525000008, 26.238335816000074], [88.02105985700007, 26.239488358000074], [88.02186329600005, 26.239826828000048], [88.02333302900007, 26.24023948100006], [88.02436261000008, 26.240349252000044], [88.02526540100007, 26.240357096000025], [88.02642510300007, 26.240622958000074], [88.02770818800008, 26.240936731000033], [88.02817572300006, 26.241672122000068], [88.02900656000008, 26.242443088000073], [88.02952200400006, 26.24393544900005], [88.02995021200007, 26.244998358000032], [88.03064059400003, 26.245451132000028], [88.03053442100008, 26.24567356500006], [88.03098830200008, 26.246192680000036], [88.03111672400007, 26.24727100900003], [88.03105835500008, 26.248250419000044], [88.03143345500007, 26.249424584000053], [88.03154134800008, 26.250178469000048], [88.03155676900008, 26.250422099000048], [88.03156873100005, 26.250611089000074], [88.03147966600005, 26.251103874000023], [88.03104096300007, 26.251777352000033], [88.03070169700004, 26.25212030700004], [88.03005576400005, 26.25237050800007], [88.02939966900004, 26.252458526000055], [88.02878292600008, 26.25221901900005], [88.02848653100006, 26.252288530000044], [88.02894390500006, 26.253925107000043], [88.02969407300003, 26.255499539000027], [88.03022662200004, 26.256205317000024], [88.02967313000005, 26.25645379900004], [88.02861945500007, 26.256508], [88.02795261900008, 26.256248955000046], [88.02751502300003, 26.25575829400003], [88.02710968800005, 26.255779140000072], [88.02705183800003, 26.256148702000075], [88.02708882700006, 26.256733394000037], [88.02713968300003, 26.257537288000037], [88.02707710600004, 26.257833756000025], [88.02620404600003, 26.258171902000072], [88.02452963900004, 26.25869791300005], [88.02300744800004, 26.259099260000028], [88.02357512000003, 26.260021508000023], [88.02404033600004, 26.261047507000058], [88.02443914500003, 26.262175313000057], [88.02479136500006, 26.263141521000023], [88.02536527000007, 26.26416183400005], [88.02532536300004, 26.264393566000024], [88.02587642400005, 26.264030066000032], [88.02675422500005, 26.263231585000028], [88.02798893600004, 26.26220551600005], [88.02954750300006, 26.26116277600005], [88.03018205300003, 26.260920906000024], [88.03101211000006, 26.26083628300006]], [[88.03595301900003, 26.221639139000047], [88.03619275700004, 26.221097025000063], [88.03686063800006, 26.221133201000043], [88.03742378400005, 26.220751048000068], [88.03807393300008, 26.220505651000053], [88.03904070400006, 26.220314606000045], [88.03989038600008, 26.22012958700003], [88.04113254600009, 26.219959626000048], [88.04250973100005, 26.220065178000027], [88.04361811300004, 26.22025524000003], [88.04410877200007, 26.220583188000035], [88.04508445700003, 26.220532886000058], [88.04508775400006, 26.221203726000056], [88.04532309700005, 26.22182731500004], [88.04570179200005, 26.222072766000053], [88.04525286900008, 26.22257261200008], [88.04471321900007, 26.222706388000063], [88.04433847300004, 26.222972902000038], [88.04412214000007, 26.22326653600004], [88.04410991800006, 26.22369098000007], [88.04417345800005, 26.224076231000026], [88.04449911800003, 26.224271350000038], [88.04508456600007, 26.22424116700006], [88.04592204300008, 26.22448046900007], [88.04635577000005, 26.224528771000053], [88.04668143500004, 26.22472388500006], [88.04658220100004, 26.225011576000043], [88.04633356900007, 26.22541283100003], [88.04555410100005, 26.22608874200006], [88.04454267100004, 26.226811894000036], [88.04332159600006, 26.22669821900007], [88.04259004500005, 26.226276824000024], [88.04189982700007, 26.225888583000028], [88.04109019200007, 26.225471206000066], [88.04056499400008, 26.22521578800007], [88.03991705300007, 26.225496367000062], [88.03965725400008, 26.225721659000044], [88.03944759500007, 26.226120894000076], [88.03934388300007, 26.226338143000078], [88.03935726100008, 26.226549360000035], [88.03913868900008, 26.226807906000033], [88.03906515100005, 26.226882268000054], [88.03878741200003, 26.226826002000053], [88.03858117600004, 26.226660007000078], [88.03855442100007, 26.22623757300005], [88.03849302800006, 26.225887589000024], [88.03842727700004, 26.225467164000065], [88.03783297000007, 26.22412038600004], [88.03761446500005, 26.223142775000042], [88.03719735000004, 26.222740447000035], [88.03666993900003, 26.222449751000056], [88.03614698900003, 26.222229490000075], [88.03595301900003, 26.221639139000047]], [[88.03288259600004, 26.22100682100006], [88.03236598600006, 26.22103341500008], [88.03178419700004, 26.220712795000054], [88.03142139700003, 26.21975752800006], [88.03108201300006, 26.218489367000075], [88.03019395700005, 26.218106560000024], [88.02938827300005, 26.218342791000055], [88.02875976900003, 26.218647846000067], [88.02781259900007, 26.21869657900004], [88.02730959600007, 26.218254973000057], [88.02674010300007, 26.218128380000053], [88.02604141700004, 26.218008522000048], [88.02548676500004, 26.218114996000054], [88.02491103600005, 26.21857311800005], [88.02440670800007, 26.218793824000045], [88.02394913700005, 26.21838884300007], [88.02366383600008, 26.21797500300005], [88.02390873900003, 26.21706632100006], [88.02385473800007, 26.216212075000044], [88.02356453200008, 26.215720541000053], [88.02311443700006, 26.215431998000042], [88.02256829500004, 26.21499259500007], [88.02249588000006, 26.21452883300003], [88.02228434700004, 26.21391633500008], [88.02269772000005, 26.21362236600004], [88.02347259200008, 26.213582522000024], [88.02457091600007, 26.213876699000025], [88.02528799300006, 26.213606076000076], [88.02558709500005, 26.212188234000052], [88.02569551400006, 26.210487949000026], [88.02624655300008, 26.21032324500004], [88.02699930700004, 26.20993395100004], [88.02717523300004, 26.209301522000032], [88.02903134000007, 26.20792037800004], [88.03094391400003, 26.207432400000073], [88.03194870200008, 26.207614422000063], [88.03287484200007, 26.207917405000046], [88.03343691400005, 26.207927346000076], [88.03430269000006, 26.20932429900006], [88.03468514100007, 26.210590153000055], [88.03497046600006, 26.211004067000033], [88.03514881600006, 26.211773968000045], [88.03513770600006, 26.212281001000065], [88.03522747500006, 26.21301658300007], [88.03581288700008, 26.214077300000042], [88.03628021000009, 26.214637545000073], [88.03661352900008, 26.21512683700007], [88.03669101600008, 26.215668279000056], [88.03652869300004, 26.215832530000057], [88.03610058800007, 26.21589345900003], [88.03527280900005, 26.215780292000034], [88.03447089100007, 26.21539307200004], [88.03378204200004, 26.21542854100005], [88.03297146500006, 26.21558710000005], [88.03236018500007, 26.216164], [88.03221621400007, 26.21730115300005], [88.03219642900007, 26.218354060000024], [88.03217793900006, 26.218744644000026], [88.03186544800008, 26.21926718700007], [88.03205982900005, 26.219607749000033], [88.03270434300003, 26.220236826000075], [88.03296136200004, 26.220885941000063], [88.03288259600004, 26.22100682100006]]]]}}, {"type": "Feature", "properties": {"OBJECTID": 4592, "GPCODE": "94303", "GPNAME_1": "RAYPUR", "DIST_CEN_C": "08", "BLK_NAME": "POTHIA", "ST_NAME": "BIHAR", "ST_CODE_1": "10", "GPCODE2011": "96857", "REMARKS": "FINALIZED", "MAP_STATUS": "COMPLETED", "BLK_C_2001": "080004", "BLK_C_2011": "01124", "DIST_NAME": "KISHANGANJ", "code2011": 0.0, "Shape_Leng": 0.37587206322, "Shape_Area": 0.00181216202, "Area": 20.0467}, "geometry": {"type": "MultiPolygon", "coordinates": [[[[88.02710968800005, 26.255779140000072], [88.02751502300003, 26.25575829400003], [88.02795261900008, 26.256248955000046], [88.02861945500007, 26.256508], [88.02967313000005, 26.25645379900004], [88.03022662200004, 26.256205317000024], [88.02969407300003, 26.255499539000027], [88.02894390500006, 26.253925107000043], [88.02848653100006, 26.252288530000044], [88.02878292600008, 26.25221901900005], [88.02939966900004, 26.252458526000055], [88.03005576400005, 26.25237050800007], [88.03070169700004, 26.25212030700004], [88.03104096300007, 26.251777352000033], [88.03147966600005, 26.251103874000023], [88.03156873100005, 26.250611089000074], [88.03155676900008, 26.250422099000048], [88.03154134800008, 26.250178469000048], [88.03143345500007, 26.249424584000053], [88.03105835500008, 26.248250419000044], [88.03111672400007, 26.24727100900003], [88.03098830200008, 26.246192680000036], [88.03053442100008, 26.24567356500006], [88.03064059400003, 26.245451132000028], [88.02995021200007, 26.244998358000032], [88.02952200400006, 26.24393544900005], [88.02900656000008, 26.242443088000073], [88.02817572300006, 26.241672122000068], [88.02770818800008, 26.240936731000033], [88.02642510300007, 26.240622958000074], [88.02526540100007, 26.240357096000025], [88.02436261000008, 26.240349252000044], [88.02333302900007, 26.24023948100006], [88.02186329600005, 26.239826828000048], [88.02105985700007, 26.239488358000074], [88.02026525000008, 26.238335816000074], [88.01989711700008, 26.23726970100006], [88.01970882400008, 26.236194435000073], [88.02021612600004, 26.234703747000026], [88.02121336600004, 26.233350578000056], [88.02263703500006, 26.232083918000058], [88.02307560700007, 26.231410365000045], [88.02340800600007, 26.230959333000044], [88.02340986500008, 26.230036994000045], [88.02309507100006, 26.22913892300005], [88.02297378800006, 26.229221195000036], [88.02218755200005, 26.229155478000052], [88.02173692500008, 26.229219642000032], [88.02070480600008, 26.22943678200005], [88.02003258300005, 26.22959432700003], [88.01948874900006, 26.229622276000043], [88.01910797700003, 26.229354759000046], [88.01880760200004, 26.228919116000043], [88.01810988400007, 26.22723237100007], [88.01776195700006, 26.22532265500007], [88.01773613500006, 26.224913901000036], [88.01797851200007, 26.223712109000076], [88.01808344700004, 26.223214545000076], [88.01761875100004, 26.222336075000044], [88.01749973200003, 26.22189110900007], [88.01747907500004, 26.221564086000058], [88.01794399500005, 26.221007025000063], [88.01837942300006, 26.21926204400006], [88.01881860900005, 26.218296217000045], [88.01911024900005, 26.216435620000027], [88.01863665000008, 26.214696438000033], [88.01799582600006, 26.213909107000063], [88.01686935500004, 26.213351724000063], [88.01570285700006, 26.21287847900004], [88.01456208000008, 26.212814082000023], [88.01343678500007, 26.21299487700003], [88.01268187600004, 26.213279734000025], [88.01218226300006, 26.213324277000027], [88.01221624300007, 26.213862617000075], [88.01238955300005, 26.21466485600007], [88.01242666500008, 26.215252786000065], [88.01189333200006, 26.21587009900003], [88.01044982400003, 26.216312928000036], [88.00927061000004, 26.216410315000076], [88.00772708600005, 26.216563242000063], [88.00653486400006, 26.217103789000078], [88.00513436600005, 26.217581212000027], [88.00311912700005, 26.217868575000068], [87.99945344100007, 26.21887698200004], [87.99775402300008, 26.21933326900006], [87.99744567400006, 26.219552500000077], [87.99731867500003, 26.21964275700003], [87.99730170900006, 26.22009489000004], [87.99744568000006, 26.22033884700005], [87.99760725200008, 26.220612490000065], [87.99794769900006, 26.22096421300006], [87.99802918400007, 26.221534388000066], [87.99800287900007, 26.222561256000063], [87.99797667400009, 26.223588119000055], [87.99804623900008, 26.22469206900007], [87.99845111700006, 26.226066006000053], [87.99903229800003, 26.227348907000078], [87.99985195500005, 26.22808632300007], [88.00013015900004, 26.228892492000057], [88.00087467300006, 26.229879837000055], [88.00096122800005, 26.230531744000075], [88.00137805800006, 26.231371800000034], [88.00144914600008, 26.23177832400006], [88.00133383300005, 26.232112408000035], [88.00103190700008, 26.232373971000072], [88.00012773300006, 26.232461416000035], [87.99926370700007, 26.232464616000073], [87.99993046800006, 26.23276763800004], [88.00054526700006, 26.232876712000063], [88.00112413400007, 26.233156319000045], [88.00132206500007, 26.233328959000062], [88.00168719000004, 26.23392880700004], [88.00208655900008, 26.23482217800006], [88.00284202000006, 26.23643002700004], [88.00325650800005, 26.237076332000072], [88.00406956400008, 26.23866010100005], [88.00403072500006, 26.239071246000037], [88.00397152100004, 26.239502875000028], [88.00357461300007, 26.23971808700003], [88.00290379400008, 26.240044818000058], [88.00253081300008, 26.240297679000037], [88.00254673800004, 26.240550222000024], [88.00256755700008, 26.240880364000077], [88.00284248800006, 26.24147027500004], [88.00320959200008, 26.242152840000074], [88.00359564000007, 26.243477505000044], [88.00397066700003, 26.24462731600005], [88.00411194500003, 26.24549687500007], [88.00394286400007, 26.246206382000025], [88.00375240200003, 26.247014274000037], [88.00389043300004, 26.24792628600005], [88.00424384400009, 26.248851391000073], [88.00463085400008, 26.249460331000023], [88.00523943800005, 26.25017887300004], [88.00556861600006, 26.250421612000025], [88.00590187300008, 26.250667457000077], [88.00735413700005, 26.251618275000055], [88.00843848800008, 26.25225315600005], [88.00939183400004, 26.253020234000076], [88.01055551500008, 26.253441803000044], [88.01114694000006, 26.253620676000025], [88.01176617100003, 26.25350523900005], [88.01240324700007, 26.25330513600005], [88.01298486600007, 26.252961391000042], [88.01327375000005, 26.25275824600004], [88.01350503100008, 26.252746372000047], [88.01368876000004, 26.25271602600003], [88.01405417700005, 26.252990238000052], [88.01496468100004, 26.253445595000073], [88.01599352400007, 26.25393679000007], [88.01725756200005, 26.254443904000027], [88.01814233800008, 26.25495741000003], [88.01914081900009, 26.25543015100004], [88.02008632000008, 26.25628988400007], [88.02072283800004, 26.257165488000055], [88.02150936100008, 26.257963546000042], [88.02300744800004, 26.259099260000028], [88.02452963900004, 26.25869791300005], [88.02620404600003, 26.258171902000072], [88.02707710600004, 26.257833756000025], [88.02713968300003, 26.257537288000037], [88.02708882700006, 26.256733394000037], [88.02705183800003, 26.256148702000075], [88.02710968800005, 26.255779140000072]]], [[[88.05884665800005, 26.287512030000073], [88.05950724400003, 26.28721536300003], [88.06038354600008, 26.287257648000036], [88.06146575400004, 26.28672049000005], [88.06226722100007, 26.285585344000026], [88.06258768400005, 26.28451870300006], [88.06266354500008, 26.283420931000023], [88.06215207800005, 26.283009820000075], [88.06178023200005, 26.282504067000048], [88.06112638800005, 26.282144066000058], [88.06052369900004, 26.28182509100003], [88.06010901500008, 26.28140897700007], [88.06023663500008, 26.28092285300005], [88.06015046500005, 26.28078744900006], [88.05967309200008, 26.280602223000074], [88.05927756900007, 26.28048278800003], [88.05850423500004, 26.280522707000046], [88.05680283800007, 26.28061052000004], [88.05592562200007, 26.280236045000038], [88.05530248900004, 26.280198272000064], [88.05447830300005, 26.280660537000074], [88.05299359000009, 26.28171637300005], [88.05146460300006, 26.282075030000044], [88.05091434700006, 26.28196346200008], [88.05064248300005, 26.28134796200004], [88.05066680300007, 26.28050731700006], [88.05017175300009, 26.280043269000032], [88.04965468500006, 26.279230539000025], [88.05064934900008, 26.278679907000026], [88.05106799900005, 26.27828316600005], [88.05140761600006, 26.277515532000052], [88.05167854800004, 26.27697641900005], [88.05183095000007, 26.276318399000047], [88.05180715800003, 26.27506924000005], [88.05165929000003, 26.274051645000043], [88.05168377200005, 26.273125121000078], [88.05206995700007, 26.272655147000023], [88.05269160200004, 26.27239800800004], [88.05412760300004, 26.272298867000075], [88.05537166300007, 26.27223467700003], [88.05614101500004, 26.27211998200005], [88.05663076600007, 26.271969686000034], [88.05678392500005, 26.271761767000044], [88.05667796500006, 26.270966991000023], [88.05626956000003, 26.270212883000056], [88.05606249100003, 26.269573405000074], [88.05564854100004, 26.269169585000043], [88.05530414800006, 26.26898734100007], [88.05483420100006, 26.269011591000037], [88.05430497500004, 26.269413961000055], [88.05309258700004, 26.269976685000074], [88.05207926800006, 26.270179037000048], [88.05125936100006, 26.270371314000045], [88.05062103900008, 26.26992911900004], [88.05010838900006, 26.269280426000023], [88.04963599200005, 26.268489802000033], [88.05121656600005, 26.268189757000073], [88.05250173100006, 26.26781750200007], [88.05296003300003, 26.26740055500005], [88.05283572600007, 26.26696990100004], [88.05285922300004, 26.26657538300003], [88.05309794200008, 26.266519306000077], [88.05339897500005, 26.266678640000066], [88.05414299700004, 26.26694612700004], [88.05492157800006, 26.266993385000035], [88.05549035500007, 26.266789263000078], [88.05634345800007, 26.26648294100005], [88.05742975100009, 26.26603356700008], [88.05832282700004, 26.265594160000035], [88.05993788600006, 26.265073708000045], [88.06053277700005, 26.264518489000068], [88.06064172900005, 26.263944691000063], [88.06051740400005, 26.263514133000058], [88.06080182900007, 26.26341201300005], [88.06123385200004, 26.26334603300006], [88.06157485400007, 26.263372092000054], [88.06182474000008, 26.26349028900006], [88.06199181300008, 26.26383129800007], [88.06203056400005, 26.26444114000003], [88.06228190200005, 26.265345968000076], [88.06277493300007, 26.26623831200004], [88.06327340800004, 26.26721780500003], [88.06367377600003, 26.26741565800006], [88.06405476200007, 26.26730854500005], [88.06432524500008, 26.26698860500005], [88.06430032700007, 26.26659658500006], [88.06404212700005, 26.266347719000066], [88.06386396800008, 26.265832421000027], [88.06383074700005, 26.265309727000044], [88.06389694100005, 26.264825475000066], [88.06416465300003, 26.264462007000077], [88.06443236300004, 26.26409853900003], [88.06478842000007, 26.263599403000057], [88.06505900100007, 26.263279547000025], [88.06494150400005, 26.26244703900005], [88.06475837600004, 26.26185838400005], [88.06515101800005, 26.261655216000065], [88.06548146000006, 26.261272473000076], [88.06534857400004, 26.26077657700006], [88.06540326800007, 26.26004241100003], [88.06531800400006, 26.25949835800003], [88.06475934300005, 26.25948152600006], [88.06440853200007, 26.259545348000074], [88.06394221000005, 26.259386559000063], [88.06321882900005, 26.258372708000024], [88.06298481900006, 26.25788194200004], [88.06257481400007, 26.257811726000057], [88.06226294400005, 26.25769074300007], [88.06202194900004, 26.257885980000026], [88.06147477000007, 26.258051332000036], [88.06105618600003, 26.257844464000073], [88.06035588200007, 26.25719498600006], [88.05970041500007, 26.256451795000032], [88.05908379600004, 26.25552380700003], [88.05803849200004, 26.256602646000033], [88.05770879100004, 26.256936047000067], [88.05714596800004, 26.257281480000074], [88.05662137400003, 26.257308558000034], [88.05584029900007, 26.256979701000034], [88.05532725100005, 26.25626802200003], [88.05494749600007, 26.255813051000075], [88.05398824400004, 26.255440773000032], [88.05284412200007, 26.25491974600004], [88.05280409600005, 26.254289052000047], [88.05300729700008, 26.253804091000063], [88.05430778900006, 26.25310422700005], [88.05554000500007, 26.252249686000027], [88.05613103000007, 26.251428229000055], [88.05633476500003, 26.250422504000028], [88.05648723400003, 26.249669840000024], [88.05649877100007, 26.24893108200007], [88.05588926600007, 26.248540670000068], [88.05495008300005, 26.248483744000055], [88.05400756200004, 26.248374194000064], [88.05279858700004, 26.24775111400004], [88.05126659600006, 26.24756646800006], [88.05007597400004, 26.248155154000074], [88.04876884000004, 26.248749838000037], [88.04819602900005, 26.24893756700004], [88.04702030300007, 26.24883999900004], [88.04585801600007, 26.248952711000072], [88.04469239000008, 26.249012795000056], [88.04424606300006, 26.249352088000023], [88.04302940100007, 26.25042206300003], [88.04297220700005, 26.250472366000054], [88.04231941300009, 26.251244160000056], [88.04200634100005, 26.251840350000066], [88.04139523200007, 26.252346312000043], [88.04011962900006, 26.252517517000058], [88.03853933500005, 26.252493422000043], [88.03748019100004, 26.252389778000065], [88.03694895900009, 26.252311735000035], [88.03659924100003, 26.25232974200003], [88.03636945500006, 26.25239427200006], [88.03620458200004, 26.25256095000003], [88.03605302000005, 26.252937830000064], [88.03633939000008, 26.253766729000063], [88.03678408700006, 26.254323889000034], [88.03687895500008, 26.254898968000077], [88.03679230600005, 26.25537799600005], [88.03682226600006, 26.255851019000033], [88.03695796900007, 26.256512624000038], [88.03717472500006, 26.25700366800004], [88.03695136000005, 26.257140651000043], [88.03599033700004, 26.25735753300006], [88.03459194200008, 26.257262119000075], [88.03418606700006, 26.257450412000026], [88.03301762200005, 26.25805467200007], [88.03335987500003, 26.25833003300005], [88.03402873900006, 26.258630410000023], [88.03460238800005, 26.25889385800008], [88.03429700500004, 26.25920246000004], [88.03408156500006, 26.259464696000066], [88.03394669600004, 26.260266815000023], [88.03369283200004, 26.260656510000047], [88.03281653300007, 26.26074343500005], [88.03193221400005, 26.260705287000064], [88.03101211000006, 26.26083628300006], [88.03018205300003, 26.260920906000024], [88.02954750300006, 26.26116277600005], [88.02798893600004, 26.26220551600005], [88.02675422500005, 26.263231585000028], [88.02587642400005, 26.264030066000032], [88.02532536300004, 26.264393566000024], [88.02528545600006, 26.264625297000066], [88.02559914200003, 26.26670898800006], [88.02607060400004, 26.267833050000036], [88.02703625200007, 26.269131713000036], [88.02749144900008, 26.26980296200003], [88.02795359800007, 26.27024860100005], [88.02807758600005, 26.270368160000032], [88.02896596400007, 26.27223268000006], [88.02954573600005, 26.27356729400003], [88.02982773400004, 26.274545020000062], [88.02951426100003, 26.275677563000045], [88.02914889900006, 26.276862246000064], [88.02905169000007, 26.277934006000066], [88.02938626400004, 26.278437695000036], [88.02987360400004, 26.279181720000054], [88.03000129900005, 26.27989458600007], [88.03003483300006, 26.281317169000033], [88.03058841800004, 26.28282328000006], [88.03156163400007, 26.28371753500005], [88.03278477100008, 26.284421854000072], [88.03331056100006, 26.284453855000038], [88.03378595500004, 26.28472448100007], [88.03419988500008, 26.285057323000046], [88.03461381600005, 26.285390163000045], [88.03538384100005, 26.28617683400006], [88.03618562800006, 26.28643065500006], [88.03657720600006, 26.286410499000056], [88.03696122400004, 26.28627262300006], [88.03814620200006, 26.285810953000066], [88.03976898000008, 26.28484600200005], [88.04102621500004, 26.283872036000048], [88.04244709700004, 26.283029388000045], [88.04332645800008, 26.282214718000034], [88.04343256000004, 26.281439790000036], [88.04347893400006, 26.280947827000034], [88.04358493200004, 26.28017290300005], [88.04410864400006, 26.279866123000033], [88.04518249200004, 26.27967093700005], [88.04688388500006, 26.27958325000003], [88.04775674500007, 26.280219831000068], [88.04809646300004, 26.28078881400006], [88.04818379400007, 26.28125361800005], [88.04711944400003, 26.282481564000022], [88.04688482000006, 26.282884653000053], [88.04656161300005, 26.283487897000043], [88.04640467400003, 26.28397828100003], [88.04619229500008, 26.28473215400004], [88.04630185600007, 26.285091522000073], [88.04648626100004, 26.28526452600005], [88.04694046100008, 26.28535839700004], [88.04767587800006, 26.285098921000042], [88.04836927500008, 26.28463302700004], [88.04932214300004, 26.28460997600007], [88.05018772900007, 26.285034560000042], [88.05072778100003, 26.285606749000067], [88.05064445900007, 26.285981496000034], [88.05012911100005, 26.286587745000077], [88.04817651500008, 26.287348697000027], [88.04708274400008, 26.28812976000006], [88.04511546400005, 26.290630630000067], [88.04424691900005, 26.291576304000046], [88.04464778600004, 26.292034349000062], [88.04591517800009, 26.293596582000077], [88.04658223400008, 26.29490258000004], [88.04742350800007, 26.293659069000057], [88.04883734900005, 26.291567198000052], [88.04988665400003, 26.290455558000076], [88.05126705700008, 26.289519109000025], [88.05358761600007, 26.28911097200006], [88.05497271300004, 26.28908761100007], [88.05536496400003, 26.288479223000024], [88.05627304000006, 26.28825732400003], [88.05771881100009, 26.28809519300006], [88.05884665800005, 26.287512030000073]]]]}}, {"type": "Feature", "properties": {"OBJECTID": 4595, "GPCODE": "94304", "GPNAME_1": "SAROGORA", "DIST_CEN_C": "08", "BLK_NAME": "POTHIA", "ST_NAME": "BIHAR", "ST_CODE_1": "10", "GPCODE2011": "96858", "REMARKS": "FINALIZED", "MAP_STATUS": "COMPLETED", "BLK_C_2001": "080004", "BLK_C_2011": "01124", "DIST_NAME": "KISHANGANJ", "code2011": 0.0, "Shape_Leng": 0.2585537382, "Shape_Area": 0.0016573279, "Area": 18.3213}, "geometry": {"type": "MultiPolygon", "coordinates": [[[[88.19239394100003, 26.36447062700006], [88.19198502100005, 26.363173807000067], [88.19105851100005, 26.361416028000065], [88.19056034200008, 26.360416850000036], [88.19012563100006, 26.359560827000053], [88.19015507100005, 26.35833867300005], [88.19023481400006, 26.357895131000078], [88.19034116100005, 26.35691050400004], [88.19059623600003, 26.35670366000005], [88.19136768700008, 26.356179534000034], [88.19163577300003, 26.35534322600006], [88.19192620500007, 26.35402197600007], [88.19217678900009, 26.35125177900005], [88.19209268100008, 26.349950166000042], [88.19172226800004, 26.34837335700007], [88.19142416200003, 26.34708305500004], [88.19111927600005, 26.346518627000023], [88.19045855700006, 26.346262972000034], [88.18983578000007, 26.34576357800006], [88.19004972500005, 26.345572524000033], [88.19052683200005, 26.345493243000078], [88.19100043700007, 26.345359788000053], [88.19129036800007, 26.34518160600004], [88.19136855200009, 26.344525781000073], [88.19134057600007, 26.344092764000038], [88.19156687800006, 26.343863562000024], [88.19192382900007, 26.34379057800004], [88.19208311800008, 26.34345636100005], [88.19187902900006, 26.342163518000064], [88.19136404100004, 26.340724094000052], [88.19086304700005, 26.339501083000073], [88.19000163800007, 26.33829706100005], [88.18942258500005, 26.337729958000068], [88.18901311200005, 26.33699107700005], [88.18940219200005, 26.33648183400004], [88.18964315900007, 26.335545869000043], [88.19009575100006, 26.335087650000048], [88.19095139300003, 26.33433669200008], [88.19140746900007, 26.333932550000043], [88.19180353000007, 26.33353164700003], [88.19225610100005, 26.333073329000058], [88.19230217800003, 26.332853682000064], [88.19230213000003, 26.332853670000077], [88.19073120800005, 26.332477711000024], [88.18972703300005, 26.332218968000063], [88.18869368800006, 26.33227315000005], [88.18790356200003, 26.332270075000054], [88.18735655300009, 26.33220975200004], [88.18676615700008, 26.332240701000046], [88.18648516800005, 26.332477832000052], [88.18625350200006, 26.332712470000047], [88.18596679000007, 26.332860994000043], [88.18532431100004, 26.33285016800005], [88.18476012500008, 26.332523742000035], [88.18354202800003, 26.332009269000025], [88.18238449800003, 26.331669517000023], [88.18199716400005, 26.331022416000053], [88.18128821300007, 26.33074815300006], [88.18050381900008, 26.33083373900007], [88.17944986700007, 26.331333837000045], [88.17902990100004, 26.331711729000062], [88.17903216500008, 26.332512407000024], [88.17907221000007, 26.333133202000056], [88.17915289000007, 26.333618372000046], [88.17912083100003, 26.333886952000057], [88.17889772500007, 26.334254534000024], [88.17861682500006, 26.334491737000064], [88.17832151900006, 26.334507200000075], [88.17787008000005, 26.334397342000045], [88.17714978100008, 26.33394566000004], [88.17665484700007, 26.33392707200005], [88.17647799000008, 26.334247730000072], [88.17638813500008, 26.334385931000043], [88.17484548900006, 26.334048318000043], [88.17360475600003, 26.334113253000055], [88.17153100200005, 26.334128344000078], [88.17089725700004, 26.335563621000063], [88.17070250500007, 26.33576074000007], [88.17050775200005, 26.335957859000075], [88.16979605800003, 26.33618211000004], [88.16929101200003, 26.336395458000027], [88.16890750400006, 26.336882889000037], [88.16871274700009, 26.337080005000075], [88.16788560400005, 26.337123262000034], [88.16745397700004, 26.33686539100006], [88.16711978600006, 26.33650900500004], [88.16655483200003, 26.335790730000042], [88.16583112700005, 26.335828568000068], [88.16542351100009, 26.335943390000068], [88.16501598900004, 26.336058113000036], [88.16477913300008, 26.335603122000066], [88.16436561700004, 26.335624738000035], [88.16353248200005, 26.335574774000065], [88.16260191700007, 26.33562340900005], [88.16147659100005, 26.335869238000043], [88.16096563500008, 26.335989355000038], [88.16078286400005, 26.33637285700007], [88.16061208300005, 26.33694266300006], [88.15979692800005, 26.33717218000004], [88.15915255900006, 26.33683189000004], [88.15991484700004, 26.335588676000043], [88.16016223100007, 26.33520824800007], [88.16013080000005, 26.33471985500006], [88.15978422200004, 26.334615429000053], [88.15877189300005, 26.334729579000054], [88.15715764200007, 26.33499769100007], [88.15579470300008, 26.33494633500004], [88.15429633800005, 26.334902037000063], [88.15442492900007, 26.333731456000066], [88.15408331300006, 26.33264678100005], [88.15368963300006, 26.331809702000044], [88.15285303100006, 26.33148587100004], [88.15250646800007, 26.331381429000032], [88.15247899300005, 26.33095409300006], [88.15272188500006, 26.329005684000037], [88.15282393000007, 26.328255305000027], [88.15278052600007, 26.327580235000028], [88.15261337800007, 26.32731800700003], [88.15228766400008, 26.32692862500005], [88.15213777700006, 26.326936449000073], [88.15191309800008, 26.32694817600003], [88.15140599800009, 26.327245505000064], [88.15118989900003, 26.327392306000036], [88.15093484100004, 26.326931427000034], [88.15038869100005, 26.32662126100007], [88.15007166200007, 26.326366853000025], [88.14871451300007, 26.32630223800004], [88.14756913000008, 26.32602332700003], [88.14661806700008, 26.325260081000067], [88.14554759000004, 26.324977249000028], [88.14526220600004, 26.324043844000073], [88.14577036800006, 26.32259485800006], [88.14643717800004, 26.321273115000054], [88.14673799700006, 26.320105891000026], [88.14637762400008, 26.319176396000046], [88.14499571400006, 26.31755512600006], [88.14432270300006, 26.316438692000077], [88.14389299100009, 26.314428986000053], [88.14340141400004, 26.312625741000033], [88.14309440000005, 26.311354781000034], [88.14233225000004, 26.311191283000028], [88.14106758800006, 26.311392743000056], [88.13986903600005, 26.311455223000053], [88.13915588100008, 26.310882769000045], [88.13865448500007, 26.310096035000072], [88.13789678700005, 26.310000092000053], [88.13736373300009, 26.309892347000073], [88.13593928600005, 26.311118105000048], [88.13544087600008, 26.311550458000056], [88.13491088800004, 26.312661887000047], [88.13447319300008, 26.314039368000067], [88.13406137100003, 26.315821974000073], [88.13385698300004, 26.317322818000036], [88.13318583600005, 26.318577016000063], [88.13263847900004, 26.31941838000006], [88.13232887000004, 26.320450506000043], [88.13211899300006, 26.321322568000028], [88.13407555000003, 26.32271630200006], [88.13533828600004, 26.324613527000054], [88.13574825600006, 26.32777034700007], [88.13566703300006, 26.32973756800004], [88.13654794400009, 26.330532998000024], [88.13691193100004, 26.331355355000028], [88.13779883700005, 26.332243885000025], [88.13815077200007, 26.332879845000036], [88.13802175300003, 26.33410183600006], [88.13870015800006, 26.336590346000037], [88.13908642700005, 26.339374418000034], [88.13948457800007, 26.342344884000056], [88.13948281900008, 26.34393409000006], [88.14032631500004, 26.34575968300004], [88.14107825500008, 26.347776968000062], [88.14149616200007, 26.349437713000043], [88.14173122900007, 26.351481928000055], [88.14128590400009, 26.353200094000044], [88.14214833400007, 26.352906955000037], [88.14297807300005, 26.35296301900007], [88.14364956500003, 26.35312645600004], [88.14442119400007, 26.35313588500003], [88.14502822200006, 26.35315380000003], [88.14602901500007, 26.353300150000052], [88.14691368600006, 26.35335323700008], [88.14744671700004, 26.35307733800005], [88.14768303800008, 26.352469593000023], [88.14824874100003, 26.35184457400004], [88.14845873000007, 26.351684743000078], [88.14868789400003, 26.351821667000024], [88.14909437100005, 26.35214787600006], [88.14951992000005, 26.352770753000073], [88.14997814800006, 26.353044511000064], [88.15041412800008, 26.352972199000078], [88.15072762300008, 26.352707743000053], [88.15127654100007, 26.352679101000035], [88.15181591800007, 26.352502078000043], [88.15219059900005, 26.352333647000023], [88.15241340300008, 26.352371584000025], [88.15260709900008, 26.35238630300006], [88.15280080700006, 26.352401022000038], [88.15309435000006, 26.352683459000048], [88.15328766800008, 26.35311991100008], [88.15370688100006, 26.353643887000032], [88.15409120800007, 26.353623826000046], [88.15452072000005, 26.353452528000048], [88.15505065300005, 26.353127107000034], [88.15537358100005, 26.353011027000036], [88.15571570300006, 26.35319170100007], [88.15622877600003, 26.353462578000062], [88.15663855800005, 26.353838160000066], [88.15714845700006, 26.354059636000045], [88.15712544600007, 26.354557037000063], [88.15688917200004, 26.355164887000058], [88.15646273400006, 26.35538559500003], [88.15556850000007, 26.355184184000052], [88.15483260600007, 26.354875280000044], [88.15429640000008, 26.355101712000078], [88.15377610200005, 26.355575504000058], [88.15344670400003, 26.355592697000077], [88.15294634700007, 26.35551959000003], [88.15237823100006, 26.355251483000075], [88.15160977100004, 26.355291584000042], [88.15128355500008, 26.355358263000028], [88.15089932400008, 26.355378311000038], [88.15024370200007, 26.35546208200003], [88.14958818800005, 26.355545937000045], [88.14947842200007, 26.35555166300003], [88.14942984500004, 26.355653419000078], [88.14951339400005, 26.356095693000043], [88.14997799100007, 26.35646834000005], [88.15010366100006, 26.35670997400007], [88.14989684200003, 26.356919206000043], [88.14946085300005, 26.356991607000055], [88.14901214500009, 26.356866136000065], [88.14884108700005, 26.356775838000033], [88.14856661900006, 26.356790155000056], [88.14852121600006, 26.356941309000035], [88.14854029100007, 26.35723806900006], [88.14895006200004, 26.357613670000035], [88.14892691700004, 26.358111074000078], [88.14850204900006, 26.358356551000043], [88.14867152100004, 26.358422150000024], [88.14939381600004, 26.35937686500006], [88.14984253300008, 26.35950233400007], [88.15022677600007, 26.359482288000038], [88.15037875900003, 26.359275826000044], [88.15054346400007, 26.359267233000025], [88.15061429700006, 26.359511635000047], [88.15065245800008, 26.360105153000063], [88.15075817000007, 26.360893587000078], [88.15119021800007, 26.361615338000036], [88.15193481000006, 26.362916195000025], [88.15256733700005, 26.363329820000047], [88.15356185300004, 26.36337713900008], [88.15447204800006, 26.363825829000064], [88.15542754500007, 26.364123363000033], [88.15610904600004, 26.363934119000078], [88.15704327800006, 26.363824816000033], [88.15829453600008, 26.36394115400003], [88.15900772800006, 26.364055274000066], [88.15956562700006, 26.363844463000078], [88.15996618400004, 26.363278518000072], [88.16033474000005, 26.363259268000036], [88.16125341600008, 26.36290845700006], [88.16274736200006, 26.362618422000025], [88.16467691900004, 26.362305607000053], [88.16549070600007, 26.362414440000066], [88.16590824600007, 26.362634911000043], [88.16630245200008, 26.362493158000063], [88.16699241500004, 26.362245106000046], [88.16816114900007, 26.36212347600008], [88.16912100600007, 26.36189161200008], [88.16955457400007, 26.361838630000022], [88.16997258400005, 26.361544257000048], [88.17017014400005, 26.360958496000023], [88.17034390500004, 26.36052552900003], [88.17073820200005, 26.360383760000047], [88.17145573900007, 26.360043406000045], [88.17238214500009, 26.359813270000075], [88.17278755500007, 26.36036740000003], [88.17324022500009, 26.36113104100008], [88.17377383400003, 26.361587623000048], [88.17392343200004, 26.361822092000068], [88.17390936100009, 26.36212565200003], [88.17392882100006, 26.362427457000024], [88.17405266800006, 26.36278432900008], [88.17434408300005, 26.363132525000026], [88.17520364300003, 26.36312467500005], [88.17614554300008, 26.36290301200006], [88.17709493400008, 26.362795927000036], [88.17787947000005, 26.363099419000037], [88.17910511100007, 26.363322419000042], [88.17975968100006, 26.36259903200005], [88.18030560800008, 26.362168401000076], [88.18073182500007, 26.36185892000003], [88.18165085000004, 26.36227023500004], [88.18276786800004, 26.36278605700005], [88.18373942100004, 26.363022330000035], [88.18515489500004, 26.36421161800007], [88.18614494000008, 26.36473397800006], [88.18731440600004, 26.365074742000047], [88.18901879900005, 26.36481313300004], [88.19089898500005, 26.364312521000045], [88.19153797600006, 26.36433650600003], [88.19201848900008, 26.36536912500003], [88.19222188600008, 26.36516314800008], [88.19239394100003, 26.36447062700006]]]]}}, {"type": "Feature", "properties": {"OBJECTID": 4597, "GPCODE": "94305", "GPNAME_1": "SHITALLPUR", "DIST_CEN_C": "08", "BLK_NAME": "POTHIA", "ST_NAME": "BIHAR", "ST_CODE_1": "10", "GPCODE2011": "96859", "REMARKS": "FINALIZED", "MAP_STATUS": "COMPLETED", "BLK_C_2001": "080004", "BLK_C_2011": "01124", "DIST_NAME": "KISHANGANJ", "code2011": 0.0, "Shape_Leng": 0.19865922063, "Shape_Area": 0.00142469052, "Area": 15.759}, "geometry": {"type": "MultiPolygon", "coordinates": [[[[88.15810390100006, 26.29508042300006], [88.15723878400007, 26.293813751000073], [88.15719997400004, 26.293210284000054], [88.15687578700005, 26.292520842000044], [88.15682728400003, 26.291766599000027], [88.15676907400007, 26.29086139700007], [88.15672380200004, 26.29015738100003], [88.15621922300005, 26.289275498000052], [88.15606564900008, 26.28862762800003], [88.15621684600006, 26.288367469000036], [88.15647634700008, 26.288051164000024], [88.15657182300004, 26.287793916000055], [88.15644077900004, 26.28749801400005], [88.15634700600003, 26.28603965800005], [88.15587972100008, 26.283995315000027], [88.15539230100006, 26.282507122000027], [88.15521287200005, 26.281456871000046], [88.15541093700006, 26.28018512600005], [88.15571331300004, 26.279664807000074], [88.15667204900006, 26.278908331000025], [88.15638227800008, 26.278742428000044], [88.15620822800008, 26.278387870000074], [88.15617618300007, 26.27788944400004], [88.15633937200005, 26.27728988000007], [88.15685718000003, 26.276717302000066], [88.15788647500005, 26.276254351000034], [88.15907806100006, 26.275964783000063], [88.16019902100004, 26.275360574000047], [88.16076139100005, 26.274694715000066], [88.16099583600004, 26.273636830000044], [88.16115025400006, 26.27290135800007], [88.16111527800007, 26.27235766000007], [88.16133739200006, 26.271891365000045], [88.16151512900007, 26.271518419000074], [88.16143868200004, 26.271113247000073], [88.16119390600005, 26.27044406600004], [88.16084569600008, 26.269734870000036], [88.16075177000005, 26.269057893000024], [88.16070804900005, 26.26837820000003], [88.16065558700006, 26.267562603000044], [88.16087769400008, 26.26709630700003], [88.16130376800004, 26.266664954000078], [88.16175314900005, 26.266595943000027], [88.16283255300004, 26.266130330000067], [88.16336787800003, 26.265829524000026], [88.16510633700005, 26.26542036400008], [88.16658478600004, 26.264888427000074], [88.16734698800008, 26.264332591000027], [88.16681000800008, 26.262867546000052], [88.16638809200003, 26.261678595000035], [88.16572996700006, 26.260398072000044], [88.16520449500007, 26.259387565000054], [88.16463516400006, 26.25948654000007], [88.16395781900007, 26.259695], [88.16301282800003, 26.259917362000067], [88.16193696000005, 26.260492713000076], [88.16156775200005, 26.260719599000026], [88.16093312300006, 26.26099500500004], [88.16028729900006, 26.261097963000054], [88.15969144800005, 26.26078314600005], [88.15948525100004, 26.25996341900003], [88.15880789500005, 26.260171857000046], [88.15827463400007, 26.26023437200007], [88.15773802600006, 26.259051303000035], [88.15724082400004, 26.256689790000053], [88.15720010600006, 26.255924523000033], [88.15696941900006, 26.255670769000062], [88.15691941200004, 26.255310922000035], [88.15687915200004, 26.254684662000045], [88.15667871000005, 26.254066866000073], [88.15684901000003, 26.253381323000042], [88.15681840200006, 26.252488748000076], [88.15649364100005, 26.25202237700006], [88.15587152800003, 26.251934005000066], [88.15552783500004, 26.251589503000048], [88.15528157700004, 26.25109488800007], [88.15515618000006, 26.250811489000057], [88.15462040800008, 26.250815252000052], [88.15416788200008, 26.25086312600007], [88.15347502200007, 26.25092346300005], [88.15288434200005, 26.250905948000025], [88.15206908700009, 26.25073109300007], [88.15191264600008, 26.25059415000004], [88.15199806200008, 26.25042393700005], [88.15219650100005, 26.250028169000075], [88.15132445000006, 26.25004745800004], [88.15086365000008, 26.250123949000056], [88.15022545900007, 26.25015727600004], [88.14986059500006, 26.249913927000023], [88.14936069300006, 26.24983499600006], [88.14890997600008, 26.250068506000048], [88.14833209500006, 26.250423639000076], [88.14820991400006, 26.250498751000066], [88.14746906800008, 26.250747403000048], [88.14702721500004, 26.250665526000034], [88.14648752600004, 26.250423647000048], [88.14597823700007, 26.250195291000068], [88.14583401500005, 26.250423667000064], [88.14553879800008, 26.25089109000004], [88.14463405500004, 26.251287775000037], [88.14316631000008, 26.251364360000025], [88.14217989300005, 26.251695360000042], [88.14064825800006, 26.25198495400008], [88.13948947300008, 26.252045390000035], [88.13834409100008, 26.25231481700007], [88.13734425000007, 26.252436786000032], [88.13686739800005, 26.25225204000003], [88.13651365800007, 26.251571547000026], [88.13603680400007, 26.251386706000062], [88.13510086800005, 26.251295724000045], [88.13410550000003, 26.251487370000063], [88.13359282500005, 26.250745223000024], [88.13290206700003, 26.250851149000027], [88.13214294200003, 26.251100403000066], [88.13135702800008, 26.25093165100003], [88.13134810100007, 26.25079234800006], [88.13099754700005, 26.251369684000053], [88.13047019400005, 26.251606855000034], [88.13009285700008, 26.251766279000037], [88.12981949300007, 26.25233968300006], [88.12967393200006, 26.252487033000023], [88.12862813300006, 26.25310066700007], [88.12801455000005, 26.253202551000072], [88.12703254200005, 26.25360315300003], [88.12633729900006, 26.25363935200005], [88.12611443900005, 26.253790723000066], [88.12591834700004, 26.254360095000038], [88.12516810800008, 26.254748618000065], [88.12478183600007, 26.254768725000076], [88.12408658500004, 26.254804915000022], [88.12308671100004, 26.25492679300004], [88.12193235200004, 26.255056796000076], [88.12079582100006, 26.255465396000034], [88.11997271900003, 26.255927521000046], [88.11996900700007, 26.25607070600006], [88.11994396800009, 26.25660868800003], [88.11984244200005, 26.256882356000062], [88.11943398400007, 26.257010940000043], [88.11890003500008, 26.25703871500008], [88.11842545900004, 26.25706339900006], [88.11806600500006, 26.257028473000048], [88.11768953400008, 26.256725954000046], [88.11712821100008, 26.25632580300004], [88.11677228000008, 26.256344313000056], [88.11623833400006, 26.256372078000027], [88.11566222500005, 26.256670420000034], [88.11447716300006, 26.257261709000034], [88.11484862600008, 26.25822094800003], [88.11567466200006, 26.259016692000046], [88.11593754300009, 26.259492253000076], [88.11767740700003, 26.260030865000033], [88.11876343100005, 26.260044218000075], [88.11894021400008, 26.26038448500003], [88.11989404200006, 26.260754261000045], [88.12067108000008, 26.260783675000027], [88.12071717000003, 26.260292047000064], [88.12126241700008, 26.260333609000043], [88.12159826100003, 26.260735435000072], [88.12233813900008, 26.26139586100004], [88.12260561300008, 26.261941102000037], [88.12288200800003, 26.262625643000035], [88.12288944800008, 26.263953268000023], [88.12313760400008, 26.265408038000032], [88.12316882300007, 26.265895642000032], [88.12271869600005, 26.266128760000072], [88.12246459300007, 26.265792521000037], [88.12236945500007, 26.265517940000052], [88.12200990200006, 26.265955947000066], [88.12206787600007, 26.266861548000065], [88.12220761700007, 26.26783282200006], [88.12176183600008, 26.268135548000032], [88.12164663700008, 26.268979492000028], [88.12242637100007, 26.269281656000032], [88.12282275000007, 26.269535219000034], [88.12312008000004, 26.270616682000025], [88.12348741000005, 26.27279124900008], [88.12391750900008, 26.27475690600005], [88.12432703900004, 26.275215513000035], [88.12446845300008, 26.276236445000052], [88.12517840700008, 26.276847647000068], [88.12636192000008, 26.276659178000045], [88.12692263600007, 26.276629988000025], [88.12736344100006, 26.276924068000028], [88.12792820600004, 26.276958052000055], [88.12878138100007, 26.277103883000052], [88.12929631700007, 26.27745748500007], [88.12988953300004, 26.277933783000037], [88.13030066600004, 26.278863365000063], [88.13049762200006, 26.279740712000034], [88.13093844600007, 26.28003478100004], [88.13172561000005, 26.280247330000066], [88.13269071300004, 26.27994350800003], [88.13343747000005, 26.27952418900003], [88.13384588300005, 26.279312657000048], [88.13441066500008, 26.279346709000038], [88.13494183200004, 26.279952996000077], [88.13553784700008, 26.28157037400007], [88.13575905800008, 26.28282686600005], [88.13545718200004, 26.283603334000077], [88.13527125700006, 26.28399343700005], [88.13464853800008, 26.28415275100008], [88.13361727600005, 26.28452341600007], [88.13221545300007, 26.284596442000066], [88.13153469400004, 26.284948927000073], [88.13142288500006, 26.28539855100007], [88.13200267500008, 26.286763139000072], [88.13255006800006, 26.287622226000053], [88.13293909700008, 26.288232790000052], [88.13372306900004, 26.289463184000056], [88.13423686800007, 26.290894586000036], [88.13459705500009, 26.293221585000026], [88.13435723900005, 26.293868129000032], [88.13363876400007, 26.294729767000035], [88.13392573600004, 26.29513088300007], [88.13478185000008, 26.295389025000077], [88.13650074200007, 26.29600583200005], [88.13757684300003, 26.296202100000073], [88.13873555200007, 26.295939846000067], [88.13971710400006, 26.295535538000024], [88.14011412800005, 26.295615724000072], [88.14117085900006, 26.295510140000033], [88.14219446600003, 26.29575950900005], [88.14333285500004, 26.296053373000063], [88.14449144800005, 26.29579108200005], [88.14542048400006, 26.295439873000078], [88.14608997300007, 26.29540494500003], [88.14700839700004, 26.295760655000038], [88.14770050200008, 26.296077774000025], [88.14789371700004, 26.29647132100007], [88.14814921800007, 26.296962501000053], [88.14876935600006, 26.29703111400005], [88.14910087100003, 26.296963324000046], [88.14952455500008, 26.29658806900005], [88.14995469000007, 26.296313269000052], [88.15065326700005, 26.296730921000062], [88.15169295800007, 26.297231647000046], [88.15248047300008, 26.297291507000068], [88.15302872400008, 26.297111507000068], [88.15317993100007, 26.296851262000075], [88.15382023500007, 26.296363799000062], [88.15450675500006, 26.295722453000053], [88.15478890400004, 26.295758113000034], [88.15524489600006, 26.295885670000075], [88.15623857600008, 26.296540143000072], [88.15736168000007, 26.295724696000036], [88.15810390100006, 26.29508042300006]]]]}}, {"type": "Feature", "properties": {"OBJECTID": 4607, "GPCODE": "94306", "GPNAME_1": "TIPIZARI", "DIST_CEN_C": "08", "BLK_NAME": "POTHIA", "ST_NAME": "BIHAR", "ST_CODE_1": "10", "GPCODE2011": "96860", "REMARKS": "FINALIZED", "MAP_STATUS": "COMPLETED", "BLK_C_2001": "080004", "BLK_C_2011": "01124", "DIST_NAME": "KISHANGANJ", "code2011": 0.0, "Shape_Leng": 0.32196309019, "Shape_Area": 0.00161893102, "Area": 17.9037}, "geometry": {"type": "MultiPolygon", "coordinates": [[[[88.24842484100003, 26.327445775000058], [88.24926873100009, 26.32687403400007], [88.24907186100006, 26.326607093000064], [88.24949003500006, 26.325937767000028], [88.24973968600005, 26.32583217000007], [88.25047334400006, 26.32607073500003], [88.25107464800004, 26.32663995400003], [88.25195576700008, 26.326778311000055], [88.25262040000007, 26.326743192000038], [88.25332418700003, 26.32652108800005], [88.25371818000008, 26.326269103000072], [88.25409718200007, 26.325786839000045], [88.25402803700007, 26.325513079000075], [88.25339057100007, 26.325176945000067], [88.25291245100004, 26.324924889000044], [88.25247048200004, 26.324439667000036], [88.25203152300008, 26.32400062800008], [88.25186636900008, 26.323038542000063], [88.25177025300007, 26.32235022200007], [88.25146664700009, 26.32162652100004], [88.25082021600008, 26.32115218900003], [88.25039026400003, 26.32085133100003], [88.24987600100008, 26.320832248000045], [88.24940099900004, 26.320626176000076], [88.24922958000008, 26.32035790900005], [88.24921159500008, 26.32008144400004], [88.24928691400004, 26.319661388000043], [88.24956062100006, 26.319138443000043], [88.24995160600008, 26.31884046400006], [88.25019224600004, 26.31859658700006], [88.25039672800006, 26.31858578400005], [88.25069151100007, 26.318385297000077], [88.25033977400005, 26.317710387000034], [88.25025865900005, 26.317252436000047], [88.25022568400004, 26.31674559700008], [88.25035814000006, 26.316415024000037], [88.25037621400008, 26.315905581000038], [88.25024705000004, 26.315496326000073], [88.24965179900005, 26.315019285000062], [88.24952253600009, 26.314610035000044], [88.24980832200004, 26.314271362000056], [88.24960993100007, 26.313588347000064], [88.24978743000008, 26.313162891000047], [88.25016640700005, 26.312680630000045], [88.25018757600003, 26.31221718100005], [88.25041322200008, 26.31174302000005], [88.25033810100007, 26.311377161000053], [88.24990218700003, 26.31098411200003], [88.24957754900004, 26.31072384600003], [88.24798684700005, 26.310715464000054], [88.24741304400004, 26.310603884000045], [88.24705180600006, 26.310533685000053], [88.24625800800004, 26.310159527000053], [88.24557549100007, 26.309918244000073], [88.24476982300007, 26.309359792000066], [88.24447228100007, 26.30872825700004], [88.24406657300005, 26.30801002100003], [88.24398548700003, 26.30755206300006], [88.24422012400004, 26.307216005000043], [88.24445776300007, 26.306926133000047], [88.24458712500007, 26.306549474000064], [88.24400990300006, 26.30634878400008], [88.24309670700006, 26.306139202000054], [88.24271682600005, 26.305706414000042], [88.24242545300007, 26.305087724000032], [88.24238426200003, 26.304840858000034], [88.24234306600005, 26.304593900000043], [88.24211051300006, 26.304107910000027], [88.24161583400007, 26.30345471100003], [88.24102971200006, 26.302942144000042], [88.24094156900009, 26.302358054000024], [88.24085038900006, 26.301728793000052], [88.24118332700004, 26.301439423000033], [88.24146625000003, 26.301152783000077], [88.24097745100005, 26.300589840000043], [88.24016744300008, 26.300496691000035], [88.23917758200008, 26.30073006400005], [88.23865901900007, 26.301255601000037], [88.23823180000005, 26.301640509000038], [88.23755710600005, 26.302083710000034], [88.23696202800005, 26.30220567200007], [88.23673800800003, 26.302625094000064], [88.23613716700004, 26.302656788000036], [88.23564809200008, 26.302863814000034], [88.23548004900005, 26.303370849000032], [88.23555937400005, 26.30381950700007], [88.23563294600007, 26.304177992000064], [88.23593923100003, 26.304252405000057], [88.23649885600008, 26.304358785000034], [88.23671389800006, 26.304573908000066], [88.23671067700008, 26.305298717000028], [88.23660305900006, 26.305576098000074], [88.23649544100005, 26.305853480000053], [88.23637752600007, 26.30635796300004], [88.23547583600003, 26.307175397000037], [88.23514287000006, 26.307464754000023], [88.23464497500004, 26.307536250000055], [88.23398812700003, 26.307480320000025], [88.23386747000006, 26.30716964800007], [88.23382775600004, 26.30694527600008], [88.23378804200007, 26.30672090400003], [88.23395316900007, 26.306168789000026], [88.23457787600006, 26.305728243000033], [88.23475764700004, 26.30540172700006], [88.23463405700005, 26.305045880000023], [88.23420994600008, 26.30470597300007], [88.23412182700008, 26.304121789000078], [88.23403361200008, 26.30353770100004], [88.23373925200008, 26.302873823000027], [88.23364235000008, 26.302154294000047], [88.23305344200008, 26.301596606000032], [88.23208731500006, 26.30142107900008], [88.23143343200007, 26.301410314000066], [88.23106824500007, 26.30120309800003], [88.23078562700005, 26.300719825000044], [88.23083303600004, 26.29990202500005], [88.23085994700006, 26.29876836300008], [88.23082772800007, 26.298271888000045], [88.23107541500008, 26.29744362100007], [88.23126407400008, 26.297252538000066], [88.23172960100004, 26.296684491000065], [88.23206579300006, 26.29567032500006], [88.23218728200004, 26.29367112700004], [88.23210818900003, 26.29245247800003], [88.23180214900003, 26.291608069000063], [88.23103636800005, 26.291422067000042], [88.23006749200005, 26.291201344000058], [88.22976407000004, 26.29117210000004], [88.22975089200008, 26.290968991000057], [88.22973771400007, 26.290765882000073], [88.22967621500004, 26.289818010000033], [88.22987973500005, 26.289082636000046], [88.22998019200008, 26.288307363000058], [88.22983027600009, 26.287545289000036], [88.22937695100006, 26.286753968000028], [88.22855859600008, 26.285755417000075], [88.22769599500003, 26.28484976200008], [88.22507812000003, 26.283961315000056], [88.22266460800006, 26.283297008000034], [88.22152240600008, 26.282605337000064], [88.22096165500005, 26.28208085500006], [88.22031341500008, 26.281560977000026], [88.21960579200004, 26.281479473000047], [88.21893686400006, 26.281316876000062], [88.21734180200008, 26.280411583000046], [88.21669869400006, 26.27997056600003], [88.21622035900003, 26.279362585000058], [88.21615905500005, 26.278416075000052], [88.21586885800008, 26.27732332200003], [88.21523636800003, 26.27636734500004], [88.21478897500003, 26.275559823000037], [88.21456036900008, 26.274740878000046], [88.21364206700008, 26.274116513000024], [88.21246611900006, 26.27425752700003], [88.21125147800007, 26.274479713000062], [88.21037402700006, 26.274486247000027], [88.20973577400008, 26.274796867000077], [88.20852325500005, 26.275731129000064], [88.20760689000008, 26.276491613000076], [88.20667000100008, 26.276936591000037], [88.20590298600007, 26.277293489000044], [88.20543703700008, 26.277555414000062], [88.20507139000006, 26.277881260000072], [88.20346379200004, 26.277451447000033], [88.20298551300004, 26.277179811000053], [88.20036935600007, 26.277099728000053], [88.19846336000006, 26.276804209000034], [88.19652298600005, 26.27597645700007], [88.19587802700005, 26.275842173000058], [88.19523306900004, 26.275707886000077], [88.19405841100007, 26.27620470200003], [88.19351380400008, 26.27694530800005], [88.19290192400007, 26.278342310000028], [88.19232022800009, 26.27884751600004], [88.19087577800008, 26.27890359400004], [88.18945311800007, 26.278958422000073], [88.18874138800004, 26.279490244000044], [88.18844241700003, 26.28029717900006], [88.18949517200008, 26.281310073000043], [88.18985862600005, 26.28218111900003], [88.19018517500007, 26.282480470000053], [88.18982569600007, 26.283369631000028], [88.18928066300003, 26.28371820500007], [88.18896261600008, 26.284229741000047], [88.18915392200006, 26.284813605000068], [88.18928496800004, 26.285143205000054], [88.19012613300004, 26.285257458000046], [88.19031337300004, 26.28611858100004], [88.19144458000005, 26.287326078000035], [88.19230066500006, 26.288350008000066], [88.19159441000005, 26.289296429000046], [88.19026114000008, 26.29142603100007], [88.19045348900005, 26.29236611700003], [88.19087006500007, 26.292700532000026], [88.19128667000007, 26.293034969000075], [88.19240048500006, 26.293293193000068], [88.19353355100003, 26.293559797000057], [88.19452684800007, 26.293309856000064], [88.19548907600006, 26.293259350000028], [88.19610139400004, 26.293227208000076], [88.19665178400004, 26.293593845000032], [88.19738218500004, 26.29403026400007], [88.19802253600005, 26.29443179100008], [88.19856019900004, 26.294601371000056], [88.19906717600009, 26.294297794000045], [88.20030721900008, 26.294470099000023], [88.20078833700006, 26.294444829000042], [88.20101723900007, 26.294591], [88.20187376600006, 26.29494163100003], [88.20245768500007, 26.295148293000068], [88.20298250600007, 26.295120721000046], [88.20341702300004, 26.295730852000077], [88.20393129600006, 26.296218123000074], [88.20472118400005, 26.296216143000038], [88.20508895600005, 26.296473771000024], [88.20582406300008, 26.297661534000042], [88.20565125700006, 26.298382627000024], [88.20566911500003, 26.298658643000067], [88.20613205500007, 26.29902993500008], [88.20646123400007, 26.29936864000007], [88.20690366800005, 26.29942452800003], [88.20700648000008, 26.29965646100004], [88.20716320300005, 26.30004384600005], [88.20731482300005, 26.300352356000076], [88.20729806600008, 26.30043236700004], [88.20729812700006, 26.30043237600006], [88.20949446600008, 26.300792140000055], [88.21113770100004, 26.300834352000038], [88.21050564800004, 26.302089100000046], [88.21059749500006, 26.30240572500003], [88.21147951100005, 26.302809324000066], [88.21150855200005, 26.30325787000004], [88.21118629900008, 26.303789107000057], [88.21170469600008, 26.30408330000006], [88.21256183800006, 26.304102529000033], [88.21326026400004, 26.303872865000073], [88.21397114100006, 26.30383547100007], [88.21405771900004, 26.306273934000046], [88.21321301300009, 26.306446985000036], [88.21233867900008, 26.30726440600006], [88.21225039200004, 26.308104791000062], [88.21135530300006, 26.308601934000023], [88.21000874900005, 26.30873695500003], [88.21052242300004, 26.31006006700005], [88.21137071600003, 26.311044036000055], [88.21295552100008, 26.311282144000074], [88.21351006000003, 26.314338882000072], [88.21386874100006, 26.314930120000042], [88.21449218400005, 26.315276453000024], [88.21566858500006, 26.315810390000024], [88.21692643700004, 26.31574420900006], [88.21791623400009, 26.316179599000066], [88.21825425300005, 26.316757635000045], [88.21825731300004, 26.31773242400004], [88.21799230700003, 26.319208702000026], [88.21910677800008, 26.32034473500005], [88.22013108400006, 26.32074089100007], [88.22291214500007, 26.320723005000048], [88.22321728700007, 26.32102838900005], [88.22376302800006, 26.32119248500004], [88.22457226400007, 26.32102134300004], [88.22482961800006, 26.320589875000053], [88.22480468300006, 26.320205428000065], [88.22516016500003, 26.320186705000026], [88.22581063800004, 26.319766775000062], [88.22644609600007, 26.320215434000033], [88.22640833000008, 26.32073170900003], [88.22617605100004, 26.321001180000053], [88.22542962500006, 26.32104049700007], [88.22531024300008, 26.32140029800007], [88.22597295600008, 26.32171899800005], [88.22699138800004, 26.32147251600003], [88.22788465100007, 26.320396791000064], [88.22856443700005, 26.319878841000047], [88.22855634000007, 26.319204209000077], [88.22928218200008, 26.318298066000068], [88.23055582800004, 26.317588038000054], [88.23043177900007, 26.319523294000078], [88.23050268300005, 26.320065999000064], [88.23132219100006, 26.320601402000023], [88.23099374200007, 26.321036629000048], [88.23043738000007, 26.321258786000044], [88.23046856600007, 26.321739275000027], [88.23133196400005, 26.322400982000033], [88.23222458700008, 26.32296468100003], [88.23284542500005, 26.32373553700006], [88.23424420600008, 26.32385462600007], [88.23542360000005, 26.323888900000043], [88.23613231200005, 26.324365812000053], [88.23613836800007, 26.325008397000033], [88.23623653900006, 26.325421135000056], [88.23699547000007, 26.32557394300005], [88.23851943800008, 26.327068662000045], [88.23954395600003, 26.327464591000023], [88.24053101200008, 26.327283986000054], [88.24072953100006, 26.327594963000024], [88.24067083300008, 26.32833733500007], [88.24115165300003, 26.328601261000074], [88.24105739600003, 26.329345509000063], [88.24070780100004, 26.33055329800004], [88.24125350400004, 26.330717337000067], [88.24158803200004, 26.33092476400003], [88.24108796200005, 26.332011875000035], [88.24100834700005, 26.332433990000027], [88.24159597000005, 26.33269227900007], [88.24134056000008, 26.333702170000038], [88.24130067200008, 26.33418649600003], [88.24184014300005, 26.334254400000077], [88.24204086000003, 26.33459741200005], [88.24305503900007, 26.334833185000036], [88.24501883400006, 26.33431170800003], [88.24665834100006, 26.334289365000075], [88.24686133900008, 26.33357152800005], [88.24667339500007, 26.332327802000066], [88.24536456900006, 26.33140039600005], [88.24491934000008, 26.330588164000062], [88.24503261600006, 26.32903923400005], [88.24535062400008, 26.328443849000053], [88.24715758900004, 26.327705627000057], [88.24741295700005, 26.327653261000023], [88.24842484100003, 26.327445775000058]], [[88.23037452000005, 26.315893955000035], [88.22812912400008, 26.31536946700004], [88.22809171000006, 26.314792840000052], [88.22808799200004, 26.313635747000035], [88.22955846400004, 26.313564893000034], [88.22999542700006, 26.313973418000046], [88.23069739000005, 26.313720644000057], [88.23164981600007, 26.31363957600007], [88.23213564100007, 26.31445109200007], [88.23190119500003, 26.31523488600004], [88.23037452000005, 26.315893955000035]]], [[[88.23167477400006, 26.338948772000037], [88.23189308500008, 26.337767746000054], [88.23210268400004, 26.336906138000074], [88.23228122600005, 26.335567816000037], [88.23241289500004, 26.334869794000042], [88.23228358700004, 26.33378687100003], [88.23221286900008, 26.33315276700006], [88.23309306100003, 26.333079745000077], [88.23456990300008, 26.332656391000057], [88.23467888600004, 26.33251769800006], [88.23485709400006, 26.33208311100003], [88.23574445400004, 26.331212289000064], [88.23625304400008, 26.330414689000065], [88.23632761600004, 26.329746296000053], [88.23621023000004, 26.32930066800003], [88.23532843800007, 26.328895257000056], [88.23445363900004, 26.328595886000073], [88.23385722100005, 26.32849447600006], [88.23324844900009, 26.32865942500007], [88.23235634800005, 26.328546970000048], [88.23153003300007, 26.328085546000068], [88.23075542000004, 26.327966890000027], [88.22996693300007, 26.328088137000066], [88.22927073300008, 26.328070188000027], [88.22824477500006, 26.33091143200005], [88.22863280900003, 26.331439543000045], [88.22911455400003, 26.332075578000058], [88.22932954800007, 26.332560381000064], [88.22933574800004, 26.33322147100006], [88.22927093200008, 26.33391947000007], [88.22896308800006, 26.334266351000053], [88.22839276200006, 26.334527927000067], [88.22795130700007, 26.335642577000044], [88.22814469400004, 26.336360047000028], [88.22863513100003, 26.33656573600007], [88.22904822300006, 26.336709257000052], [88.22908887100004, 26.337335546000077], [88.22910229000007, 26.337578527000062], [88.22951920000008, 26.337733546000038], [88.23002994800004, 26.337820417000046], [88.22994580900007, 26.338469588000066], [88.22961106500009, 26.338499848000026], [88.22932311300008, 26.338603559000035], [88.22883122700006, 26.338591516000065], [88.22848170600008, 26.338609930000075], [88.22786888100006, 26.338680172000068], [88.22729634000007, 26.33893789600006], [88.22678388900005, 26.339040712000042], [88.22672536800007, 26.339435722000076], [88.22680894200005, 26.340076056000044], [88.22696000800005, 26.34088981900004], [88.22724604500007, 26.341405706000046], [88.22784312900006, 26.34152599500004], [88.22853405500007, 26.341578136000066], [88.22938038100006, 26.341647239000054], [88.23010659100004, 26.34181129600006], [88.23048, 26.341943361000062], [88.23115277100004, 26.34193315300007], [88.23141444700008, 26.341856161000067], [88.23167602000007, 26.341779173000077], [88.23135110900006, 26.339869457000077], [88.23109206100008, 26.339059175000045], [88.23167477400006, 26.338948772000037]]]]}}, {"type": "Feature", "properties": {"OBJECTID": 4609, "GPCODE": "94307", "GPNAME_1": "UDGARA", "DIST_CEN_C": "08", "BLK_NAME": "POTHIA", "ST_NAME": "BIHAR", "ST_CODE_1": "10", "GPCODE2011": "96861", "REMARKS": "FINALIZED", "MAP_STATUS": "COMPLETED", "BLK_C_2001": "080004", "BLK_C_2011": "01124", "DIST_NAME": "KISHANGANJ", "code2011": 0.0, "Shape_Leng": 0.2074212442, "Shape_Area": 0.00115647647, "Area": 12.7919}, "geometry": {"type": "MultiPolygon", "coordinates": [[[[88.16766502400003, 26.288828512000066], [88.16843953900008, 26.288687105000065], [88.16891562500007, 26.28892367000003], [88.17001585400004, 26.28912315100007], [88.17035641700005, 26.290535513000066], [88.17102933400008, 26.290741410000066], [88.17110192400008, 26.29131611500003], [88.17255121700003, 26.291674114000045], [88.17381347100007, 26.29189724200006], [88.17470174200008, 26.29185073600007], [88.17499430800007, 26.291513596000073], [88.17639856400007, 26.29219223900003], [88.17799508800005, 26.293810876000066], [88.17899803400007, 26.29439175600004], [88.18022268800007, 26.294327597000063], [88.18094796800005, 26.29468549300003], [88.18230604200005, 26.295326886000055], [88.18502042600005, 26.295224231000077], [88.18601119800007, 26.294934769000065], [88.18685496700004, 26.295088431000067], [88.18795056000005, 26.295743539000057], [88.18819045600009, 26.294701736000036], [88.18915280000004, 26.294651264000038], [88.18974219300009, 26.294263976000025], [88.18971202100005, 26.293117574000064], [88.19087002800006, 26.29270054600005], [88.19087006500007, 26.292700532000026], [88.19045348900005, 26.29236611700003], [88.19026114000008, 26.29142603100007], [88.19159441000005, 26.289296429000046], [88.19230066500006, 26.288350008000066], [88.19144458000005, 26.287326078000035], [88.19031337300004, 26.28611858100004], [88.19012613300004, 26.285257458000046], [88.18928496800004, 26.285143205000054], [88.18915392200006, 26.284813605000068], [88.18896261600008, 26.284229741000047], [88.18928066300003, 26.28371820500007], [88.18982569600007, 26.283369631000028], [88.19018517500007, 26.282480470000053], [88.18985862600005, 26.28218111900003], [88.18949517200008, 26.281310073000043], [88.18844241700003, 26.28029717900006], [88.18874138800004, 26.279490244000044], [88.18945311800007, 26.278958422000073], [88.19087577800008, 26.27890359400004], [88.19232022800009, 26.27884751600004], [88.19290192400007, 26.278342310000028], [88.19351380400008, 26.27694530800005], [88.19405841100007, 26.27620470200003], [88.19523306900004, 26.275707886000077], [88.19587802700005, 26.275842173000058], [88.19652298600005, 26.27597645700007], [88.19846336000006, 26.276804209000034], [88.20036935600007, 26.277099728000053], [88.20298551300004, 26.277179811000053], [88.20346379200004, 26.277451447000033], [88.20507139000006, 26.277881260000072], [88.20543703700008, 26.277555414000062], [88.20513086600005, 26.27757150700006], [88.20475794500004, 26.277235004000033], [88.20404314300004, 26.27636236400008], [88.20325110300007, 26.27564165700005], [88.20260707200003, 26.274100902000043], [88.20162046500008, 26.271821431000035], [88.20102016100003, 26.270605544000034], [88.20066003200003, 26.27029728900004], [88.20025853000004, 26.270052477000036], [88.19981587000007, 26.269871281000064], [88.19931591500006, 26.269856634000064], [88.19867381400007, 26.26974718100007], [88.19764339800008, 26.26959684800005], [88.19725912900003, 26.269617028000027], [88.19682437100005, 26.26955804200003], [88.19639082800006, 26.269519444000025], [88.19617668200004, 26.269714776000058], [88.19579241300005, 26.26973495200008], [88.19507556900004, 26.269874766000044], [88.19484299200008, 26.269784797000057], [88.19436301400003, 26.269728178000037], [88.19384045000004, 26.269714701000055], [88.19333259700005, 26.269577725000033], [88.19301615700005, 26.269594334000033], [88.19258037400004, 26.269828012000062], [88.19247599600004, 26.270007811000028], [88.19241684600007, 26.270289809000076], [88.19259337400007, 26.270629093000025], [88.19263645800004, 26.270696487000066], [88.19233714000006, 26.27085168900004], [88.19187474900008, 26.270875955000065], [88.19143749900007, 26.270689753000056], [88.19081203500008, 26.27058308000005], [88.19019554800008, 26.270615427000052], [88.18973540300004, 26.270674488000054], [88.18905302400003, 26.270884515000034], [88.18841149000008, 26.271127316000047], [88.18787658500008, 26.271225121000043], [88.18744372400005, 26.271108424000033], [88.18705170500004, 26.27102441100004], [88.18655305200008, 26.271085390000053], [88.18624037200004, 26.27103204200006], [88.18570969300004, 26.270834232000027], [88.18551407500007, 26.270615349000025], [88.18539708600008, 26.270490559000052], [88.18536972100009, 26.270066421000024], [88.18534656800006, 26.269707571000026], [88.18531920300006, 26.269283432000066], [88.18521521800005, 26.268797896000024], [88.18463879800004, 26.268304330000035], [88.18399628400005, 26.267912444000046], [88.18313874600005, 26.26756462900005], [88.18254971300007, 26.266875284000037], [88.18221598100007, 26.266205356000057], [88.18223119700008, 26.265877201000023], [88.18215917200007, 26.265324478000025], [88.18173430700006, 26.264364767000075], [88.18164383800007, 26.262961860000075], [88.18161727000006, 26.261424770000076], [88.18176247600007, 26.26086065800007], [88.18148013400008, 26.25986067300005], [88.18076194100007, 26.258294229000057], [88.17996926400008, 26.256699068000046], [88.17903808400007, 26.256120512000052], [88.17858551700004, 26.25579226700006], [88.17824863000004, 26.25534684300004], [88.17746489200005, 26.254980389000025], [88.17662390800007, 26.254042646000073], [88.17471909800008, 26.253494153000076], [88.17398330500004, 26.253551209000022], [88.17324859900003, 26.253626723000025], [88.17291598100007, 26.253884893000077], [88.17260001700004, 26.25440164400004], [88.17189300900003, 26.254586817000074], [88.17163631800008, 26.254748411000037], [88.17108303700007, 26.255407219000062], [88.17063080600008, 26.256042215000036], [88.17039587100004, 26.25622118700005], [88.17016941800006, 26.25621452100006], [88.16988310700003, 26.255914588000053], [88.16968953400004, 26.25546164600007], [88.16919631700006, 26.254820582000036], [88.16884256100008, 26.254431580000073], [88.16770820900007, 26.25387667600006], [88.16765051900006, 26.25339635000006], [88.16738693500008, 26.253047681000055], [88.16695178400005, 26.25294966100006], [88.16608932900004, 26.252873906000048], [88.16509482100008, 26.252829285000075], [88.16450558200006, 26.252835970000035], [88.16409222600004, 26.253075033000073], [88.16386574200004, 26.253304413000023], [88.16361257600005, 26.253535187000068], [88.16349611400005, 26.253807090000066], [88.16321117000007, 26.254377756000054], [88.16287596800004, 26.25499951300003], [88.16273117200006, 26.25524875700006], [88.16235722600004, 26.255268313000045], [88.16195040300005, 26.25519293800005], [88.16138638300004, 26.25517406000006], [88.16103601800006, 26.25514400900005], [88.16043448000005, 26.25495802100005], [88.15995670000007, 26.255031279000036], [88.15927621500003, 26.25528438500004], [88.15863824900003, 26.255366105000064], [88.15813653000004, 26.255899812000052], [88.15766194700007, 26.25602126700005], [88.15720010600006, 26.255924523000033], [88.15724082400004, 26.256689790000053], [88.15773802600006, 26.259051303000035], [88.15827463400007, 26.26023437200007], [88.15880789500005, 26.260171857000046], [88.15948525100004, 26.25996341900003], [88.15969144800005, 26.26078314600005], [88.16028729900006, 26.261097963000054], [88.16093312300006, 26.26099500500004], [88.16156775200005, 26.260719599000026], [88.16193696000005, 26.260492713000076], [88.16301282800003, 26.259917362000067], [88.16395781900007, 26.259695], [88.16463516400006, 26.25948654000007], [88.16520449500007, 26.259387565000054], [88.16572996700006, 26.260398072000044], [88.16638809200003, 26.261678595000035], [88.16681000800008, 26.262867546000052], [88.16734698800008, 26.264332591000027], [88.16658478600004, 26.264888427000074], [88.16510633700005, 26.26542036400008], [88.16336787800003, 26.265829524000026], [88.16283255300004, 26.266130330000067], [88.16175314900005, 26.266595943000027], [88.16130376800004, 26.266664954000078], [88.16087769400008, 26.26709630700003], [88.16065558700006, 26.267562603000044], [88.16070804900005, 26.26837820000003], [88.16075177000005, 26.269057893000024], [88.16084569600008, 26.269734870000036], [88.16119390600005, 26.27044406600004], [88.16143868200004, 26.271113247000073], [88.16151512900007, 26.271518419000074], [88.16133739200006, 26.271891365000045], [88.16111527800007, 26.27235766000007], [88.16115025400006, 26.27290135800007], [88.16099583600004, 26.273636830000044], [88.16076139100005, 26.274694715000066], [88.16019902100004, 26.275360574000047], [88.15907806100006, 26.275964783000063], [88.15788647500005, 26.276254351000034], [88.15685718000003, 26.276717302000066], [88.15633937200005, 26.27728988000007], [88.15617618300007, 26.27788944400004], [88.15620822800008, 26.278387870000074], [88.15638227800008, 26.278742428000044], [88.15667204900006, 26.278908331000025], [88.15571331300004, 26.279664807000074], [88.15541093700006, 26.28018512600005], [88.15521287200005, 26.281456871000046], [88.15539230100006, 26.282507122000027], [88.15587972100008, 26.283995315000027], [88.15634700600003, 26.28603965800005], [88.15644077900004, 26.28749801400005], [88.15657182300004, 26.287793916000055], [88.15647634700008, 26.288051164000024], [88.15621684600006, 26.288367469000036], [88.15606564900008, 26.28862762800003], [88.15621922300005, 26.289275498000052], [88.15672380200004, 26.29015738100003], [88.15676907400007, 26.29086139700007], [88.15682728400003, 26.291766599000027], [88.15687578700005, 26.292520842000044], [88.15719997400004, 26.293210284000054], [88.15723878400007, 26.293813751000073], [88.15810390100006, 26.29508042300006], [88.15922614200008, 26.295122667000044], [88.16040985900008, 26.296120419000033], [88.16110847000004, 26.296538025000075], [88.16166954300007, 26.29655909300004], [88.16243764100005, 26.296317171000055], [88.16259611400005, 26.295299760000034], [88.16298414700003, 26.294371230000024], [88.16314575000007, 26.293404142000043], [88.16317325100005, 26.29209082600005], [88.16331472800005, 26.29167979500005], [88.16380054400008, 26.291402134000066], [88.16526475000006, 26.290669579000053], [88.16587191400004, 26.29053693900005], [88.16680085200005, 26.290185601000076], [88.16713959900005, 26.289360611000063], [88.16722847300008, 26.289002724000056], [88.16766502400003, 26.288828512000066]]]]}}]}