{"type": "FeatureCollection", "features": [{"type": "Feature", "properties": {"OBJECTID": 5604, "GPCODE": "95965", "GPNAME_1": "BAIJUA", "DIST_CEN_C": "01", "BLK_NAME": "BAIRIA", "ST_NAME": "BIHAR", "ST_CODE_1": "10", "GPCODE2011": "98519", "REMARKS": "FINALIZED", "MAP_STATUS": "COMPLETED", "BLK_C_2001": "010017", "BLK_C_2011": "01029", "DIST_NAME": "PASHCHIM CHAMPARAN", "code2011": 0.0, "Shape_Leng": 0.41656150583, "Shape_Area": 0.0056754585, "Area": 62.6286}, "geometry": {"type": "MultiPolygon", "coordinates": [[[[84.33094062200007, 26.755609702000072], [84.33345007000008, 26.75506542000005], [84.33615917100008, 26.755201680000027], [84.33653101700008, 26.754562978000024], [84.33684797200004, 26.754098443000032], [84.33721594400004, 26.753732298000045], [84.33755793500006, 26.753537683000047], [84.33798413800008, 26.753483221000067], [84.33856527600005, 26.753324763000023], [84.33884292800008, 26.753103502000045], [84.33908855800007, 26.752868775000024], [84.33943657500004, 26.752617052000062], [84.33937066200008, 26.751622053000062], [84.33921376700005, 26.75074344500007], [84.34025602700007, 26.750629166000067], [84.34024821300005, 26.75040154000004], [84.34025183000006, 26.750321874000065], [84.34026626800005, 26.750002292000033], [84.34092455800004, 26.749784754000075], [84.34115864900008, 26.749906502000044], [84.34182475000006, 26.749916494000047], [84.34211715000004, 26.75012208000004], [84.34225422900005, 26.750321754000026], [84.34250088600004, 26.750681021000048], [84.34281039200005, 26.75138449800005], [84.34375416300009, 26.752554616000054], [84.34418453600006, 26.753083838000066], [84.34454421900006, 26.753401432000032], [84.34473603800006, 26.75390874200008], [84.34500111900007, 26.754243211000073], [84.34550388400004, 26.75457100600005], [84.34566479900008, 26.754182060000062], [84.34564034700009, 26.75347069600008], [84.34547438800007, 26.75279176500004], [84.34546140400005, 26.751951950000034], [84.34540571200006, 26.75125570700004], [84.34540006200007, 26.750629273000072], [84.34541387400003, 26.750321666000048], [84.34542702000005, 26.750030450000054], [84.34554808900003, 26.74940050600003], [84.34591270900006, 26.748478942000077], [84.34628857700005, 26.74788471000005], [84.34655618900007, 26.747136737000062], [84.34680086600008, 26.74549227800003], [84.34707695200007, 26.744302636000043], [84.34718458800006, 26.743744254000035], [84.34724717700004, 26.743258316000038], [84.34749631100004, 26.742667589000064], [84.34793914100004, 26.741715423000073], [84.34849651900004, 26.741329739000037], [84.34904552000006, 26.740929936000043], [84.35028236200003, 26.740482636000024], [84.35102577500004, 26.739977907000025], [84.35145103800005, 26.739439133000076], [84.35163248300006, 26.738722048000056], [84.35175997100004, 26.737821386000064], [84.35187247700009, 26.737405254000066], [84.35216201500003, 26.737069665000035], [84.35254810300006, 26.736774169000057], [84.35276391000008, 26.736597274000076], [84.35358690800007, 26.736560180000026], [84.35442909800008, 26.736622261000036], [84.35494562200006, 26.736892801000067], [84.35536030800006, 26.73696674400003], [84.35589073700004, 26.73717986400004], [84.35633901000006, 26.737309810000056], [84.35662699000005, 26.73738726700003], [84.35695608700007, 26.737278416000038], [84.35719363700008, 26.737271819000057], [84.35756581000004, 26.737033636000035], [84.35825940200004, 26.736003271000072], [84.35856642500005, 26.735254171000065], [84.35879825500007, 26.734621127000025], [84.35915131500008, 26.733953624000037], [84.35937286800004, 26.73364962000005], [84.36006748000005, 26.733600513000056], [84.36097306000005, 26.73390299400006], [84.36161162000008, 26.734153379000077], [84.36182464200004, 26.734564426000077], [84.36203571700008, 26.734916012000042], [84.36231403800008, 26.73529553000003], [84.36236773300004, 26.735889825000072], [84.36257983800004, 26.73627118400003], [84.36314079500005, 26.73619597800007], [84.36369569100003, 26.735942211000065], [84.36430242500006, 26.735270032000074], [84.36456329100008, 26.73514365400007], [84.36519569800004, 26.73521537700003], [84.36593262400004, 26.73543320400006], [84.36654009500006, 26.73574394900004], [84.36724180900006, 26.735903144000076], [84.36763932300005, 26.735892078000063], [84.36905329700005, 26.735554859000047], [84.37008851200005, 26.73481111600006], [84.37253354000006, 26.733611017000044], [84.37425086400003, 26.73246097200007], [84.37701370200006, 26.73086476700007], [84.37840492300006, 26.72987269500004], [84.37937794600003, 26.72924983400003], [84.37996274400007, 26.72890585300007], [84.38055971000006, 26.72889249600007], [84.38093212300004, 26.730073592000053], [84.38152385600006, 26.732797508000033], [84.38199860500004, 26.735018396000044], [84.38224583400006, 26.73641150900005], [84.38241761900008, 26.736585438000077], [84.38317123600007, 26.73632605100005], [84.38486359700005, 26.735414923000064], [84.38587288600007, 26.734880330000067], [84.38620510800007, 26.734900845000027], [84.38635302700004, 26.735343484000055], [84.38637573700004, 26.73599815400007], [84.38652273000008, 26.736411106000048], [84.38654544100007, 26.737065776000065], [84.38617373300008, 26.73782088200005], [84.38545420800006, 26.739538861000028], [84.38482988700008, 26.740658477000068], [84.38439822700008, 26.741593886000032], [84.38390220300005, 26.742590790000065], [84.38359265800005, 26.743224936000047], [84.38334314500008, 26.74367876900004], [84.38325510900006, 26.744008879000035], [84.38382444500007, 26.74417169800006], [84.38479018700008, 26.744293635000076], [84.38558619600008, 26.744301190000044], [84.38714928300004, 26.744436217000043], [84.38813363000008, 26.74414055400007], [84.38910568100005, 26.743487867000056], [84.38992141500006, 26.74310759100007], [84.39097310300008, 26.742839828000058], [84.39153831000004, 26.74288361500004], [84.39206621900007, 26.742809231000024], [84.39292533700007, 26.74272557300003], [84.39377618300006, 26.742403900000056], [84.39447279700005, 26.74241419300006], [84.39526362300006, 26.742272919000072], [84.39613830800005, 26.741682428000047], [84.39638673900004, 26.741198892000057], [84.39665797900005, 26.74041677400004], [84.39736704400008, 26.739830916000074], [84.39762167700007, 26.73952593000007], [84.39824791300003, 26.739418965000027], [84.39861641800007, 26.739527847000033], [84.39913809600006, 26.739274886000032], [84.39981398200007, 26.73868994600008], [84.40023213300003, 26.738320763000047], [84.40047536400004, 26.737688438000077], [84.40091631400009, 26.737020763000032], [84.40125995100004, 26.736415331000046], [84.40171114800006, 26.736045216000036], [84.40193684800005, 26.73586015500007], [84.40163437800004, 26.734569708000038], [84.40148838800008, 26.733233383000027], [84.40134612000008, 26.73247775300007], [84.40150446600006, 26.73178819800006], [84.40177866200008, 26.731095391000053], [84.40246019300008, 26.730197521000036], [84.40305539300005, 26.729436002000057], [84.40392166600003, 26.729084030000024], [84.40576289900008, 26.72864506700006], [84.40707266600003, 26.72865298200003], [84.40805230000007, 26.728699968000058], [84.40878044100003, 26.728664604000073], [84.40937501300004, 26.728603187000033], [84.41071943700007, 26.72770154500006], [84.41139209500005, 26.72702731700008], [84.41203584200008, 26.72647302100006], [84.41254601800006, 26.725892676000058], [84.41274825200009, 26.725514623000038], [84.41289977700006, 26.72463160800004], [84.41283820200005, 26.724290781000036], [84.41237292400007, 26.723782578000055], [84.41281118400008, 26.723278762000064], [84.41337405500008, 26.722309754000037], [84.41372118700008, 26.721331820000046], [84.41410292600006, 26.72039761700006], [84.41429737500005, 26.718843166000056], [84.41453619600009, 26.717615124000076], [84.41470845400005, 26.717088981000074], [84.41480777000004, 26.716609505000065], [84.41540234400009, 26.71605988300007], [84.41671333500005, 26.715159115000063], [84.41713135900005, 26.714789878000033], [84.41775953700005, 26.714742383000043], [84.41839395200003, 26.714873442000055], [84.41888857700008, 26.714799992000053], [84.41856854300005, 26.713230215000067], [84.41853527000006, 26.712277877000076], [84.41804241100004, 26.71050451800005], [84.41790967600008, 26.70860179400006], [84.41830792200005, 26.707667102000073], [84.41876000700006, 26.707326702000046], [84.41924638500006, 26.70701513800003], [84.41979677900008, 26.706642161000048], [84.42145438900008, 26.70570176900003], [84.42343787900006, 26.704603236000025], [84.42242270600008, 26.704006338000056], [84.42137439000004, 26.70341036800005], [84.42018837900008, 26.702669249000053], [84.41823667100005, 26.70183056700006], [84.41716459500003, 26.701503295000066], [84.41675784100005, 26.701246694000076], [84.41645388200004, 26.700361393000037], [84.41636794000004, 26.699797803000024], [84.41712230700006, 26.699568018000036], [84.41768307200005, 26.699492706000058], [84.41766539900004, 26.698986710000042], [84.41705901900008, 26.69870592700005], [84.41707242200005, 26.698139538000078], [84.41895982600005, 26.698086369000066], [84.41903411900006, 26.69736933200005], [84.41890230200005, 26.694543073000034], [84.41883906600003, 26.69415766900005], [84.41848489600005, 26.692559018000054], [84.41818352100006, 26.69057169100006], [84.41753550400006, 26.68910043900007], [84.41618951300006, 26.689466019000065], [84.41406529600005, 26.690330095000036], [84.41298988600005, 26.687053770000034], [84.41254828800004, 26.686380867000025], [84.41200666100008, 26.686768392000033], [84.41130986600007, 26.687219982000045], [84.41047230400005, 26.687913783000056], [84.41065911000004, 26.68851925200005], [84.40987021900008, 26.68918187500003], [84.41028677900005, 26.689721274000078], [84.40987037400004, 26.690135165000072], [84.41014718300005, 26.69046995100007], [84.41038669600005, 26.69068666000004], [84.41065987700006, 26.690917323000065], [84.41078824600004, 26.69127118600005], [84.41069720300004, 26.691512], [84.41003612000009, 26.692037089000053], [84.40915032800007, 26.692300250000073], [84.40861591800007, 26.692657845000042], [84.40784717900004, 26.69294760400004], [84.40771116100007, 26.692847202000053], [84.40752023200008, 26.692599321000046], [84.40706753300003, 26.692448209000077], [84.40652937200008, 26.692224986000042], [84.40556686600007, 26.69231172900004], [84.40470903300007, 26.692425240000034], [84.40414052700004, 26.692753972000048], [84.40367747600004, 26.69325847600004], [84.40340223300007, 26.693444941000052], [84.40282025300007, 26.693863460000046], [84.40245343300006, 26.694275936000054], [84.40178919300007, 26.69471166200003], [84.40124853900005, 26.694890670000063], [84.40067887400005, 26.69518961600005], [84.40021684800007, 26.69524728700003], [84.39960430000008, 26.695264472000076], [84.39920184300007, 26.69512683100004], [84.39790580200008, 26.69479080800005], [84.39653892800004, 26.694084386000043], [84.39649905500005, 26.693891866000058], [84.39676499700005, 26.693437525000036], [84.39654301000007, 26.693250111000054], [84.39600807000005, 26.693116176000046], [84.39522378700008, 26.692959423000048], [84.39556006600003, 26.692622331000052], [84.39580527400005, 26.692526136000026], [84.39582859600006, 26.69224243000008], [84.39561749800004, 26.69189087500007], [84.39464177500008, 26.691948025000045], [84.39451448500006, 26.691623925000044], [84.39463353500008, 26.691233312000065], [84.39459266400007, 26.690534416000048], [84.39480995000008, 26.68963464500007], [84.39490932400008, 26.689155261000053], [84.39560047200007, 26.689016671000047], [84.39601390500007, 26.688751834000072], [84.39648516600005, 26.688008773000035], [84.39646396100005, 26.687398646000076], [84.39650334000004, 26.68709967800004], [84.39672834000004, 26.68689973000005], [84.39728916000007, 26.686824396000077], [84.39761453300008, 26.686651437000023], [84.39766365500003, 26.686158556000066], [84.39774644100004, 26.685679633000063], [84.39778627000004, 26.684442258000047], [84.39778525200006, 26.683935787000053], [84.39816604700007, 26.683448505000058], [84.39790523800008, 26.683098345000076], [84.39623377500004, 26.681968563000055], [84.39361008100008, 26.679897244000074], [84.39226351900004, 26.67881783300004], [84.39109323200006, 26.67802232500003], [84.39133664600007, 26.67773061200006], [84.39211321400006, 26.677281657000037], [84.39298678800003, 26.67688692200005], [84.39380088200005, 26.676607733000026], [84.39420254200007, 26.67631158100005], [84.39468826100006, 26.675699843000075], [84.39488809000005, 26.675067598000055], [84.39527222300006, 26.67411686500003], [84.39410034900004, 26.673888179000073], [84.39230388400006, 26.674527072000046], [84.38776618200006, 26.675831235000032], [84.38365306300005, 26.67679636500003], [84.38025530700008, 26.67741446900004], [84.37678262400004, 26.677969183000073], [84.37235829600007, 26.67835423500003], [84.36806351600006, 26.67827771700007], [84.36253491100007, 26.678295114000036], [84.35869803200006, 26.678859373000023], [84.35492935600007, 26.67929083300004], [84.35230789600007, 26.679232898000066], [84.34960257800003, 26.67885040500005], [84.34894163100006, 26.678672707000032], [84.34773062500005, 26.679425282000068], [84.34607441600008, 26.679928751000034], [84.34426161000005, 26.68010970100005], [84.34261210000005, 26.680808977000027], [84.34147591400006, 26.681624833000058], [84.34053531700005, 26.681781588000035], [84.33886337000007, 26.681827859000066], [84.33763212600007, 26.681992731000037], [84.33574430000004, 26.68211025200003], [84.33409404100007, 26.681731617000025], [84.33264915600006, 26.68203316300003], [84.33087870600008, 26.683455653000067], [84.32954007700005, 26.68473529700003], [84.32921907000008, 26.685986838000076], [84.32886556800008, 26.688416636000056], [84.32812071200004, 26.69216521100003], [84.32708371500007, 26.698014828000055], [84.32683763700004, 26.699329774000034], [84.32619592600008, 26.705037539000045], [84.32566671800004, 26.708714778000058], [84.32496078800006, 26.711481242000048], [84.32450543000004, 26.713063453000075], [84.32414515800008, 26.715297061000058], [84.32394709400006, 26.715891140000053], [84.32257891600005, 26.716321261000076], [84.32143783600003, 26.717006814000058], [84.32105070800003, 26.718456322000065], [84.32072597500007, 26.721735357000057], [84.31968812200006, 26.724380095000072], [84.31831401200003, 26.726772378000078], [84.31699487600008, 26.728640012000028], [84.31632339100008, 26.730293517000064], [84.31550422700008, 26.731885677000037], [84.31490101700007, 26.733406582000043], [84.31391854700007, 26.73448001400004], [84.31242475400006, 26.735502093000036], [84.31187406200007, 26.736295935000044], [84.31159224200007, 26.73670218600006], [84.31155066300005, 26.737618936000047], [84.31132885300008, 26.739652539000076], [84.31016818100005, 26.741908040000055], [84.30871435200004, 26.744106269000042], [84.30764945000004, 26.74596671000006], [84.30627275500007, 26.74829349500004], [84.30617457700004, 26.74840299300007], [84.30807004400003, 26.75032140500008], [84.30812702700007, 26.750379077000048], [84.30888568700004, 26.751941634000048], [84.31109857200005, 26.753042038000046], [84.31261371900007, 26.754372688000046], [84.31607086000008, 26.755755515000033], [84.31973427800006, 26.756288097000038], [84.32296489100008, 26.75619912800005], [84.32830100400008, 26.75578813100003], [84.33094062200007, 26.755609702000072]]]]}}, {"type": "Feature", "properties": {"OBJECTID": 5606, "GPCODE": "95970", "GPNAME_1": "FULIYAKHAR", "DIST_CEN_C": "01", "BLK_NAME": "BAIRIA", "ST_NAME": "BIHAR", "ST_CODE_1": "10", "GPCODE2011": "98524", "REMARKS": "FINALIZED", "MAP_STATUS": "COMPLETED", "BLK_C_2001": "010017", "BLK_C_2011": "01029", "DIST_NAME": "PASHCHIM CHAMPARAN", "code2011": 0.0, "Shape_Leng": 0.15905173279, "Shape_Area": 0.0006614224, "Area": 7.29915}, "geometry": {"type": "MultiPolygon", "coordinates": [[[[84.43829697200005, 26.70842774500005], [84.43940924900005, 26.708008992000032], [84.44004261100008, 26.708110282000064], [84.44093302600004, 26.708099791000052], [84.44104784300004, 26.70782848400006], [84.44134200200006, 26.70723924200007], [84.44150532400005, 26.706698412000037], [84.44197088700008, 26.706268240000043], [84.44351170000004, 26.70507776200003], [84.44392595100004, 26.70460423800006], [84.44469766000003, 26.70392703600004], [84.44527207100003, 26.702823531000035], [84.44591685400007, 26.70183715400003], [84.44628810000006, 26.70108187900007], [84.44657437500007, 26.700269495000043], [84.44701651800005, 26.699646237000024], [84.44744775500004, 26.698948866000023], [84.44743833900003, 26.698681074000035], [84.44801977200007, 26.698247501000026], [84.44828439200006, 26.697763395000038], [84.44841357700005, 26.697193714000036], [84.44853516500007, 26.69593919700003], [84.44851458400007, 26.694882258000064], [84.44894500900006, 26.69487004800004], [84.44905698800005, 26.69428595100004], [84.44918111700008, 26.693572722000056], [84.45035995700005, 26.694107408000036], [84.45006247900005, 26.69506896300004], [84.45004607800007, 26.695545940000045], [84.45011795700003, 26.696645853000064], [84.45044974300004, 26.69854256900004], [84.45070556600007, 26.699220360000027], [84.45149631300006, 26.700031808000062], [84.45216782500006, 26.700280806000023], [84.45300069600006, 26.700406092000037], [84.45393396600008, 26.700558328000056], [84.45514422100007, 26.700106961000074], [84.45602023200007, 26.699575760000073], [84.45747794300007, 26.699564140000064], [84.45818041200005, 26.69975262300005], [84.45852199400008, 26.700040777000027], [84.45871481100005, 26.700809669000023], [84.45857967800004, 26.701677206000056], [84.45844559300008, 26.702574518000063], [84.45891791400004, 26.702985900000044], [84.46090860200007, 26.703056789000073], [84.46315829200006, 26.702418859000034], [84.46689073800007, 26.70154733100003], [84.46906271000006, 26.700720095000065], [84.47145412700007, 26.700078003000044], [84.47371046900008, 26.699630975000048], [84.47595777800007, 26.698929082000063], [84.47680442200004, 26.69877741700003], [84.47918909700007, 26.69794405600004], [84.48045683500004, 26.697652660000074], [84.48068308700005, 26.69802887800006], [84.48285039400008, 26.69707407800007], [84.48493998900005, 26.695930126000064], [84.48457623900003, 26.695685437000066], [84.48364065700008, 26.695329505000075], [84.48291327000004, 26.694840116000023], [84.48150920000006, 26.693285853000077], [84.48043945600006, 26.69114809100006], [84.47951605600008, 26.689133637000054], [84.47926049700004, 26.687929223000026], [84.47942129800003, 26.68645772800005], [84.47911505200005, 26.685828788000038], [84.47785870100006, 26.686438606000024], [84.47617459800006, 26.686996874000044], [84.47552494800004, 26.686696573000063], [84.47493728200004, 26.686139315000048], [84.47454889300008, 26.685193775000073], [84.47466482400006, 26.684457034000047], [84.47478074600008, 26.683720347000076], [84.47475595500003, 26.68301952300004], [84.47459152700003, 26.682386434000023], [84.47429432800004, 26.682012319000023], [84.47379560700006, 26.681962706000036], [84.47294456800006, 26.681986984000048], [84.47150246500007, 26.683367426000075], [84.46949070800008, 26.684700339000074], [84.46706007100005, 26.686236407000024], [84.46580376000009, 26.686846126000034], [84.46326842300005, 26.68742858400003], [84.46135336900005, 26.68748307900006], [84.45985716600006, 26.687334296000074], [84.45786008900006, 26.687072147000038], [84.45569409600006, 26.68604958800006], [84.45417334200005, 26.685199922000038], [84.45315571100008, 26.684527297000045], [84.45248594500003, 26.68365344600005], [84.45189167000007, 26.682905041000026], [84.45098233400006, 26.681272613000033], [84.45019464300003, 26.67906288000006], [84.44759297400003, 26.679774475000045], [84.44791921100006, 26.680976937000025], [84.44739405700005, 26.681183115000067], [84.44686882400003, 26.68138932100004], [84.44650371900008, 26.683121665000044], [84.44579521300005, 26.685182583000028], [84.44425574800005, 26.687840977000064], [84.44354717900006, 26.68990187600008], [84.44209640900004, 26.693067900000074], [84.44189042100004, 26.69326516700005], [84.44151041000003, 26.69356287000005], [84.44113033200006, 26.693860623000035], [84.44000434100008, 26.69414759500006], [84.43838640200005, 26.694576073000064], [84.43815109800005, 26.695295289000057], [84.43730694600004, 26.695795778000047], [84.43623835400007, 26.69651115100004], [84.43661329800005, 26.69822811800003], [84.43678442000004, 26.699325500000043], [84.43724748200003, 26.70118908300003], [84.43767333000005, 26.70293449600007], [84.43784681700004, 26.705044608000037], [84.43743932500007, 26.70571147000004], [84.43670489600004, 26.70650679700003], [84.43671846400008, 26.706893595000054], [84.43674247500007, 26.70757805100004], [84.43675500200004, 26.707935167000073], [84.43653044800004, 26.708150058000058], [84.43623665800004, 26.708277494000072], [84.43591702300006, 26.708614199000067], [84.43571542600006, 26.70948376900003], [84.43627841100005, 26.709467846000052], [84.43682981100005, 26.70912458500004], [84.43738548500005, 26.708900326000048], [84.43829697200005, 26.70842774500005]]]]}}, {"type": "Feature", "properties": {"OBJECTID": 5607, "GPCODE": "95967", "GPNAME_1": "BATHNA", "DIST_CEN_C": "01", "BLK_NAME": "BAIRIA", "ST_NAME": "BIHAR", "ST_CODE_1": "10", "GPCODE2011": "98521", "REMARKS": "FINALIZED", "MAP_STATUS": "COMPLETED", "BLK_C_2001": "010017", "BLK_C_2011": "01029", "DIST_NAME": "PASHCHIM CHAMPARAN", "code2011": 0.0, "Shape_Leng": 0.3331832893, "Shape_Area": 0.00219635684, "Area": 24.241}, "geometry": {"type": "MultiPolygon", "coordinates": [[[[84.43784681700004, 26.705044608000037], [84.43767333000005, 26.70293449600007], [84.43724748200003, 26.70118908300003], [84.43678442000004, 26.699325500000043], [84.43661329800005, 26.69822811800003], [84.43623835400007, 26.69651115100004], [84.43730694600004, 26.695795778000047], [84.43815109800005, 26.695295289000057], [84.43838640200005, 26.694576073000064], [84.43797814400006, 26.69305709100007], [84.43674712200004, 26.690349594000054], [84.43852863100005, 26.688513456000067], [84.44016382300003, 26.686553937000042], [84.44095674200008, 26.684873251000056], [84.44111361800003, 26.68327450700008], [84.44077625500006, 26.68175341600005], [84.44036353600006, 26.680106955000042], [84.43965586900003, 26.678149907000034], [84.43904157500003, 26.67682799000005], [84.44069216000008, 26.67531444000008], [84.44000408100004, 26.67189001400004], [84.43812895700006, 26.67105031500006], [84.43626055400006, 26.670401565000077], [84.43489072800008, 26.669802625000045], [84.43487955900008, 26.669484003000036], [84.43619576800006, 26.668553889000066], [84.43945055900008, 26.666229652000027], [84.44127933800007, 26.66777227800003], [84.44372997000005, 26.666809958000044], [84.44554462500008, 26.665929383000048], [84.44419208000005, 26.66379936000004], [84.44265754100007, 26.660526401000027], [84.44104986400004, 26.65719174000003], [84.44004081100007, 26.65473308600008], [84.43870635400003, 26.65311259200007], [84.43650099000007, 26.650942876000045], [84.43384344700007, 26.64802052400006], [84.42999726200009, 26.649659861000032], [84.42452898300007, 26.651600080000037], [84.41792828300004, 26.65363576900006], [84.41589864700006, 26.65445833800004], [84.41342581900005, 26.654783071000054], [84.41013940800008, 26.656107896000037], [84.40919532800007, 26.662412502000052], [84.40889564800005, 26.664252040000065], [84.40840084700005, 26.666751033000025], [84.40822611400006, 26.667998391000026], [84.40778798100007, 26.670038027000032], [84.40769724800003, 26.671610050000027], [84.40336632900005, 26.672581924000042], [84.39918080500007, 26.67354950400005], [84.39795209300007, 26.67378019000006], [84.39614429700003, 26.674092417000054], [84.39527222300006, 26.67411686500003], [84.39488809000005, 26.675067598000055], [84.39468826100006, 26.675699843000075], [84.39420254200007, 26.67631158100005], [84.39380088200005, 26.676607733000026], [84.39298678800003, 26.67688692200005], [84.39211321400006, 26.677281657000037], [84.39133664600007, 26.67773061200006], [84.39109323200006, 26.67802232500003], [84.39226351900004, 26.67881783300004], [84.39361008100008, 26.679897244000074], [84.39623377500004, 26.681968563000055], [84.39790523800008, 26.683098345000076], [84.39816604700007, 26.683448505000058], [84.39778525200006, 26.683935787000053], [84.39778627000004, 26.684442258000047], [84.39774644100004, 26.685679633000063], [84.39766365500003, 26.686158556000066], [84.39761453300008, 26.686651437000023], [84.39728916000007, 26.686824396000077], [84.39672834000004, 26.68689973000005], [84.39650334000004, 26.68709967800004], [84.39646396100005, 26.687398646000076], [84.39648516600005, 26.688008773000035], [84.39601390500007, 26.688751834000072], [84.39560047200007, 26.689016671000047], [84.39490932400008, 26.689155261000053], [84.39480995000008, 26.68963464500007], [84.39459266400007, 26.690534416000048], [84.39463353500008, 26.691233312000065], [84.39451448500006, 26.691623925000044], [84.39464177500008, 26.691948025000045], [84.39561749800004, 26.69189087500007], [84.39582859600006, 26.69224243000008], [84.39580527400005, 26.692526136000026], [84.39556006600003, 26.692622331000052], [84.39522378700008, 26.692959423000048], [84.39600807000005, 26.693116176000046], [84.39654301000007, 26.693250111000054], [84.39676499700005, 26.693437525000036], [84.39649905500005, 26.693891866000058], [84.39653892800004, 26.694084386000043], [84.39790580200008, 26.69479080800005], [84.39920184300007, 26.69512683100004], [84.39960430000008, 26.695264472000076], [84.40021684800007, 26.69524728700003], [84.40067887400005, 26.69518961600005], [84.40124853900005, 26.694890670000063], [84.40178919300007, 26.69471166200003], [84.40245343300006, 26.694275936000054], [84.40282025300007, 26.693863460000046], [84.40340223300007, 26.693444941000052], [84.40367747600004, 26.69325847600004], [84.40414052700004, 26.692753972000048], [84.40470903300007, 26.692425240000034], [84.40556686600007, 26.69231172900004], [84.40652937200008, 26.692224986000042], [84.40706753300003, 26.692448209000077], [84.40752023200008, 26.692599321000046], [84.40771116100007, 26.692847202000053], [84.40784717900004, 26.69294760400004], [84.40861591800007, 26.692657845000042], [84.40915032800007, 26.692300250000073], [84.41003612000009, 26.692037089000053], [84.41069720300004, 26.691512], [84.41078824600004, 26.69127118600005], [84.41065987700006, 26.690917323000065], [84.41038669600005, 26.69068666000004], [84.41014718300005, 26.69046995100007], [84.40987037400004, 26.690135165000072], [84.41028677900005, 26.689721274000078], [84.40987021900008, 26.68918187500003], [84.41065911000004, 26.68851925200005], [84.41047230400005, 26.687913783000056], [84.41130986600007, 26.687219982000045], [84.41200666100008, 26.686768392000033], [84.41254828800004, 26.686380867000025], [84.41298988600005, 26.687053770000034], [84.41406529600005, 26.690330095000036], [84.41618951300006, 26.689466019000065], [84.41753550400006, 26.68910043900007], [84.41818352100006, 26.69057169100006], [84.41848489600005, 26.692559018000054], [84.41883906600003, 26.69415766900005], [84.41890230200005, 26.694543073000034], [84.41903411900006, 26.69736933200005], [84.41895982600005, 26.698086369000066], [84.41707242200005, 26.698139538000078], [84.41705901900008, 26.69870592700005], [84.41766539900004, 26.698986710000042], [84.41768307200005, 26.699492706000058], [84.41712230700006, 26.699568018000036], [84.41636794000004, 26.699797803000024], [84.41645388200004, 26.700361393000037], [84.41675784100005, 26.701246694000076], [84.41716459500003, 26.701503295000066], [84.41823667100005, 26.70183056700006], [84.42018837900008, 26.702669249000053], [84.42137439000004, 26.70341036800005], [84.42242270600008, 26.704006338000056], [84.42343787900006, 26.704603236000025], [84.42486576600004, 26.703728892000072], [84.42544955000005, 26.70430814300005], [84.42573112000008, 26.704776886000047], [84.42672576400008, 26.705731811000078], [84.42795947700006, 26.706888520000064], [84.42952443000007, 26.708035864000067], [84.43088027500005, 26.70889124000007], [84.43256725800006, 26.709737245000042], [84.43435651600004, 26.70971647400006], [84.43571542600006, 26.70948376900003], [84.43591702300006, 26.708614199000067], [84.43623665800004, 26.708277494000072], [84.43653044800004, 26.708150058000058], [84.43675500200004, 26.707935167000073], [84.43674247500007, 26.70757805100004], [84.43671846400008, 26.706893595000054], [84.43670489600004, 26.70650679700003], [84.43743932500007, 26.70571147000004], [84.43784681700004, 26.705044608000037]]], [[[84.44720374200006, 26.718687843000055], [84.44968782000007, 26.71864931500005], [84.45218097000009, 26.718865575000052], [84.45402885100003, 26.718908783000074], [84.45628707600008, 26.719004152000025], [84.46074749000007, 26.718622286000027], [84.46157630100004, 26.71796095600007], [84.46267772500005, 26.716973033000045], [84.46355719200005, 26.715736331000073], [84.46386249200003, 26.714324627000053], [84.46420485800007, 26.71195517600006], [84.46416663000008, 26.710872170000073], [84.46355641600007, 26.709677760000034], [84.46260280900003, 26.708812137000052], [84.46159618000007, 26.70845809800005], [84.46015940500007, 26.707988788000023], [84.45883760500004, 26.706750843000066], [84.45844478300006, 26.705677911000066], [84.45834467900005, 26.70485165300005], [84.45837740700006, 26.703766530000053], [84.45891791400004, 26.702985900000044], [84.45844559300008, 26.702574518000063], [84.45857967800004, 26.701677206000056], [84.45871481100005, 26.700809669000023], [84.45852199400008, 26.700040777000027], [84.45818041200005, 26.69975262300005], [84.45747794300007, 26.699564140000064], [84.45602023200007, 26.699575760000073], [84.45514422100007, 26.700106961000074], [84.45393396600008, 26.700558328000056], [84.45300069600006, 26.700406092000037], [84.45216782500006, 26.700280806000023], [84.45149631300006, 26.700031808000062], [84.45070556600007, 26.699220360000027], [84.45044974300004, 26.69854256900004], [84.45011795700003, 26.696645853000064], [84.45004607800007, 26.695545940000045], [84.45006247900005, 26.69506896300004], [84.45035995700005, 26.694107408000036], [84.44918111700008, 26.693572722000056], [84.44905698800005, 26.69428595100004], [84.44894500900006, 26.69487004800004], [84.44851458400007, 26.694882258000064], [84.44853516500007, 26.69593919700003], [84.44841357700005, 26.697193714000036], [84.44828439200006, 26.697763395000038], [84.44801977200007, 26.698247501000026], [84.44743833900003, 26.698681074000035], [84.44744775500004, 26.698948866000023], [84.44701651800005, 26.699646237000024], [84.44657437500007, 26.700269495000043], [84.44628810000006, 26.70108187900007], [84.44591685400007, 26.70183715400003], [84.44527207100003, 26.702823531000035], [84.44469766000003, 26.70392703600004], [84.44392595100004, 26.70460423800006], [84.44351170000004, 26.70507776200003], [84.44197088700008, 26.706268240000043], [84.44150532400005, 26.706698412000037], [84.44134200200006, 26.70723924200007], [84.44104784300004, 26.70782848400006], [84.44093302600004, 26.708099791000052], [84.44094034200003, 26.70830812300005], [84.44054563700007, 26.70980869400006], [84.44001242500008, 26.710672755000076], [84.43921846300003, 26.711663319000024], [84.43872103500007, 26.712362529000075], [84.43779373000007, 26.713803737000035], [84.43734388700005, 26.71468023600005], [84.43646918400003, 26.715732674000037], [84.43536999600008, 26.716999990000033], [84.43449849200005, 26.718141643000024], [84.43415251100004, 26.718910970000024], [84.43390531200004, 26.719424351000043], [84.43398717000008, 26.71986882300007], [84.43445147700004, 26.72034718900005], [84.43490077500007, 26.720870685000023], [84.43518040400005, 26.721100935000038], [84.43588205600008, 26.720857840000065], [84.43704928900007, 26.720729161000065], [84.43894798300005, 26.720197196000072], [84.44080789500003, 26.719570547000046], [84.44259575600006, 26.71891408700003], [84.44482598800005, 26.718723410000052], [84.44720374200006, 26.718687843000055]]]]}}, {"type": "Feature", "properties": {"OBJECTID": 5617, "GPCODE": "95973", "GPNAME_1": "MIYAPUR", "DIST_CEN_C": "01", "BLK_NAME": "BAIRIA", "ST_NAME": "BIHAR", "ST_CODE_1": "10", "GPCODE2011": "98527", "REMARKS": "FINALIZED", "MAP_STATUS": "COMPLETED", "BLK_C_2001": "010017", "BLK_C_2011": "01029", "DIST_NAME": "PASHCHIM CHAMPARAN", "code2011": 0.0, "Shape_Leng": 0.09642464044, "Shape_Area": 0.0005061427, "Area": 5.58348}, "geometry": {"type": "MultiPolygon", "coordinates": [[[[84.47924683400004, 26.743684054000028], [84.47871044100003, 26.743077602000028], [84.47761328600006, 26.742184175000034], [84.47665472300008, 26.741191210000068], [84.47577171300009, 26.740323578000073], [84.47501591200006, 26.739037818000043], [84.47460819600008, 26.737550793000025], [84.47494647700006, 26.736074315000053], [84.47542567900007, 26.734562078000067], [84.47573755200006, 26.733341429000063], [84.47609508300008, 26.732406568000044], [84.47645035200009, 26.731407930000046], [84.47665577700008, 26.73019040400004], [84.47706062900005, 26.728584515000023], [84.47596135400005, 26.727627288000065], [84.47431718400009, 26.727323441000067], [84.47142010000005, 26.72673637300005], [84.46800450600006, 26.72654678400005], [84.46415869800006, 26.72624168400006], [84.46210121900003, 26.726300222000077], [84.46050486800004, 26.726345622000053], [84.45798106800004, 26.727278371000068], [84.45609806300007, 26.728256532000046], [84.45362428400006, 26.729602190000037], [84.45111494400004, 26.730948906000037], [84.44870974200006, 26.732228788000043], [84.44518945900006, 26.734114135000027], [84.44410647100005, 26.734623149000072], [84.44386443600007, 26.73504707400008], [84.44429975000008, 26.736583707000023], [84.44462471300005, 26.73781070900003], [84.44492666500008, 26.738382958000045], [84.44583876000007, 26.738863499000047], [84.44730286500004, 26.739253880000035], [84.44798316000004, 26.739741071000026], [84.44854714300004, 26.74069314600007], [84.44920964400006, 26.74208929300005], [84.44977836300006, 26.743175343000075], [84.45056261600007, 26.744731857000033], [84.45146361700006, 26.745838184000036], [84.45217597200008, 26.746294551000062], [84.45333614100008, 26.74675310600003], [84.45436872000005, 26.746887713000035], [84.45616428600005, 26.745853580000073], [84.45905399800006, 26.74505656300005], [84.46114976200005, 26.744311872000026], [84.46264030400005, 26.74426948300004], [84.46416190700006, 26.744166680000035], [84.46523446700007, 26.744493618000035], [84.46597266700007, 26.744740655000044], [84.46783284100007, 26.744836620000058], [84.46957004500007, 26.745204208000075], [84.47104426900006, 26.74563878500004], [84.47215002100006, 26.745964730000026], [84.47384461100006, 26.746065344000044], [84.47464447700008, 26.745714879000047], [84.47660455400006, 26.744884438000042], [84.47771808000005, 26.744495202000053], [84.47877170300006, 26.744286399000032], [84.47924683400004, 26.743684054000028]]]]}}, {"type": "Feature", "properties": {"OBJECTID": 5622, "GPCODE": "95976", "GPNAME_1": "SURYAPUR", "DIST_CEN_C": "01", "BLK_NAME": "BAIRIA", "ST_NAME": "BIHAR", "ST_CODE_1": "10", "GPCODE2011": "98530", "REMARKS": "FINALIZED", "MAP_STATUS": "COMPLETED", "BLK_C_2001": "010017", "BLK_C_2011": "01029", "DIST_NAME": "PASHCHIM CHAMPARAN", "code2011": 0.0, "Shape_Leng": 0.20873698844, "Shape_Area": 0.00175335075, "Area": 19.3411}, "geometry": {"type": "MultiPolygon", "coordinates": [[[[84.38113466300007, 26.77214439100004], [84.38179571000006, 26.771567419000064], [84.38361870300008, 26.772048350000034], [84.38428056400005, 26.772349039000062], [84.38485172700007, 26.773024604000057], [84.38543958400004, 26.773752865000063], [84.38710362400008, 26.773919111000055], [84.38724064400003, 26.771893972000044], [84.38738865300007, 26.771038813000075], [84.38851272600004, 26.77100738400003], [84.38961008200005, 26.77105644200003], [84.39051597900004, 26.770712013000036], [84.39146537900007, 26.77033977900004], [84.39166514200008, 26.769270318000054], [84.39179553100007, 26.768761316000052], [84.39230212300004, 26.768002538000076], [84.39288730500004, 26.766948868000043], [84.39377479500007, 26.766072996000048], [84.39440893700004, 26.765576468000063], [84.39438307800003, 26.764832589000036], [84.39445797400003, 26.764431469000044], [84.39477140000008, 26.76407701900007], [84.39514296400006, 26.763694265000026], [84.39560605000008, 26.76338869500006], [84.39580667300004, 26.76319690100007], [84.39617186600003, 26.762628148000033], [84.39628738900007, 26.762119647000077], [84.39678283500007, 26.761041885000054], [84.39704726300005, 26.75927915400007], [84.39728107500008, 26.757490693000022], [84.39727269100007, 26.756663441000057], [84.39734724300007, 26.755946453000035], [84.39732757600007, 26.755381026000066], [84.39729859500005, 26.754547819000038], [84.39743005600008, 26.75356110100006], [84.39728305200003, 26.75219502300007], [84.39664233700006, 26.750455616000067], [84.39655717400007, 26.750322418000053], [84.39636180900004, 26.75001661600004], [84.39584220400008, 26.749375877000034], [84.39559784800008, 26.74902527100005], [84.39486813600007, 26.749015909000036], [84.39437222900006, 26.749059602000045], [84.39399335900004, 26.748653154000067], [84.39344060800005, 26.748013335000053], [84.39309904600003, 26.747725052000078], [84.39256491300006, 26.74762088700004], [84.39156494100007, 26.747470152000062], [84.39076787800008, 26.747432854000067], [84.39033210200006, 26.747296125000048], [84.38998641300003, 26.746888739000042], [84.38951334500007, 26.746633932000066], [84.38867176300005, 26.746270219000053], [84.38804031800004, 26.746228274000032], [84.38780022500003, 26.74599674800004], [84.38734483600007, 26.745294578000028], [84.38714928300004, 26.744436217000043], [84.38558619600008, 26.744301190000044], [84.38479018700008, 26.744293635000076], [84.38382444500007, 26.74417169800006], [84.38325510900006, 26.744008879000035], [84.38334314500008, 26.74367876900004], [84.38359265800005, 26.743224936000047], [84.38390220300005, 26.742590790000065], [84.38439822700008, 26.741593886000032], [84.38482988700008, 26.740658477000068], [84.38545420800006, 26.739538861000028], [84.38617373300008, 26.73782088200005], [84.38654544100007, 26.737065776000065], [84.38652273000008, 26.736411106000048], [84.38637573700004, 26.73599815400007], [84.38635302700004, 26.735343484000055], [84.38620510800007, 26.734900845000027], [84.38587288600007, 26.734880330000067], [84.38486359700005, 26.735414923000064], [84.38317123600007, 26.73632605100005], [84.38241761900008, 26.736585438000077], [84.38224583400006, 26.73641150900005], [84.38199860500004, 26.735018396000044], [84.38152385600006, 26.732797508000033], [84.38093212300004, 26.730073592000053], [84.38055971000006, 26.72889249600007], [84.37996274400007, 26.72890585300007], [84.37937794600003, 26.72924983400003], [84.37840492300006, 26.72987269500004], [84.37701370200006, 26.73086476700007], [84.37425086400003, 26.73246097200007], [84.37253354000006, 26.733611017000044], [84.37008851200005, 26.73481111600006], [84.36905329700005, 26.735554859000047], [84.36763932300005, 26.735892078000063], [84.36724180900006, 26.735903144000076], [84.36654009500006, 26.73574394900004], [84.36593262400004, 26.73543320400006], [84.36519569800004, 26.73521537700003], [84.36456329100008, 26.73514365400007], [84.36430242500006, 26.735270032000074], [84.36369569100003, 26.735942211000065], [84.36314079500005, 26.73619597800007], [84.36257983800004, 26.73627118400003], [84.36236773300004, 26.735889825000072], [84.36231403800008, 26.73529553000003], [84.36203571700008, 26.734916012000042], [84.36182464200004, 26.734564426000077], [84.36161162000008, 26.734153379000077], [84.36097306000005, 26.73390299400006], [84.36006748000005, 26.733600513000056], [84.35937286800004, 26.73364962000005], [84.35915131500008, 26.733953624000037], [84.35879825500007, 26.734621127000025], [84.35856642500005, 26.735254171000065], [84.35825940200004, 26.736003271000072], [84.35756581000004, 26.737033636000035], [84.35719363700008, 26.737271819000057], [84.35695608700007, 26.737278416000038], [84.35662699000005, 26.73738726700003], [84.35633901000006, 26.737309810000056], [84.35589073700004, 26.73717986400004], [84.35536030800006, 26.73696674400003], [84.35494562200006, 26.736892801000067], [84.35442909800008, 26.736622261000036], [84.35358690800007, 26.736560180000026], [84.35276391000008, 26.736597274000076], [84.35254810300006, 26.736774169000057], [84.35216201500003, 26.737069665000035], [84.35187247700009, 26.737405254000066], [84.35175997100004, 26.737821386000064], [84.35163248300006, 26.738722048000056], [84.35145103800005, 26.739439133000076], [84.35102577500004, 26.739977907000025], [84.35028236200003, 26.740482636000024], [84.34904552000006, 26.740929936000043], [84.34849651900004, 26.741329739000037], [84.34793914100004, 26.741715423000073], [84.34749631100004, 26.742667589000064], [84.34724717700004, 26.743258316000038], [84.34718458800006, 26.743744254000035], [84.34707695200007, 26.744302636000043], [84.34680086600008, 26.74549227800003], [84.34655618900007, 26.747136737000062], [84.34628857700005, 26.74788471000005], [84.34591270900006, 26.748478942000077], [84.34554808900003, 26.74940050600003], [84.34542702000005, 26.750030450000054], [84.34541387400003, 26.750321666000048], [84.34540006200007, 26.750629273000072], [84.34540571200006, 26.75125570700004], [84.34546140400005, 26.751951950000034], [84.34547438800007, 26.75279176500004], [84.34564034700009, 26.75347069600008], [84.34566479900008, 26.754182060000062], [84.34550388400004, 26.75457100600005], [84.34500111900007, 26.754243211000073], [84.34473603800006, 26.75390874200008], [84.34454421900006, 26.753401432000032], [84.34418453600006, 26.753083838000066], [84.34375416300009, 26.752554616000054], [84.34281039200005, 26.75138449800005], [84.34250088600004, 26.750681021000048], [84.34225422900005, 26.750321754000026], [84.34211715000004, 26.75012208000004], [84.34182475000006, 26.749916494000047], [84.34115864900008, 26.749906502000044], [84.34092455800004, 26.749784754000075], [84.34026626800005, 26.750002292000033], [84.34025183000006, 26.750321874000065], [84.34024821300005, 26.75040154000004], [84.34025602700007, 26.750629166000067], [84.33921376700005, 26.75074344500007], [84.33937066200008, 26.751622053000062], [84.33943657500004, 26.752617052000062], [84.33908855800007, 26.752868775000024], [84.33884292800008, 26.753103502000045], [84.33856527600005, 26.753324763000023], [84.33798413800008, 26.753483221000067], [84.33755793500006, 26.753537683000047], [84.33721594400004, 26.753732298000045], [84.33684797200004, 26.754098443000032], [84.33653101700008, 26.754562978000024], [84.33615917100008, 26.755201680000027], [84.33878706400003, 26.756395826000073], [84.34181896000007, 26.757367557000066], [84.34350532100007, 26.758534874000077], [84.34595163800003, 26.759575532000042], [84.34744375600008, 26.760220298000036], [84.35092866000008, 26.762393287000066], [84.35207564500007, 26.76325877000005], [84.35293065600007, 26.76418504800006], [84.35361858400006, 26.765379947000042], [84.35487513700008, 26.76772024400003], [84.35671441700003, 26.76819698500003], [84.35880310300007, 26.76908906700004], [84.35925070500008, 26.77013221900006], [84.35930162300008, 26.771608677000074], [84.35915624500007, 26.772509997000043], [84.35895401900007, 26.773465600000065], [84.35905097300008, 26.77457137700003], [84.35956453400007, 26.775823788000025], [84.36038103100003, 26.777331674000038], [84.36112422800005, 26.77841939800004], [84.36184913800008, 26.778979838000055], [84.36180503200006, 26.779403349000063], [84.36237835500003, 26.779927343000054], [84.36274432100004, 26.78023634500005], [84.36356971100008, 26.78098466000006], [84.36471429000005, 26.780686825000032], [84.36647472000004, 26.780212353000024], [84.36968573000007, 26.77929855700006], [84.37135633300005, 26.778799855000045], [84.37302978500009, 26.778380895000055], [84.37337289300007, 26.778025669000044], [84.37296727800003, 26.77657418900003], [84.37257471800007, 26.774643669000056], [84.37483975000004, 26.774208203000057], [84.37578183800008, 26.774049025000068], [84.37692356700006, 26.773671427000068], [84.37882718400004, 26.773059809000074], [84.37973772600003, 26.772848229000033], [84.38113466300007, 26.77214439100004]]]]}}, {"type": "Feature", "properties": {"OBJECTID": 5625, "GPCODE": "95972", "GPNAME_1": "MALAHI  BALUA", "DIST_CEN_C": "01", "BLK_NAME": "BAIRIA", "ST_NAME": "BIHAR", "ST_CODE_1": "10", "GPCODE2011": "98526", "REMARKS": "FINALIZED", "MAP_STATUS": "COMPLETED", "BLK_C_2001": "010017", "BLK_C_2011": "01029", "DIST_NAME": "PASHCHIM CHAMPARAN", "code2011": 0.0, "Shape_Leng": 0.22597482069, "Shape_Area": 0.00169725548, "Area": 18.7157}, "geometry": {"type": "MultiPolygon", "coordinates": [[[[84.43445809400004, 26.822124703000043], [84.43450122900003, 26.82153399300006], [84.43431124100005, 26.820300589000055], [84.43407605800007, 26.81862052200006], [84.43340037400003, 26.817769851000037], [84.43237466200009, 26.81698176200007], [84.43215373100008, 26.816539969000075], [84.43181151400006, 26.815574559000027], [84.43099485300007, 26.814885967000066], [84.42994625100005, 26.814283018000026], [84.42821673800006, 26.813514759000043], [84.42682251800005, 26.81226268900008], [84.42563088100007, 26.810925793000024], [84.42515969800007, 26.810043010000072], [84.42484693200004, 26.808654932000024], [84.42499498600006, 26.807016738000073], [84.42558018600005, 26.805287115000056], [84.42631119400005, 26.803948614000035], [84.42700461500004, 26.802795771000035], [84.42861415600004, 26.80098453100004], [84.43017707900003, 26.799517214000048], [84.43215878100006, 26.79827527300006], [84.43479366400004, 26.796408604000078], [84.43757654100006, 26.793747031000066], [84.43991589500007, 26.79141426900003], [84.44050946500005, 26.790764920000072], [84.44136748600005, 26.78929110300004], [84.44214216200004, 26.787951356000065], [84.44258690200007, 26.78641011800005], [84.44302178600003, 26.785422613000037], [84.44412341400005, 26.785346721000053], [84.44426047000007, 26.783773714000063], [84.44420908500007, 26.782312372000035], [84.44499292300003, 26.78186466300008], [84.44511283400004, 26.78106341000006], [84.44483813100004, 26.780831851000073], [84.44383576900003, 26.78011554400007], [84.44316999200004, 26.779708882000023], [84.44285263300003, 26.77910618100003], [84.44275329900006, 26.77796537000006], [84.44297942700007, 26.776815345000045], [84.44065195800005, 26.777998258000025], [84.44038006900007, 26.77784636100006], [84.44018211300005, 26.777266859000065], [84.44000522600004, 26.776872841000056], [84.43973690200005, 26.775976240000034], [84.43971609200008, 26.774540605000027], [84.43944832900007, 26.772819447000074], [84.43927679800004, 26.771308414000032], [84.43873315500008, 26.771004609000045], [84.43789645700008, 26.770788931000027], [84.43712639400007, 26.770784123000055], [84.43606150400007, 26.77081413600007], [84.43582481600004, 26.770820826000033], [84.43478381800008, 26.770690657000046], [84.43154089900008, 26.770675933000064], [84.42763420500006, 26.770732946000066], [84.42133413900007, 26.770937150000066], [84.41698653500004, 26.771086252000032], [84.41320940100007, 26.77145843900007], [84.41274313900004, 26.77125879400006], [84.41255811000008, 26.770200214000056], [84.41235472800008, 26.769461238000076], [84.41225104000006, 26.768187520000026], [84.41188656300005, 26.76622969400006], [84.41159897200004, 26.76562609000007], [84.41111737300008, 26.765400288000023], [84.41061907600005, 26.76512169500006], [84.40900335500004, 26.766999231000057], [84.40822457700006, 26.768161488000032], [84.40647947500008, 26.769050979000042], [84.40519836000004, 26.769070613000054], [84.40409674800009, 26.76743254200005], [84.40331007900005, 26.76780038100003], [84.40226546300005, 26.768414793000034], [84.40119135300006, 26.769030024000074], [84.40051745900007, 26.769235095000056], [84.39960872400007, 26.76949991400005], [84.39802978300008, 26.77007610800007], [84.39734293100008, 26.770760298000027], [84.39705456500008, 26.770981133000078], [84.39672726700007, 26.77093704600003], [84.39633720700004, 26.770788475000074], [84.39611439300006, 26.77034253100004], [84.39598403600007, 26.77000042000003], [84.39584998500004, 26.76955208000004], [84.39574552200008, 26.76910291100006], [84.39538412800005, 26.76892686000008], [84.39502817500005, 26.768910247000065], [84.39413523500008, 26.769626686000038], [84.39323387400003, 26.770104108000055], [84.39226410000003, 26.770317426000076], [84.39146537900007, 26.77033977900004], [84.39051597900004, 26.770712013000036], [84.38961008200005, 26.77105644200003], [84.38851272600004, 26.77100738400003], [84.38738865300007, 26.771038813000075], [84.38724064400003, 26.771893972000044], [84.38710362400008, 26.773919111000055], [84.38805399100005, 26.77399887300004], [84.38923726500008, 26.77396578300005], [84.39051760700005, 26.774169399000073], [84.39255516600008, 26.77485697900005], [84.39465828900006, 26.775728960000038], [84.39662274500006, 26.776870717000065], [84.39704209300004, 26.77807276300007], [84.39696513800004, 26.77839115300003], [84.39573564000005, 26.778478300000074], [84.39473703300007, 26.77845356100005], [84.39448408300007, 26.778776969000035], [84.39468662300004, 26.77953557400008], [84.39489181100004, 26.78037320900006], [84.39531967800008, 26.781705447000036], [84.39577866400003, 26.783089424000025], [84.39584266600008, 26.784932593000065], [84.39547239100006, 26.786102663000065], [84.39524333400004, 26.78711056800006], [84.39550079900005, 26.787762310000062], [84.39586086900005, 26.78883281800006], [84.39612932900008, 26.789800481000043], [84.39668638300003, 26.791471622000074], [84.39685134400008, 26.79241587300004], [84.39668828800006, 26.793632837000075], [84.39609084000006, 26.79502007900004], [84.39539168600004, 26.796014833000072], [84.39685036800006, 26.796606437000037], [84.39838158700007, 26.797591418000025], [84.39881775700007, 26.79831724400003], [84.39912471000008, 26.799547338000025], [84.39964431000004, 26.800982287000068], [84.40013346900008, 26.801548510000032], [84.40094716600004, 26.80131478900006], [84.40250956600005, 26.800664830000073], [84.40346897100005, 26.800400704000026], [84.40431653100006, 26.80029782300005], [84.40411140500004, 26.801147034000053], [84.40442667600007, 26.80261409800005], [84.40509288500004, 26.80404491400003], [84.40633015600008, 26.805855118000068], [84.40721815500007, 26.806910766000044], [84.40760868900009, 26.808006774000035], [84.40788829900004, 26.809290313000076], [84.40821368600007, 26.809782004000056], [84.40880292000008, 26.809844559000055], [84.40959379900005, 26.809795948000044], [84.41055050500006, 26.809452848000035], [84.41169324500004, 26.80939434000004], [84.41307979200008, 26.80959258300004], [84.41429225000007, 26.809848414000044], [84.41511164800005, 26.810616026000048], [84.41593289500008, 26.81143628500007], [84.41716470500006, 26.812244989000078], [84.41851747200008, 26.813155778000066], [84.41968787100006, 26.813887088000058], [84.41996077900006, 26.814142833000062], [84.41882175400008, 26.81515005800003], [84.41747747800008, 26.816162957000074], [84.41855273800007, 26.81752958100003], [84.42091850800006, 26.81970321400007], [84.42212545300004, 26.81895758400003], [84.42287685400004, 26.819041826000046], [84.42360562300007, 26.819732841000075], [84.42473679400007, 26.821018743000025], [84.42557824100004, 26.821574859000066], [84.42659205800004, 26.822020704000067], [84.42786324700006, 26.821941353000057], [84.42856283100008, 26.821763326000053], [84.42999177300004, 26.82225078700003], [84.43178063800008, 26.822939166000026], [84.43335441500005, 26.822525349000045], [84.43445809400004, 26.822124703000043]]]]}}, {"type": "Feature", "properties": {"OBJECTID": 5627, "GPCODE": "95978", "GPNAME_1": "TUMKARIYA", "DIST_CEN_C": "01", "BLK_NAME": "BAIRIA", "ST_NAME": "BIHAR", "ST_CODE_1": "10", "GPCODE2011": "98532", "REMARKS": "FINALIZED", "MAP_STATUS": "COMPLETED", "BLK_C_2001": "010017", "BLK_C_2011": "01029", "DIST_NAME": "PASHCHIM CHAMPARAN", "code2011": 0.0, "Shape_Leng": 0.1150856649, "Shape_Area": 0.00038724603, "Area": 4.27003}, "geometry": {"type": "MultiPolygon", "coordinates": [[[[84.47393480100004, 26.80143865100007], [84.47361637000006, 26.800736158000063], [84.47337202000006, 26.799636125000063], [84.47286743100005, 26.79864900800004], [84.47231958500004, 26.797267693000038], [84.47165813800007, 26.79599511300006], [84.47108957400008, 26.79527324700007], [84.47082518700006, 26.794437396000035], [84.47014566000007, 26.793481556000074], [84.46943499800005, 26.792473894000068], [84.46982033500007, 26.791751255000065], [84.47087079400006, 26.79074623400004], [84.47141194900007, 26.790282680000075], [84.47110711100004, 26.789131742000052], [84.47087929700007, 26.787831528000027], [84.46851806800004, 26.788058360000036], [84.46653022800007, 26.78795535200004], [84.46634020300007, 26.78671090100005], [84.46605643000004, 26.785322128000075], [84.46593821800008, 26.783638619000044], [84.46563667900006, 26.78174959100005], [84.46526825300003, 26.78125950200007], [84.46499790900003, 26.781082768000033], [84.46431050300004, 26.780733286000043], [84.46262875100007, 26.77964779100006], [84.46100569000004, 26.778560610000056], [84.45970504600007, 26.777464249000047], [84.45865011500007, 26.776677135000057], [84.45790790900008, 26.77643468800005], [84.45725643100008, 26.77626867300006], [84.45686085300008, 26.77670155900006], [84.45591441500005, 26.77649130100008], [84.45484786800006, 26.776205249000043], [84.45406175100004, 26.77596402900008], [84.45302356600007, 26.77565085300006], [84.45180950300005, 26.775342658000056], [84.45046895200005, 26.77477441800005], [84.44945635900007, 26.77435507900003], [84.44905269600008, 26.77289055800003], [84.44696194600004, 26.772686191000048], [84.44499315800005, 26.772610247000046], [84.44311601100009, 26.772637005000036], [84.44286515000005, 26.77301314400006], [84.44297275800005, 26.774406956000064], [84.44308880500006, 26.77603784300004], [84.44297942700007, 26.776815345000045], [84.44275329900006, 26.77796537000006], [84.44285263300003, 26.77910618100003], [84.44316999200004, 26.779708882000023], [84.44383576900003, 26.78011554400007], [84.44483813100004, 26.780831851000073], [84.44511283400004, 26.78106341000006], [84.44499292300003, 26.78186466300008], [84.44420908500007, 26.782312372000035], [84.44426047000007, 26.783773714000063], [84.44412341400005, 26.785346721000053], [84.44465498400007, 26.78530508600005], [84.44534197600007, 26.785471802000075], [84.44789102000004, 26.78553259100005], [84.44972618200006, 26.78550715600005], [84.45083117200005, 26.785768329000064], [84.45316841800008, 26.785702032000074], [84.45556952500004, 26.785766894000062], [84.45616214400007, 26.785776653000028], [84.45698718600005, 26.78649791600003], [84.45796718300005, 26.786576507000063], [84.45841477200008, 26.786670126000047], [84.45954459100005, 26.786797617000047], [84.46047770200005, 26.78722319600007], [84.46119072400006, 26.78770828200004], [84.46105632000007, 26.788311091000025], [84.46089145100007, 26.790292475000058], [84.46084188100008, 26.790755174000026], [84.46016325200003, 26.791486124000073], [84.46023840900006, 26.792366924000078], [84.46025479400004, 26.793249392000064], [84.46050075000005, 26.793980373000068], [84.46073962800006, 26.795344112000066], [84.46109834400005, 26.796981216000063], [84.46134932200005, 26.797857013000055], [84.46178306200005, 26.79933386400006], [84.46205158100008, 26.800288171000034], [84.46228338600008, 26.801032792000058], [84.46242942100008, 26.801450007000028], [84.46301585200007, 26.80143333500007], [84.46348503700005, 26.80141999400007], [84.46395690800006, 26.801485588000048], [84.46422033700009, 26.802295165000032], [84.46439952800006, 26.803212547000044], [84.46446054200004, 26.80410689000007], [84.46413829100004, 26.80474860700008], [84.46526446300004, 26.804637566000054], [84.46607132800006, 26.804627766000067], [84.46664033700006, 26.804532472000062], [84.46702644400006, 26.804244807000032], [84.46706754800005, 26.80333431300005], [84.46806668200009, 26.80295009500003], [84.46988412200005, 26.80267428700006], [84.47154578700008, 26.802350191000073], [84.47281799500007, 26.802221689000078], [84.47348643300006, 26.802031372000044], [84.47402582800004, 26.801936803000046], [84.47393480100004, 26.80143865100007]]]]}}, {"type": "Feature", "properties": {"OBJECTID": 5629, "GPCODE": "95968", "GPNAME_1": "BHITAHA", "DIST_CEN_C": "01", "BLK_NAME": "BAIRIA", "ST_NAME": "BIHAR", "ST_CODE_1": "10", "GPCODE2011": "98522", "REMARKS": "FINALIZED", "MAP_STATUS": "COMPLETED", "BLK_C_2001": "010017", "BLK_C_2011": "01029", "DIST_NAME": "PASHCHIM CHAMPARAN", "code2011": 0.0, "Shape_Leng": 0.15374234942, "Shape_Area": 0.00085809229, "Area": 9.46128}, "geometry": {"type": "MultiPolygon", "coordinates": [[[[84.50087950400007, 26.793992944000024], [84.50064976400006, 26.792990022000026], [84.50052747000007, 26.790931642000032], [84.50283521800003, 26.788674050000054], [84.50280397700004, 26.78806473000003], [84.50380522400008, 26.787208152000062], [84.50479777600003, 26.78536327100005], [84.50457011400005, 26.78403089300008], [84.50511302300004, 26.783275669000034], [84.50521890200008, 26.78245940200003], [84.50465268800008, 26.78139604000006], [84.50399871900004, 26.78067958200006], [84.50296848900007, 26.780597476000025], [84.50252828200007, 26.781019342000036], [84.49986697800006, 26.782778695000047], [84.49939637300008, 26.78247383200005], [84.49797951900007, 26.78231290800005], [84.49659974000008, 26.782741720000047], [84.49563331700006, 26.783534617000043], [84.49500464700003, 26.783839611000076], [84.49440130700003, 26.783856890000038], [84.49416878400007, 26.78430994400003], [84.49397961000005, 26.784984907000023], [84.49352393200007, 26.785157361000074], [84.49290812900006, 26.78482425800007], [84.49257171200009, 26.784355667000057], [84.49243579500006, 26.783530511000038], [84.49227950400007, 26.782132053000055], [84.49221238000007, 26.78124118200003], [84.49225276400006, 26.780379151000034], [84.49248981700003, 26.780053550000048], [84.49372179400007, 26.779731291000076], [84.49531190800008, 26.779494426000042], [84.49632865900008, 26.779114566000032], [84.49691837700004, 26.778715016000035], [84.49669902800008, 26.777541607000046], [84.49671671500005, 26.77604249500007], [84.49673287300004, 26.775499969000066], [84.49615943200007, 26.775356990000034], [84.49513488100007, 26.775513830000023], [84.49443077200004, 26.775693404000037], [84.49325969300008, 26.775726938000048], [84.49209654000003, 26.775983481000026], [84.49181864000008, 26.775162383000065], [84.49168160900007, 26.774305425000023], [84.49127427800005, 26.773838856000054], [84.49079600200008, 26.773374225000055], [84.49002253300006, 26.772599221000064], [84.48955401900008, 26.771911060000036], [84.48825242900006, 26.771932285000048], [84.48618094700004, 26.773098455000024], [84.48421637400008, 26.773971698000025], [84.48256365000003, 26.775363076000076], [84.48100581400007, 26.77611924400003], [84.47930042100006, 26.776853208000034], [84.47802072900004, 26.77717966000006], [84.47765170300005, 26.777532828000062], [84.47843220300007, 26.778854714000033], [84.47756106100007, 26.77911679500005], [84.47761562700003, 26.779826823000064], [84.47552061000005, 26.780334631000073], [84.47198524600003, 26.780778046000023], [84.46938249000004, 26.781036705000076], [84.46700439500006, 26.781420739000055], [84.46563667900006, 26.78174959100005], [84.46593821800008, 26.783638619000044], [84.46605643000004, 26.785322128000075], [84.46634020300007, 26.78671090100005], [84.46653022800007, 26.78795535200004], [84.46851806800004, 26.788058360000036], [84.47087929700007, 26.787831528000027], [84.47110711100004, 26.789131742000052], [84.47141194900007, 26.790282680000075], [84.47087079400006, 26.79074623400004], [84.46982033500007, 26.791751255000065], [84.46943499800005, 26.792473894000068], [84.47014566000007, 26.793481556000074], [84.47082518700006, 26.794437396000035], [84.47108957400008, 26.79527324700007], [84.47165813800007, 26.79599511300006], [84.47231958500004, 26.797267693000038], [84.47286743100005, 26.79864900800004], [84.47337202000006, 26.799636125000063], [84.47361637000006, 26.800736158000063], [84.47393480100004, 26.80143865100007], [84.47402582800004, 26.801936803000046], [84.47438753700004, 26.80303348800004], [84.47550639600007, 26.803133310000078], [84.47724678400004, 26.803373605000047], [84.47804496000003, 26.80353535200004], [84.47811913600003, 26.80479834600004], [84.47822680000007, 26.807009166000057], [84.47822830300004, 26.80787880300005], [84.47845404700007, 26.80845221000004], [84.47885395800006, 26.808967943000027], [84.47969801100004, 26.810419782000054], [84.48018014000007, 26.81201375300003], [84.48046236700003, 26.813349901000038], [84.48088140500005, 26.814103678000038], [84.48316076900005, 26.81203296800004], [84.48504939000009, 26.810553966000043], [84.48647105000003, 26.80931509100003], [84.48761689900005, 26.808316556000023], [84.48830331500005, 26.807769145000066], [84.48894851700004, 26.80606173800004], [84.49046193900006, 26.803960094000047], [84.49229157900004, 26.802482673000043], [84.49348422300005, 26.80128736000006], [84.49509191700008, 26.800185654000074], [84.49741593700008, 26.799380194000037], [84.49788299400007, 26.79909417600004], [84.49792845200005, 26.79890136000006], [84.49802502800009, 26.79878825000003], [84.49809320700007, 26.798505427000066], [84.49806088700007, 26.798225484000056], [84.49792118200008, 26.798068991000036], [84.49775843100008, 26.797893096000053], [84.49781829600005, 26.797690759000034], [84.49793937500004, 26.797573843000066], [84.49911669200003, 26.797485281000036], [84.50040034700004, 26.797280063000073], [84.50031373200005, 26.79515867300006], [84.50087950400007, 26.793992944000024]]]]}}, {"type": "Feature", "properties": {"OBJECTID": 5638, "GPCODE": "95975", "GPNAME_1": "SISWA  SARAIYA", "DIST_CEN_C": "01", "BLK_NAME": "BAIRIA", "ST_NAME": "BIHAR", "ST_CODE_1": "10", "GPCODE2011": "98529", "REMARKS": "FINALIZED", "MAP_STATUS": "COMPLETED", "BLK_C_2001": "010017", "BLK_C_2011": "01029", "DIST_NAME": "PASHCHIM CHAMPARAN", "code2011": 0.0, "Shape_Leng": 0.1729502936, "Shape_Area": 0.0012207438, "Area": 13.4587}, "geometry": {"type": "MultiPolygon", "coordinates": [[[[84.45105184000005, 26.81558552200005], [84.45368695800005, 26.815246900000034], [84.45534165800007, 26.815463839000074], [84.45617546700004, 26.815756861000068], [84.45683675100008, 26.816160276000062], [84.45685163100006, 26.816582132000065], [84.45657269600008, 26.81701232900008], [84.45617432900008, 26.817393026000047], [84.45589910600006, 26.817928616000074], [84.45599136200008, 26.818876054000043], [84.45601181700005, 26.819456047000074], [84.45609105600005, 26.820034371000077], [84.45605086600006, 26.820563289000063], [84.45693419700007, 26.820591012000023], [84.45746316100008, 26.820575994000023], [84.45880178700008, 26.82016859400005], [84.45933995100006, 26.82041719800003], [84.45959918000005, 26.821095909000064], [84.46093594300004, 26.82063574700004], [84.46227828000008, 26.820333712000036], [84.46293029600008, 26.820473476000075], [84.46360280300007, 26.821193228000027], [84.46455238000004, 26.821430209000027], [84.46525749800008, 26.82141015600007], [84.46554956100005, 26.821349054000052], [84.46636106600005, 26.82100928500006], [84.46687874400004, 26.820677872000033], [84.46768475100004, 26.82017995600006], [84.46860821600006, 26.81967860000003], [84.46898603900007, 26.818717880000065], [84.46960997500008, 26.818066746000056], [84.47053911700004, 26.817723605000026], [84.47158748400005, 26.817429858000025], [84.47204085500005, 26.816941960000065], [84.47228614300008, 26.815562632000024], [84.47241573300005, 26.814239486000076], [84.47299961400006, 26.814117257000078], [84.47417681300004, 26.814136509000036], [84.47466366700007, 26.81459761900004], [84.47567759900005, 26.814990997000052], [84.47723531900004, 26.81579105000003], [84.47823431700004, 26.815762557000028], [84.47933218900005, 26.815203454000027], [84.48088140500005, 26.814103678000038], [84.48046236700003, 26.813349901000038], [84.48018014000007, 26.81201375300003], [84.47969801100004, 26.810419782000054], [84.47885395800006, 26.808967943000027], [84.47845404700007, 26.80845221000004], [84.47822830300004, 26.80787880300005], [84.47822680000007, 26.807009166000057], [84.47811913600003, 26.80479834600004], [84.47804496000003, 26.80353535200004], [84.47724678400004, 26.803373605000047], [84.47550639600007, 26.803133310000078], [84.47438753700004, 26.80303348800004], [84.47402582800004, 26.801936803000046], [84.47348643300006, 26.802031372000044], [84.47281799500007, 26.802221689000078], [84.47154578700008, 26.802350191000073], [84.46988412200005, 26.80267428700006], [84.46806668200009, 26.80295009500003], [84.46706754800005, 26.80333431300005], [84.46702644400006, 26.804244807000032], [84.46664033700006, 26.804532472000062], [84.46607132800006, 26.804627766000067], [84.46526446300004, 26.804637566000054], [84.46413829100004, 26.80474860700008], [84.46446054200004, 26.80410689000007], [84.46439952800006, 26.803212547000044], [84.46422033700009, 26.802295165000032], [84.46395690800006, 26.801485588000048], [84.46348503700005, 26.80141999400007], [84.46301585200007, 26.80143333500007], [84.46242942100008, 26.801450007000028], [84.46228338600008, 26.801032792000058], [84.46205158100008, 26.800288171000034], [84.46178306200005, 26.79933386400006], [84.46134932200005, 26.797857013000055], [84.46109834400005, 26.796981216000063], [84.46073962800006, 26.795344112000066], [84.46050075000005, 26.793980373000068], [84.46025479400004, 26.793249392000064], [84.46023840900006, 26.792366924000078], [84.46016325200003, 26.791486124000073], [84.46084188100008, 26.790755174000026], [84.46089145100007, 26.790292475000058], [84.46105632000007, 26.788311091000025], [84.46119072400006, 26.78770828200004], [84.46047770200005, 26.78722319600007], [84.45954459100005, 26.786797617000047], [84.45841477200008, 26.786670126000047], [84.45796718300005, 26.786576507000063], [84.45698718600005, 26.78649791600003], [84.45616214400007, 26.785776653000028], [84.45556952500004, 26.785766894000062], [84.45316841800008, 26.785702032000074], [84.45083117200005, 26.785768329000064], [84.44972618200006, 26.78550715600005], [84.44789102000004, 26.78553259100005], [84.44534197600007, 26.785471802000075], [84.44465498400007, 26.78530508600005], [84.44412341400005, 26.785346721000053], [84.44302178600003, 26.785422613000037], [84.44258690200007, 26.78641011800005], [84.44214216200004, 26.787951356000065], [84.44136748600005, 26.78929110300004], [84.44050946500005, 26.790764920000072], [84.43991589500007, 26.79141426900003], [84.43757654100006, 26.793747031000066], [84.43479366400004, 26.796408604000078], [84.43215878100006, 26.79827527300006], [84.43017707900003, 26.799517214000048], [84.42861415600004, 26.80098453100004], [84.42700461500004, 26.802795771000035], [84.42631119400005, 26.803948614000035], [84.42558018600005, 26.805287115000056], [84.42499498600006, 26.807016738000073], [84.42484693200004, 26.808654932000024], [84.42515969800007, 26.810043010000072], [84.42563088100007, 26.810925793000024], [84.42682251800005, 26.81226268900008], [84.42821673800006, 26.813514759000043], [84.42994625100005, 26.814283018000026], [84.43099485300007, 26.814885967000066], [84.43181151400006, 26.815574559000027], [84.43215373100008, 26.816539969000075], [84.43237466200009, 26.81698176200007], [84.43340037400003, 26.817769851000037], [84.43407605800007, 26.81862052200006], [84.43431124100005, 26.820300589000055], [84.43450122900003, 26.82153399300006], [84.43445809400004, 26.822124703000043], [84.43719419500007, 26.82130844200003], [84.43882856900007, 26.82094556000004], [84.44087062500006, 26.82046562900007], [84.44306666800009, 26.81934794600005], [84.44483087800006, 26.817661791000035], [84.44813217500007, 26.816196051000077], [84.45105184000005, 26.81558552200005]]]]}}, {"type": "Feature", "properties": {"OBJECTID": 5644, "GPCODE": "95971", "GPNAME_1": "LAUKARIYA", "DIST_CEN_C": "01", "BLK_NAME": "BAIRIA", "ST_NAME": "BIHAR", "ST_CODE_1": "10", "GPCODE2011": "98525", "REMARKS": "FINALIZED", "MAP_STATUS": "COMPLETED", "BLK_C_2001": "010017", "BLK_C_2011": "01029", "DIST_NAME": "PASHCHIM CHAMPARAN", "code2011": 0.0, "Shape_Leng": 0.18483546179, "Shape_Area": 0.00081639374, "Area": 9.0073}, "geometry": {"type": "MultiPolygon", "coordinates": [[[[84.42524009300007, 26.742368534000036], [84.42651414800008, 26.741826211000046], [84.42738460800007, 26.741593118000026], [84.42848272200007, 26.74075780100003], [84.42937069200008, 26.740554005000035], [84.43042446400005, 26.74034552200004], [84.43020380800004, 26.739726248000068], [84.42990233700004, 26.73869219000005], [84.42963601500009, 26.737716745000057], [84.42875561900007, 26.73529899400006], [84.42796658400005, 26.733593576000032], [84.42703451400007, 26.73159424200003], [84.42632215600008, 26.730184500000064], [84.42626304200007, 26.729918026000064], [84.42643991300008, 26.72928752400003], [84.42718808400008, 26.728879146000054], [84.42815773100006, 26.728166659000067], [84.42909629500008, 26.727514650000046], [84.42980930600004, 26.72704764300005], [84.43030084300005, 26.726884835000078], [84.43150965400008, 26.726374105000048], [84.43230681500006, 26.72736436400004], [84.43283903300005, 26.72836210500003], [84.43320127600003, 26.72829235300003], [84.43382951400008, 26.728244794000034], [84.43442469700005, 26.728198166000027], [84.43457799300006, 26.728789542000072], [84.43464246000008, 26.72968137500004], [84.43511371300008, 26.73082984900003], [84.43530330800007, 26.731509608000067], [84.43523966700008, 26.733477442000037], [84.43494118200005, 26.735362500000065], [84.43473536200008, 26.736113042000056], [84.43485352400006, 26.73664579900003], [84.43685304800005, 26.735993558000075], [84.43971377700007, 26.735316829000055], [84.44086153700005, 26.73495668700008], [84.44254027400007, 26.734611305000044], [84.44410647100005, 26.734623149000072], [84.44344067100008, 26.73285635900004], [84.44222145800006, 26.730499499000075], [84.44032950300004, 26.72819340500007], [84.43944757600008, 26.726337132000026], [84.43823418800008, 26.724139388000026], [84.43658421400005, 26.722655571000075], [84.43574940800005, 26.72213709500005], [84.43519380800007, 26.72148313400004], [84.43518040400005, 26.721100935000038], [84.43490077500007, 26.720870685000023], [84.43445147700004, 26.72034718900005], [84.43398717000008, 26.71986882300007], [84.43390531200004, 26.719424351000043], [84.43415251100004, 26.718910970000024], [84.43449849200005, 26.718141643000024], [84.43536999600008, 26.716999990000033], [84.43646918400003, 26.715732674000037], [84.43734388700005, 26.71468023600005], [84.43779373000007, 26.713803737000035], [84.43872103500007, 26.712362529000075], [84.43921846300003, 26.711663319000024], [84.44001242500008, 26.710672755000076], [84.44054563700007, 26.70980869400006], [84.44094034200003, 26.70830812300005], [84.44093302600004, 26.708099791000052], [84.44004261100008, 26.708110282000064], [84.43940924900005, 26.708008992000032], [84.43829697200005, 26.70842774500005], [84.43738548500005, 26.708900326000048], [84.43682981100005, 26.70912458500004], [84.43627841100005, 26.709467846000052], [84.43571542600006, 26.70948376900003], [84.43435651600004, 26.70971647400006], [84.43256725800006, 26.709737245000042], [84.43088027500005, 26.70889124000007], [84.42952443000007, 26.708035864000067], [84.42795947700006, 26.706888520000064], [84.42672576400008, 26.705731811000078], [84.42573112000008, 26.704776886000047], [84.42544955000005, 26.70430814300005], [84.42486576600004, 26.703728892000072], [84.42343787900006, 26.704603236000025], [84.42145438900008, 26.70570176900003], [84.41979677900008, 26.706642161000048], [84.41924638500006, 26.70701513800003], [84.41876000700006, 26.707326702000046], [84.41830792200005, 26.707667102000073], [84.41790967600008, 26.70860179400006], [84.41804241100004, 26.71050451800005], [84.41853527000006, 26.712277877000076], [84.41856854300005, 26.713230215000067], [84.41888857700008, 26.714799992000053], [84.41839395200003, 26.714873442000055], [84.41775953700005, 26.714742383000043], [84.41713135900005, 26.714789878000033], [84.41671333500005, 26.715159115000063], [84.41540234400009, 26.71605988300007], [84.41480777000004, 26.716609505000065], [84.41470845400005, 26.717088981000074], [84.41453619600009, 26.717615124000076], [84.41429737500005, 26.718843166000056], [84.41410292600006, 26.72039761700006], [84.41372118700008, 26.721331820000046], [84.41337405500008, 26.722309754000037], [84.41281118400008, 26.723278762000064], [84.41237292400007, 26.723782578000055], [84.41283820200005, 26.724290781000036], [84.41289977700006, 26.72463160800004], [84.41274825200009, 26.725514623000038], [84.41254601800006, 26.725892676000058], [84.41203584200008, 26.72647302100006], [84.41139209500005, 26.72702731700008], [84.41071943700007, 26.72770154500006], [84.40937501300004, 26.728603187000033], [84.40878044100003, 26.728664604000073], [84.40805230000007, 26.728699968000058], [84.40707266600003, 26.72865298200003], [84.40576289900008, 26.72864506700006], [84.40392166600003, 26.729084030000024], [84.40305539300005, 26.729436002000057], [84.40246019300008, 26.730197521000036], [84.40177866200008, 26.731095391000053], [84.40150446600006, 26.73178819800006], [84.40134612000008, 26.73247775300007], [84.40148838800008, 26.733233383000027], [84.40163437800004, 26.734569708000038], [84.40193684800005, 26.73586015500007], [84.40255519200008, 26.735768387000064], [84.40371964200006, 26.735408051000036], [84.40446274400006, 26.73532758400006], [84.40536739700008, 26.735123454000075], [84.40575816600006, 26.734918850000042], [84.40619286700007, 26.73454918400006], [84.40651264700006, 26.734212548000073], [84.40671543200006, 26.73384939400006], [84.40693956700005, 26.733619756000053], [84.40745031400007, 26.73305431800003], [84.40762989100006, 26.732974764000062], [84.40774730000004, 26.73301617000004], [84.40777166100008, 26.733238921000066], [84.40777840400006, 26.73343236200003], [84.40783436700008, 26.733609519000026], [84.40797354000006, 26.73379914800006], [84.40827374500003, 26.733850319000055], [84.40867114700006, 26.73383915200003], [84.40885850700005, 26.73398281200008], [84.40895012400006, 26.734233475000053], [84.40909303600006, 26.734527310000033], [84.40911843700007, 26.73477983400005], [84.40912985100005, 26.73510716800007], [84.40989645600007, 26.736649475000036], [84.40998400300003, 26.738210867000078], [84.41040572500003, 26.74102886000003], [84.41073179500006, 26.741823923000027], [84.41100251900008, 26.74245671500006], [84.41101186400005, 26.742724590000023], [84.41046800400005, 26.742814295000073], [84.40990074200005, 26.743187696000064], [84.40937906900007, 26.743440692000036], [84.40895677800006, 26.743690894000054], [84.40861936100004, 26.743998224000052], [84.40925505100006, 26.744158995000078], [84.41057688900008, 26.744032524000033], [84.41142146600004, 26.743532111000036], [84.41204563600007, 26.743365636000078], [84.41255691900005, 26.742815074000077], [84.41293877000004, 26.742357561000063], [84.41325969400003, 26.742050685000038], [84.41397897600007, 26.74176231200005], [84.41426881000007, 26.741515823000043], [84.41504090400008, 26.740838792000034], [84.41541556800007, 26.740172942000072], [84.41606549800008, 26.739797192000026], [84.41661521000003, 26.74034770700007], [84.41730557700004, 26.740179346000048], [84.41784905500003, 26.740551211000025], [84.41840293700005, 26.741220723000026], [84.41877874500005, 26.74153788500007], [84.41911629300006, 26.741707106000035], [84.41909249000008, 26.74197582200003], [84.41896826800007, 26.742217656000037], [84.41927993400003, 26.742596045000028], [84.42014631900008, 26.742720655000028], [84.42110074200008, 26.742515035000054], [84.42260559900006, 26.74193643800004], [84.42365304400005, 26.741549451000026], [84.42418405400008, 26.74156428200007], [84.42484152100008, 26.742349972000056], [84.42524009300007, 26.742368534000036]]]]}}, {"type": "Feature", "properties": {"OBJECTID": 5646, "GPCODE": "95977", "GPNAME_1": "TADHWA NANDPUR", "DIST_CEN_C": "01", "BLK_NAME": "BAIRIA", "ST_NAME": "BIHAR", "ST_CODE_1": "10", "GPCODE2011": "98531", "REMARKS": "FINALIZED", "MAP_STATUS": "COMPLETED", "BLK_C_2001": "010017", "BLK_C_2011": "01029", "DIST_NAME": "PASHCHIM CHAMPARAN", "code2011": 0.0, "Shape_Leng": 0.14595709368, "Shape_Area": 0.00091092765, "Area": 10.0478}, "geometry": {"type": "MultiPolygon", "coordinates": [[[[84.42763420500006, 26.770732946000066], [84.43154089900008, 26.770675933000064], [84.43478381800008, 26.770690657000046], [84.43582481600004, 26.770820826000033], [84.43606150400007, 26.77081413600007], [84.43569105600005, 26.768696937000072], [84.43570454200005, 26.76739333200004], [84.43611931200007, 26.766557157000022], [84.43776694000007, 26.764569067000025], [84.43871673200005, 26.762946464000038], [84.43911467200007, 26.761631975000057], [84.43948880700003, 26.76090326800005], [84.43986445400003, 26.75992891900006], [84.44039724900006, 26.75905001700005], [84.44070560500006, 26.758385992000058], [84.44091730800005, 26.756860782000047], [84.44100192300004, 26.755964754000047], [84.44096951700004, 26.755042235000076], [84.44038486500006, 26.752556696000056], [84.44008613400007, 26.75065866400007], [84.44000940500007, 26.750323525000056], [84.43953761100005, 26.748261408000076], [84.43927129400004, 26.747285894000072], [84.43776692300008, 26.743158185000027], [84.43708639500005, 26.741717798000025], [84.43575541400008, 26.738746843000058], [84.43485352400006, 26.73664579900003], [84.43473536200008, 26.736113042000056], [84.43494118200005, 26.735362500000065], [84.43523966700008, 26.733477442000037], [84.43530330800007, 26.731509608000067], [84.43511371300008, 26.73082984900003], [84.43464246000008, 26.72968137500004], [84.43457799300006, 26.728789542000072], [84.43442469700005, 26.728198166000027], [84.43382951400008, 26.728244794000034], [84.43320127600003, 26.72829235300003], [84.43283903300005, 26.72836210500003], [84.43230681500006, 26.72736436400004], [84.43150965400008, 26.726374105000048], [84.43030084300005, 26.726884835000078], [84.42980930600004, 26.72704764300005], [84.42909629500008, 26.727514650000046], [84.42815773100006, 26.728166659000067], [84.42718808400008, 26.728879146000054], [84.42643991300008, 26.72928752400003], [84.42626304200007, 26.729918026000064], [84.42632215600008, 26.730184500000064], [84.42703451400007, 26.73159424200003], [84.42796658400005, 26.733593576000032], [84.42875561900007, 26.73529899400006], [84.42963601500009, 26.737716745000057], [84.42990233700004, 26.73869219000005], [84.43020380800004, 26.739726248000068], [84.43042446400005, 26.74034552200004], [84.42937069200008, 26.740554005000035], [84.42848272200007, 26.74075780100003], [84.42738460800007, 26.741593118000026], [84.42651414800008, 26.741826211000046], [84.42524009300007, 26.742368534000036], [84.42484152100008, 26.742349972000056], [84.42418405400008, 26.74156428200007], [84.42365304400005, 26.741549451000026], [84.42260559900006, 26.74193643800004], [84.42110074200008, 26.742515035000054], [84.42014631900008, 26.742720655000028], [84.41927993400003, 26.742596045000028], [84.41896826800007, 26.742217656000037], [84.41909249000008, 26.74197582200003], [84.41911629300006, 26.741707106000035], [84.41877874500005, 26.74153788500007], [84.41840293700005, 26.741220723000026], [84.41784905500003, 26.740551211000025], [84.41730557700004, 26.740179346000048], [84.41661521000003, 26.74034770700007], [84.41606549800008, 26.739797192000026], [84.41541556800007, 26.740172942000072], [84.41504090400008, 26.740838792000034], [84.41426881000007, 26.741515823000043], [84.41397897600007, 26.74176231200005], [84.41325969400003, 26.742050685000038], [84.41293877000004, 26.742357561000063], [84.41255691900005, 26.742815074000077], [84.41204563600007, 26.743365636000078], [84.41142146600004, 26.743532111000036], [84.41057688900008, 26.744032524000033], [84.40925505100006, 26.744158995000078], [84.40861936100004, 26.743998224000052], [84.40869557000008, 26.744993846000057], [84.40867861600003, 26.745932663000076], [84.40870092500006, 26.746572436000065], [84.40873608300006, 26.747107629000027], [84.40925433700005, 26.74865690100006], [84.40961835800005, 26.749585008000054], [84.40974522500005, 26.750323024000068], [84.40975343900004, 26.750370533000023], [84.40995743500008, 26.750990388000048], [84.40989383100003, 26.75154325500006], [84.40998133400007, 26.75215139000005], [84.41020844700006, 26.752925679000043], [84.41042754600005, 26.754116330000045], [84.41077149100005, 26.75463860800005], [84.41141672000003, 26.75531191500005], [84.41173665300005, 26.755994458000032], [84.41191516300006, 26.756867060000047], [84.41237095000008, 26.758051050000063], [84.41257729100005, 26.76014643800005], [84.41235009200005, 26.761269878000064], [84.41168468800004, 26.762565137000024], [84.41148046800004, 26.763501752000025], [84.41061907600005, 26.76512169500006], [84.41111737300008, 26.765400288000023], [84.41159897200004, 26.76562609000007], [84.41188656300005, 26.76622969400006], [84.41225104000006, 26.768187520000026], [84.41235472800008, 26.769461238000076], [84.41255811000008, 26.770200214000056], [84.41274313900004, 26.77125879400006], [84.41320940100007, 26.77145843900007], [84.41698653500004, 26.771086252000032], [84.42133413900007, 26.770937150000066], [84.42763420500006, 26.770732946000066]]]]}}, {"type": "Feature", "properties": {"OBJECTID": 5648, "GPCODE": "95974", "GPNAME_1": "PAKHNAHA DUMARIYA", "DIST_CEN_C": "01", "BLK_NAME": "BAIRIA", "ST_NAME": "BIHAR", "ST_CODE_1": "10", "GPCODE2011": "98528", "REMARKS": "FINALIZED", "MAP_STATUS": "COMPLETED", "BLK_C_2001": "010017", "BLK_C_2011": "01029", "DIST_NAME": "PASHCHIM CHAMPARAN", "code2011": 0.0, "Shape_Leng": 0.11980625401, "Shape_Area": 0.0005106311, "Area": 5.63262}, "geometry": {"type": "MultiPolygon", "coordinates": [[[[84.40119135300006, 26.769030024000074], [84.40226546300005, 26.768414793000034], [84.40331007900005, 26.76780038100003], [84.40409674800009, 26.76743254200005], [84.40519836000004, 26.769070613000054], [84.40647947500008, 26.769050979000042], [84.40822457700006, 26.768161488000032], [84.40900335500004, 26.766999231000057], [84.41061907600005, 26.76512169500006], [84.41148046800004, 26.763501752000025], [84.41168468800004, 26.762565137000024], [84.41235009200005, 26.761269878000064], [84.41257729100005, 26.76014643800005], [84.41237095000008, 26.758051050000063], [84.41191516300006, 26.756867060000047], [84.41173665300005, 26.755994458000032], [84.41141672000003, 26.75531191500005], [84.41077149100005, 26.75463860800005], [84.41042754600005, 26.754116330000045], [84.41020844700006, 26.752925679000043], [84.40998133400007, 26.75215139000005], [84.40989383100003, 26.75154325500006], [84.40995743500008, 26.750990388000048], [84.40975343900004, 26.750370533000023], [84.40974522500005, 26.750323024000068], [84.40961835800005, 26.749585008000054], [84.40925433700005, 26.74865690100006], [84.40873608300006, 26.747107629000027], [84.40870092500006, 26.746572436000065], [84.40867861600003, 26.745932663000076], [84.40869557000008, 26.744993846000057], [84.40861936100004, 26.743998224000052], [84.40895677800006, 26.743690894000054], [84.40937906900007, 26.743440692000036], [84.40990074200005, 26.743187696000064], [84.41046800400005, 26.742814295000073], [84.41101186400005, 26.742724590000023], [84.41100251900008, 26.74245671500006], [84.41073179500006, 26.741823923000027], [84.41040572500003, 26.74102886000003], [84.40998400300003, 26.738210867000078], [84.40989645600007, 26.736649475000036], [84.40912985100005, 26.73510716800007], [84.40911843700007, 26.73477983400005], [84.40909303600006, 26.734527310000033], [84.40895012400006, 26.734233475000053], [84.40885850700005, 26.73398281200008], [84.40867114700006, 26.73383915200003], [84.40827374500003, 26.733850319000055], [84.40797354000006, 26.73379914800006], [84.40783436700008, 26.733609519000026], [84.40777840400006, 26.73343236200003], [84.40777166100008, 26.733238921000066], [84.40774730000004, 26.73301617000004], [84.40762989100006, 26.732974764000062], [84.40745031400007, 26.73305431800003], [84.40693956700005, 26.733619756000053], [84.40671543200006, 26.73384939400006], [84.40651264700006, 26.734212548000073], [84.40619286700007, 26.73454918400006], [84.40575816600006, 26.734918850000042], [84.40536739700008, 26.735123454000075], [84.40446274400006, 26.73532758400006], [84.40371964200006, 26.735408051000036], [84.40255519200008, 26.735768387000064], [84.40193684800005, 26.73586015500007], [84.40171114800006, 26.736045216000036], [84.40125995100004, 26.736415331000046], [84.40091631400009, 26.737020763000032], [84.40047536400004, 26.737688438000077], [84.40023213300003, 26.738320763000047], [84.39981398200007, 26.73868994600008], [84.39913809600006, 26.739274886000032], [84.39861641800007, 26.739527847000033], [84.39824791300003, 26.739418965000027], [84.39762167700007, 26.73952593000007], [84.39736704400008, 26.739830916000074], [84.39665797900005, 26.74041677400004], [84.39638673900004, 26.741198892000057], [84.39613830800005, 26.741682428000047], [84.39526362300006, 26.742272919000072], [84.39447279700005, 26.74241419300006], [84.39377618300006, 26.742403900000056], [84.39292533700007, 26.74272557300003], [84.39206621900007, 26.742809231000024], [84.39153831000004, 26.74288361500004], [84.39097310300008, 26.742839828000058], [84.38992141500006, 26.74310759100007], [84.38910568100005, 26.743487867000056], [84.38813363000008, 26.74414055400007], [84.38714928300004, 26.744436217000043], [84.38734483600007, 26.745294578000028], [84.38780022500003, 26.74599674800004], [84.38804031800004, 26.746228274000032], [84.38867176300005, 26.746270219000053], [84.38951334500007, 26.746633932000066], [84.38998641300003, 26.746888739000042], [84.39033210200006, 26.747296125000048], [84.39076787800008, 26.747432854000067], [84.39156494100007, 26.747470152000062], [84.39256491300006, 26.74762088700004], [84.39309904600003, 26.747725052000078], [84.39344060800005, 26.748013335000053], [84.39399335900004, 26.748653154000067], [84.39437222900006, 26.749059602000045], [84.39486813600007, 26.749015909000036], [84.39559784800008, 26.74902527100005], [84.39584220400008, 26.749375877000034], [84.39636180900004, 26.75001661600004], [84.39655717400007, 26.750322418000053], [84.39664233700006, 26.750455616000067], [84.39728305200003, 26.75219502300007], [84.39743005600008, 26.75356110100006], [84.39729859500005, 26.754547819000038], [84.39732757600007, 26.755381026000066], [84.39734724300007, 26.755946453000035], [84.39727269100007, 26.756663441000057], [84.39728107500008, 26.757490693000022], [84.39704726300005, 26.75927915400007], [84.39678283500007, 26.761041885000054], [84.39628738900007, 26.762119647000077], [84.39617186600003, 26.762628148000033], [84.39580667300004, 26.76319690100007], [84.39560605000008, 26.76338869500006], [84.39514296400006, 26.763694265000026], [84.39477140000008, 26.76407701900007], [84.39445797400003, 26.764431469000044], [84.39438307800003, 26.764832589000036], [84.39440893700004, 26.765576468000063], [84.39377479500007, 26.766072996000048], [84.39288730500004, 26.766948868000043], [84.39230212300004, 26.768002538000076], [84.39179553100007, 26.768761316000052], [84.39166514200008, 26.769270318000054], [84.39146537900007, 26.77033977900004], [84.39226410000003, 26.770317426000076], [84.39323387400003, 26.770104108000055], [84.39413523500008, 26.769626686000038], [84.39502817500005, 26.768910247000065], [84.39538412800005, 26.76892686000008], [84.39574552200008, 26.76910291100006], [84.39584998500004, 26.76955208000004], [84.39598403600007, 26.77000042000003], [84.39611439300006, 26.77034253100004], [84.39633720700004, 26.770788475000074], [84.39672726700007, 26.77093704600003], [84.39705456500008, 26.770981133000078], [84.39734293100008, 26.770760298000027], [84.39802978300008, 26.77007610800007], [84.39960872400007, 26.76949991400005], [84.40051745900007, 26.769235095000056], [84.40119135300006, 26.769030024000074]]]]}}, {"type": "Feature", "properties": {"OBJECTID": 5650, "GPCODE": "95966", "GPNAME_1": "BAIRIYA", "DIST_CEN_C": "01", "BLK_NAME": "BAIRIA", "ST_NAME": "BIHAR", "ST_CODE_1": "10", "GPCODE2011": "98520", "REMARKS": "FINALIZED", "MAP_STATUS": "COMPLETED", "BLK_C_2001": "010017", "BLK_C_2011": "01029", "DIST_NAME": "PASHCHIM CHAMPARAN", "code2011": 0.0, "Shape_Leng": 0.11961232801, "Shape_Area": 0.00054962854, "Area": 6.06228}, "geometry": {"type": "MultiPolygon", "coordinates": [[[[84.44297942700007, 26.776815345000045], [84.44308880500006, 26.77603784300004], [84.44297275800005, 26.774406956000064], [84.44286515000005, 26.77301314400006], [84.44311601100009, 26.772637005000036], [84.44499315800005, 26.772610247000046], [84.44696194600004, 26.772686191000048], [84.44905269600008, 26.77289055800003], [84.44926527500007, 26.77236188100005], [84.44945292300008, 26.771855710000068], [84.44995776800005, 26.77202591400004], [84.45057427100005, 26.772034831000042], [84.45066563400007, 26.771294255000043], [84.45122171800006, 26.771252084000025], [84.45154326600004, 26.771216564000042], [84.45210955500005, 26.771464125000023], [84.45317048800007, 26.771592143000078], [84.45344317400009, 26.771004540000035], [84.45371225000008, 26.770311624000044], [84.45380266700005, 26.769544765000035], [84.45400833600007, 26.768721834000075], [84.45430853800008, 26.768080740000073], [84.45475718500006, 26.767488137000043], [84.45530582900005, 26.767235334000077], [84.45574911000006, 26.76690641500005], [84.45586229200006, 26.765954384000054], [84.45584195500004, 26.763714591000053], [84.45553792800007, 26.76174638300006], [84.45570965900004, 26.76079268500007], [84.45626156000003, 26.75980179000004], [84.45636216000008, 26.759324476000074], [84.45612072400007, 26.758303401000035], [84.45514616700007, 26.756459731000064], [84.45379034700005, 26.75420512200003], [84.45336752500003, 26.753031064000027], [84.45362172000006, 26.751916805000064], [84.45411690500003, 26.750980226000024], [84.45434008700005, 26.75032373600004], [84.45454219800007, 26.749729381000066], [84.45502159500006, 26.748345182000037], [84.45495984700005, 26.747424409000075], [84.45436872000005, 26.746887713000035], [84.45333614100008, 26.74675310600003], [84.45217597200008, 26.746294551000062], [84.45146361700006, 26.745838184000036], [84.45056261600007, 26.744731857000033], [84.44977836300006, 26.743175343000075], [84.44920964400006, 26.74208929300005], [84.44854714300004, 26.74069314600007], [84.44798316000004, 26.739741071000026], [84.44730286500004, 26.739253880000035], [84.44583876000007, 26.738863499000047], [84.44492666500008, 26.738382958000045], [84.44462471300005, 26.73781070900003], [84.44429975000008, 26.736583707000023], [84.44386443600007, 26.73504707400008], [84.44410647100005, 26.734623149000072], [84.44254027400007, 26.734611305000044], [84.44086153700005, 26.73495668700008], [84.43971377700007, 26.735316829000055], [84.43685304800005, 26.735993558000075], [84.43485352400006, 26.73664579900003], [84.43575541400008, 26.738746843000058], [84.43708639500005, 26.741717798000025], [84.43776692300008, 26.743158185000027], [84.43927129400004, 26.747285894000072], [84.43953761100005, 26.748261408000076], [84.44000940500007, 26.750323525000056], [84.44008613400007, 26.75065866400007], [84.44038486500006, 26.752556696000056], [84.44096951700004, 26.755042235000076], [84.44100192300004, 26.755964754000047], [84.44091730800005, 26.756860782000047], [84.44070560500006, 26.758385992000058], [84.44039724900006, 26.75905001700005], [84.43986445400003, 26.75992891900006], [84.43948880700003, 26.76090326800005], [84.43911467200007, 26.761631975000057], [84.43871673200005, 26.762946464000038], [84.43776694000007, 26.764569067000025], [84.43611931200007, 26.766557157000022], [84.43570454200005, 26.76739333200004], [84.43569105600005, 26.768696937000072], [84.43606150400007, 26.77081413600007], [84.43712639400007, 26.770784123000055], [84.43789645700008, 26.770788931000027], [84.43873315500008, 26.771004609000045], [84.43927679800004, 26.771308414000032], [84.43944832900007, 26.772819447000074], [84.43971609200008, 26.774540605000027], [84.43973690200005, 26.775976240000034], [84.44000522600004, 26.776872841000056], [84.44018211300005, 26.777266859000065], [84.44038006900007, 26.77784636100006], [84.44065195800005, 26.777998258000025], [84.44297942700007, 26.776815345000045]]]]}}, {"type": "Feature", "properties": {"OBJECTID": 5652, "GPCODE": "95964", "GPNAME_1": "BAGAHI RATANPUR", "DIST_CEN_C": "01", "BLK_NAME": "BAIRIA", "ST_NAME": "BIHAR", "ST_CODE_1": "10", "GPCODE2011": "98518", "REMARKS": "FINALIZED", "MAP_STATUS": "COMPLETED", "BLK_C_2001": "010017", "BLK_C_2011": "01029", "DIST_NAME": "PASHCHIM CHAMPARAN", "code2011": 0.0, "Shape_Leng": 0.14344175654, "Shape_Area": 0.00098349583, "Area": 10.8468}, "geometry": {"type": "MultiPolygon", "coordinates": [[[[84.48955401900008, 26.771911060000036], [84.48908558600004, 26.771222987000044], [84.48858131500003, 26.770025791000023], [84.48791311500008, 26.76921593700007], [84.48750920400005, 26.76884483200007], [84.48660962400004, 26.768519816000037], [84.48579239600008, 26.768511260000025], [84.48456326000007, 26.76790875300003], [84.48326206000007, 26.767276284000047], [84.48216815600006, 26.766478566000046], [84.48158234800007, 26.76598505800007], [84.48128832000003, 26.765706554000076], [84.48091760100004, 26.765270738000027], [84.48040387400005, 26.764807086000076], [84.48031487100008, 26.764299479000044], [84.48107294200008, 26.76364019300007], [84.48171047600005, 26.763590067000052], [84.48255312900005, 26.763310924000052], [84.48250518300006, 26.76296155500006], [84.48244029500006, 26.76213434700003], [84.48231175600006, 26.760511904000055], [84.48248175400005, 26.759295416000043], [84.48257459100006, 26.75891021800004], [84.48266746000007, 26.758524884000053], [84.48293713000004, 26.757114217000037], [84.48309007000006, 26.755419886000027], [84.48336537700004, 26.754168463000042], [84.48303409400006, 26.752838705000045], [84.48248653200005, 26.751419551000026], [84.48192085100004, 26.750324241000044], [84.48172382100006, 26.74994269900003], [84.48112732200008, 26.748142271000063], [84.48064847200004, 26.746657304000053], [84.48013083200004, 26.745077774000038], [84.47978327900006, 26.744290542000044], [84.47924683400004, 26.743684054000028], [84.47877170300006, 26.744286399000032], [84.47771808000005, 26.744495202000053], [84.47660455400006, 26.744884438000042], [84.47464447700008, 26.745714879000047], [84.47384461100006, 26.746065344000044], [84.47215002100006, 26.745964730000026], [84.47104426900006, 26.74563878500004], [84.46957004500007, 26.745204208000075], [84.46783284100007, 26.744836620000058], [84.46597266700007, 26.744740655000044], [84.46523446700007, 26.744493618000035], [84.46416190700006, 26.744166680000035], [84.46264030400005, 26.74426948300004], [84.46114976200005, 26.744311872000026], [84.45905399800006, 26.74505656300005], [84.45616428600005, 26.745853580000073], [84.45436872000005, 26.746887713000035], [84.45495984700005, 26.747424409000075], [84.45502159500006, 26.748345182000037], [84.45454219800007, 26.749729381000066], [84.45434008700005, 26.75032373600004], [84.45411690500003, 26.750980226000024], [84.45362172000006, 26.751916805000064], [84.45336752500003, 26.753031064000027], [84.45379034700005, 26.75420512200003], [84.45514616700007, 26.756459731000064], [84.45612072400007, 26.758303401000035], [84.45636216000008, 26.759324476000074], [84.45626156000003, 26.75980179000004], [84.45570965900004, 26.76079268500007], [84.45553792800007, 26.76174638300006], [84.45584195500004, 26.763714591000053], [84.45586229200006, 26.765954384000054], [84.45574911000006, 26.76690641500005], [84.45530582900005, 26.767235334000077], [84.45475718500006, 26.767488137000043], [84.45430853800008, 26.768080740000073], [84.45400833600007, 26.768721834000075], [84.45380266700005, 26.769544765000035], [84.45371225000008, 26.770311624000044], [84.45344317400009, 26.771004540000035], [84.45317048800007, 26.771592143000078], [84.45210955500005, 26.771464125000023], [84.45154326600004, 26.771216564000042], [84.45122171800006, 26.771252084000025], [84.45066563400007, 26.771294255000043], [84.45057427100005, 26.772034831000042], [84.44995776800005, 26.77202591400004], [84.44945292300008, 26.771855710000068], [84.44926527500007, 26.77236188100005], [84.44905269600008, 26.77289055800003], [84.44945635900007, 26.77435507900003], [84.45046895200005, 26.77477441800005], [84.45180950300005, 26.775342658000056], [84.45302356600007, 26.77565085300006], [84.45406175100004, 26.77596402900008], [84.45484786800006, 26.776205249000043], [84.45591441500005, 26.77649130100008], [84.45686085300008, 26.77670155900006], [84.45725643100008, 26.77626867300006], [84.45790790900008, 26.77643468800005], [84.45865011500007, 26.776677135000057], [84.45970504600007, 26.777464249000047], [84.46100569000004, 26.778560610000056], [84.46262875100007, 26.77964779100006], [84.46431050300004, 26.780733286000043], [84.46499790900003, 26.781082768000033], [84.46526825300003, 26.78125950200007], [84.46563667900006, 26.78174959100005], [84.46700439500006, 26.781420739000055], [84.46938249000004, 26.781036705000076], [84.47198524600003, 26.780778046000023], [84.47552061000005, 26.780334631000073], [84.47761562700003, 26.779826823000064], [84.47756106100007, 26.77911679500005], [84.47843220300007, 26.778854714000033], [84.47765170300005, 26.777532828000062], [84.47802072900004, 26.77717966000006], [84.47930042100006, 26.776853208000034], [84.48100581400007, 26.77611924400003], [84.48256365000003, 26.775363076000076], [84.48421637400008, 26.773971698000025], [84.48618094700004, 26.773098455000024], [84.48825242900006, 26.771932285000048], [84.48955401900008, 26.771911060000036]]]]}}, {"type": "Feature", "properties": {"OBJECTID": 5917, "GPCODE": "95963", "GPNAME_1": "BAGAHI  BAGHAMBERPUR", "DIST_CEN_C": "01", "BLK_NAME": "BAIRIA", "ST_NAME": "BIHAR", "ST_CODE_1": "10", "GPCODE2011": "98517", "REMARKS": "FINALIZED", "MAP_STATUS": "COMPLETED", "BLK_C_2001": "010017", "BLK_C_2011": "01029", "DIST_NAME": "PASHCHIM CHAMPARAN", "code2011": 0.0, "Shape_Leng": 0.18091670926, "Shape_Area": 0.00124768445, "Area": 13.754}, "geometry": {"type": "MultiPolygon", "coordinates": [[[[84.42576964100004, 26.84949770600008], [84.426855, 26.848569888000043], [84.42785981400004, 26.848699943000042], [84.42963425200008, 26.848966575000077], [84.43057287400006, 26.848887303000026], [84.43126900600004, 26.848603782000055], [84.43182718900005, 26.847743597000033], [84.43257800100008, 26.845664069000065], [84.43295607000005, 26.844703372000026], [84.43364250000008, 26.842467356000043], [84.43394705500003, 26.84108655400007], [84.43379985600006, 26.84024627100007], [84.43351852100005, 26.838934804000075], [84.43312145200008, 26.83767930500005], [84.43261615700004, 26.83669074200003], [84.43223205700008, 26.835804438000025], [84.43121254600004, 26.835252651000076], [84.42998201300009, 26.835392870000078], [84.42993209300005, 26.833969273000037], [84.43006953900004, 26.83285706600003], [84.43080773300005, 26.83209738100004], [84.43075965600008, 26.830726522000077], [84.43043954100006, 26.82830770700008], [84.42977780300004, 26.82621520500004], [84.42939560000008, 26.825381536000066], [84.42888114300007, 26.82412932300008], [84.42837029100008, 26.822982597000077], [84.42786324700006, 26.821941353000057], [84.42659205800004, 26.822020704000067], [84.42557824100004, 26.821574859000066], [84.42473679400007, 26.821018743000025], [84.42360562300007, 26.819732841000075], [84.42287685400004, 26.819041826000046], [84.42212545300004, 26.81895758400003], [84.42091850800006, 26.81970321400007], [84.41855273800007, 26.81752958100003], [84.41747747800008, 26.816162957000074], [84.41882175400008, 26.81515005800003], [84.41996077900006, 26.814142833000062], [84.41968787100006, 26.813887088000058], [84.41851747200008, 26.813155778000066], [84.41716470500006, 26.812244989000078], [84.41593289500008, 26.81143628500007], [84.41511164800005, 26.810616026000048], [84.41429225000007, 26.809848414000044], [84.41307979200008, 26.80959258300004], [84.41169324500004, 26.80939434000004], [84.41055050500006, 26.809452848000035], [84.40959379900005, 26.809795948000044], [84.40880292000008, 26.809844559000055], [84.40821368600007, 26.809782004000056], [84.40788829900004, 26.809290313000076], [84.40760868900009, 26.808006774000035], [84.40721815500007, 26.806910766000044], [84.40633015600008, 26.805855118000068], [84.40509288500004, 26.80404491400003], [84.40442667600007, 26.80261409800005], [84.40411140500004, 26.801147034000053], [84.40431653100006, 26.80029782300005], [84.40346897100005, 26.800400704000026], [84.40250956600005, 26.800664830000073], [84.40094716600004, 26.80131478900006], [84.40013346900008, 26.801548510000032], [84.39895136200005, 26.802161389000048], [84.39790672200007, 26.802506978000054], [84.39711965100008, 26.80266083300006], [84.39622061600005, 26.802975842000023], [84.39615372300005, 26.803583953000043], [84.39634617300004, 26.80531798800007], [84.39369078800007, 26.807181764000063], [84.39039714600005, 26.80949352300007], [84.38887429100004, 26.81330066000004], [84.38792250600005, 26.818059582000046], [84.38639965100003, 26.822057077000068], [84.38478237100009, 26.826422782000066], [84.38557387300006, 26.827192324000066], [84.38639467800004, 26.828805576000036], [84.38721906100005, 26.83052422000003], [84.38799401800009, 26.830819150000025], [84.38947070900008, 26.830989054000042], [84.39252680900006, 26.830903590000048], [84.39540663500009, 26.830823001000056], [84.39800545300005, 26.831119611000076], [84.39959596600005, 26.83118064300004], [84.40076586500004, 26.83098956500004], [84.40294969400009, 26.83119222600004], [84.40640992500005, 26.832572956000035], [84.40910440100004, 26.833922319000067], [84.41111203800006, 26.835818696000047], [84.41453043600006, 26.839364267000065], [84.41609378100009, 26.84201181900005], [84.41798058400008, 26.84549486800006], [84.41892320400007, 26.84721000500008], [84.41866620200005, 26.84827275200007], [84.41415352200005, 26.85383569100003], [84.41536610100007, 26.85485720500003], [84.41620210600007, 26.85689191800003], [84.41723996300004, 26.856282184000065], [84.42108990100007, 26.853640578000068], [84.42383202300005, 26.851293953000038], [84.42576964100004, 26.84949770600008]]]]}}, {"type": "Feature", "properties": {"OBJECTID": 5918, "GPCODE": "95963", "GPNAME_1": "PATJIRWA(NORTH)", "DIST_CEN_C": "01", "BLK_NAME": "BAIRIA", "ST_NAME": "BIHAR", "ST_CODE_1": "10", "GPCODE2011": "98533", "REMARKS": "FINALIZED", "MAP_STATUS": "COMPLETED", "BLK_C_2001": "010017", "BLK_C_2011": "01029", "DIST_NAME": "PASHCHIM CHAMPARAN", "code2011": 0.0, "Shape_Leng": 0.11773165702, "Shape_Area": 0.00087656579, "Area": 9.66448}, "geometry": {"type": "MultiPolygon", "coordinates": [[[[84.39369078800007, 26.807181764000063], [84.38754179200004, 26.80111782000006], [84.37992751700006, 26.800166035000075], [84.37079038700006, 26.798833537000064], [84.36298575500007, 26.798643180000056], [84.35541414000005, 26.800428744000044], [84.35552743800008, 26.802009018000035], [84.35623195400007, 26.80367838500007], [84.35526947400007, 26.804760730000055], [84.35433230700005, 26.806581137000023], [84.35375860000005, 26.808708228000057], [84.35370643800007, 26.81060966800004], [84.35456905200004, 26.81174687400005], [84.35622655800006, 26.813759264000055], [84.35732980600005, 26.815048069000056], [84.35712204800006, 26.81584557900004], [84.35748919700006, 26.816257566000047], [84.35775332800006, 26.81709468100007], [84.35707175200008, 26.817799750000063], [84.35747527600006, 26.819266352000056], [84.35845737600005, 26.820453008000072], [84.36000714100004, 26.82104324200003], [84.36228946700004, 26.822404849000065], [84.36549535800003, 26.824954658000024], [84.36975509900003, 26.82905836200007], [84.37096150500008, 26.82992201500008], [84.37228368500007, 26.83072964100006], [84.37254905500004, 26.830748648000053], [84.37281442500006, 26.830767655000045], [84.37472104800008, 26.829764519000037], [84.37616666000008, 26.829038180000055], [84.37703541700006, 26.82864449400006], [84.37770669900004, 26.828493845000025], [84.37837804000003, 26.82834317800007], [84.37990058000008, 26.82814242200004], [84.38125233300008, 26.82810470900006], [84.38181990900006, 26.827508312000077], [84.38249042400008, 26.826486771000077], [84.38294041000006, 26.82589365000007], [84.38364383800007, 26.825821218000044], [84.38478237100009, 26.826422782000066], [84.38639965100003, 26.822057077000068], [84.38792250600005, 26.818059582000046], [84.38887429100004, 26.81330066000004], [84.39039714600005, 26.80949352300007], [84.39369078800007, 26.807181764000063]]]]}}, {"type": "Feature", "properties": {"OBJECTID": 5919, "GPCODE": "95963", "GPNAME_1": "PATJIRWA(SOUTH)", "DIST_CEN_C": "01", "BLK_NAME": "BAIRIA", "ST_NAME": "BIHAR", "ST_CODE_1": "10", "GPCODE2011": "98523", "REMARKS": "FINALIZED", "MAP_STATUS": "COMPLETED", "BLK_C_2001": "010017", "BLK_C_2011": "01029", "DIST_NAME": "PASHCHIM CHAMPARAN", "code2011": 0.0, "Shape_Leng": 0.14908807005, "Shape_Area": 0.00098878142, "Area": 10.9039}, "geometry": {"type": "MultiPolygon", "coordinates": [[[[84.35541414000005, 26.800428744000044], [84.36298575500007, 26.798643180000056], [84.37079038700006, 26.798833537000064], [84.37992751700006, 26.800166035000075], [84.38754179200004, 26.80111782000006], [84.39369078800007, 26.807181764000063], [84.39634617300004, 26.80531798800007], [84.39615372300005, 26.803583953000043], [84.39622061600005, 26.802975842000023], [84.39711965100008, 26.80266083300006], [84.39790672200007, 26.802506978000054], [84.39895136200005, 26.802161389000048], [84.40013346900008, 26.801548510000032], [84.39964431000004, 26.800982287000068], [84.39912471000008, 26.799547338000025], [84.39881775700007, 26.79831724400003], [84.39838158700007, 26.797591418000025], [84.39685036800006, 26.796606437000037], [84.39539168600004, 26.796014833000072], [84.39609084000006, 26.79502007900004], [84.39668828800006, 26.793632837000075], [84.39685134400008, 26.79241587300004], [84.39668638300003, 26.791471622000074], [84.39612932900008, 26.789800481000043], [84.39586086900005, 26.78883281800006], [84.39550079900005, 26.787762310000062], [84.39524333400004, 26.78711056800006], [84.39547239100006, 26.786102663000065], [84.39584266600008, 26.784932593000065], [84.39577866400003, 26.783089424000025], [84.39531967800008, 26.781705447000036], [84.39489181100004, 26.78037320900006], [84.39468662300004, 26.77953557400008], [84.39448408300007, 26.778776969000035], [84.39473703300007, 26.77845356100005], [84.39573564000005, 26.778478300000074], [84.39696513800004, 26.77839115300003], [84.39704209300004, 26.77807276300007], [84.39662274500006, 26.776870717000065], [84.39465828900006, 26.775728960000038], [84.39255516600008, 26.77485697900005], [84.39051760700005, 26.774169399000073], [84.38923726500008, 26.77396578300005], [84.38805399100005, 26.77399887300004], [84.38710362400008, 26.773919111000055], [84.38543958400004, 26.773752865000063], [84.38485172700007, 26.773024604000057], [84.38428056400005, 26.772349039000062], [84.38361870300008, 26.772048350000034], [84.38179571000006, 26.771567419000064], [84.38113466300007, 26.77214439100004], [84.37973772600003, 26.772848229000033], [84.37882718400004, 26.773059809000074], [84.37692356700006, 26.773671427000068], [84.37578183800008, 26.774049025000068], [84.37483975000004, 26.774208203000057], [84.37257471800007, 26.774643669000056], [84.37296727800003, 26.77657418900003], [84.37337289300007, 26.778025669000044], [84.37302978500009, 26.778380895000055], [84.37135633300005, 26.778799855000045], [84.36968573000007, 26.77929855700006], [84.36647472000004, 26.780212353000024], [84.36471429000005, 26.780686825000032], [84.36356971100008, 26.78098466000006], [84.36274432100004, 26.78023634500005], [84.36237835500003, 26.779927343000054], [84.36180503200006, 26.779403349000063], [84.35777445700006, 26.78189035300005], [84.35582782400007, 26.783422243000075], [84.35430696500003, 26.785364577000053], [84.35381628000005, 26.786486552000042], [84.35391864400003, 26.787750372000062], [84.35532993600003, 26.789452953000023], [84.35613011700008, 26.790486402000056], [84.35634995400005, 26.791747049000037], [84.35651414800003, 26.794803669000032], [84.35635003900006, 26.796866632000047], [84.35565885400007, 26.798996921000025], [84.35541414000005, 26.800428744000044]]]]}}]}