{"type": "FeatureCollection", "features": [{"type": "Feature", "properties": {"OBJECTID": 1001, "GPCODE": "96312", "GPNAME_1": "MORIYAWA SHIVGARH", "DIST_CEN_C": "28", "BLK_NAME": "BIKRAM", "ST_NAME": "BIHAR", "ST_CODE_1": "10", "GPCODE2011": "98866", "REMARKS": "FINALIZED", "MAP_STATUS": "COMPLETED", "BLK_C_2001": "280008", "BLK_C_2011": "01405", "DIST_NAME": "PATNA", "code2011": 0.0, "Shape_Leng": 0.1516206728, "Shape_Area": 0.0005832443, "Area": 6.49853}, "geometry": {"type": "MultiPolygon", "coordinates": [[[[84.84765012700007, 25.49853576000004], [84.84795081800007, 25.497855068000035], [84.84847966200005, 25.49734193300003], [84.84908273500008, 25.496937439000078], [84.84927359900007, 25.496360179000078], [84.84927632100005, 25.495538786000054], [84.84935270400007, 25.49499282100004], [84.84965234200007, 25.49461907600005], [84.85036461300007, 25.494282530000078], [84.85108188100008, 25.493941404000054], [84.85145773300007, 25.49305779100007], [84.85160940000003, 25.492309], [84.85174, 25.491916685000035], [84.85015380000004, 25.491858250000064], [84.84898031800003, 25.491823370000077], [84.84843960700005, 25.491429286000027], [84.84853087700003, 25.490887920000034], [84.84836887300008, 25.490260078000063], [84.84830225300004, 25.489343698000027], [84.84806618000005, 25.48857120100007], [84.84731067000007, 25.488451793000024], [84.84718223400006, 25.488203214000066], [84.84718430700008, 25.487562326000045], [84.84718772000008, 25.486528743000065], [84.84660619000005, 25.484974543000078], [84.84637581100003, 25.483958390000055], [84.84540632300008, 25.48243020500007], [84.84411719300005, 25.481298292000076], [84.84336320800008, 25.480768115000046], [84.84181415100005, 25.48153104200003], [84.84076189500007, 25.482430858000043], [84.83961254600007, 25.483303616000057], [84.83940582300005, 25.48346058900006], [84.83833349900004, 25.48442344600005], [84.83636979100004, 25.48574033600005], [84.83568720500006, 25.48609956200005], [84.83627963200007, 25.48882726900007], [84.83604741800008, 25.489846706000037], [84.83627182800006, 25.491106528000046], [84.83660042900004, 25.492470566000065], [84.83668996600005, 25.49391958800004], [84.83691112000008, 25.49466944900007], [84.83754562400009, 25.495285059000025], [84.83867023300007, 25.496547477000036], [84.83952817500005, 25.49726753400006], [84.83986320700006, 25.498189169000057], [84.84023974100006, 25.49859641300003], [84.84117412900008, 25.498770592000028], [84.84192565100005, 25.49860119400006], [84.84245308800007, 25.498534920000054], [84.84331621200005, 25.49918729700005], [84.84410071200006, 25.499564027000076], [84.84531926100004, 25.49954937800004], [84.84633503400005, 25.49917759300007], [84.84688239800005, 25.49879278900005], [84.84701300700004, 25.498700969000026], [84.84765012700007, 25.49853576000004]]], [[[84.87022125300007, 25.500902366000048], [84.87129568600005, 25.500846454000055], [84.87227047400006, 25.500849006000067], [84.87274177200004, 25.501215811000066], [84.87378628800008, 25.50118688200007], [84.87576622200004, 25.501011428000027], [84.87657865100005, 25.50043127200007], [84.87802062300005, 25.500111571000048], [84.88021419200004, 25.499546473000066], [84.88220307900008, 25.49922351600003], [84.88513496000007, 25.49878766300003], [84.88702526500003, 25.498752522000075], [84.88976790300006, 25.498762726000052], [84.88978526900007, 25.497927788000027], [84.88995225900004, 25.496948717000066], [84.88993728800006, 25.495305821000045], [84.88999767900003, 25.493410350000033], [84.88954686800008, 25.49279993300007], [84.88902615200004, 25.492324690000032], [84.88826583000008, 25.49214227600004], [84.88749171100005, 25.491567176000046], [84.88732913200005, 25.491056705000062], [84.88700899400004, 25.490044905000047], [84.88674631500004, 25.488094499000056], [84.88653175700006, 25.48665420900005], [84.88615597700004, 25.485967197000036], [84.88604895900005, 25.48516352000007], [84.88539871000006, 25.484764722000023], [84.88522109100006, 25.484290358000067], [84.88491306700007, 25.484226385000056], [84.88316438700008, 25.483644367000068], [84.88303661700007, 25.48315204100004], [84.88121156400007, 25.483183583000027], [84.88105336100006, 25.482871782000075], [84.88061589400007, 25.482834525000044], [84.88020225100007, 25.483144882000033], [84.88032515100008, 25.48360559400004], [84.88061187300008, 25.484147990000054], [84.88082922400008, 25.48464044700006], [84.88077298000007, 25.48515486100007], [84.88033930100005, 25.485501301000056], [84.88001430300005, 25.486055661000023], [84.88011795100005, 25.486317702000065], [84.88011653300003, 25.486796043000027], [84.87993655500009, 25.487107061000074], [84.87948352300003, 25.48726836900005], [84.87887202100006, 25.487217241000053], [84.87816578300004, 25.487265043000036], [84.87702716400008, 25.48721252100006], [84.87628588800004, 25.48730994500005], [84.87552459400007, 25.48747042800005], [84.87539876400007, 25.487948534000054], [84.87539655600006, 25.488675255000032], [84.87407804100008, 25.488902042000063], [84.87373643000006, 25.488391103000026], [84.87360983100007, 25.48752422000007], [84.87230596800003, 25.487850354000045], [84.87075405400003, 25.487977252000064], [84.86961550300003, 25.48792918500004], [84.86858498700008, 25.488269547000073], [84.86715799200005, 25.488216145000024], [84.86560151400005, 25.488194048000025], [84.86365129300003, 25.488486778000038], [84.86288999300007, 25.488615613000036], [84.86286776900005, 25.48936478400003], [84.86234495400004, 25.48956202200003], [84.86163884100006, 25.489560202000064], [84.86086308400007, 25.489562586000034], [84.86036972800008, 25.48988625000004], [84.85928485100004, 25.49010006700007], [84.85787627700006, 25.49048893500003], [84.85673601700006, 25.490946284000074], [84.85588493700004, 25.49115607500005], [84.85567047000006, 25.491354140000055], [84.85562974200008, 25.49166546600003], [84.85552348300007, 25.49220675400005], [84.85530377200007, 25.49247248100005], [84.85597548400006, 25.493905033000033], [84.85683571800007, 25.495473493000077], [84.85780608100004, 25.496807551000074], [84.85810028600008, 25.49810374300006], [84.85840138000003, 25.498817647000067], [84.85965029900007, 25.49940698200004], [84.86142720500004, 25.499908391000076], [84.86231737100007, 25.50023536300006], [84.86374785900006, 25.50028529000008], [84.86560746500004, 25.50043894600003], [84.86833143200005, 25.500870400000053], [84.86975112900006, 25.50172710000004], [84.87022125300007, 25.500902366000048]]]]}}, {"type": "Feature", "properties": {"OBJECTID": 1013, "GPCODE": "96300", "GPNAME_1": "ARAP", "DIST_CEN_C": "28", "BLK_NAME": "BIKRAM", "ST_NAME": "BIHAR", "ST_CODE_1": "10", "GPCODE2011": "98854", "REMARKS": "FINALIZED", "MAP_STATUS": "COMPLETED", "BLK_C_2001": "280008", "BLK_C_2011": "01405", "DIST_NAME": "PATNA", "code2011": 0.0, "Shape_Leng": 0.1397145686, "Shape_Area": 0.00059166189, "Area": 6.59221}, "geometry": {"type": "MultiPolygon", "coordinates": [[[[84.90369068600006, 25.473475805000078], [84.90208092600005, 25.471301004000054], [84.90067300400005, 25.47158205200003], [84.89893725300004, 25.47175842000007], [84.89747566000005, 25.471655654000074], [84.89496483800008, 25.47164049400004], [84.89333936700007, 25.471496631000036], [84.89348509900003, 25.472661454000047], [84.89337269300006, 25.473694812000076], [84.89333685400004, 25.474033259000066], [84.89297285400005, 25.474393380000038], [84.89302668700003, 25.474673377000045], [84.89342306100008, 25.475148296000043], [84.89398471900006, 25.47522635300004], [84.89454052700006, 25.475588774000073], [84.89466868800008, 25.47598171900006], [84.89468237200003, 25.476410599000076], [84.89390567700008, 25.476733644000035], [84.89222416800004, 25.477041013000076], [84.89077642400008, 25.477285651000045], [84.89027430800007, 25.477284440000062], [84.88954766500007, 25.477494828000033], [84.88947694400008, 25.477873785000043], [84.89021696300006, 25.478150853000045], [84.89184121400007, 25.478732571000023], [84.89196445000005, 25.479103019000036], [84.89270553800003, 25.47905515900004], [84.89319695600005, 25.47932264700006], [84.89339411500004, 25.479927888000077], [84.89371593100003, 25.480402577000064], [84.89349646000005, 25.480632257000025], [84.89302901200006, 25.480649207000056], [84.89280944800004, 25.480892426000025], [84.89284167100004, 25.48179515100003], [84.89231941800006, 25.481843479000077], [84.89221138300007, 25.481369322000035], [84.89201389000004, 25.48089043500005], [84.89131398900008, 25.48048254400004], [84.89082658200005, 25.48049486800005], [84.88914376200006, 25.481230907000054], [84.88809298400008, 25.481733838000025], [84.88704262100003, 25.48212845300003], [84.88613737700007, 25.48221644800003], [84.88519332100003, 25.48196585900007], [84.88511559100004, 25.483021870000073], [84.88522109100006, 25.484290358000067], [84.88539871000006, 25.484764722000023], [84.88604895900005, 25.48516352000007], [84.88615597700004, 25.485967197000036], [84.88653175700006, 25.48665420900005], [84.88674631500004, 25.488094499000056], [84.88700899400004, 25.490044905000047], [84.88732913200005, 25.491056705000062], [84.88749171100005, 25.491567176000046], [84.88826583000008, 25.49214227600004], [84.88902615200004, 25.492324690000032], [84.88954686800008, 25.49279993300007], [84.88999767900003, 25.493410350000033], [84.88993728800006, 25.495305821000045], [84.88995225900004, 25.496948717000066], [84.88978526900007, 25.497927788000027], [84.88976790300006, 25.498762726000052], [84.89047445700004, 25.498615502000064], [84.89148452200004, 25.49846902400003], [84.89227994700008, 25.49855215300005], [84.89304078900005, 25.498572092000074], [84.89350793100004, 25.49871768500003], [84.89386979900007, 25.49909764000006], [84.89462957000006, 25.499492211000074], [84.89458919000003, 25.499704269000063], [84.89525968900006, 25.500003766000077], [84.89585768600006, 25.500460753000027], [84.89636835900006, 25.501816313000063], [84.89667137200007, 25.50193889700006], [84.89724189100008, 25.502427736000072], [84.89740427000004, 25.503037470000038], [84.89713372500006, 25.50370930100007], [84.89693230300009, 25.504561833000025], [84.89685894000007, 25.505843494000032], [84.89702537000005, 25.50676011300004], [84.89742814500005, 25.50679271100006], [84.89821941800005, 25.50662307400006], [84.89872701800005, 25.50653403000007], [84.90010543500006, 25.506261961000064], [84.90181850000005, 25.505534905000047], [84.90417778800008, 25.50486798600008], [84.90555696700005, 25.504352184000027], [84.90683608000006, 25.504021218000048], [84.90810866300006, 25.50423633500003], [84.90867852000008, 25.504973326000027], [84.90888044700006, 25.505705009000053], [84.90879377200008, 25.506449502000066], [84.91050925800005, 25.506570844000066], [84.91047573000003, 25.50614195600008], [84.91047756100005, 25.50547399800007], [84.91058501900005, 25.504404518000058], [84.91041753000007, 25.503821939000034], [84.91031415400005, 25.503429055000026], [84.91075293000006, 25.503059904000054], [84.91092306500008, 25.502694740000038], [84.91099550600006, 25.50165684700005], [84.91163342400006, 25.50120238100004], [84.91219350800003, 25.500312476000033], [84.91306552000003, 25.499486146000038], [84.91303330900007, 25.49854272700003], [84.91267734700006, 25.497792624000056], [84.91365097600004, 25.496395697000025], [84.91458232400004, 25.495910378000076], [84.91508258600004, 25.496660788000042], [84.91529778400007, 25.497961141000076], [84.91540017300008, 25.49871061400006], [84.91615493200004, 25.499136642000053], [84.91716053100004, 25.498782298000037], [84.91723206000006, 25.498064887000055], [84.91812938300006, 25.497286040000063], [84.91691546700008, 25.495653960000027], [84.91609290500008, 25.494577924000055], [84.91609884000007, 25.492429535000042], [84.91348359300008, 25.49222946900005], [84.91082938000005, 25.49173591400006], [84.90821611300004, 25.49084965000003], [84.90639187300008, 25.488796338000043], [84.90576886200006, 25.487544591000074], [84.90495002400007, 25.48520024900006], [84.90492021100005, 25.483439934000046], [84.90449054500004, 25.482432360000075], [84.90417076100005, 25.481226548000052], [84.90351908600007, 25.477821864000077], [84.90338106200005, 25.47567312900003], [84.90395670200007, 25.474338454000076], [84.90369068600006, 25.473475805000078]]]]}}, {"type": "Feature", "properties": {"OBJECTID": 911, "GPCODE": "96309", "GPNAME_1": "HAIBASPUR GONA", "DIST_CEN_C": "28", "BLK_NAME": "BIKRAM", "ST_NAME": "BIHAR", "ST_CODE_1": "10", "GPCODE2011": "98863", "REMARKS": "FINALIZED", "MAP_STATUS": "COMPLETED", "BLK_C_2001": "280008", "BLK_C_2011": "01405", "DIST_NAME": "PATNA", "code2011": 0.0, "Shape_Leng": 0.1851904271, "Shape_Area": 0.00081271107, "Area": 9.062}, "geometry": {"type": "MultiPolygon", "coordinates": [[[[84.81737078500004, 25.42251991200004], [84.81791256900004, 25.42248991500003], [84.81839441200003, 25.422572652000042], [84.81844037200005, 25.422220736000043], [84.81851618000007, 25.421864393000078], [84.81798187200008, 25.421185724000054], [84.81757164400005, 25.42054362500005], [84.81768845100004, 25.41984896500003], [84.81736467500008, 25.418656438000028], [84.81694161400003, 25.417422974000033], [84.81692399400004, 25.41677751900005], [84.81647897400006, 25.41616688700003], [84.81586461900008, 25.415609950000032], [84.81559874700008, 25.414923120000026], [84.81487760700008, 25.41367072500003], [84.81458189600005, 25.41297478200005], [84.81461901800003, 25.412347517000057], [84.81521099500003, 25.412186769000073], [84.81565284800007, 25.412296449000053], [84.81655226400005, 25.412335191000068], [84.81771483900008, 25.412415297000052], [84.81925465300003, 25.41263653900006], [84.82080972700004, 25.41278095100006], [84.82183877800009, 25.412675657000023], [84.82244188000004, 25.41218089700004], [84.82259371500004, 25.411405022000054], [84.82277004800005, 25.410719553000035], [84.82252408500005, 25.41001019500004], [84.82239243600003, 25.409283101000028], [84.82195059200006, 25.407756280000058], [84.82180989300008, 25.406767471000023], [84.82182899000009, 25.405598540000028], [84.82184685300007, 25.403337282000052], [84.82181626100004, 25.40215469900005], [84.82183893200005, 25.401346829000033], [84.82161658000007, 25.40100767000007], [84.82113759300006, 25.400135186000057], [84.82100574700007, 25.39948038400007], [84.82028597900006, 25.39926157600007], [84.81897902600008, 25.39929390900005], [84.81654909200006, 25.39926865600006], [84.81492370500007, 25.399403763000066], [84.81360709700004, 25.399341221000043], [84.81357375900006, 25.398948389000054], [84.81342230400008, 25.39822134700006], [84.81305047600006, 25.39798553600008], [84.81224485500007, 25.398154659000056], [84.81180953400008, 25.397629720000054], [84.81160791900004, 25.397024317000046], [84.81142276100007, 25.396012748000032], [84.81106910200003, 25.394860813000037], [84.80981713100005, 25.394825428000047], [84.80843513800005, 25.394974744000024], [84.80653563400006, 25.395357236000052], [84.80484919400004, 25.395884683000077], [84.80400853400005, 25.396116825000036], [84.80339236700007, 25.396115009000027], [84.80272608800004, 25.396239339000033], [84.80227831500008, 25.396391433000076], [84.80197212200005, 25.395894055000042], [84.80177068500006, 25.395256956000026], [84.80142922400006, 25.39488130600006], [84.80084784100006, 25.394893137000054], [84.80038539500003, 25.394972929000062], [84.80031386200005, 25.395514327000058], [84.80039631200003, 25.396060719000047], [84.80003717300008, 25.39641615900007], [84.79926645600005, 25.396553744000073], [84.79693041400003, 25.39672704800006], [84.79419139700008, 25.396984881000037], [84.79338602600006, 25.397090724000066], [84.79223263600005, 25.397254193000038], [84.79165321900007, 25.398033214000066], [84.79172559300008, 25.39993804900007], [84.79235611900003, 25.40009804600004], [84.79228159700006, 25.40138867400003], [84.79387128300004, 25.401533479000022], [84.79404224000007, 25.40231030500007], [84.79394316000008, 25.403564764000066], [84.79404305600008, 25.404761132000033], [84.79410460800005, 25.405551193000065], [84.79415065500007, 25.406544328000052], [84.79344979900003, 25.406591777000074], [84.79288286500008, 25.406698349000067], [84.79291526500003, 25.40731673600004], [84.79303274100005, 25.407786533000035], [84.79325389400003, 25.40846879700007], [84.79323254600007, 25.408856873000047], [84.79306236800005, 25.409185824000076], [84.79189906100004, 25.409290471000077], [84.79028900200007, 25.40926746100007], [84.78931504800005, 25.409232804000055], [84.78711829400004, 25.40929804900003], [84.78569714900004, 25.409261978000075], [84.78451379400008, 25.409416271000055], [84.78338420100005, 25.40978272600006], [84.78181566600006, 25.41061274200007], [84.78104295600008, 25.411215063000043], [84.77971040800008, 25.41139592600007], [84.77828603100005, 25.41219926800005], [84.77758347800005, 25.412666342000023], [84.77493675200003, 25.41336640700007], [84.77246961300006, 25.41391816400005], [84.77166834800005, 25.414213372000063], [84.76956796900004, 25.414991844000042], [84.76676231400006, 25.415682288000028], [84.76561256100007, 25.41609821800006], [84.76306546600006, 25.416735249000055], [84.76346650000005, 25.417124710000053], [84.76531923400006, 25.41862932300006], [84.76646585600008, 25.420226339000067], [84.76672332700008, 25.421712083000045], [84.76692941400006, 25.423644554000077], [84.76803429700004, 25.423255504000053], [84.76911337500007, 25.42312361100005], [84.77112846700004, 25.422575049000045], [84.77325290000005, 25.422022266000056], [84.77471609500003, 25.42149441400005], [84.77609431200005, 25.421110704000057], [84.77958013300008, 25.420648050000068], [84.78132132000007, 25.42022032400007], [84.78296297300005, 25.419837362000067], [84.78497142100008, 25.41967227400005], [84.78627869600007, 25.419626781000034], [84.78764566500007, 25.419572343000027], [84.78854093500007, 25.419412743000066], [84.78963956500007, 25.419330381000066], [84.79062669900009, 25.41852110600007], [84.79188946900007, 25.417112287000066], [84.79377888300007, 25.415547520000075], [84.79560682300007, 25.414469935000056], [84.79620320400005, 25.414471752000054], [84.79673836300003, 25.414893174000042], [84.79750429500007, 25.414760174000037], [84.79823921200006, 25.414924839000037], [84.79888866600004, 25.415333047000047], [84.79959950700004, 25.415285634000043], [84.80039975500006, 25.415269984000076], [84.80203951300007, 25.415360762000034], [84.80406718700004, 25.41536694100006], [84.80427837000008, 25.41603559200007], [84.80490447600005, 25.416078079000044], [84.80586854500007, 25.416099041000052], [84.80668824900005, 25.41616922700007], [84.80722965700005, 25.416256691000058], [84.80796544200007, 25.41620920300005], [84.80923327500005, 25.41605957200005], [84.80992342900004, 25.41623312100006], [84.80996628200006, 25.416765906000023], [84.81007230300008, 25.41765983600004], [84.81051530400003, 25.41886175600007], [84.81064973000008, 25.420157506000066], [84.81109000700008, 25.422122183000056], [84.81140263200007, 25.42361260200005], [84.81154691700004, 25.424949022000078], [84.81219782000005, 25.425018614000066], [84.81261595800004, 25.424825793000025], [84.81406834900008, 25.424523150000027], [84.81475563600003, 25.424137055000074], [84.81584009100004, 25.423887533000027], [84.81628813200007, 25.423667711000064], [84.81638054700005, 25.422855570000024], [84.81701722800005, 25.422703927000043], [84.81737078500004, 25.42251991200004]]]]}}, {"type": "Feature", "properties": {"OBJECTID": 914, "GPCODE": "96305", "GPNAME_1": "DANARA KATARI", "DIST_CEN_C": "28", "BLK_NAME": "BIKRAM", "ST_NAME": "BIHAR", "ST_CODE_1": "10", "GPCODE2011": "98859", "REMARKS": "FINALIZED", "MAP_STATUS": "COMPLETED", "BLK_C_2001": "280008", "BLK_C_2011": "01405", "DIST_NAME": "PATNA", "code2011": 0.0, "Shape_Leng": 0.15118422154, "Shape_Area": 0.00071189169, "Area": 7.93668}, "geometry": {"type": "MultiPolygon", "coordinates": [[[[84.88553551400008, 25.42932173300005], [84.88655984300004, 25.429175275000034], [84.88785211700008, 25.429196534000027], [84.88790355300006, 25.428605447000052], [84.88730007000004, 25.427642512000034], [84.88690834500005, 25.42731660900006], [84.88712299800005, 25.426992136000024], [84.88768017900009, 25.42684464000007], [84.88873414200003, 25.42675239500005], [84.88941548300005, 25.426600611000026], [84.88982876000006, 25.426344373000063], [84.88965145800006, 25.425802305000047], [84.88977892300005, 25.424714849000054], [84.88989031100004, 25.42402913500007], [84.89023035400004, 25.423348368000063], [84.89076719500008, 25.423327112000038], [84.89135936700006, 25.423084844000073], [84.89221999000006, 25.422811635000073], [84.89247318900004, 25.42289352800003], [84.89351213000003, 25.422828337000055], [84.89417395600003, 25.422572716000047], [84.89568047400007, 25.422377734000065], [84.89745597000007, 25.421980302000065], [84.89897727800007, 25.421816960000058], [84.89976748300006, 25.421805259000053], [84.89992143900008, 25.423597536000045], [84.89988114600004, 25.425502128000062], [84.89994078000007, 25.425502270000038], [84.90074591200005, 25.425522233000038], [84.90207320400003, 25.425426048000077], [84.90282899900006, 25.425315042000022], [84.90345491000005, 25.42542933900006], [84.90347352600008, 25.425867191000066], [84.90356155500007, 25.426390980000065], [84.90377479200004, 25.426567497000065], [84.90438566700004, 25.426717905000032], [84.90504775300008, 25.42634481500005], [84.90581834700004, 25.426296961000048], [84.90678818200007, 25.42605548800003], [84.90723597600004, 25.42591211900003], [84.90777120100006, 25.426432438000063], [84.90801346800004, 25.426915982000025], [84.90994678700008, 25.42693850300003], [84.91068169400006, 25.42718395600008], [84.91152014500005, 25.427740984000025], [84.91125938900007, 25.426779070000066], [84.91069040400004, 25.425865961000056], [84.91040695500004, 25.424141150000025], [84.91071564300006, 25.422173994000048], [84.91071930200008, 25.420838013000036], [84.91036653600008, 25.41904540300004], [84.90979955200004, 25.41738306600007], [84.90953578400007, 25.41573958400005], [84.90949537700004, 25.414227442000026], [84.90983072500006, 25.41336167000003], [84.91047467800007, 25.41235213300007], [84.91094468100005, 25.411315040000034], [84.91159233800005, 25.41072982700007], [84.91259850500006, 25.409919695000042], [84.91507552400003, 25.409144539000067], [84.91654320400005, 25.40852953600006], [84.91723500300003, 25.408151945000043], [84.91766235100005, 25.406347492000066], [84.91748884700007, 25.404361238000035], [84.91842264400003, 25.40270233900003], [84.91856939200005, 25.40172777400005], [84.91810412700005, 25.401076800000055], [84.91642118200008, 25.400454581000076], [84.91632233000007, 25.398468439000055], [84.91568613800007, 25.39853465400006], [84.91430975200007, 25.398490885000058], [84.91305760300008, 25.398474479000072], [84.91122849400006, 25.39864633800005], [84.91122256600005, 25.400781211000037], [84.91125188800004, 25.402735663000044], [84.91108419800008, 25.40406672200004], [84.90966520300003, 25.405024833000027], [84.90862048600007, 25.40543759700006], [84.90803178400006, 25.40626672600007], [84.90704813600007, 25.40792538200003], [84.90634226000003, 25.40798694700004], [84.90526898900004, 25.40792576900003], [84.90440460300005, 25.40781994400004], [84.90331249000008, 25.40740212600008], [84.90253230900004, 25.407413808000058], [84.90150264800008, 25.40773635000005], [84.90119859600009, 25.40806514700006], [84.90057755200007, 25.408009443000026], [84.89999124600007, 25.407976490000067], [84.89948649500008, 25.407235082000057], [84.89898174900009, 25.406493671000078], [84.89813829600007, 25.406031218000066], [84.89613253300007, 25.405376524000076], [84.89455249000008, 25.405282371000055], [84.89286003700005, 25.404480412000055], [84.89174206300004, 25.40421270400003], [84.89086063200006, 25.40386844300008], [84.88923163300007, 25.403157153000052], [84.88830181500003, 25.40334891400005], [84.88742129000008, 25.40364465300007], [84.88624335900005, 25.403727450000076], [84.88593461100004, 25.403920807000077], [84.88560441900006, 25.404678251000064], [84.88502539500007, 25.40553884700006], [84.88455121500004, 25.406219231000023], [84.88456425800007, 25.406842182000048], [84.88493566600005, 25.40729894900005], [84.88501932300005, 25.407569915000067], [84.88469060900007, 25.407790328000033], [84.88368156400009, 25.407859957000028], [84.88283100200005, 25.408142199000054], [84.88197359200007, 25.409002152000028], [84.88118282900007, 25.40921232900007], [84.87953026200006, 25.410088268000038], [84.87773897000005, 25.410796895000033], [84.87777032600007, 25.411943354000073], [84.87801531100007, 25.413081436000027], [84.87858856900004, 25.414143530000047], [84.87741905300004, 25.41465964400004], [84.87654280200007, 25.415176474000077], [84.87631979600008, 25.41659310800003], [84.87662213800007, 25.418466933000047], [84.87677825700007, 25.419415155000024], [84.87738328600005, 25.42146133600005], [84.87762639400006, 25.423235719000047], [84.87808870200007, 25.42481212100006], [84.87813992500008, 25.42593160900003], [84.87836145600005, 25.426658779000036], [84.87889639100007, 25.427264939000054], [84.87907356700003, 25.427834096000026], [84.87964320600008, 25.428453896000065], [84.88034350200007, 25.428636210000036], [84.88129293100008, 25.42860246600003], [84.88170500800004, 25.428752496000072], [84.88218508800009, 25.429435239000043], [84.88324339700006, 25.429559766000068], [84.88424756900008, 25.42953063500005], [84.88553551400008, 25.42932173300005]]]]}}, {"type": "Feature", "properties": {"OBJECTID": 921, "GPCODE": "96311", "GPNAME_1": "MANER TELPA", "DIST_CEN_C": "28", "BLK_NAME": "BIKRAM", "ST_NAME": "BIHAR", "ST_CODE_1": "10", "GPCODE2011": "98865", "REMARKS": "FINALIZED", "MAP_STATUS": "COMPLETED", "BLK_C_2001": "280008", "BLK_C_2011": "01405", "DIST_NAME": "PATNA", "code2011": 0.0, "Shape_Leng": 0.09099071222, "Shape_Area": 0.00045229761, "Area": 5.04118}, "geometry": {"type": "MultiPolygon", "coordinates": [[[[84.90239976300006, 25.455459508000047], [84.90137527300004, 25.453881894000062], [84.90085079500005, 25.452995994000048], [84.90087162100008, 25.452684629000032], [84.90174214700005, 25.452474515000063], [84.90112746100004, 25.451854748000073], [84.90049754900008, 25.451374789000056], [84.90038904600004, 25.451063181000052], [84.89895147100003, 25.449651464000056], [84.89770680500004, 25.448569767000038], [84.89751051900004, 25.44768472900006], [84.89671962500006, 25.446157261000053], [84.89612672200008, 25.44492365700006], [84.89591624600007, 25.44379475100004], [84.89586607700005, 25.442232938000075], [84.89479416100005, 25.44162103700006], [84.89362860600005, 25.44072457900006], [84.89253762600003, 25.439841785000056], [84.89112787500005, 25.43917034100008], [84.89070594600008, 25.438970734000065], [84.88959329400006, 25.438724294000053], [84.88846490900005, 25.438721457000042], [84.88695870200007, 25.438749393000023], [84.88565100800008, 25.43884998300007], [84.88419897700004, 25.43904038100004], [84.88337377100004, 25.439051904000053], [84.88256765900007, 25.439329695000026], [84.88126034200008, 25.439358038000023], [84.87996783200003, 25.439386365000075], [84.87979953300004, 25.439310630000023], [84.87964515600004, 25.43924116100004], [84.87828371700004, 25.43903911800004], [84.87724402600008, 25.439298257000075], [84.87513021500007, 25.43971712800004], [84.87315488800004, 25.440307877000066], [84.87344782000008, 25.443621508000035], [84.87353149700004, 25.44549481300004], [84.87379506100007, 25.44707966200008], [84.87411372600008, 25.44852934200003], [84.87407329200005, 25.45035267000003], [84.87435410600006, 25.452772579000055], [84.87456458500003, 25.453815770000062], [84.87468699500005, 25.454429834000052], [84.87490924700006, 25.45492242800003], [84.87633592200007, 25.454953104000026], [84.87872232300003, 25.454927620000035], [84.88012884100004, 25.45504398500003], [84.88233110600004, 25.455081149000023], [84.88353907800007, 25.455111182000053], [84.88373539400004, 25.455964737000045], [84.88398430800004, 25.45747285500005], [84.88417762900008, 25.459328420000077], [84.88414052000007, 25.460077526000077], [84.88435350200007, 25.460371396000028], [84.88562102500003, 25.46042421900006], [84.88670595900004, 25.46005227200004], [84.88807872100006, 25.45985708300003], [84.88990440100008, 25.459500542000058], [84.89073973000006, 25.459466477000035], [84.89234655300004, 25.459158983000066], [84.89442535100005, 25.458933828000056], [84.89715572200004, 25.458601884000075], [84.89815045100005, 25.45845537200006], [84.90154773400008, 25.457872165000026], [84.90344763300004, 25.457587802000035], [84.90310181700005, 25.456833292000056], [84.90239976300006, 25.455459508000047]]]]}}, {"type": "Feature", "properties": {"OBJECTID": 931, "GPCODE": "96302", "GPNAME_1": "BENI BIGHA", "DIST_CEN_C": "28", "BLK_NAME": "BIKRAM", "ST_NAME": "BIHAR", "ST_CODE_1": "10", "GPCODE2011": "98856", "REMARKS": "FINALIZED", "MAP_STATUS": "COMPLETED", "BLK_C_2001": "280008", "BLK_C_2011": "01405", "DIST_NAME": "PATNA", "code2011": 0.0, "Shape_Leng": 0.17705710185, "Shape_Area": 0.00089988755, "Area": 10.033}, "geometry": {"type": "MultiPolygon", "coordinates": [[[[84.83898672000004, 25.44282493000003], [84.83972306200008, 25.44263288600007], [84.84018995600007, 25.442733521000036], [84.84096027900006, 25.442798809000067], [84.84147795700005, 25.442574627000056], [84.84135518400007, 25.442149973000028], [84.84184424600005, 25.44158264200007], [84.84248671300008, 25.441209799000035], [84.84374526700003, 25.440937984000072], [84.84519833600007, 25.440468079000027], [84.84638315500007, 25.439934252000057], [84.84739838800004, 25.439571474000047], [84.84720536000003, 25.439327210000044], [84.84709878400008, 25.438500918000045], [84.84681860200004, 25.43752525000008], [84.84665890500008, 25.436220468000045], [84.84686177400005, 25.435006851000026], [84.84720382700004, 25.43378916000006], [84.84747632700004, 25.432566733000044], [84.84699904100006, 25.431107587000042], [84.84648126500008, 25.42986951900008], [84.84638082100008, 25.428664178000076], [84.84688430200003, 25.428227692000064], [84.84695601300007, 25.427577975000077], [84.84743842500006, 25.427498069000023], [84.84804921300008, 25.427666748000036], [84.84883328800004, 25.428043470000034], [84.84874244600007, 25.426955518000057], [84.84868337100005, 25.42376878600004], [84.84911994500004, 25.42251525000006], [84.84898446100004, 25.419883526000035], [84.84887884100004, 25.418777429000045], [84.84866945000005, 25.41745899400007], [84.84881831500007, 25.416015075000075], [84.84878868500005, 25.41447138500007], [84.84868802400007, 25.411821708000048], [84.84953869800006, 25.411566727000036], [84.84994677800006, 25.41140533300006], [84.85011707800004, 25.41099508900004], [84.85018669100003, 25.409483284000032], [84.85069893700006, 25.407855323000035], [84.85062734900004, 25.406956922000063], [84.85082621800007, 25.405404787000066], [84.85178718100008, 25.403322222000043], [84.85255771900006, 25.401712963000023], [84.85371345200008, 25.399319465000076], [84.85417446600007, 25.39813364400004], [84.85470076000007, 25.39673139000007], [84.85513740300007, 25.39538747100005], [84.85374979700003, 25.395767410000076], [84.85208522900007, 25.395776498000032], [84.85001876100006, 25.395563216000028], [84.84966554000005, 25.395702177000032], [84.84813392000007, 25.396054522000043], [84.84514955200007, 25.39693102800004], [84.84335391700006, 25.397463138000035], [84.84327579400008, 25.398532627000066], [84.84343433500004, 25.400162460000047], [84.84355950100007, 25.401363366000055], [84.84313361300008, 25.402427414000044], [84.84235718500008, 25.40278631600006], [84.84041405500005, 25.402812538000035], [84.83919105400008, 25.402998696000054], [84.83933780500007, 25.403667017000032], [84.83923602000004, 25.404393467000034], [84.83822621500008, 25.404670486000043], [84.83581116200008, 25.404677208000066], [84.83591394600006, 25.403670961000046], [84.83562311300005, 25.402975083000058], [84.83420674600006, 25.403002666000077], [84.83395666600006, 25.403489420000028], [84.83408389200008, 25.40406304100003], [84.83337837200008, 25.404029410000078], [84.83266689500005, 25.40426210000004], [84.83175722800007, 25.404345239000065], [84.83113997000004, 25.404645896000034], [84.83046975600007, 25.40446795200006], [84.82941161200006, 25.404370141000072], [84.82897579100006, 25.40393109200005], [84.82843063600006, 25.403509813000028], [84.82790160100006, 25.402749968000023], [84.82749287500008, 25.401674653000043], [84.82725664700007, 25.40099243900005], [84.82686403900004, 25.401004844000056], [84.82605839300004, 25.401205626000035], [84.82469175600005, 25.401215183000033], [84.82265449800008, 25.401177716000063], [84.82183893200005, 25.401346829000033], [84.82181626100004, 25.40215469900005], [84.82184685300007, 25.403337282000052], [84.82182899000009, 25.405598540000028], [84.82180989300008, 25.406767471000023], [84.82195059200006, 25.407756280000058], [84.82239243600003, 25.409283101000028], [84.82252408500005, 25.41001019500004], [84.82277004800005, 25.410719553000035], [84.82259371500004, 25.411405022000054], [84.82244188000004, 25.41218089700004], [84.82183877800009, 25.412675657000023], [84.82080972700004, 25.41278095100006], [84.81925465300003, 25.41263653900006], [84.81771483900008, 25.412415297000052], [84.81655226400005, 25.412335191000068], [84.81565284800007, 25.412296449000053], [84.81521099500003, 25.412186769000073], [84.81461901800003, 25.412347517000057], [84.81458189600005, 25.41297478200005], [84.81487760700008, 25.41367072500003], [84.81559874700008, 25.414923120000026], [84.81586461900008, 25.415609950000032], [84.81647897400006, 25.41616688700003], [84.81692399400004, 25.41677751900005], [84.81694161400003, 25.417422974000033], [84.81736467500008, 25.418656438000028], [84.81768845100004, 25.41984896500003], [84.81985539800007, 25.419846286000052], [84.82259321000004, 25.420025751000026], [84.82430264100003, 25.42009838200005], [84.82513188700005, 25.420312938000052], [84.82656304800008, 25.42038480700006], [84.82747736500005, 25.420419064000043], [84.82756438600006, 25.42110987500007], [84.82761451700009, 25.42243245800006], [84.82787528000006, 25.423177902000077], [84.82817344400007, 25.423192288000052], [84.82885959800007, 25.423126540000055], [84.82992293100006, 25.42321535600007], [84.83042344700004, 25.42362300900004], [84.83096228300008, 25.42448659300004], [84.83210464300004, 25.424702042000035], [84.83305359600007, 25.424803978000057], [84.83435453100003, 25.42518225400005], [84.83509995200006, 25.425197972000035], [84.83497891700006, 25.42573015000005], [84.83512220300008, 25.42596078500003], [84.83553354900005, 25.426318526000045], [84.83567614200007, 25.426774800000032], [84.83574419200005, 25.427230819000044], [84.83570680800005, 25.427979927000024], [84.83574949800004, 25.42859393200007], [84.83556552300007, 25.430060282000056], [84.83533140200007, 25.43022210500004], [84.83396911800008, 25.43031751600006], [84.83398786400005, 25.43064706900003], [84.83399154700004, 25.435390693000045], [84.83398409800003, 25.437543575000063], [84.83408554100004, 25.439859279000075], [84.83418851800008, 25.44173263500005], [84.83452285100003, 25.442812350000054], [84.83560192300007, 25.442679999000063], [84.83642703600003, 25.44270041200008], [84.83660468500005, 25.443093522000026], [84.83687073800007, 25.44380737800003], [84.83717343800004, 25.44396176400005], [84.83837659400007, 25.44389744500006], [84.83861262100004, 25.443198504000065], [84.83898672000004, 25.44282493000003]]]]}}, {"type": "Feature", "properties": {"OBJECTID": 939, "GPCODE": "96315", "GPNAME_1": "SAIDABAD KANPA", "DIST_CEN_C": "28", "BLK_NAME": "BIKRAM", "ST_NAME": "BIHAR", "ST_CODE_1": "10", "GPCODE2011": "98869", "REMARKS": "FINALIZED", "MAP_STATUS": "COMPLETED", "BLK_C_2001": "280008", "BLK_C_2011": "01405", "DIST_NAME": "PATNA", "code2011": 0.0, "Shape_Leng": 0.1968163363, "Shape_Area": 0.00114841233, "Area": 12.8029}, "geometry": {"type": "MultiPolygon", "coordinates": [[[[84.79715309200003, 25.44762600400003], [84.79803747600005, 25.44774157200004], [84.79948768200006, 25.448102539000047], [84.80147841900003, 25.448853326000062], [84.80248122000006, 25.449226547000023], [84.80350419900003, 25.449518468000065], [84.80472093600008, 25.449851714000033], [84.80543046500009, 25.45022847300004], [84.80559566200003, 25.449904], [84.80548905000006, 25.449145377000036], [84.80528800900004, 25.44840008400007], [84.80497369400007, 25.447347507000075], [84.80465853500004, 25.446534104000023], [84.80427235600007, 25.44609511500005], [84.80323965900004, 25.445762521000063], [84.80210657300006, 25.445673283000076], [84.80186326000006, 25.445586794000064], [84.80192309400007, 25.444201337000038], [84.80187328800008, 25.442883273000064], [84.80243105800008, 25.44259610000006], [84.80298293900006, 25.442570726000042], [84.80363589400008, 25.44209882100006], [84.80576611800007, 25.440011069000036], [84.80565536200004, 25.439044822000028], [84.80542448100005, 25.43829041300006], [84.80527753400008, 25.43768065100005], [84.80527959200003, 25.437139021000064], [84.80570840500008, 25.436770188000025], [84.80664440900006, 25.43636685200005], [84.80633387700004, 25.435643734000053], [84.80570021200003, 25.43493320600004], [84.80532975900007, 25.434304674000032], [84.80475483000004, 25.433829079000077], [84.80462306300007, 25.43316967000004], [84.80444356500004, 25.431968607000044], [84.80435110000008, 25.431426680000072], [84.80489400900007, 25.431139494000035], [84.80566217300003, 25.430383508000034], [84.80629520900004, 25.429893510000056], [84.80734049100005, 25.429490464000025], [84.80812256900003, 25.429018860000042], [84.80852449100007, 25.429200614000024], [84.80952983900005, 25.428833508000025], [84.81047987500006, 25.428651365000064], [84.81085259000008, 25.428652422000027], [84.81135175200006, 25.429448325000067], [84.81205788600005, 25.42934658000007], [84.81227923900008, 25.429992708000043], [84.81332257700006, 25.43013115800005], [84.81481411600004, 25.430018287000053], [84.81542060300006, 25.429979477000074], [84.81551053500004, 25.429844354000068], [84.81547728200007, 25.429437990000054], [84.81519923400003, 25.42933335300006], [84.81447354300008, 25.42934924900004], [84.81415632000005, 25.429109077000078], [84.81430617500007, 25.42889289900006], [84.81495840700006, 25.428574381000033], [84.81581375500008, 25.42845509400007], [84.81596424300005, 25.428067335000037], [84.81583708100004, 25.427507336000076], [84.81462947500006, 25.427436070000056], [84.81378952400007, 25.427433500000063], [84.81368131700003, 25.427112801000078], [84.81381174400008, 25.42679270700006], [84.81451796100004, 25.426677410000025], [84.81511506800007, 25.426476080000043], [84.81523500900005, 25.426300428000047], [84.81523711500006, 25.425704644000064], [84.81475497700006, 25.42570322000006], [84.81391452900004, 25.425854178000066], [84.81345162800005, 25.426024357000074], [84.81280033600007, 25.426090059000046], [84.81270787400007, 25.42553017800003], [84.81261595800004, 25.424825793000025], [84.81219782000005, 25.425018614000066], [84.81154691700004, 25.424949022000078], [84.81140263200007, 25.42361260200005], [84.81109000700008, 25.422122183000056], [84.81064973000008, 25.420157506000066], [84.81051530400003, 25.41886175600007], [84.81007230300008, 25.41765983600004], [84.80996628200006, 25.416765906000023], [84.80992342900004, 25.41623312100006], [84.80923327500005, 25.41605957200005], [84.80796544200007, 25.41620920300005], [84.80722965700005, 25.416256691000058], [84.80668824900005, 25.41616922700007], [84.80586854500007, 25.416099041000052], [84.80490447600005, 25.416078079000044], [84.80427837000008, 25.41603559200007], [84.80406718700004, 25.41536694100006], [84.80203951300007, 25.415360762000034], [84.80039975500006, 25.415269984000076], [84.79959950700004, 25.415285634000043], [84.79888866600004, 25.415333047000047], [84.79823921200006, 25.414924839000037], [84.79750429500007, 25.414760174000037], [84.79673836300003, 25.414893174000042], [84.79620320400005, 25.414471752000054], [84.79560682300007, 25.414469935000056], [84.79377888300007, 25.415547520000075], [84.79188946900007, 25.417112287000066], [84.79062669900009, 25.41852110600007], [84.78963956500007, 25.419330381000066], [84.78854093500007, 25.419412743000066], [84.78764566500007, 25.419572343000027], [84.78627869600007, 25.419626781000034], [84.78497142100008, 25.41967227400005], [84.78296297300005, 25.419837362000067], [84.78132132000007, 25.42022032400007], [84.77958013300008, 25.420648050000068], [84.77609431200005, 25.421110704000057], [84.77471609500003, 25.42149441400005], [84.77325290000005, 25.422022266000056], [84.77112846700004, 25.422575049000045], [84.76911337500007, 25.42312361100005], [84.76803429700004, 25.423255504000053], [84.76692941400006, 25.423644554000077], [84.76748981500003, 25.425212518000023], [84.76812111200007, 25.426424225000062], [84.76909915200008, 25.427970963000064], [84.77044398600003, 25.42976720400003], [84.77176883900006, 25.431608526000048], [84.77263255800005, 25.433154889000036], [84.77313434500007, 25.43448354800006], [84.77365459100008, 25.43617326100008], [84.77330335700003, 25.436998024000047], [84.77271929900007, 25.437641539000026], [84.77226851700004, 25.438511168000048], [84.77399504700008, 25.440620050000064], [84.77548797100008, 25.44273720900003], [84.77725274500006, 25.445274918000052], [84.77826034800006, 25.446930078000037], [84.77889212700006, 25.448105620000035], [84.77892292000007, 25.44913023400005], [84.77853578700007, 25.45026183400006], [84.77779474700003, 25.451604434000046], [84.77741605400007, 25.45310623000006], [84.77698920500006, 25.454201659000034], [84.77674232300006, 25.455053871000075], [84.77636537400008, 25.456095271000038], [84.77552264100007, 25.458024254000065], [84.77478097000005, 25.45952035700003], [84.77419441900008, 25.460746107000034], [84.77532347800008, 25.460632351000072], [84.77722901600004, 25.460290988000054], [84.77822396400006, 25.460122682000076], [84.78034761700007, 25.459926411000026], [84.78331155900008, 25.459714705000067], [84.78380989700008, 25.459400338000023], [84.78413841700007, 25.45802024900007], [84.78453604400005, 25.45674420200004], [84.78494333100008, 25.455544931000077], [84.78549506300004, 25.45426486300005], [84.78624586400008, 25.451653991000057], [84.78683168100008, 25.450545525000052], [84.78871110400007, 25.450470211000038], [84.79024813900008, 25.450249361000033], [84.79014694200004, 25.448087075000046], [84.79134650300006, 25.447698169000034], [84.79160139900006, 25.447333369000035], [84.79162568100008, 25.446173526000052], [84.79228306200008, 25.44583708600004], [84.79225145700008, 25.445002008000074], [84.79243840700008, 25.444185686000026], [84.79286090400007, 25.444209560000047], [84.79331379300004, 25.444075578000025], [84.79385584200008, 25.444009562000076], [84.79456660700004, 25.444047821000026], [84.79539295300003, 25.443725392000033], [84.79617513200003, 25.44325845800006], [84.79645090000008, 25.44395890800007], [84.79658103800006, 25.44505154500007], [84.79680101000008, 25.44605419800007], [84.79694755900005, 25.44675422100005], [84.79715309200003, 25.44762600400003]]]]}}, {"type": "Feature", "properties": {"OBJECTID": 949, "GPCODE": "96301", "GPNAME_1": "BARAH", "DIST_CEN_C": "28", "BLK_NAME": "BIKRAM", "ST_NAME": "BIHAR", "ST_CODE_1": "10", "GPCODE2011": "98855", "REMARKS": "FINALIZED", "MAP_STATUS": "COMPLETED", "BLK_C_2001": "280008", "BLK_C_2011": "01405", "DIST_NAME": "PATNA", "code2011": 0.0, "Shape_Leng": 0.15472011847, "Shape_Area": 0.00060711772, "Area": 6.76676}, "geometry": {"type": "MultiPolygon", "coordinates": [[[[84.80042946800006, 25.48638378100003], [84.80255613800006, 25.48415620000003], [84.80334673900006, 25.484158527000034], [84.80488761600003, 25.482971735000035], [84.80586523100004, 25.48215772700007], [84.80740937500008, 25.481444768000074], [84.80723572500006, 25.481326938000052], [84.80664833100008, 25.480156132000047], [84.80613178900006, 25.478638085000057], [84.80553688900005, 25.476794824000024], [84.80482688500007, 25.47650381300008], [84.80463011500007, 25.475916416000075], [84.80485974200008, 25.474314849000052], [84.80523631300008, 25.47199166000007], [84.80526102600004, 25.470660259000056], [84.80571267300007, 25.469519696000077], [84.80681859400005, 25.467591329000072], [84.80783701400009, 25.466452443000037], [84.80853262900007, 25.465213420000055], [84.80932716200005, 25.464110007000045], [84.80922627000007, 25.463161886000023], [84.80954799700004, 25.462174419000064], [84.80979528600005, 25.461155095000038], [84.80971637600004, 25.45962927900007], [84.80981359900005, 25.45884878100003], [84.80996740800003, 25.457571932000064], [84.81011220800008, 25.456028771000035], [84.81047558500006, 25.45454495000007], [84.81081745500006, 25.453489811000054], [84.81124565800008, 25.451933989000054], [84.81166335800003, 25.450522513000067], [84.81222936100005, 25.44934622900007], [84.81249455500006, 25.448855007000077], [84.81246759600003, 25.44807411800008], [84.81247209300005, 25.446819386000072], [84.81244966200006, 25.44476571200005], [84.81217486900005, 25.443780985000046], [84.81210433400008, 25.44264792200005], [84.81308338900004, 25.442727501000036], [84.81483316700007, 25.44271915300004], [84.81499878000005, 25.44227733400004], [84.81502543800008, 25.440399859000024], [84.81496897800008, 25.43812493400003], [84.81504809500007, 25.436856827000042], [84.81502486100004, 25.435019848000024], [84.81465231100003, 25.434937482000066], [84.81415006800006, 25.43500362700007], [84.81368633400007, 25.435408470000027], [84.81317838200005, 25.435659792000024], [84.81252723100005, 25.435657802000037], [84.81178504700006, 25.436093379000056], [84.81121787800004, 25.43761724600006], [84.81103166800006, 25.438239547000023], [84.81075225400008, 25.438527605000047], [84.81039590000006, 25.438102254000057], [84.81017380500003, 25.43768185600004], [84.80997300500007, 25.436832682000045], [84.80971537600004, 25.436597191000033], [84.80921299700003, 25.43669500200008], [84.80883993400005, 25.436779685000033], [84.80818767500006, 25.43706658900004], [84.80732719500008, 25.43721288000006], [84.80717852300006, 25.43711315200005], [84.80684719600004, 25.436638212000048], [84.80664440900006, 25.43636685200005], [84.80570840500008, 25.436770188000025], [84.80527959200003, 25.437139021000064], [84.80527753400008, 25.43768065100005], [84.80542448100005, 25.43829041300006], [84.80565536200004, 25.439044822000028], [84.80576611800007, 25.440011069000036], [84.80363589400008, 25.44209882100006], [84.80298293900006, 25.442570726000042], [84.80243105800008, 25.44259610000006], [84.80187328800008, 25.442883273000064], [84.80192309400007, 25.444201337000038], [84.80186326000006, 25.445586794000064], [84.80210657300006, 25.445673283000076], [84.80323965900004, 25.445762521000063], [84.80427235600007, 25.44609511500005], [84.80465853500004, 25.446534104000023], [84.80497369400007, 25.447347507000075], [84.80528800900004, 25.44840008400007], [84.80548905000006, 25.449145377000036], [84.80559566200003, 25.449904], [84.80543046500009, 25.45022847300004], [84.80472093600008, 25.449851714000033], [84.80350419900003, 25.449518468000065], [84.80248122000006, 25.449226547000023], [84.80147841900003, 25.448853326000062], [84.79948768200006, 25.448102539000047], [84.79803747600005, 25.44774157200004], [84.79715309200003, 25.44762600400003], [84.79686212000007, 25.448315613000034], [84.79665117400003, 25.448910752000074], [84.79625655500007, 25.449419576000025], [84.79582216700004, 25.44991470900004], [84.79523916200003, 25.45028744700005], [84.79506833600004, 25.450765407000063], [84.79431492900005, 25.45147620800003], [84.79360584500006, 25.452336013000036], [84.79296540300004, 25.453403741000045], [84.79262435600003, 25.454206034000038], [84.79222849400008, 25.45503976300006], [84.79214538000008, 25.457287203000078], [84.79228940100006, 25.45865069100006], [84.79224984600006, 25.459914410000067], [84.79248955600008, 25.460935144000075], [84.79258125300004, 25.461671116000048], [84.79390843600004, 25.46176096800008], [84.79590254900006, 25.461645287000067], [84.79617384900007, 25.462201295000057], [84.79620631700004, 25.462828776000038], [84.79600021400006, 25.463423944000056], [84.79545288000008, 25.463562138000043], [84.79445782700003, 25.46374409400005], [84.79370577700007, 25.46408475100003], [84.79319696800007, 25.464525537000043], [84.79332867100004, 25.46518936500007], [84.79395150600004, 25.466152676000036], [84.79444217100007, 25.466583024000045], [84.79462089200007, 25.467978214000027], [84.79475157300004, 25.46891740700005], [84.79494274700005, 25.470971633000033], [84.79512164600004, 25.47231718000006], [84.79530645200003, 25.47342800100006], [84.79542827000006, 25.474100879000048], [84.79516349100004, 25.47442509700005], [84.79463455800004, 25.474933453000062], [84.79470478700006, 25.47607553100005], [84.79547155700004, 25.47713402000005], [84.79536492500006, 25.477720489000035], [84.79536255900007, 25.478352357000063], [84.79535972400004, 25.479101555000057], [84.79593966300007, 25.47958181100006], [84.79637109100008, 25.479921622000063], [84.79634901100007, 25.48050382100007], [84.79578665200006, 25.480619364000063], [84.79564621500003, 25.48093485800007], [84.79552950300007, 25.481566391000058], [84.79554692500005, 25.482211919000065], [84.79616167800003, 25.48270574000003], [84.79674223700005, 25.48305060900003], [84.79668475600005, 25.483781604000058], [84.79668203000006, 25.484517261000065], [84.79687913700008, 25.48498724500007], [84.79713378300005, 25.486044148000076], [84.79721027900007, 25.486879384000076], [84.79735774100004, 25.48734022000008], [84.79759900700003, 25.487986377000027], [84.79768230200006, 25.488316135000048], [84.79929815600008, 25.487061890000064], [84.80042946800006, 25.48638378100003]]]]}}, {"type": "Feature", "properties": {"OBJECTID": 951, "GPCODE": "96316", "GPNAME_1": "WAZIRPUR", "DIST_CEN_C": "28", "BLK_NAME": "BIKRAM", "ST_NAME": "BIHAR", "ST_CODE_1": "10", "GPCODE2011": "98870", "REMARKS": "FINALIZED", "MAP_STATUS": "COMPLETED", "BLK_C_2001": "280008", "BLK_C_2011": "01405", "DIST_NAME": "PATNA", "code2011": 0.0, "Shape_Leng": 0.14273319665, "Shape_Area": 0.00060665326, "Area": 6.76282}, "geometry": {"type": "MultiPolygon", "coordinates": [[[[84.82896643300006, 25.44821717800005], [84.82932790000007, 25.445749312000032], [84.82936072300004, 25.44487834000006], [84.82979209200005, 25.443764741000052], [84.83024043700004, 25.443508775000055], [84.83137382500007, 25.443498436000027], [84.83264172200006, 25.443416307000064], [84.83357243900008, 25.443080474000055], [84.83452285100003, 25.442812350000054], [84.83418851800008, 25.44173263500005], [84.83408554100004, 25.439859279000075], [84.83398409800003, 25.437543575000063], [84.83399154700004, 25.435390693000045], [84.83398786400005, 25.43064706900003], [84.83396911800008, 25.43031751600006], [84.83533140200007, 25.43022210500004], [84.83556552300007, 25.430060282000056], [84.83574949800004, 25.42859393200007], [84.83570680800005, 25.427979927000024], [84.83574419200005, 25.427230819000044], [84.83567614200007, 25.426774800000032], [84.83553354900005, 25.426318526000045], [84.83512220300008, 25.42596078500003], [84.83497891700006, 25.42573015000005], [84.83509995200006, 25.425197972000035], [84.83435453100003, 25.42518225400005], [84.83305359600007, 25.424803978000057], [84.83210464300004, 25.424702042000035], [84.83096228300008, 25.42448659300004], [84.83042344700004, 25.42362300900004], [84.82992293100006, 25.42321535600007], [84.82885959800007, 25.423126540000055], [84.82817344400007, 25.423192288000052], [84.82787528000006, 25.423177902000077], [84.82761451700009, 25.42243245800006], [84.82756438600006, 25.42110987500007], [84.82747736500005, 25.420419064000043], [84.82656304800008, 25.42038480700006], [84.82513188700005, 25.420312938000052], [84.82430264100003, 25.42009838200005], [84.82259321000004, 25.420025751000026], [84.81985539800007, 25.419846286000052], [84.81768845100004, 25.41984896500003], [84.81757164400005, 25.42054362500005], [84.81798187200008, 25.421185724000054], [84.81851618000007, 25.421864393000078], [84.81844037200005, 25.422220736000043], [84.81839441200003, 25.422572652000042], [84.81791256900004, 25.42248991500003], [84.81737078500004, 25.42251991200004], [84.81701722800005, 25.422703927000043], [84.81638054700005, 25.422855570000024], [84.81628813200007, 25.423667711000064], [84.81584009100004, 25.423887533000027], [84.81475563600003, 25.424137055000074], [84.81406834900008, 25.424523150000027], [84.81261595800004, 25.424825793000025], [84.81270787400007, 25.42553017800003], [84.81280033600007, 25.426090059000046], [84.81345162800005, 25.426024357000074], [84.81391452900004, 25.425854178000066], [84.81475497700006, 25.42570322000006], [84.81523711500006, 25.425704644000064], [84.81523500900005, 25.426300428000047], [84.81511506800007, 25.426476080000043], [84.81451796100004, 25.426677410000025], [84.81381174400008, 25.42679270700006], [84.81368131700003, 25.427112801000078], [84.81378952400007, 25.427433500000063], [84.81462947500006, 25.427436070000056], [84.81583708100004, 25.427507336000076], [84.81596424300005, 25.428067335000037], [84.81581375500008, 25.42845509400007], [84.81495840700006, 25.428574381000033], [84.81430617500007, 25.42889289900006], [84.81415632000005, 25.429109077000078], [84.81447354300008, 25.42934924900004], [84.81519923400003, 25.42933335300006], [84.81547728200007, 25.429437990000054], [84.81551053500004, 25.429844354000068], [84.81542060300006, 25.429979477000074], [84.81481411600004, 25.430018287000053], [84.81332257700006, 25.43013115800005], [84.81227923900008, 25.429992708000043], [84.81205788600005, 25.42934658000007], [84.81135175200006, 25.429448325000067], [84.81085259000008, 25.428652422000027], [84.81047987500006, 25.428651365000064], [84.80952983900005, 25.428833508000025], [84.80852449100007, 25.429200614000024], [84.80812256900003, 25.429018860000042], [84.80734049100005, 25.429490464000025], [84.80629520900004, 25.429893510000056], [84.80566217300003, 25.430383508000034], [84.80489400900007, 25.431139494000035], [84.80435110000008, 25.431426680000072], [84.80444356500004, 25.431968607000044], [84.80462306300007, 25.43316967000004], [84.80475483000004, 25.433829079000077], [84.80532975900007, 25.434304674000032], [84.80570021200003, 25.43493320600004], [84.80633387700004, 25.435643734000053], [84.80664440900006, 25.43636685200005], [84.80684719600004, 25.436638212000048], [84.80717852300006, 25.43711315200005], [84.80732719500008, 25.43721288000006], [84.80818767500006, 25.43706658900004], [84.80883993400005, 25.436779685000033], [84.80921299700003, 25.43669500200008], [84.80971537600004, 25.436597191000033], [84.80997300500007, 25.436832682000045], [84.81017380500003, 25.43768185600004], [84.81039590000006, 25.438102254000057], [84.81075225400008, 25.438527605000047], [84.81103166800006, 25.438239547000023], [84.81121787800004, 25.43761724600006], [84.81178504700006, 25.436093379000056], [84.81252723100005, 25.435657802000037], [84.81317838200005, 25.435659792000024], [84.81368633400007, 25.435408470000027], [84.81415006800006, 25.43500362700007], [84.81465231100003, 25.434937482000066], [84.81502486100004, 25.435019848000024], [84.81504809500007, 25.436856827000042], [84.81496897800008, 25.43812493400003], [84.81502543800008, 25.440399859000024], [84.81499878000005, 25.44227733400004], [84.81483316700007, 25.44271915300004], [84.81308338900004, 25.442727501000036], [84.81210433400008, 25.44264792200005], [84.81217486900005, 25.443780985000046], [84.81244966200006, 25.44476571200005], [84.81247209300005, 25.446819386000072], [84.81246759600003, 25.44807411800008], [84.81249455500006, 25.448855007000077], [84.81422264400004, 25.448007140000072], [84.81550117200004, 25.447740096000075], [84.81691590800006, 25.448312974000032], [84.81785451500008, 25.448591030000046], [84.81848907700004, 25.44908489100004], [84.81998871600007, 25.449549664000074], [84.82092515800008, 25.45042348000004], [84.82265516900009, 25.45183223500004], [84.82438062200004, 25.45313263500003], [84.82583879200007, 25.454125287000068], [84.82653767000005, 25.45330137700006], [84.82696790200004, 25.45250819900008], [84.82760913800007, 25.451106388000028], [84.82791004300003, 25.450367050000068], [84.82872634800003, 25.450080485000058], [84.82911111200008, 25.44948587300007], [84.82896643300006, 25.44821717800005]]]]}}, {"type": "Feature", "properties": {"OBJECTID": 954, "GPCODE": "96313", "GPNAME_1": "NAGHAR", "DIST_CEN_C": "28", "BLK_NAME": "BIKRAM", "ST_NAME": "BIHAR", "ST_CODE_1": "10", "GPCODE2011": "98867", "REMARKS": "FINALIZED", "MAP_STATUS": "COMPLETED", "BLK_C_2001": "280008", "BLK_C_2011": "01405", "DIST_NAME": "PATNA", "code2011": 0.0, "Shape_Leng": 0.19395932059, "Shape_Area": 0.00095335681, "Area": 10.6255}, "geometry": {"type": "MultiPolygon", "coordinates": [[[[84.83961254600007, 25.483303616000057], [84.84076189500007, 25.482430858000043], [84.84181415100005, 25.48153104200003], [84.84336320800008, 25.480768115000046], [84.84348958600003, 25.48012748900004], [84.84389016900008, 25.479307207000033], [84.84462006500007, 25.478144765000025], [84.84498112100005, 25.47722948300003], [84.84525811000003, 25.476178696000034], [84.84562648900004, 25.474568392000037], [84.84597439800007, 25.47460992400005], [84.84677950900004, 25.474734050000052], [84.84762610500007, 25.474325630000067], [84.84804062700005, 25.47376706700004], [84.84881588200005, 25.47240620900004], [84.84891409000005, 25.47126458300005], [84.84910294000008, 25.469798189000073], [84.84902106200008, 25.46900355400004], [84.84921502800006, 25.46748764000006], [84.84948446100003, 25.46568297400006], [84.84974191300006, 25.464501189000032], [84.84993241400008, 25.464041338000072], [84.85057063900007, 25.46346076100008], [84.85152599400004, 25.46324220400004], [84.85216775800006, 25.46312664100003], [84.85261631100008, 25.462771246000045], [84.85277276200009, 25.462072109000076], [84.85302810200005, 25.461535726000022], [84.854363, 25.460772003000045], [84.85506015900006, 25.460435434000033], [84.85541396500008, 25.460179134000043], [84.85654374500007, 25.45978942100004], [84.85693767600003, 25.45945202100006], [84.85703521700003, 25.458481867000046], [84.85716129200006, 25.457945102000053], [84.85774356400003, 25.45774352600006], [84.85845416800004, 25.457862813000077], [84.85860181800007, 25.45832359900004], [84.85957512600004, 25.45868273700006], [84.86027011700008, 25.45899146900007], [84.86032753100005, 25.458143110000037], [84.86023529800008, 25.457443280000064], [84.86008839000004, 25.456743321000033], [84.85943374800007, 25.456249610000043], [84.85872458500006, 25.45571966400007], [84.85820054500005, 25.454797519000067], [84.85720002600004, 25.453643863000025], [84.85658486700004, 25.453267605000065], [84.85622715800008, 25.453198963000034], [84.85577653800004, 25.452633560000038], [84.85570492000005, 25.451730672000053], [84.85527253500004, 25.451679928000033], [84.85458105300006, 25.451849552000056], [84.85398101300007, 25.451387538000063], [84.85301137300007, 25.449918041000046], [84.85223546800006, 25.448525817000075], [84.85199385700008, 25.447929370000054], [84.85255332400004, 25.447095881000052], [84.85401193000007, 25.44495147200007], [84.85498775600007, 25.442968115000042], [84.85463196700005, 25.44230820300004], [84.85411249400005, 25.441557549000038], [84.85334478500005, 25.440711521000026], [84.85325678300006, 25.440255398000033], [84.85399323300004, 25.440013646000068], [84.85456658300006, 25.439509662000034], [84.85447966000004, 25.438724106000052], [84.85451590400004, 25.438268331000074], [84.85344194000004, 25.438360230000058], [84.85259696700007, 25.438326347000043], [84.85208090400005, 25.43804964900005], [84.85161822600008, 25.436680769000077], [84.85162421600006, 25.434839366000062], [84.85197271200008, 25.433143245000053], [84.85195706600007, 25.431870333000063], [84.85197959400006, 25.431071587000076], [84.85176688300004, 25.43074147300007], [84.85072815300003, 25.43072064100005], [84.85017263200007, 25.43036256700003], [84.85001143700003, 25.429513576000033], [84.84883328800004, 25.428043470000034], [84.84804921300008, 25.427666748000036], [84.84743842500006, 25.427498069000023], [84.84695601300007, 25.427577975000077], [84.84688430200003, 25.428227692000064], [84.84638082100008, 25.428664178000076], [84.84648126500008, 25.42986951900008], [84.84699904100006, 25.431107587000042], [84.84747632700004, 25.432566733000044], [84.84720382700004, 25.43378916000006], [84.84686177400005, 25.435006851000026], [84.84665890500008, 25.436220468000045], [84.84681860200004, 25.43752525000008], [84.84709878400008, 25.438500918000045], [84.84720536000003, 25.439327210000044], [84.84739838800004, 25.439571474000047], [84.84638315500007, 25.439934252000057], [84.84519833600007, 25.440468079000027], [84.84374526700003, 25.440937984000072], [84.84248671300008, 25.441209799000035], [84.84184424600005, 25.44158264200007], [84.84135518400007, 25.442149973000028], [84.84147795700005, 25.442574627000056], [84.84096027900006, 25.442798809000067], [84.84018995600007, 25.442733521000036], [84.83972306200008, 25.44263288600007], [84.83898672000004, 25.44282493000003], [84.83861262100004, 25.443198504000065], [84.83837659400007, 25.44389744500006], [84.83717343800004, 25.44396176400005], [84.83687073800007, 25.44380737800003], [84.83660468500005, 25.443093522000026], [84.83642703600003, 25.44270041200008], [84.83560192300007, 25.442679999000063], [84.83452285100003, 25.442812350000054], [84.83357243900008, 25.443080474000055], [84.83264172200006, 25.443416307000064], [84.83137382500007, 25.443498436000027], [84.83024043700004, 25.443508775000055], [84.82979209200005, 25.443764741000052], [84.82936072300004, 25.44487834000006], [84.82932790000007, 25.445749312000032], [84.82896643300006, 25.44821717800005], [84.82911111200008, 25.44948587300007], [84.82872634800003, 25.450080485000058], [84.82791004300003, 25.450367050000068], [84.82760913800007, 25.451106388000028], [84.82696790200004, 25.45250819900008], [84.82653767000005, 25.45330137700006], [84.82583879200007, 25.454125287000068], [84.82658673800006, 25.45491275300003], [84.82765315900008, 25.455610926000077], [84.82888946100007, 25.456061340000076], [84.82981898000008, 25.45610460200004], [84.83053034700004, 25.455984751000074], [84.83141568300005, 25.455851927000026], [84.83205245400006, 25.455736325000032], [84.83268876700004, 25.45575619500005], [84.83370223600008, 25.455962207000027], [84.83420814400006, 25.456302176000065], [84.83478837500007, 25.456732559000045], [84.83516309200007, 25.457631805000062], [84.83590633300008, 25.458378579000055], [84.83625667200005, 25.459155922000036], [84.83735032600003, 25.460630394000077], [84.83831607400003, 25.461734421000074], [84.83849414700006, 25.46200116800003], [84.83750593100007, 25.461659861000044], [84.83700480900006, 25.46135603600004], [84.83620625800006, 25.46079415300005], [84.83586973900003, 25.460355443000026], [84.83553672300008, 25.460336446000042], [84.83508713700007, 25.460944417000064], [84.83446796000004, 25.461719007000056], [84.83381499500007, 25.462209178000023], [84.83280926600008, 25.46263049500004], [84.83213702300003, 25.46294905700006], [84.83182848400008, 25.46302496800007], [84.83180724400006, 25.463413038000056], [84.83208902200005, 25.463887717000034], [84.83223602500004, 25.464497447000042], [84.83239807400008, 25.465089213000056], [84.83209892000008, 25.465341085000034], [84.83141174200006, 25.465646019000076], [84.83135308700008, 25.466796807000037], [84.83152816300003, 25.46792116200004], [84.83168975100006, 25.46864830900006], [84.83163291100004, 25.469275436000032], [84.83120282800007, 25.469987394000043], [84.83105177600004, 25.47052407900003], [84.83079373700008, 25.471818647000077], [84.83049212400005, 25.472765657000025], [84.83000690400007, 25.473608246000026], [84.82959755500008, 25.474099006000074], [84.82878554100006, 25.474530008000045], [84.82827742800004, 25.47478579500006], [84.82764003500006, 25.47507286000007], [84.82667926700003, 25.475376980000078], [84.82548015200007, 25.475612719000026], [84.82431492300003, 25.476101276000065], [84.82311038300008, 25.476440854000032], [84.82354161500007, 25.476830232000054], [84.82369825800004, 25.47753479000005], [84.82410845000004, 25.478253566000035], [84.82457287100004, 25.479121491000058], [84.824367, 25.47968510100003], [84.82503528600006, 25.480522007000047], [84.82586074600005, 25.48193710700008], [84.82672010800007, 25.48221039400005], [84.82803254200007, 25.48228191000004], [84.82868881500008, 25.482337921000067], [84.82928899300003, 25.482745876000024], [84.82926215900005, 25.483332559000075], [84.83110352800009, 25.48289548300005], [84.83241607300005, 25.482966959000066], [84.83357936800007, 25.48303800900004], [84.83451237700007, 25.48358668900005], [84.83525993700005, 25.48454567300007], [84.83568720500006, 25.48609956200005], [84.83636979100004, 25.48574033600005], [84.83833349900004, 25.48442344600005], [84.83940582300005, 25.48346058900006], [84.83961254600007, 25.483303616000057]]]]}}, {"type": "Feature", "properties": {"OBJECTID": 972, "GPCODE": "96308", "GPNAME_1": "GORKHARI", "DIST_CEN_C": "28", "BLK_NAME": "BIKRAM", "ST_NAME": "BIHAR", "ST_CODE_1": "10", "GPCODE2011": "98862", "REMARKS": "FINALIZED", "MAP_STATUS": "COMPLETED", "BLK_C_2001": "280008", "BLK_C_2011": "01405", "DIST_NAME": "PATNA", "code2011": 0.0, "Shape_Leng": 0.13234291743, "Shape_Area": 0.00061354997, "Area": 6.83749}, "geometry": {"type": "MultiPolygon", "coordinates": [[[[84.89082658200005, 25.48049486800005], [84.89131398900008, 25.48048254400004], [84.89201389000004, 25.48089043500005], [84.89221138300007, 25.481369322000035], [84.89231941800006, 25.481843479000077], [84.89284167100004, 25.48179515100003], [84.89280944800004, 25.480892426000025], [84.89302901200006, 25.480649207000056], [84.89349646000005, 25.480632257000025], [84.89371593100003, 25.480402577000064], [84.89339411500004, 25.479927888000077], [84.89319695600005, 25.47932264700006], [84.89270553800003, 25.47905515900004], [84.89196445000005, 25.479103019000036], [84.89184121400007, 25.478732571000023], [84.89021696300006, 25.478150853000045], [84.88947694400008, 25.477873785000043], [84.88954766500007, 25.477494828000033], [84.89027430800007, 25.477284440000062], [84.89077642400008, 25.477285651000045], [84.89222416800004, 25.477041013000076], [84.89390567700008, 25.476733644000035], [84.89468237200003, 25.476410599000076], [84.89466868800008, 25.47598171900006], [84.89454052700006, 25.475588774000073], [84.89398471900006, 25.47522635300004], [84.89342306100008, 25.475148296000043], [84.89302668700003, 25.474673377000045], [84.89297285400005, 25.474393380000038], [84.89333685400004, 25.474033259000066], [84.89337269300006, 25.473694812000076], [84.89348509900003, 25.472661454000047], [84.89333936700007, 25.471496631000036], [84.89496483800008, 25.47164049400004], [84.89747566000005, 25.471655654000074], [84.89893725300004, 25.47175842000007], [84.90067300400005, 25.47158205200003], [84.90208092600005, 25.471301004000054], [84.90262372400008, 25.47102250900008], [84.90293310900006, 25.470630569000036], [84.90389926500006, 25.468335505000027], [84.90478921300007, 25.466577318000077], [84.90506802900006, 25.464722967000057], [84.90541637300004, 25.462846155000022], [84.90558592800005, 25.46089671900006], [84.90547837600008, 25.460282667000058], [84.90495644600009, 25.46024980900006], [84.90408612400006, 25.460328984000057], [84.90361946400003, 25.460084229000074], [84.90353295800008, 25.459063953000054], [84.90339070500005, 25.45839113900007], [84.90344763300004, 25.457587802000035], [84.90154773400008, 25.457872165000026], [84.89815045100005, 25.45845537200006], [84.89715572200004, 25.458601884000075], [84.89442535100005, 25.458933828000056], [84.89234655300004, 25.459158983000066], [84.89073973000006, 25.459466477000035], [84.88990440100008, 25.459500542000058], [84.88807872100006, 25.45985708300003], [84.88670595900004, 25.46005227200004], [84.88562102500003, 25.46042421900006], [84.88435350200007, 25.460371396000028], [84.88414052000007, 25.460077526000077], [84.88417762900008, 25.459328420000077], [84.88398430800004, 25.45747285500005], [84.88373539400004, 25.455964737000045], [84.88353907800007, 25.455111182000053], [84.88233110600004, 25.455081149000023], [84.88012884100004, 25.45504398500003], [84.87872232300003, 25.454927620000035], [84.87633592200007, 25.454953104000026], [84.87490924700006, 25.45492242800003], [84.87494047700005, 25.456055325000023], [84.87481354400006, 25.456908087000045], [84.87379895000004, 25.457049916000074], [84.87314767000004, 25.45706632300005], [84.87276915200005, 25.45726395300005], [84.87267853900005, 25.457638281000072], [84.87260181900007, 25.45831062900004], [84.87039919500006, 25.458377119000033], [84.86930111900006, 25.458175750000066], [84.86832022600004, 25.458651592000024], [84.86770703200006, 25.459191587000078], [84.86737615300007, 25.460057369000026], [84.86692592000009, 25.460958849000065], [84.86652147600006, 25.461485843000048], [84.86644576400005, 25.46342196100005], [84.86656725800003, 25.464297860000045], [84.86705165900008, 25.46521532500003], [84.86802283100008, 25.46625150400007], [84.86915867500005, 25.467139037000038], [84.87080074700003, 25.468298719000074], [84.87155414000006, 25.46905440000006], [84.87196954000007, 25.46975963700004], [84.87222211300008, 25.470107806000044], [84.87259992100007, 25.470108743000026], [84.87297861400003, 25.469861475000073], [84.87348704900006, 25.469438573000048], [84.87373980500007, 25.46970100200008], [84.87429922200005, 25.470474182000032], [84.87570138700005, 25.47208907600003], [84.87708835500007, 25.473780684000076], [84.87803837200005, 25.47530865600004], [84.87879561500006, 25.476465955000037], [84.87917270300005, 25.476710652000065], [84.87971457800006, 25.47674361600008], [84.87987747400007, 25.477154726000037], [84.88076121600005, 25.477585800000043], [84.88198925800003, 25.477620469000044], [84.88305286600007, 25.477785634000043], [84.88447950400007, 25.47792002600005], [84.88536402300008, 25.478102783000054], [84.88476471200005, 25.47900402700003], [84.88443942500004, 25.47966670200003], [84.88438236500008, 25.480469930000027], [84.88459811300004, 25.481472410000038], [84.88519332100003, 25.48196585900007], [84.88613737700007, 25.48221644800003], [84.88704262100003, 25.48212845300003], [84.88809298400008, 25.481733838000025], [84.88914376200006, 25.481230907000054], [84.89082658200005, 25.48049486800005]]]]}}, {"type": "Feature", "properties": {"OBJECTID": 973, "GPCODE": "96314", "GPNAME_1": "PATUT", "DIST_CEN_C": "28", "BLK_NAME": "BIKRAM", "ST_NAME": "BIHAR", "ST_CODE_1": "10", "GPCODE2011": "98868", "REMARKS": "FINALIZED", "MAP_STATUS": "COMPLETED", "BLK_C_2001": "280008", "BLK_C_2011": "01405", "DIST_NAME": "PATNA", "code2011": 0.0, "Shape_Leng": 0.14389064994, "Shape_Area": 0.00082144477, "Area": 9.15476}, "geometry": {"type": "MultiPolygon", "coordinates": [[[[84.82379048200005, 25.486674709000056], [84.82524220200008, 25.485333938000053], [84.82629409900005, 25.48458775100005], [84.82787332700008, 25.483739326000034], [84.82926215900005, 25.483332559000075], [84.82928899300003, 25.482745876000024], [84.82868881500008, 25.482337921000067], [84.82803254200007, 25.48228191000004], [84.82672010800007, 25.48221039400005], [84.82586074600005, 25.48193710700008], [84.82503528600006, 25.480522007000047], [84.824367, 25.47968510100003], [84.82457287100004, 25.479121491000058], [84.82410845000004, 25.478253566000035], [84.82369825800004, 25.47753479000005], [84.82354161500007, 25.476830232000054], [84.82311038300008, 25.476440854000032], [84.82431492300003, 25.476101276000065], [84.82548015200007, 25.475612719000026], [84.82667926700003, 25.475376980000078], [84.82764003500006, 25.47507286000007], [84.82827742800004, 25.47478579500006], [84.82878554100006, 25.474530008000045], [84.82959755500008, 25.474099006000074], [84.83000690400007, 25.473608246000026], [84.83049212400005, 25.472765657000025], [84.83079373700008, 25.471818647000077], [84.83105177600004, 25.47052407900003], [84.83120282800007, 25.469987394000043], [84.83163291100004, 25.469275436000032], [84.83168975100006, 25.46864830900006], [84.83152816300003, 25.46792116200004], [84.83135308700008, 25.466796807000037], [84.83141174200006, 25.465646019000076], [84.83209892000008, 25.465341085000034], [84.83239807400008, 25.465089213000056], [84.83223602500004, 25.464497447000042], [84.83208902200005, 25.463887717000034], [84.83180724400006, 25.463413038000056], [84.83182848400008, 25.46302496800007], [84.83213702300003, 25.46294905700006], [84.83280926600008, 25.46263049500004], [84.83381499500007, 25.462209178000023], [84.83446796000004, 25.461719007000056], [84.83508713700007, 25.460944417000064], [84.83553672300008, 25.460336446000042], [84.83586973900003, 25.460355443000026], [84.83620625800006, 25.46079415300005], [84.83700480900006, 25.46135603600004], [84.83750593100007, 25.461659861000044], [84.83849414700006, 25.46200116800003], [84.83831607400003, 25.461734421000074], [84.83735032600003, 25.460630394000077], [84.83625667200005, 25.459155922000036], [84.83590633300008, 25.458378579000055], [84.83516309200007, 25.457631805000062], [84.83478837500007, 25.456732559000045], [84.83420814400006, 25.456302176000065], [84.83370223600008, 25.455962207000027], [84.83268876700004, 25.45575619500005], [84.83205245400006, 25.455736325000032], [84.83141568300005, 25.455851927000026], [84.83053034700004, 25.455984751000074], [84.82981898000008, 25.45610460200004], [84.82888946100007, 25.456061340000076], [84.82765315900008, 25.455610926000077], [84.82658673800006, 25.45491275300003], [84.82583879200007, 25.454125287000068], [84.82438062200004, 25.45313263500003], [84.82265516900009, 25.45183223500004], [84.82092515800008, 25.45042348000004], [84.81998871600007, 25.449549664000074], [84.81848907700004, 25.44908489100004], [84.81785451500008, 25.448591030000046], [84.81691590800006, 25.448312974000032], [84.81550117200004, 25.447740096000075], [84.81422264400004, 25.448007140000072], [84.81249455500006, 25.448855007000077], [84.81222936100005, 25.44934622900007], [84.81166335800003, 25.450522513000067], [84.81124565800008, 25.451933989000054], [84.81081745500006, 25.453489811000054], [84.81047558500006, 25.45454495000007], [84.81011220800008, 25.456028771000035], [84.80996740800003, 25.457571932000064], [84.80981359900005, 25.45884878100003], [84.80971637600004, 25.45962927900007], [84.80979528600005, 25.461155095000038], [84.80954799700004, 25.462174419000064], [84.80922627000007, 25.463161886000023], [84.80932716200005, 25.464110007000045], [84.80853262900007, 25.465213420000055], [84.80783701400009, 25.466452443000037], [84.80681859400005, 25.467591329000072], [84.80571267300007, 25.469519696000077], [84.80526102600004, 25.470660259000056], [84.80523631300008, 25.47199166000007], [84.80485974200008, 25.474314849000052], [84.80463011500007, 25.475916416000075], [84.80482688500007, 25.47650381300008], [84.80553688900005, 25.476794824000024], [84.80613178900006, 25.478638085000057], [84.80664833100008, 25.480156132000047], [84.80723572500006, 25.481326938000052], [84.80740937500008, 25.481444768000074], [84.80834310700004, 25.481754527000078], [84.80883326100007, 25.482338259000073], [84.80991178400006, 25.48383989000007], [84.81055162200005, 25.484284165000076], [84.81031837200004, 25.48554273700006], [84.81054439500008, 25.48629708800007], [84.81155071300003, 25.487148615000024], [84.81234304800006, 25.486708744000055], [84.81318880600008, 25.486593837000044], [84.81412114900007, 25.48730979100003], [84.81453061200006, 25.48819565200006], [84.81486573000007, 25.48904965500003], [84.81512633600005, 25.489867385000025], [84.81572574500007, 25.49051907000006], [84.81605851400008, 25.49201847200004], [84.81665574300007, 25.493279545000064], [84.81713893900007, 25.494440927000028], [84.81749429700005, 25.495209208000063], [84.81760063300004, 25.49606256900006], [84.81842881300008, 25.495315745000028], [84.81929673900004, 25.494600740000067], [84.82012455300008, 25.49395769700004], [84.82080307400008, 25.493345899000076], [84.82076527800007, 25.492763532000026], [84.82080995000007, 25.49140057900007], [84.82084778600006, 25.490547712000023], [84.82167843200006, 25.489087776000076], [84.82269686100005, 25.48796685700006], [84.82379048200005, 25.486674709000056]]]]}}, {"type": "Feature", "properties": {"OBJECTID": 996, "GPCODE": "96306", "GPNAME_1": "DATIYANA", "DIST_CEN_C": "28", "BLK_NAME": "BIKRAM", "ST_NAME": "BIHAR", "ST_CODE_1": "10", "GPCODE2011": "98860", "REMARKS": "FINALIZED", "MAP_STATUS": "COMPLETED", "BLK_C_2001": "280008", "BLK_C_2011": "01405", "DIST_NAME": "PATNA", "code2011": 0.0, "Shape_Leng": 0.13631196213, "Shape_Area": 0.00083274343, "Area": 9.27967}, "geometry": {"type": "MultiPolygon", "coordinates": [[[[84.87539655600006, 25.488675255000032], [84.87539876400007, 25.487948534000054], [84.87552459400007, 25.48747042800005], [84.87628588800004, 25.48730994500005], [84.87702716400008, 25.48721252100006], [84.87816578300004, 25.487265043000036], [84.87887202100006, 25.487217241000053], [84.87948352300003, 25.48726836900005], [84.87993655500009, 25.487107061000074], [84.88011653300003, 25.486796043000027], [84.88011795100005, 25.486317702000065], [84.88001430300005, 25.486055661000023], [84.88033930100005, 25.485501301000056], [84.88077298000007, 25.48515486100007], [84.88082922400008, 25.48464044700006], [84.88061187300008, 25.484147990000054], [84.88032515100008, 25.48360559400004], [84.88020225100007, 25.483144882000033], [84.88061589400007, 25.482834525000044], [84.88105336100006, 25.482871782000075], [84.88121156400007, 25.483183583000027], [84.88303661700007, 25.48315204100004], [84.88316438700008, 25.483644367000068], [84.88491306700007, 25.484226385000056], [84.88522109100006, 25.484290358000067], [84.88511559100004, 25.483021870000073], [84.88519332100003, 25.48196585900007], [84.88459811300004, 25.481472410000038], [84.88438236500008, 25.480469930000027], [84.88443942500004, 25.47966670200003], [84.88476471200005, 25.47900402700003], [84.88536402300008, 25.478102783000054], [84.88447950400007, 25.47792002600005], [84.88305286600007, 25.477785634000043], [84.88198925800003, 25.477620469000044], [84.88076121600005, 25.477585800000043], [84.87987747400007, 25.477154726000037], [84.87971457800006, 25.47674361600008], [84.87917270300005, 25.476710652000065], [84.87879561500006, 25.476465955000037], [84.87803837200005, 25.47530865600004], [84.87708835500007, 25.473780684000076], [84.87570138700005, 25.47208907600003], [84.87429922200005, 25.470474182000032], [84.87373980500007, 25.46970100200008], [84.87348704900006, 25.469438573000048], [84.87297861400003, 25.469861475000073], [84.87259992100007, 25.470108743000026], [84.87222211300008, 25.470107806000044], [84.87196954000007, 25.46975963700004], [84.87155414000006, 25.46905440000006], [84.87080074700003, 25.468298719000074], [84.86915867500005, 25.467139037000038], [84.86802283100008, 25.46625150400007], [84.86705165900008, 25.46521532500003], [84.86656725800003, 25.464297860000045], [84.86644576400005, 25.46342196100005], [84.86652147600006, 25.461485843000048], [84.86482777700007, 25.460975937000057], [84.86338285400006, 25.46038988600003], [84.86114910400005, 25.45930529900005], [84.86027011700008, 25.45899146900007], [84.85957512600004, 25.45868273700006], [84.85860181800007, 25.45832359900004], [84.85845416800004, 25.457862813000077], [84.85774356400003, 25.45774352600006], [84.85716129200006, 25.457945102000053], [84.85703521700003, 25.458481867000046], [84.85693767600003, 25.45945202100006], [84.85654374500007, 25.45978942100004], [84.85541396500008, 25.460179134000043], [84.85506015900006, 25.460435434000033], [84.854363, 25.460772003000045], [84.85302810200005, 25.461535726000022], [84.85277276200009, 25.462072109000076], [84.85261631100008, 25.462771246000045], [84.85216775800006, 25.46312664100003], [84.85152599400004, 25.46324220400004], [84.85057063900007, 25.46346076100008], [84.84993241400008, 25.464041338000072], [84.84974191300006, 25.464501189000032], [84.84948446100003, 25.46568297400006], [84.84921502800006, 25.46748764000006], [84.84902106200008, 25.46900355400004], [84.84910294000008, 25.469798189000073], [84.84891409000005, 25.47126458300005], [84.84881588200005, 25.47240620900004], [84.84804062700005, 25.47376706700004], [84.84762610500007, 25.474325630000067], [84.84677950900004, 25.474734050000052], [84.84597439800007, 25.47460992400005], [84.84562648900004, 25.474568392000037], [84.84525811000003, 25.476178696000034], [84.84498112100005, 25.47722948300003], [84.84462006500007, 25.478144765000025], [84.84389016900008, 25.479307207000033], [84.84348958600003, 25.48012748900004], [84.84336320800008, 25.480768115000046], [84.84411719300005, 25.481298292000076], [84.84540632300008, 25.48243020500007], [84.84637581100003, 25.483958390000055], [84.84660619000005, 25.484974543000078], [84.84718772000008, 25.486528743000065], [84.84718430700008, 25.487562326000045], [84.84718223400006, 25.488203214000066], [84.84731067000007, 25.488451793000024], [84.84806618000005, 25.48857120100007], [84.84830225300004, 25.489343698000027], [84.84836887300008, 25.490260078000063], [84.84853087700003, 25.490887920000034], [84.84843960700005, 25.491429286000027], [84.84898031800003, 25.491823370000077], [84.85015380000004, 25.491858250000064], [84.85174, 25.491916685000035], [84.85215529800007, 25.49113699700007], [84.85268465700005, 25.490456877000042], [84.85354942500004, 25.490626252000027], [84.85418491200005, 25.490934845000027], [84.85455657100005, 25.491346629000077], [84.85455510700007, 25.49178886900006], [84.85459369300008, 25.49216364700004], [84.85530377200007, 25.49247248100005], [84.85552348300007, 25.49220675400005], [84.85562974200008, 25.49166546600003], [84.85567047000006, 25.491354140000055], [84.85588493700004, 25.49115607500005], [84.85673601700006, 25.490946284000074], [84.85787627700006, 25.49048893500003], [84.85928485100004, 25.49010006700007], [84.86036972800008, 25.48988625000004], [84.86086308400007, 25.489562586000034], [84.86163884100006, 25.489560202000064], [84.86234495400004, 25.48956202200003], [84.86286776900005, 25.48936478400003], [84.86288999300007, 25.488615613000036], [84.86365129300003, 25.488486778000038], [84.86560151400005, 25.488194048000025], [84.86715799200005, 25.488216145000024], [84.86858498700008, 25.488269547000073], [84.86961550300003, 25.48792918500004], [84.87075405400003, 25.487977252000064], [84.87230596800003, 25.487850354000045], [84.87360983100007, 25.48752422000007], [84.87373643000006, 25.488391103000026], [84.87407804100008, 25.488902042000063], [84.87539655600006, 25.488675255000032]]]]}}, {"type": "Feature", "properties": {"OBJECTID": 1027, "GPCODE": "96303", "GPNAME_1": "Bikram (NP)", "DIST_CEN_C": "28", "BLK_NAME": "BIKRAM", "ST_NAME": "BIHAR", "ST_CODE_1": "10", "GPCODE2011": "801377", "REMARKS": "FINALIZED", "MAP_STATUS": "COMPLETED", "BLK_C_2001": "280008", "BLK_C_2011": "01405", "DIST_NAME": "PATNA", "code2011": 0.0, "Shape_Leng": 0.14136932446, "Shape_Area": 0.00065614876, "Area": 7.31379}, "geometry": {"type": "MultiPolygon", "coordinates": [[[[84.86832022600004, 25.458651592000024], [84.86930111900006, 25.458175750000066], [84.87039919500006, 25.458377119000033], [84.87260181900007, 25.45831062900004], [84.87267853900005, 25.457638281000072], [84.87276915200005, 25.45726395300005], [84.87314767000004, 25.45706632300005], [84.87379895000004, 25.457049916000074], [84.87481354400006, 25.456908087000045], [84.87494047700005, 25.456055325000023], [84.87490924700006, 25.45492242800003], [84.87468699500005, 25.454429834000052], [84.87456458500003, 25.453815770000062], [84.87435410600006, 25.452772579000055], [84.87407329200005, 25.45035267000003], [84.87411372600008, 25.44852934200003], [84.87379506100007, 25.44707966200008], [84.87353149700004, 25.44549481300004], [84.87344782000008, 25.443621508000035], [84.87315488800004, 25.440307877000066], [84.87513021500007, 25.43971712800004], [84.87724402600008, 25.439298257000075], [84.87828371700004, 25.43903911800004], [84.87964515600004, 25.43924116100004], [84.87979953300004, 25.439310630000023], [84.87996783200003, 25.439386365000075], [84.88126034200008, 25.439358038000023], [84.88256765900007, 25.439329695000026], [84.88337377100004, 25.439051904000053], [84.88419897700004, 25.43904038100004], [84.88565100800008, 25.43884998300007], [84.88695870200007, 25.438749393000023], [84.88846490900005, 25.438721457000042], [84.88959329400006, 25.438724294000053], [84.89070594600008, 25.438970734000065], [84.89112787500005, 25.43917034100008], [84.89253762600003, 25.439841785000056], [84.89241099700007, 25.438952329000074], [84.89192610600008, 25.438201900000024], [84.89167990500005, 25.43740241000006], [84.89051477100008, 25.436406643000055], [84.88942429700006, 25.435365785000045], [84.88894507000003, 25.43438070800005], [84.88878563600008, 25.432836697000027], [84.88877521600006, 25.43132012800004], [84.88807661300007, 25.430564725000067], [84.88759578300005, 25.43013922800003], [84.88785211700008, 25.429196534000027], [84.88655984300004, 25.429175275000034], [84.88553551400008, 25.42932173300005], [84.88424756900008, 25.42953063500005], [84.88324339700006, 25.429559766000068], [84.88218508800009, 25.429435239000043], [84.88170500800004, 25.428752496000072], [84.88129293100008, 25.42860246600003], [84.88034350200007, 25.428636210000036], [84.87964320600008, 25.428453896000065], [84.87907356700003, 25.427834096000026], [84.87889639100007, 25.427264939000054], [84.87836145600005, 25.426658779000036], [84.87737660800008, 25.42687752200004], [84.87635266700005, 25.426892957000064], [84.87529444800003, 25.426759356000048], [84.87395248500007, 25.42675594700006], [84.87379108600004, 25.427504733000035], [84.87398065000008, 25.428886379000062], [84.87405064400008, 25.43037151300007], [84.87387066600007, 25.430691469000067], [84.87182710600007, 25.430911851000076], [84.86976435400004, 25.430942645000073], [84.86875991500006, 25.43105291300003], [84.86806433800007, 25.430951806000053], [84.86761790600008, 25.430666251000048], [84.86772594700005, 25.42951110200005], [84.86741057100005, 25.42864817800006], [84.86726876600005, 25.427898601000038], [84.86660302400009, 25.42779756500005], [84.86601118700008, 25.42792240400007], [84.86559808100003, 25.428101861000073], [84.86536423400008, 25.428200549000053], [84.86471800100009, 25.42821243800006], [84.86459261200008, 25.42855507400003], [84.86482346300005, 25.429435849000072], [84.86487428500004, 25.430641082000022], [84.86478284000003, 25.43126822200003], [84.86390170200008, 25.431690179000043], [84.86309574200004, 25.431931767000037], [84.86212655000008, 25.431929182000033], [84.86114235000008, 25.431926602000033], [84.86004919200008, 25.43181084400004], [84.85962129900008, 25.431940651000048], [84.85927593000008, 25.432688918000053], [84.85887731500009, 25.434547415000054], [84.85883273800005, 25.43604580500005], [84.85869125900007, 25.436744952000026], [84.85854306500005, 25.43801737700005], [84.85895328700008, 25.438727054000026], [84.85932876600003, 25.439445737000028], [84.85955103300006, 25.439879602000076], [84.85874317200006, 25.440707918000044], [84.85802140200008, 25.441012959000034], [84.85726893500004, 25.441588591000027], [84.85579445100007, 25.44254605800006], [84.85498775600007, 25.442968115000042], [84.85401193000007, 25.44495147200007], [84.85255332400004, 25.447095881000052], [84.85199385700008, 25.447929370000054], [84.85223546800006, 25.448525817000075], [84.85301137300007, 25.449918041000046], [84.85398101300007, 25.451387538000063], [84.85458105300006, 25.451849552000056], [84.85527253500004, 25.451679928000033], [84.85570492000005, 25.451730672000053], [84.85577653800004, 25.452633560000038], [84.85622715800008, 25.453198963000034], [84.85658486700004, 25.453267605000065], [84.85720002600004, 25.453643863000025], [84.85820054500005, 25.454797519000067], [84.85872458500006, 25.45571966400007], [84.85943374800007, 25.456249610000043], [84.86008839000004, 25.456743321000033], [84.86023529800008, 25.457443280000064], [84.86032753100005, 25.458143110000037], [84.86027011700008, 25.45899146900007], [84.86114910400005, 25.45930529900005], [84.86338285400006, 25.46038988600003], [84.86482777700007, 25.460975937000057], [84.86652147600006, 25.461485843000048], [84.86692592000009, 25.460958849000065], [84.86737615300007, 25.460057369000026], [84.86770703200006, 25.459191587000078], [84.86832022600004, 25.458651592000024]]]]}}, {"type": "Feature", "properties": {"OBJECTID": 1032, "GPCODE": "96307", "GPNAME_1": "GANGA CHAK TELPA", "DIST_CEN_C": "28", "BLK_NAME": "BIKRAM", "ST_NAME": "BIHAR", "ST_CODE_1": "10", "GPCODE2011": "98861", "REMARKS": "FINALIZED", "MAP_STATUS": "COMPLETED", "BLK_C_2001": "280008", "BLK_C_2011": "01405", "DIST_NAME": "PATNA", "code2011": 0.0, "Shape_Leng": 0.0834503445, "Shape_Area": 0.00029928249, "Area": 3.33616}, "geometry": {"type": "MultiPolygon", "coordinates": [[[[84.90235781700005, 25.435410554000043], [84.90327282900006, 25.435250221000047], [84.90433136100006, 25.435320449000073], [84.90448912900007, 25.43579018300005], [84.90434834900003, 25.43634505400007], [84.90477494100008, 25.436639421000052], [84.90592339900007, 25.436578976000078], [84.90608324600004, 25.436285956000063], [84.90608543100007, 25.435536737000064], [84.90614355700006, 25.43430015900003], [84.90705318600004, 25.434293211000067], [84.90757536200005, 25.43419519200006], [84.90764677800007, 25.433558894000043], [84.90743607000007, 25.432484241000054], [84.90738356800006, 25.431721372000027], [84.90797529000008, 25.431641502000048], [84.90862190500008, 25.431480511000075], [84.90953722600005, 25.431220857000028], [84.91057678500005, 25.430929821000063], [84.91100992800006, 25.430687172000034], [84.91160207600007, 25.43046278500003], [84.91205003400006, 25.430233661000045], [84.91251785200006, 25.430022601000076], [84.91214830700005, 25.428866325000058], [84.91152014500005, 25.427740984000025], [84.91068169400006, 25.42718395600008], [84.90994678700008, 25.42693850300003], [84.90801346800004, 25.426915982000025], [84.90777120100006, 25.426432438000063], [84.90723597600004, 25.42591211900003], [84.90678818200007, 25.42605548800003], [84.90581834700004, 25.426296961000048], [84.90504775300008, 25.42634481500005], [84.90438566700004, 25.426717905000032], [84.90377479200004, 25.426567497000065], [84.90356155500007, 25.426390980000065], [84.90347352600008, 25.425867191000066], [84.90345491000005, 25.42542933900006], [84.90282899900006, 25.425315042000022], [84.90207320400003, 25.425426048000077], [84.90074591200005, 25.425522233000038], [84.89994078000007, 25.425502270000038], [84.89988114600004, 25.425502128000062], [84.89992143900008, 25.423597536000045], [84.89976748300006, 25.421805259000053], [84.89897727800007, 25.421816960000058], [84.89745597000007, 25.421980302000065], [84.89568047400007, 25.422377734000065], [84.89417395600003, 25.422572716000047], [84.89351213000003, 25.422828337000055], [84.89247318900004, 25.42289352800003], [84.89221999000006, 25.422811635000073], [84.89135936700006, 25.423084844000073], [84.89076719500008, 25.423327112000038], [84.89023035400004, 25.423348368000063], [84.88989031100004, 25.42402913500007], [84.88977892300005, 25.424714849000054], [84.88965145800006, 25.425802305000047], [84.88982876000006, 25.426344373000063], [84.88941548300005, 25.426600611000026], [84.88873414200003, 25.42675239500005], [84.88768017900009, 25.42684464000007], [84.88712299800005, 25.426992136000024], [84.88690834500005, 25.42731660900006], [84.88730007000004, 25.427642512000034], [84.88790355300006, 25.428605447000052], [84.88785211700008, 25.429196534000027], [84.88759578300005, 25.43013922800003], [84.88807661300007, 25.430564725000067], [84.88877521600006, 25.43132012800004], [84.88878563600008, 25.432836697000027], [84.88894507000003, 25.43438070800005], [84.88942429700006, 25.435365785000045], [84.89051477100008, 25.436406643000055], [84.89167990500005, 25.43740241000006], [84.89192610600008, 25.438201900000024], [84.89241099700007, 25.438952329000074], [84.89253762600003, 25.439841785000056], [84.89362860600005, 25.44072457900006], [84.89479416100005, 25.44162103700006], [84.89586607700005, 25.442232938000075], [84.89694013300004, 25.442127207000055], [84.89791042900004, 25.441791022000075], [84.89873166700005, 25.441431911000052], [84.89979096100006, 25.441272017000074], [84.90086552300005, 25.440949556000078], [84.90230345600008, 25.440497177000054], [84.90309955900005, 25.440223651000053], [84.90283729600003, 25.43806562800006], [84.90275109700008, 25.436909959000047], [84.90235781700005, 25.435410554000043]]]]}}, {"type": "Feature", "properties": {"OBJECTID": 1033, "GPCODE": "96299", "GPNAME_1": "AKHTIYAR PUR MANCHAULI", "DIST_CEN_C": "28", "BLK_NAME": "BIKRAM", "ST_NAME": "BIHAR", "ST_CODE_1": "10", "GPCODE2011": "98853", "REMARKS": "FINALIZED", "MAP_STATUS": "COMPLETED", "BLK_C_2001": "280008", "BLK_C_2011": "01405", "DIST_NAME": "PATNA", "code2011": 0.0, "Shape_Leng": 0.14705346772, "Shape_Area": 0.00093343644, "Area": 10.4069}, "geometry": {"type": "MultiPolygon", "coordinates": [[[[84.85895328700008, 25.438727054000026], [84.85854306500005, 25.43801737700005], [84.85869125900007, 25.436744952000026], [84.85883273800005, 25.43604580500005], [84.85887731500009, 25.434547415000054], [84.85927593000008, 25.432688918000053], [84.85962129900008, 25.431940651000048], [84.86004919200008, 25.43181084400004], [84.86114235000008, 25.431926602000033], [84.86212655000008, 25.431929182000033], [84.86309574200004, 25.431931767000037], [84.86390170200008, 25.431690179000043], [84.86478284000003, 25.43126822200003], [84.86487428500004, 25.430641082000022], [84.86482346300005, 25.429435849000072], [84.86459261200008, 25.42855507400003], [84.86471800100009, 25.42821243800006], [84.86536423400008, 25.428200549000053], [84.86559808100003, 25.428101861000073], [84.86601118700008, 25.42792240400007], [84.86660302400009, 25.42779756500005], [84.86726876600005, 25.427898601000038], [84.86741057100005, 25.42864817800006], [84.86772594700005, 25.42951110200005], [84.86761790600008, 25.430666251000048], [84.86806433800007, 25.430951806000053], [84.86875991500006, 25.43105291300003], [84.86976435400004, 25.430942645000073], [84.87182710600007, 25.430911851000076], [84.87387066600007, 25.430691469000067], [84.87405064400008, 25.43037151300007], [84.87398065000008, 25.428886379000062], [84.87379108600004, 25.427504733000035], [84.87395248500007, 25.42675594700006], [84.87529444800003, 25.426759356000048], [84.87635266700005, 25.426892957000064], [84.87737660800008, 25.42687752200004], [84.87836145600005, 25.426658779000036], [84.87813992500008, 25.42593160900003], [84.87808870200007, 25.42481212100006], [84.87762639400006, 25.423235719000047], [84.87738328600005, 25.42146133600005], [84.87677825700007, 25.419415155000024], [84.87662213800007, 25.418466933000047], [84.87631979600008, 25.41659310800003], [84.87654280200007, 25.415176474000077], [84.87741905300004, 25.41465964400004], [84.87858856900004, 25.414143530000047], [84.87801531100007, 25.413081436000027], [84.87777032600007, 25.411943354000073], [84.87773897000005, 25.410796895000033], [84.87706089100004, 25.40989694900003], [84.87637529600005, 25.409850085000073], [84.87570199500004, 25.408995291000053], [84.87495623700005, 25.40749491500003], [84.87395251300006, 25.40586303400005], [84.87357380400005, 25.404580235000026], [84.87240573700007, 25.403083263000042], [84.87135894600004, 25.400923102000036], [84.87118160300008, 25.400403572000073], [84.87082742500007, 25.399247262000074], [84.87065119700009, 25.398402799000053], [84.86906994200007, 25.398737203000053], [84.86862958100005, 25.398144796000054], [84.86772683400005, 25.397614330000067], [84.86652117500006, 25.397047043000043], [84.86452130600009, 25.396197726000025], [84.86213402100003, 25.395306842000025], [84.86075377600008, 25.394978252000044], [84.85943336800005, 25.394545922000077], [84.85919098600004, 25.394202284000073], [84.85786860400003, 25.394406349000064], [84.85742569200005, 25.394599249000066], [84.85639111500006, 25.394912438000063], [84.85513740300007, 25.39538747100005], [84.85470076000007, 25.39673139000007], [84.85417446600007, 25.39813364400004], [84.85371345200008, 25.399319465000076], [84.85255771900006, 25.401712963000023], [84.85178718100008, 25.403322222000043], [84.85082621800007, 25.405404787000066], [84.85062734900004, 25.406956922000063], [84.85069893700006, 25.407855323000035], [84.85018669100003, 25.409483284000032], [84.85011707800004, 25.41099508900004], [84.84994677800006, 25.41140533300006], [84.84953869800006, 25.411566727000036], [84.84868802400007, 25.411821708000048], [84.84878868500005, 25.41447138500007], [84.84881831500007, 25.416015075000075], [84.84866945000005, 25.41745899400007], [84.84887884100004, 25.418777429000045], [84.84898446100004, 25.419883526000035], [84.84911994500004, 25.42251525000006], [84.84868337100005, 25.42376878600004], [84.84874244600007, 25.426955518000057], [84.84883328800004, 25.428043470000034], [84.85001143700003, 25.429513576000033], [84.85017263200007, 25.43036256700003], [84.85072815300003, 25.43072064100005], [84.85176688300004, 25.43074147300007], [84.85197959400006, 25.431071587000076], [84.85195706600007, 25.431870333000063], [84.85197271200008, 25.433143245000053], [84.85162421600006, 25.434839366000062], [84.85161822600008, 25.436680769000077], [84.85208090400005, 25.43804964900005], [84.85259696700007, 25.438326347000043], [84.85344194000004, 25.438360230000058], [84.85451590400004, 25.438268331000074], [84.85447966000004, 25.438724106000052], [84.85456658300006, 25.439509662000034], [84.85399323300004, 25.440013646000068], [84.85325678300006, 25.440255398000033], [84.85334478500005, 25.440711521000026], [84.85411249400005, 25.441557549000038], [84.85463196700005, 25.44230820300004], [84.85498775600007, 25.442968115000042], [84.85579445100007, 25.44254605800006], [84.85726893500004, 25.441588591000027], [84.85802140200008, 25.441012959000034], [84.85874317200006, 25.440707918000044], [84.85955103300006, 25.439879602000076], [84.85932876600003, 25.439445737000028], [84.85895328700008, 25.438727054000026]]]]}}, {"type": "Feature", "properties": {"OBJECTID": 1035, "GPCODE": "96304", "GPNAME_1": "BIRGHOUR BERAR KATARI", "DIST_CEN_C": "28", "BLK_NAME": "BIKRAM", "ST_NAME": "BIHAR", "ST_CODE_1": "10", "GPCODE2011": "98858", "REMARKS": "FINALIZED", "MAP_STATUS": "COMPLETED", "BLK_C_2001": "280008", "BLK_C_2011": "01405", "DIST_NAME": "PATNA", "code2011": 0.0, "Shape_Leng": 0.18208621381, "Shape_Area": 0.00117744785, "Area": 13.122}, "geometry": {"type": "MultiPolygon", "coordinates": [[[[84.77863665700005, 25.493338248000043], [84.77957764700005, 25.49306589400004], [84.78132407200007, 25.492814210000063], [84.78316263300007, 25.493194678000066], [84.78450552800007, 25.494462716000044], [84.78503029100006, 25.495078232000026], [84.78596992200005, 25.495148893000078], [84.78683105500005, 25.494944060000023], [84.78814366100005, 25.495020332000024], [84.78964777900006, 25.494442871000047], [84.79096317800008, 25.49376550900007], [84.79256036100008, 25.493549339000026], [84.79387486600007, 25.493111122000073], [84.79451423000006, 25.492363906000037], [84.79519506200006, 25.491169902000024], [84.79583607400008, 25.489980348000074], [84.79689365200005, 25.489099013000043], [84.79768230200006, 25.488316135000048], [84.79759900700003, 25.487986377000027], [84.79735774100004, 25.48734022000008], [84.79721027900007, 25.486879384000076], [84.79713378300005, 25.486044148000076], [84.79687913700008, 25.48498724500007], [84.79668203000006, 25.484517261000065], [84.79668475600005, 25.483781604000058], [84.79674223700005, 25.48305060900003], [84.79616167800003, 25.48270574000003], [84.79554692500005, 25.482211919000065], [84.79552950300007, 25.481566391000058], [84.79564621500003, 25.48093485800007], [84.79578665200006, 25.480619364000063], [84.79634901100007, 25.48050382100007], [84.79637109100008, 25.479921622000063], [84.79593966300007, 25.47958181100006], [84.79535972400004, 25.479101555000057], [84.79536255900007, 25.478352357000063], [84.79536492500006, 25.477720489000035], [84.79547155700004, 25.47713402000005], [84.79470478700006, 25.47607553100005], [84.79463455800004, 25.474933453000062], [84.79516349100004, 25.47442509700005], [84.79542827000006, 25.474100879000048], [84.79530645200003, 25.47342800100006], [84.79512164600004, 25.47231718000006], [84.79494274700005, 25.470971633000033], [84.79475157300004, 25.46891740700005], [84.79462089200007, 25.467978214000027], [84.79444217100007, 25.466583024000045], [84.79395150600004, 25.466152676000036], [84.79332867100004, 25.46518936500007], [84.79319696800007, 25.464525537000043], [84.79370577700007, 25.46408475100003], [84.79445782700003, 25.46374409400005], [84.79545288000008, 25.463562138000043], [84.79600021400006, 25.463423944000056], [84.79620631700004, 25.462828776000038], [84.79617384900007, 25.462201295000057], [84.79590254900006, 25.461645287000067], [84.79390843600004, 25.46176096800008], [84.79258125300004, 25.461671116000048], [84.79248955600008, 25.460935144000075], [84.79224984600006, 25.459914410000067], [84.79228940100006, 25.45865069100006], [84.79214538000008, 25.457287203000078], [84.79222849400008, 25.45503976300006], [84.79262435600003, 25.454206034000038], [84.79296540300004, 25.453403741000045], [84.79360584500006, 25.452336013000036], [84.79431492900005, 25.45147620800003], [84.79506833600004, 25.450765407000063], [84.79523916200003, 25.45028744700005], [84.79582216700004, 25.44991470900004], [84.79625655500007, 25.449419576000025], [84.79665117400003, 25.448910752000074], [84.79686212000007, 25.448315613000034], [84.79715309200003, 25.44762600400003], [84.79694755900005, 25.44675422100005], [84.79680101000008, 25.44605419800007], [84.79658103800006, 25.44505154500007], [84.79645090000008, 25.44395890800007], [84.79617513200003, 25.44325845800006], [84.79539295300003, 25.443725392000033], [84.79456660700004, 25.444047821000026], [84.79385584200008, 25.444009562000076], [84.79331379300004, 25.444075578000025], [84.79286090400007, 25.444209560000047], [84.79243840700008, 25.444185686000026], [84.79225145700008, 25.445002008000074], [84.79228306200008, 25.44583708600004], [84.79162568100008, 25.446173526000052], [84.79160139900006, 25.447333369000035], [84.79134650300006, 25.447698169000034], [84.79014694200004, 25.448087075000046], [84.79024813900008, 25.450249361000033], [84.78871110400007, 25.450470211000038], [84.78683168100008, 25.450545525000052], [84.78624586400008, 25.451653991000057], [84.78549506300004, 25.45426486300005], [84.78494333100008, 25.455544931000077], [84.78453604400005, 25.45674420200004], [84.78413841700007, 25.45802024900007], [84.78380989700008, 25.459400338000023], [84.78331155900008, 25.459714705000067], [84.78034761700007, 25.459926411000026], [84.77822396400006, 25.460122682000076], [84.77722901600004, 25.460290988000054], [84.77532347800008, 25.460632351000072], [84.77419441900008, 25.460746107000034], [84.77339274800005, 25.462336684000036], [84.77201307300004, 25.464223315000027], [84.77011780300006, 25.46698382900007], [84.76898848600007, 25.46841096000003], [84.76813850600007, 25.469604165000078], [84.76652513600004, 25.471462923000047], [84.76595350300005, 25.472670583000024], [84.76531367600006, 25.47598133200006], [84.76320285200006, 25.480329806000043], [84.76181972700005, 25.483001621000028], [84.76041419400008, 25.485032465000074], [84.75914861800004, 25.486869769000066], [84.75803431000008, 25.488192924000032], [84.75663046300008, 25.489781488000062], [84.75598764300008, 25.49132737900004], [84.75605962400005, 25.49197758400004], [84.75620441900008, 25.493052178000028], [84.75645320200005, 25.49423555800007], [84.75817832800004, 25.494358740000052], [84.76001863000005, 25.494297150000023], [84.76122169100006, 25.494405002000065], [84.76253449100005, 25.49444096600007], [84.76365906700005, 25.49427772000007], [84.76430149300006, 25.494040591000044], [84.76497278800008, 25.49407440300007], [84.76561234600007, 25.494554962000052], [84.76692518900006, 25.494559304000063], [84.76801604900004, 25.49412062600004], [84.76902787400007, 25.49354624500006], [84.76977942200006, 25.493408781000028], [84.77109813500005, 25.493173857000045], [84.77199583500004, 25.49379056600003], [84.77255474300006, 25.49457772900007], [84.77273782800006, 25.49536014800003], [84.77292151300009, 25.49614512900007], [84.77303214000005, 25.497102341000073], [84.77377872800008, 25.498192483000025], [84.77437827800009, 25.498776634000023], [84.77538611900007, 25.49922225000006], [84.77608199000008, 25.499190670000075], [84.77677887700008, 25.499159040000052], [84.77764198400007, 25.49844415000007], [84.77817125300004, 25.497899758000074], [84.77858667300006, 25.497219546000053], [84.77847569400006, 25.496370730000024], [84.77825584600004, 25.49534542600003], [84.77799546500006, 25.494527637000033], [84.77799771000008, 25.493949927000074], [84.77863665700005, 25.493338248000043]]]]}}, {"type": "Feature", "properties": {"OBJECTID": 1147, "GPCODE": "96310", "GPNAME_1": "MAHAJPURA", "DIST_CEN_C": "28", "BLK_NAME": "BIKRAM", "ST_NAME": "BIHAR", "ST_CODE_1": "10", "GPCODE2011": "98864", "REMARKS": "FINALIZED", "MAP_STATUS": "COMPLETED", "BLK_C_2001": "280008", "BLK_C_2011": "01405", "DIST_NAME": "PATNA", "code2011": 0.0, "Shape_Leng": 0.18711197621, "Shape_Area": 0.00081517514, "Area": 9.08525}, "geometry": {"type": "MultiPolygon", "coordinates": [[[[84.91458802800008, 25.47408791600003], [84.91462689000008, 25.472621107000066], [84.91502682600003, 25.471841162000032], [84.91583349200005, 25.471405264000055], [84.91691268400007, 25.471339943000032], [84.91730975200005, 25.469779175000042], [84.91813885200008, 25.468413474000045], [84.91950402800006, 25.467342398000028], [84.92079450900007, 25.466365858000074], [84.92255654500008, 25.46562059100006], [84.92538618800006, 25.46536963400007], [84.92743056300003, 25.465013077000037], [84.92881420100008, 25.46447894000005], [84.92921133300007, 25.46281885600007], [84.92896234800008, 25.461094208000077], [84.92860748900006, 25.459919929000023], [84.92864920500006, 25.459202336000033], [84.93008335700006, 25.45829380300006], [84.93069571200004, 25.457970173000035], [84.93130470200003, 25.457059763000075], [84.93080397500006, 25.456535115000065], [84.92893987800005, 25.456436232000044], [84.92463815500008, 25.456945801000074], [84.92055166400007, 25.45690509900004], [84.91827481400009, 25.456850305000046], [84.91626578400007, 25.457075965000058], [84.91479937100007, 25.457004922000067], [84.91394000400004, 25.456745655000077], [84.91397707800007, 25.455897265000033], [84.91272134500008, 25.455176657000038], [84.91150199200007, 25.45566134200004], [84.91085648300003, 25.45537097700003], [84.91067338600004, 25.455090745000064], [84.91122037100007, 25.455042304000074], [84.91290208900006, 25.45452714000004], [84.91394725200007, 25.45410533200004], [84.91434147600006, 25.45358718400007], [84.91322901100006, 25.45319190400005], [84.91269265000005, 25.452996625000026], [84.91280304000009, 25.45260423800005], [84.91355434300004, 25.45238024300005], [84.91466762200008, 25.452477587000033], [84.91602983900003, 25.452480655000045], [84.91728359900003, 25.452126989000078], [84.91796612100006, 25.45157335500005], [84.91793286500007, 25.45102261100004], [84.91775840600008, 25.449361327000076], [84.91710440900005, 25.44676911700003], [84.91703153100008, 25.446150560000035], [84.91904134900005, 25.44557289200003], [84.92076192100006, 25.445378163000044], [84.92201925000006, 25.445511864000025], [84.92251438600005, 25.446230567000043], [84.92348392000008, 25.44616508100006], [84.92470377700005, 25.445454659000063], [84.92624507800008, 25.44535875500003], [84.92793008400008, 25.445425690000036], [84.92875630000003, 25.445039278000024], [84.92935054800006, 25.444016066000074], [84.92978789800009, 25.442161937000037], [84.92975097000004, 25.44108317200005], [84.92932546300005, 25.44033750400007], [84.92720945900004, 25.43974610400005], [84.92434247400007, 25.43928395900008], [84.92255519600008, 25.438462978000075], [84.92078260400007, 25.437759478000032], [84.91945689100004, 25.43720128600006], [84.91858167800007, 25.43732573500006], [84.91777357000007, 25.43657918300005], [84.91702602900006, 25.43547164900008], [84.91692083400005, 25.433941317000063], [84.91596064800007, 25.432440662000033], [84.91588991400005, 25.43107297100005], [84.91533611900007, 25.430015553000032], [84.91469099900007, 25.429621405000034], [84.91251785200006, 25.430022601000076], [84.91205003400006, 25.430233661000045], [84.91160207600007, 25.43046278500003], [84.91100992800006, 25.430687172000034], [84.91057678500005, 25.430929821000063], [84.90953722600005, 25.431220857000028], [84.90862190500008, 25.431480511000075], [84.90797529000008, 25.431641502000048], [84.90738356800006, 25.431721372000027], [84.90743607000007, 25.432484241000054], [84.90764677800007, 25.433558894000043], [84.90757536200005, 25.43419519200006], [84.90705318600004, 25.434293211000067], [84.90614355700006, 25.43430015900003], [84.90608543100007, 25.435536737000064], [84.90608324600004, 25.436285956000063], [84.90592339900007, 25.436578976000078], [84.90477494100008, 25.436639421000052], [84.90434834900003, 25.43634505400007], [84.90448912900007, 25.43579018300005], [84.90433136100006, 25.435320449000073], [84.90327282900006, 25.435250221000047], [84.90235781700005, 25.435410554000043], [84.90275109700008, 25.436909959000047], [84.90283729600003, 25.43806562800006], [84.90309955900005, 25.440223651000053], [84.90230345600008, 25.440497177000054], [84.90086552300005, 25.440949556000078], [84.89979096100006, 25.441272017000074], [84.89873166700005, 25.441431911000052], [84.89791042900004, 25.441791022000075], [84.89694013300004, 25.442127207000055], [84.89586607700005, 25.442232938000075], [84.89591624600007, 25.44379475100004], [84.89612672200008, 25.44492365700006], [84.89671962500006, 25.446157261000053], [84.89751051900004, 25.44768472900006], [84.89770680500004, 25.448569767000038], [84.89895147100003, 25.449651464000056], [84.90038904600004, 25.451063181000052], [84.90049754900008, 25.451374789000056], [84.90112746100004, 25.451854748000073], [84.90174214700005, 25.452474515000063], [84.90087162100008, 25.452684629000032], [84.90085079500005, 25.452995994000048], [84.90137527300004, 25.453881894000062], [84.90239976300006, 25.455459508000047], [84.90310181700005, 25.456833292000056], [84.90344763300004, 25.457587802000035], [84.90339070500005, 25.45839113900007], [84.90353295800008, 25.459063953000054], [84.90361946400003, 25.460084229000074], [84.90408612400006, 25.460328984000057], [84.90495644600009, 25.46024980900006], [84.90547837600008, 25.460282667000058], [84.90558592800005, 25.46089671900006], [84.90541637300004, 25.462846155000022], [84.90506802900006, 25.464722967000057], [84.90478921300007, 25.466577318000077], [84.90389926500006, 25.468335505000027], [84.90293310900006, 25.470630569000036], [84.90262372400008, 25.47102250900008], [84.90208092600005, 25.471301004000054], [84.90369068600006, 25.473475805000078], [84.90394042400004, 25.473052136000035], [84.90530158600006, 25.473511173000077], [84.90774279900006, 25.473548536000067], [84.90981891000007, 25.474370305000036], [84.91275591500005, 25.47492766700003], [84.91451505200007, 25.47529280200007], [84.91458802800008, 25.47408791600003]]]]}}]}