{"type": "FeatureCollection", "features": [{"type": "Feature", "properties": {"OBJECTID": 3827, "GPCODE": "96806", "GPNAME_1": "KATHIA HARIRAM", "DIST_CEN_C": "02", "BLK_NAME": "MEHSI", "ST_NAME": "BIHAR", "ST_CODE_1": "10", "GPCODE2011": "99345", "REMARKS": "FINALIZED", "MAP_STATUS": "COMPLETED", "BLK_C_2001": "020027", "BLK_C_2011": "01057", "DIST_NAME": "PURBI CHAMPARAN", "code2011": 0.0, "Shape_Leng": 0.18814563559, "Shape_Area": 0.0009734889, "Area": 10.7685}, "geometry": {"type": "MultiPolygon", "coordinates": [[[[85.13965326400006, 26.342731654000033], [85.13976395200007, 26.342118004000042], [85.13958601800005, 26.33966724100003], [85.13990701500006, 26.339184636000027], [85.14341385400007, 26.338316339000073], [85.14523733500005, 26.337934017000066], [85.14605710800004, 26.339703755000073], [85.14677090600009, 26.342443626000033], [85.14673052300003, 26.342863257000033], [85.14633969800008, 26.342993930000034], [85.14347941100004, 26.343312178000076], [85.14265781200004, 26.34344247300004], [85.14294143700005, 26.345568270000058], [85.14411853700005, 26.34556920600005], [85.14461953900008, 26.34540702700008], [85.14487020800004, 26.34515000600004], [85.14519581300004, 26.34511867300006], [85.14580183300006, 26.345150725000053], [85.14594189700006, 26.345408047000035], [85.14623226400005, 26.34557068600003], [85.14662290600006, 26.345634215000075], [85.15064987100004, 26.34584910700005], [85.15265380400007, 26.34545339600004], [85.15165829700004, 26.343904760000044], [85.15165903200005, 26.343002142000046], [85.15183511300006, 26.34213129500006], [85.15230142000007, 26.341517785000065], [85.15298271700004, 26.341328743000076], [85.15626818700008, 26.341714542000034], [85.15676906700008, 26.341683294000063], [85.15701982700006, 26.341200576000062], [85.15709048900004, 26.340586850000022], [85.15730620700003, 26.340104090000068], [85.15762692000004, 26.339977911000062], [85.15809280900004, 26.339847401000043], [85.15837333300004, 26.339730186000054], [85.15833873300005, 26.339148003000048], [85.15780356100004, 26.33824502500005], [85.15758845000005, 26.337956134000024], [85.15762360700006, 26.33773049800004], [85.15941274600004, 26.336431908000066], [85.15780653700006, 26.334368448000077], [85.15763200900005, 26.333497283000042], [85.15791780100005, 26.333077829000047], [85.15866926100006, 26.33278943600004], [85.15920536100003, 26.332532539000056], [85.15956146200006, 26.33179268200007], [85.16045392900008, 26.33053406700003], [85.16167175900006, 26.329505837000056], [85.16306702200006, 26.32839580500007], [85.16278185800007, 26.327926356000035], [85.16252688600008, 26.327375560000064], [85.16238694000003, 26.326955799000075], [85.16233724200004, 26.326545114000055], [85.16224749400004, 26.325980945000026], [85.16217769900004, 26.325498029000073], [85.16211782200008, 26.32516848800003], [85.16201813000004, 26.324613390000025], [85.16191328000008, 26.32418004400006], [85.16170396500007, 26.322762862000047], [85.16169924300004, 26.32241079000005], [85.16154950900005, 26.321833045000062], [85.16144958100006, 26.321508047000066], [85.16130969200003, 26.320966424000062], [85.16113474200006, 26.320632398000043], [85.16086972300008, 26.320049992000065], [85.16064478000004, 26.319594102000053], [85.16042963400008, 26.319251003000034], [85.16007941500004, 26.31880845200004], [85.15977926100004, 26.318451775000028], [85.15939401200006, 26.318076923000035], [85.15884856200006, 26.31751702300005], [85.15839319900005, 26.317110521000075], [85.15785252900008, 26.316843877000053], [85.15706668600006, 26.316437232000055], [85.15594018100006, 26.31611158800007], [85.15472868700004, 26.315790304000075], [85.15375237500007, 26.315518870000062], [85.15273101000008, 26.315251954000075], [85.15178970700003, 26.315206227000033], [85.15078815200008, 26.315268693000064], [85.14999678900006, 26.31537190100005], [85.14942576600004, 26.315552059000026], [85.14901508500003, 26.315709722000065], [85.14818831500008, 26.316219053000054], [85.14787260900005, 26.316507682000065], [85.14706034900007, 26.317644409000025], [85.14656376000005, 26.318650443000024], [85.14657805900003, 26.319453735000025], [85.14659184900006, 26.320821140000078], [85.14654139300006, 26.32129946200007], [85.14652594700004, 26.321782338000048], [85.14631541200004, 26.322007859000053], [85.14548892300007, 26.322273540000026], [85.14521327700004, 26.322422235000033], [85.14451199400008, 26.322602244000052], [85.14393090900006, 26.32285008200006], [85.14309444400004, 26.322998363000067], [85.14230807400008, 26.323092530000054], [85.14211320900006, 26.32268173700004], [85.14197859300003, 26.322013651000077], [85.14158885500007, 26.32106569800004], [85.14145387000008, 26.320821914000078], [85.14114380000007, 26.32032517400006], [85.14051864800007, 26.319530471000064], [85.13934736200008, 26.318938353000078], [85.13818110700004, 26.31836428500003], [85.13740521400007, 26.31800268300003], [85.13693979300007, 26.317726960000073], [85.13636023400005, 26.316354588000024], [85.13614544800004, 26.31584448900003], [85.13603570800007, 26.31534345400007], [85.13592626500008, 26.314567125000053], [85.13599192200007, 26.31405719600008], [85.13613265200007, 26.31350218600005], [85.13623327800008, 26.31298328400004], [85.13523199400004, 26.312756827000044], [85.13390517300007, 26.31262941500006], [85.13258329300004, 26.31251554200003], [85.13186746200006, 26.31235249100007], [85.13090615100003, 26.31222529100006], [85.13011021900007, 26.31198543200003], [85.12944299200007, 26.313176303000034], [85.12907656700008, 26.31401998000007], [85.12860974400007, 26.315053049000028], [85.12610128900008, 26.31479812400005], [85.12609791500006, 26.313182519000065], [85.12507654600006, 26.313077778000036], [85.12517252600009, 26.312242980000065], [85.12268689400008, 26.316528738000045], [85.12279156800008, 26.316948586000024], [85.12304146700006, 26.317368458000033], [85.12311598400004, 26.317982295000036], [85.12278896100008, 26.319340435000072], [85.12350528500008, 26.319178622000038], [85.12648007300004, 26.319050331000028], [85.12737895600003, 26.318713591000062], [85.12844875700006, 26.318375076000052], [85.12948887000005, 26.31989231800003], [85.12966799500003, 26.320993643000065], [85.12956166100008, 26.32215790200007], [85.12834458900005, 26.322251592000043], [85.12695195600008, 26.322638554000036], [85.12663151100008, 26.32266986600007], [85.12441727200007, 26.323313292000023], [85.12237803600004, 26.32427731200005], [85.12170131100004, 26.32487692600006], [85.12098394700007, 26.32597293200007], [85.12019485500008, 26.328485878000038], [85.11980155500004, 26.330931548000024], [85.12040435900008, 26.333788840000068], [85.12090328200009, 26.33552678500007], [85.12154238600004, 26.33736413400004], [85.12203326900004, 26.337328446000072], [85.12281843800008, 26.338358177000032], [85.12574980500005, 26.341808660000027], [85.12728649300004, 26.34274414400005], [85.12803267500004, 26.342938803000038], [85.12824795800003, 26.34303380700004], [85.12842762700006, 26.343647677000035], [85.13146261000009, 26.343970703000025], [85.13350145100009, 26.343778317000044], [85.13546540500005, 26.343202185000052], [85.13639770200007, 26.342589154000052], [85.13653795700003, 26.342589331000056], [85.13685154400008, 26.34457978100005], [85.13724112400007, 26.34573987500005], [85.13742100700006, 26.34619137800007], [85.13800682700008, 26.346367791000034], [85.13807768200007, 26.34569093700003], [85.13750935400003, 26.342856339000036], [85.13919232000006, 26.342826052000078], [85.13965326400006, 26.342731654000033]]]]}}, {"type": "Feature", "properties": {"OBJECTID": 3828, "GPCODE": "96800", "GPNAME_1": "BHURKURWA", "DIST_CEN_C": "02", "BLK_NAME": "MEHSI", "ST_NAME": "BIHAR", "ST_CODE_1": "10", "GPCODE2011": "99339", "REMARKS": "FINALIZED", "MAP_STATUS": "COMPLETED", "BLK_C_2001": "020027", "BLK_C_2011": "01057", "DIST_NAME": "PURBI CHAMPARAN", "code2011": 0.0, "Shape_Leng": 0.23415403589, "Shape_Area": 0.00095590807, "Area": 10.5753}, "geometry": {"type": "MultiPolygon", "coordinates": [[[[85.23781246200008, 26.319753087000038], [85.23709655700009, 26.317157998000027], [85.23706155700006, 26.316639055000053], [85.23752734800007, 26.31615615800007], [85.23995612000004, 26.315059725000026], [85.24188917100008, 26.31389998800006], [85.24242496400007, 26.313579571000048], [85.24246006700008, 26.313353908000067], [85.24253516000005, 26.312803381000037], [85.24279560800005, 26.312537115000055], [85.24208968600004, 26.309960197000066], [85.24155396400005, 26.308741603000044], [85.24151394700004, 26.307446369000047], [85.24176435800007, 26.30703124200005], [85.24215999600005, 26.306611519000057], [85.24298112900004, 26.30651227000004], [85.24380234600005, 26.30641752500003], [85.24405273700006, 26.30616033600006], [85.24362226100004, 26.302825229000064], [85.24340887500006, 26.30112318600004], [85.24283312000006, 26.30097425400004], [85.24249257000008, 26.300739562000047], [85.24215220200006, 26.30025211800006], [85.24177668300007, 26.299642885000026], [85.24047487700005, 26.299525478000078], [85.23935330700004, 26.299484762000077], [85.23814172200008, 26.29953431100006], [85.23707523300004, 26.299534163000033], [85.23627414100008, 26.299610805000043], [85.23641415200007, 26.300554044000023], [85.23661435500009, 26.301691404000053], [85.23675451900004, 26.302417972000057], [85.23667924000006, 26.30334311300004], [85.23664419000005, 26.30360485500006], [85.23641874900005, 26.30443976400005], [85.23602310200005, 26.305062516000078], [85.23513171900004, 26.306231292000064], [85.23439554500004, 26.307043544000067], [85.23381965700008, 26.30750830900007], [85.23355432600005, 26.307715819000066], [85.23317371000007, 26.308176158000038], [85.23278303600006, 26.30846941200008], [85.23256773300005, 26.308654443000023], [85.23214713700008, 26.308744643000068], [85.23140604700006, 26.308640782000055], [85.22998408000007, 26.30809002500007], [85.22949342700008, 26.307625075000033], [85.22930824200006, 26.307155700000067], [85.22939848100003, 26.306736013000034], [85.22956373900007, 26.306451692000053], [85.23018969200007, 26.306059176000076], [85.23055023600006, 26.30589220400003], [85.23107099600008, 26.305576376000033], [85.23137141400008, 26.30545458200004], [85.23152672700007, 26.30530570700006], [85.23173709200006, 26.304976246000024], [85.23203757400006, 26.304534055000033], [85.23225794700005, 26.304127864000066], [85.23238823700007, 26.303523212000073], [85.23254846900005, 26.302810145000024], [85.23251356900005, 26.302245999000036], [85.23245354000005, 26.301785688000052], [85.23231838000004, 26.301420118000067], [85.23209312000006, 26.30111315700003], [85.23161246500007, 26.300706967000053], [85.23109184900005, 26.300436124000043], [85.23070630200004, 26.300350363000064], [85.23020566600007, 26.30021488600005], [85.22974005700007, 26.30007943000004], [85.22914415400004, 26.30011999100003], [85.22765713000007, 26.299948205000078], [85.22684608600008, 26.29998417300004], [85.22608493900003, 26.30025482800005], [85.22563427400007, 26.30046235800006], [85.22522860600003, 26.30072857600004], [85.22503832900009, 26.30083682700007], [85.22486811100003, 26.301085047000072], [85.22452747300008, 26.301603949000025], [85.22422703600006, 26.301955924000026], [85.22386640400003, 26.302393577000032], [85.22332552200004, 26.303084014000035], [85.22301502300007, 26.303422425000065], [85.22263940000005, 26.30372923300007], [85.22220368300003, 26.303972884000075], [85.22192333000004, 26.304081105000023], [85.22149282400005, 26.30345369300005], [85.22116738500006, 26.30322802300003], [85.22076205400003, 26.302564516000075], [85.22072698200003, 26.30240204000006], [85.22046176600008, 26.30191001600008], [85.22032668900005, 26.30145874400006], [85.22021655300006, 26.30112472600007], [85.22021170300007, 26.300641859000052], [85.22014673400008, 26.30017701500003], [85.22025206700005, 26.299545227000067], [85.22024710300008, 26.29923834500005], [85.22037232600007, 26.298859279000055], [85.22049780000003, 26.297848344000045], [85.22058319100006, 26.296850989000063], [85.22058330100003, 26.296156076000045], [85.22068361300006, 26.295700251000028], [85.22069868000005, 26.295239911000067], [85.22059363600005, 26.29491041600005], [85.22047859800006, 26.294553918000076], [85.22026333300005, 26.294310206000034], [85.21978781300004, 26.293985080000027], [85.21932716900005, 26.293917355000076], [85.21878143700008, 26.293930798000076], [85.21845602700006, 26.293975814000078], [85.21811556000006, 26.294056951000073], [85.21747958700007, 26.294458503000044], [85.21722421100003, 26.294580241000062], [85.21670849900005, 26.294814861000077], [85.21534645900005, 26.29559527600003], [85.21478558800004, 26.295906502000037], [85.21434497800004, 26.296028250000063], [85.21378414300005, 26.29615897800005], [85.21323335300008, 26.296280718000048], [85.21258245700005, 26.296361800000057], [85.21167125800008, 26.296397625000054], [85.21110545700003, 26.296347834000073], [85.21039450600006, 26.296334082000044], [85.20944830500008, 26.29624358500007], [85.20872236100007, 26.29615310400004], [85.20838687900005, 26.296017574000075], [85.20809656500006, 26.295850533000078], [85.20766108300006, 26.29560217900007], [85.20667004200004, 26.294888848000028], [85.20579911200008, 26.294243209000058], [85.20525361000006, 26.293575126000064], [85.20453800600006, 26.292568475000053], [85.20414278600003, 26.29183730400007], [85.20380259700005, 26.291300162000027], [85.20366759900008, 26.290893880000056], [85.20337748300005, 26.290036331000067], [85.20332261400006, 26.289589550000073], [85.20376355200005, 26.28861938600005], [85.20439973000003, 26.28764483300006], [85.20457507700007, 26.28725223500004], [85.20477561800004, 26.28669717200006], [85.20478575500005, 26.28635425600004], [85.20463570500004, 26.285862231000067], [85.20446063700007, 26.28556432700003], [85.20410527400009, 26.285261842000068], [85.20369488600005, 26.285054152000043], [85.20330942800007, 26.284914109000056], [85.20311915800005, 26.284877922000078], [85.20257853000004, 26.28490034400005], [85.20195767500007, 26.284963263000066], [85.20096138600007, 26.285170574000063], [85.20065592500004, 26.28530582700006], [85.20023532000005, 26.285553888000038], [85.19993484400004, 26.285860722000052], [85.19961422100005, 26.28622161000004], [85.19938882200006, 26.286496859000067], [85.19928864300005, 26.286785612000074], [85.19910320000008, 26.287124052000024], [85.19907312500004, 26.287327083000037], [85.19900283100003, 26.287742227000024], [85.19912276100007, 26.288157483000077], [85.19953792800004, 26.28910991500004], [85.19996303800008, 26.29003072000006], [85.20079861900007, 26.291240491000053], [85.20134913500004, 26.291849884000044], [85.20228986800004, 26.293118366000044], [85.20272514700008, 26.293745857000033], [85.20334569500005, 26.29467569800005], [85.20394113000003, 26.29543858200003], [85.20513713900004, 26.297009455000023], [85.20607300200004, 26.29826435900003], [85.20620804600009, 26.298566814000026], [85.20644805600006, 26.29947397500007], [85.20670310100007, 26.30037667700003], [85.20691314500004, 26.301103331000036], [85.20693803400007, 26.301351562000036], [85.20696798700004, 26.301608737000038], [85.20698796100004, 26.301811849000046], [85.20690273000008, 26.302141248000055], [85.20669727100005, 26.30247971400007], [85.20657206900006, 26.302673673000072], [85.20631163000007, 26.302876739000055], [85.20614639000007, 26.302975942000046], [85.20583591400003, 26.30305706400003], [85.20560052700006, 26.303034441000023], [85.20537527400006, 26.30295763600003], [85.20497482000007, 26.302704795000068], [85.20473461600005, 26.302325675000077], [85.20430923100008, 26.30171627200008], [85.20380889800003, 26.300890215000038], [85.20306329000005, 26.299608256000056], [85.20253299100006, 26.29853403900006], [85.20231793900007, 26.297911182000064], [85.20181791600004, 26.296516481000026], [85.20128286700003, 26.294742722000024], [85.20114297400005, 26.294097296000075], [85.20101784400003, 26.29391673500004], [85.20077769800008, 26.293578196000055], [85.20052743900004, 26.293384036000077], [85.20032720300009, 26.293311729000038], [85.19945609500007, 26.293266351000057], [85.19828956000003, 26.293225274000065], [85.19689273400007, 26.293193228000064], [85.19585636200009, 26.293206342000076], [85.19525544000004, 26.293278327000053], [85.19465457300004, 26.293526289000056], [85.19388329200007, 26.294031460000042], [85.19268641600007, 26.294581605000076], [85.19174002200003, 26.294987382000045], [85.19129937700006, 26.295136126000045], [85.19090866500005, 26.295424767000043], [85.19025262300005, 26.295817115000034], [85.18976174000005, 26.29624566800004], [85.18914538700005, 26.29713444600003], [85.18875446300007, 26.29796014200008], [85.18832846800007, 26.298794825000073], [85.18805777900008, 26.299304694000057], [85.18785734900007, 26.299719822000043], [85.18771697300008, 26.299945378000075], [85.18764164800007, 26.30045087700006], [85.18760123700008, 26.301073579000047], [85.18760611700003, 26.301335363000078], [85.18767596000004, 26.301732497000046], [85.18785094700007, 26.302278650000062], [85.18809101700003, 26.302888082000038], [85.18826111600004, 26.303127260000053], [85.18836613700006, 26.303398143000038], [85.18865139400003, 26.303669024000044], [85.18935720600007, 26.30400325200003], [85.18980779600008, 26.30413435500003], [85.19035856300007, 26.30414809100006], [85.19085427600004, 26.304071615000055], [85.19153037200005, 26.303891399000065], [85.19270227100003, 26.303399901000034], [85.19353856000004, 26.302989591000028], [85.19417952500004, 26.30285443300005], [85.19460525500006, 26.302759838000043], [85.19529120700008, 26.302705924000065], [85.19633271200007, 26.302656659000036], [85.19762948700009, 26.302684217000035], [85.19844559200004, 26.302783808000072], [85.19902635400007, 26.30294654100004], [85.19950691600008, 26.303113619000044], [85.19995746000006, 26.30328077400003], [85.20039306000007, 26.303551694000078], [85.20081349100008, 26.30383618700006], [85.20154424400005, 26.30460368300004], [85.20189454000007, 26.304955764000056], [85.20239495900006, 26.305786331000036], [85.20289537500008, 26.30657179800005], [85.20306043100004, 26.30692378400005], [85.20318555100005, 26.307230712000035], [85.20322044800008, 26.307501528000046], [85.20325515300004, 26.30834548000007], [85.20330986500005, 26.30931127100007], [85.20337459300004, 26.310299645000043], [85.20337421300007, 26.31122934800004], [85.20343896100007, 26.312140959000033], [85.20352395100008, 26.312520092000057], [85.20353885700007, 26.312881127000026], [85.20345359000004, 26.313215031000027], [85.20338338000005, 26.31349026500004], [85.20308272800008, 26.313968571000032], [85.20284723100008, 26.31437466500006], [85.20273199700006, 26.314582175000055], [85.20423739400007, 26.314186176000078], [85.20573961700006, 26.314249903000075], [85.20716686900005, 26.31402462500006], [85.20791790700008, 26.31421892800006], [85.20965862300005, 26.319910316000062], [85.20998412700004, 26.320005218000063], [85.21240794800008, 26.31965380300005], [85.21265822900006, 26.320005880000053], [85.21290847500006, 26.320488837000028], [85.21483662700007, 26.320168918000036], [85.21508684400004, 26.320489424000073], [85.21558766500004, 26.320620434000034], [85.21823183100008, 26.320232951000037], [85.21997957700006, 26.320364185000074], [85.22036506300003, 26.320874184000047], [85.22079538700007, 26.322228153000026], [85.22363511200007, 26.321127555000032], [85.22499736100008, 26.32045090400004], [85.22549819200003, 26.320031304000054], [85.22689049300004, 26.319291320000048], [85.22753158100005, 26.319314057000042], [85.22767673400006, 26.319684078000023], [85.22824751800005, 26.319842160000064], [85.22856801300009, 26.320167105000053], [85.22878281400006, 26.322933612000043], [85.22921310400005, 26.325253418000045], [85.22967379400006, 26.32589424100007], [85.23059517800004, 26.326219322000043], [85.23141655100005, 26.32586748600005], [85.23223789200006, 26.325673493000068], [85.23248835100009, 26.32551554500003], [85.23262868900008, 26.325032704000023], [85.23280896200004, 26.324676183000065], [85.23330981600003, 26.324324207000075], [85.23349014000007, 26.324030915000037], [85.23370057200003, 26.323615766000046], [85.23619960600007, 26.322487782000053], [85.23594936200004, 26.32113840100004], [85.23602453600006, 26.320881117000056], [85.23716639200006, 26.320235857000057], [85.23763211500005, 26.31997864600004], [85.23781246200008, 26.319753087000038]]]]}}, {"type": "Feature", "properties": {"OBJECTID": 3830, "GPCODE": "96798", "GPNAME_1": "BAKHARI", "DIST_CEN_C": "02", "BLK_NAME": "MEHSI", "ST_NAME": "BIHAR", "ST_CODE_1": "10", "GPCODE2011": "99337", "REMARKS": "FINALIZED", "MAP_STATUS": "COMPLETED", "BLK_C_2001": "020027", "BLK_C_2011": "01057", "DIST_NAME": "PURBI CHAMPARAN", "code2011": 0.0, "Shape_Leng": 0.14335061724, "Shape_Area": 0.00057990899, "Area": 6.41491}, "geometry": {"type": "MultiPolygon", "coordinates": [[[[85.10341759500005, 26.348466639000037], [85.10688160700005, 26.34613696100007], [85.10759766900009, 26.346327270000074], [85.10834922600003, 26.34620165900003], [85.10913624600005, 26.345683370000074], [85.11185895800008, 26.34317237600004], [85.11228991800004, 26.34301029100004], [85.11311065500007, 26.343656405000047], [85.11350589700004, 26.343981704000043], [85.11393671500008, 26.344013720000078], [85.11704851400003, 26.342820723000045], [85.11898220200004, 26.342533675000027], [85.11951823500004, 26.342502592000073], [85.11966234900007, 26.343504642000028], [85.12202646300005, 26.343538282000054], [85.12216708500006, 26.34315034900004], [85.12191813300007, 26.341859432000035], [85.12109878700005, 26.339922616000024], [85.12077414300006, 26.339051278000056], [85.12034934900004, 26.338211474000047], [85.12154238600004, 26.33736413400004], [85.12090328200009, 26.33552678500007], [85.12040435900008, 26.333788840000068], [85.11980155500004, 26.330931548000024], [85.12019485500008, 26.328485878000038], [85.12098394700007, 26.32597293200007], [85.12170131100004, 26.32487692600006], [85.12237803600004, 26.32427731200005], [85.12441727200007, 26.323313292000023], [85.12663151100008, 26.32266986600007], [85.12695195600008, 26.322638554000036], [85.12834458900005, 26.322251592000043], [85.12956166100008, 26.32215790200007], [85.12966799500003, 26.320993643000065], [85.12948887000005, 26.31989231800003], [85.12844875700006, 26.318375076000052], [85.12737895600003, 26.318713591000062], [85.12648007300004, 26.319050331000028], [85.12350528500008, 26.319178622000038], [85.12278896100008, 26.319340435000072], [85.12311598400004, 26.317982295000036], [85.12304146700006, 26.317368458000033], [85.12279156800008, 26.316948586000024], [85.12268689400008, 26.316528738000045], [85.12517252600009, 26.312242980000065], [85.12360032600003, 26.312133284000026], [85.12330884100004, 26.313098832000037], [85.12313784900005, 26.313816254000074], [85.12279121300008, 26.314822356000036], [85.12239011400004, 26.315331952000065], [85.12146284300007, 26.316071212000054], [85.12083653800005, 26.316373], [85.11963929300003, 26.316827772000067], [85.11892295800004, 26.31703466600004], [85.11827705600007, 26.316979983000067], [85.11746597000007, 26.316767064000032], [85.11675075200003, 26.31604433800004], [85.11636069200006, 26.31553406200004], [85.11591554500006, 26.315113852000025], [85.11533020600007, 26.314648530000056], [85.11454964000006, 26.314092679000055], [85.11402914100006, 26.313857531000053], [85.11365371600004, 26.31373535000006], [85.11285255300004, 26.313729994000028], [85.11234142500007, 26.313973219000047], [85.11170022100004, 26.314229900000043], [85.11139450600007, 26.31442360500006], [85.11096855600005, 26.314644343000055], [85.10990560400006, 26.315852756000027], [85.10889242000007, 26.317214706000073], [85.10784407000006, 26.31863973800006], [85.10685058000007, 26.320200287000034], [85.10582718300003, 26.321711091000054], [85.10477400700006, 26.32296460500004], [85.10416706400008, 26.323767286000077], [85.10346494800007, 26.324524754000038], [85.10307902000005, 26.324799657000028], [85.10258777700005, 26.32513763700007], [85.10224696700004, 26.32537646000003], [85.10162073400005, 26.32552474000005], [85.10115985600004, 26.325673143000074], [85.10057377600003, 26.325758352000037], [85.10018842200003, 26.325554827000076], [85.10003809800008, 26.32559074900007], [85.10221260000003, 26.33081072400006], [85.10235244500007, 26.33109064100006], [85.10295856200008, 26.331028149000076], [85.10324398500006, 26.33105997000007], [85.10370808500005, 26.332382736000056], [85.10399338900004, 26.33254101600005], [85.10441905800008, 26.332573041000046], [85.10477952900004, 26.332672724000076], [85.10498923700004, 26.333219007000025], [85.10570798600008, 26.335196378000035], [85.10542195100004, 26.335669946000053], [85.10022044200008, 26.337745061000078], [85.09949438300004, 26.33760437500007], [85.09993434400008, 26.33824567700003], [85.10065386300005, 26.33957778100006], [85.10226376800006, 26.341872032000026], [85.09959109400006, 26.344234061000066], [85.09823201100005, 26.34549177200006], [85.09726352300004, 26.346912334000024], [85.09717321200003, 26.346975409000038], [85.09731784200005, 26.347499028000072], [85.09776155400004, 26.34907453900007], [85.09833165400005, 26.349783659000025], [85.09883223700007, 26.350041410000074], [85.09979890300008, 26.35011019500007], [85.10080025100007, 26.350530884000023], [85.10341759500005, 26.348466639000037]]]]}}, {"type": "Feature", "properties": {"OBJECTID": 3831, "GPCODE": "96810", "GPNAME_1": "PARSAUNI DEWAJIT", "DIST_CEN_C": "02", "BLK_NAME": "MEHSI", "ST_NAME": "BIHAR", "ST_CODE_1": "10", "GPCODE2011": "99349", "REMARKS": "FINALIZED", "MAP_STATUS": "COMPLETED", "BLK_C_2001": "020027", "BLK_C_2011": "01057", "DIST_NAME": "PURBI CHAMPARAN", "code2011": 0.0, "Shape_Leng": 0.1127146271, "Shape_Area": 0.00051961236, "Area": 5.74791}, "geometry": {"type": "MultiPolygon", "coordinates": [[[[85.08202639800004, 26.343298378000043], [85.08302829400003, 26.343200274000026], [85.08345874700007, 26.343458053000063], [85.08767893700008, 26.341436541000064], [85.09082583900005, 26.340406657000074], [85.09175128100009, 26.341206389000035], [85.09257150500008, 26.342109953000033], [85.09601039300009, 26.33992489700006], [85.09993434400008, 26.33824567700003], [85.09949438300004, 26.33760437500007], [85.10022044200008, 26.337745061000078], [85.10542195100004, 26.335669946000053], [85.10570798600008, 26.335196378000035], [85.10498923700004, 26.333219007000025], [85.10477952900004, 26.332672724000076], [85.10441905800008, 26.332573041000046], [85.10399338900004, 26.33254101600005], [85.10370808500005, 26.332382736000056], [85.10324398500006, 26.33105997000007], [85.10295856200008, 26.331028149000076], [85.10235244500007, 26.33109064100006], [85.10221260000003, 26.33081072400006], [85.10003809800008, 26.32559074900007], [85.09962286200005, 26.32527895100003], [85.09929769800004, 26.324989799000036], [85.09907789800008, 26.324628551000046], [85.09885365200006, 26.32369406300006], [85.09888506800007, 26.322696749000045], [85.09886107700004, 26.32183027600007], [85.09874624800005, 26.32155487700004], [85.09854639000008, 26.321229698000025], [85.09832639700005, 26.320967669000026], [85.09784095900005, 26.320687424000027], [85.09726521000005, 26.320591986000068], [85.09664921600006, 26.320618425000077], [85.09618838700004, 26.320739754000044], [85.09529603900006, 26.321442829000034], [85.09473909200005, 26.322204912000075], [85.09433771700003, 26.322782176000032], [85.09385092300005, 26.323544269000024], [85.09300328900008, 26.32450467500007], [85.09251702900008, 26.324901271000044], [85.09194075500005, 26.32514433800003], [85.09141970400003, 26.325333235000073], [85.09098895600005, 26.32540046200006], [85.09022785500008, 26.325277811000035], [85.08924172900004, 26.324960833000034], [85.08642782400005, 26.324497275000056], [85.08545896300006, 26.324392360000047], [85.08449006900008, 26.324287439000045], [85.08285263100004, 26.32420881200005], [85.08201609400004, 26.32431617800006], [85.08159027000005, 26.32443752100005], [85.08109926600008, 26.32458132100004], [85.08072822600008, 26.324910353000064], [85.08014567500004, 26.32603794700003], [85.07965867500008, 26.326840677000064], [85.07936696300004, 26.32772035000005], [85.07914532100006, 26.32855945800003], [85.07899374400006, 26.32951602600008], [85.07892733300008, 26.33037788300004], [85.07881638000003, 26.330910321000033], [85.07849984500007, 26.33163203500004], [85.07815356800006, 26.33208284400007], [85.07781759100004, 26.332362317000047], [85.07707587600004, 26.33270439100005], [85.07631442800005, 26.332816279000042], [85.07568841800008, 26.332792984000037], [85.07469272600008, 26.332173432000047], [85.07244704300007, 26.330162475000066], [85.07100187900005, 26.328711961000067], [85.07082659800005, 26.32867568000006], [85.07076600700003, 26.329045601000075], [85.07075046700004, 26.329356999000026], [85.07061409300007, 26.330092456000045], [85.07027246500007, 26.330818648000047], [85.07007150700008, 26.331192937000026], [85.06956416700007, 26.332194164000043], [85.06913208400005, 26.333084919000044], [85.06913207500008, 26.33308499000003], [85.06899278900005, 26.33404445700006], [85.06924238700003, 26.334590870000056], [85.06981283300007, 26.334884917000068], [85.07016789200009, 26.33526896400008], [85.07169640300003, 26.341209973000048], [85.07232979900004, 26.346296833000054], [85.07250933300008, 26.346847626000056], [85.07383061000007, 26.34752168800003], [85.07472290300007, 26.347080507000044], [85.07543975200008, 26.346724901000073], [85.07583090800006, 26.34637333300003], [85.07594207500006, 26.345728157000053], [85.07594241900006, 26.345506989000057], [85.07688432000003, 26.34534111200003], [85.07752592100007, 26.34505310000003], [85.07777702600004, 26.344602077000047], [85.07810288600007, 26.344408437000027], [85.08202639800004, 26.343298378000043]]]]}}, {"type": "Feature", "properties": {"OBJECTID": 3832, "GPCODE": "96809", "GPNAME_1": "NONIMAL", "DIST_CEN_C": "02", "BLK_NAME": "MEHSI", "ST_NAME": "BIHAR", "ST_CODE_1": "10", "GPCODE2011": "99348", "REMARKS": "FINALIZED", "MAP_STATUS": "COMPLETED", "BLK_C_2001": "020027", "BLK_C_2011": "01057", "DIST_NAME": "PURBI CHAMPARAN", "code2011": 0.0, "Shape_Leng": 0.21132159237, "Shape_Area": 0.00101206154, "Area": 11.1946}, "geometry": {"type": "MultiPolygon", "coordinates": [[[[85.26321322300004, 26.342754742000068], [85.26444071400005, 26.34242624700005], [85.26467615800004, 26.342322597000077], [85.26476653000003, 26.342169254000055], [85.26521853200006, 26.340793148000046], [85.26555528500006, 26.339502743000025], [85.26570306200006, 26.33948478700006], [85.26585083900005, 26.339466832000028], [85.26634657900007, 26.33960263800003], [85.26677724500007, 26.33968412400003], [85.26713333100008, 26.33906163200004], [85.26731908100004, 26.33861496700007], [85.26763513600008, 26.33801499200007], [85.26823689100007, 26.337171515000023], [85.26879351000008, 26.336458871000048], [85.26942520000006, 26.335692152000036], [85.26978616000008, 26.335344960000043], [85.27031740600006, 26.334939103000067], [85.27095376600005, 26.334614652000027], [85.27153496700004, 26.334317276000036], [85.27286602100008, 26.335672111000065], [85.27407365400006, 26.334941809000043], [85.27369901500003, 26.333772666000073], [85.27341896700005, 26.33329412200004], [85.27303904400009, 26.332395749000057], [85.27285416900008, 26.331953386000066], [85.27239001500004, 26.33011177800006], [85.27225539800008, 26.329394084000057], [85.27194677200004, 26.32726374200007], [85.26582963800007, 26.32981807500005], [85.26606464200006, 26.330260598000052], [85.26432609500006, 26.33095423700007], [85.26223717700003, 26.331593476000023], [85.26058404400004, 26.332002831000068], [85.26040372200004, 26.332011661000024], [85.26026850400007, 26.331980041000065], [85.26010844800004, 26.331844515000057], [85.26001341000006, 26.331641362000028], [85.25960449500008, 26.329826763000028], [85.25947457900008, 26.329610056000035], [85.25848898700008, 26.328544177000026], [85.25781849700007, 26.32791187400005], [85.25714791300004, 26.327464478000024], [85.25679776600003, 26.327094200000033], [85.25657275800006, 26.326665224000067], [85.25648282200007, 26.326439531000062], [85.25644079700004, 26.32593176300003], [85.25639877600008, 26.325424032000058], [85.25635490200006, 26.32421454200005], [85.25629530600008, 26.32364129800004], [85.25622069000008, 26.323203490000026], [85.25615597800004, 26.322819835000075], [85.25614146300006, 26.32226477100005], [85.25616201000008, 26.32175482400004], [85.25620786700006, 26.320983092000063], [85.25629826000005, 26.320744061000028], [85.25636377000006, 26.320333384000037], [85.25629908200006, 26.319891099000074], [85.25617948200005, 26.319358436000073], [85.25591076500007, 26.317656816000067], [85.25584109400006, 26.31715579100006], [85.25578659300004, 26.31666843000005], [85.25569785800008, 26.315201623000064], [85.25568412500007, 26.313965061000033], [85.25569466800005, 26.313400959000035], [85.25574083600003, 26.312335877000066], [85.25578155000005, 26.311654512000075], [85.25590808000004, 26.31027360400003], [85.25599946200003, 26.309109343000046], [85.25617580700003, 26.307999289000065], [85.25635244200004, 26.306573339000067], [85.25642904800003, 26.30507960400007], [85.25644434700007, 26.30484493700004], [85.25775647100005, 26.304539120000072], [85.25889820800006, 26.30435048800007], [85.25985472800005, 26.30415271100003], [85.26020540400003, 26.304049234000047], [85.26251413900007, 26.30344179900004], [85.26202096600008, 26.300837433000027], [85.26126608000004, 26.29960473500006], [85.26092149400006, 26.298674842000025], [85.25791740500006, 26.29874908200003], [85.25719350300005, 26.296586803000025], [85.25604677200005, 26.29684306000007], [85.25487977400007, 26.297270912000045], [85.25386815100006, 26.29749564100007], [85.25267634500005, 26.297706816000073], [85.25234092100004, 26.297724534000054], [85.25207058700005, 26.29770628500006], [85.25187043000005, 26.29760228600003], [85.25103996800004, 26.296929116000058], [85.24980766700008, 26.297600457000044], [85.24803403500005, 26.298767850000047], [85.24821292200005, 26.29963421000008], [85.24809927600006, 26.30120990900008], [85.24776993600005, 26.301335469000037], [85.24714911100006, 26.301403167000046], [85.24625784800008, 26.30158367200005], [85.24548174200004, 26.30182280300005], [85.24504611400005, 26.30083445300005], [85.24496106700008, 26.30072612200007], [85.24447033700005, 26.300820921000025], [85.24340887500006, 26.30112318600004], [85.24362226100004, 26.302825229000064], [85.24405273700006, 26.30616033600006], [85.24380234600005, 26.30641752500003], [85.24298112900004, 26.30651227000004], [85.24215999600005, 26.306611519000057], [85.24176435800007, 26.30703124200005], [85.24151394700004, 26.307446369000047], [85.24155396400005, 26.308741603000044], [85.24208968600004, 26.309960197000066], [85.24279560800005, 26.312537115000055], [85.24253516000005, 26.312803381000037], [85.24246006700008, 26.313353908000067], [85.24242496400007, 26.313579571000048], [85.24188917100008, 26.31389998800006], [85.23995612000004, 26.315059725000026], [85.23752734800007, 26.31615615800007], [85.23706155700006, 26.316639055000053], [85.23709655700009, 26.317157998000027], [85.23781246200008, 26.319753087000038], [85.23763211500005, 26.31997864600004], [85.23716639200006, 26.320235857000057], [85.23602453600006, 26.320881117000056], [85.23594936200004, 26.32113840100004], [85.23619960600007, 26.322487782000053], [85.23370057200003, 26.323615766000046], [85.23349014000007, 26.324030915000037], [85.23330981600003, 26.324324207000075], [85.23280896200004, 26.324676183000065], [85.23262868900008, 26.325032704000023], [85.23248835100009, 26.32551554500003], [85.23223789200006, 26.325673493000068], [85.23141655100005, 26.32586748600005], [85.23059517800004, 26.326219322000043], [85.22991862700007, 26.32902181000003], [85.22970324200008, 26.329116545000034], [85.22506060800004, 26.329472372000055], [85.22567629900004, 26.330975301000024], [85.22582148800007, 26.331264141000077], [85.22857108100004, 26.331169792000026], [85.22846075000007, 26.33165263500007], [85.22607107600004, 26.335384539000074], [85.22524925000005, 26.337830404000044], [85.23335812200008, 26.337466069000072], [85.23459530700006, 26.33731272400007], [85.23545172100006, 26.337407556000073], [85.23627312700006, 26.337470883000037], [85.23691426700003, 26.33711889400007], [85.23959401200005, 26.334605442000054], [85.24016499900006, 26.333675764000077], [85.24009501100005, 26.33254750800006], [85.24002499500006, 26.33132454400004], [85.24076623400003, 26.331013175000066], [85.24165769300004, 26.330656728000065], [85.24208843300005, 26.33142847700003], [85.24279947500008, 26.33294480400008], [85.24344540900006, 26.335359306000043], [85.24358060400004, 26.337056193000024], [85.24408140400004, 26.33747593000004], [85.24474256900004, 26.338261198000055], [85.24731193400004, 26.33787317100007], [85.24613670900004, 26.33873433800005], [85.24682288400004, 26.339921333000063], [85.24695304900007, 26.34093223700006], [85.24700320700003, 26.341505332000054], [85.24722357500008, 26.342123609000055], [85.24756408300004, 26.342949540000063], [85.24777062600003, 26.343603899000072], [85.24849201900008, 26.343478161000064], [85.25203892000007, 26.342790786000023], [85.25473892400004, 26.342450068000062], [85.25487171400005, 26.342450162000034], [85.25500441800006, 26.342450255000074], [85.25658010400008, 26.344455340000025], [85.25700541800006, 26.344843796000077], [85.25739113800006, 26.344821528000068], [85.25897929100006, 26.34443474300008], [85.26106855600005, 26.34379104100003], [85.26178507000003, 26.343520814000044], [85.26215590900006, 26.343299955000077], [85.26265207400007, 26.342948324000076], [85.26295280100004, 26.342790662000027], [85.26321322300004, 26.342754742000068]]]]}}, {"type": "Feature", "properties": {"OBJECTID": 3834, "GPCODE": "96808", "GPNAME_1": "MUHAMADPUR", "DIST_CEN_C": "02", "BLK_NAME": "MEHSI", "ST_NAME": "BIHAR", "ST_CODE_1": "10", "GPCODE2011": "99347", "REMARKS": "FINALIZED", "MAP_STATUS": "COMPLETED", "BLK_C_2001": "020027", "BLK_C_2011": "01057", "DIST_NAME": "PURBI CHAMPARAN", "code2011": 0.0, "Shape_Leng": 0.20925072104, "Shape_Area": 0.0005843957, "Area": 6.46423}, "geometry": {"type": "MultiPolygon", "coordinates": [[[[85.20330511900005, 26.341755755000065], [85.20169308100003, 26.339918414000067], [85.20001640800007, 26.33698888200007], [85.19951618300007, 26.335634810000045], [85.19944731100009, 26.332638151000026], [85.19924265900005, 26.330914190000044], [85.20266894100007, 26.329430562000027], [85.20642036900006, 26.328691657000036], [85.206846, 26.328759484000045], [85.20813248800005, 26.33065982000005], [85.20955351600008, 26.334482656000034], [85.20980366000003, 26.335286091000057], [85.21004886000009, 26.33602627700003], [85.21015880300007, 26.336576862000072], [85.20994327100004, 26.337186064000036], [85.20980283600005, 26.337668972000074], [85.20994282100008, 26.338508382000043], [85.21141034400006, 26.338535852000064], [85.21308837600003, 26.33805339500003], [85.21347908000007, 26.337859510000044], [85.21354943900008, 26.33705616000003], [85.21340994600007, 26.33477257100003], [85.21608453200008, 26.334240729000044], [85.21737181200007, 26.333852899000078], [85.21783770200005, 26.333528099000034], [85.21801817200009, 26.33301365600005], [85.21851428200006, 26.331628210000076], [85.21901545100008, 26.330400805000068], [85.21948130600003, 26.330080510000073], [85.22055819900004, 26.32982346800003], [85.22144970800008, 26.32956644500007], [85.22170010400004, 26.329304698000044], [85.22135975100008, 26.32844271500005], [85.22059379200005, 26.327381971000023], [85.22034348400007, 26.327251078000074], [85.21995283700005, 26.327219394000053], [85.21973749700004, 26.326930498000024], [85.21945235400005, 26.32596017800006], [85.21884177500004, 26.324380474000066], [85.21866165000006, 26.323703469000066], [85.21884197000008, 26.323319905000062], [85.22037953500006, 26.322963722000054], [85.22077518300006, 26.32276974100006], [85.22079538700007, 26.322228153000026], [85.22036506300003, 26.320874184000047], [85.21997957700006, 26.320364185000074], [85.21823183100008, 26.320232951000037], [85.21558766500004, 26.320620434000034], [85.21508684400004, 26.320489424000073], [85.21483662700007, 26.320168918000036], [85.21290847500006, 26.320488837000028], [85.21265822900006, 26.320005880000053], [85.21240794800008, 26.31965380300005], [85.20998412700004, 26.320005218000063], [85.20965862300005, 26.319910316000062], [85.20791790700008, 26.31421892800006], [85.20716686900005, 26.31402462500006], [85.20573961700006, 26.314249903000075], [85.20423739400007, 26.314186176000078], [85.20273199700006, 26.314582175000055], [85.20261669800004, 26.31478979700006], [85.20240623200004, 26.31509657500004], [85.20235608800004, 26.31540795500007], [85.20239604800008, 26.315665255000056], [85.20253100800005, 26.316084970000077], [85.20268105200006, 26.316608555000073], [85.20279102200004, 26.317141113000048], [85.20289093400004, 26.317637558000058], [85.20296078600006, 26.318382220000046], [85.20291044400005, 26.31909977400005], [85.20268476500007, 26.319907472000068], [85.20225873900006, 26.32085060000003], [85.20150749700008, 26.321008324000047], [85.20045584900004, 26.320958278000035], [85.20007026000007, 26.32087244300004], [85.19980988300006, 26.32078658200004], [85.19955961600004, 26.32060595400003], [85.19937943300005, 26.320348626000055], [85.19919438500006, 26.319798040000023], [85.19906941200009, 26.31926542800005], [85.19902949100003, 26.31897655800003], [85.19894466000005, 26.318277033000072], [85.19891967600006, 26.318078508000042], [85.19890005700006, 26.317175892000023], [85.19888531100008, 26.316494374000058], [85.19890048700006, 26.316146883000044], [85.19880047800007, 26.31577229800007], [85.19866053300007, 26.315302861000077], [85.19859057000008, 26.314923778000036], [85.19861075300008, 26.314504053000064], [85.19871112300007, 26.314057362000028], [85.19869618500007, 26.31384975900005], [85.19854603900006, 26.313592442000072], [85.19822070800006, 26.31334408200007], [85.19716931800008, 26.312964599000054], [85.19653343700008, 26.31264400300006], [85.19594267100007, 26.31249484700004], [85.19525666600003, 26.31254876400004], [85.19473577300005, 26.31270192900007], [85.19417475300008, 26.313089838000053], [85.19389919900004, 26.31330636000007], [85.19380903200005, 26.313468769000053], [85.19379878800004, 26.313829810000072], [85.19374855900008, 26.31432177100004], [85.19397350700007, 26.315179276000038], [85.19407340000004, 26.315553868000052], [85.19412326600008, 26.315996206000023], [85.19409819300006, 26.31624443900006], [85.19396287700005, 26.316479034000054], [85.19361216900006, 26.31680831500006], [85.19351195400003, 26.31697980000007], [85.19348683000004, 26.317097064000052], [85.19347675600005, 26.317277610000076], [85.19349670700007, 26.317458172000045], [85.19356161700006, 26.317656751000072], [85.19361669800008, 26.317837249000036], [85.19366664900008, 26.317977236000047], [85.19378166900003, 26.31830217600003], [85.19384654200007, 26.318816725000033], [85.19391650600005, 26.319051399000045], [85.19396653900003, 26.319313151000074], [85.19409143600006, 26.319881847000033], [85.19413135700006, 26.32023836600007], [85.19422620100005, 26.320766460000073], [85.19431621800004, 26.321159142000056], [85.19435595900006, 26.321745762000035], [85.19432063900007, 26.322237684000072], [85.19443571000005, 26.32257624300007], [85.19454569100003, 26.322910184000023], [85.19491107300007, 26.323348106000026], [85.19530161300008, 26.323637102000077], [85.19553680700005, 26.32392601500004], [85.19572696900008, 26.324165251000068], [85.19581208800008, 26.324345854000057], [85.19593702100008, 26.324837786000046], [85.19600197800008, 26.325122141000065], [85.19594670500004, 26.325623010000072], [85.19582636000007, 26.325961477000078], [85.19573605100004, 26.326250257000027], [85.19552550000003, 26.326805251000053], [85.19539003900007, 26.327261016000023], [85.19500408800008, 26.328082214000062], [85.19461306700003, 26.328799668000045], [85.19436257000007, 26.329047752000065], [85.19402694300004, 26.329259732000025], [85.19376645000006, 26.32936346400004], [85.19349090000009, 26.329476163000038], [85.19317534200007, 26.32953469100005], [85.19280480600008, 26.329552617000047], [85.19257442100007, 26.329543520000072], [85.19222886400007, 26.329430565000052], [85.19187844900006, 26.32923631700004], [85.19151799200006, 26.32895634600004], [85.19111765000008, 26.328360538000027], [85.19102768400006, 26.328003934000037], [85.19090270800007, 26.327408182000056], [85.19088786900005, 26.326993032000075], [85.19084802300006, 26.326573282000027], [85.19087345900004, 26.32589181700007], [85.19077366300007, 26.325120079000044], [85.19077387600004, 26.32469586900004], [85.19077398400003, 26.32450626700006], [85.19058382100008, 26.32419937700007], [85.19039878500007, 26.323793099000056], [85.19017365700006, 26.32328304500004], [85.18977338300004, 26.322466061000057], [85.18938306000007, 26.321897248000028], [85.18922795700007, 26.32174823400004], [85.18923302400003, 26.321500023000056], [85.18957899500003, 26.320669762000023], [85.19012047400008, 26.319528269000045], [85.19044124100003, 26.319018399000072], [85.19077687200007, 26.318729664000045], [85.19110755000008, 26.318359822000048], [85.19144849800006, 26.317552086000035], [85.19154878800003, 26.31720011300007], [85.19153401300008, 26.316699177000032], [85.19149928300004, 26.31597258000005], [85.19153969700005, 26.31546263100006], [85.19097971700006, 26.31361210800003], [85.19082970500006, 26.313093021000043], [85.19073985900008, 26.312524351000036], [85.19067495600007, 26.312208420000047], [85.19044968600008, 26.312181295000073], [85.19013913500004, 26.312248858000032], [85.18996384100006, 26.31235251700008], [85.18993873500006, 26.312442813000075], [85.19001371200005, 26.312790347000032], [85.19013863700008, 26.313205528000026], [85.19033849200008, 26.314144314000032], [85.19048832600004, 26.314938695000023], [85.19061326100007, 26.315376515000025], [85.19066308000004, 26.315850425000065], [85.19063785500003, 26.316342289000033], [85.19056264700004, 26.31658592900004], [85.19041224700004, 26.31690634000006], [85.19027186300008, 26.31717699400008], [85.18997610400004, 26.317713922000053], [85.18981573500008, 26.318047825000065], [85.18955013500005, 26.318413294000038], [85.18942472100008, 26.318927720000033], [85.18925926600008, 26.319302196000024], [85.18909877700008, 26.319685711000034], [85.18893337500003, 26.320001556000022], [85.18874795200009, 26.320294872000034], [85.18856254300005, 26.32044368700008], [85.18818178100008, 26.320750390000057], [85.18774602700006, 26.32090364900006], [85.18702484500005, 26.321002597000074], [85.18563774000006, 26.320943336000028], [85.18354958700007, 26.320748366000032], [85.182478, 26.32058988700004], [85.18154156200006, 26.320472111000072], [85.18107588800007, 26.32055308100007], [85.18067516000008, 26.320728904000077], [85.18037441400008, 26.32108981500005], [85.18002362000004, 26.32145063400003], [85.17983819400007, 26.321739429000047], [85.17978797100005, 26.32203276200005], [85.17969262100007, 26.32229896700005], [85.17986268400006, 26.32266461100005], [85.18005289600006, 26.32288582500007], [85.18033821600005, 26.32310259700006], [85.18077877400003, 26.32325172900005], [85.18129959800007, 26.32328803000007], [85.18180537600006, 26.323378578000074], [85.18290702800005, 26.323509926000042], [85.18414390700008, 26.32361883300007], [85.18468472700005, 26.323754505000068], [85.18503518200004, 26.323840439000037], [85.18541074700005, 26.323975976000042], [85.18607152900006, 26.324377886000036], [85.18626169400005, 26.324612623000064], [85.18654695200007, 26.324987415000066], [85.18678222200003, 26.325231148000057], [85.18685718100005, 26.32546584200003], [85.18712247200006, 26.325899279000055], [85.18728242400005, 26.326364192000028], [85.18742218700004, 26.327217162000068], [85.18743706700008, 26.327551133000043], [85.18732159100006, 26.328124219000074], [85.18719621800005, 26.328485210000053], [85.18704568700008, 26.328922875000046], [85.18680504300005, 26.329319904000045], [85.18650439400005, 26.329658271000028], [85.18607850400008, 26.330046167000035], [85.18579291700007, 26.330303316000027], [85.18530689600004, 26.330614513000057], [85.18475585500005, 26.330984284000067], [85.18449531900006, 26.331187217000036], [85.18429480500004, 26.33139929500004], [85.18419453800004, 26.331715088000067], [85.18412419200007, 26.332103241000027], [85.18415909700008, 26.33238758300007], [85.18417362200006, 26.33326302000006], [85.18438842100005, 26.33421538300007], [85.18455825200004, 26.335104535000028], [85.18477308800004, 26.335980137000035], [85.18482784400004, 26.336697681000032], [85.18481241400008, 26.337302416000057], [85.18480225100006, 26.337686087000066], [85.18477705700008, 26.337979416000053], [85.18467675000005, 26.33816433100003], [85.18460148600008, 26.33846217400003], [85.18438589700008, 26.338800565000042], [85.18417531700004, 26.339184072000023], [85.18571601700006, 26.338955335000037], [85.19495246600007, 26.337790298000073], [85.19527289800004, 26.33788521400004], [85.19587207000006, 26.34203291700004], [85.19790572200003, 26.341708707000066], [85.19833646500007, 26.34180814000007], [85.19919244200008, 26.343126263000045], [85.20330511900005, 26.341755755000065]]]]}}, {"type": "Feature", "properties": {"OBJECTID": 3836, "GPCODE": "96811", "GPNAME_1": "PARTAPUR", "DIST_CEN_C": "02", "BLK_NAME": "MEHSI", "ST_NAME": "BIHAR", "ST_CODE_1": "10", "GPCODE2011": "99350", "REMARKS": "FINALIZED", "MAP_STATUS": "COMPLETED", "BLK_C_2001": "020027", "BLK_C_2011": "01057", "DIST_NAME": "PURBI CHAMPARAN", "code2011": 0.0, "Shape_Leng": 0.18094769457, "Shape_Area": 0.00060488975, "Area": 6.69038}, "geometry": {"type": "MultiPolygon", "coordinates": [[[[85.09141343100003, 26.35032222800004], [85.08911935700007, 26.350251972000024], [85.08892589000004, 26.356132117000072], [85.08933661100008, 26.35614617300007], [85.09030278800003, 26.35663461300004], [85.09033775200004, 26.356729465000058], [85.09037705100008, 26.357311675000062], [85.09121362000008, 26.35729906800003], [85.09142935700004, 26.357005911000044], [85.09172123000008, 26.356072116000064], [85.09204244700004, 26.355589524000038], [85.09279439500006, 26.355202235000036], [85.09433806300007, 26.354558602000054], [85.09569693100008, 26.353589747000058], [85.09709619100005, 26.352269007000075], [85.09559891300006, 26.35193790200003], [85.09506308900006, 26.351779398000076], [85.09313097500007, 26.350743843000032], [85.09141343100003, 26.35032222800004]]], [[[85.06944080400007, 26.361781661000066], [85.07160084100008, 26.361175151000054], [85.07206527800008, 26.36214142500006], [85.07252602000005, 26.362205257000028], [85.07721076200005, 26.361696477000066], [85.07820762600005, 26.36172926000006], [85.07828055000004, 26.361968278000063], [85.08236087400007, 26.361571757000036], [85.08268163700006, 26.361441227000057], [85.08282253800007, 26.361026181000057], [85.08304316300007, 26.357384542000034], [85.08321530600006, 26.356107509000026], [85.08321573300003, 26.355751052000073], [85.08221426600005, 26.355492602000027], [85.08178417400006, 26.355040804000055], [85.08171681700009, 26.35306860600008], [85.081644, 26.351457353000058], [85.08172163200004, 26.34971549000005], [85.08211370700008, 26.348813333000066], [85.08232987500008, 26.348263031000045], [85.08319102500008, 26.348521256000026], [85.08376238400007, 26.348264678000078], [85.08394356700006, 26.34768274700008], [85.08397933800006, 26.347168311000075], [85.08344428200007, 26.34655390000006], [85.08265368700006, 26.345970803000057], [85.08265430100005, 26.345519542000034], [85.08287076900007, 26.344811205000042], [85.08333742300005, 26.34419799400007], [85.08345874700007, 26.343458053000063], [85.08302829400003, 26.343200274000026], [85.08202639800004, 26.343298378000043], [85.07810288600007, 26.344408437000027], [85.07777702600004, 26.344602077000047], [85.07752592100007, 26.34505310000003], [85.07688432000003, 26.34534111200003], [85.07594241900006, 26.345506989000057], [85.07594207500006, 26.345728157000053], [85.07583090800006, 26.34637333300003], [85.07543975200008, 26.346724901000073], [85.07472290300007, 26.347080507000044], [85.07383061000007, 26.34752168800003], [85.07250933300008, 26.346847626000056], [85.07232979900004, 26.346296833000054], [85.07169640300003, 26.341209973000048], [85.07016789200009, 26.33526896400008], [85.06981283300007, 26.334884917000068], [85.06924238700003, 26.334590870000056], [85.06899278900005, 26.33404445700006], [85.06913207500008, 26.33308499000003], [85.06913208400005, 26.333084919000044], [85.06869997200005, 26.333975723000037], [85.06801141000005, 26.33551376400004], [85.06772495100006, 26.336136184000054], [85.06698219100008, 26.33710545400004], [85.06571270000006, 26.338620157000037], [85.06356088700005, 26.340580528000032], [85.06225717400008, 26.341472401000033], [85.06095344700003, 26.342364278000048], [85.06039702600003, 26.342688487000032], [85.05991586700009, 26.342845794000027], [85.05921964100008, 26.34285838900007], [85.05839312300003, 26.34287979800007], [85.05754179200005, 26.34282451400003], [85.05645522800006, 26.342633539000076], [85.05525427100008, 26.341950471000075], [85.05455416100006, 26.341268042000024], [85.05433908600008, 26.341051079000067], [85.05398429400003, 26.340567778000036], [85.05369437000007, 26.34021536700004], [85.05319908800004, 26.33990778900005], [85.05188729600007, 26.339608100000078], [85.05000392300008, 26.339713777000043], [85.04816025700006, 26.339954910000074], [85.04769942700005, 26.339999426000077], [85.04617540900006, 26.340773487000035], [85.04541789100006, 26.341512485000067], [85.04507631700005, 26.342067150000048], [85.04441626100004, 26.34144790000005], [85.04419674100006, 26.340928553000026], [85.04430813600004, 26.34025182700003], [85.04427455700005, 26.339412370000048], [85.04412563700004, 26.33863139400006], [85.04334033600009, 26.33933952800004], [85.04230660900004, 26.34048436300003], [85.04212517200006, 26.341097820000073], [85.04226971300005, 26.34148613900004], [85.04258978700005, 26.34177547400003], [85.04305539900008, 26.341902461000075], [85.04319498100006, 26.342227621000063], [85.04351416000009, 26.34303135600004], [85.04404943600008, 26.343420320000064], [85.04519612500007, 26.34357989800003], [85.04751056900005, 26.343393639000055], [85.04786597200007, 26.34352048900007], [85.04797556100004, 26.34384109100006], [85.04818589500007, 26.343877462000023], [85.05047551100006, 26.343524185000035], [85.05072477300007, 26.34423307000003], [85.05086468000007, 26.344427249000034], [85.05240266700008, 26.344298492000064], [85.05265273300006, 26.344524542000045], [85.05278691300003, 26.345133975000067], [85.05292525000004, 26.34629399800008], [85.05313997500008, 26.346650772000032], [85.05474799500007, 26.346553689000075], [85.05785457200005, 26.345971230000032], [85.05866870300008, 26.350692501000026], [85.05955153900004, 26.355811783000036], [85.05615461300005, 26.356163725000044], [85.05640139800005, 26.358415965000063], [85.05690210600005, 26.358547574000056], [85.05729724100007, 26.358931728000073], [85.05758191300004, 26.35941498300008], [85.05840317700006, 26.359610119000024], [85.05875797400006, 26.360125063000055], [85.05904212700005, 26.361027999000044], [85.05954277900008, 26.36119116800006], [85.05986320100004, 26.361317926000027], [85.06054133500004, 26.36328202900006], [85.06132462700003, 26.365282295000043], [85.06193039400006, 26.365508685000066], [85.06796825800006, 26.364839586000073], [85.06818407700007, 26.364582631000076], [85.06818658200007, 26.362939870000048], [85.06854330700008, 26.362295032000077], [85.06944080400007, 26.361781661000066]]]]}}, {"type": "Feature", "properties": {"OBJECTID": 3837, "GPCODE": "96803", "GPNAME_1": "JHITKAHIYA", "DIST_CEN_C": "02", "BLK_NAME": "MEHSI", "ST_NAME": "BIHAR", "ST_CODE_1": "10", "GPCODE2011": "99342", "REMARKS": "FINALIZED", "MAP_STATUS": "COMPLETED", "BLK_C_2001": "020027", "BLK_C_2011": "01057", "DIST_NAME": "PURBI CHAMPARAN", "code2011": 0.0, "Shape_Leng": 0.24248800628, "Shape_Area": 0.00080347475, "Area": 8.88645}, "geometry": {"type": "MultiPolygon", "coordinates": [[[[85.23278193400006, 26.352484339000057], [85.23339821300004, 26.351730727000074], [85.23422974100004, 26.351279517000023], [85.23531677500006, 26.35074712900007], [85.23575011400004, 26.350573432000033], [85.23618342700007, 26.35039974600005], [85.23696986200008, 26.349980127000038], [85.23770622800004, 26.349357398000052], [85.23840755300006, 26.348707585000056], [85.23892354200007, 26.347908804000042], [85.23915906100007, 26.347380807000036], [85.23920422400005, 26.34673549100006], [85.23908906300005, 26.34597277000006], [85.23876854900004, 26.345191989000057], [85.23833789400004, 26.344469936000053], [85.23820263100004, 26.343883219000077], [85.23940480800007, 26.343454622000024], [85.24127815200006, 26.34290862100005], [85.24306627600004, 26.342651509000063], [85.24257549000004, 26.341139680000026], [85.24443378200004, 26.340747110000052], [85.24429856400008, 26.339934717000062], [85.24409825400005, 26.339311988000077], [85.24613670900004, 26.33873433800005], [85.24731193400004, 26.33787317100007], [85.24474256900004, 26.338261198000055], [85.24408140400004, 26.33747593000004], [85.24358060400004, 26.337056193000024], [85.24344540900006, 26.335359306000043], [85.24279947500008, 26.33294480400008], [85.24208843300005, 26.33142847700003], [85.24165769300004, 26.330656728000065], [85.24076623400003, 26.331013175000066], [85.24002499500006, 26.33132454400004], [85.24009501100005, 26.33254750800006], [85.24016499900006, 26.333675764000077], [85.23959401200005, 26.334605442000054], [85.23691426700003, 26.33711889400007], [85.23627312700006, 26.337470883000037], [85.23545172100006, 26.337407556000073], [85.23459530700006, 26.33731272400007], [85.23335812200008, 26.337466069000072], [85.22524925000005, 26.337830404000044], [85.22607107600004, 26.335384539000074], [85.22846075000007, 26.33165263500007], [85.22857108100004, 26.331169792000026], [85.22582148800007, 26.331264141000077], [85.22567629900004, 26.330975301000024], [85.22506060800004, 26.329472372000055], [85.22970324200008, 26.329116545000034], [85.22991862700007, 26.32902181000003], [85.23059517800004, 26.326219322000043], [85.22967379400006, 26.32589424100007], [85.22921310400005, 26.325253418000045], [85.22878281400006, 26.322933612000043], [85.22856801300009, 26.320167105000053], [85.22824751800005, 26.319842160000064], [85.22767673400006, 26.319684078000023], [85.22753158100005, 26.319314057000042], [85.22689049300004, 26.319291320000048], [85.22549819200003, 26.320031304000054], [85.22499736100008, 26.32045090400004], [85.22363511200007, 26.321127555000032], [85.22079538700007, 26.322228153000026], [85.22077518300006, 26.32276974100006], [85.22037953500006, 26.322963722000054], [85.21884197000008, 26.323319905000062], [85.21866165000006, 26.323703469000066], [85.21884177500004, 26.324380474000066], [85.21945235400005, 26.32596017800006], [85.21973749700004, 26.326930498000024], [85.21995283700005, 26.327219394000053], [85.22034348400007, 26.327251078000074], [85.22059379200005, 26.327381971000023], [85.22135975100008, 26.32844271500005], [85.22170010400004, 26.329304698000044], [85.22144970800008, 26.32956644500007], [85.22055819900004, 26.32982346800003], [85.21948130600003, 26.330080510000073], [85.21901545100008, 26.330400805000068], [85.21851428200006, 26.331628210000076], [85.21801817200009, 26.33301365600005], [85.21783770200005, 26.333528099000034], [85.21737181200007, 26.333852899000078], [85.21608453200008, 26.334240729000044], [85.21340994600007, 26.33477257100003], [85.21354943900008, 26.33705616000003], [85.21347908000007, 26.337859510000044], [85.21308837600003, 26.33805339500003], [85.21141034400006, 26.338535852000064], [85.20994282100008, 26.338508382000043], [85.20980283600005, 26.337668972000074], [85.20994327100004, 26.337186064000036], [85.21015880300007, 26.336576862000072], [85.21004886000009, 26.33602627700003], [85.20980366000003, 26.335286091000057], [85.20955351600008, 26.334482656000034], [85.20813248800005, 26.33065982000005], [85.206846, 26.328759484000045], [85.20642036900006, 26.328691657000036], [85.20266894100007, 26.329430562000027], [85.19924265900005, 26.330914190000044], [85.19944731100009, 26.332638151000026], [85.19951618300007, 26.335634810000045], [85.20001640800007, 26.33698888200007], [85.20169308100003, 26.339918414000067], [85.20330511900005, 26.341755755000065], [85.19919244200008, 26.343126263000045], [85.19833646500007, 26.34180814000007], [85.19790572200003, 26.341708707000066], [85.19587207000006, 26.34203291700004], [85.19373803600007, 26.342582612000058], [85.19298659800006, 26.34287117100007], [85.19252053500009, 26.34344862900008], [85.19219964800004, 26.34416152700004], [85.19230939000005, 26.345095826000033], [85.19352143000003, 26.345258779000062], [85.19484857400005, 26.345710573000076], [85.19620551900005, 26.34664529400004], [85.19635053600007, 26.347222972000054], [85.19642035300006, 26.34789997100006], [85.19674063200006, 26.348581530000047], [85.19681557600006, 26.349064438000028], [85.19663509800006, 26.34948404900007], [85.19566814800004, 26.349709373000053], [85.19477660600006, 26.349740659000076], [85.19452132900005, 26.34928923700005], [85.19409572800004, 26.348869336000064], [85.19309402700009, 26.348580121000055], [85.18847552400007, 26.34909269700006], [85.18669703100005, 26.349529707000045], [85.18752780600005, 26.350847799000064], [85.18781817100006, 26.351236034000067], [85.18996235300006, 26.350718029000063], [85.19132490300007, 26.350461288000076], [85.19197528800004, 26.35223521900008], [85.19201049100008, 26.35200957400008], [85.19469070200006, 26.35120274600007], [85.19925959800008, 26.350049135000063], [85.19886943300008, 26.348604900000055], [85.19907988800009, 26.348505680000073], [85.20026217700007, 26.34808633600005], [85.20629872500007, 26.346310199000072], [85.20672963700008, 26.345795903000067], [85.20690517400004, 26.345182153000053], [85.20694540900007, 26.344798584000046], [85.20751654800006, 26.344505380000044], [85.21069249700008, 26.343540564000023], [85.21204375000008, 26.34705200700006], [85.21254416700003, 26.348500822000062], [85.21322011800004, 26.34930882100008], [85.21446737100007, 26.349372327000026], [85.21475282800003, 26.349534821000077], [85.21489799400007, 26.350049342000034], [85.21507810300005, 26.350464585000054], [85.21632542700007, 26.350464937000027], [85.22098568600006, 26.350826149000056], [85.22145166700005, 26.350343407000025], [85.22206788300008, 26.349892183000065], [85.22276924300007, 26.349702810000053], [85.22298460400003, 26.349599068000032], [85.22360581600003, 26.349522445000048], [85.22372082300006, 26.350276157000053], [85.22397121400007, 26.35062369600007], [85.22432171500003, 26.351196877000064], [85.22491269400007, 26.351670811000076], [85.22551370300005, 26.351941743000054], [85.22621495600004, 26.35200499900003], [85.22696636000006, 26.351869709000027], [85.22721679400007, 26.352059306000058], [85.22746719700007, 26.35235723200003], [85.22776768700004, 26.352722785000026], [85.22798803900008, 26.35297560400005], [85.22833869700008, 26.353264469000067], [85.22903991400005, 26.353742984000064], [85.22942056000005, 26.35396862600004], [85.23005670700007, 26.353892031000044], [85.23102858900006, 26.35357622400005], [85.23209561800007, 26.352971636000063], [85.23278193400006, 26.352484339000057]]]]}}, {"type": "Feature", "properties": {"OBJECTID": 3840, "GPCODE": "96812", "GPNAME_1": "RAJEPUR", "DIST_CEN_C": "02", "BLK_NAME": "MEHSI", "ST_NAME": "BIHAR", "ST_CODE_1": "10", "GPCODE2011": "99351", "REMARKS": "FINALIZED", "MAP_STATUS": "COMPLETED", "BLK_C_2001": "020027", "BLK_C_2011": "01057", "DIST_NAME": "PURBI CHAMPARAN", "code2011": 0.0, "Shape_Leng": 0.22700932385, "Shape_Area": 0.00084494678, "Area": 9.34407}, "geometry": {"type": "MultiPolygon", "coordinates": [[[[85.21761450100007, 26.38122554100005], [85.21732924400004, 26.379763247000028], [85.21641842300005, 26.37597217900003], [85.21648866200007, 26.375764599000036], [85.21711509100004, 26.375299908000045], [85.21735062400006, 26.375024688000053], [85.21738584700006, 26.374316133000036], [85.21724144300003, 26.371292452000034], [85.21752698000006, 26.371102903000065], [85.21809824200005, 26.370877404000055], [85.21836377500006, 26.370683460000066], [85.21839899200006, 26.370295277000025], [85.21866954000006, 26.37002459100006], [85.21915057900009, 26.369749455000033], [85.22058020100008, 26.368675902000064], [85.22058072500005, 26.368670293000037], [85.22058068500007, 26.368670271000042], [85.22026524100005, 26.367961640000033], [85.22026565200008, 26.366102326000032], [85.22027589300006, 26.36530357600003], [85.21986019200006, 26.364951430000076], [85.21937423800006, 26.364888135000058], [85.21893839300003, 26.364788744000066], [85.21902376300005, 26.363958403000026], [85.21922461800006, 26.36225253400005], [85.21927014600004, 26.360406800000078], [85.21930539200008, 26.35978852200003], [85.21923538600004, 26.35947259900007], [85.21883475000004, 26.35886776700005], [85.21858451300005, 26.35803730400005], [85.21808369700005, 26.357301625000048], [85.21808405800004, 26.356128244000047], [85.21866557700008, 26.354417942000055], [85.21971794600006, 26.352653626000063], [85.22098568600006, 26.350826149000056], [85.21632542700007, 26.350464937000027], [85.21507810300005, 26.350464585000054], [85.21489799400007, 26.350049342000034], [85.21475282800003, 26.349534821000077], [85.21446737100007, 26.349372327000026], [85.21322011800004, 26.34930882100008], [85.21254416700003, 26.348500822000062], [85.21204375000008, 26.34705200700006], [85.21069249700008, 26.343540564000023], [85.20751654800006, 26.344505380000044], [85.20694540900007, 26.344798584000046], [85.20690517400004, 26.345182153000053], [85.20672963700008, 26.345795903000067], [85.20629872500007, 26.346310199000072], [85.20026217700007, 26.34808633600005], [85.19907988800009, 26.348505680000073], [85.19886943300008, 26.348604900000055], [85.19925959800008, 26.350049135000063], [85.19469070200006, 26.35120274600007], [85.19201049100008, 26.35200957400008], [85.19197528800004, 26.35223521900008], [85.19132490300007, 26.350461288000076], [85.18996235300006, 26.350718029000063], [85.18781817100006, 26.351236034000067], [85.18752780600005, 26.350847799000064], [85.18669703100005, 26.349529707000045], [85.18847552400007, 26.34909269700006], [85.19309402700009, 26.348580121000055], [85.19409572800004, 26.348869336000064], [85.19452132900005, 26.34928923700005], [85.19477660600006, 26.349740659000076], [85.19566814800004, 26.349709373000053], [85.19663509800006, 26.34948404900007], [85.19681557600006, 26.349064438000028], [85.19674063200006, 26.348581530000047], [85.19642035300006, 26.34789997100006], [85.19635053600007, 26.347222972000054], [85.19620551900005, 26.34664529400004], [85.19484857400005, 26.345710573000076], [85.19352143000003, 26.345258779000062], [85.19230939000005, 26.345095826000033], [85.19219964800004, 26.34416152700004], [85.19252053500009, 26.34344862900008], [85.19298659800006, 26.34287117100007], [85.19373803600007, 26.342582612000058], [85.19587207000006, 26.34203291700004], [85.19527289800004, 26.33788521400004], [85.19495246600007, 26.337790298000073], [85.18571601700006, 26.338955335000037], [85.18417531700004, 26.339184072000023], [85.18380946500008, 26.339499834000037], [85.18334351600004, 26.339743261000024], [85.18276242700006, 26.339968691000024], [85.18175550000007, 26.340396911000028], [85.18089380100008, 26.34059960700006], [85.18043802300008, 26.34066708200004], [85.17986186500008, 26.34088341000006], [85.17929135100007, 26.340197130000035], [85.17844025500006, 26.339601044000062], [85.17839021000003, 26.33946105800004], [85.17971299100003, 26.33868553900004], [85.18104075000008, 26.337842195000064], [85.18159190900008, 26.337409300000047], [85.18115146900004, 26.336899106000033], [85.18082617400006, 26.336452096000073], [85.17987996800008, 26.335747621000053], [85.17941941600003, 26.335399981000023], [85.17884347500006, 26.33525072900005], [85.17866249000008, 26.336509715000034], [85.17846152100003, 26.337439318000065], [85.17812491300003, 26.339167598000074], [85.17778919400007, 26.339433660000054], [85.17682758100005, 26.339365559000044], [85.17561098800007, 26.338570614000048], [85.17287750000008, 26.341155839000066], [85.17001643800006, 26.342666102000067], [85.16908941000008, 26.343279348000067], [85.16769135700008, 26.344118002000073], [85.16715509600004, 26.34469530800004], [85.16701428100004, 26.345403761000057], [85.16697893100007, 26.345855077000067], [85.16794013500004, 26.346564099000034], [85.17130015200007, 26.348014645000035], [85.17376450100005, 26.34817847100004], [85.17772647700008, 26.348333985000068], [85.17954462500006, 26.348655335000046], [85.18022569300007, 26.348930964000033], [85.18097680500006, 26.349238229000036], [85.18208374100004, 26.34949596200005], [85.18362133200003, 26.349785517000043], [85.18515889200006, 26.350269070000024], [85.18630054100004, 26.350978162000047], [85.18698120100004, 26.35207510300006], [85.18740681500003, 26.352395715000057], [85.19254998600007, 26.35497481300007], [85.19347057400006, 26.35744373700004], [85.19493120900006, 26.361858004000055], [85.19507636300006, 26.36205206900007], [85.19675466400008, 26.36192634500003], [85.19670909200005, 26.363684367000076], [85.19669866700008, 26.36392104400005], [85.19681378800004, 26.364027082000064], [85.19692906000006, 26.364133258000038], [85.19832066700008, 26.366561725000054], [85.19856603000005, 26.36678751900007], [85.19928244700003, 26.366738111000075], [85.20290485700008, 26.36601726300006], [85.20395192300003, 26.365886699000043], [85.20440280000008, 26.36598167300008], [85.20513374200004, 26.36729967200006], [85.20534397600005, 26.36776453600004], [85.20575483300007, 26.367733094000073], [85.20716763500008, 26.367395033000037], [85.20759344800007, 26.367620878000025], [85.20941100900006, 26.370446455000035], [85.20969661300006, 26.370609044000048], [85.21030277300008, 26.370591146000038], [85.21062335600004, 26.370866507000073], [85.21115900400008, 26.372022008000044], [85.21094348600008, 26.372346895000078], [85.20935470600006, 26.373993693000045], [85.20915915700004, 26.374620889000028], [85.20929914600003, 26.375347532000035], [85.21167206400008, 26.38122850800005], [85.21183242700005, 26.381291729000054], [85.21302491500006, 26.38111153400007], [85.21434776000007, 26.380985516000067], [85.21466834500006, 26.381048821000036], [85.21522438200003, 26.381644605000076], [85.21554503800007, 26.38183877800003], [85.21629652600006, 26.38185254900003], [85.21697300500006, 26.381744389000062], [85.21741898300007, 26.38148267400004], [85.21761450100007, 26.38122554100005]]]]}}, {"type": "Feature", "properties": {"OBJECTID": 3843, "GPCODE": "96799", "GPNAME_1": "BHIMAL PUR", "DIST_CEN_C": "02", "BLK_NAME": "MEHSI", "ST_NAME": "BIHAR", "ST_CODE_1": "10", "GPCODE2011": "99338", "REMARKS": "FINALIZED", "MAP_STATUS": "COMPLETED", "BLK_C_2001": "020027", "BLK_C_2011": "01057", "DIST_NAME": "PURBI CHAMPARAN", "code2011": 0.0, "Shape_Leng": 0.22684863284, "Shape_Area": 0.00107578235, "Area": 11.8976}, "geometry": {"type": "MultiPolygon", "coordinates": [[[[85.18128760100007, 26.366067154000064], [85.18445911500004, 26.36555872400004], [85.18567644500007, 26.365559216000065], [85.18606709300008, 26.365848225000036], [85.18617210900004, 26.366200271000025], [85.18574609900008, 26.36658824600005], [85.18585105000005, 26.366908727000066], [85.18656697200004, 26.367811584000037], [85.18692269400003, 26.367843407000066], [85.19149256400004, 26.366008512000064], [85.19491520700007, 26.36402421500003], [85.19669866700008, 26.36392104400005], [85.19670909200005, 26.363684367000076], [85.19675466400008, 26.36192634500003], [85.19507636300006, 26.36205206900007], [85.19493120900006, 26.361858004000055], [85.19347057400006, 26.35744373700004], [85.19254998600007, 26.35497481300007], [85.18740681500003, 26.352395715000057], [85.18698120100004, 26.35207510300006], [85.18630054100004, 26.350978162000047], [85.18515889200006, 26.350269070000024], [85.18362133200003, 26.349785517000043], [85.18208374100004, 26.34949596200005], [85.18097680500006, 26.349238229000036], [85.18022569300007, 26.348930964000033], [85.17954462500006, 26.348655335000046], [85.17772647700008, 26.348333985000068], [85.17376450100005, 26.34817847100004], [85.17130015200007, 26.348014645000035], [85.16794013500004, 26.346564099000034], [85.16697893100007, 26.345855077000067], [85.16701428100004, 26.345403761000057], [85.16715509600004, 26.34469530800004], [85.16769135700008, 26.344118002000073], [85.16908941000008, 26.343279348000067], [85.17001643800006, 26.342666102000067], [85.17287750000008, 26.341155839000066], [85.17561098800007, 26.338570614000048], [85.17398892000006, 26.33742802200004], [85.17348832800008, 26.337012480000055], [85.17347433900005, 26.335441968000055], [85.17360988700005, 26.334941127000036], [85.17365015900003, 26.334593643000062], [85.17373553900006, 26.334232702000065], [85.17422682100005, 26.333623721000038], [85.17491844800008, 26.332843268000033], [85.17546483100006, 26.332108024000036], [85.17592093400003, 26.33145832500003], [85.17621160900006, 26.331165132000024], [85.17642731800004, 26.330596654000033], [85.17681843100007, 26.32990639800005], [85.17686863200004, 26.32973492600007], [85.17690380800008, 26.32942801300004], [85.17671369300007, 26.329184244000032], [85.17659859400004, 26.329021745000034], [85.17613797900003, 26.328854490000026], [85.17551187600003, 26.328989534000073], [85.17504084700005, 26.329300662000037], [85.17473535400006, 26.329390757000056], [85.17424944600003, 26.329534960000046], [85.17348802600003, 26.329755652000074], [85.17271177000003, 26.329732748000026], [85.17221105900006, 26.329601599000057], [85.17185060300005, 26.329353153000056], [85.17163561100006, 26.328919777000067], [85.17139033300003, 26.328657947000067], [85.17110996100007, 26.328612645000078], [85.17047398300008, 26.328445285000043], [85.16948753000008, 26.328309303000026], [85.16901169100004, 26.328372255000033], [85.16829059600008, 26.32830415600006], [85.16778975300008, 26.32827230600003], [85.16725372700006, 26.328475022000077], [85.16645220000004, 26.328867183000057], [85.16595614700003, 26.329241512000067], [85.16555023700005, 26.329579726000077], [85.16509931000007, 26.32975550900005], [85.16461353500006, 26.329732630000024], [85.16423805600004, 26.329556360000026], [85.16393786400005, 26.329199695000057], [85.16339221000004, 26.328892463000045], [85.16315195100003, 26.328675737000026], [85.16306702200006, 26.32839580500007], [85.16167175900006, 26.329505837000056], [85.16045392900008, 26.33053406700003], [85.15956146200006, 26.33179268200007], [85.15920536100003, 26.332532539000056], [85.15866926100006, 26.33278943600004], [85.15791780100005, 26.333077829000047], [85.15763200900005, 26.333497283000042], [85.15780653700006, 26.334368448000077], [85.15941274600004, 26.336431908000066], [85.15762360700006, 26.33773049800004], [85.15758845000005, 26.337956134000024], [85.15780356100004, 26.33824502500005], [85.15833873300005, 26.339148003000048], [85.15837333300004, 26.339730186000054], [85.15809280900004, 26.339847401000043], [85.15762692000004, 26.339977911000062], [85.15730620700003, 26.340104090000068], [85.15709048900004, 26.340586850000022], [85.15701982700006, 26.341200576000062], [85.15676906700008, 26.341683294000063], [85.15626818700008, 26.341714542000034], [85.15298271700004, 26.341328743000076], [85.15230142000007, 26.341517785000065], [85.15183511300006, 26.34213129500006], [85.15165903200005, 26.343002142000046], [85.15165829700004, 26.343904760000044], [85.15265380400007, 26.34545339600004], [85.15064987100004, 26.34584910700005], [85.14662290600006, 26.345634215000075], [85.14623226400005, 26.34557068600003], [85.14594189700006, 26.345408047000035], [85.14580183300006, 26.345150725000053], [85.14519581300004, 26.34511867300006], [85.14487020800004, 26.34515000600004], [85.14461953900008, 26.34540702700008], [85.14411853700005, 26.34556920600005], [85.14294143700005, 26.345568270000058], [85.14265781200004, 26.34344247300004], [85.14347941100004, 26.343312178000076], [85.14633969800008, 26.342993930000034], [85.14673052300003, 26.342863257000033], [85.14677090600009, 26.342443626000033], [85.14605710800004, 26.339703755000073], [85.14523733500005, 26.337934017000066], [85.14341385400007, 26.338316339000073], [85.13990701500006, 26.339184636000027], [85.13958601800005, 26.33966724100003], [85.13976395200007, 26.342118004000042], [85.13965326400006, 26.342731654000033], [85.13919232000006, 26.342826052000078], [85.13750935400003, 26.342856339000036], [85.13807768200007, 26.34569093700003], [85.13800682700008, 26.346367791000034], [85.13907619600008, 26.349108047000072], [85.14004031900004, 26.351970016000053], [85.14690317800006, 26.351618590000044], [85.14996892800008, 26.351462772000048], [85.15118600200003, 26.35162156100006], [85.15172171900008, 26.351883694000037], [85.15432360900007, 26.35539658600004], [85.15453883300006, 26.355622338000046], [85.15518496500005, 26.355717549000076], [85.15532475800006, 26.356326903000024], [85.15664704700004, 26.356521847000067], [85.15957748600005, 26.356555298000046], [85.15963179800008, 26.357629392000035], [85.15988073300008, 26.359592742000075], [85.16013064900005, 26.36043231600007], [85.16073602900008, 26.361398391000023], [85.16123531900007, 26.36362359000003], [85.16184008300007, 26.365555578000055], [85.16252077100006, 26.366327726000065], [85.16394791000005, 26.36721308600005], [85.16447601900006, 26.364325097000062], [85.16472710600004, 26.363616697000055], [85.16519332800004, 26.36307090100007], [85.16612032800003, 26.362814236000077], [85.16697703100004, 26.362783165000053], [85.16762285900006, 26.363361240000074], [85.16890400600005, 26.365261920000023], [85.17096971900008, 26.370182142000033], [85.17136016700005, 26.370602064000025], [85.17232207900008, 26.37063421000005], [85.17693175100004, 26.369864930000062], [85.17750313200008, 26.36951321400005], [85.17936310500005, 26.36738857000006], [85.18057609700008, 26.36622933600006], [85.18128760100007, 26.366067154000064]]]]}}, {"type": "Feature", "properties": {"OBJECTID": 3849, "GPCODE": "96805", "GPNAME_1": "KATAHAN", "DIST_CEN_C": "02", "BLK_NAME": "MEHSI", "ST_NAME": "BIHAR", "ST_CODE_1": "10", "GPCODE2011": "99344", "REMARKS": "FINALIZED", "MAP_STATUS": "COMPLETED", "BLK_C_2001": "020027", "BLK_C_2011": "01057", "DIST_NAME": "PURBI CHAMPARAN", "code2011": 0.0, "Shape_Leng": 0.15668125808, "Shape_Area": 0.00069399069, "Area": 7.6747}, "geometry": {"type": "MultiPolygon", "coordinates": [[[[85.14506951900006, 26.36868069600007], [85.14656767700006, 26.368523895000067], [85.15220875200004, 26.368563959000028], [85.15259988500009, 26.368207692000055], [85.15320690500005, 26.36714752100005], [85.15338704900006, 26.367341757000077], [85.15661990100006, 26.371807217000026], [85.15822659500003, 26.37377592000007], [85.15915310100007, 26.37422328100007], [85.16051055400004, 26.374612239000044], [85.16115694600006, 26.374450185000057], [85.16204968900007, 26.373326989000077], [85.16304801100006, 26.371522380000044], [85.16333438700008, 26.370430422000027], [85.16394791000005, 26.36721308600005], [85.16252077100006, 26.366327726000065], [85.16184008300007, 26.365555578000055], [85.16123531900007, 26.36362359000003], [85.16073602900008, 26.361398391000023], [85.16013064900005, 26.36043231600007], [85.15988073300008, 26.359592742000075], [85.15963179800008, 26.357629392000035], [85.15957748600005, 26.356555298000046], [85.15664704700004, 26.356521847000067], [85.15532475800006, 26.356326903000024], [85.15518496500005, 26.355717549000076], [85.15453883300006, 26.355622338000046], [85.15432360900007, 26.35539658600004], [85.15172171900008, 26.351883694000037], [85.15118600200003, 26.35162156100006], [85.14996892800008, 26.351462772000048], [85.14690317800006, 26.351618590000044], [85.14004031900004, 26.351970016000053], [85.13907619600008, 26.349108047000072], [85.13800682700008, 26.346367791000034], [85.13742100700006, 26.34619137800007], [85.13724112400007, 26.34573987500005], [85.13685154400008, 26.34457978100005], [85.13653795700003, 26.342589331000056], [85.13639770200007, 26.342589154000052], [85.13546540500005, 26.343202185000052], [85.13350145100009, 26.343778317000044], [85.13146261000009, 26.343970703000025], [85.12842762700006, 26.343647677000035], [85.12841548300008, 26.345669532000045], [85.12855814600005, 26.348187894000034], [85.12830733600003, 26.34857125600007], [85.12834187400006, 26.348990997000044], [85.12862704800006, 26.34937932300005], [85.12898708400007, 26.34996177900007], [85.12891162400007, 26.35025057400003], [85.12848571600006, 26.35044429000004], [85.12758876400005, 26.35070076200003], [85.12737260700004, 26.351436213000056], [85.12708660000004, 26.351954911000064], [85.12712136100004, 26.352243772000065], [85.12751651100007, 26.35272696900006], [85.12837195900005, 26.353828906000047], [85.12848168500005, 26.354248664000067], [85.12816073400006, 26.354600455000025], [85.12740411800007, 26.35485701400006], [85.12744363700006, 26.35534442000005], [85.12776399100005, 26.355602008000062], [85.12833483900005, 26.355859661000068], [85.12854962300008, 26.356442094000045], [85.12847893800006, 26.356924923000065], [85.12964318500008, 26.35749263500003], [85.13119429300008, 26.35738791800003], [85.13260594000008, 26.35765037300007], [85.13264032900008, 26.35835891800008], [85.13256961200005, 26.358936544000073], [85.13217371700006, 26.359130296000046], [85.13167232100005, 26.35954958700006], [85.13163696200007, 26.359870013000034], [85.13178135900006, 26.360646364000047], [85.13249083900007, 26.36261008300005], [85.13260474100008, 26.363864720000038], [85.13274312900006, 26.36576481000003], [85.12999690100008, 26.366574826000033], [85.12820850700007, 26.366537227000038], [85.12563821500004, 26.366792232000023], [85.12456058400005, 26.367242625000074], [85.12405886600004, 26.367946188000076], [85.12499104500006, 26.36759499200008], [85.12666941000003, 26.36752874000007], [85.12770608400007, 26.36785459500004], [85.12788618700006, 26.368175130000054], [85.12752773500006, 26.370751753000036], [85.12759719700006, 26.371428770000023], [85.12809747200004, 26.372137674000044], [85.12884766500008, 26.373397477000026], [85.12898649700008, 26.37483719200003], [85.12880968700006, 26.376154823000036], [85.12819216000008, 26.377413466000064], [85.12851221200003, 26.377955255000074], [85.12861723000003, 26.378149404000055], [85.12883262200006, 26.378212744000052], [85.13022606100003, 26.377636282000026], [85.13318306500008, 26.376709104000042], [85.13500710500006, 26.37641719900006], [85.13589910100006, 26.376291545000072], [85.13611465600007, 26.376129298000023], [85.13629535300004, 26.37577741100006], [85.13636596900005, 26.37532615600003], [85.13636643600006, 26.374780110000074], [85.13618668100008, 26.374166174000038], [85.13572166200004, 26.373231669000063], [85.13572201800008, 26.372879632000036], [85.13593766300005, 26.37265415400003], [85.13708034300004, 26.37229855000004], [85.14051324500008, 26.371145935000072], [85.14415624300005, 26.370340842000076], [85.14464245900007, 26.370129090000034], [85.14503351600007, 26.369772846000046], [85.14506951900006, 26.36868069600007]]]]}}, {"type": "Feature", "properties": {"OBJECTID": 3856, "GPCODE": "96807", "GPNAME_1": "OJHILPUR", "DIST_CEN_C": "02", "BLK_NAME": "MEHSI", "ST_NAME": "BIHAR", "ST_CODE_1": "10", "GPCODE2011": "999003", "REMARKS": "FINALIZED", "MAP_STATUS": "COMPLETED", "BLK_C_2001": "020027", "BLK_C_2011": "01057", "DIST_NAME": "PURBI CHAMPARAN", "code2011": 0.0, "Shape_Leng": 0.17816895245, "Shape_Area": 0.00080331014, "Area": 8.88315}, "geometry": {"type": "MultiPolygon", "coordinates": [[[[85.09861661500008, 26.381225690000065], [85.09940385700008, 26.380775202000052], [85.10050336100005, 26.38290649700008], [85.10113873100005, 26.38367438800003], [85.10242550400005, 26.384447435000027], [85.10416263700006, 26.38506426400005], [85.10724358600004, 26.386158201000057], [85.10766948900005, 26.386158555000065], [85.10820609600006, 26.385743913000056], [85.11081975100007, 26.383106482000073], [85.11266542600004, 26.38163705200003], [85.11409435300004, 26.38076737800003], [85.11613471300006, 26.379835167000067], [85.11766875800004, 26.379064818000074], [85.11863156300006, 26.37826244300004], [85.11912670600003, 26.379075167000053], [85.11937663700007, 26.379657646000055], [85.12059447300004, 26.379333760000065], [85.12794161900007, 26.377413216000036], [85.12819216000008, 26.377413466000064], [85.12880968700006, 26.376154823000036], [85.12898649700008, 26.37483719200003], [85.12884766500008, 26.373397477000026], [85.12809747200004, 26.372137674000044], [85.12759719700006, 26.371428770000023], [85.12752773500006, 26.370751753000036], [85.12788618700006, 26.368175130000054], [85.12770608400007, 26.36785459500004], [85.12666941000003, 26.36752874000007], [85.12499104500006, 26.36759499200008], [85.12405886600004, 26.367946188000076], [85.12345212200006, 26.36839697000005], [85.12223360900003, 26.369424867000077], [85.12152192600007, 26.369685901000025], [85.12112581800005, 26.370037556000057], [85.12016306200007, 26.37076329000007], [85.11976349700006, 26.369675294000047], [85.11954948800008, 26.36835730400003], [85.11961999900007, 26.368064079000078], [85.12001604900007, 26.367807223000057], [85.12026673100007, 26.367649461000042], [85.12030260000006, 26.36694101200004], [85.12040839000008, 26.366390503000048], [85.12065930800009, 26.366038726000056], [85.12216280900003, 26.36545789400003], [85.12269440800009, 26.364952885000037], [85.12291056100008, 26.364312245000065], [85.12305644200006, 26.363730232000023], [85.12280720500007, 26.362570127000026], [85.12162663300006, 26.360994078000033], [85.12059552000005, 26.36025753200005], [85.11948877500004, 26.359904567000058], [85.11791559600005, 26.36006108400005], [85.11641227100006, 26.360510910000073], [85.11602148900005, 26.360573764000037], [85.11566140600007, 26.360027364000075], [85.11555666400005, 26.35963909700007], [85.11562697400007, 26.359449692000055], [85.11598803600003, 26.359156623000047], [85.11648453800007, 26.358642657000075], [85.11637965900007, 26.358385266000028], [85.11534401100005, 26.35719289900004], [85.11349414100005, 26.358391595000057], [85.11313337700005, 26.358458983000048], [85.11284802000006, 26.358359439000026], [85.11277825300004, 26.358007300000054], [85.11254813000005, 26.357926818000067], [85.11231259100003, 26.357844443000033], [85.11170120800006, 26.358037917000047], [85.11012809500005, 26.358162695000033], [85.10837458700007, 26.358323446000043], [85.10822904700007, 26.35858055700004], [85.10851330300005, 26.35961428300004], [85.10830776600005, 26.359753987000033], [85.10727100900004, 26.359590539000067], [85.10587415600008, 26.35891213800005], [85.10533833400007, 26.358785236000074], [85.10379513000004, 26.358973212000024], [85.10135937000007, 26.359877787000073], [85.10050254100008, 26.360034865000046], [85.10003700100003, 26.35980874100005], [85.09960651800003, 26.359519442000078], [85.09949695400007, 26.359004869000046], [85.09947274900009, 26.35831890700007], [85.09946309900005, 26.358066130000054], [85.09979065900006, 26.356550149000043], [85.09927558200008, 26.35588166900004], [85.09841500200008, 26.355072969000048], [85.09780979000004, 26.354332140000054], [85.09766599500006, 26.353199294000035], [85.09759160600004, 26.352680165000038], [85.09709619100005, 26.352269007000075], [85.09569693100008, 26.353589747000058], [85.09433806300007, 26.354558602000054], [85.09279439500006, 26.355202235000036], [85.09204244700004, 26.355589524000038], [85.09172123000008, 26.356072116000064], [85.09142935700004, 26.357005911000044], [85.09121362000008, 26.35729906800003], [85.09037705100008, 26.357311675000062], [85.09108070400003, 26.362944644000038], [85.09430156200006, 26.363173809000045], [85.09526824800008, 26.363337326000078], [85.09544829400005, 26.36353153700003], [85.09548292600005, 26.36385197100003], [85.09555800300006, 26.363915235000036], [85.09612907900004, 26.363983593000057], [85.09644954500004, 26.364110276000076], [85.09666421000009, 26.36462952100004], [85.09669884600004, 26.364949954000053], [85.09691392800005, 26.365207445000067], [85.09770494300005, 26.365664091000042], [85.09771750700008, 26.367532494000045], [85.09738077100008, 26.368371488000037], [85.09714462300008, 26.368899261000024], [85.09673341400008, 26.369174130000033], [85.09568589300005, 26.369565634000026], [85.09547029600003, 26.369628616000057], [85.09523956300006, 26.36985397500007], [85.09521835700008, 26.37072492300007], [85.09514785700009, 26.371045283000058], [85.09500728800003, 26.37122113500004], [85.09432562900008, 26.371432472000038], [85.09330813500009, 26.371801445000074], [85.09307232100008, 26.37204040200004], [85.09303680900007, 26.372410423000076], [85.09325933600007, 26.374585895000052], [85.09364953200009, 26.374987971000053], [85.09411482100006, 26.375471349000065], [85.09425452500005, 26.375945363000028], [85.09418345500006, 26.37663579900004], [85.09382169000008, 26.37742516000003], [85.09298318600008, 26.378746527000033], [85.09028230900003, 26.382651744000043], [85.08927780300007, 26.38440615500008], [85.09006345100005, 26.38512907100005], [85.09020346100004, 26.38536388600005], [85.09014785200003, 26.38566626900007], [85.08995149300006, 26.38639261700007], [85.09004126500008, 26.386699563000036], [85.09025630000008, 26.386970588000054], [85.09089690200005, 26.387566985000035], [85.09096672600003, 26.38781982100005], [85.090806, 26.388094887000022], [85.09044478500005, 26.388369761000035], [85.09031926300008, 26.388595273000078], [85.09039400900008, 26.388884208000036], [85.09060912700005, 26.389159740000025], [85.09078410900008, 26.389430687000072], [85.09076863400009, 26.38973756100006], [85.09032742100004, 26.393622719000064], [85.09284872800004, 26.39305692100004], [85.09506418600006, 26.39254485300006], [85.09563591900007, 26.392188934000046], [85.09606786900008, 26.391449290000025], [85.09599355600005, 26.390772250000055], [85.09514447100008, 26.388690851000035], [85.09471549600005, 26.387210156000037], [85.09471729000006, 26.385919456000067], [85.09493385300004, 26.385053200000073], [85.09593299500006, 26.383474797000076], [85.09861661500008, 26.381225690000065]]]]}}, {"type": "Feature", "properties": {"OBJECTID": 3865, "GPCODE": "96802", "GPNAME_1": "HARPUR NAG", "DIST_CEN_C": "02", "BLK_NAME": "MEHSI", "ST_NAME": "BIHAR", "ST_CODE_1": "10", "GPCODE2011": "99341", "REMARKS": "FINALIZED", "MAP_STATUS": "COMPLETED", "BLK_C_2001": "020027", "BLK_C_2011": "01057", "DIST_NAME": "PURBI CHAMPARAN", "code2011": 0.0, "Shape_Leng": 0.18348677256, "Shape_Area": 0.00064541417, "Area": 7.13689}, "geometry": {"type": "MultiPolygon", "coordinates": [[[[85.09006345100005, 26.38512907100005], [85.08927780300007, 26.38440615500008], [85.09028230900003, 26.382651744000043], [85.09298318600008, 26.378746527000033], [85.09382169000008, 26.37742516000003], [85.09418345500006, 26.37663579900004], [85.09425452500005, 26.375945363000028], [85.09411482100006, 26.375471349000065], [85.09364953200009, 26.374987971000053], [85.09325933600007, 26.374585895000052], [85.09303680900007, 26.372410423000076], [85.09307232100008, 26.37204040200004], [85.09330813500009, 26.371801445000074], [85.09432562900008, 26.371432472000038], [85.09500728800003, 26.37122113500004], [85.09514785700009, 26.371045283000058], [85.09521835700008, 26.37072492300007], [85.09523956300006, 26.36985397500007], [85.09547029600003, 26.369628616000057], [85.09568589300005, 26.369565634000026], [85.09673341400008, 26.369174130000033], [85.09714462300008, 26.368899261000024], [85.09738077100008, 26.368371488000037], [85.09771750700008, 26.367532494000045], [85.09770494300005, 26.365664091000042], [85.09691392800005, 26.365207445000067], [85.09669884600004, 26.364949954000053], [85.09666421000009, 26.36462952100004], [85.09644954500004, 26.364110276000076], [85.09612907900004, 26.363983593000057], [85.09555800300006, 26.363915235000036], [85.09548292600005, 26.36385197100003], [85.09544829400005, 26.36353153700003], [85.09526824800008, 26.363337326000078], [85.09430156200006, 26.363173809000045], [85.09108070400003, 26.362944644000038], [85.09037705100008, 26.357311675000062], [85.09033775200004, 26.356729465000058], [85.09030278800003, 26.35663461300004], [85.08933661100008, 26.35614617300007], [85.08892589000004, 26.356132117000072], [85.08851519700005, 26.356113641000036], [85.08797876900007, 26.35640637100005], [85.08722117800005, 26.357208796000066], [85.08661478300007, 26.357438270000046], [85.08304316300007, 26.357384542000034], [85.08282253800007, 26.361026181000057], [85.08268163700006, 26.361441227000057], [85.08236087400007, 26.361571757000036], [85.07828055000004, 26.361968278000063], [85.07835226100008, 26.362203315000045], [85.07959284500004, 26.366875710000045], [85.08037648300007, 26.36887136400003], [85.08162403800003, 26.372311651000075], [85.08187429600008, 26.37244285400004], [85.08248070300004, 26.372344272000078], [85.08308666700003, 26.37250744100004], [85.08340655400008, 26.373022267000067], [85.08390575700008, 26.374304511000048], [85.08425937900006, 26.375821289000044], [85.08514683600004, 26.378904655000042], [85.08346676800005, 26.380030985000076], [85.08185640600004, 26.381382990000077], [85.08099934400008, 26.381571527000062], [85.07933070000007, 26.381691355000044], [85.07848069900007, 26.37706007500003], [85.07737332800008, 26.377189632000068], [85.07251088800007, 26.37879030600004], [85.06911715000007, 26.379914264000035], [85.06868645300005, 26.37981889300005], [85.06833171100004, 26.379141541000024], [85.06751413600006, 26.37650043000008], [85.06705371600003, 26.37615689000006], [85.06669842400004, 26.375930778000054], [85.06644919700005, 26.37509106400006], [85.06598343700006, 26.374964058000046], [85.05972899100004, 26.376048040000057], [85.05951235000003, 26.376792402000035], [85.05947607000007, 26.377532399000074], [85.05908484100007, 26.377757556000063], [85.05826298600005, 26.377914367000074], [85.05808020000006, 26.37933120100007], [85.05847584800006, 26.379462615000023], [85.05857945800005, 26.380428529000028], [85.06107957200004, 26.38049506400006], [85.06139926500003, 26.381109236000043], [85.06274635500006, 26.38779009600006], [85.06299658000006, 26.387948385000072], [85.06367305500004, 26.387949306000053], [85.06388840600005, 26.38801724500007], [85.06485180500005, 26.390333638000072], [85.06549227900007, 26.390916701000037], [85.06606289700005, 26.391301032000058], [85.06645877400007, 26.391301459000033], [85.06738650000005, 26.390851377000047], [85.07064232100004, 26.38840947700004], [85.07096383200007, 26.387863804000062], [85.07132602400003, 26.38693010000003], [85.07175224700006, 26.386736634000044], [85.07611190400007, 26.38648474400003], [85.07643796200006, 26.386196319000078], [85.07675948000008, 26.38568219900003], [85.07768682400007, 26.385426063000068], [85.07998751500008, 26.384860266000032], [85.08066003300007, 26.387532704000023], [85.08069458900007, 26.387920870000073], [85.08022825700004, 26.38814594200005], [85.07844384600008, 26.38855895300003], [85.07797751200007, 26.388784109000028], [85.07805138600008, 26.389623603000075], [85.07907733300004, 26.393903091000027], [85.07897133600005, 26.394453467000062], [85.07875485000005, 26.395125689000054], [85.07878871000008, 26.39599666400005], [85.07996163900003, 26.39921126400003], [85.08014182600004, 26.39930627600006], [85.08411057000006, 26.395930778000036], [85.08564507100004, 26.39512927800007], [85.08893380600006, 26.394004721000044], [85.09032742100004, 26.393622719000064], [85.09076863400009, 26.38973756100006], [85.09078410900008, 26.389430687000072], [85.09060912700005, 26.389159740000025], [85.09039400900008, 26.388884208000036], [85.09031926300008, 26.388595273000078], [85.09044478500005, 26.388369761000035], [85.090806, 26.388094887000022], [85.09096672600003, 26.38781982100005], [85.09089690200005, 26.387566985000035], [85.09025630000008, 26.386970588000054], [85.09004126500008, 26.386699563000036], [85.08995149300006, 26.38639261700007], [85.09014785200003, 26.38566626900007], [85.09020346100004, 26.38536388600005], [85.09006345100005, 26.38512907100005]]]]}}, {"type": "Feature", "properties": {"OBJECTID": 4205, "GPCODE": "022721", "GPNAME_1": "Mehsi (NP)", "DIST_CEN_C": "02", "BLK_NAME": "MEHSI", "ST_NAME": "BIHAR", "ST_CODE_1": "10", "GPCODE2011": "801291", "REMARKS": "FINALIZED", "MAP_STATUS": "COMPLETED", "BLK_C_2001": "020027", "BLK_C_2011": "01057", "DIST_NAME": "PURBI CHAMPARAN", "code2011": 0.0, "Shape_Leng": 0.20883229491, "Shape_Area": 0.00073748196, "Area": 8.15655}, "geometry": {"type": "MultiPolygon", "coordinates": [[[[85.12563821500004, 26.366792232000023], [85.12820850700007, 26.366537227000038], [85.12999690100008, 26.366574826000033], [85.13274312900006, 26.36576481000003], [85.13260474100008, 26.363864720000038], [85.13249083900007, 26.36261008300005], [85.13178135900006, 26.360646364000047], [85.13163696200007, 26.359870013000034], [85.13167232100005, 26.35954958700006], [85.13217371700006, 26.359130296000046], [85.13256961200005, 26.358936544000073], [85.13264032900008, 26.35835891800008], [85.13260594000008, 26.35765037300007], [85.13119429300008, 26.35738791800003], [85.12964318500008, 26.35749263500003], [85.12847893800006, 26.356924923000065], [85.12854962300008, 26.356442094000045], [85.12833483900005, 26.355859661000068], [85.12776399100005, 26.355602008000062], [85.12744363700006, 26.35534442000005], [85.12740411800007, 26.35485701400006], [85.12816073400006, 26.354600455000025], [85.12848168500005, 26.354248664000067], [85.12837195900005, 26.353828906000047], [85.12751651100007, 26.35272696900006], [85.12712136100004, 26.352243772000065], [85.12708660000004, 26.351954911000064], [85.12737260700004, 26.351436213000056], [85.12758876400005, 26.35070076200003], [85.12848571600006, 26.35044429000004], [85.12891162400007, 26.35025057400003], [85.12898708400007, 26.34996177900007], [85.12862704800006, 26.34937932300005], [85.12834187400006, 26.348990997000044], [85.12830733600003, 26.34857125600007], [85.12855814600005, 26.348187894000034], [85.12841548300008, 26.345669532000045], [85.12842762700006, 26.343647677000035], [85.12824795800003, 26.34303380700004], [85.12803267500004, 26.342938803000038], [85.12728649300004, 26.34274414400005], [85.12574980500005, 26.341808660000027], [85.12281843800008, 26.338358177000032], [85.12203326900004, 26.337328446000072], [85.12154238600004, 26.33736413400004], [85.12034934900004, 26.338211474000047], [85.12077414300006, 26.339051278000056], [85.12109878700005, 26.339922616000024], [85.12191813300007, 26.341859432000035], [85.12216708500006, 26.34315034900004], [85.12202646300005, 26.343538282000054], [85.11966234900007, 26.343504642000028], [85.11951823500004, 26.342502592000073], [85.11898220200004, 26.342533675000027], [85.11704851400003, 26.342820723000045], [85.11393671500008, 26.344013720000078], [85.11350589700004, 26.343981704000043], [85.11311065500007, 26.343656405000047], [85.11228991800004, 26.34301029100004], [85.11185895800008, 26.34317237600004], [85.10913624600005, 26.345683370000074], [85.10834922600003, 26.34620165900003], [85.10759766900009, 26.346327270000074], [85.10688160700005, 26.34613696100007], [85.10341759500005, 26.348466639000037], [85.10080025100007, 26.350530884000023], [85.09979890300008, 26.35011019500007], [85.09883223700007, 26.350041410000074], [85.09833165400005, 26.349783659000025], [85.09776155400004, 26.34907453900007], [85.09731784200005, 26.347499028000072], [85.09717321200003, 26.346975409000038], [85.09726352300004, 26.346912334000024], [85.09823201100005, 26.34549177200006], [85.09959109400006, 26.344234061000066], [85.10226376800006, 26.341872032000026], [85.10065386300005, 26.33957778100006], [85.09993434400008, 26.33824567700003], [85.09601039300009, 26.33992489700006], [85.09257150500008, 26.342109953000033], [85.09175128100009, 26.341206389000035], [85.09082583900005, 26.340406657000074], [85.08767893700008, 26.341436541000064], [85.08345874700007, 26.343458053000063], [85.08333742300005, 26.34419799400007], [85.08287076900007, 26.344811205000042], [85.08265430100005, 26.345519542000034], [85.08265368700006, 26.345970803000057], [85.08344428200007, 26.34655390000006], [85.08397933800006, 26.347168311000075], [85.08394356700006, 26.34768274700008], [85.08376238400007, 26.348264678000078], [85.08319102500008, 26.348521256000026], [85.08232987500008, 26.348263031000045], [85.08211370700008, 26.348813333000066], [85.08172163200004, 26.34971549000005], [85.081644, 26.351457353000058], [85.08171681700009, 26.35306860600008], [85.08178417400006, 26.355040804000055], [85.08221426600005, 26.355492602000027], [85.08321573300003, 26.355751052000073], [85.08321530600006, 26.356107509000026], [85.08304316300007, 26.357384542000034], [85.08661478300007, 26.357438270000046], [85.08722117800005, 26.357208796000066], [85.08797876900007, 26.35640637100005], [85.08851519700005, 26.356113641000036], [85.08892589000004, 26.356132117000072], [85.08911935700007, 26.350251972000024], [85.09141343100003, 26.35032222800004], [85.09313097500007, 26.350743843000032], [85.09506308900006, 26.351779398000076], [85.09559891300006, 26.35193790200003], [85.09709619100005, 26.352269007000075], [85.09759160600004, 26.352680165000038], [85.09766599500006, 26.353199294000035], [85.09780979000004, 26.354332140000054], [85.09841500200008, 26.355072969000048], [85.09927558200008, 26.35588166900004], [85.09979065900006, 26.356550149000043], [85.09946309900005, 26.358066130000054], [85.09947274900009, 26.35831890700007], [85.09949695400007, 26.359004869000046], [85.09960651800003, 26.359519442000078], [85.10003700100003, 26.35980874100005], [85.10050254100008, 26.360034865000046], [85.10135937000007, 26.359877787000073], [85.10379513000004, 26.358973212000024], [85.10533833400007, 26.358785236000074], [85.10587415600008, 26.35891213800005], [85.10727100900004, 26.359590539000067], [85.10830776600005, 26.359753987000033], [85.10851330300005, 26.35961428300004], [85.10822904700007, 26.35858055700004], [85.10837458700007, 26.358323446000043], [85.11012809500005, 26.358162695000033], [85.11170120800006, 26.358037917000047], [85.11231259100003, 26.357844443000033], [85.11254813000005, 26.357926818000067], [85.11277825300004, 26.358007300000054], [85.11284802000006, 26.358359439000026], [85.11313337700005, 26.358458983000048], [85.11349414100005, 26.358391595000057], [85.11534401100005, 26.35719289900004], [85.11637965900007, 26.358385266000028], [85.11648453800007, 26.358642657000075], [85.11598803600003, 26.359156623000047], [85.11562697400007, 26.359449692000055], [85.11555666400005, 26.35963909700007], [85.11566140600007, 26.360027364000075], [85.11602148900005, 26.360573764000037], [85.11641227100006, 26.360510910000073], [85.11791559600005, 26.36006108400005], [85.11948877500004, 26.359904567000058], [85.12059552000005, 26.36025753200005], [85.12162663300006, 26.360994078000033], [85.12280720500007, 26.362570127000026], [85.12305644200006, 26.363730232000023], [85.12291056100008, 26.364312245000065], [85.12269440800009, 26.364952885000037], [85.12216280900003, 26.36545789400003], [85.12065930800009, 26.366038726000056], [85.12040839000008, 26.366390503000048], [85.12030260000006, 26.36694101200004], [85.12026673100007, 26.367649461000042], [85.12001604900007, 26.367807223000057], [85.11961999900007, 26.368064079000078], [85.11954948800008, 26.36835730400003], [85.11976349700006, 26.369675294000047], [85.12016306200007, 26.37076329000007], [85.12112581800005, 26.370037556000057], [85.12152192600007, 26.369685901000025], [85.12223360900003, 26.369424867000077], [85.12345212200006, 26.36839697000005], [85.12405886600004, 26.367946188000076], [85.12456058400005, 26.367242625000074], [85.12563821500004, 26.366792232000023]]]]}}]}