{"type": "FeatureCollection", "features": [{"type": "Feature", "properties": {"OBJECTID": 7554, "GPCODE": "97161", "GPNAME_1": "MOHANI TIKAPUR", "DIST_CEN_C": "09", "BLK_NAME": "KASBA", "ST_NAME": "BIHAR", "ST_CODE_1": "10", "GPCODE2011": "99648", "REMARKS": "FINALIZED", "MAP_STATUS": "COMPLETED", "BLK_C_2001": "090008", "BLK_C_2011": "01135", "DIST_NAME": "PURNIA", "code2011": 0.0, "Shape_Leng": 0.20667885012, "Shape_Area": 0.00135760949, "Area": 15.0651}, "geometry": {"type": "MultiPolygon", "coordinates": [[[[87.51115682700004, 25.87192414900005], [87.51148609900008, 25.87191903400003], [87.51166425600007, 25.872629025000037], [87.51192267300007, 25.874145227000042], [87.51204341800008, 25.87524405000005], [87.51227298100008, 25.876814806000027], [87.51253577300008, 25.876991187000044], [87.51351490200005, 25.876529378000043], [87.51454886600004, 25.87632373200006], [87.51537186900003, 25.876310888000035], [87.51579876300008, 25.876453078000054], [87.51632972900006, 25.876562138000054], [87.51672383100004, 25.87655599900006], [87.51688447100008, 25.876345902000025], [87.51675850600003, 25.874976537000066], [87.51650750700009, 25.873852680000027], [87.51622320900003, 25.872815106000076], [87.51610706500009, 25.871955253000067], [87.51560009700006, 25.87127754900007], [87.51490331400004, 25.87084175500007], [87.51423571600003, 25.870374051000056], [87.51417091700006, 25.869590127000038], [87.51408665200006, 25.86857642500007], [87.51371295100006, 25.868077018000065], [87.51320776400007, 25.86748942400004], [87.51247489900004, 25.86699565500004], [87.51217164400003, 25.866526658000055], [87.51226682900005, 25.866286093000042], [87.51285755400005, 25.866128022000055], [87.51358355500008, 25.866265632000022], [87.51489315900005, 25.866127935000065], [87.51558518600007, 25.866053966000038], [87.51600802500008, 25.86572256900007], [87.51630051600006, 25.865627725000024], [87.51696180600004, 25.865766327000074], [87.51785243600006, 25.865901308000048], [87.51930112100007, 25.865995955000074], [87.52018868100004, 25.86596853700007], [87.52018597900008, 25.865305446000036], [87.52005104800008, 25.86425199100006], [87.52003747900005, 25.863539392000064], [87.51980609400005, 25.862135584000043], [87.51984062500009, 25.86133211200007], [87.51988463200007, 25.86024420700005], [87.51948780400005, 25.860101589000067], [87.51915578100005, 25.85995786600006], [87.51882523700004, 25.85989091500005], [87.51871522300007, 25.859355738000033], [87.51866238800005, 25.85867995500007], [87.51854483600005, 25.857748018000052], [87.51851763000008, 25.85710785300006], [87.51839043100006, 25.856455750000066], [87.51822433700005, 25.855596736000052], [87.51787308300004, 25.85523225000003], [87.51734636700007, 25.85507812000003], [87.51690129500008, 25.85502186000008], [87.51654215800005, 25.85502751000007], [87.51625444600006, 25.855113188000075], [87.51611565800005, 25.854637171000036], [87.51612301200004, 25.854235544000062], [87.51644507600008, 25.853860636000036], [87.51674988300005, 25.853364199000055], [87.51711496200005, 25.852884843000027], [87.51722405500004, 25.85207113100006], [87.51712757800004, 25.85119750900003], [87.51696067000006, 25.850293382000075], [87.51680044900007, 25.84947489900003], [87.51660903400006, 25.848593700000038], [87.51638287900005, 25.847988206000025], [87.51630453400008, 25.847276702000045], [87.51588573300006, 25.846764456000074], [87.516174, 25.846448674000044], [87.51338196600005, 25.845743320000054], [87.51118469400006, 25.844830263000063], [87.50932458400007, 25.844074216000024], [87.50776872000006, 25.843575095000062], [87.50599754200005, 25.84329587600007], [87.50445534000005, 25.843247645000076], [87.50309176300004, 25.84341763300006], [87.50164217300005, 25.843259682000053], [87.50051837500007, 25.84344849000007], [87.49901969300004, 25.843598051000072], [87.49756111000005, 25.84380094900007], [87.49751179600008, 25.843848843000046], [87.49703876200005, 25.843974010000068], [87.49484439100007, 25.84419409800006], [87.49160234900006, 25.844074860000035], [87.49003136000005, 25.844252141000027], [87.48766737900007, 25.844375899000056], [87.48684876400006, 25.84367689000004], [87.48585439400006, 25.841678315000024], [87.48565394300005, 25.840681054000072], [87.48513383100004, 25.839142371000037], [87.48422958700007, 25.837513812000054], [87.48369050400004, 25.837112494000053], [87.48300235200009, 25.837135557000067], [87.48168650600007, 25.83803926400003], [87.48068539200005, 25.83957446200003], [87.47935082100008, 25.841881692000072], [87.47925732400006, 25.843226730000026], [87.47900889900006, 25.844305560000066], [87.47846549500008, 25.844612896000058], [87.47684443300005, 25.844523770000023], [87.47406243400007, 25.845793909000065], [87.47292568900008, 25.846295673000043], [87.47223251900004, 25.846440551000057], [87.47116511900003, 25.846387149000066], [87.47002770500006, 25.846126102000028], [87.46838653100008, 25.845838281000056], [87.46706092000005, 25.84726981500006], [87.46588938200006, 25.84803330400007], [87.46514181900005, 25.848751376000052], [87.46447894600004, 25.849482979000072], [87.46401072100008, 25.850340776000053], [87.46287935200007, 25.851519422000024], [87.46225665100008, 25.85252172400004], [87.46156425900006, 25.853740757000025], [87.46059746200007, 25.855023069000026], [87.46070872600006, 25.85708559300008], [87.46088868100009, 25.857631635000075], [87.46091460900004, 25.858922353000025], [87.46111957500005, 25.859495481000067], [87.46131482000004, 25.86044315600003], [87.46169963200003, 25.861462912000036], [87.46218015900007, 25.86366057300006], [87.46206165800004, 25.86530345400007], [87.46220191400005, 25.866129283000078], [87.46246298400007, 25.868363169000077], [87.46464297100005, 25.868221927000036], [87.46609961700005, 25.868293282000025], [87.46812498600008, 25.868278452000027], [87.46790974100008, 25.867339856000058], [87.46789922400006, 25.86668996000003], [87.46830291000003, 25.866170643000032], [87.46864683500007, 25.86581838400008], [87.47012830200003, 25.865686543000038], [87.47062202300003, 25.865447050000057], [87.47085110800003, 25.86497747900006], [87.47105463000008, 25.86380842400007], [87.47116340200006, 25.86264391800006], [87.47173605800003, 25.861406919000046], [87.47213484800005, 25.861054594000052], [87.47240409100004, 25.860941601000036], [87.47272838300006, 25.861013556000046], [87.47347236700006, 25.86188409300007], [87.47402131600006, 25.862113960000045], [87.47577753900003, 25.862496356000065], [87.47617671300009, 25.862645051000072], [87.47717009300004, 25.863348426000073], [87.47762405200007, 25.863429343000064], [87.47861711800005, 25.86379420700007], [87.48032914500004, 25.86501151600004], [87.48106263400007, 25.86517342600007], [87.48168610000005, 25.865055638000058], [87.48270770400006, 25.863904072000025], [87.48321133400003, 25.863714092000066], [87.48463867200007, 25.864371947000052], [87.48490289400007, 25.864227293000056], [87.48521559800008, 25.86256167700003], [87.48557995300007, 25.862836780000066], [87.48584499800006, 25.863490927000043], [87.48589042400005, 25.864028029000053], [87.48700863000005, 25.864866586000062], [87.48729396800007, 25.865908948000026], [87.48776838300006, 25.866508881000073], [87.48860680600006, 25.866851181000072], [87.48936520400008, 25.866963480000038], [87.49012844200007, 25.866931254000065], [87.49111140000008, 25.86713353400006], [87.49170053300008, 25.867661132000023], [87.49210044700004, 25.86847775700005], [87.49276472100007, 25.869330207000075], [87.49349872100004, 25.86993439200006], [87.49467679100007, 25.870682573000067], [87.49574817600006, 25.86951276800005], [87.49615170100003, 25.869011442000044], [87.49686532400005, 25.86921394700005], [87.49751168200004, 25.869616223000037], [87.49785434400007, 25.86941488000008], [87.49924586500003, 25.869235592000052], [87.50001137300006, 25.869611660000032], [87.50068612300004, 25.87046283600006], [87.50113889400006, 25.87197152500005], [87.50142472100003, 25.87309943500003], [87.50223199200008, 25.874097349000067], [87.50327430000004, 25.875118754000027], [87.50417749100006, 25.876701626000056], [87.50461515600006, 25.877412098000036], [87.50570024700005, 25.877273518000038], [87.50644882500006, 25.876756629000056], [87.50725722300007, 25.875972687000058], [87.50784250800007, 25.875617224000052], [87.50826350800008, 25.875361535000025], [87.50888419700004, 25.87520304900005], [87.50933285000008, 25.874659247000068], [87.50990324800006, 25.873432346000072], [87.51047698400004, 25.87238135900003], [87.51079774400006, 25.871929782000052], [87.51115682700004, 25.87192414900005]]]]}}, {"type": "Feature", "properties": {"OBJECTID": 7557, "GPCODE": "97164", "GPNAME_1": "SANJHELI", "DIST_CEN_C": "09", "BLK_NAME": "KASBA", "ST_NAME": "BIHAR", "ST_CODE_1": "10", "GPCODE2011": "99651", "REMARKS": "FINALIZED", "MAP_STATUS": "COMPLETED", "BLK_C_2001": "090008", "BLK_C_2011": "01135", "DIST_NAME": "PURNIA", "code2011": 0.0, "Shape_Leng": 0.16072781481, "Shape_Area": 0.00082521253, "Area": 9.15686}, "geometry": {"type": "MultiPolygon", "coordinates": [[[[87.62813063700008, 25.876614533000065], [87.62871561100008, 25.876176371000042], [87.62920407600006, 25.87590225300005], [87.62954142100006, 25.87555390500006], [87.63022677200007, 25.87539378500003], [87.63137601900007, 25.875226113000053], [87.63202134400007, 25.874561437000068], [87.63279278200008, 25.873718817000054], [87.63346381900004, 25.872846195000022], [87.63400873500007, 25.872151605000056], [87.63415963700004, 25.871468053000058], [87.63360518500008, 25.87019603500005], [87.63292382900005, 25.868813403000047], [87.63190838000008, 25.868189464000068], [87.63087729000006, 25.86752528200003], [87.62961475800006, 25.866770071000076], [87.62878939100005, 25.86666634000005], [87.62838289300004, 25.86605048200005], [87.62797282600008, 25.865254288000074], [87.62712406800006, 25.86547567100007], [87.62650591300007, 25.865751905000025], [87.62624041100008, 25.865697655000076], [87.62606279500005, 25.865046430000064], [87.62597054100007, 25.863681238000026], [87.62681995300005, 25.863491341000042], [87.62802198000009, 25.862727418000077], [87.62856706400004, 25.86279062400007], [87.62889620600004, 25.86278526500007], [87.62921868900008, 25.862694262000048], [87.62950842600009, 25.862211410000043], [87.62995474300004, 25.861581556000033], [87.63034404700005, 25.86133615800003], [87.63096809300004, 25.861357518000034], [87.63139877400005, 25.861440608000066], [87.63128712500009, 25.86084705600007], [87.63139954500008, 25.859983589000024], [87.63135769300004, 25.859388917000047], [87.63095762700004, 25.85909773900005], [87.63023037400006, 25.858902129000057], [87.62947103700003, 25.858855979000055], [87.62916971300007, 25.858504484000036], [87.62902990200007, 25.858001599000033], [87.62849758500005, 25.857829870000046], [87.62766476400003, 25.85709918300006], [87.62716568100006, 25.856841231000033], [87.62648977100008, 25.856716986000038], [87.62561331100005, 25.85729963800003], [87.62444024900003, 25.857760909000035], [87.62359153500006, 25.85798227400005], [87.62303771700005, 25.858230374000073], [87.62234894600005, 25.858214549000024], [87.62112063900008, 25.85766630100005], [87.62061983400008, 25.85731811200003], [87.61998514800007, 25.856764549000047], [87.61931790500006, 25.856328863000044], [87.61932969200006, 25.85516939200005], [87.61963143600008, 25.853832686000032], [87.61805980200006, 25.854030856000065], [87.61716555800007, 25.853720628000076], [87.61648667800006, 25.853447489000075], [87.61609388300008, 25.853517030000035], [87.61574067500004, 25.853816006000045], [87.61508233900008, 25.853826764000075], [87.61464703200005, 25.85350898300004], [87.61422193400006, 25.85345727300006], [87.61399252100006, 25.853461038000034], [87.61357595800007, 25.85409031200004], [87.61315301600007, 25.85439490600004], [87.61246061500003, 25.854198706000034], [87.61183544400006, 25.854118632000052], [87.61117720300007, 25.854129277000027], [87.61058278600007, 25.853841292000027], [87.60985077900006, 25.853406524000036], [87.60911751900005, 25.852913210000054], [87.60858608100006, 25.85277749100004], [87.60767372800007, 25.853058460000057], [87.60617015800005, 25.853466280000077], [87.60530776100006, 25.853999015000056], [87.60473334900007, 25.85472102800003], [87.60405641900007, 25.85530043600005], [87.60316981100004, 25.85537344100004], [87.60301271500003, 25.855369891000066], [87.60165753600006, 25.85533926000005], [87.60034460500003, 25.855297352000036], [87.59945749900004, 25.85534327000005], [87.59945150600004, 25.858316099000035], [87.59857368800004, 25.858835448000036], [87.59804801500007, 25.858992795000063], [87.59796002400003, 25.85898718900006], [87.59765341500008, 25.858967653000036], [87.59702647800003, 25.858801821000043], [87.59636045900004, 25.858424676000027], [87.59498507800004, 25.857747682000024], [87.59458174200006, 25.857280581000055], [87.59410409900005, 25.857599492000077], [87.59361151000007, 25.857666107000057], [87.59286169100005, 25.85784055000005], [87.59253583700007, 25.857891395000024], [87.59199123300004, 25.857976372000053], [87.59123316400007, 25.85798857800006], [87.59020340900008, 25.85813603300005], [87.58980142000007, 25.857993659000044], [87.58960336900003, 25.85781636300004], [87.58944673400003, 25.85746252900003], [87.58933613400006, 25.85691396200008], [87.58928361800008, 25.856779508000045], [87.58902083200007, 25.85660785700003], [87.58880600400005, 25.856593274000033], [87.58854290100004, 25.856660657000077], [87.58831522200006, 25.85674999200006], [87.58830378400006, 25.85693059700003], [87.58832456400006, 25.85722803300007], [87.58849509900006, 25.857522956000025], [87.58851558200007, 25.857806862000075], [87.58850473800004, 25.85801452800007], [87.58835603500006, 25.85806204800008], [87.58814024800006, 25.858002360000057], [87.58792760700004, 25.857843374000026], [87.58769185100005, 25.85777498500005], [87.58739666400004, 25.857734649000065], [87.58711528000003, 25.857635405000053], [87.58698234400003, 25.857470688000035], [87.58676327100005, 25.857239589000073], [87.58658048200004, 25.857075644000076], [87.58629477200003, 25.85700803000003], [87.58601598900003, 25.857039592000035], [87.58575882600007, 25.857152014000064], [87.58566246900006, 25.857329480000033], [87.58567068600007, 25.857744366000077], [87.58566897500003, 25.85841653700004], [87.58586398800009, 25.85920277100007], [87.58614997300003, 25.86029886600005], [87.58622615300004, 25.860875003000046], [87.58630787000004, 25.861983361000057], [87.58624855800008, 25.862521139000023], [87.58654705500004, 25.862980932000028], [87.58688116800005, 25.86322825800005], [87.58719788800005, 25.86334946000005], [87.58732077400003, 25.863762438000037], [87.58763396600006, 25.864718250000067], [87.58786072700008, 25.86559424400008], [87.58808215700003, 25.86670029800007], [87.58836381500004, 25.867832532000023], [87.58846012400005, 25.868412936000027], [87.58813866300005, 25.868810543000052], [87.58791693400008, 25.86895394900006], [87.58768880500008, 25.869020728000066], [87.58725455200005, 25.869014263000054], [87.58720657000003, 25.869109758000036], [87.58723043600008, 25.869564973000024], [87.58702504400009, 25.869775766000032], [87.58673229400006, 25.869857120000063], [87.58657265100004, 25.869859745000042], [87.58633303800008, 25.86985005100007], [87.58604775200007, 25.869552430000056], [87.58590344900006, 25.869320174000052], [87.58567157300007, 25.86919759700004], [87.58546171100005, 25.869182950000038], [87.58523968200006, 25.86931282200004], [87.58513928300005, 25.86953544800008], [87.58509691600005, 25.86991501800003], [87.58502526100006, 25.870331214000032], [87.58517149800008, 25.870662614000025], [87.58526807800007, 25.871008412000037], [87.58520409400006, 25.87130721400007], [87.58512052400005, 25.871624293000025], [87.58526574800004, 25.871906170000045], [87.58553818200005, 25.87230770900004], [87.58547268600006, 25.872529831000065], [87.58519955300005, 25.872849978000033], [87.58496132200008, 25.873169621000045], [87.58494663500005, 25.873435981000057], [87.58504078400006, 25.873655479000035], [87.58530258500008, 25.873777612000026], [87.58560194100005, 25.87377278500003], [87.58596601300007, 25.873766921000026], [87.58627881800004, 25.87368523600003], [87.58668965700008, 25.873520726000038], [87.58711440200005, 25.873297303000072], [87.58759599900009, 25.873176793000027], [87.58839847300004, 25.873132313000042], [87.58926444400004, 25.873023642000078], [87.58981008700005, 25.87310962400005], [87.59003734900006, 25.873250295000048], [87.59023273900004, 25.87354483100006], [87.59031597800004, 25.874220131000072], [87.59051382300004, 25.874388405000047], [87.59148816300007, 25.874453835000054], [87.59223823400004, 25.87453646800003], [87.59242597800005, 25.874695835000068], [87.59256218500008, 25.87552813800005], [87.59374905500005, 25.87549546500003], [87.59430451400004, 25.875576713000044], [87.59427993300005, 25.87610035600005], [87.59441154800004, 25.876445637000074], [87.59527697700008, 25.876305356000046], [87.59600421000005, 25.876243963000036], [87.59699693100004, 25.876227930000027], [87.59779968300006, 25.876201449000064], [87.59872249600005, 25.87618651500003], [87.59965904200004, 25.876108157000033], [87.60064023300004, 25.876020148000066], [87.60107074300004, 25.875837224000065], [87.60181517300003, 25.87563573700004], [87.60233529600004, 25.87544235000007], [87.60257812300006, 25.875357233000045], [87.60278264500005, 25.87535387300005], [87.60306318500005, 25.87541249700007], [87.60334713600008, 25.87564252100003], [87.60371131400007, 25.87563661100006], [87.60387066400006, 25.875620439000045], [87.60401844600005, 25.875270725000064], [87.60418643300005, 25.874938728000075], [87.60446104200008, 25.87469513600007], [87.60467055700008, 25.874691806000044], [87.60503632200005, 25.87476708500003], [87.60535328600008, 25.87490178400003], [87.60575547700006, 25.875053140000034], [87.60605994900004, 25.875057146000074], [87.60647416900008, 25.87481142400003], [87.60671327600005, 25.874541368000052], [87.60712387800004, 25.874110708000046], [87.60765290900008, 25.873614917000054], [87.60825611700005, 25.873334426000042], [87.60968591200003, 25.873225528000035], [87.61039863200006, 25.873182375000056], [87.61097031300005, 25.873078302000067], [87.61145790500007, 25.87300727300004], [87.61177125000006, 25.872957022000037], [87.61196290500004, 25.873062179000044], [87.61219202000007, 25.873293028000035], [87.61235705100006, 25.873561013000028], [87.61267156000008, 25.87356939800003], [87.61300329200003, 25.87369036700005], [87.61347319800007, 25.873732334000067], [87.61399588300009, 25.87367413900006], [87.61430521300008, 25.873669137000036], [87.61493174000003, 25.87356420800006], [87.61618078100008, 25.873643129000072], [87.61651903000006, 25.873840619000077], [87.61697261800003, 25.87406775200003], [87.61753663100006, 25.874329191000072], [87.61839771500007, 25.874721115000057], [87.61899693900006, 25.87499556800003], [87.61927353200008, 25.87510383600005], [87.61957308900008, 25.87511247900005], [87.62003986900004, 25.874996556000042], [87.62048999500007, 25.874799808000034], [87.62107883300007, 25.874803678000035], [87.62153824200004, 25.87482328400006], [87.62197253700003, 25.87458160500006], [87.62215830400004, 25.874389140000062], [87.62248747100006, 25.874383703000035], [87.62280388500005, 25.87448678900006], [87.62319427700004, 25.874796244000038], [87.62355911400005, 25.87482176800006], [87.62423683800006, 25.87477916100005], [87.62514524900007, 25.874795920000054], [87.62568336300006, 25.87475554200006], [87.62608090000003, 25.87467229500004], [87.62635984400004, 25.874649685000065], [87.62654542400008, 25.874700758000074], [87.62656522700007, 25.87493954300004], [87.62634887300004, 25.875349035000056], [87.62604504300003, 25.875872739000044], [87.62608879900006, 25.876314170000057], [87.62623097700003, 25.876438136000047], [87.62650942500005, 25.876388460000044], [87.62668403600009, 25.87638561500006], [87.62682276600003, 25.876586320000058], [87.62703571600008, 25.876754178000056], [87.62726764400009, 25.876876693000042], [87.62766482400008, 25.876775492000036], [87.62813063700008, 25.876614533000065]]]]}}, {"type": "Feature", "properties": {"OBJECTID": 7562, "GPCODE": "97158", "GPNAME_1": "KULLA KHASH", "DIST_CEN_C": "09", "BLK_NAME": "KASBA", "ST_NAME": "BIHAR", "ST_CODE_1": "10", "GPCODE2011": "99645", "REMARKS": "FINALIZED", "MAP_STATUS": "COMPLETED", "BLK_C_2001": "090008", "BLK_C_2011": "01135", "DIST_NAME": "PURNIA", "code2011": 0.0, "Shape_Leng": 0.26282441399, "Shape_Area": 0.00116796131, "Area": 12.9595}, "geometry": {"type": "MultiPolygon", "coordinates": [[[[87.57600977500005, 25.888934634000066], [87.57603050300008, 25.888208021000025], [87.57604217700003, 25.88753123500004], [87.57599184500003, 25.886747084000035], [87.57599197100006, 25.885989223000024], [87.57600337300005, 25.885556069000074], [87.57585756000003, 25.884480241000063], [87.57585062100009, 25.884123996000028], [87.57588813700005, 25.883496351000076], [87.57581313600008, 25.882978855000033], [87.57564184200004, 25.882638719000056], [87.57539122300005, 25.882331469000064], [87.57513336800008, 25.881902577000062], [87.57507591100006, 25.881515527000033], [87.57524657100004, 25.881314368000062], [87.57558836200008, 25.88118706700004], [87.57601737800007, 25.881180185000062], [87.57665097000006, 25.880917418000024], [87.57778072600007, 25.880511347000038], [87.57854635300004, 25.880115723000074], [87.57930987100008, 25.87986439900004], [87.58040525900003, 25.87949038800008], [87.58091053900006, 25.879301853000072], [87.58132284900006, 25.879209526000068], [87.58173221000004, 25.87921648500003], [87.58235893100004, 25.879368847000023], [87.58304065400006, 25.87927665500007], [87.58350683000003, 25.879129361000025], [87.58379897600008, 25.87901183200006], [87.58399100900004, 25.878882504000046], [87.58395206400007, 25.878680126000063], [87.58391154200007, 25.87839655500005], [87.58381092300004, 25.877847875000043], [87.58378949200005, 25.877518870000074], [87.58413373700006, 25.877513425000075], [87.58443300100004, 25.87750860500006], [87.58466272700008, 25.877770974000043], [87.58479234200007, 25.87802154600007], [87.58502273400006, 25.87831557900006], [87.58546524800005, 25.878236234000042], [87.58600000700005, 25.878024683000035], [87.58645226200008, 25.87793620000008], [87.58702596200004, 25.877926932000037], [87.58751516500007, 25.877937170000052], [87.58800052800007, 25.878006011000025], [87.58850366600007, 25.877966362000052], [87.58897481200006, 25.87781890100007], [87.58961456700007, 25.87761917000006], [87.59006692000008, 25.877530671000045], [87.59022148800005, 25.87752819900004], [87.59034471200005, 25.877702140000054], [87.59051460700005, 25.878218137000033], [87.59075906100009, 25.878723862000072], [87.59130708700008, 25.879184185000042], [87.59177981700003, 25.879117907000023], [87.59230441900007, 25.87915459800007], [87.59276089400004, 25.879273485000056], [87.59347817100007, 25.879464966000057], [87.59387828500007, 25.879508096000052], [87.59447213200008, 25.879512007000073], [87.59499558100003, 25.87949005200005], [87.59509815000007, 25.879375673000027], [87.59532854400004, 25.87891634300007], [87.59532082400005, 25.87852401300006], [87.59523097400006, 25.87827279800007], [87.59505458400008, 25.878180973000042], [87.59474005900006, 25.878172461000077], [87.59438707300006, 25.877988729000037], [87.59422218500004, 25.877468161000024], [87.59441154800004, 25.876445637000074], [87.59427993300005, 25.87610035600005], [87.59430451400004, 25.875576713000044], [87.59374905500005, 25.87549546500003], [87.59256218500008, 25.87552813800005], [87.59242597800005, 25.874695835000068], [87.59223823400004, 25.87453646800003], [87.59148816300007, 25.874453835000054], [87.59051382300004, 25.874388405000047], [87.59031597800004, 25.874220131000072], [87.59023273900004, 25.87354483100006], [87.59003734900006, 25.873250295000048], [87.58981008700005, 25.87310962400005], [87.58926444400004, 25.873023642000078], [87.58839847300004, 25.873132313000042], [87.58759599900009, 25.873176793000027], [87.58711440200005, 25.873297303000072], [87.58668965700008, 25.873520726000038], [87.58627881800004, 25.87368523600003], [87.58596601300007, 25.873766921000026], [87.58560194100005, 25.87377278500003], [87.58530258500008, 25.873777612000026], [87.58504078400006, 25.873655479000035], [87.58494663500005, 25.873435981000057], [87.58496132200008, 25.873169621000045], [87.58519955300005, 25.872849978000033], [87.58547268600006, 25.872529831000065], [87.58553818200005, 25.87230770900004], [87.58526574800004, 25.871906170000045], [87.58512052400005, 25.871624293000025], [87.58520409400006, 25.87130721400007], [87.58526807800007, 25.871008412000037], [87.58517149800008, 25.870662614000025], [87.58502526100006, 25.870331214000032], [87.58509691600005, 25.86991501800003], [87.58513928300005, 25.86953544800008], [87.58523968200006, 25.86931282200004], [87.58546171100005, 25.869182950000038], [87.58567157300007, 25.86919759700004], [87.58590344900006, 25.869320174000052], [87.58604775200007, 25.869552430000056], [87.58633303800008, 25.86985005100007], [87.58657265100004, 25.869859745000042], [87.58673229400006, 25.869857120000063], [87.58702504400009, 25.869775766000032], [87.58723043600008, 25.869564973000024], [87.58720657000003, 25.869109758000036], [87.58725455200005, 25.869014263000054], [87.58768880500008, 25.869020728000066], [87.58791693400008, 25.86895394900006], [87.58813866300005, 25.868810543000052], [87.58846012400005, 25.868412936000027], [87.58836381500004, 25.867832532000023], [87.58808215700003, 25.86670029800007], [87.58786072700008, 25.86559424400008], [87.58763396600006, 25.864718250000067], [87.58732077400003, 25.863762438000037], [87.58719788800005, 25.86334946000005], [87.58688116800005, 25.86322825800005], [87.58654705500004, 25.862980932000028], [87.58624855800008, 25.862521139000023], [87.58554274300008, 25.862397162000036], [87.58499902300008, 25.86240588800007], [87.58465397000003, 25.862366319000046], [87.58435474100008, 25.86237113900006], [87.58417611700008, 25.862419100000068], [87.58405050200008, 25.862628673000074], [87.58378797800003, 25.86272310800007], [87.58330686900007, 25.86261350600006], [87.58302426800003, 25.86245119700004], [87.58284468800008, 25.86245405300008], [87.58259797100004, 25.862593326000024], [87.58222766500006, 25.862793262000025], [87.58135719800003, 25.86292450700006], [87.58072557700007, 25.862772291000056], [87.58026520000004, 25.862702949000038], [87.57994842300008, 25.862577222000027], [87.57955296700004, 25.861749058000044], [87.57937959600008, 25.86130527100005], [87.57912475700005, 25.860772573000077], [87.57888594500008, 25.860555326000053], [87.57850003600004, 25.860462264000034], [87.57814288000003, 25.860571712000024], [87.57772955100006, 25.86060999700004], [87.57742101000008, 25.860646494000036], [87.57671736200007, 25.86089232200004], [87.57635473200008, 25.860974850000048], [87.57635816700008, 25.861150674000044], [87.57628835000008, 25.861661500000025], [87.57622583200003, 25.861779814000045], [87.57606131500006, 25.861782481000034], [87.57587963700007, 25.861681587000078], [87.57552476300003, 25.861389547000044], [87.57522463200007, 25.861096683000028], [87.57487958600007, 25.861057093000056], [87.57463021100006, 25.861061034000045], [87.57445387600006, 25.861226260000024], [87.57429341000005, 25.861440839000068], [87.57419942600006, 25.861735570000064], [87.57407879800007, 25.862202152000066], [87.57396019500004, 25.862767872000063], [87.57381756300003, 25.863126521000027], [87.57355902100005, 25.863428432000035], [87.57330652000007, 25.863527152000074], [87.57304188900008, 25.863517827000067], [87.57258302300005, 25.863525236000044], [87.57217430400004, 25.86354531300003], [87.57181110500005, 25.863596161000032], [87.57138414200006, 25.86370677800005], [87.57089132300007, 25.86375978500007], [87.57018661800004, 25.863698802000044], [87.56974270600006, 25.86370593500004], [87.56916352900004, 25.863683620000074], [87.56878224400003, 25.863572434000048], [87.56856517500006, 25.863187891000052], [87.56837105000005, 25.86269930900005], [87.56819693200003, 25.86221491300006], [87.56807404000006, 25.861797316000036], [87.56788203900004, 25.861421504000077], [87.56761752200003, 25.860392709000052], [87.56770454100007, 25.859737218000078], [87.56764755500006, 25.858610423000073], [87.56770922900006, 25.85818992800006], [87.56822254600007, 25.857649423000055], [87.56916577000004, 25.857156185000065], [87.56971795500004, 25.85682257700006], [87.56974880600006, 25.856610071000034], [87.56961452000007, 25.856377680000037], [87.56931170900003, 25.856202049000046], [87.56911548700003, 25.856114939000065], [87.56910797800003, 25.855731624000043], [87.56988667600007, 25.855241041000056], [87.57066827300008, 25.85490382100005], [87.57072223400007, 25.85358125700003], [87.57060543600005, 25.85245082600005], [87.57039890600004, 25.852097744000048], [87.57042404200007, 25.851592133000054], [87.57054558700008, 25.851175171000023], [87.57116836400007, 25.85113362100003], [87.57133699600007, 25.850828714000045], [87.57147896600009, 25.850438492000023], [87.57143979600005, 25.850218150000046], [87.57117458800008, 25.849924592000036], [87.57093735700005, 25.849779588000047], [87.57083819900004, 25.84955562400006], [87.57090959400006, 25.84912589700008], [87.57090975600005, 25.848368108000045], [87.57111313300004, 25.84779641600005], [87.57112376400005, 25.84732265400004], [87.57115599900004, 25.846929663000026], [87.57120091200005, 25.846676296000055], [87.57134857200003, 25.846570240000062], [87.57165677900008, 25.846520132000023], [87.57198948200005, 25.84669531800006], [87.57227102400003, 25.846808125000052], [87.57260022300005, 25.846802788000048], [87.57297832800003, 25.84675167100005], [87.57297074300004, 25.846363842000073], [87.57281163500005, 25.845626613000036], [87.57280972100006, 25.84476047100003], [87.57277816600003, 25.84391300200008], [87.57278291900008, 25.842879847000063], [87.57275688600004, 25.841806725000026], [87.57275683200004, 25.841804455000045], [87.57246527100006, 25.841942182000025], [87.57197223700007, 25.841981571000076], [87.57163661400006, 25.841657716000043], [87.57139800200008, 25.84118779100004], [87.57118841200008, 25.840419843000063], [87.57186503000008, 25.83981359300003], [87.57191816000005, 25.839217236000025], [87.57146511100007, 25.838493758000027], [87.57109560300006, 25.83796284600004], [87.57076243600005, 25.837760591000063], [87.57072117800004, 25.83743650300005], [87.57098016400005, 25.83716165800007], [87.57110349200008, 25.836834904000057], [87.57106601000004, 25.836447607000025], [87.57086359200008, 25.83630201300008], [87.57057120300004, 25.836396870000044], [87.57030921200004, 25.836518351000052], [87.56985327200005, 25.83667442500007], [87.56949394300005, 25.83691932100004], [87.56930532400008, 25.83722004200007], [87.56934280000007, 25.837607339000044], [87.56954685100004, 25.837838641000076], [87.56975356000004, 25.838462435000054], [87.56965670600005, 25.83861282600003], [87.56929657700005, 25.83855995400006], [87.56876272500006, 25.838297800000078], [87.56827289200004, 25.83824690600005], [87.56804494500005, 25.838579853000056], [87.56808789200005, 25.838994158000048], [87.56816368900007, 25.83955687400004], [87.56849522000005, 25.83967333700008], [87.56919122100004, 25.83981113300007], [87.56971660500005, 25.83989300500008], [87.57005091400003, 25.84015381100005], [87.56996457000008, 25.84084079300004], [87.56963296700008, 25.84148212100007], [87.56791958600007, 25.841360657000052], [87.56766892300004, 25.841806661000078], [87.56731648800007, 25.842407809000065], [87.56705568300004, 25.842592343000035], [87.56643702000008, 25.842841277000048], [87.56598692700004, 25.84329504300007], [87.56540273000007, 25.843777997000075], [87.56456042400004, 25.844328233000056], [87.56292174200007, 25.84471069400007], [87.56184154900006, 25.845084232000033], [87.56109722900004, 25.845542702000046], [87.56056918300004, 25.84558265000004], [87.56046249400003, 25.845228019000047], [87.56035448000006, 25.84454404300004], [87.56076791400005, 25.84400067100006], [87.56088920000008, 25.84331310500005], [87.56058252800005, 25.842934470000046], [87.56073551700007, 25.84233667600006], [87.56046979900003, 25.84201151900004], [87.55990555900007, 25.84172280100006], [87.55927311800008, 25.841525300000058], [87.55918188700008, 25.84170720000003], [87.55895791400008, 25.842243113000052], [87.55883981300008, 25.84284040700004], [87.55857834800008, 25.842993446000037], [87.55822347400004, 25.84321109900003], [87.55799862400005, 25.84344924800007], [87.55787212300004, 25.84387077200006], [87.55778158700008, 25.84434583500007], [87.55789467400007, 25.845029750000037], [87.55828778900008, 25.84574972400003], [87.55799945000007, 25.846318246000067], [87.55794565900004, 25.84688744300007], [87.55782813700006, 25.84751179600005], [87.55783567600008, 25.847899625000025], [87.55817752100006, 25.84854828300007], [87.55838874000005, 25.84940655200006], [87.55817093300004, 25.85000546200007], [87.55772143700005, 25.850490775000026], [87.55727826900005, 25.85070594900003], [87.55733261400007, 25.850763055000073], [87.55721120600003, 25.85145071200003], [87.55748071400006, 25.851712571000064], [87.55768710500007, 25.852065676000052], [87.55722328800005, 25.852073005000022], [87.55665178000004, 25.852185814000052], [87.55656053800004, 25.852367711000056], [87.55656573900006, 25.852633841000056], [87.55630489700008, 25.852818356000057], [87.55584741300004, 25.853150449000054], [87.55592473900003, 25.853537190000054], [87.55638763400003, 25.85373732100004], [87.55681597100005, 25.853703431000042], [87.55710737300006, 25.85354995700004], [87.55749603400005, 25.853273079000076], [87.55785495100008, 25.853001239000037], [87.55824946500007, 25.853022061000047], [87.55868300500003, 25.853254295000056], [87.55891768500004, 25.85352116100006], [87.55885819700006, 25.854054420000068], [87.55854800500003, 25.85477658800005], [87.55859065900006, 25.855430012000056], [87.55866642400008, 25.855992726000068], [87.55830965900003, 25.856115654000064], [87.55779138400004, 25.856660697000052], [87.55767326500006, 25.857257984000057], [87.55780388800008, 25.858072436000043], [87.55762221200007, 25.858995582000034], [87.55779388000008, 25.859353689000045], [87.55835933100008, 25.85970105000007], [87.55853263300008, 25.86014495300003], [87.55864274600003, 25.860675498000035], [87.55839056900004, 25.861306479000064], [87.55778096200004, 25.862028904000056], [87.55706303000005, 25.86231099400004], [87.55653550200003, 25.862377989000038], [87.55643291900003, 25.863002160000065], [87.55620587000004, 25.86389894000007], [87.55613403800004, 25.864567688000022], [87.55617958800008, 25.865117308000038], [87.55633406400005, 25.86587724800006], [87.55656274300009, 25.86762833800003], [87.55683808500004, 25.868959207000046], [87.55716733900005, 25.87075387300007], [87.55590504700007, 25.871013005000066], [87.55525124100006, 25.871005318000073], [87.55469496500007, 25.87113598700006], [87.55426513900005, 25.871097703000032], [87.55386268400008, 25.870671005000077], [87.55374018800006, 25.870271442000046], [87.55347465400007, 25.869702833000076], [87.55327773900007, 25.868812732000038], [87.55306727900006, 25.868252229000063], [87.55315898000003, 25.86783572400003], [87.55348382900007, 25.86760508100008], [87.55362624100007, 25.867485479000038], [87.55337827100004, 25.867308997000066], [87.55324692100004, 25.867225353000038], [87.55294768000005, 25.867230113000062], [87.55273847500007, 25.867246995000073], [87.55244646000006, 25.866597480000053], [87.55220985600005, 25.866231372000072], [87.55189874600006, 25.865627287000052], [87.55161371500003, 25.86533410800007], [87.55146867600007, 25.865318389000038], [87.55119135300004, 25.865426478000074], [87.55041113700008, 25.865840370000058], [87.54978995800008, 25.86597196100007], [87.54923803900004, 25.866323539000064], [87.54935005800007, 25.866696157000035], [87.54939963200007, 25.86745326700003], [87.54972125200004, 25.868088726000053], [87.54994843700007, 25.868739180000034], [87.55022370400008, 25.869298752000077], [87.55031439500004, 25.86986120000006], [87.54792619700004, 25.86994860300007], [87.54782184700008, 25.870487066000067], [87.54781251600008, 25.87103750400007], [87.54741305600004, 25.872306949000063], [87.54727202000004, 25.872755787000074], [87.54728163200008, 25.872737538000024], [87.54729545700008, 25.873450125000033], [87.54787476400008, 25.874510015000055], [87.54824833100008, 25.875248456000065], [87.54830003700005, 25.87611372200007], [87.54761955200007, 25.877563477000024], [87.54746873200008, 25.87827861100004], [87.54696750800008, 25.879450339000073], [87.54642726700007, 25.880410746000052], [87.54619685800003, 25.880621863000044], [87.54577283000003, 25.880628605000027], [87.54527834600003, 25.880604856000048], [87.54461646900006, 25.880439401000046], [87.54412208700006, 25.88041564300005], [87.54406007200004, 25.880565428000068], [87.54367404600004, 25.880986609000047], [87.54348312300004, 25.881436200000053], [87.54323141500004, 25.882094207000023], [87.54265998800008, 25.882996495000043], [87.54212260400004, 25.88410564000003], [87.54180031100003, 25.88447157400003], [87.54140676900005, 25.884504837000065], [87.54100588200004, 25.884420977000048], [87.54108544700006, 25.88481689300005], [87.54121794600007, 25.88560996800004], [87.54103021400005, 25.88645506000006], [87.54150264100008, 25.88637089300005], [87.54232664700004, 25.88640300900005], [87.54320135300009, 25.886479378000047], [87.54386194100005, 25.886572756000078], [87.54475125000005, 25.886630810000042], [87.54607171200007, 25.886528729000077], [87.54708905700005, 25.886499109000056], [87.54773196600007, 25.886457423000024], [87.54850545800008, 25.886458695000044], [87.54902933800008, 25.886450419000028], [87.54947333100006, 25.886443345000032], [87.54989135500006, 25.886644199000045], [87.55032842500003, 25.88679520100004], [87.55105497400007, 25.886946069000032], [87.55140027500005, 25.886999246000073], [87.55202624400005, 25.88685397100005], [87.55256449600006, 25.88681835700004], [87.55301046900007, 25.88691501900007], [87.55342539000009, 25.88695357200004], [87.55380466800005, 25.88721369900003], [87.55418939400005, 25.887491804000035], [87.55466878400006, 25.887511284000027], [87.55539212200006, 25.887499754000032], [87.55601146200007, 25.88752597900003], [87.55689239200007, 25.887408292000032], [87.55727156400008, 25.887402225000073], [87.55773201800008, 25.887471634000065], [87.55795144300004, 25.887720718000025], [87.55820200400007, 25.887775350000027], [87.55878862900005, 25.887662272000057], [87.56056019800008, 25.887408606000065], [87.56156780600008, 25.887130864000028], [87.56189388400009, 25.887220427000045], [87.56228126200006, 25.887633738000034], [87.56255313800006, 25.888012856000046], [87.56271009500006, 25.888384752000036], [87.56284694100003, 25.88875246500004], [87.56302691700006, 25.888767674000064], [87.56321542800003, 25.88871050800003], [87.56341235100007, 25.88857203300006], [87.56366797300007, 25.88837403900004], [87.56399585000008, 25.888296645000025], [87.56426156600008, 25.88836453600004], [87.56467395600004, 25.88852489900006], [87.56493883100006, 25.888547773000028], [87.56515022100007, 25.888381964000075], [87.56530786400003, 25.88802306300005], [87.56547167500008, 25.88797538700004], [87.56604616700008, 25.888011308000046], [87.56653947800004, 25.88797184300006], [87.56678590800004, 25.88807171800005], [87.56697722800004, 25.888411441000073], [87.56717956500006, 25.888809689000027], [87.56741606700007, 25.88916232500003], [87.56761996600005, 25.889384602000064], [87.56802736800006, 25.889287852000052], [87.56826544900008, 25.889216383000075], [87.56905747100006, 25.889145151000037], [87.57005552800007, 25.888890117000074], [87.57080739100007, 25.888801388000047], [87.57157651300008, 25.888581530000067], [87.57262972300003, 25.88859625400005], [87.57335317300004, 25.888584727000023], [87.57342142900006, 25.888759512000036], [87.57346422200004, 25.889160357000037], [87.57355519600009, 25.889727290000053], [87.57357144700006, 25.889920886000027], [87.57438634000005, 25.889871855000024], [87.57489461300008, 25.88983209500003], [87.57553722800003, 25.88977667300003], [87.57597989400006, 25.889697443000045], [87.57601887900006, 25.889399130000072], [87.57600977500005, 25.888934634000066]]]]}}, {"type": "Feature", "properties": {"OBJECTID": 7563, "GPCODE": "97153", "GPNAME_1": "BARIATA", "DIST_CEN_C": "09", "BLK_NAME": "KASBA", "ST_NAME": "BIHAR", "ST_CODE_1": "10", "GPCODE2011": "99640", "REMARKS": "FINALIZED", "MAP_STATUS": "COMPLETED", "BLK_C_2001": "090008", "BLK_C_2011": "01135", "DIST_NAME": "PURNIA", "code2011": 0.0, "Shape_Leng": 0.19658520987, "Shape_Area": 0.00120942336, "Area": 13.4174}, "geometry": {"type": "MultiPolygon", "coordinates": [[[[87.51179568000003, 25.905156215000034], [87.51291772400003, 25.90511163800005], [87.51420248300008, 25.90533036000005], [87.51420515400008, 25.905357776000073], [87.51429814800008, 25.905266033000032], [87.51522182800005, 25.905283258000054], [87.51584376800008, 25.90518329300005], [87.51659710600006, 25.90490532900003], [87.51688067700007, 25.904337060000046], [87.51743036000005, 25.90385028600008], [87.51768848100005, 25.903516997000054], [87.51791639000004, 25.90342767100003], [87.51828343200003, 25.903570812000055], [87.51878136200008, 25.903770559000066], [87.51946988900005, 25.90375977700006], [87.52002752700008, 25.903692385000056], [87.52040528000003, 25.903609821000032], [87.52122503100009, 25.903416523000033], [87.52177475600007, 25.90293424400005], [87.52229904200004, 25.902686946000074], [87.52272314900006, 25.902680359000044], [87.52282801600006, 25.902944792000028], [87.52293584000006, 25.90336267500004], [87.52284578100006, 25.903869361000034], [87.52308266100005, 25.90424903400003], [87.52341191500005, 25.90424389900005], [87.52380562400003, 25.904210677000037], [87.52446412500007, 25.90420031000008], [87.52528340000003, 25.903980018000027], [87.52606823300005, 25.903787184000066], [87.52764873500007, 25.90370374500003], [87.52960199400007, 25.903537761000052], [87.53137354600005, 25.90327080800006], [87.53196760900005, 25.903275045000044], [87.53201063400007, 25.903275352000037], [87.53209338200008, 25.901256669000077], [87.53227417700003, 25.900274943000056], [87.53228514200003, 25.899291301000062], [87.53249633600007, 25.89833620400003], [87.53264886700003, 25.897706705000076], [87.53259725800007, 25.89657977400003], [87.53391101100004, 25.89664480500005], [87.53516676200007, 25.896805509000046], [87.53622051700006, 25.896847544000025], [87.53714123500004, 25.896715792000066], [87.53777676100003, 25.896543395000037], [87.53814154700007, 25.896569215000056], [87.53873309800008, 25.896708713000066], [87.53978695600006, 25.896750719000067], [87.54104141900007, 25.896848231000035], [87.54163457000004, 25.89681174800006], [87.54096457800006, 25.89622688700007], [87.54032707700009, 25.895519748000027], [87.53978503900004, 25.894847139000035], [87.53885973100006, 25.892926467000052], [87.53848617100005, 25.89218810500006], [87.53894971600005, 25.891643961000057], [87.53909247800004, 25.89128535100008], [87.53915953900008, 25.890364031000047], [87.53910907800008, 25.88956182800007], [87.53910253300006, 25.889219112000035], [87.53927556900004, 25.88887810700004], [87.53975594500008, 25.88817125500003], [87.54011559800006, 25.887673969000048], [87.540384, 25.887101311000038], [87.54070701000006, 25.886771372000055], [87.54103021400005, 25.88645506000006], [87.54121794600007, 25.88560996800004], [87.54108544700006, 25.88481689300005], [87.54100588200004, 25.884420977000048], [87.54140676900005, 25.884504837000065], [87.54180031100003, 25.88447157400003], [87.54212260400004, 25.88410564000003], [87.54265998800008, 25.882996495000043], [87.54323141500004, 25.882094207000023], [87.54348312300004, 25.881436200000053], [87.54367404600004, 25.880986609000047], [87.54406007200004, 25.880565428000068], [87.54412208700006, 25.88041564300005], [87.54461646900006, 25.880439401000046], [87.54527834600003, 25.880604856000048], [87.54577283000003, 25.880628605000027], [87.54619685800003, 25.880621863000044], [87.54642726700007, 25.880410746000052], [87.54696750800008, 25.879450339000073], [87.54746873200008, 25.87827861100004], [87.54761955200007, 25.877563477000024], [87.54830003700005, 25.87611372200007], [87.54824833100008, 25.875248456000065], [87.54787476400008, 25.874510015000055], [87.54729545700008, 25.873450125000033], [87.54728163200008, 25.872737538000024], [87.54727202000004, 25.872755787000074], [87.54635336800004, 25.872725159000026], [87.54597679200003, 25.872861915000044], [87.54382050900006, 25.873081006000064], [87.54311896800004, 25.873182280000037], [87.54229598800003, 25.873195270000053], [87.54170508900006, 25.873087361000046], [87.54128308300005, 25.872678996000047], [87.54064142400006, 25.872522221000054], [87.53988409700008, 25.872579193000036], [87.53848596900008, 25.87278625400006], [87.53801440900008, 25.87316807700006], [87.53772726400007, 25.873542531000055], [87.53770934100004, 25.874165343000072], [87.53748144000008, 25.87451177300005], [87.53707499600006, 25.874653454000054], [87.53632181000006, 25.874665336000078], [87.53574821800004, 25.874674320000054], [87.53500500700005, 25.87468608000006], [87.53453000900004, 25.874634910000054], [87.53422797200005, 25.874238131000027], [87.53418354000007, 25.873747151000032], [87.53417073200006, 25.873079758000074], [87.53409702800008, 25.872620786000027], [87.53391772400005, 25.872637115000032], [87.53370631500007, 25.872802792000073], [87.53360052700003, 25.873264650000067], [87.53357776300004, 25.87467696400006], [87.53327814600004, 25.874925228000052], [87.53206189200006, 25.87498945300007], [87.53143815000004, 25.874985738000078], [87.53058282800004, 25.874877410000067], [87.52974345800004, 25.87481833700008], [87.52885407400004, 25.87475569000003], [87.52799891500007, 25.874651762000042], [87.52767463900005, 25.874395271000026], [87.52710656000005, 25.87391690800007], [87.52670595600006, 25.873580352000033], [87.52621424200004, 25.873439208000036], [87.52590847700003, 25.87310119600005], [87.52571777800006, 25.87252671600004], [87.52541205500006, 25.87193605400006], [87.52503624800005, 25.87133302500007], [87.52460075300007, 25.87151570000003], [87.52392771100006, 25.871544285000027], [87.52347097500007, 25.871407154000053], [87.52331915500008, 25.871292225000047], [87.52331450100007, 25.871053164000045], [87.52338075400007, 25.870862733000024], [87.52361707800009, 25.870439442000077], [87.52385421400004, 25.87005232200005], [87.52384732000007, 25.869696075000036], [87.52361072300005, 25.869325321000076], [87.52306350100008, 25.868887306000033], [87.52264936100005, 25.868366009000056], [87.52219639900005, 25.867899477000037], [87.52173462300004, 25.867757793000067], [87.52109624600007, 25.867767738000055], [87.52040449400005, 25.86759819200006], [87.52032697700008, 25.867197906000058], [87.52028662500004, 25.86665263900005], [87.52018868100004, 25.86596853700007], [87.51930112100007, 25.865995955000074], [87.51785243600006, 25.865901308000048], [87.51696180600004, 25.865766327000074], [87.51630051600006, 25.865627725000024], [87.51600802500008, 25.86572256900007], [87.51558518600007, 25.866053966000038], [87.51489315900005, 25.866127935000065], [87.51358355500008, 25.866265632000022], [87.51285755400005, 25.866128022000055], [87.51226682900005, 25.866286093000042], [87.51217164400003, 25.866526658000055], [87.51247489900004, 25.86699565500004], [87.51320776400007, 25.86748942400004], [87.51371295100006, 25.868077018000065], [87.51408665200006, 25.86857642500007], [87.51417091700006, 25.869590127000038], [87.51423571600003, 25.870374051000056], [87.51490331400004, 25.87084175500007], [87.51560009700006, 25.87127754900007], [87.51610706500009, 25.871955253000067], [87.51622320900003, 25.872815106000076], [87.51650750700009, 25.873852680000027], [87.51675850600003, 25.874976537000066], [87.51688447100008, 25.876345902000025], [87.51672383100004, 25.87655599900006], [87.51632972900006, 25.876562138000054], [87.51579876300008, 25.876453078000054], [87.51537186900003, 25.876310888000035], [87.51454886600004, 25.87632373200006], [87.51351490200005, 25.876529378000043], [87.51253577300008, 25.876991187000044], [87.51227298100008, 25.876814806000027], [87.51204341800008, 25.87524405000005], [87.51192267300007, 25.874145227000042], [87.51166425600007, 25.872629025000037], [87.51148609900008, 25.87191903400003], [87.51115682700004, 25.87192414900005], [87.51079774400006, 25.871929782000052], [87.51047698400004, 25.87238135900003], [87.50990324800006, 25.873432346000072], [87.50933285000008, 25.874659247000068], [87.50888419700004, 25.87520304900005], [87.50826350800008, 25.875361535000025], [87.50784250800007, 25.875617224000052], [87.50725722300007, 25.875972687000058], [87.50644882500006, 25.876756629000056], [87.50570024700005, 25.877273518000038], [87.50461515600006, 25.877412098000036], [87.50438869600003, 25.87914794200003], [87.50418857800008, 25.88069832900004], [87.50424730700007, 25.881947009000044], [87.50379796600004, 25.882725316000062], [87.50371623000007, 25.883412277000048], [87.50378278600004, 25.88429092000007], [87.50393625100008, 25.885538070000052], [87.50405805200006, 25.886695529000065], [87.50335764200008, 25.88686428400007], [87.50296361400007, 25.88687047600007], [87.50267207000007, 25.887023845000044], [87.50264161300004, 25.887258882000026], [87.50268278200008, 25.88758758000006], [87.50288186600005, 25.88782352800007], [87.50315070100004, 25.888053902000024], [87.50329005400005, 25.888556980000033], [87.50313277300006, 25.88894739600005], [87.50248050600004, 25.889286860000027], [87.50120969200003, 25.88990205300007], [87.50050036800008, 25.890652887000044], [87.50096384600005, 25.89088475500006], [87.50133655400003, 25.89132554200006], [87.50131463700006, 25.892011548000028], [87.50132311900006, 25.892458005000037], [87.50140761600005, 25.89322816200007], [87.50138283600006, 25.893765319000067], [87.50126102400003, 25.894182215000058], [87.50106771300005, 25.894514565000065], [87.50071465800005, 25.894844849000037], [87.50045200500006, 25.894939141000066], [87.49984207600005, 25.894880914000055], [87.49978683600006, 25.89538701300006], [87.49976141700006, 25.89589268800006], [87.50003096300009, 25.896159150000074], [87.50052883600006, 25.89635895600003], [87.50070198100008, 25.89680282000006], [87.50081194600006, 25.89733790300005], [87.50107979000006, 25.897775912000043], [87.50164424500008, 25.89806482700004], [87.50234049300008, 25.89820291600006], [87.50277472300007, 25.89846687100004], [87.50253068700005, 25.89954429100004], [87.50204976800006, 25.900237401000027], [87.50192582700004, 25.900803199000052], [87.50170867800006, 25.901460650000047], [87.50145735800004, 25.90215024500003], [87.50143470800003, 25.902538588000027], [87.50160786400005, 25.902982448000046], [87.50224513100005, 25.903685323000047], [87.50258684800008, 25.904334169000037], [87.50252087600006, 25.905065965000063], [87.50295570200007, 25.905623068000068], [87.50313052400008, 25.906157232000055], [87.50311248900005, 25.906784537000078], [87.50315662900005, 25.907528162000062], [87.50349549600008, 25.908028158000036], [87.50400191300008, 25.908674403000077], [87.50427372200005, 25.909058129000073], [87.50486985300006, 25.90943229800007], [87.50771596400006, 25.90949626400004], [87.50777111600007, 25.908985655000038], [87.50801853500008, 25.908088657000064], [87.50829762200004, 25.907281253000065], [87.50854678900004, 25.906474462000062], [87.50907663600003, 25.905735393000043], [87.50949675100009, 25.905255177000072], [87.50995513600003, 25.905216474000042], [87.51100794300004, 25.905200129000036], [87.51179568000003, 25.905156215000034]]]]}}, {"type": "Feature", "properties": {"OBJECTID": 7584, "GPCODE": "97162", "GPNAME_1": "SABDALPUR", "DIST_CEN_C": "09", "BLK_NAME": "KASBA", "ST_NAME": "BIHAR", "ST_CODE_1": "10", "GPCODE2011": "99649", "REMARKS": "FINALIZED", "MAP_STATUS": "COMPLETED", "BLK_C_2001": "090008", "BLK_C_2011": "01135", "DIST_NAME": "PURNIA", "code2011": 0.0, "Shape_Leng": 0.39217338417, "Shape_Area": 0.00172168776, "Area": 19.1091}, "geometry": {"type": "MultiPolygon", "coordinates": [[[[87.55762221200007, 25.858995582000034], [87.55780388800008, 25.858072436000043], [87.55767326500006, 25.857257984000057], [87.55779138400004, 25.856660697000052], [87.55830965900003, 25.856115654000064], [87.55866642400008, 25.855992726000068], [87.55859065900006, 25.855430012000056], [87.55854800500003, 25.85477658800005], [87.55885819700006, 25.854054420000068], [87.55891768500004, 25.85352116100006], [87.55868300500003, 25.853254295000056], [87.55824946500007, 25.853022061000047], [87.55785495100008, 25.853001239000037], [87.55749603400005, 25.853273079000076], [87.55710737300006, 25.85354995700004], [87.55681597100005, 25.853703431000042], [87.55638763400003, 25.85373732100004], [87.55592473900003, 25.853537190000054], [87.55584741300004, 25.853150449000054], [87.55630489700008, 25.852818356000057], [87.55656573900006, 25.852633841000056], [87.55656053800004, 25.852367711000056], [87.55665178000004, 25.852185814000052], [87.55722328800005, 25.852073005000022], [87.55768710500007, 25.852065676000052], [87.55748071400006, 25.851712571000064], [87.55721120600003, 25.85145071200003], [87.55733261400007, 25.850763055000073], [87.55727826900005, 25.85070594900003], [87.55772143700005, 25.850490775000026], [87.55817093300004, 25.85000546200007], [87.55838874000005, 25.84940655200006], [87.55817752100006, 25.84854828300007], [87.55783567600008, 25.847899625000025], [87.55782813700006, 25.84751179600005], [87.55794565900004, 25.84688744300007], [87.55799945000007, 25.846318246000067], [87.55828778900008, 25.84574972400003], [87.55789467400007, 25.845029750000037], [87.55778158700008, 25.84434583500007], [87.55787212300004, 25.84387077200006], [87.55799862400005, 25.84344924800007], [87.55822347400004, 25.84321109900003], [87.55857834800008, 25.842993446000037], [87.55883981300008, 25.84284040700004], [87.55895791400008, 25.842243113000052], [87.55918188700008, 25.84170720000003], [87.55927311800008, 25.841525300000058], [87.55990555900007, 25.84172280100006], [87.56046979900003, 25.84201151900004], [87.56073551700007, 25.84233667600006], [87.56058252800005, 25.842934470000046], [87.56088920000008, 25.84331310500005], [87.56076791400005, 25.84400067100006], [87.56035448000006, 25.84454404300004], [87.56046249400003, 25.845228019000047], [87.56056918300004, 25.84558265000004], [87.56109722900004, 25.845542702000046], [87.56184154900006, 25.845084232000033], [87.56292174200007, 25.84471069400007], [87.56456042400004, 25.844328233000056], [87.56540273000007, 25.843777997000075], [87.56598692700004, 25.84329504300007], [87.56643702000008, 25.842841277000048], [87.56705568300004, 25.842592343000035], [87.56731648800007, 25.842407809000065], [87.56766892300004, 25.841806661000078], [87.56791958600007, 25.841360657000052], [87.56963296700008, 25.84148212100007], [87.56996457000008, 25.84084079300004], [87.57005091400003, 25.84015381100005], [87.56971660500005, 25.83989300500008], [87.56919122100004, 25.83981113300007], [87.56849522000005, 25.83967333700008], [87.56816368900007, 25.83955687400004], [87.56808789200005, 25.838994158000048], [87.56804494500005, 25.838579853000056], [87.56827289200004, 25.83824690600005], [87.56876272500006, 25.838297800000078], [87.56929657700005, 25.83855995400006], [87.56965670600005, 25.83861282600003], [87.56975356000004, 25.838462435000054], [87.56954685100004, 25.837838641000076], [87.56934280000007, 25.837607339000044], [87.56930532400008, 25.83722004200007], [87.56949394300005, 25.83691932100004], [87.56985327200005, 25.83667442500007], [87.57030921200004, 25.836518351000052], [87.57057120300004, 25.836396870000044], [87.57086359200008, 25.83630201300008], [87.57106601000004, 25.836447607000025], [87.57110349200008, 25.836834904000057], [87.57098016400005, 25.83716165800007], [87.57072117800004, 25.83743650300005], [87.57076243600005, 25.837760591000063], [87.57109560300006, 25.83796284600004], [87.57146511100007, 25.838493758000027], [87.57191816000005, 25.839217236000025], [87.57227237000006, 25.838706381000065], [87.57201760600003, 25.837668441000062], [87.57170309300005, 25.836635897000065], [87.57194878200005, 25.835680203000038], [87.57229041500005, 25.834781574000033], [87.57209573700004, 25.833241933000068], [87.57195926700007, 25.832129860000066], [87.57227448100008, 25.83141210200006], [87.57262188200008, 25.830811089000065], [87.57258145200007, 25.83027493700007], [87.57293813100006, 25.830151974000046], [87.57323295400005, 25.830178808000028], [87.57387194600005, 25.83097155200005], [87.57443731500007, 25.831318861000057], [87.57507316100003, 25.83169213000008], [87.57586912900007, 25.83209897000006], [87.57685202700009, 25.83211024900004], [87.57799981200003, 25.831884418000072], [87.57947681300004, 25.83191942900004], [87.57968590400003, 25.83087851600004], [87.57947358100006, 25.828441514000076], [87.57940988900003, 25.826719309000055], [87.57880998500008, 25.82537568300006], [87.57862677000008, 25.82442677000006], [87.57857340800007, 25.823480282000048], [87.57941656700007, 25.822988699000064], [87.57975090300005, 25.821467591000044], [87.57989158000004, 25.82024737300003], [87.57914522200008, 25.819826341000066], [87.57788887500004, 25.81934123600007], [87.57617233900004, 25.819043848000035], [87.57386992000005, 25.81887320100003], [87.57275304500007, 25.818891007000047], [87.57082042900004, 25.819012099000076], [87.56924543100007, 25.819064252000032], [87.56817934200006, 25.819126363000066], [87.56734128600004, 25.819884027000057], [87.56686444500008, 25.820753297000067], [87.56631996700008, 25.82147464700006], [87.56576488800005, 25.821659402000023], [87.56530454300008, 25.821581082000023], [87.56494344800007, 25.821735665000062], [87.56475250000005, 25.821914682000056], [87.56435856800005, 25.821920942000077], [87.56388886900004, 25.821364476000042], [87.56372146900009, 25.821218276000025], [87.56329558800007, 25.821373979000043], [87.56300485600008, 25.82155453000007], [87.56244124700004, 25.82129730300005], [87.56220036900004, 25.82070565600003], [87.56166667000008, 25.820447987000023], [87.56127219800004, 25.82042275200007], [87.56101820500004, 25.820697435000056], [87.56065645500007, 25.82082043500003], [87.560235, 25.82094440000003], [87.55993576700007, 25.820949179000024], [87.55963934300007, 25.82083661300004], [87.55912789500007, 25.81992446000004], [87.55903977000008, 25.819492810000042], [87.55847618400009, 25.81923566100005], [87.55748898400003, 25.819251294000026], [87.55640650800007, 25.819241419000036], [87.55619551000007, 25.819930403000058], [87.55575055400004, 25.82065019500004], [87.55464892600008, 25.821709738000038], [87.55330530500004, 25.822118971000066], [87.55245735000005, 25.822371436000026], [87.55090560900004, 25.822337408000067], [87.54988848400006, 25.82235352300006], [87.54873500800005, 25.82228152500005], [87.54807390900004, 25.822143054000037], [87.54777083200008, 25.82194039600006], [87.54764484300006, 25.82136047800003], [87.54760122400006, 25.82064838900004], [87.54770256200004, 25.819185206000043], [87.54811813900005, 25.818492940000056], [87.54810950400008, 25.818046554000034], [87.54783888900005, 25.817721520000077], [87.54756432900007, 25.81718898500003], [87.54765368700004, 25.816650767000056], [87.54806921800008, 25.81596301700006], [87.54832514800006, 25.81475005200008], [87.54828255900009, 25.814096606000078], [87.54790824000008, 25.813565780000033], [87.54796043900006, 25.812910774000045], [87.54827962400003, 25.81239604500007], [87.54824173000009, 25.81198157700004], [87.54816500500004, 25.811626491000027], [87.54777055700004, 25.81160113100003], [87.54737610900008, 25.811575769000058], [87.54714104100003, 25.81128171900008], [87.54726440600007, 25.81095497800004], [87.54787929700007, 25.810259577000068], [87.54789645400007, 25.809600742000043], [87.54828669200003, 25.80914798500004], [87.54884503500006, 25.809139127000037], [87.54917074800005, 25.80895810100003], [87.54933720200006, 25.808283263000078], [87.54844018000006, 25.80805839100003], [87.54738029300006, 25.807660078000026], [87.54615861200006, 25.807408748000057], [87.54539231200005, 25.80697424400006], [87.54383421000006, 25.80634475000005], [87.54303471500003, 25.806000949000065], [87.54270852300004, 25.80615498800006], [87.54249297200005, 25.80687108400008], [87.54244590500008, 25.807792045000042], [87.54233186300007, 25.80860135100005], [87.54187617300005, 25.809023542000034], [87.54128407300004, 25.80909151000003], [87.54086052300005, 25.80936885400007], [87.54079799800007, 25.80948715900007], [87.54094003100005, 25.809872805000055], [87.54134712100006, 25.81055206900004], [87.54155572500008, 25.811026999000035], [87.54142968500008, 25.81147558600003], [87.54094182400007, 25.81178102000007], [87.53993955000004, 25.812044866000065], [87.53924345100006, 25.812669349000032], [87.53830465300007, 25.812607419000074], [87.53731067400008, 25.812266659000045], [87.53591935800006, 25.811751737000066], [87.53459181300008, 25.811177138000062], [87.53393368500008, 25.81118746100003], [87.53287678000004, 25.811204107000037], [87.53182485300005, 25.811220596000055], [87.53142992900007, 25.81116812700003], [87.53055643400006, 25.810347318000026], [87.52935152200007, 25.809409772000038], [87.52889182500007, 25.809358406000058], [87.52856737100007, 25.809602538000036], [87.52824516400005, 25.809963952000032], [87.52786685000007, 25.81104348300005], [87.52762351800004, 25.811881881000033], [87.52676829100005, 25.812012563000053], [87.52617392300004, 25.811963191000075], [87.52563401800006, 25.811376197000072], [87.52469283900007, 25.810141315000067], [87.52382730600004, 25.80973537600005], [87.52502171100008, 25.812953341000025], [87.52545394900005, 25.816714345000037], [87.52475312500007, 25.81917558300006], [87.52234214800006, 25.822550239000066], [87.52163596100007, 25.824889824000024], [87.52201542900008, 25.827434510000046], [87.52316814500006, 25.828994435000027], [87.52415386400008, 25.829159418000074], [87.52504424500006, 25.829294361000052], [87.52596164500005, 25.829280012000027], [87.52664289500007, 25.829170108000028], [87.52730707200004, 25.828952207000043], [87.52817794400005, 25.828848322000056], [87.52878396900007, 25.828721502000064], [87.52953268100003, 25.828488718000074], [87.53003465300003, 25.828138048000028], [87.53053495400007, 25.827697157000046], [87.53107132700006, 25.82731883300005], [87.53188710300003, 25.827459377000025], [87.53279635500007, 25.827801512000065], [87.53322773700006, 25.82792556000004], [87.53372677000004, 25.82820186600003], [87.53393910400007, 25.828347394000048], [87.53402805000007, 25.828567084000042], [87.53411246800005, 25.828804869000066], [87.53419196100003, 25.829308816000037], [87.53459440900008, 25.829749113000048], [87.53511124100004, 25.83016949200004], [87.53541092100005, 25.830449001000034], [87.53564171500005, 25.830517523000026], [87.53596852200008, 25.830395080000073], [87.53624204300007, 25.830093052000052], [87.53642828900007, 25.829661646000034], [87.53691986200005, 25.829550107000046], [87.53706948900003, 25.829547739000077], [87.53734676000005, 25.829962951000027], [87.53751685500004, 25.830244496000034], [87.53780261100007, 25.83058281700005], [87.53795615100006, 25.831040512000072], [87.53837510500006, 25.831300045000035], [87.53891990200003, 25.831616318000044], [87.53943249700006, 25.831820262000065], [87.53955407300003, 25.83217473800005], [87.53949782000007, 25.832617630000072], [87.53941732100003, 25.833101595000073], [87.53942754400003, 25.833633775000067], [87.53904424700005, 25.834190097000032], [87.53857266600005, 25.834567426000035], [87.53825245300004, 25.835037115000034], [87.53821323800008, 25.835331014000076], [87.53838903800005, 25.83591008600007], [87.53833416100008, 25.83616816400007], [87.53848548300004, 25.83729353500007], [87.53883699500005, 25.83767593500005], [87.53925494400005, 25.83787681900003], [87.53973355100004, 25.838121939000075], [87.54019429500005, 25.838218376000043], [87.54037740600006, 25.838143342000023], [87.54065206300004, 25.83789994800003], [87.54087338000005, 25.837481397000033], [87.54124190400006, 25.837191434000033], [87.54136050700004, 25.837130952000052], [87.54183674600006, 25.837258698000028], [87.54236239500005, 25.837354194000056], [87.54282841600008, 25.837464096000076], [87.54330589700004, 25.837650565000047], [87.54345134500005, 25.837950530000057], [87.54341387700003, 25.83833906900003], [87.54332329100004, 25.838814125000056], [87.54318179400008, 25.83923590300003], [87.54292238900007, 25.83949265900003], [87.54213480800007, 25.839518594000026], [87.54198411000004, 25.839981083000055], [87.54186030400007, 25.84054694200006], [87.54194553300005, 25.84108690900007], [87.54255746300004, 25.84229516700003], [87.54275296600008, 25.843122152000035], [87.54314683400008, 25.843887366000047], [87.54348436100008, 25.844315030000075], [87.54386960900007, 25.844633771000076], [87.54428260800006, 25.84483479100004], [87.54466989000008, 25.84526169800006], [87.54498195900004, 25.84540559900006], [87.54537625600005, 25.84541291900007], [87.54570422500007, 25.845349096000064], [87.54583250700006, 25.84527487300005], [87.54596280200008, 25.84504731900006], [87.54598604500006, 25.844704068000055], [87.54594928700004, 25.844348341000057], [87.54584441400004, 25.844083820000037], [87.54549631900005, 25.843881776000046], [87.54526316800008, 25.84369147900003], [87.54530878600008, 25.843469784000035], [87.54559716400007, 25.84316748300006], [87.54593559200003, 25.84286441200004], [87.54614450600008, 25.842576929000074], [87.54630541600005, 25.842384931000026], [87.54642006000006, 25.842383055000028], [87.54661683100005, 25.84249725600006], [87.54680595900004, 25.842733363000036], [87.54699087900008, 25.843010124000045], [87.54827621400005, 25.843183734000036], [87.54840497900005, 25.84390798900006], [87.54779944900008, 25.844066462000058], [87.54733232900008, 25.844155009000076], [87.54732102500003, 25.84434914800005], [87.54739165900008, 25.84464582700008], [87.54751297100006, 25.84498667200006], [87.54771868100005, 25.845560871000032], [87.54727650600006, 25.845658066000055], [87.54728459800003, 25.846072957000047], [87.54740591700005, 25.846413894000023], [87.54778975500005, 25.846660454000073], [87.54820483700007, 25.84671255300003], [87.54891486700006, 25.84705763100004], [87.54961688000003, 25.847245072000078], [87.55023058800003, 25.847505994000073], [87.55067577100004, 25.847571092000067], [87.55111963300004, 25.84756410500006], [87.55175819400006, 25.84756747600005], [87.55199888300007, 25.848145592000037], [87.55372580600005, 25.848190376000048], [87.55362328500007, 25.848819063000064], [87.55349202400004, 25.849768418000053], [87.55363791200006, 25.850348094000026], [87.55200020100006, 25.850274744000046], [87.55156301200003, 25.850624545000073], [87.55117040800008, 25.85173142900004], [87.55190100600004, 25.852103322000062], [87.55252923700004, 25.85234593200005], [87.55266627300006, 25.852465605000077], [87.55268670700008, 25.852744908000034], [87.55239822300007, 25.85304722500007], [87.55240198700005, 25.85324118500006], [87.55259705700007, 25.85326967700007], [87.55311701400007, 25.85332459600005], [87.55313424000008, 25.853441609000072], [87.55315671800008, 25.85382917100003], [87.55322090600004, 25.854567979000024], [87.55325183800005, 25.855135820000044], [87.55325553900008, 25.85532526800006], [87.55351778900007, 25.855469913000036], [87.55391435300004, 25.855599005000045], [87.55434650100005, 25.85575456500004], [87.55494021800007, 25.856015795000076], [87.55523472200008, 25.856281787000057], [87.55520443400007, 25.856521352000073], [87.55509372600005, 25.85673054600005], [87.55471935200006, 25.85697557900005], [87.55464646800004, 25.85733312600007], [87.55473464100004, 25.85776025000007], [87.55488018600005, 25.858321880000062], [87.55497896500003, 25.858527810000055], [87.55539557700007, 25.858656479000047], [87.55576968200006, 25.85865056500006], [87.55607059100004, 25.85924574200004], [87.55602499100007, 25.859467530000074], [87.55574625900005, 25.859503550000056], [87.55535315600008, 25.859554890000027], [87.55517585300004, 25.859674992000066], [87.55506028600007, 25.86040308400004], [87.55522951500006, 25.860639501000037], [87.55549413300008, 25.860648764000075], [87.55595647100006, 25.860821927000075], [87.55622016600006, 25.86103873600007], [87.55641216500004, 25.861423683000055], [87.55653530700005, 25.861854728000026], [87.55653550200003, 25.862377989000038], [87.55706303000005, 25.86231099400004], [87.55778096200004, 25.862028904000056], [87.55839056900004, 25.861306479000064], [87.55864274600003, 25.860675498000035], [87.55853263300008, 25.86014495300003], [87.55835933100008, 25.85970105000007], [87.55779388000008, 25.859353689000045], [87.55762221200007, 25.858995582000034]]], [[[87.57138414200006, 25.86370677800005], [87.57181110500005, 25.863596161000032], [87.57217430400004, 25.86354531300003], [87.57258302300005, 25.863525236000044], [87.57304188900008, 25.863517827000067], [87.57330652000007, 25.863527152000074], [87.57355902100005, 25.863428432000035], [87.57381756300003, 25.863126521000027], [87.57396019500004, 25.862767872000063], [87.57407879800007, 25.862202152000066], [87.57419942600006, 25.861735570000064], [87.57429341000005, 25.861440839000068], [87.57445387600006, 25.861226260000024], [87.57463021100006, 25.861061034000045], [87.57487958600007, 25.861057093000056], [87.57522463200007, 25.861096683000028], [87.57552476300003, 25.861389547000044], [87.57587963700007, 25.861681587000078], [87.57606131500006, 25.861782481000034], [87.57622583200003, 25.861779814000045], [87.57628835000008, 25.861661500000025], [87.57635816700008, 25.861150674000044], [87.57635473200008, 25.860974850000048], [87.57671736200007, 25.86089232200004], [87.57742101000008, 25.860646494000036], [87.57772955100006, 25.86060999700004], [87.57814288000003, 25.860571712000024], [87.57850003600004, 25.860462264000034], [87.57888594500008, 25.860555326000053], [87.57912475700005, 25.860772573000077], [87.57937959600008, 25.86130527100005], [87.57955296700004, 25.861749058000044], [87.57994842300008, 25.862577222000027], [87.58026520000004, 25.862702949000038], [87.58072557700007, 25.862772291000056], [87.58135719800003, 25.86292450700006], [87.58222766500006, 25.862793262000025], [87.58259797100004, 25.862593326000024], [87.58284468800008, 25.86245405300008], [87.58302426800003, 25.86245119700004], [87.58330686900007, 25.86261350600006], [87.58378797800003, 25.86272310800007], [87.58405050200008, 25.862628673000074], [87.58417611700008, 25.862419100000068], [87.58435474100008, 25.86237113900006], [87.58465397000003, 25.862366319000046], [87.58499902300008, 25.86240588800007], [87.58554274300008, 25.862397162000036], [87.58624855800008, 25.862521139000023], [87.58630787000004, 25.861983361000057], [87.58622615300004, 25.860875003000046], [87.58614997300003, 25.86029886600005], [87.58586398800009, 25.85920277100007], [87.58566897500003, 25.85841653700004], [87.58567068600007, 25.857744366000077], [87.58566246900006, 25.857329480000033], [87.58575882600007, 25.857152014000064], [87.58601598900003, 25.857039592000035], [87.58629477200003, 25.85700803000003], [87.58658048200004, 25.857075644000076], [87.58676327100005, 25.857239589000073], [87.58698234400003, 25.857470688000035], [87.58711528000003, 25.857635405000053], [87.58739666400004, 25.857734649000065], [87.58769185100005, 25.85777498500005], [87.58792760700004, 25.857843374000026], [87.58814024800006, 25.858002360000057], [87.58835603500006, 25.85806204800008], [87.58850473800004, 25.85801452800007], [87.58851558200007, 25.857806862000075], [87.58849509900006, 25.857522956000025], [87.58832456400006, 25.85722803300007], [87.58830378400006, 25.85693059700003], [87.58831522200006, 25.85674999200006], [87.58854290100004, 25.856660657000077], [87.58880600400005, 25.856593274000033], [87.58902083200007, 25.85660785700003], [87.58928361800008, 25.856779508000045], [87.58933613400006, 25.85691396200008], [87.58944673400003, 25.85746252900003], [87.58960336900003, 25.85781636300004], [87.58980142000007, 25.857993659000044], [87.59020340900008, 25.85813603300005], [87.59123316400007, 25.85798857800006], [87.59199123300004, 25.857976372000053], [87.59253583700007, 25.857891395000024], [87.59286169100005, 25.85784055000005], [87.59361151000007, 25.857666107000057], [87.59410409900005, 25.857599492000077], [87.59458174200006, 25.857280581000055], [87.59396244500005, 25.85598238800003], [87.59187898100004, 25.853548486000022], [87.59141250600004, 25.85316803300003], [87.59102564500006, 25.85201503500008], [87.59003680500007, 25.850948260000052], [87.58913847400004, 25.85042596100004], [87.58850570400006, 25.849957966000034], [87.58826472200008, 25.849370975000056], [87.58753215700006, 25.84890452800005], [87.58697249100004, 25.848854885000037], [87.58676537000008, 25.848470338000027], [87.58692356100005, 25.848142977000066], [87.58780651200004, 25.847889733000045], [87.58931704900004, 25.847838343000035], [87.58934085500005, 25.847274094000056], [87.58904493900008, 25.845672980000074], [87.58902281800005, 25.84378779000008], [87.58983862200006, 25.843418204000045], [87.58985116900004, 25.84228579100005], [87.59047349500008, 25.840701512000066], [87.58982547000005, 25.840978051000036], [87.58936866900007, 25.841341732000046], [87.58861920700008, 25.841534297000067], [87.58818861600008, 25.84145099600005], [87.58779472700007, 25.841457310000067], [87.58737197800008, 25.841522714000064], [87.58720097400004, 25.841200720000074], [87.58695698700006, 25.840460359000076], [87.58665074200007, 25.840108933000067], [87.58615393000008, 25.839701838000053], [87.58504927600006, 25.839584322000064], [87.58409507400006, 25.83951391900007], [87.58313625100004, 25.839200015000074], [87.58271055600005, 25.839116646000036], [87.58254015500006, 25.838821616000075], [87.58238778900005, 25.837664807000067], [87.58226539500004, 25.83651197300003], [87.58195598500004, 25.835740977000057], [87.58112981000005, 25.835578346000034], [87.58021226900007, 25.835593025000037], [87.57944962200008, 25.837147982000033], [87.57851648100007, 25.83814639900004], [87.57748445500005, 25.83893428700003], [87.57602489900006, 25.84005830500007], [87.57490372000007, 25.840626607000047], [87.57389566800003, 25.84111632300005], [87.57304853200003, 25.841666659000055], [87.57275683200004, 25.841804455000045], [87.57275688600004, 25.841806725000026], [87.57278291900008, 25.842879847000063], [87.57277816600003, 25.84391300200008], [87.57280972100006, 25.84476047100003], [87.57281163500005, 25.845626613000036], [87.57297074300004, 25.846363842000073], [87.57297832800003, 25.84675167100005], [87.57260022300005, 25.846802788000048], [87.57227102400003, 25.846808125000052], [87.57198948200005, 25.84669531800006], [87.57165677900008, 25.846520132000023], [87.57134857200003, 25.846570240000062], [87.57120091200005, 25.846676296000055], [87.57115599900004, 25.846929663000026], [87.57112376400005, 25.84732265400004], [87.57111313300004, 25.84779641600005], [87.57090975600005, 25.848368108000045], [87.57090959400006, 25.84912589700008], [87.57083819900004, 25.84955562400006], [87.57093735700005, 25.849779588000047], [87.57117458800008, 25.849924592000036], [87.57143979600005, 25.850218150000046], [87.57147896600009, 25.850438492000023], [87.57133699600007, 25.850828714000045], [87.57116836400007, 25.85113362100003], [87.57054558700008, 25.851175171000023], [87.57042404200007, 25.851592133000054], [87.57039890600004, 25.852097744000048], [87.57060543600005, 25.85245082600005], [87.57072223400007, 25.85358125700003], [87.57066827300008, 25.85490382100005], [87.56988667600007, 25.855241041000056], [87.56910797800003, 25.855731624000043], [87.56911548700003, 25.856114939000065], [87.56931170900003, 25.856202049000046], [87.56961452000007, 25.856377680000037], [87.56974880600006, 25.856610071000034], [87.56971795500004, 25.85682257700006], [87.56916577000004, 25.857156185000065], [87.56822254600007, 25.857649423000055], [87.56770922900006, 25.85818992800006], [87.56764755500006, 25.858610423000073], [87.56770454100007, 25.859737218000078], [87.56761752200003, 25.860392709000052], [87.56788203900004, 25.861421504000077], [87.56807404000006, 25.861797316000036], [87.56819693200003, 25.86221491300006], [87.56837105000005, 25.86269930900005], [87.56856517500006, 25.863187891000052], [87.56878224400003, 25.863572434000048], [87.56916352900004, 25.863683620000074], [87.56974270600006, 25.86370593500004], [87.57018661800004, 25.863698802000044], [87.57089132300007, 25.86375978500007], [87.57138414200006, 25.86370677800005]]]]}}, {"type": "Feature", "properties": {"OBJECTID": 7589, "GPCODE": "97154", "GPNAME_1": "BHAWARA LAGAN", "DIST_CEN_C": "09", "BLK_NAME": "KASBA", "ST_NAME": "BIHAR", "ST_CODE_1": "10", "GPCODE2011": "99641", "REMARKS": "FINALIZED", "MAP_STATUS": "COMPLETED", "BLK_C_2001": "090008", "BLK_C_2011": "01135", "DIST_NAME": "PURNIA", "code2011": 0.0, "Shape_Leng": 0.20985345468, "Shape_Area": 0.00102156981, "Area": 11.3341}, "geometry": {"type": "MultiPolygon", "coordinates": [[[[87.49727453100007, 25.893359520000047], [87.49751159000004, 25.89316622000007], [87.49777097800006, 25.893236186000024], [87.49790203300006, 25.893247562000056], [87.49806937700004, 25.893243830000074], [87.49806588000007, 25.893063409000035], [87.49799045400005, 25.89276686100004], [87.49828192300004, 25.892347321000045], [87.49876336400007, 25.891685704000054], [87.49911413600006, 25.891233729000078], [87.49966494200004, 25.89080565100005], [87.50050036800008, 25.890652887000044], [87.50120969200003, 25.88990205300007], [87.50248050600004, 25.889286860000027], [87.50313277300006, 25.88894739600005], [87.50329005400005, 25.888556980000033], [87.50315070100004, 25.888053902000024], [87.50288186600005, 25.88782352800007], [87.50268278200008, 25.88758758000006], [87.50264161300004, 25.887258882000026], [87.50267207000007, 25.887023845000044], [87.50296361400007, 25.88687047600007], [87.50335764200008, 25.88686428400007], [87.50405805200006, 25.886695529000065], [87.50393625100008, 25.885538070000052], [87.50378278600004, 25.88429092000007], [87.50371623000007, 25.883412277000048], [87.50379796600004, 25.882725316000062], [87.50424730700007, 25.881947009000044], [87.50418857800008, 25.88069832900004], [87.50438869600003, 25.87914794200003], [87.50461515600006, 25.877412098000036], [87.50417749100006, 25.876701626000056], [87.50327430000004, 25.875118754000027], [87.50223199200008, 25.874097349000067], [87.50142472100003, 25.87309943500003], [87.50113889400006, 25.87197152500005], [87.50068612300004, 25.87046283600006], [87.50001137300006, 25.869611660000032], [87.49924586500003, 25.869235592000052], [87.49785434400007, 25.86941488000008], [87.49751168200004, 25.869616223000037], [87.49686532400005, 25.86921394700005], [87.49615170100003, 25.869011442000044], [87.49574817600006, 25.86951276800005], [87.49467679100007, 25.870682573000067], [87.49349872100004, 25.86993439200006], [87.49276472100007, 25.869330207000075], [87.49210044700004, 25.86847775700005], [87.49170053300008, 25.867661132000023], [87.49111140000008, 25.86713353400006], [87.49012844200007, 25.866931254000065], [87.48936520400008, 25.866963480000038], [87.48860680600006, 25.866851181000072], [87.48776838300006, 25.866508881000073], [87.48729396800007, 25.865908948000026], [87.48700863000005, 25.864866586000062], [87.48589042400005, 25.864028029000053], [87.48584499800006, 25.863490927000043], [87.48557995300007, 25.862836780000066], [87.48521559800008, 25.86256167700003], [87.48490289400007, 25.864227293000056], [87.48463867200007, 25.864371947000052], [87.48321133400003, 25.863714092000066], [87.48270770400006, 25.863904072000025], [87.48168610000005, 25.865055638000058], [87.48106263400007, 25.86517342600007], [87.48032914500004, 25.86501151600004], [87.47861711800005, 25.86379420700007], [87.47762405200007, 25.863429343000064], [87.47717009300004, 25.863348426000073], [87.47617671300009, 25.862645051000072], [87.47577753900003, 25.862496356000065], [87.47402131600006, 25.862113960000045], [87.47347236700006, 25.86188409300007], [87.47272838300006, 25.861013556000046], [87.47240409100004, 25.860941601000036], [87.47213484800005, 25.861054594000052], [87.47173605800003, 25.861406919000046], [87.47116340200006, 25.86264391800006], [87.47105463000008, 25.86380842400007], [87.47085110800003, 25.86497747900006], [87.47062202300003, 25.865447050000057], [87.47012830200003, 25.865686543000038], [87.46864683500007, 25.86581838400008], [87.46830291000003, 25.866170643000032], [87.46789922400006, 25.86668996000003], [87.46790974100008, 25.867339856000058], [87.46812498600008, 25.868278452000027], [87.46609961700005, 25.868293282000025], [87.46464297100005, 25.868221927000036], [87.46246298400007, 25.868363169000077], [87.46278791800006, 25.869206951000024], [87.46366663500004, 25.870221988000026], [87.46400620800006, 25.87058733200007], [87.46578228400006, 25.87072159300004], [87.46640577000005, 25.870662560000028], [87.46662580800006, 25.871262689000048], [87.46661692500004, 25.872715939000045], [87.46650283500009, 25.873596074000034], [87.46631356300009, 25.873984393000057], [87.46449264500006, 25.873904253000035], [87.46381922000006, 25.874022061000062], [87.46338539000004, 25.874333655000044], [87.46289681100006, 25.87473116700005], [87.46287276400005, 25.875931669000067], [87.46301342200007, 25.877163705000044], [87.46272969800003, 25.878003413000044], [87.46236065100004, 25.878278911000052], [87.46040492800006, 25.87828912200007], [87.45982636700006, 25.878488050000044], [87.45939763800004, 25.878953163000062], [87.45936329700004, 25.879648230000043], [87.45945954800004, 25.881715217000078], [87.45933506900008, 25.88215302800006], [87.45849746700009, 25.88283509200005], [87.45805333900006, 25.88283076500005], [87.45738965000004, 25.882623571000067], [87.45629603100008, 25.881170928000074], [87.45568244700007, 25.881243448000077], [87.45534366500004, 25.88191615200003], [87.45558384800006, 25.882949563000068], [87.45656742200003, 25.883950947000073], [87.45734120800006, 25.88465003600004], [87.45771592800008, 25.885362904000033], [87.45772111100007, 25.88571047000005], [87.45717760300005, 25.886171122000064], [87.45675865100009, 25.88629770800003], [87.45609484900007, 25.886045367000065], [87.45543570900008, 25.885305583000047], [87.45507109200008, 25.884669345000077], [87.45436707200008, 25.883916044000046], [87.45378321200008, 25.883722332000048], [87.45331920000007, 25.88373156600005], [87.45274055300007, 25.883835661000035], [87.45219213800004, 25.88450844500005], [87.45392418500006, 25.885523015000047], [87.45437347600006, 25.885965030000023], [87.45475812800004, 25.88668249500006], [87.45472364100004, 25.88734596000006], [87.45395085800004, 25.888172307000048], [87.45422061400006, 25.888600901000075], [87.45445592100003, 25.88985539300006], [87.45454702300003, 25.891665183000043], [87.45480662900007, 25.89189073400007], [87.45512134900008, 25.892526873000065], [87.45788067100005, 25.89262463500006], [87.45786017100005, 25.89183481500004], [87.45848390600008, 25.891793866000057], [87.45869823500004, 25.891545515000075], [87.45901258500004, 25.891554404000033], [87.45917263500007, 25.892086833000064], [87.45997102500007, 25.89212697100004], [87.46001489400004, 25.890709752000078], [87.46065873100008, 25.890944146000038], [87.46095854200007, 25.891620885000066], [87.46112829200007, 25.89167042400004], [87.46139751200008, 25.891467163000073], [87.46142673400004, 25.890505889000053], [87.46087715500005, 25.889495246000024], [87.46088624900005, 25.888272163000067], [87.46174439000004, 25.888212960000033], [87.46293161600005, 25.88782857600006], [87.46313547500006, 25.886948388000064], [87.46322460500005, 25.886072779000074], [87.46345356800003, 25.88526472600006], [87.46409663100007, 25.884560272000044], [87.46467020500006, 25.884352355000033], [87.46555321200003, 25.884243472000037], [87.46606695500003, 25.88397235900004], [87.46683024600009, 25.883845533000056], [87.46711017100006, 25.884617106000064], [87.46798353800006, 25.884819633000063], [87.46775925200006, 25.885225939000065], [87.46702166300008, 25.88626000200003], [87.46724148800007, 25.88663891500005], [87.46704730700003, 25.887117484000044], [87.46625361900004, 25.886684657000046], [87.46585957500008, 25.886716553000042], [87.46581506400008, 25.88731232400005], [87.46606485600006, 25.887677731000053], [87.46641410800004, 25.887745187000064], [87.46703866400009, 25.888836980000065], [87.46729331900008, 25.88902644800004], [87.46840631300006, 25.88942736100006], [87.46933505700008, 25.89034745500004], [87.46953530000008, 25.891182273000027], [87.46989489500004, 25.891583772000047], [87.47053394300008, 25.89201211900007], [87.47093845800003, 25.892503780000027], [87.47136281700006, 25.892783311000073], [87.47239527700003, 25.892371921000063], [87.47272884300008, 25.891446518000066], [87.47355677600007, 25.891044202000046], [87.47579144200006, 25.890288964000035], [87.47644479000007, 25.889999686000067], [87.47721305300007, 25.88985469800008], [87.47884897700004, 25.889122376000046], [87.48058985400007, 25.88861118600005], [87.48194667900003, 25.888276180000048], [87.48308417300007, 25.88818509200007], [87.48455090200008, 25.887985378000053], [87.48465516300007, 25.88745278700003], [87.48476892800005, 25.88635595100004], [87.48486700400008, 25.884505449000073], [87.48600537800007, 25.88539822900003], [87.48614130800007, 25.88670694900003], [87.48689984000004, 25.886850769000034], [87.48763416300005, 25.887793474000034], [87.48927554100004, 25.88760714800003], [87.49006386600007, 25.887620066000068], [87.49042831200006, 25.887858942000037], [87.49065850300008, 25.88851318500008], [87.49067999900006, 25.890052223000055], [87.49075039100006, 25.890625337000074], [87.49011709400008, 25.891022985000063], [87.49018755700007, 25.891668331000062], [87.49041233700007, 25.891934475000028], [87.49115592300006, 25.892033111000046], [87.49148569200008, 25.89249773100005], [87.49121205800003, 25.893319405000057], [87.49164169700003, 25.893824548000055], [87.49234566300004, 25.894212092000032], [87.49284473600005, 25.894365151000045], [87.49337869900006, 25.894373717000065], [87.49375300600008, 25.894468192000033], [87.49408327800006, 25.895384069000045], [87.49453239600007, 25.895474019000062], [87.49522691100003, 25.896403126000052], [87.49557630800007, 25.89647060300007], [87.49605985800008, 25.896086505000028], [87.49644348800007, 25.89551750800007], [87.49668780000007, 25.895269131000077], [87.49730625600006, 25.895029358000045], [87.49678675700005, 25.89454689300004], [87.49695575600003, 25.89382920500003], [87.49727453100007, 25.893359520000047]]]]}}, {"type": "Feature", "properties": {"OBJECTID": 7591, "GPCODE": "97163", "GPNAME_1": "SADHUBELI", "DIST_CEN_C": "09", "BLK_NAME": "KASBA", "ST_NAME": "BIHAR", "ST_CODE_1": "10", "GPCODE2011": "99650", "REMARKS": "FINALIZED", "MAP_STATUS": "COMPLETED", "BLK_C_2001": "090008", "BLK_C_2011": "01135", "DIST_NAME": "PURNIA", "code2011": 0.0, "Shape_Leng": 0.13023172658, "Shape_Area": 0.00037970308, "Area": 4.21227}, "geometry": {"type": "MultiPolygon", "coordinates": [[[[87.43644342900006, 25.898615349000067], [87.43714154100007, 25.89756804800004], [87.43868335500008, 25.897639566000066], [87.44117826100006, 25.897471465000024], [87.44335325600008, 25.896527185000025], [87.44525921200005, 25.896278005000056], [87.44629690200009, 25.895975171000032], [87.44743425200005, 25.89550070400003], [87.44852274300007, 25.89668257900007], [87.44976104400007, 25.89805849800007], [87.45039518200008, 25.89866295300004], [87.45081937800006, 25.89880268400003], [87.45226132200008, 25.89860327400004], [87.45421709300007, 25.89813287000004], [87.45519507700004, 25.898042076000024], [87.45593337900004, 25.897761811000066], [87.45618259000008, 25.89740961600006], [87.45643576200007, 25.89548687200005], [87.45794738600006, 25.89519266900004], [87.45788067100005, 25.89262463500006], [87.45512134900008, 25.892526873000065], [87.45480662900007, 25.89189073400007], [87.45454702300003, 25.891665183000043], [87.45445592100003, 25.88985539300006], [87.45422061400006, 25.888600901000075], [87.45395085800004, 25.888172307000048], [87.45472364100004, 25.88734596000006], [87.45475812800004, 25.88668249500006], [87.45437347600006, 25.885965030000023], [87.45392418500006, 25.885523015000047], [87.45219213800004, 25.88450844500005], [87.45105016500008, 25.885321409000028], [87.45046171400008, 25.88570541300004], [87.44968841800005, 25.88580960200005], [87.44920907500006, 25.88535850900007], [87.44976149800004, 25.88308808900007], [87.44935728200005, 25.882907689000035], [87.44859917800005, 25.883377480000036], [87.44827502200008, 25.88368460600003], [87.44750198200006, 25.88412728000003], [87.44685348100006, 25.884217835000072], [87.44448331200005, 25.88384439600003], [87.44331594800008, 25.88401642100007], [87.44339101800006, 25.884467705000077], [87.44430464300007, 25.885469283000077], [87.44461466700005, 25.88662899800005], [87.44385134100008, 25.88665648400007], [87.44215480700007, 25.886445098000024], [87.44103737100005, 25.886689347000072], [87.44040933600007, 25.887867569000036], [87.44061444600004, 25.888837808000062], [87.44083436500006, 25.88947408300004], [87.44073987400003, 25.88996609000003], [87.44035088900006, 25.890318310000055], [87.43954264100006, 25.890508237000063], [87.43911357600007, 25.890535474000046], [87.43853443400008, 25.88985426800008], [87.43812988600007, 25.88905111300005], [87.43695173900005, 25.88800898200003], [87.43726048700006, 25.886799323000048], [87.43705013700009, 25.885332627000025], [87.43636624400006, 25.884714557000052], [87.43556830500006, 25.885310659000027], [87.43496449500003, 25.88521613900008], [87.43349720000003, 25.88416964700008], [87.43201538600005, 25.884201820000044], [87.43158116800004, 25.883899623000048], [87.43150105300003, 25.883371643000032], [87.43092210500004, 25.88288443700003], [87.43087708800005, 25.882676794000076], [87.43172486400005, 25.88199043800006], [87.43224334200005, 25.881164371000068], [87.43202359700007, 25.880613852000067], [87.43201329100003, 25.880058674000054], [87.43234249900007, 25.87973816500005], [87.43228728900004, 25.879214615000024], [87.43194792100007, 25.878867256000035], [87.43064022800007, 25.877698773000077], [87.42978749400004, 25.87854761500006], [87.42906909100003, 25.87855694600006], [87.42881433500008, 25.878037946000063], [87.42824064700005, 25.877961497000058], [87.42813064900008, 25.877483127000062], [87.42853885700004, 25.875641561000066], [87.42724661900007, 25.875407308000035], [87.42660284100003, 25.87488853700006], [87.42544034100007, 25.874721970000053], [87.42541078100004, 25.875484699000026], [87.42565037900005, 25.875890824000066], [87.42566633300004, 25.87808879000005], [87.42570655600008, 25.87886053300008], [87.42590633700007, 25.879266623000035], [87.42597677600008, 25.880552883000064], [87.42605680200006, 25.881153104000077], [87.42597252500008, 25.88235368900007], [87.42617752600006, 25.88335555200007], [87.42602821900005, 25.884213086000045], [87.42706105400003, 25.88424883500005], [87.42783463000006, 25.884866902000056], [87.42797944600005, 25.885151137000037], [87.42872292500005, 25.885263708000025], [87.42916709500008, 25.88547118400004], [87.42919728300006, 25.88609847300006], [87.42907780900003, 25.886676245000046], [87.42876375300006, 25.887258606000046], [87.42807575200004, 25.888432264000073], [87.42790637300004, 25.889046163000046], [87.42773700500004, 25.889660008000078], [87.42762270000009, 25.890467959000034], [87.42790259000003, 25.891708925000046], [87.42766378400006, 25.89303140000004], [87.42800844600004, 25.89391593600004], [87.42880231100008, 25.89496265200006], [87.43004510000009, 25.895801728000038], [87.43012525300009, 25.896532767000053], [87.43031016300006, 25.89702017600007], [87.43026048000007, 25.897530209000024], [87.43149363400005, 25.89892429200006], [87.43266671600009, 25.899695548000068], [87.43466307700004, 25.900466535000078], [87.43559624100004, 25.900565409000023], [87.43598533200003, 25.90037121100005], [87.43632915800004, 25.899391700000024], [87.43644342900006, 25.898615349000067]]]]}}, {"type": "Feature", "properties": {"OBJECTID": 7593, "GPCODE": "97160", "GPNAME_1": "MALHARIA", "DIST_CEN_C": "09", "BLK_NAME": "KASBA", "ST_NAME": "BIHAR", "ST_CODE_1": "10", "GPCODE2011": "99647", "REMARKS": "FINALIZED", "MAP_STATUS": "COMPLETED", "BLK_C_2001": "090008", "BLK_C_2011": "01135", "DIST_NAME": "PURNIA", "code2011": 0.0, "Shape_Leng": 0.22094489701, "Shape_Area": 0.001263686, "Area": 14.0182}, "geometry": {"type": "MultiPolygon", "coordinates": [[[[87.57546358600007, 25.923907520000057], [87.57564935100004, 25.923200904000055], [87.57563850700006, 25.92265072300006], [87.57545994700007, 25.92219798600007], [87.57510034800003, 25.921680442000024], [87.57509082000007, 25.921193403000075], [87.57511519200006, 25.920656250000036], [87.57535042500007, 25.92018337500008], [87.57558630300008, 25.919990107000046], [87.57594437200004, 25.919925689000024], [87.57628872700008, 25.91992016900008], [87.57672991400005, 25.920021422000048], [87.57718550300007, 25.920090738000056], [87.57760155700004, 25.920178839000073], [87.57786581000005, 25.920160999000075], [87.57807165900005, 25.91996826700006], [87.57806418500007, 25.91958948200005], [87.57805802500008, 25.919273840000074], [87.57796336300004, 25.91877915200007], [87.57783739400008, 25.918465380000043], [87.57764468100004, 25.918310572000053], [87.57729574400008, 25.91832977000007], [87.57708707400008, 25.918382680000036], [87.57687506800005, 25.91825976900003], [87.57652180100007, 25.918062467000027], [87.57610132600007, 25.918006090000063], [87.57554749700006, 25.91801498700005], [87.57514293000008, 25.91800334900006], [87.57510307700005, 25.917751448000047], [87.57525501800006, 25.917356520000055], [87.57544142500007, 25.916681380000057], [87.57553421700004, 25.91606644700005], [87.57510494900004, 25.914544113000034], [87.57465530600007, 25.91401454700008], [87.57407641800006, 25.91350960500006], [87.57410344100003, 25.913107672000024], [87.57401051600004, 25.912441517000047], [87.57379838600008, 25.91180438200007], [87.57368895200005, 25.911314462000064], [87.57366001600008, 25.910602164000068], [87.57344939700005, 25.910041706000072], [87.57327849300003, 25.909218931000055], [87.57284927800004, 25.90820178000007], [87.57206233200003, 25.906757370000037], [87.57200407700003, 25.905567467000026], [87.57218391500004, 25.90455412600005], [87.57210103000006, 25.903635202000032], [87.57252104700007, 25.90342099700007], [87.57288891800005, 25.903347446000055], [87.57346647400004, 25.90327953700006], [87.57480979400003, 25.90306406700006], [87.57586256900004, 25.90304719200003], [87.57713074000009, 25.903071974000056], [87.57849185600008, 25.903004963000058], [87.58001404100008, 25.903003070000068], [87.58106815900004, 25.903058331000068], [87.58152783000008, 25.903082562000066], [87.58155577300005, 25.90196787900004], [87.58068008600009, 25.90184662000007], [87.58031852200008, 25.901735144000043], [87.58013899400004, 25.900980236000066], [87.58014369000006, 25.89969908300003], [87.58051774500007, 25.89917879400008], [87.58053484100003, 25.898271860000023], [87.58042962800005, 25.896978920000038], [87.58046377900007, 25.89541751300004], [87.58143975300004, 25.895054574000028], [87.58227454600006, 25.89486970400003], [87.58305497700007, 25.894712817000027], [87.58398641400004, 25.89436852500006], [87.58473097900008, 25.894167122000056], [87.58550672900003, 25.894533530000047], [87.58622980400008, 25.895009108000067], [87.58651600200005, 25.895351831000028], [87.58687267600004, 25.895725024000058], [87.58726024400005, 25.895890133000023], [87.58777943300004, 25.895899833000044], [87.58840826700003, 25.895903263000037], [87.58891035900007, 25.895800460000032], [87.58931555400005, 25.89559992100004], [87.58963047800006, 25.895626394000033], [87.58991267400006, 25.89576171400006], [87.59016275900007, 25.896041878000062], [87.59040617400007, 25.896240915000078], [87.59110443400004, 25.89621616200003], [87.59221547300007, 25.896121513000026], [87.59353936300005, 25.895942297000033], [87.59347540400006, 25.895483150000075], [87.59304860300006, 25.89509763600006], [87.59223265400004, 25.894213094000065], [87.59035917500006, 25.892087125000046], [87.58974417900004, 25.89127154700003], [87.58954087500007, 25.890832739000075], [87.58953064000008, 25.890314210000042], [87.58991389200008, 25.889505044000032], [87.59029696100004, 25.88842978200006], [87.59045933300007, 25.887304010000037], [87.59062770800006, 25.886227701000053], [87.59095738800005, 25.885234464000064], [87.59167109500004, 25.88397343300005], [87.59188497800005, 25.883180536000054], [87.59215030500008, 25.88246805500006], [87.59215379700004, 25.881886105000035], [87.59217115000007, 25.88150241200003], [87.59216739000004, 25.881312969000078], [87.59205928900008, 25.881143359000077], [87.59179990600006, 25.88114753700006], [87.59150308100004, 25.881026019000046], [87.59111275300006, 25.880716578000033], [87.59108378100007, 25.880261431000065], [87.59120949200008, 25.87955115400007], [87.59130708700008, 25.879184185000042], [87.59075906100009, 25.878723862000072], [87.59051460700005, 25.878218137000033], [87.59034471200005, 25.877702140000054], [87.59022148800005, 25.87752819900004], [87.59006692000008, 25.877530671000045], [87.58961456700007, 25.87761917000006], [87.58897481200006, 25.87781890100007], [87.58850366600007, 25.877966362000052], [87.58800052800007, 25.878006011000025], [87.58751516500007, 25.877937170000052], [87.58702596200004, 25.877926932000037], [87.58645226200008, 25.87793620000008], [87.58600000700005, 25.878024683000035], [87.58546524800005, 25.878236234000042], [87.58502273400006, 25.87831557900006], [87.58479234200007, 25.87802154600007], [87.58466272700008, 25.877770974000043], [87.58443300100004, 25.87750860500006], [87.58413373700006, 25.877513425000075], [87.58378949200005, 25.877518870000074], [87.58381092300004, 25.877847875000043], [87.58391154200007, 25.87839655500005], [87.58395206400007, 25.878680126000063], [87.58399100900004, 25.878882504000046], [87.58379897600008, 25.87901183200006], [87.58350683000003, 25.879129361000025], [87.58304065400006, 25.87927665500007], [87.58235893100004, 25.879368847000023], [87.58173221000004, 25.87921648500003], [87.58132284900006, 25.879209526000068], [87.58091053900006, 25.879301853000072], [87.58040525900003, 25.87949038800008], [87.57930987100008, 25.87986439900004], [87.57854635300004, 25.880115723000074], [87.57778072600007, 25.880511347000038], [87.57665097000006, 25.880917418000024], [87.57601737800007, 25.881180185000062], [87.57558836200008, 25.88118706700004], [87.57524657100004, 25.881314368000062], [87.57507591100006, 25.881515527000033], [87.57513336800008, 25.881902577000062], [87.57539122300005, 25.882331469000064], [87.57564184200004, 25.882638719000056], [87.57581313600008, 25.882978855000033], [87.57588813700005, 25.883496351000076], [87.57585062100009, 25.884123996000028], [87.57585756000003, 25.884480241000063], [87.57600337300005, 25.885556069000074], [87.57599197100006, 25.885989223000024], [87.57599184500003, 25.886747084000035], [87.57604217700003, 25.88753123500004], [87.57603050300008, 25.888208021000025], [87.57600977500005, 25.888934634000066], [87.57601887900006, 25.889399130000072], [87.57597989400006, 25.889697443000045], [87.57553722800003, 25.88977667300003], [87.57489461300008, 25.88983209500003], [87.57438634000005, 25.889871855000024], [87.57357144700006, 25.889920886000027], [87.57355519600009, 25.889727290000053], [87.57346422200004, 25.889160357000037], [87.57342142900006, 25.888759512000036], [87.57335317300004, 25.888584727000023], [87.57262972300003, 25.88859625400005], [87.57157651300008, 25.888581530000067], [87.57080739100007, 25.888801388000047], [87.57005552800007, 25.888890117000074], [87.56905747100006, 25.889145151000037], [87.56826544900008, 25.889216383000075], [87.56802736800006, 25.889287852000052], [87.56761996600005, 25.889384602000064], [87.56741606700007, 25.88916232500003], [87.56717956500006, 25.888809689000027], [87.56697722800004, 25.888411441000073], [87.56678590800004, 25.88807171800005], [87.56653947800004, 25.88797184300006], [87.56604616700008, 25.888011308000046], [87.56547167500008, 25.88797538700004], [87.56530786400003, 25.88802306300005], [87.56515022100007, 25.888381964000075], [87.56493883100006, 25.888547773000028], [87.56467395600004, 25.88852489900006], [87.56426156600008, 25.88836453600004], [87.56399585000008, 25.888296645000025], [87.56366797300007, 25.88837403900004], [87.56341235100007, 25.88857203300006], [87.56321542800003, 25.88871050800003], [87.56302691700006, 25.888767674000064], [87.56284694100003, 25.88875246500004], [87.56271009500006, 25.888384752000036], [87.56255313800006, 25.888012856000046], [87.56228126200006, 25.887633738000034], [87.56189388400009, 25.887220427000045], [87.56156780600008, 25.887130864000028], [87.56056019800008, 25.887408606000065], [87.55878862900005, 25.887662272000057], [87.55820200400007, 25.887775350000027], [87.55795144300004, 25.887720718000025], [87.55773201800008, 25.887471634000065], [87.55727156400008, 25.887402225000073], [87.55689239200007, 25.887408292000032], [87.55601146200007, 25.88752597900003], [87.55539212200006, 25.887499754000032], [87.55466878400006, 25.887511284000027], [87.55418939400005, 25.887491804000035], [87.55380466800005, 25.88721369900003], [87.55342539000009, 25.88695357200004], [87.55301046900007, 25.88691501900007], [87.55256449600006, 25.88681835700004], [87.55202624400005, 25.88685397100005], [87.55140027500005, 25.886999246000073], [87.55105497400007, 25.886946069000032], [87.55032842500003, 25.88679520100004], [87.54989135500006, 25.886644199000045], [87.54947333100006, 25.886443345000032], [87.54902933800008, 25.886450419000028], [87.54850545800008, 25.886458695000044], [87.54773196600007, 25.886457423000024], [87.54708905700005, 25.886499109000056], [87.54607171200007, 25.886528729000077], [87.54475125000005, 25.886630810000042], [87.54386194100005, 25.886572756000078], [87.54320135300009, 25.886479378000047], [87.54232664700004, 25.88640300900005], [87.54150264100008, 25.88637089300005], [87.54103021400005, 25.88645506000006], [87.54070701000006, 25.886771372000055], [87.540384, 25.887101311000038], [87.54011559800006, 25.887673969000048], [87.53975594500008, 25.88817125500003], [87.53927556900004, 25.88887810700004], [87.53910253300006, 25.889219112000035], [87.53910907800008, 25.88956182800007], [87.53915953900008, 25.890364031000047], [87.53909247800004, 25.89128535100008], [87.53894971600005, 25.891643961000057], [87.53848617100005, 25.89218810500006], [87.53885973100006, 25.892926467000052], [87.53978503900004, 25.894847139000035], [87.54032707700009, 25.895519748000027], [87.54096457800006, 25.89622688700007], [87.54163457000004, 25.89681174800006], [87.54210736100003, 25.897517098000037], [87.54291051500007, 25.89827572300004], [87.54348257100008, 25.898952394000048], [87.54394292700005, 25.900045783000053], [87.54434686600007, 25.90054466400005], [87.54478280100005, 25.90089411100007], [87.54557454800005, 25.901057509000054], [87.54599977700008, 25.901109405000057], [87.54655512800008, 25.900924736000036], [87.54688334100007, 25.900860909000073], [87.54731523400005, 25.901002865000066], [87.54779098300008, 25.901856950000024], [87.54803253400007, 25.902475646000028], [87.54812023200003, 25.903394526000056], [87.54843138000007, 25.904255670000055], [87.54864933500005, 25.90519955800005], [87.54879413100008, 25.905973129000074], [87.54908430600005, 25.906523400000026], [87.54922732200004, 25.907206762000044], [87.54948314100005, 25.907789196000067], [87.54953357700003, 25.908843941000043], [87.54948257700005, 25.90955744300004], [87.54956452400006, 25.910435780000057], [87.54982430900003, 25.911478249000027], [87.55012101200003, 25.91236671400003], [87.55023007300008, 25.91309576100008], [87.55037922700006, 25.913837697000076], [87.55031832100008, 25.91455591600004], [87.55022146400006, 25.915482174000033], [87.55100727900003, 25.91533441000007], [87.55154992700005, 25.915262660000053], [87.55227342300003, 25.915251144000024], [87.55306127200004, 25.915211533000047], [87.55340497000003, 25.915174584000056], [87.55368268700005, 25.915079933000072], [87.55402758000008, 25.915106039000023], [87.55431133400003, 25.915322520000075], [87.55464587400007, 25.91558785500007], [87.55519151100003, 25.915669449000063], [87.55573678500008, 25.915732907000063], [87.55628044100007, 25.91571075300004], [87.55696277400006, 25.91563220300003], [87.55713477900008, 25.916008435000037], [87.55721201900008, 25.91638613500004], [87.55716911800005, 25.917000288000054], [87.55675764400007, 25.917656384000054], [87.55685597200005, 25.918092396000077], [87.55713315600008, 25.91823234800006], [87.55763555300007, 25.91814318300004], [87.55801710500003, 25.917997230000026], [87.55837974900004, 25.917910333000066], [87.55872823800007, 25.917859596000028], [87.55880298100004, 25.91811109500003], [87.55906363800005, 25.918170028000077], [87.55932753600007, 25.918134270000053], [87.55953711800004, 25.91813090900007], [87.55960410800003, 25.91823812900003], [87.55959220100004, 25.91839617000005], [87.55928113100003, 25.91857261100006], [87.55895710900006, 25.918848359000037], [87.55870406000008, 25.91918174700004], [87.55858147600009, 25.920063282000058], [87.55862066600008, 25.920793504000073], [87.55861796600004, 25.921420538000064], [87.55871388700007, 25.921987408000064], [87.55891132700003, 25.92239022800004], [87.55910540200006, 25.92235555700006], [87.55927708300004, 25.92219943200007], [87.55937156800007, 25.921927276000076], [87.55949386000003, 25.921799071000066], [87.55986093300004, 25.92193750900003], [87.56005578100007, 25.922200588000067], [87.56051814400007, 25.92261725800006], [87.56106510900008, 25.923019037000074], [87.56148418700008, 25.92301231600004], [87.56181358900005, 25.92300709500006], [87.56207491700007, 25.923097685000073], [87.56220518100008, 25.92337974700007], [87.56231644800005, 25.923707326000056], [87.56279815100004, 25.924344640000072], [87.56444288200004, 25.924471847000063], [87.56583977800005, 25.924684056000046], [87.56690205700005, 25.924635554000076], [87.56794437900004, 25.924587277000057], [87.57002638900008, 25.924612637000052], [87.57013231000008, 25.92390272500006], [87.57021181200008, 25.923630830000036], [87.57084028700007, 25.92360717500003], [87.57087101000008, 25.92440967400006], [87.57088026400004, 25.92487866500005], [87.57087824300004, 25.925541785000064], [87.57109836500007, 25.926075059000027], [87.57138554200003, 25.926462903000072], [87.57164773400007, 25.926598584000033], [87.57215358500008, 25.92668518800008], [87.57267762900005, 25.926676833000045], [87.57287079900004, 25.92583921100004], [87.57318967100008, 25.925297315000023], [87.57345891800009, 25.92477423400004], [87.57373339800006, 25.924517175000062], [87.57413076800003, 25.924416114000053], [87.57461922800007, 25.92437668200006], [87.57517404200007, 25.92416476300008], [87.57546358600007, 25.923907520000057]]]]}}, {"type": "Feature", "properties": {"OBJECTID": 7594, "GPCODE": "97159", "GPNAME_1": "LAKHANA", "DIST_CEN_C": "09", "BLK_NAME": "KASBA", "ST_NAME": "BIHAR", "ST_CODE_1": "10", "GPCODE2011": "99646", "REMARKS": "FINALIZED", "MAP_STATUS": "COMPLETED", "BLK_C_2001": "090008", "BLK_C_2011": "01135", "DIST_NAME": "PURNIA", "code2011": 0.0, "Shape_Leng": 0.19154679018, "Shape_Area": 0.00122146867, "Area": 13.5509}, "geometry": {"type": "MultiPolygon", "coordinates": [[[[87.58736962300009, 25.911302153000065], [87.58794247300006, 25.910990714000036], [87.58829168500006, 25.910985022000034], [87.58902050500006, 25.91099131800007], [87.58966417800008, 25.91098093900007], [87.59023159200007, 25.91089964400004], [87.59057186600006, 25.91069112300005], [87.59098471500005, 25.910368772000027], [87.59136864400006, 25.910349033000045], [87.59220345800009, 25.910159600000043], [87.59303644700003, 25.910132601000043], [87.59358215100008, 25.91021857100003], [87.59391170900005, 25.91022672500003], [87.59436612200005, 25.910237447000043], [87.59494270700003, 25.910367976000032], [87.59531738500004, 25.910384428000043], [87.59555998500008, 25.91028579400006], [87.59570564900008, 25.90982784700003], [87.59578169100007, 25.909131984000055], [87.59635430800006, 25.90905953300006], [87.59705319200003, 25.909066239000026], [87.59804164000008, 25.90882928600007], [87.59906423000007, 25.90854652400003], [87.59975927900007, 25.90835935900003], [87.60029876700008, 25.908382217000053], [87.60107262600008, 25.908392246000062], [87.60193261800003, 25.908472974000063], [87.60224514500004, 25.908625863000054], [87.60242545900007, 25.908907112000065], [87.60275970500004, 25.908901657000058], [87.60338219200008, 25.90882840300003], [87.60402921500008, 25.908741233000057], [87.60479012100006, 25.90860260900007], [87.60510160000007, 25.90845314200004], [87.60557370600009, 25.908350832000053], [87.60609049500005, 25.90823417400003], [87.60696377500005, 25.907976347000044], [87.60767534500008, 25.907617510000023], [87.60819268600005, 25.907532330000038], [87.60884096200004, 25.90750377100005], [87.60900475700004, 25.90720340300004], [87.60897741600007, 25.906585834000055], [87.60901829800008, 25.90612958400004], [87.60908536300008, 25.90598864800006], [87.60922444300007, 25.905954851000047], [87.60939873000007, 25.905933983000068], [87.60973456100004, 25.906009703000052], [87.60982322500007, 25.906197664000047], [87.61000272600006, 25.90644291800004], [87.61040794100006, 25.906738500000074], [87.61081712100008, 25.90698450000008], [87.61118270800006, 25.90729878700006], [87.61221507400006, 25.90651062200004], [87.61305957900004, 25.905811249000067], [87.61384313200006, 25.90555942900005], [87.61495609600007, 25.905306691000078], [87.61544147900008, 25.905118378000054], [87.61704229700007, 25.902805259000047], [87.61708148200006, 25.900770255000054], [87.61725845500007, 25.899635079000063], [87.61758801500008, 25.898145613000054], [87.61790536600006, 25.89754507500004], [87.61813136000006, 25.897365394000076], [87.61883499300006, 25.897859193000045], [87.61963503900006, 25.898437], [87.62116156500008, 25.89915641600004], [87.62208488800007, 25.899407431000043], [87.62277461600007, 25.899459339000032], [87.62352044500005, 25.89882011000003], [87.62315788200004, 25.897161545000074], [87.62272332800006, 25.89514779700005], [87.62187899000008, 25.89161157500007], [87.62138905200004, 25.890072387000032], [87.62023537800007, 25.888277851000055], [87.61990293700006, 25.88737658200006], [87.62032724200003, 25.887130610000042], [87.62062153900007, 25.887125780000076], [87.62145543400004, 25.887648940000076], [87.62225550000005, 25.88823134100005], [87.62291751200007, 25.888396373000035], [87.62347619700006, 25.888387248000072], [87.62388967200008, 25.887848232000067], [87.62418478900008, 25.887635944000067], [87.62599117900004, 25.88763339600007], [87.62822677700007, 25.88762840100003], [87.62918426900006, 25.88784729100007], [87.62987627500007, 25.888016351000033], [87.63095883400007, 25.88799855700006], [87.63198162100008, 25.887490082000056], [87.63141340500005, 25.88702581800004], [87.63130360000008, 25.886283284000058], [87.63128630100005, 25.885422049000056], [87.63175692000004, 25.88425502000007], [87.63196557300006, 25.883214172000066], [87.63198236700003, 25.882559781000054], [87.63147541000006, 25.881914032000054], [87.63095135900005, 25.881164814000044], [87.63067504700007, 25.880573909000077], [87.63128248700008, 25.879760997000062], [87.63230403200004, 25.87820159300003], [87.63187027300006, 25.877969569000072], [87.63108023400008, 25.87789231000005], [87.63065398300006, 25.877782095000043], [87.63067904600007, 25.877542584000025], [87.63129631000004, 25.876968576000024], [87.63148417200006, 25.876636217000055], [87.63138211000006, 25.876520608000078], [87.63092085700004, 25.87641091200004], [87.63009418800004, 25.876244039000028], [87.62920407600006, 25.87590225300005], [87.62871561100008, 25.876176371000042], [87.62813063700008, 25.876614533000065], [87.62766482400008, 25.876775492000036], [87.62726764400009, 25.876876693000042], [87.62703571600008, 25.876754178000056], [87.62682276600003, 25.876586320000058], [87.62668403600009, 25.87638561500006], [87.62650942500005, 25.876388460000044], [87.62623097700003, 25.876438136000047], [87.62608879900006, 25.876314170000057], [87.62604504300003, 25.875872739000044], [87.62634887300004, 25.875349035000056], [87.62656522700007, 25.87493954300004], [87.62654542400008, 25.874700758000074], [87.62635984400004, 25.874649685000065], [87.62608090000003, 25.87467229500004], [87.62568336300006, 25.87475554200006], [87.62514524900007, 25.874795920000054], [87.62423683800006, 25.87477916100005], [87.62355911400005, 25.87482176800006], [87.62319427700004, 25.874796244000038], [87.62280388500005, 25.87448678900006], [87.62248747100006, 25.874383703000035], [87.62215830400004, 25.874389140000062], [87.62197253700003, 25.87458160500006], [87.62153824200004, 25.87482328400006], [87.62107883300007, 25.874803678000035], [87.62048999500007, 25.874799808000034], [87.62003986900004, 25.874996556000042], [87.61957308900008, 25.87511247900005], [87.61927353200008, 25.87510383600005], [87.61899693900006, 25.87499556800003], [87.61839771500007, 25.874721115000057], [87.61753663100006, 25.874329191000072], [87.61697261800003, 25.87406775200003], [87.61651903000006, 25.873840619000077], [87.61618078100008, 25.873643129000072], [87.61493174000003, 25.87356420800006], [87.61430521300008, 25.873669137000036], [87.61399588300009, 25.87367413900006], [87.61347319800007, 25.873732334000067], [87.61300329200003, 25.87369036700005], [87.61267156000008, 25.87356939800003], [87.61235705100006, 25.873561013000028], [87.61219202000007, 25.873293028000035], [87.61196290500004, 25.873062179000044], [87.61177125000006, 25.872957022000037], [87.61145790500007, 25.87300727300004], [87.61097031300005, 25.873078302000067], [87.61039863200006, 25.873182375000056], [87.60968591200003, 25.873225528000035], [87.60825611700005, 25.873334426000042], [87.60765290900008, 25.873614917000054], [87.60712387800004, 25.874110708000046], [87.60671327600005, 25.874541368000052], [87.60647416900008, 25.87481142400003], [87.60605994900004, 25.875057146000074], [87.60575547700006, 25.875053140000034], [87.60535328600008, 25.87490178400003], [87.60503632200005, 25.87476708500003], [87.60467055700008, 25.874691806000044], [87.60446104200008, 25.87469513600007], [87.60418643300005, 25.874938728000075], [87.60401844600005, 25.875270725000064], [87.60387066400006, 25.875620439000045], [87.60371131400007, 25.87563661100006], [87.60334713600008, 25.87564252100003], [87.60306318500005, 25.87541249700007], [87.60278264500005, 25.87535387300005], [87.60257812300006, 25.875357233000045], [87.60233529600004, 25.87544235000007], [87.60181517300003, 25.87563573700004], [87.60107074300004, 25.875837224000065], [87.60064023300004, 25.876020148000066], [87.59965904200004, 25.876108157000033], [87.59872249600005, 25.87618651500003], [87.59779968300006, 25.876201449000064], [87.59699693100004, 25.876227930000027], [87.59600421000005, 25.876243963000036], [87.59527697700008, 25.876305356000046], [87.59441154800004, 25.876445637000074], [87.59422218500004, 25.877468161000024], [87.59438707300006, 25.877988729000037], [87.59474005900006, 25.878172461000077], [87.59505458400008, 25.878180973000042], [87.59523097400006, 25.87827279800007], [87.59532082400005, 25.87852401300006], [87.59532854400004, 25.87891634300007], [87.59509815000007, 25.879375673000027], [87.59499558100003, 25.87949005200005], [87.59447213200008, 25.879512007000073], [87.59387828500007, 25.879508096000052], [87.59347817100007, 25.879464966000057], [87.59276089400004, 25.879273485000056], [87.59230441900007, 25.87915459800007], [87.59177981700003, 25.879117907000023], [87.59130708700008, 25.879184185000042], [87.59120949200008, 25.87955115400007], [87.59108378100007, 25.880261431000065], [87.59111275300006, 25.880716578000033], [87.59150308100004, 25.881026019000046], [87.59179990600006, 25.88114753700006], [87.59205928900008, 25.881143359000077], [87.59216739000004, 25.881312969000078], [87.59217115000007, 25.88150241200003], [87.59215379700004, 25.881886105000035], [87.59215030500008, 25.88246805500006], [87.59188497800005, 25.883180536000054], [87.59167109500004, 25.88397343300005], [87.59095738800005, 25.885234464000064], [87.59062770800006, 25.886227701000053], [87.59045933300007, 25.887304010000037], [87.59029696100004, 25.88842978200006], [87.58991389200008, 25.889505044000032], [87.58953064000008, 25.890314210000042], [87.58954087500007, 25.890832739000075], [87.58974417900004, 25.89127154700003], [87.59035917500006, 25.892087125000046], [87.59223265400004, 25.894213094000065], [87.59304860300006, 25.89509763600006], [87.59347540400006, 25.895483150000075], [87.59353936300005, 25.895942297000033], [87.59221547300007, 25.896121513000026], [87.59110443400004, 25.89621616200003], [87.59040617400007, 25.896240915000078], [87.59016275900007, 25.896041878000062], [87.58991267400006, 25.89576171400006], [87.58963047800006, 25.895626394000033], [87.58931555400005, 25.89559992100004], [87.58891035900007, 25.895800460000032], [87.58840826700003, 25.895903263000037], [87.58777943300004, 25.895899833000044], [87.58726024400005, 25.895890133000023], [87.58687267600004, 25.895725024000058], [87.58651600200005, 25.895351831000028], [87.58622980400008, 25.895009108000067], [87.58550672900003, 25.894533530000047], [87.58473097900008, 25.894167122000056], [87.58398641400004, 25.89436852500006], [87.58305497700007, 25.894712817000027], [87.58227454600006, 25.89486970400003], [87.58143975300004, 25.895054574000028], [87.58046377900007, 25.89541751300004], [87.58042962800005, 25.896978920000038], [87.58053484100003, 25.898271860000023], [87.58051774500007, 25.89917879400008], [87.58014369000006, 25.89969908300003], [87.58013899400004, 25.900980236000066], [87.58031852200008, 25.901735144000043], [87.58068008600009, 25.90184662000007], [87.58155577300005, 25.90196787900004], [87.58152783000008, 25.903082562000066], [87.58201424000003, 25.90319652200003], [87.58253959200005, 25.90326472600003], [87.58276877300005, 25.90350012500005], [87.58289936500006, 25.903795795000065], [87.58282955100003, 25.90430660800007], [87.58270219200006, 25.904935676000036], [87.58285523300003, 25.905609866000077], [87.58345179800006, 25.905744623000032], [87.58401273300007, 25.90584389000003], [87.58410213500008, 25.906834822000064], [87.58410842800004, 25.90766026700004], [87.58420149800008, 25.909598394000056], [87.58407141200007, 25.911098123000045], [87.58520345500006, 25.91105281600005], [87.58597276700004, 25.911085532000072], [87.58651292400003, 25.911140010000054], [87.58700498000007, 25.911289983000074], [87.58736962300009, 25.911302153000065]]]]}}, {"type": "Feature", "properties": {"OBJECTID": 7596, "GPCODE": "97156", "GPNAME_1": "GHORDAUR", "DIST_CEN_C": "09", "BLK_NAME": "KASBA", "ST_NAME": "BIHAR", "ST_CODE_1": "10", "GPCODE2011": "99643", "REMARKS": "FINALIZED", "MAP_STATUS": "COMPLETED", "BLK_C_2001": "090008", "BLK_C_2011": "01135", "DIST_NAME": "PURNIA", "code2011": 0.0, "Shape_Leng": 0.10822016227, "Shape_Area": 0.00040665754, "Area": 4.5108}, "geometry": {"type": "MultiPolygon", "coordinates": [[[[87.52903611800008, 25.91433698900005], [87.52928559900005, 25.914333122000073], [87.52977094300007, 25.914393119000067], [87.53006364200007, 25.914298339000027], [87.53030732900004, 25.91399677900006], [87.53074245500005, 25.91274487000004], [87.53105343000004, 25.911788182000066], [87.53122300700005, 25.911262167000075], [87.53136675000007, 25.91094867100003], [87.53166111100006, 25.91094410200003], [87.53223609000008, 25.910993672000075], [87.53286711900006, 25.911105485000064], [87.53385406800004, 25.911297457000046], [87.53481971500008, 25.91142208800005], [87.53536484000006, 25.91147668600007], [87.53613764700003, 25.911432912000066], [87.53666153000006, 25.911424683000064], [87.53773403600007, 25.91139421500003], [87.53811026400007, 25.911492087000056], [87.53819824200008, 25.911653028000046], [87.53820733600008, 25.912126542000067], [87.53842432100004, 25.912244933000068], [87.53868406200007, 25.912254374000042], [87.53914751500008, 25.912220040000022], [87.53964092800004, 25.912180660000047], [87.54018677900007, 25.91201868400003], [87.54103283400008, 25.911630889000037], [87.54194728500005, 25.911169844000028], [87.54282998000008, 25.910876178000024], [87.54412871700004, 25.910413633000076], [87.54479480900005, 25.91001509800003], [87.54520427200003, 25.909769604000076], [87.54655616600007, 25.90921591500006], [87.54739152300004, 25.90905378700006], [87.54797912800007, 25.90872870000004], [87.54870728600008, 25.908184876000064], [87.54948314100005, 25.907789196000067], [87.54922732200004, 25.907206762000044], [87.54908430600005, 25.906523400000026], [87.54879413100008, 25.905973129000074], [87.54864933500005, 25.90519955800005], [87.54843138000007, 25.904255670000055], [87.54812023200003, 25.903394526000056], [87.54803253400007, 25.902475646000028], [87.54779098300008, 25.901856950000024], [87.54731523400005, 25.901002865000066], [87.54688334100007, 25.900860909000073], [87.54655512800008, 25.900924736000036], [87.54599977700008, 25.901109405000057], [87.54557454800005, 25.901057509000054], [87.54478280100005, 25.90089411100007], [87.54434686600007, 25.90054466400005], [87.54394292700005, 25.900045783000053], [87.54348257100008, 25.898952394000048], [87.54291051500007, 25.89827572300004], [87.54210736100003, 25.897517098000037], [87.54163457000004, 25.89681174800006], [87.54104141900007, 25.896848231000035], [87.53978695600006, 25.896750719000067], [87.53873309800008, 25.896708713000066], [87.53814154700007, 25.896569215000056], [87.53777676100003, 25.896543395000037], [87.53714123500004, 25.896715792000066], [87.53622051700006, 25.896847544000025], [87.53516676200007, 25.896805509000046], [87.53391101100004, 25.89664480500005], [87.53259725800007, 25.89657977400003], [87.53264886700003, 25.897706705000076], [87.53249633600007, 25.89833620400003], [87.53228514200003, 25.899291301000062], [87.53227417700003, 25.900274943000056], [87.53209338200008, 25.901256669000077], [87.53201063400007, 25.903275352000037], [87.53196760900005, 25.903275045000044], [87.53137354600005, 25.90327080800006], [87.52960199400007, 25.903537761000052], [87.52764873500007, 25.90370374500003], [87.52606823300005, 25.903787184000066], [87.52528340000003, 25.903980018000027], [87.52446412500007, 25.90420031000008], [87.52380562400003, 25.904210677000037], [87.52341191500005, 25.90424389900005], [87.52308266100005, 25.90424903400003], [87.52284578100006, 25.903869361000034], [87.52293584000006, 25.90336267500004], [87.52282801600006, 25.902944792000028], [87.52272314900006, 25.902680359000044], [87.52229904200004, 25.902686946000074], [87.52177475600007, 25.90293424400005], [87.52122503100009, 25.903416523000033], [87.52040528000003, 25.903609821000032], [87.52002752700008, 25.903692385000056], [87.51946988900005, 25.90375977700006], [87.51878136200008, 25.903770559000066], [87.51828343200003, 25.903570812000055], [87.51791639000004, 25.90342767100003], [87.51768848100005, 25.903516997000054], [87.51743036000005, 25.90385028600008], [87.51688067700007, 25.904337060000046], [87.51659710600006, 25.90490532900003], [87.51584376800008, 25.90518329300005], [87.51522182800005, 25.905283258000054], [87.51429814800008, 25.905266033000032], [87.51420515400008, 25.905357776000073], [87.51420248300008, 25.90533036000005], [87.51291772400003, 25.90511163800005], [87.51179568000003, 25.905156215000034], [87.51100794300004, 25.905200129000036], [87.50995513600003, 25.905216474000042], [87.50949675100009, 25.905255177000072], [87.50907663600003, 25.905735393000043], [87.50854678900004, 25.906474462000062], [87.50829762200004, 25.907281253000065], [87.50801853500008, 25.908088657000064], [87.50777111600007, 25.908985655000038], [87.50771596400006, 25.90949626400004], [87.50954650100005, 25.910482726000055], [87.51100941400006, 25.91129001300004], [87.51169300400005, 25.911802563000037], [87.51345295600004, 25.912487876000057], [87.51409921000004, 25.91208988300008], [87.51460506900008, 25.91191960900005], [87.51519407600006, 25.911923880000074], [87.51636516800005, 25.91208606300006], [87.51735708900009, 25.912278082000057], [87.51846465300008, 25.912513342000068], [87.51934438700005, 25.91258076300005], [87.52051356100003, 25.912648200000035], [87.52222268400004, 25.912756793000028], [87.52342870300004, 25.91291834200007], [87.52452608400006, 25.913144745000068], [87.52566359600007, 25.913379520000035], [87.52659442400005, 25.913766357000043], [87.52737730100006, 25.914245754000035], [87.52795975000004, 25.91468324400006], [87.52852228100005, 25.91486832000004], [87.52867200900005, 25.914865961000032], [87.52878393000003, 25.914715340000043], [87.52879481300005, 25.91450317500005], [87.52890644300004, 25.91433902400007], [87.52903611800008, 25.91433698900005]]]]}}, {"type": "Feature", "properties": {"OBJECTID": 7604, "GPCODE": "97155", "GPNAME_1": "BOCHGANW", "DIST_CEN_C": "09", "BLK_NAME": "KASBA", "ST_NAME": "BIHAR", "ST_CODE_1": "10", "GPCODE2011": "99642", "REMARKS": "FINALIZED", "MAP_STATUS": "COMPLETED", "BLK_C_2001": "090008", "BLK_C_2011": "01135", "DIST_NAME": "PURNIA", "code2011": 0.0, "Shape_Leng": 0.21837047962, "Shape_Area": 0.00113608384, "Area": 12.5997}, "geometry": {"type": "MultiPolygon", "coordinates": [[[[87.60627038600006, 25.95112490100007], [87.60691114100007, 25.950956589000043], [87.60725771200003, 25.95081112400004], [87.60736875400005, 25.950367218000054], [87.60743329400003, 25.950100091000024], [87.60787130900007, 25.950282404000063], [87.60822102900005, 25.950290192000068], [87.60868988700008, 25.950269030000072], [87.60919859400008, 25.950242787000036], [87.60981462800004, 25.95008387100006], [87.61005320400005, 25.94978225400007], [87.61008158400006, 25.949452489000066], [87.61089949500007, 25.94940762500005], [87.61299016500004, 25.94934198900006], [87.61545885500004, 25.949450494000075], [87.61596268100004, 25.948431869000046], [87.61651435700009, 25.947308720000024], [87.61722081200008, 25.946435612000073], [87.61897921100007, 25.94548669900007], [87.61903276600003, 25.944917430000032], [87.61825686300006, 25.94406857200005], [87.61709715000006, 25.943496567000068], [87.61679256500008, 25.942996325000024], [87.61611938900006, 25.942290127000035], [87.61608924100005, 25.941532753000047], [87.61627085000003, 25.94087576900006], [87.61613399200007, 25.94052165200003], [87.61560400600007, 25.940232558000048], [87.61467829900005, 25.94013032600003], [87.61320160600008, 25.940181540000026], [87.61279843600005, 25.93974148700005], [87.61288939900004, 25.939298], [87.61340035400008, 25.938635601000044], [87.61420897900007, 25.937878112000078], [87.61325423500006, 25.93631938900006], [87.61402753200008, 25.936293271000068], [87.61478166900008, 25.936307982000073], [87.61610575400005, 25.936615725000024], [87.61692540800004, 25.93666094300005], [87.61797845600006, 25.93664378300008], [87.61926106600004, 25.936622844000055], [87.62044380400005, 25.936603466000065], [87.62196081200005, 25.93681768600004], [87.62222187600008, 25.93838775200004], [87.62455688900008, 25.93831791200006], [87.62478094900007, 25.93729028000007], [87.62478123500006, 25.93556717900003], [87.62485308300006, 25.934167665000075], [87.62473644700003, 25.93333500500006], [87.62404359900006, 25.93313886900006], [87.62322024600007, 25.933152378000045], [87.62209694400008, 25.93290461400005], [87.62240113000007, 25.929895479000038], [87.62262392200006, 25.92880921400007], [87.62297506500005, 25.928149347000044], [87.62378342200003, 25.92763091200004], [87.62377674500004, 25.927301748000048], [87.62369581200005, 25.92650013800005], [87.62335042300003, 25.92570291000004], [87.62294249300004, 25.925028432000033], [87.62270521000005, 25.924644406000027], [87.62285022300006, 25.92366320600007], [87.62294625800007, 25.922723378000057], [87.62189038800005, 25.922596241000065], [87.62160134400006, 25.922867094000026], [87.62110784900005, 25.92290222200006], [87.62035439200008, 25.92291460100006], [87.61969153000007, 25.922717900000066], [87.61908960500006, 25.922073640000065], [87.61805055400004, 25.92128768500004], [87.61705574900003, 25.92071304600006], [87.61603003100004, 25.92034188300005], [87.61537135200007, 25.92035264200007], [87.61419291300007, 25.92057927700006], [87.61391411500006, 25.920658483000068], [87.61363697900003, 25.920737216000077], [87.61268337100006, 25.922475904000066], [87.61239479500006, 25.923775267000053], [87.61239324300004, 25.92520064200005], [87.61251261100006, 25.926177560000042], [87.61238970000005, 25.926775011000075], [87.61190223300008, 25.927112213000044], [87.61144314100005, 25.927119735000076], [87.61104898800005, 25.92712610800004], [87.61103414100006, 25.92638207500005], [87.61104474600006, 25.925164033000044], [87.61036289100008, 25.924015780000047], [87.60947823100008, 25.922455901000035], [87.60870909900007, 25.921931635000078], [87.60837815600007, 25.921607726000047], [87.60833079800005, 25.920985982000047], [87.60847601900008, 25.92000478800003], [87.60840281800006, 25.919586460000062], [87.60786380300004, 25.919090009000058], [87.60666292200006, 25.91818934500003], [87.60619623200006, 25.91781346500005], [87.60591746700004, 25.917100753000057], [87.60573946900007, 25.916183450000062], [87.60555759600004, 25.914566997000065], [87.60710420700008, 25.913026210000055], [87.60781285900003, 25.912270396000054], [87.60816181600006, 25.911493369000027], [87.60856813000004, 25.910593664000032], [87.60910455000004, 25.909457245000056], [87.61057617100005, 25.90817024000006], [87.61118270800006, 25.90729878700006], [87.61081712100008, 25.90698450000008], [87.61040794100006, 25.906738500000074], [87.61000272600006, 25.90644291800004], [87.60982322500007, 25.906197664000047], [87.60973456100004, 25.906009703000052], [87.60939873000007, 25.905933983000068], [87.60922444300007, 25.905954851000047], [87.60908536300008, 25.90598864800006], [87.60901829800008, 25.90612958400004], [87.60897741600007, 25.906585834000055], [87.60900475700004, 25.90720340300004], [87.60884096200004, 25.90750377100005], [87.60819268600005, 25.907532330000038], [87.60767534500008, 25.907617510000023], [87.60696377500005, 25.907976347000044], [87.60609049500005, 25.90823417400003], [87.60557370600009, 25.908350832000053], [87.60510160000007, 25.90845314200004], [87.60479012100006, 25.90860260900007], [87.60402921500008, 25.908741233000057], [87.60338219200008, 25.90882840300003], [87.60275970500004, 25.908901657000058], [87.60242545900007, 25.908907112000065], [87.60224514500004, 25.908625863000054], [87.60193261800003, 25.908472974000063], [87.60107262600008, 25.908392246000062], [87.60029876700008, 25.908382217000053], [87.59975927900007, 25.90835935900003], [87.59906423000007, 25.90854652400003], [87.59804164000008, 25.90882928600007], [87.59705319200003, 25.909066239000026], [87.59635430800006, 25.90905953300006], [87.59578169100007, 25.909131984000055], [87.59570564900008, 25.90982784700003], [87.59555998500008, 25.91028579400006], [87.59531738500004, 25.910384428000043], [87.59494270700003, 25.910367976000032], [87.59436612200005, 25.910237447000043], [87.59391170900005, 25.91022672500003], [87.59358215100008, 25.91021857100003], [87.59303644700003, 25.910132601000043], [87.59220345800009, 25.910159600000043], [87.59136864400006, 25.910349033000045], [87.59098471500005, 25.910368772000027], [87.59057186600006, 25.91069112300005], [87.59023159200007, 25.91089964400004], [87.58966417800008, 25.91098093900007], [87.58902050500006, 25.91099131800007], [87.58829168500006, 25.910985022000034], [87.58794247300006, 25.910990714000036], [87.58736962300009, 25.911302153000065], [87.58700498000007, 25.911289983000074], [87.58651292400003, 25.911140010000054], [87.58597276700004, 25.911085532000072], [87.58520345500006, 25.91105281600005], [87.58407141200007, 25.911098123000045], [87.58374664300004, 25.91133793700004], [87.58337817400007, 25.911632584000074], [87.58317573100004, 25.911996721000037], [87.58321596000008, 25.912266663000025], [87.58319420200007, 25.913696981000044], [87.58326401500005, 25.91470627700005], [87.58368504500004, 25.914794303000065], [87.58415558500008, 25.914863422000053], [87.58484337700008, 25.914811756000063], [87.58501283800007, 25.916320101000053], [87.58502175100006, 25.917786053000043], [87.58513372600004, 25.918145097000036], [87.58491105300004, 25.918243387000075], [87.58437612900008, 25.918455020000067], [87.58402678900006, 25.91846061700005], [87.58373859300008, 25.91878101900005], [87.58344793800006, 25.919227770000077], [87.58305180600007, 25.91939200300004], [87.58266765400003, 25.919398186000024], [87.58136233900007, 25.919527464000055], [87.58160100800006, 25.920746070000064], [87.58159284400006, 25.92134619500007], [87.58169667800007, 25.922052721000057], [87.58164854000006, 25.92240086000004], [87.58148578200007, 25.92275080400003], [87.58156086400004, 25.92301573000003], [87.58201381300006, 25.923459518000072], [87.58228396000004, 25.923992001000045], [87.58239921600006, 25.924522446000026], [87.58250078500004, 25.925120726000046], [87.58251044300005, 25.92560775800007], [87.58232602600003, 25.92612948900006], [87.58211407100003, 25.926520803000074], [87.58188269100003, 25.926934992000042], [87.58188729000005, 25.927169535000075], [87.58197986900007, 25.927560482000047], [87.58219038400006, 25.92760670800004], [87.58257466300006, 25.927600521000045], [87.58294171700004, 25.92773448400004], [87.58347128100007, 25.928010162000078], [87.58406260000004, 25.928126931000065], [87.58455452400005, 25.928263376000075], [87.58485325700008, 25.928475019000075], [87.58513867700003, 25.928772722000076], [87.58537536200004, 25.929129740000064], [87.58561124900007, 25.929198129000042], [87.58616992000003, 25.929175603000033], [87.58660540500006, 25.92923177600005], [87.58707468100005, 25.929237743000044], [87.58747891600007, 25.929231216000062], [87.58771637300003, 25.929119120000053], [87.58799666100003, 25.929159726000023], [87.58824595200008, 25.929394781000042], [87.58851653900007, 25.929701585000032], [87.58862259300008, 25.93001567300007], [87.58864073800004, 25.930425908000075], [87.58963377400005, 25.930409836000024], [87.59022615100008, 25.930323643000065], [87.59123069200007, 25.93013147700003], [87.59215211800006, 25.930021860000068], [87.59281639800008, 25.93004271600006], [87.59340876000005, 25.930209062000074], [87.59384754900003, 25.930183880000072], [87.59447106900006, 25.930160280000052], [87.59503430300003, 25.930115111000077], [87.59562284300006, 25.929834950000043], [87.59589887400006, 25.929659041000036], [87.59614065100004, 25.929515301000038], [87.59636521900006, 25.929511714000057], [87.59659816900006, 25.929679278000037], [87.59674312100003, 25.92994309100004], [87.59689230200007, 25.93066692700006], [87.59683310500003, 25.93120467800003], [87.59675603400007, 25.93159836700005], [87.59637147700005, 25.93234437900003], [87.59599031300007, 25.93351433400005], [87.59576871100006, 25.93417204700006], [87.59552823700005, 25.93513676200007], [87.59534299400008, 25.93586594900006], [87.59518610200007, 25.93651359200004], [87.59491012100005, 25.936694010000053], [87.59414114600008, 25.936688403000062], [87.59209477200005, 25.936712386000067], [87.59002369300003, 25.936745838000036], [87.58960374300005, 25.938484860000074], [87.58940756700008, 25.93916463000005], [87.58919003200003, 25.93952904200006], [87.58887687200007, 25.939597195000033], [87.58795396100004, 25.939630111000042], [87.58706561000008, 25.93964447600007], [87.58646046200005, 25.93984368300005], [87.58583657600008, 25.94010636200005], [87.58597843900003, 25.941222785000036], [87.58600806600003, 25.941709483000068], [87.58618743500006, 25.941945643000054], [87.58651688500004, 25.941940369000065], [87.58693576300004, 25.94191553400003], [87.58740732500007, 25.942034259000025], [87.58765561800004, 25.942219700000066], [87.58787182300006, 25.942545463000044], [87.58826572700008, 25.94302629200007], [87.58865161800009, 25.94335391800007], [87.58890752300005, 25.943417457000066], [87.58939661000005, 25.943409555000073], [87.58985423400009, 25.94357806200003], [87.59058637500004, 25.943737698000064], [87.59110293200007, 25.94410824000005], [87.59143792200007, 25.944387021000068], [87.59166759200008, 25.944635925000057], [87.59208835900006, 25.944705793000026], [87.59262987500006, 25.944823303000078], [87.59327616000007, 25.944939203000047], [87.59392218400006, 25.945037054000068], [87.59438929900006, 25.945178273000067], [87.59490191400005, 25.94559856500007], [87.59498043900004, 25.94603487300003], [87.59491904500004, 25.946464371000047], [87.59478744900008, 25.946877022000024], [87.59490776000007, 25.947659938000072], [87.59514430800004, 25.948256041000036], [87.59512962200006, 25.949280214000055], [87.59623137300008, 25.949447316000033], [87.59712131800006, 25.94950966600004], [87.59778269100008, 25.949625180000055], [87.59841347900004, 25.949709752000047], [87.59913039800006, 25.949855996000053], [87.59991071700006, 25.949929025000074], [87.60022287200007, 25.950063786000044], [87.60050831100006, 25.950356945000067], [87.60058391400008, 25.950639892000027], [87.60083194500004, 25.950811781000027], [87.60161957900004, 25.95100201200006], [87.60355939600004, 25.95112832700005], [87.60405118100005, 25.951003051000043], [87.60434995300005, 25.950966622000067], [87.60471623700005, 25.95105542700003], [87.60527811200006, 25.951190604000033], [87.60562754100005, 25.951184960000035], [87.60627038600006, 25.95112490100007]]]]}}, {"type": "Feature", "properties": {"OBJECTID": 7631, "GPCODE": "97157", "GPNAME_1": "GURHI", "DIST_CEN_C": "09", "BLK_NAME": "KASBA", "ST_NAME": "BIHAR", "ST_CODE_1": "10", "GPCODE2011": "99644", "REMARKS": "FINALIZED", "MAP_STATUS": "COMPLETED", "BLK_C_2001": "090008", "BLK_C_2011": "01135", "DIST_NAME": "PURNIA", "code2011": 0.0, "Shape_Leng": 0.22361208491, "Shape_Area": 0.00123113336, "Area": 13.6556}, "geometry": {"type": "MultiPolygon", "coordinates": [[[[87.46072447200004, 25.93303002500005], [87.46031494700009, 25.932642146000035], [87.46029323700003, 25.93034943500004], [87.46031225200005, 25.92897739400007], [87.46070134900003, 25.92874241800007], [87.46119543000003, 25.928570679000075], [87.46177937000004, 25.92865601400007], [87.46223374700008, 25.928917545000047], [87.46295815500008, 25.92974758300005], [87.46339763300006, 25.93006768500004], [87.46410636000007, 25.93004466900004], [87.46471081200008, 25.930689734000055], [87.46496122500008, 25.93189462600003], [87.46518600600007, 25.93201633500007], [87.46567509100004, 25.932025035000038], [87.46618906600008, 25.93181713200005], [87.46778129800003, 25.93187030100006], [87.46876949600005, 25.931747804000054], [87.47001715900007, 25.931607047000057], [87.47168442200007, 25.931790998000054], [87.47366632600006, 25.932245441000077], [87.47644691500005, 25.932681313000046], [87.47674105300007, 25.93229754500004], [87.47694468900005, 25.93120067800004], [87.47701366800004, 25.930099404000032], [87.47738691100005, 25.92883545600006], [87.47650345900007, 25.928881206000028], [87.47655262300003, 25.92797851000006], [87.47680628500007, 25.92701697700005], [87.47636671500004, 25.926579537000066], [87.47532298300007, 25.925880703000075], [87.47500274600009, 25.924897069000053], [87.47496675500008, 25.923710081000024], [87.47498614400007, 25.92299243700006], [87.47528536300007, 25.922744046000048], [87.47691655600005, 25.921849300000076], [87.47693126500008, 25.92149267800005], [87.47905725400005, 25.921360325000023], [87.47953094500008, 25.92092222100007], [87.47952568000005, 25.92056563700004], [87.47985984500008, 25.92028109900008], [87.48188113800006, 25.92036988500007], [87.48238989100008, 25.920053548000055], [87.48261423900004, 25.919710433000034], [87.48216453600008, 25.919209737000074], [87.48206947600005, 25.91892546400004], [87.48225881300004, 25.918532713000047], [87.48191384100005, 25.91794175700005], [87.48181783600006, 25.916646531000026], [87.48268035000007, 25.915707121000025], [87.48362317700008, 25.915218992000064], [87.48508005200006, 25.91487935300006], [87.48662707200003, 25.914792420000026], [87.48766974600005, 25.914380911000023], [87.48905673300004, 25.914005253000028], [87.48993918900004, 25.913106391000042], [87.49148020500007, 25.912107740000067], [87.49184423100007, 25.91182763200004], [87.49183368900003, 25.911281590000044], [87.49301648200003, 25.91128509500004], [87.49481739500004, 25.910751067000035], [87.49594528000006, 25.910777186000075], [87.49751219100006, 25.91079357500007], [87.49800217400008, 25.910747859000026], [87.49950898400004, 25.910458283000025], [87.50083976800005, 25.910360987000047], [87.50172166600004, 25.91001793600003], [87.50257704000006, 25.909855823000044], [87.50349899900004, 25.909782909000057], [87.50486985300006, 25.90943229800007], [87.50427372200005, 25.909058129000073], [87.50400191300008, 25.908674403000077], [87.50349549600008, 25.908028158000036], [87.50315662900005, 25.907528162000062], [87.50311248900005, 25.906784537000078], [87.50313052400008, 25.906157232000055], [87.50295570200007, 25.905623068000068], [87.50252087600006, 25.905065965000063], [87.50258684800008, 25.904334169000037], [87.50224513100005, 25.903685323000047], [87.50160786400005, 25.902982448000046], [87.50143470800003, 25.902538588000027], [87.50145735800004, 25.90215024500003], [87.50170867800006, 25.901460650000047], [87.50192582700004, 25.900803199000052], [87.50204976800006, 25.900237401000027], [87.50253068700005, 25.89954429100004], [87.50277472300007, 25.89846687100004], [87.50234049300008, 25.89820291600006], [87.50164424500008, 25.89806482700004], [87.50107979000006, 25.897775912000043], [87.50081194600006, 25.89733790300005], [87.50070198100008, 25.89680282000006], [87.50052883600006, 25.89635895600003], [87.50003096300009, 25.896159150000074], [87.49976141700006, 25.89589268800006], [87.49978683600006, 25.89538701300006], [87.49984207600005, 25.894880914000055], [87.50045200500006, 25.894939141000066], [87.50071465800005, 25.894844849000037], [87.50106771300005, 25.894514565000065], [87.50126102400003, 25.894182215000058], [87.50138283600006, 25.893765319000067], [87.50140761600005, 25.89322816200007], [87.50132311900006, 25.892458005000037], [87.50131463700006, 25.892011548000028], [87.50133655400003, 25.89132554200006], [87.50096384600005, 25.89088475500006], [87.50050036800008, 25.890652887000044], [87.49966494200004, 25.89080565100005], [87.49911413600006, 25.891233729000078], [87.49876336400007, 25.891685704000054], [87.49828192300004, 25.892347321000045], [87.49799045400005, 25.89276686100004], [87.49806588000007, 25.893063409000035], [87.49806937700004, 25.893243830000074], [87.49790203300006, 25.893247562000056], [87.49777097800006, 25.893236186000024], [87.49751159000004, 25.89316622000007], [87.49727453100007, 25.893359520000047], [87.49695575600003, 25.89382920500003], [87.49678675700005, 25.89454689300004], [87.49730625600006, 25.895029358000045], [87.49668780000007, 25.895269131000077], [87.49644348800007, 25.89551750800007], [87.49605985800008, 25.896086505000028], [87.49557630800007, 25.89647060300007], [87.49522691100003, 25.896403126000052], [87.49453239600007, 25.895474019000062], [87.49408327800006, 25.895384069000045], [87.49375300600008, 25.894468192000033], [87.49337869900006, 25.894373717000065], [87.49284473600005, 25.894365151000045], [87.49234566300004, 25.894212092000032], [87.49164169700003, 25.893824548000055], [87.49121205800003, 25.893319405000057], [87.49148569200008, 25.89249773100005], [87.49115592300006, 25.892033111000046], [87.49041233700007, 25.891934475000028], [87.49018755700007, 25.891668331000062], [87.49011709400008, 25.891022985000063], [87.49075039100006, 25.890625337000074], [87.49067999900006, 25.890052223000055], [87.49065850300008, 25.88851318500008], [87.49042831200006, 25.887858942000037], [87.49006386600007, 25.887620066000068], [87.48927554100004, 25.88760714800003], [87.48763416300005, 25.887793474000034], [87.48689984000004, 25.886850769000034], [87.48614130800007, 25.88670694900003], [87.48600537800007, 25.88539822900003], [87.48486700400008, 25.884505449000073], [87.48476892800005, 25.88635595100004], [87.48465516300007, 25.88745278700003], [87.48455090200008, 25.887985378000053], [87.48308417300007, 25.88818509200007], [87.48194667900003, 25.888276180000048], [87.48058985400007, 25.88861118600005], [87.47884897700004, 25.889122376000046], [87.47721305300007, 25.88985469800008], [87.47644479000007, 25.889999686000067], [87.47579144200006, 25.890288964000035], [87.47355677600007, 25.891044202000046], [87.47272884300008, 25.891446518000066], [87.47239527700003, 25.892371921000063], [87.47136281700006, 25.892783311000073], [87.47193216700003, 25.893486985000038], [87.47202277500008, 25.89438510900004], [87.47213794300006, 25.894931106000058], [87.46962332700008, 25.89512682000003], [87.46973893500007, 25.896232524000027], [87.46987968100007, 25.89746453600003], [87.46981515900006, 25.897897816000068], [87.46859805200006, 25.898345410000047], [87.46866378000004, 25.899491742000066], [87.46768084600006, 25.899578159000043], [87.46699763900006, 25.900097600000038], [87.46646944900004, 25.901023105000036], [87.46636991800005, 25.901451980000047], [87.46675986900004, 25.90230469000005], [87.46684018200006, 25.90296356700003], [87.46658623700006, 25.90367238600004], [87.46581786000007, 25.903717999000037], [87.46566376900006, 25.90448983700003], [87.46537018500004, 25.905591208000033], [87.46513179800007, 25.90714397100004], [87.46534212400007, 25.907978762000027], [87.46563252900006, 25.90922874000006], [87.46487417800006, 25.909468455000024], [87.46406542000005, 25.909121381000034], [87.46348238200005, 25.910146239000028], [87.46257869800007, 25.90957364800005], [87.46125662600008, 25.910066378000067], [87.46203547500005, 25.91062100700003], [87.46147172400003, 25.910856073000048], [87.46063844300005, 25.910964841000066], [87.45953015300006, 25.910320133000027], [87.45938595800004, 25.911096460000067], [87.45839276800007, 25.910912060000044], [87.45802353700003, 25.91098448100007], [87.45793910500004, 25.911584729000026], [87.45781493600003, 25.912487424000062], [87.45882299700008, 25.912473395000063], [87.45872457400003, 25.91444122000007], [87.45852058400004, 25.91527172800005], [87.45810653600006, 25.915520152000056], [87.45781279300007, 25.916540333000057], [87.45659512000003, 25.91659065400006], [87.45547235300006, 25.916668022000067], [87.45543779800005, 25.917205160000037], [87.45564788300004, 25.917949676000035], [87.45581825200009, 25.918983183000023], [87.45610397000007, 25.920738653000058], [87.45600483900006, 25.921663911000053], [87.45593524500003, 25.922133349000035], [87.45472755700007, 25.92223329500007], [87.45458297800008, 25.922490638000056], [87.45495755200005, 25.922828889000073], [87.45511748500007, 25.923176313000056], [87.45484321400005, 25.923578160000034], [87.45502837700008, 25.92424149900006], [87.45451448200004, 25.924575770000047], [87.45567330900008, 25.925888456000052], [87.45635257300006, 25.926623762000077], [87.45650761900004, 25.926993714000048], [87.45643808400007, 25.927467662000026], [87.45520050700009, 25.92781135200005], [87.45416208000006, 25.927423815000054], [87.45160662400008, 25.92738907300003], [87.45079321100008, 25.927529354000058], [87.45060873700004, 25.927935646000037], [87.45039985800008, 25.928969335000033], [87.45071495900004, 25.930115499000067], [87.45089993200008, 25.93047646800005], [87.45107030400004, 25.931595654000034], [87.45135508900006, 25.93196105800007], [87.45153976300008, 25.93203320300006], [87.45267769700007, 25.93188365000003], [87.45286794500004, 25.93278168300003], [87.45323242200004, 25.932957529000078], [87.45379644900004, 25.932894040000065], [87.45413596700007, 25.933047308000027], [87.45409144600006, 25.933647567000037], [87.45433126500006, 25.934062660000052], [87.45465550300008, 25.93371499500006], [87.45543403900007, 25.933570101000043], [87.45580840300005, 25.933556318000058], [87.45622778000006, 25.93376822400006], [87.45652723400008, 25.93362369700003], [87.45667172400005, 25.933321214000046], [87.45666144500007, 25.932806682000034], [87.45754484600008, 25.932815224000024], [87.45766518600004, 25.93352818900007], [87.45875882400009, 25.934349033000046], [87.45925319300005, 25.934628556000064], [87.45999697000008, 25.934709373000032], [87.46007626500005, 25.93385629000005], [87.46064991800006, 25.933418162000066], [87.46072447200004, 25.93303002500005]]]]}}, {"type": "Feature", "properties": {"OBJECTID": 7633, "GPCODE": "97152", "GPNAME_1": "BANAILI", "DIST_CEN_C": "09", "BLK_NAME": "KASBA", "ST_NAME": "BIHAR", "ST_CODE_1": "10", "GPCODE2011": "99639", "REMARKS": "FINALIZED", "MAP_STATUS": "COMPLETED", "BLK_C_2001": "090008", "BLK_C_2011": "01135", "DIST_NAME": "PURNIA", "code2011": 0.0, "Shape_Leng": 0.24489352022, "Shape_Area": 0.00104276339, "Area": 11.5658}, "geometry": {"type": "MultiPolygon", "coordinates": [[[[87.45607734800006, 25.93993791500003], [87.45634608300008, 25.938795867000067], [87.45605571000004, 25.93745560700006], [87.45702894700008, 25.93733777500006], [87.45722789700005, 25.93637181400004], [87.45795646900007, 25.936132194000038], [87.46014772300003, 25.93606774500006], [87.45999697000008, 25.934709373000032], [87.45925319300005, 25.934628556000064], [87.45875882400009, 25.934349033000046], [87.45766518600004, 25.93352818900007], [87.45754484600008, 25.932815224000024], [87.45666144500007, 25.932806682000034], [87.45667172400005, 25.933321214000046], [87.45652723400008, 25.93362369700003], [87.45622778000006, 25.93376822400006], [87.45580840300005, 25.933556318000058], [87.45543403900007, 25.933570101000043], [87.45465550300008, 25.93371499500006], [87.45433126500006, 25.934062660000052], [87.45409144600006, 25.933647567000037], [87.45413596700007, 25.933047308000027], [87.45379644900004, 25.932894040000065], [87.45323242200004, 25.932957529000078], [87.45286794500004, 25.93278168300003], [87.45267769700007, 25.93188365000003], [87.45153976300008, 25.93203320300006], [87.45135508900006, 25.93196105800007], [87.45107030400004, 25.931595654000034], [87.45089993200008, 25.93047646800005], [87.45071495900004, 25.930115499000067], [87.45039985800008, 25.928969335000033], [87.45060873700004, 25.927935646000037], [87.45079321100008, 25.927529354000058], [87.45160662400008, 25.92738907300003], [87.45416208000006, 25.927423815000054], [87.45520050700009, 25.92781135200005], [87.45643808400007, 25.927467662000026], [87.45650761900004, 25.926993714000048], [87.45635257300006, 25.926623762000077], [87.45567330900008, 25.925888456000052], [87.45451448200004, 25.924575770000047], [87.45502837700008, 25.92424149900006], [87.45484321400005, 25.923578160000034], [87.45511748500007, 25.923176313000056], [87.45495755200005, 25.922828889000073], [87.45458297800008, 25.922490638000056], [87.45472755700007, 25.92223329500007], [87.45593524500003, 25.922133349000035], [87.45600483900006, 25.921663911000053], [87.45610397000007, 25.920738653000058], [87.45581825200009, 25.918983183000023], [87.45564788300004, 25.917949676000035], [87.45543779800005, 25.917205160000037], [87.45547235300006, 25.916668022000067], [87.45659512000003, 25.91659065400006], [87.45781279300007, 25.916540333000057], [87.45810653600006, 25.915520152000056], [87.45852058400004, 25.91527172800005], [87.45872457400003, 25.91444122000007], [87.45882299700008, 25.912473395000063], [87.45781493600003, 25.912487424000062], [87.45793910500004, 25.911584729000026], [87.45802353700003, 25.91098448100007], [87.45839276800007, 25.910912060000044], [87.45938595800004, 25.911096460000067], [87.45953015300006, 25.910320133000027], [87.46063844300005, 25.910964841000066], [87.46147172400003, 25.910856073000048], [87.46203547500005, 25.91062100700003], [87.46125662600008, 25.910066378000067], [87.46257869800007, 25.90957364800005], [87.46348238200005, 25.910146239000028], [87.46406542000005, 25.909121381000034], [87.46487417800006, 25.909468455000024], [87.46563252900006, 25.90922874000006], [87.46534212400007, 25.907978762000027], [87.46513179800007, 25.90714397100004], [87.46537018500004, 25.905591208000033], [87.46566376900006, 25.90448983700003], [87.46581786000007, 25.903717999000037], [87.46658623700006, 25.90367238600004], [87.46684018200006, 25.90296356700003], [87.46675986900004, 25.90230469000005], [87.46636991800005, 25.901451980000047], [87.46646944900004, 25.901023105000036], [87.46699763900006, 25.900097600000038], [87.46768084600006, 25.899578159000043], [87.46866378000004, 25.899491742000066], [87.46859805200006, 25.898345410000047], [87.46981515900006, 25.897897816000068], [87.46987968100007, 25.89746453600003], [87.46973893500007, 25.896232524000027], [87.46962332700008, 25.89512682000003], [87.47213794300006, 25.894931106000058], [87.47202277500008, 25.89438510900004], [87.47193216700003, 25.893486985000038], [87.47136281700006, 25.892783311000073], [87.47093845800003, 25.892503780000027], [87.47053394300008, 25.89201211900007], [87.46989489500004, 25.891583772000047], [87.46953530000008, 25.891182273000027], [87.46933505700008, 25.89034745500004], [87.46840631300006, 25.88942736100006], [87.46729331900008, 25.88902644800004], [87.46703866400009, 25.888836980000065], [87.46641410800004, 25.887745187000064], [87.46606485600006, 25.887677731000053], [87.46581506400008, 25.88731232400005], [87.46585957500008, 25.886716553000042], [87.46625361900004, 25.886684657000046], [87.46704730700003, 25.887117484000044], [87.46724148800007, 25.88663891500005], [87.46702166300008, 25.88626000200003], [87.46775925200006, 25.885225939000065], [87.46798353800006, 25.884819633000063], [87.46711017100006, 25.884617106000064], [87.46683024600009, 25.883845533000056], [87.46606695500003, 25.88397235900004], [87.46555321200003, 25.884243472000037], [87.46467020500006, 25.884352355000033], [87.46409663100007, 25.884560272000044], [87.46345356800003, 25.88526472600006], [87.46322460500005, 25.886072779000074], [87.46313547500006, 25.886948388000064], [87.46293161600005, 25.88782857600006], [87.46174439000004, 25.888212960000033], [87.46088624900005, 25.888272163000067], [87.46087715500005, 25.889495246000024], [87.46142673400004, 25.890505889000053], [87.46139751200008, 25.891467163000073], [87.46112829200007, 25.89167042400004], [87.46095854200007, 25.891620885000066], [87.46065873100008, 25.890944146000038], [87.46001489400004, 25.890709752000078], [87.45997102500007, 25.89212697100004], [87.45917263500007, 25.892086833000064], [87.45901258500004, 25.891554404000033], [87.45869823500004, 25.891545515000075], [87.45848390600008, 25.891793866000057], [87.45786017100005, 25.89183481500004], [87.45788067100005, 25.89262463500006], [87.45794738600006, 25.89519266900004], [87.45643576200007, 25.89548687200005], [87.45618259000008, 25.89740961600006], [87.45593337900004, 25.897761811000066], [87.45519507700004, 25.898042076000024], [87.45421709300007, 25.89813287000004], [87.45226132200008, 25.89860327400004], [87.45081937800006, 25.89880268400003], [87.45039518200008, 25.89866295300004], [87.44976104400007, 25.89805849800007], [87.44852274300007, 25.89668257900007], [87.44743425200005, 25.89550070400003], [87.44629690200009, 25.895975171000032], [87.44525921200005, 25.896278005000056], [87.44335325600008, 25.896527185000025], [87.44117826100006, 25.897471465000024], [87.43868335500008, 25.897639566000066], [87.43862863000004, 25.897905871000034], [87.43855444400003, 25.89900711100006], [87.43841016000005, 25.899846628000034], [87.43739765100008, 25.90076780800007], [87.43734826500008, 25.90156667100007], [87.43705981400007, 25.90341724700005], [87.43707513100009, 25.90412576500006], [87.43690627400008, 25.90554754200008], [87.43611278900005, 25.905453057000045], [87.435784, 25.90652287300003], [87.43610346800006, 25.906707725000047], [87.43721634900004, 25.90684268900003], [87.43787035800005, 25.907433619000074], [87.43860893400006, 25.907573193000076], [87.43921275100007, 25.907514298000024], [87.44010058000003, 25.90665186600006], [87.44048444500004, 25.906110101000024], [87.44141240200008, 25.905577149000067], [87.44200121700004, 25.90566259700006], [87.44222593900008, 25.905838516000074], [87.44225599300006, 25.90601453000005], [87.44207654400003, 25.906461394000075], [87.44161767100007, 25.906809121000038], [87.44093906700004, 25.90698096400007], [87.44065479900007, 25.907306060000053], [87.44027151100005, 25.908940048000034], [87.43967307700007, 25.90964887900003], [87.43808188400004, 25.910985504000053], [87.43711409700006, 25.911698983000065], [87.43635075700007, 25.912051381000026], [87.43556760700005, 25.912769294000043], [87.43549296300006, 25.913040140000078], [87.43564788600008, 25.913513953000063], [87.43588266600005, 25.913879380000026], [87.43786963900004, 25.915259597000045], [87.43878832100006, 25.916053559000034], [87.43953797200004, 25.917971331000047], [87.44002770800006, 25.91913552400007], [87.44029796700005, 25.920534458000077], [87.44054792600008, 25.921288047000075], [87.44053835300008, 25.922068873000057], [87.44018479200008, 25.92333721800003], [87.43921193700004, 25.92412750400007], [87.43833899700007, 25.924908678000065], [87.43742086100008, 25.925333333000026], [87.43716665100004, 25.925915597000028], [87.43534051100005, 25.927031217000035], [87.43477164300003, 25.92718940000003], [87.43411275700004, 25.927090314000054], [87.43387240800007, 25.925537931000065], [87.43399175300004, 25.92481120000008], [87.43414118600003, 25.924201883000023], [87.43422058700008, 25.92334429600004], [87.43408578700007, 25.923105199000076], [87.43378123600007, 25.92298799300005], [87.43335705400006, 25.923146080000038], [87.43256410500004, 25.92433790700005], [87.43177093000008, 25.92500614900007], [87.42997960200006, 25.926044956000055], [87.43016117600007, 25.930088737000062], [87.42984202100007, 25.93054012400006], [87.42990220400009, 25.931230639000034], [87.43033666500008, 25.93165471800006], [87.43125018200004, 25.931983881000065], [87.43316193500004, 25.932145607000052], [87.43570755000007, 25.93213100500003], [87.43606204900004, 25.93240161800003], [87.43639671900007, 25.932997207000028], [87.43674649200005, 25.933678586000042], [87.43718606300007, 25.934323796000058], [87.43814055000007, 25.936367847000042], [87.43843508000003, 25.936295547000043], [87.43943295700007, 25.93566319400003], [87.43986706700008, 25.93536061700007], [87.44023668100004, 25.935838901000068], [87.43868498600006, 25.937013017000027], [87.43847052100006, 25.93735162400003], [87.43869054500004, 25.93802850900005], [87.43955434400004, 25.938506490000066], [87.44214078800007, 25.939863806000062], [87.44374305900004, 25.939899147000062], [87.44555952200005, 25.939049800000078], [87.44645333500006, 25.939613466000026], [87.44716725600006, 25.939707935000058], [87.44787596800006, 25.939626308000072], [87.44840978700006, 25.939206351000053], [87.44914860100005, 25.939341355000067], [87.45106075200005, 25.93991808900006], [87.45172956700009, 25.939809424000032], [87.45271757700004, 25.939226657000063], [87.45484386300006, 25.93913075300003], [87.45503903800005, 25.939748923000025], [87.45522888200009, 25.939992551000046], [87.45607734800006, 25.93993791500003]]]]}}, {"type": "Feature", "properties": {"OBJECTID": 7680, "GPCODE": "090821", "GPNAME_1": "Kasba (NP)", "DIST_CEN_C": "09", "BLK_NAME": "KASBA", "ST_NAME": "BIHAR", "ST_CODE_1": "10", "GPCODE2011": "801313", "REMARKS": "FINALIZED", "MAP_STATUS": "COMPLETED", "BLK_C_2001": "090008", "BLK_C_2011": "01135", "DIST_NAME": "PURNIA", "code2011": 0.0, "Shape_Leng": 0.26490010242, "Shape_Area": 0.00162162798, "Area": 17.9964}, "geometry": {"type": "MultiPolygon", "coordinates": [[[[87.53391772400005, 25.872637115000032], [87.53409702800008, 25.872620786000027], [87.53417073200006, 25.873079758000074], [87.53418354000007, 25.873747151000032], [87.53422797200005, 25.874238131000027], [87.53453000900004, 25.874634910000054], [87.53500500700005, 25.87468608000006], [87.53574821800004, 25.874674320000054], [87.53632181000006, 25.874665336000078], [87.53707499600006, 25.874653454000054], [87.53748144000008, 25.87451177300005], [87.53770934100004, 25.874165343000072], [87.53772726400007, 25.873542531000055], [87.53801440900008, 25.87316807700006], [87.53848596900008, 25.87278625400006], [87.53988409700008, 25.872579193000036], [87.54064142400006, 25.872522221000054], [87.54128308300005, 25.872678996000047], [87.54170508900006, 25.873087361000046], [87.54229598800003, 25.873195270000053], [87.54311896800004, 25.873182280000037], [87.54382050900006, 25.873081006000064], [87.54597679200003, 25.872861915000044], [87.54635336800004, 25.872725159000026], [87.54727202000004, 25.872755787000074], [87.54741305600004, 25.872306949000063], [87.54781251600008, 25.87103750400007], [87.54782184700008, 25.870487066000067], [87.54792619700004, 25.86994860300007], [87.55031439500004, 25.86986120000006], [87.55022370400008, 25.869298752000077], [87.54994843700007, 25.868739180000034], [87.54972125200004, 25.868088726000053], [87.54939963200007, 25.86745326700003], [87.54935005800007, 25.866696157000035], [87.54923803900004, 25.866323539000064], [87.54978995800008, 25.86597196100007], [87.55041113700008, 25.865840370000058], [87.55119135300004, 25.865426478000074], [87.55146867600007, 25.865318389000038], [87.55161371500003, 25.86533410800007], [87.55189874600006, 25.865627287000052], [87.55220985600005, 25.866231372000072], [87.55244646000006, 25.866597480000053], [87.55273847500007, 25.867246995000073], [87.55294768000005, 25.867230113000062], [87.55324692100004, 25.867225353000038], [87.55337827100004, 25.867308997000066], [87.55362624100007, 25.867485479000038], [87.55348382900007, 25.86760508100008], [87.55315898000003, 25.86783572400003], [87.55306727900006, 25.868252229000063], [87.55327773900007, 25.868812732000038], [87.55347465400007, 25.869702833000076], [87.55374018800006, 25.870271442000046], [87.55386268400008, 25.870671005000077], [87.55426513900005, 25.871097703000032], [87.55469496500007, 25.87113598700006], [87.55525124100006, 25.871005318000073], [87.55590504700007, 25.871013005000066], [87.55716733900005, 25.87075387300007], [87.55683808500004, 25.868959207000046], [87.55656274300009, 25.86762833800003], [87.55633406400005, 25.86587724800006], [87.55617958800008, 25.865117308000038], [87.55613403800004, 25.864567688000022], [87.55620587000004, 25.86389894000007], [87.55643291900003, 25.863002160000065], [87.55653550200003, 25.862377989000038], [87.55653530700005, 25.861854728000026], [87.55641216500004, 25.861423683000055], [87.55622016600006, 25.86103873600007], [87.55595647100006, 25.860821927000075], [87.55549413300008, 25.860648764000075], [87.55522951500006, 25.860639501000037], [87.55506028600007, 25.86040308400004], [87.55517585300004, 25.859674992000066], [87.55535315600008, 25.859554890000027], [87.55574625900005, 25.859503550000056], [87.55602499100007, 25.859467530000074], [87.55607059100004, 25.85924574200004], [87.55576968200006, 25.85865056500006], [87.55539557700007, 25.858656479000047], [87.55497896500003, 25.858527810000055], [87.55488018600005, 25.858321880000062], [87.55473464100004, 25.85776025000007], [87.55464646800004, 25.85733312600007], [87.55471935200006, 25.85697557900005], [87.55509372600005, 25.85673054600005], [87.55520443400007, 25.856521352000073], [87.55523472200008, 25.856281787000057], [87.55494021800007, 25.856015795000076], [87.55434650100005, 25.85575456500004], [87.55391435300004, 25.855599005000045], [87.55351778900007, 25.855469913000036], [87.55325553900008, 25.85532526800006], [87.55325183800005, 25.855135820000044], [87.55322090600004, 25.854567979000024], [87.55315671800008, 25.85382917100003], [87.55313424000008, 25.853441609000072], [87.55311701400007, 25.85332459600005], [87.55259705700007, 25.85326967700007], [87.55240198700005, 25.85324118500006], [87.55239822300007, 25.85304722500007], [87.55268670700008, 25.852744908000034], [87.55266627300006, 25.852465605000077], [87.55252923700004, 25.85234593200005], [87.55190100600004, 25.852103322000062], [87.55117040800008, 25.85173142900004], [87.55156301200003, 25.850624545000073], [87.55200020100006, 25.850274744000046], [87.55363791200006, 25.850348094000026], [87.55349202400004, 25.849768418000053], [87.55362328500007, 25.848819063000064], [87.55372580600005, 25.848190376000048], [87.55199888300007, 25.848145592000037], [87.55175819400006, 25.84756747600005], [87.55111963300004, 25.84756410500006], [87.55067577100004, 25.847571092000067], [87.55023058800003, 25.847505994000073], [87.54961688000003, 25.847245072000078], [87.54891486700006, 25.84705763100004], [87.54820483700007, 25.84671255300003], [87.54778975500005, 25.846660454000073], [87.54740591700005, 25.846413894000023], [87.54728459800003, 25.846072957000047], [87.54727650600006, 25.845658066000055], [87.54771868100005, 25.845560871000032], [87.54751297100006, 25.84498667200006], [87.54739165900008, 25.84464582700008], [87.54732102500003, 25.84434914800005], [87.54733232900008, 25.844155009000076], [87.54779944900008, 25.844066462000058], [87.54840497900005, 25.84390798900006], [87.54827621400005, 25.843183734000036], [87.54699087900008, 25.843010124000045], [87.54680595900004, 25.842733363000036], [87.54661683100005, 25.84249725600006], [87.54642006000006, 25.842383055000028], [87.54630541600005, 25.842384931000026], [87.54614450600008, 25.842576929000074], [87.54593559200003, 25.84286441200004], [87.54559716400007, 25.84316748300006], [87.54530878600008, 25.843469784000035], [87.54526316800008, 25.84369147900003], [87.54549631900005, 25.843881776000046], [87.54584441400004, 25.844083820000037], [87.54594928700004, 25.844348341000057], [87.54598604500006, 25.844704068000055], [87.54596280200008, 25.84504731900006], [87.54583250700006, 25.84527487300005], [87.54570422500007, 25.845349096000064], [87.54537625600005, 25.84541291900007], [87.54498195900004, 25.84540559900006], [87.54466989000008, 25.84526169800006], [87.54428260800006, 25.84483479100004], [87.54386960900007, 25.844633771000076], [87.54348436100008, 25.844315030000075], [87.54314683400008, 25.843887366000047], [87.54275296600008, 25.843122152000035], [87.54255746300004, 25.84229516700003], [87.54194553300005, 25.84108690900007], [87.54186030400007, 25.84054694200006], [87.54198411000004, 25.839981083000055], [87.54213480800007, 25.839518594000026], [87.54292238900007, 25.83949265900003], [87.54318179400008, 25.83923590300003], [87.54332329100004, 25.838814125000056], [87.54341387700003, 25.83833906900003], [87.54345134500005, 25.837950530000057], [87.54330589700004, 25.837650565000047], [87.54282841600008, 25.837464096000076], [87.54236239500005, 25.837354194000056], [87.54183674600006, 25.837258698000028], [87.54136050700004, 25.837130952000052], [87.54124190400006, 25.837191434000033], [87.54087338000005, 25.837481397000033], [87.54065206300004, 25.83789994800003], [87.54037740600006, 25.838143342000023], [87.54019429500005, 25.838218376000043], [87.53973355100004, 25.838121939000075], [87.53925494400005, 25.83787681900003], [87.53883699500005, 25.83767593500005], [87.53848548300004, 25.83729353500007], [87.53833416100008, 25.83616816400007], [87.53838903800005, 25.83591008600007], [87.53821323800008, 25.835331014000076], [87.53825245300004, 25.835037115000034], [87.53857266600005, 25.834567426000035], [87.53904424700005, 25.834190097000032], [87.53942754400003, 25.833633775000067], [87.53941732100003, 25.833101595000073], [87.53949782000007, 25.832617630000072], [87.53955407300003, 25.83217473800005], [87.53943249700006, 25.831820262000065], [87.53891990200003, 25.831616318000044], [87.53837510500006, 25.831300045000035], [87.53795615100006, 25.831040512000072], [87.53780261100007, 25.83058281700005], [87.53751685500004, 25.830244496000034], [87.53734676000005, 25.829962951000027], [87.53706948900003, 25.829547739000077], [87.53691986200005, 25.829550107000046], [87.53642828900007, 25.829661646000034], [87.53624204300007, 25.830093052000052], [87.53596852200008, 25.830395080000073], [87.53564171500005, 25.830517523000026], [87.53541092100005, 25.830449001000034], [87.53511124100004, 25.83016949200004], [87.53459440900008, 25.829749113000048], [87.53419196100003, 25.829308816000037], [87.53411246800005, 25.828804869000066], [87.53402805000007, 25.828567084000042], [87.53393910400007, 25.828347394000048], [87.53372677000004, 25.82820186600003], [87.53322773700006, 25.82792556000004], [87.53279635500007, 25.827801512000065], [87.53188710300003, 25.827459377000025], [87.53107132700006, 25.82731883300005], [87.53053495400007, 25.827697157000046], [87.53003465300003, 25.828138048000028], [87.52953268100003, 25.828488718000074], [87.52878396900007, 25.828721502000064], [87.52817794400005, 25.828848322000056], [87.52730707200004, 25.828952207000043], [87.52664289500007, 25.829170108000028], [87.52596164500005, 25.829280012000027], [87.52504424500006, 25.829294361000052], [87.52415386400008, 25.829159418000074], [87.52316814500006, 25.828994435000027], [87.52201542900008, 25.827434510000046], [87.52163596100007, 25.824889824000024], [87.52234214800006, 25.822550239000066], [87.52475312500007, 25.81917558300006], [87.52545394900005, 25.816714345000037], [87.52502171100008, 25.812953341000025], [87.52382730600004, 25.80973537600005], [87.52257493000008, 25.809696263000035], [87.52070482300007, 25.808913473000075], [87.52046964700008, 25.809133735000046], [87.52003186500008, 25.80945179200006], [87.51982876200003, 25.809784299000057], [87.52011612500007, 25.810208360000047], [87.52066391600005, 25.81069151400004], [87.52113309200007, 25.81123449200004], [87.52137239500007, 25.81174960900006], [87.52146425000007, 25.812122585000054], [87.52158363000007, 25.81288758900007], [87.52158566900005, 25.81378072700005], [87.52150468700006, 25.814760899000078], [87.52151536900004, 25.815324575000034], [87.52162156700007, 25.81618005400003], [87.52186868000007, 25.817109988000027], [87.52187889000004, 25.817646687000035], [87.52155357100008, 25.817845693000038], [87.52106784000006, 25.818002146000026], [87.52067449800006, 25.81803535800003], [87.52017837300008, 25.81791228900005], [87.51966640500007, 25.81773985800004], [87.51889703700004, 25.817932317000043], [87.51833242200007, 25.818401253000047], [87.51788438800008, 25.818701459000067], [87.51739660000004, 25.81875415500008], [87.51698191100007, 25.818715504000068], [87.51674884900007, 25.818525161000025], [87.51630566400007, 25.81855911100007], [87.51617039300004, 25.819052991000035], [87.51596850700008, 25.81971023400007], [87.51568873300005, 25.819687542000054], [87.51512580600007, 25.81945720600004], [87.51448138300003, 25.819137926000053], [87.51406510000004, 25.81901356000003], [87.51365539700004, 25.818974844000024], [87.51354124500006, 25.819003671000075], [87.51355849200007, 25.819125203000056], [87.51367969500006, 25.819466171000045], [87.51408392500008, 25.82000576200005], [87.51430480600004, 25.82034514000003], [87.51409809200004, 25.82074986500004], [87.51267671500005, 25.821011017000046], [87.51235634400007, 25.820686671000033], [87.51204373200005, 25.820511129000067], [87.51179443400008, 25.820514969000044], [87.51143613700003, 25.820552177000025], [87.51115823700007, 25.82062862400005], [87.51077859900005, 25.820593976000055], [87.51043081000006, 25.82040538600006], [87.51009754100005, 25.820185043000038], [87.50979858000005, 25.81993705800005], [87.50958388500004, 25.819926877000057], [87.50928973300006, 25.819931405000034], [87.50888067600005, 25.82019035600007], [87.50863811900007, 25.820284350000065], [87.50823118100004, 25.82039448000006], [87.50806413500004, 25.820261751000032], [87.50769594100007, 25.820046405000028], [87.50734428200008, 25.819650399000068], [87.50701072600003, 25.819416426000032], [87.50631766100008, 25.819161012000052], [87.50631309400006, 25.819183715000065], [87.50638185700006, 25.82017958700004], [87.50654403000004, 25.820844674000057], [87.50665266300007, 25.821573803000035], [87.50689293400006, 25.822147493000045], [87.50692452200008, 25.822756041000048], [87.50698596300003, 25.823891858000025], [87.50688118900007, 25.824416780000035], [87.50689448800006, 25.82511577200006], [87.50668627800007, 25.82623327500005], [87.50550818100004, 25.826183891000028], [87.50474975200007, 25.826164005000066], [87.50515648200007, 25.826901359000033], [87.50629785700005, 25.830604008000023], [87.50780844100007, 25.834737662000066], [87.50864959400008, 25.83635735400003], [87.50980240400008, 25.837077833000023], [87.51094406500005, 25.836903471000028], [87.51161057200005, 25.83759238300007], [87.51219972900003, 25.838147093000032], [87.51296345400004, 25.838699082000062], [87.51475951700007, 25.84028606800007], [87.51557228500008, 25.840792185000055], [87.51613958900003, 25.841243448000057], [87.51757007000003, 25.84223164200006], [87.51806097700006, 25.842602834000047], [87.51836353100003, 25.84303122600005], [87.51844751300007, 25.843774247000056], [87.51850715100005, 25.844544705000033], [87.51837726600007, 25.845318149000036], [87.51841485100005, 25.845980669000028], [87.51764271800005, 25.84603779500003], [87.51697140500005, 25.84615205700004], [87.51667943100006, 25.846273879000023], [87.516174, 25.846448674000044], [87.51588573300006, 25.846764456000074], [87.51630453400008, 25.847276702000045], [87.51638287900005, 25.847988206000025], [87.51660903400006, 25.848593700000038], [87.51680044900007, 25.84947489900003], [87.51696067000006, 25.850293382000075], [87.51712757800004, 25.85119750900003], [87.51722405500004, 25.85207113100006], [87.51711496200005, 25.852884843000027], [87.51674988300005, 25.853364199000055], [87.51644507600008, 25.853860636000036], [87.51612301200004, 25.854235544000062], [87.51611565800005, 25.854637171000036], [87.51625444600006, 25.855113188000075], [87.51654215800005, 25.85502751000007], [87.51690129500008, 25.85502186000008], [87.51734636700007, 25.85507812000003], [87.51787308300004, 25.85523225000003], [87.51822433700005, 25.855596736000052], [87.51839043100006, 25.856455750000066], [87.51851763000008, 25.85710785300006], [87.51854483600005, 25.857748018000052], [87.51866238800005, 25.85867995500007], [87.51871522300007, 25.859355738000033], [87.51882523700004, 25.85989091500005], [87.51915578100005, 25.85995786600006], [87.51948780400005, 25.860101589000067], [87.51988463200007, 25.86024420700005], [87.51984062500009, 25.86133211200007], [87.51980609400005, 25.862135584000043], [87.52003747900005, 25.863539392000064], [87.52005104800008, 25.86425199100006], [87.52018597900008, 25.865305446000036], [87.52018868100004, 25.86596853700007], [87.52028662500004, 25.86665263900005], [87.52032697700008, 25.867197906000058], [87.52040449400005, 25.86759819200006], [87.52109624600007, 25.867767738000055], [87.52173462300004, 25.867757793000067], [87.52219639900005, 25.867899477000037], [87.52264936100005, 25.868366009000056], [87.52306350100008, 25.868887306000033], [87.52361072300005, 25.869325321000076], [87.52384732000007, 25.869696075000036], [87.52385421400004, 25.87005232200005], [87.52361707800009, 25.870439442000077], [87.52338075400007, 25.870862733000024], [87.52331450100007, 25.871053164000045], [87.52331915500008, 25.871292225000047], [87.52347097500007, 25.871407154000053], [87.52392771100006, 25.871544285000027], [87.52460075300007, 25.87151570000003], [87.52503624800005, 25.87133302500007], [87.52541205500006, 25.87193605400006], [87.52571777800006, 25.87252671600004], [87.52590847700003, 25.87310119600005], [87.52621424200004, 25.873439208000036], [87.52670595600006, 25.873580352000033], [87.52710656000005, 25.87391690800007], [87.52767463900005, 25.874395271000026], [87.52799891500007, 25.874651762000042], [87.52885407400004, 25.87475569000003], [87.52974345800004, 25.87481833700008], [87.53058282800004, 25.874877410000067], [87.53143815000004, 25.874985738000078], [87.53206189200006, 25.87498945300007], [87.53327814600004, 25.874925228000052], [87.53357776300004, 25.87467696400006], [87.53360052700003, 25.873264650000067], [87.53370631500007, 25.872802792000073], [87.53391772400005, 25.872637115000032]]]]}}]}