{"type": "FeatureCollection", "features": [{"type": "Feature", "properties": {"OBJECTID": 1882, "GPCODE": "245354", "GPNAME_1": "RAMGARH", "DIST_CEN_C": "16", "BLK_NAME": "SISWAN", "ST_NAME": "BIHAR", "ST_CODE_1": null, "GPCODE2011": "239377", "REMARKS": null, "MAP_STATUS": null, "BLK_C_2001": "160019", "BLK_C_2011": "01247", "DIST_NAME": "SIWAN", "code2011": 0.0, "Shape_Leng": 0.12976879263, "Shape_Area": 0.00075250007, "Area": 8.35502}, "geometry": {"type": "MultiPolygon", "coordinates": [[[[84.43059771900005, 25.993484968000075], [84.43105971900007, 25.993160629000045], [84.43287024200004, 25.99326470500006], [84.43415959200007, 25.993228031000058], [84.43523540600006, 25.993236357000058], [84.43726460500005, 25.993387178000035], [84.43771244500005, 25.993089547000068], [84.43853768600007, 25.992936541000063], [84.43912857900006, 25.99263483200008], [84.43992061200004, 25.99235334800005], [84.44032480000004, 25.992445386000043], [84.44051839100007, 25.992659970000034], [84.44071203200008, 25.992874608000022], [84.44143544500008, 25.99308714800003], [84.44263708500006, 25.993052903000034], [84.44409172900004, 25.992881926000052], [84.444211, 25.99287006800006], [84.44591825600008, 25.99270032900006], [84.44849136300007, 25.99257509100005], [84.45029866000004, 25.992251595000027], [84.44994864400007, 25.990021373000047], [84.44971364000008, 25.989420025000072], [84.44928814400004, 25.988330932000054], [84.44875714400007, 25.98624826300005], [84.44831137400007, 25.98496607900006], [84.44836043600003, 25.984364707000054], [84.44846174100007, 25.983122974000025], [84.44833518100006, 25.981961093000052], [84.44799790000008, 25.981323263000036], [84.44766062100007, 25.980685433000076], [84.44670778900007, 25.978821982000056], [84.44473042900006, 25.979644953000047], [84.44273984900008, 25.979888566000056], [84.44107213700005, 25.979097369000044], [84.43951810100003, 25.97802014900003], [84.43886132500006, 25.976979675000052], [84.43823229900005, 25.974754593000057], [84.43774971800008, 25.972774507000054], [84.43740206100006, 25.96873451600004], [84.43699055400003, 25.96681471100004], [84.43660499100008, 25.965641867000045], [84.43552662200005, 25.964364110000076], [84.43502296400004, 25.963755375000062], [84.43415763100006, 25.96265849300005], [84.43384747700009, 25.96167044200007], [84.43375807900009, 25.96108115000004], [84.43282807600008, 25.961791953000045], [84.43112144000008, 25.962190642000053], [84.43000431500008, 25.962222405000034], [84.42888438500006, 25.962176460000023], [84.42782370300006, 25.96259559500004], [84.42710944600003, 25.963082754000027], [84.42643686300005, 25.963529882000046], [84.42552126200007, 25.964411744000074], [84.42454381100004, 25.96475080400006], [84.42378109500004, 25.96508367000007], [84.42285466200008, 25.965654611000048], [84.42225585800009, 25.96574947700003], [84.42131051500007, 25.96577630200005], [84.42066597700006, 25.96579458800005], [84.41975276500006, 25.965509188000055], [84.41877045400008, 25.965436070000067], [84.41811472000006, 25.965143451000074], [84.41768607100005, 25.965194448000034], [84.41717281700005, 25.965286869000067], [84.41693112100006, 25.965760491000026], [84.41685203000003, 25.967202256000064], [84.41702969200009, 25.969842648000053], [84.41679598000007, 25.970549564000066], [84.41663609100004, 25.970904241000028], [84.41625989400006, 25.971226112000068], [84.41544164700008, 25.97121036200008], [84.41299219700005, 25.971318680000024], [84.41234318100004, 25.971220342000038], [84.41169820800008, 25.971238602000028], [84.41110569200004, 25.971527649000052], [84.41077790000008, 25.972003787000062], [84.41085460300008, 25.972974271000055], [84.41103730500004, 25.973280309000074], [84.41174418000008, 25.973804938000058], [84.41240657700007, 25.97429188800004], [84.41281108800007, 25.974786229000074], [84.41300737500006, 25.975480960000027], [84.41313480100007, 25.97630724100003], [84.41312411400008, 25.976618752000036], [84.41304623300005, 25.97685438700006], [84.41301408300006, 25.977166597000064], [84.41288518200008, 25.97748154800007], [84.41271199300007, 25.978070024000033], [84.41202848900008, 25.978828598000064], [84.41235021400007, 25.97942266700005], [84.41263766900005, 25.979647957000054], [84.41300897100007, 25.979812516000038], [84.41387057500003, 25.979846474000055], [84.41434402300007, 25.979852486000027], [84.41488119800005, 25.979837270000075], [84.41602072600006, 25.979824499000074], [84.41673196200009, 25.979862702000048], [84.41695627400009, 25.98012870900004], [84.41707382500005, 25.980417164000073], [84.41727329900004, 25.980586582000058], [84.41804951200004, 25.980642359000058], [84.41858949200008, 25.98070492200003], [84.41891921800004, 25.980909488000066], [84.41903273600008, 25.981392549000077], [84.41909199000008, 25.98248032500004], [84.41916338800007, 25.98391780700007], [84.41919185500007, 25.985356597000077], [84.41945046900008, 25.98599119100004], [84.41979840800008, 25.986098038000023], [84.41997308200007, 25.986793461000048], [84.41983890100005, 25.987264122000056], [84.41969529800008, 25.98808519100004], [84.41969070200008, 25.98857169000007], [84.41995018300008, 25.989157657000078], [84.41966292000006, 25.989554788000078], [84.41968316500004, 25.990137782000033], [84.41969531200004, 25.990487578000057], [84.41967791800005, 25.99122728800006], [84.42135139300007, 25.991102048000073], [84.42281537700006, 25.991138292000073], [84.42389927800008, 25.991379894000033], [84.42467015400007, 25.99128014200005], [84.42519401500005, 25.991498697000054], [84.42588577600003, 25.99159576900007], [84.42674668600006, 25.991610256000058], [84.42789764200006, 25.991305200000056], [84.42872498000008, 25.99159299300004], [84.42887698600003, 25.992250021000075], [84.42893209600004, 25.99259859600005], [84.42916321900003, 25.99305888300006], [84.42942781000005, 25.993245856000044], [84.43003901900005, 25.993500848000053], [84.43059771900005, 25.993484968000075]]]]}}, {"type": "Feature", "properties": {"OBJECTID": 2114, "GPCODE": "98986", "GPNAME_1": "BAGHAUNA", "DIST_CEN_C": "16", "BLK_NAME": "SISWAN", "ST_NAME": "BIHAR", "ST_CODE_1": null, "GPCODE2011": "101438", "REMARKS": null, "MAP_STATUS": null, "BLK_C_2001": "160019", "BLK_C_2011": "01247", "DIST_NAME": "SIWAN", "code2011": 0.0, "Shape_Leng": 0.23716944573, "Shape_Area": 0.00095846905, "Area": 10.6448}, "geometry": {"type": "MultiPolygon", "coordinates": [[[[84.46078804200005, 25.908448467000028], [84.46027596900007, 25.905373318000045], [84.45803455100008, 25.90584620100003], [84.45832183200008, 25.908054771000025], [84.45842036300007, 25.90923831400005], [84.45736843100008, 25.91014530500007], [84.45734205000008, 25.911023036000074], [84.45804389500006, 25.911518715000057], [84.45831452900006, 25.911567856000033], [84.45785939500007, 25.91201693100004], [84.45702078400006, 25.912624537000056], [84.45612555200006, 25.91284465600006], [84.45532168000005, 25.913217815000053], [84.45492616000007, 25.91420183500003], [84.45490772200003, 25.91490268800004], [84.45505967000008, 25.91555973100003], [84.45546531400004, 25.916092795000054], [84.45548163200004, 25.91655921200004], [84.45597446600004, 25.91712871900006], [84.45612234500004, 25.91766924700005], [84.45619392000003, 25.91848424500006], [84.45622248100005, 25.919300473000078], [84.45633832800007, 25.92015304800003], [84.45588890100004, 25.920827383000073], [84.45518586200006, 25.92162559800005], [84.45435533300008, 25.922466393000036], [84.45722773500006, 25.92242611200004], [84.45788996100003, 25.921788212000024], [84.45861804200007, 25.921406258000047], [84.46089742300006, 25.92134099900005], [84.46179292700003, 25.920851138000046], [84.46212216700008, 25.920480591000057], [84.46175862400008, 25.919872053000063], [84.46171842000007, 25.919537954000077], [84.46167820700003, 25.91920376400003], [84.46241168300008, 25.91897646600006], [84.46325202400004, 25.918539725000073], [84.46321951400006, 25.91761213500007], [84.46318158800005, 25.916529962000027], [84.46285332700006, 25.91530146100007], [84.46262641500005, 25.91370884400004], [84.46260655300006, 25.913142008000023], [84.46199700100004, 25.912024659000053], [84.46110264800006, 25.910915464000027], [84.46020640400008, 25.909754677000024], [84.46012239500004, 25.908983388000024], [84.46078804200005, 25.908448467000028]]], [[[84.41169820800008, 25.971238602000028], [84.41234318100004, 25.971220342000038], [84.41299219700005, 25.971318680000024], [84.41544164700008, 25.97121036200008], [84.41625989400006, 25.971226112000068], [84.41663609100004, 25.970904241000028], [84.41679598000007, 25.970549564000066], [84.41702969200009, 25.969842648000053], [84.41685203000003, 25.967202256000064], [84.41693112100006, 25.965760491000026], [84.41717281700005, 25.965286869000067], [84.41768607100005, 25.965194448000034], [84.41811472000006, 25.965143451000074], [84.41877045400008, 25.965436070000067], [84.41975276500006, 25.965509188000055], [84.42066597700006, 25.96579458800005], [84.42131051500007, 25.96577630200005], [84.42225585800009, 25.96574947700003], [84.42285466200008, 25.965654611000048], [84.42378109500004, 25.96508367000007], [84.42454381100004, 25.96475080400006], [84.42552126200007, 25.964411744000074], [84.42643686300005, 25.963529882000046], [84.42710944600003, 25.963082754000027], [84.42782370300006, 25.96259559500004], [84.42888438500006, 25.962176460000023], [84.43000431500008, 25.962222405000034], [84.43112144000008, 25.962190642000053], [84.43282807600008, 25.961791953000045], [84.43375807900009, 25.96108115000004], [84.43375807300004, 25.96108110800003], [84.43366865700006, 25.960491705000038], [84.43404272600003, 25.959359550000045], [84.43447914600006, 25.958038670000064], [84.43493943900006, 25.957402525000077], [84.43539977200004, 25.956766321000032], [84.43639120500006, 25.955554174000042], [84.43821765100006, 25.95456759500007], [84.43957081800005, 25.953843654000025], [84.44092396900004, 25.95311970100005], [84.44200817700005, 25.952590353000062], [84.44261914000003, 25.952323759000024], [84.44385843700007, 25.952288418000023], [84.44523545400006, 25.95224913900006], [84.44619505900005, 25.952097125000023], [84.44819824500007, 25.952226901000074], [84.45103626700006, 25.952581980000048], [84.45234442400005, 25.95254460500007], [84.45351496100005, 25.952511153000046], [84.45459475500007, 25.951857207000046], [84.45553474000008, 25.95114493500006], [84.45640139400007, 25.95031012000004], [84.45697527400006, 25.948985320000077], [84.45809118300008, 25.947395648000054], [84.45949121600006, 25.946047102000023], [84.45884980200003, 25.945442378000052], [84.45765764000004, 25.944853410000064], [84.45582845600006, 25.943784205000043], [84.45518053900008, 25.94299279200004], [84.45444417200008, 25.94164304700007], [84.45432740800004, 25.940275584000062], [84.45364713700008, 25.938488558000074], [84.45352600800004, 25.936995937000063], [84.45355565600005, 25.935873094000044], [84.45372725700008, 25.93487073600005], [84.45480461100004, 25.93415425200004], [84.45563051900007, 25.934130633000052], [84.45644552900006, 25.933795640000028], [84.45657451200003, 25.933542586000044], [84.45730540700004, 25.932773677000057], [84.45767480600006, 25.931516380000062], [84.45762902600006, 25.93020864300007], [84.45751875800005, 25.92902738600003], [84.45720859100004, 25.928038895000043], [84.45718461400008, 25.927353897000046], [84.45714603900007, 25.926606630000038], [84.45694983800007, 25.92589001500005], [84.45686136700004, 25.923365111000066], [84.45446437300006, 25.923124659000052], [84.45404978100004, 25.923564458000044], [84.45402589800005, 25.924109805000057], [84.45404765100005, 25.924731721000057], [84.45411639300005, 25.92546892200005], [84.45402425400005, 25.92652203700004], [84.45386462500005, 25.926876761000074], [84.45306075900004, 25.927249902000028], [84.45208220600006, 25.927550249000035], [84.45139495000006, 25.92756988800005], [84.45074653400007, 25.927471696000055], [84.44977839400008, 25.926837972000044], [84.44867598400003, 25.92605241900003], [84.44785164200005, 25.925842518000024], [84.44763686500005, 25.925848651000024], [84.44680082800005, 25.926533900000038], [84.44592041000004, 25.92718156600006], [84.44499988100006, 25.927908153000033], [84.44466022000006, 25.92803456400003], [84.44419045400008, 25.92812574900006], [84.44390059000006, 25.92844524000003], [84.44380022500007, 25.92926514000004], [84.44343873400004, 25.93030641200005], [84.44190577900008, 25.930739224000035], [84.44041182800004, 25.93136541100006], [84.43949430100008, 25.931566640000028], [84.43843323300007, 25.931966454000076], [84.43802126800006, 25.93248400400006], [84.43771330800007, 25.932901294000033], [84.43762893900004, 25.933565074000057], [84.43767274800007, 25.93420578000007], [84.43796297000006, 25.935131264000063], [84.43841174200008, 25.93628566800004], [84.43890264500004, 25.93679691600005], [84.43944246700005, 25.937481846000026], [84.43966087600006, 25.93819535700004], [84.43983359400005, 25.93852107600003], [84.43928055500004, 25.938692399000047], [84.43902138200008, 25.938660939000044], [84.43801435600005, 25.938144881000028], [84.43779955800005, 25.938151], [84.43715787300005, 25.938247150000052], [84.43630544700005, 25.93846592600005], [84.43588126600008, 25.93863366000005], [84.43567865300008, 25.93898958400007], [84.43573782100003, 25.939454773000023], [84.43596616100007, 25.939837272000034], [84.43573281200008, 25.940544226000043], [84.43549259100007, 25.941056875000072], [84.43503495500005, 25.941497840000068], [84.43418385900009, 25.941755501000046], [84.43394102100007, 25.942190349000043], [84.43438010900007, 25.942450225000073], [84.43435739100005, 25.94303446200007], [84.43411590700003, 25.943508207000036], [84.43373462700004, 25.943674713000064], [84.43295457000005, 25.94350231800007], [84.43226847700004, 25.943560774000048], [84.43225664600004, 25.944145069000058], [84.43231580300005, 25.94461025800007], [84.43164593900008, 25.945135121000078], [84.43118286300006, 25.945420572000046], [84.43157388900005, 25.946771127000034], [84.43165344000005, 25.947819323000033], [84.43145756600006, 25.94836963800003], [84.43049502700006, 25.94913616100007], [84.43012329500004, 25.94957475600006], [84.42946150600005, 25.950332720000063], [84.42800356600003, 25.951074556000037], [84.42659522600007, 25.95138685200004], [84.42518542800008, 25.951660332000074], [84.42360112700004, 25.951860973000066], [84.42154695100004, 25.952152712000043], [84.41963635200005, 25.952245762000075], [84.41788283200003, 25.952528925000024], [84.41710948700006, 25.952550850000023], [84.41656030300004, 25.952838788000065], [84.41562853600004, 25.953254282000046], [84.41432900500007, 25.954224837000027], [84.41225598900007, 25.95521728500006], [84.41101802200006, 25.955485768000074], [84.40947802200003, 25.955723853000052], [84.40871263000008, 25.955978944000037], [84.40799295200009, 25.956310517000077], [84.40730957100004, 25.956446564000032], [84.40649586300003, 25.956547358000023], [84.40660212300008, 25.95837296700006], [84.40741843100005, 25.95834988000007], [84.40784810000008, 25.958337726000025], [84.40829257100006, 25.958753080000065], [84.40861624100006, 25.959405283000024], [84.40885665200005, 25.96013771300005], [84.40914009600004, 25.960868925000057], [84.40907750000008, 25.96143117200006], [84.40941205100006, 25.962394276000055], [84.40979637000004, 25.963550558000065], [84.41021160800005, 25.964355816000023], [84.41058391900003, 25.96516219600005], [84.41042402000005, 25.965516868000066], [84.40995109400006, 25.965530252000065], [84.40972672300006, 25.965264327000057], [84.40932225500006, 25.964769974000035], [84.40884115300008, 25.96455015500004], [84.40916239900008, 25.96636957800007], [84.40945134300006, 25.967256190000057], [84.40952942900003, 25.96951041400007], [84.41008444900007, 25.970622924000054], [84.41110569200004, 25.971527649000052], [84.41169820800008, 25.971238602000028]]]]}}, {"type": "Feature", "properties": {"OBJECTID": 2115, "GPCODE": "98987", "GPNAME_1": "BAKHARI", "DIST_CEN_C": "16", "BLK_NAME": "SISWAN", "ST_NAME": "BIHAR", "ST_CODE_1": null, "GPCODE2011": "101439", "REMARKS": null, "MAP_STATUS": null, "BLK_C_2001": "160019", "BLK_C_2011": "01247", "DIST_NAME": "SIWAN", "code2011": 0.0, "Shape_Leng": 0.15076057707, "Shape_Area": 0.00106243031, "Area": 11.793}, "geometry": {"type": "MultiPolygon", "coordinates": [[[[84.38027786500004, 26.03973809400003], [84.38134427900007, 26.039424094000026], [84.38258583200007, 26.039752031000035], [84.38363816200007, 26.03863912500003], [84.38500591500008, 26.038114780000058], [84.38607000600007, 26.038121209000053], [84.38699479000007, 26.035987626000065], [84.38700132100007, 26.035098597000058], [84.38688524400004, 26.034583484000052], [84.38643935800008, 26.034061818000055], [84.38624027700007, 26.03328441900004], [84.38586035400004, 26.032636823000075], [84.38590444200008, 26.032077533000063], [84.38603364700003, 26.031487132000052], [84.38634270000006, 26.03089774500006], [84.38679626400005, 26.03034534300008], [84.38813327900004, 26.029225121000025], [84.38955290700005, 26.028421303000073], [84.39088617800007, 26.02780196200007], [84.39227781500006, 26.02740407600004], [84.39249988800003, 26.027084967000064], [84.39270727200005, 26.02673875200003], [84.39291711600004, 26.026035987000057], [84.39315076200006, 26.02481886100003], [84.39332672600005, 26.02328553600006], [84.39319070000005, 26.022066214000063], [84.39314753800005, 26.021131815000047], [84.39332517400004, 26.01936382100007], [84.39347173400006, 26.018439538000052], [84.39347467600004, 26.01803796400003], [84.39403637100008, 26.01703488000004], [84.39463231200006, 26.016135849000023], [84.39578600800007, 26.014775324000027], [84.39628922100007, 26.01425931400007], [84.39656160800007, 26.013890822000064], [84.39732610100003, 26.01315979000003], [84.39785089600008, 26.012422721000064], [84.39817902800007, 26.01193732300004], [84.39861320100005, 26.011289973000032], [84.39929590200006, 26.010129644000074], [84.39980985300008, 26.009500932000037], [84.40047944700007, 26.008769245000053], [84.40064155600004, 26.008440767000025], [84.40058368900003, 26.00816065400005], [84.40050399200004, 26.008124061000046], [84.40035893800007, 26.008159267000053], [84.40032177800003, 26.007770970000024], [84.40022017500007, 26.007310029000053], [84.40013947900007, 26.006731970000033], [84.39962840900006, 26.00695459800005], [84.39712807900008, 26.007382092000057], [84.39400195400003, 26.00730943800005], [84.39085475000007, 26.007399129000078], [84.38745557100003, 26.007785049000063], [84.38585983000007, 26.008127530000024], [84.38595090300004, 26.007279640000036], [84.38571301200005, 26.00635310200005], [84.38535068500005, 26.00535357600006], [84.38503174600004, 26.004575483000053], [84.38487448800004, 26.003541100000064], [84.38435186600003, 26.002612811000063], [84.38431603100008, 26.00205750500004], [84.38423676800005, 26.00128527700008], [84.38408827700005, 26.001099383000053], [84.38349304700006, 26.001226667000026], [84.38263412900005, 26.00120350800006], [84.38189897900008, 26.00134346400006], [84.38136422100007, 26.001398995000045], [84.38085639900004, 26.001174782000078], [84.38035019500006, 26.000743055000044], [84.38008575600008, 26.000378260000048], [84.37982177700007, 26.00002679800008], [84.37962775700004, 25.999701535000042], [84.37958814300003, 25.99948864600003], [84.37923995400007, 25.99906075900003], [84.37869560000007, 25.999494299000048], [84.37821908400008, 25.999711930000046], [84.37765280600007, 25.99982512400004], [84.37695870500005, 25.999970992000044], [84.37613725100005, 26.000169123000035], [84.37545702300008, 26.00037792100005], [84.37531415900008, 26.000974417000066], [84.37526471100006, 26.001583294000056], [84.37506098700004, 26.002119092000044], [84.37460837000003, 26.002540561000046], [84.37428112700007, 26.00289960200007], [84.37291053200005, 26.00318915200006], [84.37174641500008, 26.003236255000047], [84.37085206700004, 26.003284989000065], [84.37064404800003, 26.003726004000043], [84.37049286800004, 26.004573453000035], [84.37037009100004, 26.004960808000078], [84.36995825100007, 26.005274257000053], [84.36926189800005, 26.005563279000057], [84.36881241200007, 26.005560598000045], [84.36839196600005, 26.005679887000042], [84.36790220100005, 26.005717450000077], [84.36663275200004, 26.005836130000034], [84.36542338200007, 26.006586834000075], [84.36476613500008, 26.00698896600005], [84.36320929900006, 26.00812574500003], [84.35994013100003, 26.009802467000043], [84.36015458700007, 26.011171129000047], [84.36028857500008, 26.011948180000047], [84.36052571900007, 26.012965062000035], [84.36073386300006, 26.015177651000045], [84.36116436200007, 26.01770745300007], [84.36197167400007, 26.019282906000058], [84.36226928200006, 26.020223351000027], [84.36243178300003, 26.02054481700003], [84.36102034400005, 26.02090617600004], [84.36007841900005, 26.021288447000074], [84.35909538200008, 26.021814896000024], [84.35839756000007, 26.022275470000068], [84.35803090800005, 26.022548499000038], [84.35755857600003, 26.02291560200007], [84.35747243800006, 26.023077519000026], [84.35763351500003, 26.02356590100004], [84.35773909800008, 26.02479861200004], [84.35780735600008, 26.025688036000076], [84.35766614900007, 26.026526525000065], [84.35760279300007, 26.027636293000057], [84.35755369000003, 26.028186601000073], [84.35751020700008, 26.02931449700003], [84.35757889900003, 26.03013625600005], [84.35764982300003, 26.03066921900006], [84.35800729600004, 26.030960295000057], [84.35859445400007, 26.031270721000055], [84.35902561500006, 26.031720164000035], [84.35936061000007, 26.032354075000057], [84.35948298400007, 26.03334764400006], [84.35957256800003, 26.033384257000023], [84.35993189300007, 26.033440664000068], [84.36114636100007, 26.03336233600004], [84.36273542400005, 26.033304445000056], [84.36404505900003, 26.03320870500005], [84.36471069800007, 26.03304124300007], [84.36520013500007, 26.033062333000032], [84.36596065200007, 26.032913562000033], [84.36664218100003, 26.032624428000076], [84.36749827600005, 26.032372372000054], [84.36760947800008, 26.03286950200004], [84.36799709100006, 26.03381504600003], [84.36816412900004, 26.034190590000037], [84.36844731100007, 26.034399966000024], [84.36892057800009, 26.034587816000055], [84.36922027000008, 26.03458963500003], [84.36979066100008, 26.03447581100005], [84.36993959600005, 26.034594052000045], [84.37026230200007, 26.03487134900007], [84.37043049500005, 26.035093424000024], [84.37057914600007, 26.03524784500007], [84.37080908200005, 26.03523569300006], [84.37109542400003, 26.035029777000034], [84.37143588000004, 26.03492809900007], [84.37164550200004, 26.034947442000032], [84.37181269900003, 26.03530944700003], [84.37197564600007, 26.036235600000055], [84.37204668300006, 26.036764042000073], [84.37230675100005, 26.03739735700003], [84.37245140500005, 26.038102294000055], [84.37256481700007, 26.03829249200004], [84.37267756900007, 26.038582021000025], [84.37278941400007, 26.03899334600004], [84.37308532300005, 26.038846249000073], [84.37363570100007, 26.038727727000037], [84.37467016400007, 26.03868435000004], [84.37534871400004, 26.038814786000046], [84.37596115800005, 26.03909378900005], [84.37657968500008, 26.039214859000026], [84.37721377200006, 26.03927290300004], [84.37746749300004, 26.039418845000057], [84.37768126800006, 26.03956452700004], [84.37842963600008, 26.03970440300003], [84.37894397000008, 26.03973460000003], [84.37930868600006, 26.03972776300003], [84.37986079200004, 26.040056030000073], [84.38027786500004, 26.03973809400003]]]]}}, {"type": "Feature", "properties": {"OBJECTID": 2116, "GPCODE": "98988", "GPNAME_1": "BHAGAR", "DIST_CEN_C": "16", "BLK_NAME": "SISWAN", "ST_NAME": "BIHAR", "ST_CODE_1": null, "GPCODE2011": "101440", "REMARKS": null, "MAP_STATUS": null, "BLK_C_2001": "160019", "BLK_C_2011": "01247", "DIST_NAME": "SIWAN", "code2011": 0.0, "Shape_Leng": 0.13648628867, "Shape_Area": 0.00065469451, "Area": 7.27114}, "geometry": {"type": "MultiPolygon", "coordinates": [[[[84.36957399400006, 25.962205634000043], [84.36945323100008, 25.961819940000055], [84.36943721900008, 25.96135343800006], [84.36956632300007, 25.96072730800006], [84.36985378000008, 25.960330259000045], [84.37051108500003, 25.960058880000076], [84.37079308400007, 25.960128750000024], [84.37089305500007, 25.960534540000026], [84.37101448700008, 25.960939636000035], [84.37102716400005, 25.961308847000055], [84.37152056500008, 25.96189809400005], [84.37210649900004, 25.962679238000078], [84.37247513100004, 25.962766188000046], [84.37294918400005, 25.962791821000053], [84.37345614600008, 25.962524650000034], [84.37419273600005, 25.962056537000024], [84.37467288900007, 25.961634556000035], [84.37518529000005, 25.96152287700005], [84.37638447200004, 25.961372488000052], [84.37755941400007, 25.961144991000026], [84.37846866700005, 25.960718213000064], [84.37949479100007, 25.96053372700004], [84.38142483500008, 25.96036266300007], [84.38271417200008, 25.960326405000046], [84.38382892100003, 25.960217268000065], [84.38451265300006, 25.96008131600007], [84.38517735400006, 25.96064628000005], [84.38556554700006, 25.960674291000032], [84.38603825400008, 25.96066098600005], [84.38660103600006, 25.960761860000048], [84.38733563300008, 25.960857986000065], [84.38819787200003, 25.960911487000033], [84.38936905300005, 25.961189803000025], [84.39002047900004, 25.96136603900004], [84.39078189800006, 25.962239649000026], [84.39139632800004, 25.963214599000025], [84.39187845300006, 25.96344152900008], [84.39270123900008, 25.963593411000033], [84.39338967600008, 25.96359351700005], [84.39425147000009, 25.963627575000032], [84.39545843800005, 25.96369082800004], [84.39694216300006, 25.96366848400004], [84.39805713000004, 25.96355914800006], [84.39859451500007, 25.963501914000062], [84.39846082300005, 25.962788827000054], [84.39823241500005, 25.961783310000044], [84.39803564900006, 25.961068780000062], [84.39831505300003, 25.96043819600004], [84.39875161800006, 25.959997762000057], [84.39953267000004, 25.959567022000044], [84.40014526900006, 25.959238329000073], [84.40036013100007, 25.958920774000035], [84.40029022300007, 25.958144305000076], [84.40005716800005, 25.956379988000037], [84.39994433800007, 25.95560473000006], [84.39968036100004, 25.95419161500007], [84.39954469300005, 25.95275536200006], [84.39952449800006, 25.95154928000005], [84.39916723200008, 25.95054748700005], [84.39896238500006, 25.948976952000066], [84.39865080200008, 25.94836295300007], [84.39852794700005, 25.947918884000046], [84.39775018900008, 25.94782403000005], [84.39620763700003, 25.948003792000065], [84.39468912600006, 25.94826073400003], [84.39361865400008, 25.948407640000028], [84.39212293600008, 25.94870284900003], [84.39181535900008, 25.948516839000035], [84.39190409400004, 25.94796950700004], [84.39161865300008, 25.947179590000076], [84.39099479400005, 25.947177751000027], [84.38979535900006, 25.94732835800005], [84.38972003300006, 25.947641786000077], [84.38930772400005, 25.94815938800008], [84.38797918500006, 25.948313065000036], [84.38720602000006, 25.94835425900004], [84.38641675000008, 25.94855155600004], [84.38636583100003, 25.94769713000005], [84.38627590300007, 25.94696042700008], [84.38592402200004, 25.946114473000023], [84.38521759300005, 25.94434476400005], [84.38438690100008, 25.942714685000055], [84.38333792700007, 25.941615969000054], [84.38266567400007, 25.940837377000037], [84.38219974100008, 25.93980003000007], [84.38189751300007, 25.939147165000065], [84.38149524500005, 25.938711124000065], [84.38105814500005, 25.937886975000026], [84.38054112800006, 25.93724014600008], [84.37983926300006, 25.936851369000067], [84.37834495300007, 25.93656264200007], [84.37711448400006, 25.936441656000056], [84.37642075100007, 25.93628607000005], [84.37516430500006, 25.93624440800005], [84.37496927900008, 25.938209589000053], [84.37479296300006, 25.938808342000073], [84.37461858400007, 25.939466504000052], [84.37398530000007, 25.94013745700005], [84.37328233200003, 25.940691621000042], [84.37309989300007, 25.941112430000032], [84.37391126300008, 25.941802288000076], [84.37502585000004, 25.942721111000026], [84.37537414500008, 25.943305130000056], [84.37527148100008, 25.944139388000053], [84.37423854500008, 25.94464344900007], [84.37269941700004, 25.945696231000056], [84.37050034700007, 25.946648675000063], [84.36889352100007, 25.947643852000056], [84.36707968000007, 25.94834796200007], [84.36448098800008, 25.94913331400005], [84.36371842600005, 25.94986730100004], [84.36254763200003, 25.95209724700004], [84.36238140300009, 25.95299263900006], [84.36143224600005, 25.954028778000065], [84.36038901400008, 25.954236086000037], [84.35901387800004, 25.954333932000054], [84.35789488000006, 25.95424649200004], [84.35786198000005, 25.954927268000063], [84.35816192300007, 25.955521876000034], [84.35820600700004, 25.956182090000027], [84.35846093400005, 25.956719691000046], [84.35874208400008, 25.957392694000077], [84.35897754600006, 25.957989104000035], [84.35935863400005, 25.95906790400005], [84.35967643100008, 25.960498525000048], [84.35995000700007, 25.961580238000067], [84.36002914500006, 25.962006038000027], [84.36019147500008, 25.962351640000065], [84.36039084500004, 25.962521133000052], [84.36067883900006, 25.962766017000035], [84.36130523300005, 25.962845687000026], [84.36197, 25.96278823700004], [84.36293612900005, 25.962741677000054], [84.36406494900007, 25.962418281000055], [84.36451076800006, 25.96225014500004], [84.36498015300003, 25.96213979600003], [84.36543273500007, 25.96216596200003], [84.36588588300003, 25.962211624000076], [84.36636993000008, 25.96252878300004], [84.36665326700006, 25.96263755900003], [84.36674845600004, 25.96290725600005], [84.36696050400008, 25.963446043000033], [84.36712495700004, 25.96384993600003], [84.36720135000007, 25.96419793800004], [84.36742629800005, 25.96448342000008], [84.36767127900004, 25.964729497000064], [84.36797942100003, 25.964934867000068], [84.36845414600003, 25.96497991700005], [84.36872738400007, 25.964797185000066], [84.36903508000006, 25.964360544000044], [84.36912516000007, 25.96385222500004], [84.36930988100005, 25.963282986000024], [84.36956987400004, 25.962711544000058], [84.36957399400006, 25.962205634000043]]]]}}, {"type": "Feature", "properties": {"OBJECTID": 2117, "GPCODE": "98989", "GPNAME_1": "BHIKHPUR", "DIST_CEN_C": "16", "BLK_NAME": "SISWAN", "ST_NAME": "BIHAR", "ST_CODE_1": null, "GPCODE2011": "101441", "REMARKS": null, "MAP_STATUS": null, "BLK_C_2001": "160019", "BLK_C_2011": "01247", "DIST_NAME": "SIWAN", "code2011": 0.0, "Shape_Leng": 0.19523597817, "Shape_Area": 0.00088048331, "Area": 9.77588}, "geometry": {"type": "MultiPolygon", "coordinates": [[[[84.36028009500006, 25.989116743000068], [84.35988403600004, 25.98885546300005], [84.35857447000006, 25.988931024000067], [84.35776850300005, 25.989264853000066], [84.35682553100008, 25.98936899200004], [84.35576172600008, 25.989709926000046], [84.35556945100006, 25.990376729000047], [84.35558807400008, 25.99092092500007], [84.35556099600007, 25.99138853000005], [84.35578786000008, 25.991732326000033], [84.35520208300005, 25.992215634000047], [84.35504352600003, 25.992609042000026], [84.35515600500008, 25.993384038000045], [84.35548082500009, 25.99407532400005], [84.35571843500009, 25.994730020000077], [84.35588194200005, 25.995737012000063], [84.35656806800006, 25.996301394000056], [84.35753893600008, 25.997013460000062], [84.35811639800005, 25.997542030000034], [84.35822766900003, 25.998278122000045], [84.35825961600005, 25.999211011000057], [84.35839785500008, 25.99947941100004], [84.35892696200006, 25.999853684000072], [84.35935554800005, 25.99980285600003], [84.36049741600004, 25.999226204000024], [84.36134115500005, 25.99873575400005], [84.36144876500003, 25.99811025100007], [84.36137652000008, 25.997256358000072], [84.36113887300007, 25.99660158000006], [84.36108128100005, 25.996175188000052], [84.36111356600009, 25.995863084000064], [84.36195328100007, 25.99525593800007], [84.36187304300006, 25.994168843000068], [84.36149982200004, 25.993323369000052], [84.36126926100007, 25.991617984000072], [84.36127500400005, 25.99052838800003], [84.36069489900007, 25.989922123000042], [84.36028009500006, 25.989116743000068]]], [[[84.39085475000007, 26.007399129000078], [84.39400195400003, 26.00730943800005], [84.39712807900008, 26.007382092000057], [84.39962840900006, 26.00695459800005], [84.40013947900007, 26.006731970000033], [84.40000288600004, 26.00627533000005], [84.39964307700006, 26.005605280000054], [84.39958225600003, 26.00503632400006], [84.39932058700003, 26.00461506000005], [84.39922246900005, 26.00367134000004], [84.39931344900003, 26.002823439000053], [84.39962413400008, 26.001990415000023], [84.39979419600007, 26.001255796000066], [84.40008586600004, 26.000977689000024], [84.40020818000005, 26.000644441000077], [84.40023476100004, 26.00037924800006], [84.40041768100008, 26.000107984000067], [84.40063386200006, 25.998895823000055], [84.40079638100008, 25.99799637800004], [84.40098238300004, 25.997154625000064], [84.40121206000003, 25.995708654000055], [84.40148870000007, 25.994377976000067], [84.40163444500007, 25.99361522600003], [84.40175939000005, 25.992872486000067], [84.40200108500005, 25.992398716000025], [84.40237314400008, 25.991960291000055], [84.40197004900006, 25.991018457000052], [84.40110232500007, 25.99080953500004], [84.40083374500006, 25.990505822000046], [84.40038236400005, 25.98989606600003], [84.39967595200005, 25.98937128500006], [84.39919104900008, 25.989034832000073], [84.39871152300003, 25.988853875000075], [84.39841334700003, 25.988940068000034], [84.39782371200005, 25.989306845000044], [84.39740468300005, 25.989629964000073], [84.39697211900005, 25.98956429800006], [84.39645368500004, 25.98950114400003], [84.39597426300008, 25.989320175000046], [84.39540473500006, 25.989024941000025], [84.39525971700004, 25.988562178000052], [84.39530408200005, 25.98735486000004], [84.39562371100004, 25.986645474000056], [84.39561163000008, 25.986295675000065], [84.39597295200008, 25.985546269000054], [84.39578086800003, 25.984968027000036], [84.39537793800008, 25.984512537000057], [84.39531621300006, 25.98396964500006], [84.39567350000004, 25.983103546000052], [84.39572725600004, 25.982168321000074], [84.39602539000003, 25.980837033000057], [84.39585891500008, 25.980374965000067], [84.39595291500007, 25.979360732000032], [84.39580656300006, 25.978859068000077], [84.39548962000003, 25.97840115200006], [84.39475760200008, 25.978382860000067], [84.39406727900007, 25.978324546000067], [84.39367242500003, 25.978102250000063], [84.39306941100006, 25.978080314000067], [84.39277528100007, 25.97828309700003], [84.39202055300007, 25.978849095000044], [84.39135304500007, 25.97820646400004], [84.38957631900007, 25.97782859700004], [84.38779950000009, 25.97745062000007], [84.38669961000005, 25.976742364000074], [84.38577970100005, 25.97626246300007], [84.38444948400007, 25.97542407700007], [84.38386059400005, 25.975187885000025], [84.38373767200005, 25.974744093000027], [84.38431261200003, 25.97457236200006], [84.38546784100004, 25.974384300000054], [84.38653633100006, 25.974179250000077], [84.38771235000007, 25.973971165000023], [84.38899780300005, 25.973818254000037], [84.39013892300005, 25.973844469000028], [84.39121075100007, 25.973736493000047], [84.39262318600004, 25.973521709000067], [84.39345197700004, 25.973226074000024], [84.39378175400003, 25.972808460000067], [84.39397113000007, 25.972064174000025], [84.39396051100005, 25.971131125000056], [84.39375975200005, 25.970300637000037], [84.39348108000007, 25.96970568300003], [84.39312784800006, 25.969443460000036], [84.39265586800008, 25.969171881000022], [84.39235908000006, 25.968674360000023], [84.39219799700004, 25.967744997000068], [84.39211673700004, 25.96663822000005], [84.39179111600004, 25.965927501000067], [84.39080317500003, 25.966266274000077], [84.38983726700008, 25.966954749000024], [84.38880487000006, 25.96696431400005], [84.38784567800008, 25.967224755000075], [84.38736079200004, 25.966888355000037], [84.38644671400004, 25.965961039000035], [84.38576299800008, 25.965474672000028], [84.38446321700008, 25.96584187800005], [84.38381445400006, 25.965743415000077], [84.38339598500005, 25.965463492000026], [84.38234815600003, 25.96564852100005], [84.38181284000007, 25.965721932000065], [84.38126398100007, 25.96602905900005], [84.38079650300006, 25.96619785200005], [84.38003887700006, 25.96606349800004], [84.37900623700006, 25.966006548000053], [84.37802864700006, 25.966345225000055], [84.37719596100004, 25.96652426600008], [84.37589598500006, 25.96687198400008], [84.37585564300008, 25.967573496000057], [84.37580375200008, 25.968567025000027], [84.37593924000004, 25.969380313000045], [84.37615400800007, 25.96999678900005], [84.37646819000008, 25.970377045000077], [84.37684276000005, 25.970638889000043], [84.37754974300003, 25.97118318100007], [84.37816542000007, 25.971574385000054], [84.37849973900006, 25.971915135000074], [84.37887626800006, 25.973169081000037], [84.37890769000006, 25.97408248800008], [84.37851673900008, 25.97522176900003], [84.37804164200008, 25.977044272000057], [84.37751701800005, 25.978673670000035], [84.37636795800006, 25.97903665900003], [84.37510544200006, 25.979227663000074], [84.37444814600008, 25.979187849000027], [84.37350726500006, 25.979350390000036], [84.37229245100008, 25.97967625800004], [84.37180755100007, 25.97996222300003], [84.37147779200006, 25.98037996900007], [84.37140784100006, 25.980848784000045], [84.37146946500008, 25.981391778000045], [84.37088724000006, 25.98134975100004], [84.37041589200004, 25.98140190500004], [84.37006055200004, 25.981703651000032], [84.36968974800004, 25.98218090000006], [84.36968362600004, 25.98262850200007], [84.36981641900007, 25.98336399200008], [84.36981497100004, 25.983947689000047], [84.37000092600005, 25.984350971000026], [84.36988793000006, 25.98482099000006], [84.36966492600004, 25.98521631600005], [84.36895499100007, 25.985839295000062], [84.36818522000004, 25.986288787000035], [84.36768281900004, 25.986691939000025], [84.36706563700005, 25.986884302000078], [84.36677277900003, 25.987125932000026], [84.36655366000008, 25.98763785600005], [84.36691489600008, 25.988133520000076], [84.36726123400007, 25.988824183000077], [84.36732684200007, 25.98948368400005], [84.36705955400004, 25.989841402000025], [84.36725620500005, 25.98993309100007], [84.36798015700003, 25.990340811000067], [84.36839780700006, 25.990601466000044], [84.36902567800007, 25.990720001000057], [84.36975899400005, 25.990777222000077], [84.37109071100008, 25.990720459000045], [84.37160723600005, 25.990725395000027], [84.37195237700007, 25.990754649000053], [84.37225858500005, 25.990901707000035], [84.37247948500004, 25.991070578000063], [84.37259494200003, 25.991300764000073], [84.37273387200008, 25.99158864700007], [84.37278693000007, 25.991879032000043], [84.37282642700006, 25.992403129000024], [84.37292375600003, 25.992731114000037], [84.37306001500008, 25.992941202000054], [84.37365031100006, 25.99321651200006], [84.37401836300006, 25.99328396100003], [84.37446962200005, 25.993271297000035], [84.37517270400008, 25.99338769700006], [84.37561919900008, 25.993861526000046], [84.37577093400006, 25.994518605000053], [84.37598106800004, 25.994999067000037], [84.37618920000006, 25.995421230000034], [84.37650544900004, 25.995859777000078], [84.37694059100005, 25.996003114000075], [84.37745570200008, 25.995969227000046], [84.37787948300007, 25.99578225700003], [84.37832416400005, 25.995575186000053], [84.37892391400004, 25.99549998200007], [84.37948262900005, 25.995484285000032], [84.38034232300004, 25.995460128000047], [84.38056251000006, 25.996232082000063], [84.38038914900005, 25.996820607000075], [84.37983761400005, 25.99767251000003], [84.37923995400007, 25.99906075900003], [84.37958814300003, 25.99948864600003], [84.37962775700004, 25.999701535000042], [84.37982177700007, 26.00002679800008], [84.38008575600008, 26.000378260000048], [84.38035019500006, 26.000743055000044], [84.38085639900004, 26.001174782000078], [84.38136422100007, 26.001398995000045], [84.38189897900008, 26.00134346400006], [84.38263412900005, 26.00120350800006], [84.38349304700006, 26.001226667000026], [84.38408827700005, 26.001099383000053], [84.38423676800005, 26.00128527700008], [84.38431603100008, 26.00205750500004], [84.38435186600003, 26.002612811000063], [84.38487448800004, 26.003541100000064], [84.38503174600004, 26.004575483000053], [84.38535068500005, 26.00535357600006], [84.38571301200005, 26.00635310200005], [84.38595090300004, 26.007279640000036], [84.38585983000007, 26.008127530000024], [84.38745557100003, 26.007785049000063], [84.39085475000007, 26.007399129000078]]]]}}, {"type": "Feature", "properties": {"OBJECTID": 2118, "GPCODE": "98991", "GPNAME_1": "CHAINPUR MUBARAKPUR", "DIST_CEN_C": "16", "BLK_NAME": "SISWAN", "ST_NAME": "BIHAR", "ST_CODE_1": null, "GPCODE2011": "101442", "REMARKS": null, "MAP_STATUS": null, "BLK_C_2001": "160019", "BLK_C_2011": "01247", "DIST_NAME": "SIWAN", "code2011": 0.0, "Shape_Leng": 0.08579533882, "Shape_Area": 0.00032252212, "Area": 3.5807}, "geometry": {"type": "MultiPolygon", "coordinates": [[[[84.42489590500008, 25.99675972500006], [84.42482555000004, 25.99574977800006], [84.42481068300003, 25.995322189000035], [84.42488585200005, 25.995008851000023], [84.42486423300005, 25.99438705400007], [84.42470829000007, 25.993613330000073], [84.42463552500004, 25.992759558000046], [84.42427010100005, 25.992147428000067], [84.42389927800008, 25.991379894000033], [84.42281537700006, 25.991138292000073], [84.42135139300007, 25.991102048000073], [84.41967791800005, 25.99122728800006], [84.41969531200004, 25.990487578000057], [84.41968316500004, 25.990137782000033], [84.41966292000006, 25.989554788000078], [84.41995018300008, 25.989157657000078], [84.41969070200008, 25.98857169000007], [84.41969529800008, 25.98808519100004], [84.41983890100005, 25.987264122000056], [84.41997308200007, 25.986793461000048], [84.41979840800008, 25.986098038000023], [84.41945046900008, 25.98599119100004], [84.41919185500007, 25.985356597000077], [84.41916338800007, 25.98391780700007], [84.41909199000008, 25.98248032500004], [84.41903273600008, 25.981392549000077], [84.41891921800004, 25.980909488000066], [84.41858949200008, 25.98070492200003], [84.41804951200004, 25.980642359000058], [84.41727329900004, 25.980586582000058], [84.41707382500005, 25.980417164000073], [84.41695627400009, 25.98012870900004], [84.41673196200009, 25.979862702000048], [84.41602072600006, 25.979824499000074], [84.41488119800005, 25.979837270000075], [84.41434402300007, 25.979852486000027], [84.41387057500003, 25.979846474000055], [84.41300897100007, 25.979812516000038], [84.41263766900005, 25.979647957000054], [84.41235021400007, 25.97942266700005], [84.41202848900008, 25.978828598000064], [84.41160616200006, 25.979054560000066], [84.41082253600007, 25.97940746200004], [84.40996168800007, 25.980015394000077], [84.40906463300007, 25.980818931000044], [84.40823533000008, 25.981717746000072], [84.40772506700006, 25.98251033200006], [84.40721143200005, 25.983205720000058], [84.40678433600004, 25.983918172000074], [84.40643511300004, 25.984706199000073], [84.40609734100008, 25.985513323000077], [84.40566904600007, 25.98680937200004], [84.40537560400008, 25.988276677000044], [84.40539780100005, 25.98891797300007], [84.40496606700003, 25.989494321000052], [84.40440329800003, 25.99001601300006], [84.40331876800008, 25.990999874000067], [84.40237314400008, 25.991960291000055], [84.40200108500005, 25.992398716000025], [84.40175939000005, 25.992872486000067], [84.40163444500007, 25.99361522600003], [84.40148870000007, 25.994377976000067], [84.40121206000003, 25.995708654000055], [84.40098238300004, 25.997154625000064], [84.40079638100008, 25.99799637800004], [84.40063386200006, 25.998895823000055], [84.40041768100008, 26.000107984000067], [84.40023476100004, 26.00037924800006], [84.40020818000005, 26.000644441000077], [84.40008586600004, 26.000977689000024], [84.39979419600007, 26.001255796000066], [84.40003746600007, 26.00146026300007], [84.40077185900003, 26.001428486000066], [84.40267491100008, 26.001399047000064], [84.40541751700005, 26.001306833000058], [84.40658021300004, 26.001439925000057], [84.40760423500006, 26.00140977700005], [84.40827900200009, 26.00134154400007], [84.40878668300007, 26.00158371400005], [84.40921458300005, 26.00180733700006], [84.40966291700005, 26.00197690300007], [84.41013217100004, 26.00199768400006], [84.41105424300008, 26.00155619700007], [84.41134680700003, 26.00115175800005], [84.41143016100006, 26.00067389700007], [84.41141115300007, 26.000381181000023], [84.41157498000007, 26.000035796000077], [84.41153195200008, 25.99941451600006], [84.41170584800005, 25.99884545200007], [84.41166339100005, 25.99824357700004], [84.41173715700006, 25.997268852000047], [84.41176596200006, 25.996237042000075], [84.41335902200007, 25.99626972300007], [84.41453769300006, 25.996139146000075], [84.41560813500007, 25.995992113000057], [84.41651076400007, 25.99596654000004], [84.41743901100006, 25.996056949000035], [84.41796018000008, 25.996197734000077], [84.41865533600009, 25.996392034000053], [84.41914494200006, 25.99686452000003], [84.41999115000004, 25.996762657000033], [84.42143113100008, 25.996721817000036], [84.42274141700005, 25.996665223000036], [84.42390458800008, 25.996709993000024], [84.42459570100004, 25.996787668000024], [84.42489590500008, 25.99675972500006]]]]}}, {"type": "Feature", "properties": {"OBJECTID": 2119, "GPCODE": "98992", "GPNAME_1": "GANGPUR SISWAN", "DIST_CEN_C": "16", "BLK_NAME": "SISWAN", "ST_NAME": "BIHAR", "ST_CODE_1": null, "GPCODE2011": "101443", "REMARKS": null, "MAP_STATUS": null, "BLK_C_2001": "160019", "BLK_C_2011": "01247", "DIST_NAME": "SIWAN", "code2011": 0.0, "Shape_Leng": 0.18148090681, "Shape_Area": 0.00148533246, "Area": 16.4981}, "geometry": {"type": "MultiPolygon", "coordinates": [[[[84.41225598900007, 25.95521728500006], [84.41432900500007, 25.954224837000027], [84.41562853600004, 25.953254282000046], [84.41656030300004, 25.952838788000065], [84.41710948700006, 25.952550850000023], [84.41788283200003, 25.952528925000024], [84.41963635200005, 25.952245762000075], [84.42154695100004, 25.952152712000043], [84.42360112700004, 25.951860973000066], [84.42518542800008, 25.951660332000074], [84.42659522600007, 25.95138685200004], [84.42800356600003, 25.951074556000037], [84.42946150600005, 25.950332720000063], [84.43012329500004, 25.94957475600006], [84.43049502700006, 25.94913616100007], [84.43145756600006, 25.94836963800003], [84.43165344000005, 25.947819323000033], [84.43157388900005, 25.946771127000034], [84.43118286300006, 25.945420572000046], [84.43164593900008, 25.945135121000078], [84.43231580300005, 25.94461025800007], [84.43225664600004, 25.944145069000058], [84.43226847700004, 25.943560774000048], [84.43167455300005, 25.94132108900004], [84.43149824400007, 25.93996442200006], [84.43050009300003, 25.937230507000038], [84.42947256200006, 25.935509039000067], [84.42918510400006, 25.93466124500003], [84.42853633100003, 25.933318001000032], [84.42757198200007, 25.931555784000068], [84.42703089600008, 25.93083191100004], [84.42658916200008, 25.93049430600007], [84.42611657100008, 25.93050773400006], [84.42578374000004, 25.93082841000006], [84.42550328000004, 25.93141997200007], [84.42530200100003, 25.93181478300005], [84.42483761100004, 25.932061412000053], [84.42435961100006, 25.931919332000064], [84.42388982000006, 25.93201054800005], [84.42359449400004, 25.932174497000062], [84.42320783200006, 25.93218547600003], [84.42299034400008, 25.932113869000034], [84.42253646700004, 25.93142644200003], [84.42192567200004, 25.931171406000033], [84.42134177200006, 25.931693791000043], [84.42036860600007, 25.932149345000028], [84.41968405900008, 25.93224658500003], [84.41899933000008, 25.932343847000027], [84.41826902400004, 25.932364561000043], [84.41778563900004, 25.932067051000047], [84.41749557100007, 25.93114152800007], [84.41711013300005, 25.929946333000032], [84.41678761800006, 25.92808797600003], [84.41634310800004, 25.92642766800003], [84.41513206800005, 25.924983586000053], [84.41427679800006, 25.92387947700007], [84.41367260100003, 25.92257384100003], [84.41328299500003, 25.920017053000038], [84.41310162400003, 25.918504837000057], [84.41305717600005, 25.917222180000067], [84.41285434800005, 25.916333106000025], [84.41202619000006, 25.916006406000065], [84.41120332200006, 25.91583520900008], [84.41080872000003, 25.915523585000074], [84.41023308800004, 25.91595556200008], [84.40905506900003, 25.91604837500006], [84.40682804200009, 25.916170770000065], [84.40553525800004, 25.91674178200003], [84.40347016200008, 25.917750316000024], [84.40219375600003, 25.918795999000054], [84.40155456900004, 25.919289131000028], [84.39998717100008, 25.919511529000033], [84.39861039100003, 25.919550413000024], [84.39645902300003, 25.919967472000053], [84.39409858400006, 25.920033983000053], [84.39239804100004, 25.920200780000073], [84.39056426600007, 25.920311850000076], [84.38885758000004, 25.920300573000077], [84.38793971900003, 25.920326431000035], [84.38689884900003, 25.92059323600006], [84.38482935800005, 25.921482894000064], [84.38341146800008, 25.92223544600006], [84.38090961800003, 25.923909232000028], [84.37916993400006, 25.924848906000022], [84.37794253100003, 25.92541784200006], [84.37716795200004, 25.92579593000005], [84.37644468900004, 25.92575688000005], [84.37534641500008, 25.92626279500007], [84.37482798100007, 25.926455470000064], [84.37364973400008, 25.92654792600007], [84.37286301400007, 25.92657001200007], [84.37181799200005, 25.926718178000044], [84.37038774600006, 25.92711453800007], [84.36838973600004, 25.92818016900003], [84.36908405200006, 25.929288937000024], [84.37091347100005, 25.93095975500006], [84.37202778800008, 25.932828826000048], [84.37338201400007, 25.934037887000045], [84.37516430500006, 25.93624440800005], [84.37642075100007, 25.93628607000005], [84.37711448400006, 25.936441656000056], [84.37834495300007, 25.93656264200007], [84.37983926300006, 25.936851369000067], [84.38054112800006, 25.93724014600008], [84.38105814500005, 25.937886975000026], [84.38149524500005, 25.938711124000065], [84.38189751300007, 25.939147165000065], [84.38219974100008, 25.93980003000007], [84.38266567400007, 25.940837377000037], [84.38333792700007, 25.941615969000054], [84.38438690100008, 25.942714685000055], [84.38521759300005, 25.94434476400005], [84.38592402200004, 25.946114473000023], [84.38627590300007, 25.94696042700008], [84.38636583100003, 25.94769713000005], [84.38641675000008, 25.94855155600004], [84.38720602000006, 25.94835425900004], [84.38797918500006, 25.948313065000036], [84.38930772400005, 25.94815938800008], [84.38972003300006, 25.947641786000077], [84.38979535900006, 25.94732835800005], [84.39099479400005, 25.947177751000027], [84.39161865300008, 25.947179590000076], [84.39190409400004, 25.94796950700004], [84.39181535900008, 25.948516839000035], [84.39212293600008, 25.94870284900003], [84.39361865400008, 25.948407640000028], [84.39468912600006, 25.94826073400003], [84.39620763700003, 25.948003792000065], [84.39775018900008, 25.94782403000005], [84.39852794700005, 25.947918884000046], [84.39865080200008, 25.94836295300007], [84.39896238500006, 25.948976952000066], [84.39916723200008, 25.95054748700005], [84.39952449800006, 25.95154928000005], [84.39954469300005, 25.95275536200006], [84.39968036100004, 25.95419161500007], [84.39994433800007, 25.95560473000006], [84.40064215600006, 25.95550337700007], [84.40179480400008, 25.955237387000068], [84.40271441500005, 25.95507526700004], [84.40369649300004, 25.954852927000047], [84.40477000400006, 25.95478373900005], [84.40607413600009, 25.954302830000074], [84.40632663000008, 25.95538507300006], [84.40649586300003, 25.956547358000023], [84.40730957100004, 25.956446564000032], [84.40799295200009, 25.956310517000077], [84.40871263000008, 25.955978944000037], [84.40947802200003, 25.955723853000052], [84.41101802200006, 25.955485768000074], [84.41225598900007, 25.95521728500006]]]]}}, {"type": "Feature", "properties": {"OBJECTID": 2120, "GPCODE": "98993", "GPNAME_1": "GHURGHAT", "DIST_CEN_C": "16", "BLK_NAME": "SISWAN", "ST_NAME": "BIHAR", "ST_CODE_1": null, "GPCODE2011": "101444", "REMARKS": null, "MAP_STATUS": null, "BLK_C_2001": "160019", "BLK_C_2011": "01247", "DIST_NAME": "SIWAN", "code2011": 0.0, "Shape_Leng": 0.15687610468, "Shape_Area": 0.00057887, "Area": 6.42785}, "geometry": {"type": "MultiPolygon", "coordinates": [[[[84.40539780100005, 25.98891797300007], [84.40537560400008, 25.988276677000044], [84.40566904600007, 25.98680937200004], [84.40609734100008, 25.985513323000077], [84.40643511300004, 25.984706199000073], [84.40678433600004, 25.983918172000074], [84.40721143200005, 25.983205720000058], [84.40772506700006, 25.98251033200006], [84.40823533000008, 25.981717746000072], [84.40906463300007, 25.980818931000044], [84.40996168800007, 25.980015394000077], [84.41082253600007, 25.97940746200004], [84.41160616200006, 25.979054560000066], [84.41202848900008, 25.978828598000064], [84.41271199300007, 25.978070024000033], [84.41288518200008, 25.97748154800007], [84.41301408300006, 25.977166597000064], [84.41304623300005, 25.97685438700006], [84.41312411400008, 25.976618752000036], [84.41313480100007, 25.97630724100003], [84.41300737500006, 25.975480960000027], [84.41281108800007, 25.974786229000074], [84.41240657700007, 25.97429188800004], [84.41174418000008, 25.973804938000058], [84.41103730500004, 25.973280309000074], [84.41085460300008, 25.972974271000055], [84.41077790000008, 25.972003787000062], [84.41110569200004, 25.971527649000052], [84.41008444900007, 25.970622924000054], [84.40952942900003, 25.96951041400007], [84.40945134300006, 25.967256190000057], [84.40916239900008, 25.96636957800007], [84.40884115300008, 25.96455015500004], [84.40932225500006, 25.964769974000035], [84.40972672300006, 25.965264327000057], [84.40995109400006, 25.965530252000065], [84.41042402000005, 25.965516868000066], [84.41058391900003, 25.96516219600005], [84.41021160800005, 25.964355816000023], [84.40979637000004, 25.963550558000065], [84.40941205100006, 25.962394276000055], [84.40907750000008, 25.96143117200006], [84.40914009600004, 25.960868925000057], [84.40885665200005, 25.96013771300005], [84.40861624100006, 25.959405283000024], [84.40829257100006, 25.958753080000065], [84.40784810000008, 25.958337726000025], [84.40741843100005, 25.95834988000007], [84.40660212300008, 25.95837296700006], [84.40649586300003, 25.956547358000023], [84.40632663000008, 25.95538507300006], [84.40607413600009, 25.954302830000074], [84.40477000400006, 25.95478373900005], [84.40369649300004, 25.954852927000047], [84.40271441500005, 25.95507526700004], [84.40179480400008, 25.955237387000068], [84.40064215600006, 25.95550337700007], [84.39994433800007, 25.95560473000006], [84.40005716800005, 25.956379988000037], [84.40029022300007, 25.958144305000076], [84.40036013100007, 25.958920774000035], [84.40014526900006, 25.959238329000073], [84.39953267000004, 25.959567022000044], [84.39875161800006, 25.959997762000057], [84.39831505300003, 25.96043819600004], [84.39803564900006, 25.961068780000062], [84.39823241500005, 25.961783310000044], [84.39846082300005, 25.962788827000054], [84.39859451500007, 25.963501914000062], [84.39805713000004, 25.96355914800006], [84.39694216300006, 25.96366848400004], [84.39545843800005, 25.96369082800004], [84.39425147000009, 25.963627575000032], [84.39338967600008, 25.96359351700005], [84.39270123900008, 25.963593411000033], [84.39187845300006, 25.96344152900008], [84.39139632800004, 25.963214599000025], [84.39078189800006, 25.962239649000026], [84.39002047900004, 25.96136603900004], [84.38936905300005, 25.961189803000025], [84.38819787200003, 25.960911487000033], [84.38733563300008, 25.960857986000065], [84.38660103600006, 25.960761860000048], [84.38603825400008, 25.96066098600005], [84.38556554700006, 25.960674291000032], [84.38517735400006, 25.96064628000005], [84.38451265300006, 25.96008131600007], [84.38382892100003, 25.960217268000065], [84.38271417200008, 25.960326405000046], [84.38142483500008, 25.96036266300007], [84.37949479100007, 25.96053372700004], [84.37846866700005, 25.960718213000064], [84.37755941400007, 25.961144991000026], [84.37778754400006, 25.962150173000055], [84.37843260100004, 25.963707701000033], [84.37849624900008, 25.964308909000067], [84.37891777500005, 25.96530865400007], [84.37900623700006, 25.966006548000053], [84.38003887700006, 25.96606349800004], [84.38079650300006, 25.96619785200005], [84.38126398100007, 25.96602905900005], [84.38181284000007, 25.965721932000065], [84.38234815600003, 25.96564852100005], [84.38339598500005, 25.965463492000026], [84.38381445400006, 25.965743415000077], [84.38446321700008, 25.96584187800005], [84.38576299800008, 25.965474672000028], [84.38644671400004, 25.965961039000035], [84.38736079200004, 25.966888355000037], [84.38784567800008, 25.967224755000075], [84.38880487000006, 25.96696431400005], [84.38983726700008, 25.966954749000024], [84.39080317500003, 25.966266274000077], [84.39179111600004, 25.965927501000067], [84.39211673700004, 25.96663822000005], [84.39219799700004, 25.967744997000068], [84.39235908000006, 25.968674360000023], [84.39265586800008, 25.969171881000022], [84.39312784800006, 25.969443460000036], [84.39348108000007, 25.96970568300003], [84.39375975200005, 25.970300637000037], [84.39396051100005, 25.971131125000056], [84.39397113000007, 25.972064174000025], [84.39378175400003, 25.972808460000067], [84.39345197700004, 25.973226074000024], [84.39262318600004, 25.973521709000067], [84.39121075100007, 25.973736493000047], [84.39013892300005, 25.973844469000028], [84.38899780300005, 25.973818254000037], [84.38771235000007, 25.973971165000023], [84.38653633100006, 25.974179250000077], [84.38546784100004, 25.974384300000054], [84.38431261200003, 25.97457236200006], [84.38373767200005, 25.974744093000027], [84.38386059400005, 25.975187885000025], [84.38444948400007, 25.97542407700007], [84.38577970100005, 25.97626246300007], [84.38669961000005, 25.976742364000074], [84.38779950000009, 25.97745062000007], [84.38957631900007, 25.97782859700004], [84.39135304500007, 25.97820646400004], [84.39202055300007, 25.978849095000044], [84.39277528100007, 25.97828309700003], [84.39306941100006, 25.978080314000067], [84.39367242500003, 25.978102250000063], [84.39406727900007, 25.978324546000067], [84.39475760200008, 25.978382860000067], [84.39548962000003, 25.97840115200006], [84.39580656300006, 25.978859068000077], [84.39595291500007, 25.979360732000032], [84.39585891500008, 25.980374965000067], [84.39602539000003, 25.980837033000057], [84.39572725600004, 25.982168321000074], [84.39567350000004, 25.983103546000052], [84.39531621300006, 25.98396964500006], [84.39537793800008, 25.984512537000057], [84.39578086800003, 25.984968027000036], [84.39597295200008, 25.985546269000054], [84.39561163000008, 25.986295675000065], [84.39562371100004, 25.986645474000056], [84.39530408200005, 25.98735486000004], [84.39525971700004, 25.988562178000052], [84.39540473500006, 25.989024941000025], [84.39597426300008, 25.989320175000046], [84.39645368500004, 25.98950114400003], [84.39697211900005, 25.98956429800006], [84.39740468300005, 25.989629964000073], [84.39782371200005, 25.989306845000044], [84.39841334700003, 25.988940068000034], [84.39871152300003, 25.988853875000075], [84.39919104900008, 25.989034832000073], [84.39967595200005, 25.98937128500006], [84.40038236400005, 25.98989606600003], [84.40083374500006, 25.990505822000046], [84.40110232500007, 25.99080953500004], [84.40197004900006, 25.991018457000052], [84.40237314400008, 25.991960291000055], [84.40331876800008, 25.990999874000067], [84.40440329800003, 25.99001601300006], [84.40496606700003, 25.989494321000052], [84.40539780100005, 25.98891797300007]]]]}}, {"type": "Feature", "properties": {"OBJECTID": 2121, "GPCODE": "98994", "GPNAME_1": "GYASPUR", "DIST_CEN_C": "16", "BLK_NAME": "SISWAN", "ST_NAME": "BIHAR", "ST_CODE_1": null, "GPCODE2011": "101445", "REMARKS": null, "MAP_STATUS": null, "BLK_C_2001": "160019", "BLK_C_2011": "01247", "DIST_NAME": "SIWAN", "code2011": 0.0, "Shape_Leng": 0.22668424767, "Shape_Area": 0.00185556504, "Area": 20.6142}, "geometry": {"type": "MultiPolygon", "coordinates": [[[[84.43411590700003, 25.943508207000036], [84.43435739100005, 25.94303446200007], [84.43438010900007, 25.942450225000073], [84.43394102100007, 25.942190349000043], [84.43418385900009, 25.941755501000046], [84.43503495500005, 25.941497840000068], [84.43549259100007, 25.941056875000072], [84.43573281200008, 25.940544226000043], [84.43596616100007, 25.939837272000034], [84.43573782100003, 25.939454773000023], [84.43567865300008, 25.93898958400007], [84.43588126600008, 25.93863366000005], [84.43630544700005, 25.93846592600005], [84.43715787300005, 25.938247150000052], [84.43779955800005, 25.938151], [84.43801435600005, 25.938144881000028], [84.43902138200008, 25.938660939000044], [84.43928055500004, 25.938692399000047], [84.43983359400005, 25.93852107600003], [84.43966087600006, 25.93819535700004], [84.43944246700005, 25.937481846000026], [84.43890264500004, 25.93679691600005], [84.43841174200008, 25.93628566800004], [84.43796297000006, 25.935131264000063], [84.43767274800007, 25.93420578000007], [84.43762893900004, 25.933565074000057], [84.43771330800007, 25.932901294000033], [84.43802126800006, 25.93248400400006], [84.43843323300007, 25.931966454000076], [84.43949430100008, 25.931566640000028], [84.44041182800004, 25.93136541100006], [84.44190577900008, 25.930739224000035], [84.44343873400004, 25.93030641200005], [84.44380022500007, 25.92926514000004], [84.44390059000006, 25.92844524000003], [84.44419045400008, 25.92812574900006], [84.44466022000006, 25.92803456400003], [84.44499988100006, 25.927908153000033], [84.44592041000004, 25.92718156600006], [84.44680082800005, 25.926533900000038], [84.44763686500005, 25.925848651000024], [84.44785164200005, 25.925842518000024], [84.44867598400003, 25.92605241900003], [84.44977839400008, 25.926837972000044], [84.45074653400007, 25.927471696000055], [84.45139495000006, 25.92756988800005], [84.45208220600006, 25.927550249000035], [84.45306075900004, 25.927249902000028], [84.45386462500005, 25.926876761000074], [84.45402425400005, 25.92652203700004], [84.45411639300005, 25.92546892200005], [84.45404765100005, 25.924731721000057], [84.45402589800005, 25.924109805000057], [84.45404978100004, 25.923564458000044], [84.45446437300006, 25.923124659000052], [84.45686136700004, 25.923365111000066], [84.45722773500006, 25.92242611200004], [84.45435533300008, 25.922466393000036], [84.45518586200006, 25.92162559800005], [84.45588890100004, 25.920827383000073], [84.45633832800007, 25.92015304800003], [84.45622248100005, 25.919300473000078], [84.45619392000003, 25.91848424500006], [84.45612234500004, 25.91766924700005], [84.45597446600004, 25.91712871900006], [84.45548163200004, 25.91655921200004], [84.45546531400004, 25.916092795000054], [84.45505967000008, 25.91555973100003], [84.45490772200003, 25.91490268800004], [84.45492616000007, 25.91420183500003], [84.45532168000005, 25.913217815000053], [84.45612555200006, 25.91284465600006], [84.45702078400006, 25.912624537000056], [84.45785939500007, 25.91201693100004], [84.45831452900006, 25.911567856000033], [84.45804389500006, 25.911518715000057], [84.45734205000008, 25.911023036000074], [84.45736843100008, 25.91014530500007], [84.45842036300007, 25.90923831400005], [84.45832183200008, 25.908054771000025], [84.45803455100008, 25.90584620100003], [84.46027596900007, 25.905373318000045], [84.45948281100004, 25.900777773000073], [84.45956178400007, 25.897873744000037], [84.45926267600004, 25.894490078000047], [84.45868294800005, 25.890828430000056], [84.45831764000008, 25.88916923200003], [84.45290462000008, 25.886354752000045], [84.44811369500007, 25.882662632000063], [84.44201577400008, 25.882119421000027], [84.43963324800006, 25.882008047000056], [84.43593971000007, 25.883394502000044], [84.43590099700003, 25.884167653000077], [84.43514956100006, 25.885198600000024], [84.43559247100006, 25.88661133100004], [84.43495181400004, 25.886641912000073], [84.43352430100003, 25.887616343000047], [84.43239322900007, 25.88846559900003], [84.43085298800008, 25.889910101000055], [84.42913684200005, 25.891242866000027], [84.42835745100007, 25.892315531000065], [84.42698748500004, 25.893716208000058], [84.42553978600006, 25.895352616000025], [84.42426911900003, 25.896516907000034], [84.42288031100009, 25.897995953000077], [84.42151707400006, 25.89959097800005], [84.42059785400005, 25.90035633800005], [84.41997657600007, 25.901035361000027], [84.41927192500003, 25.90054953500004], [84.41894295600008, 25.89974182000003], [84.41828502900006, 25.898126386000058], [84.41754939700007, 25.89674659600007], [84.41625905700005, 25.89316896100007], [84.41012459300003, 25.89671769000006], [84.41155071500003, 25.900002935000032], [84.41320007500008, 25.902153472000066], [84.41426768300005, 25.90455806400007], [84.41526563300005, 25.906845781000072], [84.41860401400004, 25.91322421700005], [84.41914908700005, 25.913802572000066], [84.41911849500008, 25.914812959000074], [84.41767001300008, 25.914675929000055], [84.41562322300007, 25.914318265000077], [84.41307456500004, 25.91462798500004], [84.41138439200006, 25.915091561000054], [84.41080872000003, 25.915523585000074], [84.41120332200006, 25.91583520900008], [84.41202619000006, 25.916006406000065], [84.41285434800005, 25.916333106000025], [84.41305717600005, 25.917222180000067], [84.41310162400003, 25.918504837000057], [84.41328299500003, 25.920017053000038], [84.41367260100003, 25.92257384100003], [84.41427679800006, 25.92387947700007], [84.41513206800005, 25.924983586000053], [84.41634310800004, 25.92642766800003], [84.41678761800006, 25.92808797600003], [84.41711013300005, 25.929946333000032], [84.41749557100007, 25.93114152800007], [84.41778563900004, 25.932067051000047], [84.41826902400004, 25.932364561000043], [84.41899933000008, 25.932343847000027], [84.41968405900008, 25.93224658500003], [84.42036860600007, 25.932149345000028], [84.42134177200006, 25.931693791000043], [84.42192567200004, 25.931171406000033], [84.42253646700004, 25.93142644200003], [84.42299034400008, 25.932113869000034], [84.42320783200006, 25.93218547600003], [84.42359449400004, 25.932174497000062], [84.42388982000006, 25.93201054800005], [84.42435961100006, 25.931919332000064], [84.42483761100004, 25.932061412000053], [84.42530200100003, 25.93181478300005], [84.42550328000004, 25.93141997200007], [84.42578374000004, 25.93082841000006], [84.42611657100008, 25.93050773400006], [84.42658916200008, 25.93049430600007], [84.42703089600008, 25.93083191100004], [84.42757198200007, 25.931555784000068], [84.42853633100003, 25.933318001000032], [84.42918510400006, 25.93466124500003], [84.42947256200006, 25.935509039000067], [84.43050009300003, 25.937230507000038], [84.43149824400007, 25.93996442200006], [84.43167455300005, 25.94132108900004], [84.43226847700004, 25.943560774000048], [84.43295457000005, 25.94350231800007], [84.43373462700004, 25.943674713000064], [84.43411590700003, 25.943508207000036]]]]}}, {"type": "Feature", "properties": {"OBJECTID": 2122, "GPCODE": "98995", "GPNAME_1": "KACHNAR", "DIST_CEN_C": "16", "BLK_NAME": "SISWAN", "ST_NAME": "BIHAR", "ST_CODE_1": null, "GPCODE2011": "101446", "REMARKS": null, "MAP_STATUS": null, "BLK_C_2001": "160019", "BLK_C_2011": "01247", "DIST_NAME": "SIWAN", "code2011": 0.0, "Shape_Leng": 0.2248818402, "Shape_Area": 0.00085494433, "Area": 9.4944}, "geometry": {"type": "MultiPolygon", "coordinates": [[[[84.36705955400004, 25.989841402000025], [84.36732684200007, 25.98948368400005], [84.36726123400007, 25.988824183000077], [84.36691489600008, 25.988133520000076], [84.36655366000008, 25.98763785600005], [84.36677277900003, 25.987125932000026], [84.36706563700005, 25.986884302000078], [84.36768281900004, 25.986691939000025], [84.36818522000004, 25.986288787000035], [84.36895499100007, 25.985839295000062], [84.36966492600004, 25.98521631600005], [84.36988793000006, 25.98482099000006], [84.37000092600005, 25.984350971000026], [84.36981497100004, 25.983947689000047], [84.36981641900007, 25.98336399200008], [84.36968362600004, 25.98262850200007], [84.36968974800004, 25.98218090000006], [84.37006055200004, 25.981703651000032], [84.37041589200004, 25.98140190500004], [84.37088724000006, 25.98134975100004], [84.37146946500008, 25.981391778000045], [84.37140784100006, 25.980848784000045], [84.37147779200006, 25.98037996900007], [84.37180755100007, 25.97996222300003], [84.37229245100008, 25.97967625800004], [84.37350726500006, 25.979350390000036], [84.37444814600008, 25.979187849000027], [84.37510544200006, 25.979227663000074], [84.37636795800006, 25.97903665900003], [84.37751701800005, 25.978673670000035], [84.37804164200008, 25.977044272000057], [84.37851673900008, 25.97522176900003], [84.37890769000006, 25.97408248800008], [84.37887626800006, 25.973169081000037], [84.37849973900006, 25.971915135000074], [84.37816542000007, 25.971574385000054], [84.37754974300003, 25.97118318100007], [84.37684276000005, 25.970638889000043], [84.37646819000008, 25.970377045000077], [84.37615400800007, 25.96999678900005], [84.37593924000004, 25.969380313000045], [84.37580375200008, 25.968567025000027], [84.37585564300008, 25.967573496000057], [84.37589598500006, 25.96687198400008], [84.37719596100004, 25.96652426600008], [84.37802864700006, 25.966345225000055], [84.37900623700006, 25.966006548000053], [84.37891777500005, 25.96530865400007], [84.37849624900008, 25.964308909000067], [84.37843260100004, 25.963707701000033], [84.37778754400006, 25.962150173000055], [84.37755941400007, 25.961144991000026], [84.37638447200004, 25.961372488000052], [84.37518529000005, 25.96152287700005], [84.37467288900007, 25.961634556000035], [84.37419273600005, 25.962056537000024], [84.37345614600008, 25.962524650000034], [84.37294918400005, 25.962791821000053], [84.37247513100004, 25.962766188000046], [84.37210649900004, 25.962679238000078], [84.37152056500008, 25.96189809400005], [84.37102716400005, 25.961308847000055], [84.37101448700008, 25.960939636000035], [84.37089305500007, 25.960534540000026], [84.37079308400007, 25.960128750000024], [84.37051108500003, 25.960058880000076], [84.36985378000008, 25.960330259000045], [84.36956632300007, 25.96072730800006], [84.36943721900008, 25.96135343800006], [84.36945323100008, 25.961819940000055], [84.36957399400006, 25.962205634000043], [84.36956987400004, 25.962711544000058], [84.36930988100005, 25.963282986000024], [84.36912516000007, 25.96385222500004], [84.36903508000006, 25.964360544000044], [84.36872738400007, 25.964797185000066], [84.36845414600003, 25.96497991700005], [84.36797942100003, 25.964934867000068], [84.36767127900004, 25.964729497000064], [84.36742629800005, 25.96448342000008], [84.36720135000007, 25.96419793800004], [84.36712495700004, 25.96384993600003], [84.36696050400008, 25.963446043000033], [84.36674845600004, 25.96290725600005], [84.36665326700006, 25.96263755900003], [84.36636993000008, 25.96252878300004], [84.36588588300003, 25.962211624000076], [84.36543273500007, 25.96216596200003], [84.36498015300003, 25.96213979600003], [84.36451076800006, 25.96225014500004], [84.36406494900007, 25.962418281000055], [84.36293612900005, 25.962741677000054], [84.36197, 25.96278823700004], [84.36130523300005, 25.962845687000026], [84.36067883900006, 25.962766017000035], [84.36039084500004, 25.962521133000052], [84.36019147500008, 25.962351640000065], [84.36002914500006, 25.962006038000027], [84.35995000700007, 25.961580238000067], [84.35967643100008, 25.960498525000048], [84.35935863400005, 25.95906790400005], [84.35897754600006, 25.957989104000035], [84.35874208400008, 25.957392694000077], [84.35846093400005, 25.956719691000046], [84.35820600700004, 25.956182090000027], [84.35816192300007, 25.955521876000034], [84.35786198000005, 25.954927268000063], [84.35789488000006, 25.95424649200004], [84.35648929100006, 25.95345443100007], [84.35567794200006, 25.95276448800007], [84.35530738600005, 25.95152779700004], [84.35479152100004, 25.94987948200003], [84.35421615200005, 25.948411029000056], [84.35339539700004, 25.945524172000034], [84.35285930000003, 25.943282613000065], [84.35206091700007, 25.941048376000026], [84.35157819200003, 25.938448907000065], [84.35093133400005, 25.936804317000053], [84.35035809200008, 25.93539505800004], [84.34986870400007, 25.93451797700004], [84.34935020100005, 25.93471065700004], [84.34872288400004, 25.935559453000053], [84.34789876300005, 25.93641382900006], [84.34707068300008, 25.93714957000003], [84.34642906400006, 25.937583158000052], [84.34499862100006, 25.937979374000065], [84.34373855700005, 25.937598824000077], [84.34259553700008, 25.936799316000076], [84.34172079200005, 25.936170435000065], [84.34093188200006, 25.936133048000045], [84.33995890800009, 25.935506985000075], [84.33843254800007, 25.935015070000077], [84.33705144000004, 25.934934783000074], [84.33647347900006, 25.935307188000024], [84.33650176500004, 25.93613777300004], [84.33716055900004, 25.93813840100006], [84.33761671400003, 25.939966647000062], [84.33841079500007, 25.94208233200004], [84.34182272000004, 25.942046658000038], [84.34492292800007, 25.942494658000044], [84.34612361700005, 25.943054965000044], [84.34650611000006, 25.94464766400006], [84.34569214300006, 25.945798681000042], [84.34525943800008, 25.946582747000036], [84.34573588300003, 25.949004098000046], [84.34635166600003, 25.951659221000057], [84.34706493700008, 25.95140175100005], [84.34752803500004, 25.951507571000036], [84.34849678700004, 25.95296515700005], [84.34975029200007, 25.955067949000068], [84.34938063400006, 25.95674099300004], [84.34956912200005, 25.958231760000047], [84.34962810100006, 25.959958004000043], [84.34947042300007, 25.961717539000063], [84.34935428300008, 25.963354872000025], [84.34887183000006, 25.964340985000035], [84.34849967100007, 25.964779383000064], [84.34843628400006, 25.965442593000034], [84.34841061300006, 25.965949008000052], [84.34786652600008, 25.966392202000065], [84.34752411400007, 25.96644069000007], [84.34713734300004, 25.966451480000046], [84.34665664700003, 25.966231461000064], [84.34585921700005, 25.965553326000077], [84.34579505700003, 25.96493261100005], [84.34543141900008, 25.964359182000067], [84.34499233600008, 25.96409906200006], [84.34426050900004, 25.964080530000047], [84.34344670500008, 25.964181086000053], [84.34272150600003, 25.964356855000062], [84.34274139800004, 25.964939962000074], [84.34277189700003, 25.965833979000024], [84.34311646700007, 25.96710822700004], [84.34331879000007, 25.967997454000056], [84.34343392900007, 25.968850175000057], [84.34374113200005, 25.969658607000042], [84.34400952900006, 25.969962331000033], [84.34439896700007, 25.970029345000057], [84.34455364700005, 25.969519244000026], [84.34467590500003, 25.969321252000043], [84.34552348800008, 25.968947478000075], [84.34607821100008, 25.96881529500007], [84.34641134200007, 25.96849479900004], [84.34652961600005, 25.968180202000042], [84.34673517800007, 25.967902106000054], [84.34724298300006, 25.96765451400006], [84.34749811200004, 25.967569618000027], [84.34788223000004, 25.967481031000034], [84.34814542500004, 25.967629336000073], [84.34846350000004, 25.968126251000058], [84.34855600100008, 25.968318254000053], [84.34898315200007, 25.96822846400005], [84.34979166800008, 25.967972471000053], [84.35069809700008, 25.968063881000035], [84.35131566900003, 25.968513493000046], [84.35193324900007, 25.96896319500007], [84.35237226200007, 25.969223297000042], [84.35264609700005, 25.969682504000048], [84.35296153500008, 25.970101613000054], [84.35301377000008, 25.970372516000054], [84.35307940000007, 25.971032121000064], [84.35297034000007, 25.97161873500005], [84.35191598000006, 25.972231842000042], [84.35111132600008, 25.972604450000063], [84.35004499100006, 25.972867645000065], [84.34961649500008, 25.972918540000023], [84.34910479100006, 25.97304953400004], [84.34904007400007, 25.97367384200004], [84.34914861400006, 25.97433215700005], [84.34937808900008, 25.974753763000024], [84.34947999200006, 25.975217771000075], [84.350079, 25.975123275000044], [84.35083399500007, 25.97455747600003], [84.35155126500007, 25.974148375000027], [84.35214096300007, 25.973781768000038], [84.35256547300008, 25.973614264000048], [84.35299918500004, 25.973718864000034], [84.35326229800006, 25.973867163000023], [84.35390698800006, 25.97384915300006], [84.35430707800003, 25.974227050000025], [84.35440368300004, 25.97453564800003], [84.35441963800008, 25.97500205500006], [84.35422062600009, 25.975474468000073], [84.35406741000008, 25.976023472000065], [84.35360660600008, 25.976386485000035], [84.35332969900008, 25.97709449900003], [84.35334698100007, 25.977599803000032], [84.35314407800007, 25.97795570200003], [84.35302049100005, 25.978114710000057], [84.35246440800006, 25.978208110000025], [84.35185475700007, 25.977991709000037], [84.35116046700006, 25.97781651200006], [84.35081404000005, 25.977748405000057], [84.35055613600008, 25.977755605000027], [84.35042723400005, 25.977759203000062], [84.35053180000006, 25.978300914000044], [84.35059200400008, 25.97880502000004], [84.35051799400009, 25.979157316000055], [84.35049631700008, 25.979780420000054], [84.35064116200004, 25.980243228000063], [84.35090704300006, 25.98046923100003], [84.35133812100008, 25.980496131000052], [84.35167658300008, 25.980331033000027], [84.35179096900004, 25.97989983100007], [84.35216183400007, 25.97942262400005], [84.35257961700006, 25.97906081800005], [84.35331285800004, 25.97911811700004], [84.35392517800005, 25.979412308000065], [84.35437619700008, 25.980022206000058], [84.35482466100007, 25.980554305000055], [84.35558318700004, 25.981350190000057], [84.35648288000004, 25.981869673000062], [84.35714347500004, 25.982318058000033], [84.35759052800006, 25.982811345000073], [84.35800396600007, 25.983577930000024], [84.35799829400008, 25.98466743700004], [84.35788490700008, 25.986382543000047], [84.35804842000005, 25.987389540000038], [84.35837323700008, 25.988080731000025], [84.35851955400005, 25.988582423000025], [84.35857447000006, 25.988931024000067], [84.35988403600004, 25.98885546300005], [84.36028009500006, 25.989116743000068], [84.36069489900007, 25.989922123000042], [84.36127500400005, 25.99052838800003], [84.36259939300004, 25.990257900000074], [84.36426634700007, 25.989938875000064], [84.36537850200006, 25.989752176000025], [84.36705955400004, 25.989841402000025]]]]}}, {"type": "Feature", "properties": {"OBJECTID": 2123, "GPCODE": "98996", "GPNAME_1": "NAYAGAON", "DIST_CEN_C": "16", "BLK_NAME": "SISWAN", "ST_NAME": "BIHAR", "ST_CODE_1": null, "GPCODE2011": "101447", "REMARKS": null, "MAP_STATUS": null, "BLK_C_2001": "160019", "BLK_C_2011": "01247", "DIST_NAME": "SIWAN", "code2011": 0.0, "Shape_Leng": 0.21473559745, "Shape_Area": 0.00089366098, "Area": 9.9195}, "geometry": {"type": "MultiPolygon", "coordinates": [[[[84.42489590500008, 25.99675972500006], [84.42522136400004, 25.996497361000024], [84.42662138300005, 25.995577104000063], [84.42776036500004, 25.995389381000052], [84.42925164900004, 25.99545056200003], [84.43109895100008, 25.995864176000055], [84.43277281300004, 25.996230970000056], [84.43412555600008, 25.99642555300005], [84.43576543100005, 25.99663791000006], [84.43651103300004, 25.996668511000053], [84.43706688800006, 25.995930869000063], [84.43716061100008, 25.995332575000077], [84.43713986200004, 25.994737448000024], [84.43700645400008, 25.99419744000005], [84.43698751000005, 25.993654083000024], [84.43726460500005, 25.993387178000035], [84.43523540600006, 25.993236357000058], [84.43415959200007, 25.993228031000058], [84.43287024200004, 25.99326470500006], [84.43105971900007, 25.993160629000045], [84.43059771900005, 25.993484968000075], [84.43003901900005, 25.993500848000053], [84.42942781000005, 25.993245856000044], [84.42916321900003, 25.99305888300006], [84.42893209600004, 25.99259859600005], [84.42887698600003, 25.992250021000075], [84.42872498000008, 25.99159299300004], [84.42789764200006, 25.991305200000056], [84.42674668600006, 25.991610256000058], [84.42588577600003, 25.99159576900007], [84.42519401500005, 25.991498697000054], [84.42467015400007, 25.99128014200005], [84.42389927800008, 25.991379894000033], [84.42427010100005, 25.992147428000067], [84.42463552500004, 25.992759558000046], [84.42470829000007, 25.993613330000073], [84.42486423300005, 25.99438705400007], [84.42488585200005, 25.995008851000023], [84.42481068300003, 25.995322189000035], [84.42482555000004, 25.99574977800006], [84.42489590500008, 25.99675972500006]]], [[[84.42489590500008, 25.99675972500006], [84.42459570100004, 25.996787668000024], [84.42390458800008, 25.996709993000024], [84.42274141700005, 25.996665223000036], [84.42143113100008, 25.996721817000036], [84.41999115000004, 25.996762657000033], [84.41914494200006, 25.99686452000003], [84.41865533600009, 25.996392034000053], [84.41796018000008, 25.996197734000077], [84.41743901100006, 25.996056949000035], [84.41651076400007, 25.99596654000004], [84.41560813500007, 25.995992113000057], [84.41453769300006, 25.996139146000075], [84.41335902200007, 25.99626972300007], [84.41176596200006, 25.996237042000075], [84.41173715700006, 25.997268852000047], [84.41166339100005, 25.99824357700004], [84.41170584800005, 25.99884545200007], [84.41153195200008, 25.99941451600006], [84.41157498000007, 26.000035796000077], [84.41141115300007, 26.000381181000023], [84.41143016100006, 26.00067389700007], [84.41134680700003, 26.00115175800005], [84.41105424300008, 26.00155619700007], [84.41013217100004, 26.00199768400006], [84.40966291700005, 26.00197690300007], [84.40921458300005, 26.00180733700006], [84.40878668300007, 26.00158371400005], [84.40827900200009, 26.00134154400007], [84.40760423500006, 26.00140977700005], [84.40658021300004, 26.001439925000057], [84.40541751700005, 26.001306833000058], [84.40267491100008, 26.001399047000064], [84.40077185900003, 26.001428486000066], [84.40003746600007, 26.00146026300007], [84.39979419600007, 26.001255796000066], [84.39962413400008, 26.001990415000023], [84.39931344900003, 26.002823439000053], [84.39922246900005, 26.00367134000004], [84.39932058700003, 26.00461506000005], [84.39958225600003, 26.00503632400006], [84.39964307700006, 26.005605280000054], [84.40000288600004, 26.00627533000005], [84.40013947900007, 26.006731970000033], [84.40022017500007, 26.007310029000053], [84.40032177800003, 26.007770970000024], [84.40035893800007, 26.008159267000053], [84.40050399200004, 26.008124061000046], [84.40058368900003, 26.00816065400005], [84.40064155600004, 26.008440767000025], [84.40047944700007, 26.008769245000053], [84.39980985300008, 26.009500932000037], [84.39929590200006, 26.010129644000074], [84.39861320100005, 26.011289973000032], [84.39817902800007, 26.01193732300004], [84.39785089600008, 26.012422721000064], [84.39732610100003, 26.01315979000003], [84.39656160800007, 26.013890822000064], [84.39628922100007, 26.01425931400007], [84.39578600800007, 26.014775324000027], [84.39463231200006, 26.016135849000023], [84.39403637100008, 26.01703488000004], [84.39347467600004, 26.01803796400003], [84.39347173400006, 26.018439538000052], [84.39332517400004, 26.01936382100007], [84.39314753800005, 26.021131815000047], [84.39319070000005, 26.022066214000063], [84.39332672600005, 26.02328553600006], [84.39315076200006, 26.02481886100003], [84.39291711600004, 26.026035987000057], [84.39270727200005, 26.02673875200003], [84.39249988800003, 26.027084967000064], [84.39227781500006, 26.02740407600004], [84.39088617800007, 26.02780196200007], [84.38955290700005, 26.028421303000073], [84.38813327900004, 26.029225121000025], [84.38679626400005, 26.03034534300008], [84.38634270000006, 26.03089774500006], [84.38603364700003, 26.031487132000052], [84.38590444200008, 26.032077533000063], [84.38586035400004, 26.032636823000075], [84.38624027700007, 26.03328441900004], [84.38643935800008, 26.034061818000055], [84.38688524400004, 26.034583484000052], [84.38700132100007, 26.035098597000058], [84.38699479000007, 26.035987626000065], [84.38607000600007, 26.038121209000053], [84.38630239100007, 26.038442984000028], [84.38635456200007, 26.03951287800004], [84.38646580300008, 26.04069137500005], [84.38662149700008, 26.043309709000027], [84.38620063000008, 26.044164644000034], [84.38595834900008, 26.045178571000065], [84.38624847300008, 26.045821140000044], [84.38677910000007, 26.046361404000038], [84.38731170000005, 26.046630827000058], [84.38796080900005, 26.04668886500008], [84.38855185900007, 26.04647572500005], [84.38909272200004, 26.045626060000075], [84.38981186300003, 26.044294509000053], [84.39147166100008, 26.044141927000055], [84.39425094800004, 26.04394637200005], [84.39487675100008, 26.043769505000057], [84.39419918300007, 26.04282235100004], [84.39296956300007, 26.04152884000007], [84.39214837100008, 26.04040486100007], [84.39144946800008, 26.03895657700008], [84.39251817800005, 26.03831752800005], [84.39412152500006, 26.037686233000045], [84.39725877600006, 26.037009830000045], [84.40034143500003, 26.03627884900004], [84.40336031200007, 26.036084464000055], [84.40449424800005, 26.036104625000064], [84.40632462200006, 26.03583560000004], [84.40809923400008, 26.03568345800005], [84.40946176000006, 26.035158858000045], [84.40988207900006, 26.034358078000025], [84.40935942200008, 26.033393714000056], [84.40942964800007, 26.032883102000028], [84.40951444900008, 26.032549076000066], [84.40958423600006, 26.03178186200006], [84.40992368700006, 26.031073200000037], [84.41033805900008, 26.03016599800003], [84.41014303100008, 26.029615394000075], [84.41004802700007, 26.02948452700008], [84.40986317800008, 26.029236362000063], [84.40961330500005, 26.02882574000006], [84.40959816700007, 26.02843305500005], [84.40961291000008, 26.027503375000038], [84.40965264800008, 26.02687157500003], [84.40983239300004, 26.026605182000026], [84.41000208300005, 26.025928194000073], [84.41005685800008, 26.025503984000068], [84.40987689000008, 26.024984983000024], [84.40985186000006, 26.024768377000044], [84.40982179000008, 26.024556241000028], [84.40983672100003, 26.024502065000036], [84.40996146000003, 26.024050748000036], [84.40987643200003, 26.023522710000066], [84.40964659700006, 26.02325197700003], [84.40940172500007, 26.022967679000033], [84.40931666200004, 26.022579638000025], [84.40926168800007, 26.02237197900007], [84.40915167400004, 26.021866553000052], [84.40901168500005, 26.021392716000037], [84.40887159500005, 26.020918882000046], [84.40849176000006, 26.020061472000066], [84.40814698400004, 26.01961017700006], [84.40797714700005, 26.019515480000052], [84.40757750500006, 26.019303483000044], [84.40737759400008, 26.01918165400008], [84.40709787200007, 26.018928987000038], [84.40680801500008, 26.018351326000072], [84.40662314100007, 26.018107667000038], [84.40644326000006, 26.01786405000007], [84.40528409800004, 26.016781060000028], [84.40491942700004, 26.016393], [84.40480949200008, 26.016162869000027], [84.40489430400004, 26.015837952000027], [84.40519878100008, 26.015305346000048], [84.40530864400006, 26.015106741000068], [84.40571823100004, 26.014962164000053], [84.40698679600007, 26.01468662800005], [84.40808057100008, 26.014564489000065], [84.40937922100005, 26.01453715200006], [84.41064788700004, 26.01465865800003], [84.41273077700004, 26.01479806900005], [84.41384959300007, 26.014716601000032], [84.41501829800006, 26.014490584000043], [84.41634671000008, 26.014129148000052], [84.41776521600008, 26.013948222000067], [84.41925858800005, 26.013825909000047], [84.42036733700007, 26.013839116000042], [84.42172599300005, 26.013947028000075], [84.42309955400003, 26.01409095400004], [84.42373389900007, 26.014018557000043], [84.42439801400008, 26.01369789900008], [84.42488735500007, 26.01329604500006], [84.42525675500008, 26.012790455000072], [84.42537644300006, 26.012348099000064], [84.42547092600006, 26.011364271000048], [84.42556541700003, 26.010380354000063], [84.42551973000008, 26.008832363000067], [84.42559379800008, 26.00675622400007], [84.42566782900008, 26.00486067500003], [84.42571163900004, 26.002283654000053], [84.42499170100007, 26.000420027000075], [84.42481403300008, 26.000210226000036], [84.42478012800007, 26.00020152600007], [84.42463241100006, 26.000163624000038], [84.42460423400007, 26.000156394000044], [84.42448567500008, 26.000163889000078], [84.42435904000007, 26.00017189400006], [84.42400353600004, 26.00018344700004], [84.42353225800008, 25.999808393000023], [84.42341850100007, 25.999008805000074], [84.42408885200007, 25.997694892000027], [84.42489590500008, 25.99675972500006]]]]}}, {"type": "Feature", "properties": {"OBJECTID": 2124, "GPCODE": "98998", "GPNAME_1": "RAMPUR", "DIST_CEN_C": "16", "BLK_NAME": "SISWAN", "ST_NAME": "BIHAR", "ST_CODE_1": null, "GPCODE2011": "101448", "REMARKS": null, "MAP_STATUS": null, "BLK_C_2001": "160019", "BLK_C_2011": "01247", "DIST_NAME": "SIWAN", "code2011": 0.0, "Shape_Leng": 0.19380756255, "Shape_Area": 0.00094690952, "Area": 10.5103}, "geometry": {"type": "MultiPolygon", "coordinates": [[[[84.36963884400006, 26.048126232000072], [84.37141947700007, 26.04786178100005], [84.37350287200007, 26.047874420000028], [84.37433670600007, 26.047947214000033], [84.37589079900005, 26.048588395000024], [84.37709263100004, 26.046190326000044], [84.37716404500009, 26.044638356000064], [84.37753027800005, 26.043088139000076], [84.37794774400004, 26.04271607900006], [84.37883258600004, 26.04331260300006], [84.37930341800006, 26.043153036000035], [84.37943321500006, 26.041818017000026], [84.37937916100003, 26.041014360000077], [84.37986079200004, 26.040056030000073], [84.37930868600006, 26.03972776300003], [84.37894397000008, 26.03973460000003], [84.37842963600008, 26.03970440300003], [84.37768126800006, 26.03956452700004], [84.37746749300004, 26.039418845000057], [84.37721377200006, 26.03927290300004], [84.37657968500008, 26.039214859000026], [84.37596115800005, 26.03909378900005], [84.37534871400004, 26.038814786000046], [84.37467016400007, 26.03868435000004], [84.37363570100007, 26.038727727000037], [84.37308532300005, 26.038846249000073], [84.37278941400007, 26.03899334600004], [84.37267756900007, 26.038582021000025], [84.37256481700007, 26.03829249200004], [84.37245140500005, 26.038102294000055], [84.37230675100005, 26.03739735700003], [84.37204668300006, 26.036764042000073], [84.37197564600007, 26.036235600000055], [84.37181269900003, 26.03530944700003], [84.37164550200004, 26.034947442000032], [84.37143588000004, 26.03492809900007], [84.37109542400003, 26.035029777000034], [84.37080908200005, 26.03523569300006], [84.37057914600007, 26.03524784500007], [84.37043049500005, 26.035093424000024], [84.37026230200007, 26.03487134900007], [84.36993959600005, 26.034594052000045], [84.36979066100008, 26.03447581100005], [84.36922027000008, 26.03458963500003], [84.36892057800009, 26.034587816000055], [84.36844731100007, 26.034399966000024], [84.36816412900004, 26.034190590000037], [84.36799709100006, 26.03381504600003], [84.36760947800008, 26.03286950200004], [84.36749827600005, 26.032372372000054], [84.36664218100003, 26.032624428000076], [84.36596065200007, 26.032913562000033], [84.36520013500007, 26.033062333000032], [84.36471069800007, 26.03304124300007], [84.36404505900003, 26.03320870500005], [84.36273542400005, 26.033304445000056], [84.36114636100007, 26.03336233600004], [84.35993189300007, 26.033440664000068], [84.35957256800003, 26.033384257000023], [84.35948298400007, 26.03334764400006], [84.35936061000007, 26.032354075000057], [84.35902561500006, 26.031720164000035], [84.35859445400007, 26.031270721000055], [84.35800729600004, 26.030960295000057], [84.35764982300003, 26.03066921900006], [84.35757889900003, 26.03013625600005], [84.35751020700008, 26.02931449700003], [84.35755369000003, 26.028186601000073], [84.35760279300007, 26.027636293000057], [84.35766614900007, 26.026526525000065], [84.35780735600008, 26.025688036000076], [84.35773909800008, 26.02479861200004], [84.35763351500003, 26.02356590100004], [84.35747243800006, 26.023077519000026], [84.35755857600003, 26.02291560200007], [84.35803090800005, 26.022548499000038], [84.35839756000007, 26.022275470000068], [84.35909538200008, 26.021814896000024], [84.36007841900005, 26.021288447000074], [84.36102034400005, 26.02090617600004], [84.36243178300003, 26.02054481700003], [84.36226928200006, 26.020223351000027], [84.36197167400007, 26.019282906000058], [84.36116436200007, 26.01770745300007], [84.36073386300006, 26.015177651000045], [84.36052571900007, 26.012965062000035], [84.36028857500008, 26.011948180000047], [84.36015458700007, 26.011171129000047], [84.35994013100003, 26.009802467000043], [84.35617188600008, 26.011426424000035], [84.35239477100004, 26.01419646100004], [84.35198814000006, 26.014473724000027], [84.35160734400006, 26.014624810000043], [84.35146716100007, 26.01466001700004], [84.35124249800003, 26.014649536000036], [84.35108841900006, 26.014558389000058], [84.35089483100006, 26.014390199000047], [84.35077633000003, 26.01421347200005], [84.35075875200005, 26.01390193900005], [84.35069769100005, 26.01273277000007], [84.34934680000003, 26.012381401000027], [84.34758154300005, 26.012650161000067], [84.34591083300006, 26.013623519000078], [84.34528471500005, 26.013854234000064], [84.34395721500005, 26.01370153000005], [84.34311511600004, 26.013439017000053], [84.34191984200004, 26.01299378400006], [84.34110113500003, 26.01292997200005], [84.34019024900005, 26.01316795100007], [84.33935928500006, 26.013401860000045], [84.33900017500008, 26.01333187000006], [84.33879751100005, 26.013055309000038], [84.33874239800008, 26.012436754000078], [84.33829412200004, 26.010976277000054], [84.33829639800007, 26.010687476000044], [84.33814430600006, 26.00968016300004], [84.33670781800004, 26.009418323000034], [84.33681336600006, 26.008047083000065], [84.33621178600004, 26.007682301000045], [84.33521206200004, 26.007793313000036], [84.33417699000006, 26.007940185000052], [84.33290708600003, 26.00811262900004], [84.33213714400006, 26.00821152800006], [84.33170836300008, 26.00810507600005], [84.33097849500007, 26.007558834000065], [84.33004715500005, 26.007219021000026], [84.32917786900003, 26.007245005000073], [84.32803890500008, 26.00790113900007], [84.32716286800007, 26.008798111000033], [84.32695233000004, 26.010182195000027], [84.32739846200008, 26.01316808400003], [84.32825624800006, 26.015258474000063], [84.32856977500006, 26.016054675000078], [84.32919189100005, 26.016333960000054], [84.32981285900007, 26.01613935100005], [84.33082493200004, 26.01573966600006], [84.33130846900008, 26.016505368000026], [84.33204220500005, 26.01785483900005], [84.33215595900003, 26.01864084400006], [84.33256094600006, 26.019875374000037], [84.33313346000006, 26.021413402000064], [84.33418924400007, 26.023112410000067], [84.33491674900006, 26.025278627000034], [84.33538967000004, 26.026143552000065], [84.33638303000004, 26.028167065000048], [84.33700630000004, 26.029610606000062], [84.33731447100007, 26.03110175000006], [84.33777659700007, 26.033361107000076], [84.33784551300005, 26.033772486000032], [84.33813002400007, 26.035470788000055], [84.33811400300004, 26.03689224900006], [84.33897963200008, 26.03672623700004], [84.33970109200004, 26.036455533000037], [84.34095657300008, 26.035610444000042], [84.34202116100005, 26.03489509900004], [84.34293239600004, 26.034630048000054], [84.34323110800005, 26.034767336000073], [84.34421306100006, 26.035048778000032], [84.34493057200007, 26.035292483000035], [84.34553823500005, 26.03553547300004], [84.34629070100004, 26.035779302000037], [84.34708376200007, 26.035955818000048], [84.34772603800008, 26.036230601000057], [84.34791514800008, 26.036335500000064], [84.34844752500004, 26.035964273000047], [84.34878481900006, 26.036273235000067], [84.34904702500006, 26.036617886000045], [84.34931050100005, 26.036791029000028], [84.35026021500005, 26.036724682000056], [84.35109366800003, 26.036833690000037], [84.35143204700006, 26.037007317000075], [84.35215138600006, 26.037011816000074], [84.35230159800005, 26.037626413000055], [84.35244316700005, 26.03872391400006], [84.35267966200007, 26.039817475000063], [84.35288252000004, 26.04072586700005], [84.35321730800007, 26.041377741000076], [84.35328968400006, 26.041721240000072], [84.35352781500006, 26.041939263000074], [84.35439441100004, 26.04229215600003], [84.35488896900006, 26.042295189000072], [84.35518436200005, 26.04287922000003], [84.35540065800006, 26.044658579000043], [84.35546784000007, 26.045683412000074], [84.35541671700008, 26.04715426200005], [84.35613514700003, 26.047294161000025], [84.35726922100008, 26.047301134000065], [84.35938756100006, 26.047314182000036], [84.36086718000007, 26.04722403100004], [84.36241694700004, 26.047093706000055], [84.36382266300006, 26.046863116000054], [84.36499750500008, 26.046766543000047], [84.36422804800003, 26.05075565800007], [84.36431183000008, 26.051582042000064], [84.36514852000005, 26.051280296000073], [84.36643960800006, 26.05101294600007], [84.36769169500008, 26.050609907000023], [84.36856591700007, 26.049965437000026], [84.36887753900004, 26.049046704000034], [84.36925586500007, 26.04856614700003], [84.36963884400006, 26.048126232000072]]]]}}, {"type": "Feature", "properties": {"OBJECTID": 2125, "GPCODE": "99000", "GPNAME_1": "SISWA KALA", "DIST_CEN_C": "16", "BLK_NAME": "SISWAN", "ST_NAME": "BIHAR", "ST_CODE_1": null, "GPCODE2011": "101449", "REMARKS": null, "MAP_STATUS": null, "BLK_C_2001": "160019", "BLK_C_2011": "01247", "DIST_NAME": "SIWAN", "code2011": 0.0, "Shape_Leng": 0.19585788722, "Shape_Area": 0.00105105398, "Area": 11.664}, "geometry": {"type": "MultiPolygon", "coordinates": [[[[84.34583056300005, 26.069739827000035], [84.34542699200006, 26.068934046000038], [84.34501641600008, 26.068385431000024], [84.34524416900007, 26.068012312000064], [84.34540440200004, 26.067327315000057], [84.34650203300004, 26.066891945000066], [84.34729474800008, 26.067136120000043], [84.34789732700006, 26.067410625000036], [84.34808584500007, 26.067583281000054], [84.34823524500007, 26.068301802000065], [84.34790697300008, 26.069409893000056], [84.34894953400004, 26.069655562000037], [84.34926596100007, 26.07009073300003], [84.35247245500005, 26.069014082000024], [84.35281218600005, 26.069016198000043], [84.35364877700005, 26.068746185000066], [84.35410401800004, 26.068681291000075], [84.35500024700008, 26.068456730000037], [84.35500617400004, 26.067671474000065], [84.35512528100008, 26.06712622400005], [84.35498210000009, 26.066236249000042], [84.35498676800006, 26.065622588000053], [84.35544520600007, 26.06514250500004], [84.35704029400006, 26.064335595000045], [84.35821249300005, 26.06396377200008], [84.35946599100004, 26.063389390000054], [84.36003642200006, 26.06329355500003], [84.36056452900004, 26.063499961000048], [84.36113722600004, 26.063092781000023], [84.36103027600006, 26.06203612400003], [84.36084532100006, 26.061385148000056], [84.36069949800003, 26.06083818600007], [84.36028815900005, 26.060393356000077], [84.35998645600006, 26.059980894000034], [84.35907507500008, 26.060246040000038], [84.35805439100005, 26.06041124400008], [84.35717767000006, 26.060712686000045], [84.35638245800004, 26.060811569000066], [84.35612251400005, 26.060160105000023], [84.35575114700003, 26.059715527000037], [84.35559817500007, 26.059470925000028], [84.35499478700007, 26.059300199000063], [84.35438975400007, 26.05936412400007], [84.35336437000007, 26.05949316500005], [84.35253420300006, 26.05959180800005], [84.35162324300006, 26.059789158000058], [84.35063707500007, 26.060022194000055], [84.35003203700006, 26.06008610300006], [84.34965281300003, 26.060016054000073], [84.34942713500004, 26.059468640000034], [84.34917040800008, 26.05840648800006], [84.34921740300007, 26.057486165000057], [84.34910688700006, 26.056903324000075], [84.34994922000004, 26.055879639000068], [84.35063286300004, 26.055337877000056], [84.35079794700005, 26.05465300700007], [84.35064679200008, 26.054169138000077], [84.35072747700008, 26.05407033800003], [84.35122080000008, 26.053595088000066], [84.35172086500006, 26.05287620300004], [84.35194983600007, 26.05233156500003], [84.35299703900006, 26.051954427000055], [84.35360700200005, 26.05124065900003], [84.35379886600003, 26.050975658000027], [84.35398193800006, 26.051215925000065], [84.35477553800007, 26.051324647000058], [84.35594421300004, 26.05204940400006], [84.35711057500004, 26.053081078000048], [84.35812698500007, 26.054116288000046], [84.35887242800004, 26.055316822000066], [84.35973963100008, 26.056278879000047], [84.36022751000007, 26.056516507000026], [84.36117275700008, 26.056386992000057], [84.36185621200008, 26.05587666300005], [84.36247142900004, 26.055126818000076], [84.36349688100006, 26.054311834000032], [84.36414371700005, 26.054008871000065], [84.36467765800006, 26.05342999900006], [84.36461175000005, 26.052233760000036], [84.36431183000008, 26.051582042000064], [84.36422804800003, 26.05075565800007], [84.36499750500008, 26.046766543000047], [84.36382266300006, 26.046863116000054], [84.36241694700004, 26.047093706000055], [84.36086718000007, 26.04722403100004], [84.35938756100006, 26.047314182000036], [84.35726922100008, 26.047301134000065], [84.35613514700003, 26.047294161000025], [84.35541671700008, 26.04715426200005], [84.35546784000007, 26.045683412000074], [84.35540065800006, 26.044658579000043], [84.35518436200005, 26.04287922000003], [84.35488896900006, 26.042295189000072], [84.35439441100004, 26.04229215600003], [84.35352781500006, 26.041939263000074], [84.35328968400006, 26.041721240000072], [84.35321730800007, 26.041377741000076], [84.35288252000004, 26.04072586700005], [84.35267966200007, 26.039817475000063], [84.35244316700005, 26.03872391400006], [84.35230159800005, 26.037626413000055], [84.35215138600006, 26.037011816000074], [84.35143204700006, 26.037007317000075], [84.35109366800003, 26.036833690000037], [84.35026021500005, 26.036724682000056], [84.34931050100005, 26.036791029000028], [84.34904702500006, 26.036617886000045], [84.34878481900006, 26.036273235000067], [84.34844752500004, 26.035964273000047], [84.34791514800008, 26.036335500000064], [84.34772603800008, 26.036230601000057], [84.34708376200007, 26.035955818000048], [84.34629070100004, 26.035779302000037], [84.34553823500005, 26.03553547300004], [84.34493057200007, 26.035292483000035], [84.34421306100006, 26.035048778000032], [84.34323110800005, 26.034767336000073], [84.34293239600004, 26.034630048000054], [84.34202116100005, 26.03489509900004], [84.34095657300008, 26.035610444000042], [84.33970109200004, 26.036455533000037], [84.33897963200008, 26.03672623700004], [84.33811400300004, 26.03689224900006], [84.33749952400007, 26.036888358000056], [84.33569960900007, 26.036425750000035], [84.33393701900007, 26.03631073400004], [84.33335961100005, 26.036686200000076], [84.33324148400004, 26.03710062700003], [84.33369212500008, 26.038249654000026], [84.33352873700005, 26.039354261000028], [84.33245616800008, 26.03979879800005], [84.33038075000007, 26.040060869000058], [84.32922986400007, 26.04029724700007], [84.32815272400006, 26.040673955000045], [84.32711567800004, 26.04104641400005], [84.32646773800008, 26.04021191700008], [84.32389799900005, 26.04043911100007], [84.32144240000008, 26.04076636700006], [84.31790269600003, 26.041713767000033], [84.31856244300008, 26.044218122000075], [84.31893051100008, 26.045687189000034], [84.31934323000007, 26.04784687700004], [84.31922026100005, 26.04886152000006], [84.31907267000008, 26.04920808600008], [84.31799239900005, 26.049336483000047], [84.31937271600003, 26.051701034000075], [84.31977172900008, 26.05243016000003], [84.32008675600008, 26.053023369000073], [84.32070640700005, 26.053018352000038], [84.32445293800004, 26.052496373000054], [84.32648272000006, 26.05233331000005], [84.32835699000003, 26.052900357000055], [84.32927508100005, 26.053700465000077], [84.32929033200008, 26.056232314000056], [84.33040370000003, 26.058906427000068], [84.33049510100005, 26.05935828500003], [84.32909973000005, 26.060802548000026], [84.32859530800005, 26.06204480400004], [84.32893263200003, 26.06364455100004], [84.32922460800006, 26.06464822600003], [84.33032603000004, 26.065020778000076], [84.33133017500006, 26.065699566000035], [84.33172531500009, 26.066925036000043], [84.33107660500008, 26.068089755000074], [84.33076720300005, 26.06867892400004], [84.33079729000008, 26.06960424400006], [84.33109491500005, 26.069588088000046], [84.33166561200005, 26.07010615300004], [84.33232686500008, 26.07053914200003], [84.33311678900003, 26.071135327000036], [84.33380376900004, 26.071473625000067], [84.33412059800008, 26.071859204000077], [84.33438139500004, 26.072388815000068], [84.33458653800005, 26.073635658000057], [84.33495069500003, 26.074360092000063], [84.33500270800005, 26.074743917000035], [84.33670174400004, 26.074754764000033], [84.33829479900004, 26.074909174000027], [84.33957556200005, 26.07537312900007], [84.34012200900008, 26.075301799000044], [84.34185162100005, 26.075076013000057], [84.34495706200005, 26.07286171100003], [84.34463052300003, 26.071790186000044], [84.34436798300004, 26.07084085300005], [84.34583056300005, 26.069739827000035]]]]}}]}