{"type": "FeatureCollection", "features": [{"type": "Feature", "properties": {"OBJECTID": 7305, "GPCODE": "99159", "GPNAME_1": "BANAI NIYA", "DIST_CEN_C": "06", "BLK_NAME": "SARAIGARH BHAPTIYAHI", "ST_NAME": "BIHAR", "ST_CODE_1": "10", "GPCODE2011": "101600", "REMARKS": "FINALIZED", "MAP_STATUS": "COMPLETED", "BLK_C_2001": "060006", "BLK_C_2011": "01106", "DIST_NAME": "SUPAUL", "code2011": 0.0, "Shape_Leng": 0.2245286592, "Shape_Area": 0.00134594431, "Area": 14.8803}, "geometry": {"type": "MultiPolygon", "coordinates": [[[[86.70006599600003, 26.314231171000074], [86.70109670900007, 26.31293540300004], [86.70043414300005, 26.310453609000035], [86.69940679000007, 26.30919500300007], [86.70076830500005, 26.30852638700003], [86.70355696000007, 26.307929211000044], [86.70511874500005, 26.307188241000063], [86.70347321300005, 26.302635550000048], [86.70269051900004, 26.30022151600008], [86.70257174200003, 26.29937706800007], [86.70208310900006, 26.298736795000025], [86.70164723200008, 26.298321607000048], [86.70165452400005, 26.297297252000078], [86.70141905100007, 26.296482945000037], [86.70082455300007, 26.295789566000053], [86.70078879100004, 26.295325165000065], [86.70117715900005, 26.29474818400007], [86.70139175000008, 26.29429486600003], [86.70119657100008, 26.29389522400004], [86.70068093600008, 26.293503344000044], [86.69993922600008, 26.293041601000027], [86.69905535500004, 26.29283392900004], [86.69819860700005, 26.29278393100003], [86.69782976800008, 26.292521475000058], [86.69713528400007, 26.291833566000037], [86.69672373100008, 26.291756552000038], [86.69625893800008, 26.291824362000057], [86.69581517500006, 26.291973222000024], [86.69515763400005, 26.29183998900004], [86.69478853700008, 26.291951943000072], [86.69417349500009, 26.292422876000046], [86.69369494600005, 26.292590164000046], [86.69333443500005, 26.292593827000076], [86.69305866400003, 26.29255592000004], [86.69284147900004, 26.292404728000065], [86.69246504500006, 26.29193024400007], [86.69192625900007, 26.291276895000067], [86.69146221400007, 26.290595663000033], [86.69076892600003, 26.290007032000062], [86.69021321700006, 26.289602009000077], [86.68943475100008, 26.289406804000066], [86.68867173100006, 26.28924297900005], [86.68758892100004, 26.288734919000035], [86.68706211400007, 26.28864541100006], [86.68614823000007, 26.288830578000045], [86.68571356000007, 26.288911616000064], [86.68541258800008, 26.288860502000034], [86.68459188600008, 26.288489639000034], [86.68398453800006, 26.288360381000075], [86.68357407800005, 26.288373526000044], [86.68301054700004, 26.288550588000078], [86.68248898300004, 26.288894178000078], [86.68200989600007, 26.289016333000063], [86.68157381200007, 26.288975504000064], [86.68063047000004, 26.288808948000053], [86.67973948200006, 26.288416297000026], [86.67939184400007, 26.288239265000072], [86.67897201300008, 26.288297551000028], [86.67802936800007, 26.28860019900003], [86.67766917100005, 26.28861734800006], [86.67749229900005, 26.288488261000055], [86.67732887500006, 26.28781301300006], [86.67705634800006, 26.286823089000052], [86.67706769000006, 26.286114586000053], [86.67690822100008, 26.28576872900004], [86.67649328400006, 26.285407365000026], [86.67623190800003, 26.285324246000073], [86.67545404100008, 26.28475886900003], [86.67460634700006, 26.28422133500004], [86.67332376300004, 26.283327145000044], [86.67267826000005, 26.282945512000026], [86.67218577000006, 26.282796937000057], [86.67179070000003, 26.28283241500003], [86.67092932500003, 26.28280935500004], [86.67005441800006, 26.282497732000024], [86.66971844400007, 26.282460422000042], [86.66946407800003, 26.282539609000025], [86.66885795900004, 26.282924612000045], [86.66837847200009, 26.283425752000028], [86.66771943400005, 26.284397821000027], [86.66745667900005, 26.28502313200005], [86.66731308500005, 26.285566006000067], [86.66725790700008, 26.28596808800006], [86.66699962800004, 26.286142098000028], [86.66679485100008, 26.286175701000047], [86.66657856900008, 26.28610113900004], [86.66609233100007, 26.285632202000045], [86.66562099500004, 26.285162996000054], [86.66533892100006, 26.285025954000048], [86.66475714700005, 26.28494138800005], [86.66374918800005, 26.284811467000054], [86.66316738900008, 26.28472247600007], [86.66194031300006, 26.285100054000054], [86.66157071000003, 26.285171344000048], [86.66113458100006, 26.285121436000054], [86.65986039400008, 26.284502290000034], [86.65951259500008, 26.284311686000024], [86.65892828900007, 26.28360445800007], [86.65847889100007, 26.283284021000043], [86.65794722500004, 26.283208067000032], [86.65746462400006, 26.28304125300008], [86.65718143900006, 26.282804888000044], [86.65702358300007, 26.28258988400006], [86.65681794900007, 26.282560342000068], [86.65626812800008, 26.282628896000062], [86.65587229600004, 26.282601198000066], [86.65576117900008, 26.282525546000045], [86.65567724100003, 26.282210521000025], [86.65555797400003, 26.281453628000065], [86.65530829600004, 26.281090600000027], [86.65464527500006, 26.28049242000003], [86.65419088500005, 26.279756895000048], [86.65348556700008, 26.279808952000053], [86.65278290900005, 26.279662364000046], [86.65053181800005, 26.279395529000055], [86.64535139700007, 26.279071472000055], [86.64534833000005, 26.280064242000037], [86.64560022300003, 26.281031889000076], [86.64550666100007, 26.28158780600006], [86.64523505800008, 26.28190175800006], [86.64494033400007, 26.281949749000034], [86.64463383100008, 26.28186251300008], [86.64385292400004, 26.281450429000074], [86.64335642300006, 26.28137854700003], [86.64287706100004, 26.281477942000038], [86.64237095000004, 26.281866412000056], [86.64146659300008, 26.28201509300004], [86.64083086800008, 26.282021223000072], [86.64058779800007, 26.281793436000044], [86.64030193800005, 26.280911850000052], [86.63986707600003, 26.280545991000054], [86.63929819200007, 26.28028527600003], [86.63859172300005, 26.280233447000057], [86.63758306700004, 26.280459836000034], [86.63649007800007, 26.28074560300007], [86.63604571500008, 26.28126430100008], [86.63551049700004, 26.282149380000078], [86.63525387400006, 26.282463138000026], [86.63491317900008, 26.282434886000033], [86.63370635600006, 26.281995266000024], [86.63155086900008, 26.281339199000058], [86.63138523100008, 26.28215304500003], [86.63142489500007, 26.28254067900008], [86.63253903800006, 26.28361288800005], [86.63486178000005, 26.285693140000035], [86.63651397500007, 26.287378372000035], [86.63701502200007, 26.28783369100006], [86.63720565400007, 26.287863435000077], [86.63754519700007, 26.28778344500006], [86.63795935600007, 26.28767118500008], [86.63823768900005, 26.287497017000078], [86.63853652400007, 26.287363322000033], [86.63868653900005, 26.287352802000044], [86.63876220300006, 26.28739719200007], [86.63880876300004, 26.287527625000052], [86.63877890100008, 26.287956517000055], [86.63830033900007, 26.288971880000076], [86.63826809500006, 26.289206859000046], [86.63832008300005, 26.289368829000068], [86.63850580900004, 26.289412132000052], [86.63876592900004, 26.289391592000072], [86.63894181200004, 26.289443969000047], [86.63930835900004, 26.289950300000044], [86.64019249200004, 26.291457827000045], [86.64131930900004, 26.291902641000036], [86.64178776900008, 26.292132812000034], [86.64204827800006, 26.292152766000072], [86.64240778100003, 26.29206362900004], [86.64322221500004, 26.29150523800007], [86.64344607000004, 26.291381169000033], [86.64385667700003, 26.29138626300005], [86.64407285200008, 26.291460861000076], [86.64461262600008, 26.29179848700005], [86.64498893700005, 26.291862588000072], [86.64534931300005, 26.29185453100007], [86.64611132600004, 26.29152229400006], [86.64671870300003, 26.29122757300007], [86.64700864200006, 26.29119313500007], [86.64748099100007, 26.291337489000057], [86.64804588900006, 26.291674863000026], [86.64845579800004, 26.292040932000077], [86.64883111500006, 26.292438858000025], [86.64907381200004, 26.29305458300007], [86.64917847900006, 26.293428119000055], [86.64917030500004, 26.294001208000054], [86.64892849600005, 26.295131660000038], [86.64884360800005, 26.29681997600005], [86.64780437400003, 26.298913913000035], [86.64934793000003, 26.297952181000028], [86.65005285800004, 26.297859557000038], [86.65033603400008, 26.297676324000065], [86.65049264700008, 26.297372421000034], [86.65045223200008, 26.296515585000066], [86.65041418500005, 26.29584814800006], [86.65047267200003, 26.295716654000046], [86.65061309400005, 26.295733419000044], [86.65089026900006, 26.295884047000072], [86.65116616900008, 26.295926534000046], [86.65132604000007, 26.29589339200004], [86.65151444700007, 26.295738132000054], [86.65170689800004, 26.29550608900007], [86.65173487400006, 26.29491926600008], [86.65178381500004, 26.29440889700004], [86.65196751000008, 26.29428072500008], [86.65235084200003, 26.29451163600004], [86.65314950400006, 26.295135535000043], [86.65419588600008, 26.295544919000065], [86.65466253000005, 26.295630655000025], [86.65533472800007, 26.295732309000073], [86.65645808800008, 26.29629438300003], [86.65723498400007, 26.29676955800005], [86.65806373600003, 26.29739767500007], [86.65859326700007, 26.299368737000066], [86.65904427700008, 26.30023072000006], [86.65930387800006, 26.300575544000026], [86.65959685100006, 26.300789295000072], [86.65976404800006, 26.300950121000028], [86.65980622700005, 26.301121158000058], [86.65974482300004, 26.301428561000023], [86.65966267500005, 26.302088135000076], [86.65958795400007, 26.302531096000052], [86.65961926300008, 26.302639060000047], [86.65992247700007, 26.30287069800005], [86.66101937800005, 26.30330661200003], [86.66152372900007, 26.30360397900006], [86.66181657800007, 26.30379959100003], [86.66192831200004, 26.303929355000037], [86.66198610200007, 26.304154421000078], [86.66196470000006, 26.304456988000027], [86.66177427200006, 26.30485589700004], [86.66102455600009, 26.30557690200004], [86.66238151000005, 26.30542759900004], [86.66332302200004, 26.306018558000062], [86.66373874200008, 26.30650127900003], [86.66509076000006, 26.306500965000055], [86.66762939900008, 26.30645957100006], [86.67029391300008, 26.308169190000058], [86.67272362500006, 26.311205630000075], [86.67104151900008, 26.312095231000058], [86.67059146000008, 26.313688459000048], [86.67083707500007, 26.314094540000042], [86.67420747000006, 26.314910332000068], [86.67523441700007, 26.315835134000054], [86.67996148800006, 26.315720559000056], [86.68090504500003, 26.31496198800005], [86.68184859000007, 26.31420341100005], [86.68603906100003, 26.312568060000046], [86.68792675300006, 26.312382194000065], [86.68958945400004, 26.312715420000075], [86.69053716000008, 26.31497592100004], [86.69300067700004, 26.314717544000075], [86.69526374600008, 26.314120760000037], [86.69513402200005, 26.31486093600006], [86.69447865500007, 26.315863139000044], [86.69641157000007, 26.31589834500005], [86.69986681400007, 26.315932705000023], [86.70006599600003, 26.314231171000074]]]]}}, {"type": "Feature", "properties": {"OBJECTID": 7318, "GPCODE": "99160", "GPNAME_1": "BHAPTIYAHEE", "DIST_CEN_C": "06", "BLK_NAME": "SARAIGARH BHAPTIYAHI", "ST_NAME": "BIHAR", "ST_CODE_1": "10", "GPCODE2011": "101601", "REMARKS": "FINALIZED", "MAP_STATUS": "COMPLETED", "BLK_C_2001": "060006", "BLK_C_2011": "01106", "DIST_NAME": "SUPAUL", "code2011": 0.0, "Shape_Leng": 0.27265175347, "Shape_Area": 0.00165301525, "Area": 18.2711}, "geometry": {"type": "MultiPolygon", "coordinates": [[[[86.77075780500007, 26.354718843000057], [86.77123776600007, 26.354646114000047], [86.77159035900007, 26.354791239000065], [86.77216420600007, 26.354618216000063], [86.77216721200006, 26.35332326200006], [86.77176892800009, 26.352745410000068], [86.77149712800008, 26.35264899400005], [86.77117992100005, 26.350991951000026], [86.77078794000005, 26.349371846000054], [86.77071598500004, 26.34807764900006], [86.77078541700007, 26.347643797000046], [86.77166392300006, 26.347404351000023], [86.77313383800004, 26.34680667300006], [86.77377320700003, 26.346669015000032], [86.77388252000009, 26.34621667400006], [86.77343673400009, 26.34431280700005], [86.77305440500004, 26.343418979000035], [86.77252521300005, 26.34241392900003], [86.77245687500005, 26.341404004000026], [86.77198856200005, 26.340826882000044], [86.77186422100004, 26.33974986100003], [86.77158204900007, 26.339238519000048], [86.77153505000007, 26.338706579000075], [86.77100045900005, 26.33843250900003], [86.77057631800005, 26.338554294000062], [86.77030785500006, 26.33794355300006], [86.76965575600008, 26.337106706000043], [86.76965142500006, 26.336772825000025], [86.76992270000005, 26.336454165000077], [86.76950864800006, 26.33581326500007], [86.76894409400006, 26.334772530000066], [86.76825280000008, 26.333999254000048], [86.76787866600006, 26.333353489000046], [86.76772354000008, 26.33297613700006], [86.76801552800003, 26.332706767000047], [86.76841938800004, 26.33256717300003], [86.76862718400008, 26.33274997700005], [86.76885634200005, 26.333428817000026], [86.76904206700004, 26.333458432000043], [86.76940723900003, 26.33342299800006], [86.76955339400007, 26.33310561500008], [86.76961891400003, 26.332757472000026], [86.77065337500005, 26.332958597000072], [86.77163130200006, 26.333052037000073], [86.77299388100005, 26.333069129000023], [86.77315347800004, 26.332634308000024], [86.77285740000008, 26.332208743000024], [86.77232067200003, 26.332146833000024], [86.77183408600007, 26.33170530600006], [86.77120873400008, 26.331761507000067], [86.77111674700006, 26.331627187000038], [86.77124443700006, 26.331427269000073], [86.77094418300004, 26.331064957000024], [86.77051900500004, 26.33110557400005], [86.77027380300007, 26.330742717000078], [86.77019583200007, 26.330143423000038], [86.76961847800004, 26.329653243000052], [86.76954658300008, 26.328756077000037], [86.76988111100007, 26.328671324000027], [86.76992909500007, 26.32812485900007], [86.76995933800004, 26.32775908900004], [86.77034017700004, 26.327389545000074], [86.77072403700004, 26.32725467800003], [86.77066157600007, 26.326691358000062], [86.77047149500004, 26.325944341000024], [86.77083472500004, 26.325759998000024], [86.77082777100009, 26.32522769800005], [86.77130680000005, 26.32509174300003], [86.77137813200005, 26.324806696000053], [86.77124469500006, 26.324559991000058], [86.77094466800008, 26.32421120400005], [86.77095929200004, 26.323796017000063], [86.77043856300008, 26.32342244700004], [86.76965930700004, 26.323196083000028], [86.76896545500006, 26.322224387000063], [86.76884987600005, 26.32181051300006], [86.76877334000005, 26.32093149800005], [86.76933678700004, 26.320361498000068], [86.76927589300004, 26.31991542000003], [86.76905360100005, 26.319768880000026], [86.76859244100007, 26.31973766300007], [86.76745551800008, 26.320115190000024], [86.76655253600006, 26.31999389500004], [86.76507786000008, 26.31982451500005], [86.76415737600007, 26.319901850000065], [86.76242505100004, 26.31993826200005], [86.76122759500004, 26.319901231000074], [86.76015759200004, 26.320029764000026], [86.75964368900009, 26.32018413800006], [86.75912903600005, 26.320270770000036], [86.75619540500008, 26.318429046000062], [86.75501980700005, 26.317363019000027], [86.75455156400005, 26.316785929000048], [86.75416730600006, 26.315725091000047], [86.75460774900006, 26.315323446000036], [86.75411275000005, 26.314218683000036], [86.75398928700008, 26.31319122600007], [86.75387031900004, 26.31251109300007], [86.75430083300006, 26.308626212000036], [86.75368422800005, 26.30857404900007], [86.75352478500008, 26.30786278900007], [86.75351920100007, 26.30742968900006], [86.75447472500008, 26.307352003000062], [86.75493359400008, 26.30721641300005], [86.75520448500004, 26.306866111000033], [86.75516447100006, 26.30648302700007], [86.75458882500004, 26.306110029000024], [86.75447411500005, 26.305759273000035], [86.75459209600007, 26.30489724800003], [86.75538942600008, 26.30067077500007], [86.75491106300007, 26.298436433000063], [86.75462101200003, 26.29808874500003], [86.75363484500008, 26.297911862000035], [86.75106145800004, 26.29782393100004], [86.74757168400004, 26.29780280500006], [86.74697335200005, 26.29761676700008], [86.74570646900008, 26.297762739000063], [86.74456648800003, 26.298310782000044], [86.74197803000004, 26.298385143000075], [86.73976089100006, 26.299316661000034], [86.73795415000006, 26.30002206100005], [86.73479129800006, 26.30168979700005], [86.73245371000007, 26.302359543000023], [86.72775551500007, 26.30062096000006], [86.72726503500007, 26.300842456000055], [86.72311497300007, 26.301585413000055], [86.72040139400008, 26.30188515100008], [86.71691212500008, 26.302627502000064], [86.71452375200005, 26.302629077000063], [86.71427785700007, 26.305683317000046], [86.71421481800007, 26.30600564200006], [86.71416435900005, 26.30621241600005], [86.71395133900006, 26.30639956600004], [86.71388365600006, 26.306589769000027], [86.71393728800007, 26.30687346900004], [86.71408954800006, 26.307034329000032], [86.71430575700003, 26.30710431800003], [86.71476569500004, 26.30705001800004], [86.71509605800009, 26.30703765800007], [86.71526751100004, 26.307130657000073], [86.71533999000007, 26.307314835000057], [86.71528262600003, 26.307532035000065], [86.71516456800003, 26.307704699000055], [86.71514671700004, 26.307880881000074], [86.71525425700008, 26.30806926100007], [86.71567619200005, 26.30817322300004], [86.71612228800007, 26.30820478100003], [86.71754956200004, 26.307811181000034], [86.71797944400004, 26.307752639000057], [86.71839013600004, 26.307761957000025], [86.71871224700004, 26.307885028000044], [86.71891088800004, 26.30815374200006], [86.71897684000004, 26.30861775900007], [86.71898766900006, 26.309470429000044], [86.71905290700005, 26.309880424000028], [86.71913940600007, 26.309987754000076], [86.71948558000008, 26.310038426000062], [86.71999141500004, 26.31004226600004], [86.72054938300005, 26.310212462000038], [86.72120010400005, 26.310584836000032], [86.72165734500004, 26.31110807500005], [86.72190869000008, 26.31117764700008], [86.72225458800006, 26.311205673000075], [86.72266008600008, 26.31120157500004], [86.72312199600003, 26.311296062000054], [86.72357645200003, 26.311589212000058], [86.72389757200006, 26.312032575000046], [86.72454499500003, 26.314119541000025], [86.72470821800005, 26.314361502000054], [86.72502979400008, 26.314439372000038], [86.72537584600008, 26.314485525000066], [86.72562278600003, 26.314604821000046], [86.72588656300007, 26.314868235000063], [86.72633266000008, 26.315689362000057], [86.72655148200005, 26.315962354000078], [86.72685857900007, 26.31609461900007], [86.72746485400006, 26.31611538100003], [86.72777111900007, 26.316179909000027], [86.72815620800003, 26.316532386000063], [86.72842783900006, 26.31701691300003], [86.72849659200006, 26.31730953300007], [86.72851996000009, 26.317570958000033], [86.72832312900005, 26.317843708000055], [86.72734809500008, 26.31875162700004], [86.72716341300008, 26.319195768000043], [86.72698445400005, 26.319693897000036], [86.72681191200007, 26.319912283000065], [86.72658321600005, 26.32004091500005], [86.72653598000005, 26.320271585000057], [86.72666239400007, 26.32075757800004], [86.72664742500007, 26.321159327000032], [86.72656525500008, 26.32139021200004], [86.72637614400008, 26.321486936000042], [86.72608622700005, 26.321530541000072], [86.72592237700007, 26.321645053000054], [86.72585542700006, 26.321889371000054], [86.72577512700008, 26.322269254000048], [86.72565682900006, 26.322423886000024], [86.72488831800007, 26.322639287000072], [86.72393327900005, 26.32275737200007], [86.72376780700006, 26.322741105000034], [86.72369084800005, 26.32260196900006], [86.72364930200007, 26.32208801300004], [86.72350467600006, 26.321742121000057], [86.72340304100004, 26.321621265000033], [86.72318708200004, 26.321573929000067], [86.72285796000006, 26.321685605000027], [86.72268143500008, 26.32198518900003], [86.72270606900008, 26.32234591400004], [86.72280503300004, 26.323048742000026], [86.72277779800004, 26.323265566000032], [86.72256421500003, 26.323407721000024], [86.72176556600004, 26.323623390000023], [86.72140669000004, 26.323757982000075], [86.72129349200009, 26.323912575000065], [86.72130608000003, 26.324115439000025], [86.72170617100005, 26.32526193800004], [86.72167510300005, 26.32557809700006], [86.72157055800005, 26.326021358000048], [86.72156709400008, 26.326540287000057], [86.72166489400007, 26.326746851000053], [86.72213130600005, 26.327193263000026], [86.72241584500006, 26.32751066800006], [86.72245925800007, 26.327776477000043], [86.72243785300003, 26.32806091200007], [86.72237062000005, 26.328296215000023], [86.72218325300008, 26.328528308000045], [86.72209424300007, 26.32861491700004], [86.72206642300006, 26.328795671000023], [86.72206623200003, 26.329567217000033], [86.72216731200007, 26.331619198000055], [86.72336974500007, 26.33085789300003], [86.72456363300006, 26.330209375000038], [86.72516821800008, 26.330094864000046], [86.72588990600008, 26.330132582000033], [86.72742263700007, 26.330536387000052], [86.72782678500005, 26.330811984000036], [86.72892370000005, 26.33199189900006], [86.72991446500004, 26.333100595000076], [86.73027540600003, 26.333123998000076], [86.73166594200006, 26.332586200000037], [86.73359943600008, 26.332205283000064], [86.73397952000005, 26.332156214000065], [86.73422153200005, 26.332280036000043], [86.73457301200006, 26.33274112500004], [86.73506975500004, 26.333990327000038], [86.73517738400005, 26.334575829000073], [86.73496340500003, 26.33507436600007], [86.73486261600004, 26.33541830100006], [86.73497469100005, 26.335958583000036], [86.73518491300007, 26.336339941000062], [86.73531325400006, 26.336974824000038], [86.73544114200007, 26.337578051000037], [86.73535891300008, 26.337800009000034], [86.73505068400004, 26.337988246000066], [86.73489744900007, 26.338143192000075], [86.73485250900006, 26.338549727000043], [86.73506454200003, 26.339070967000055], [86.73527320300008, 26.339330477000033], [86.73589808800006, 26.339626372000055], [86.73743978500005, 26.33953817400004], [86.73814438900007, 26.33940898900005], [86.73903767400003, 26.339151592000064], [86.73921809700005, 26.338373655000055], [86.74035401200007, 26.337901552000062], [86.74145553300008, 26.33786305500007], [86.74307418500007, 26.338315488000035], [86.74599257000006, 26.33778869400004], [86.74736531000008, 26.33741791500006], [86.74760280200007, 26.337337218000073], [86.74839256100006, 26.337068767000062], [86.74897108200008, 26.336485221000032], [86.74970589500003, 26.336369227000034], [86.75059378700007, 26.336468253000078], [86.75107502100008, 26.33649930200005], [86.75140727800004, 26.336626658000057], [86.75190554700004, 26.33642290100005], [86.75242771400008, 26.336913776000074], [86.75303142400008, 26.336726913000064], [86.75368520000006, 26.336156118000076], [86.753999, 26.33601741700005], [86.75449525000005, 26.336048359000074], [86.75472159500003, 26.336510671000042], [86.75533111700008, 26.33638699100004], [86.75528268000005, 26.335742312000036], [86.75572659300008, 26.33560221700003], [86.75668342300008, 26.335610291000023], [86.75694646300008, 26.33580600600004], [86.75707738600005, 26.33625135500006], [86.75746328800005, 26.33626532900007], [86.75760252500004, 26.336958751000054], [86.75861835800004, 26.336884888000043], [86.75867900900005, 26.33615326300003], [86.76061278900005, 26.33579897900006], [86.76204909000006, 26.335707176000028], [86.76261750400005, 26.335502650000024], [86.76321011000005, 26.335627276000025], [86.76442116900006, 26.33554676600005], [86.76442403100003, 26.335763308000026], [86.76382214100005, 26.336085496000067], [86.76344326900005, 26.336603921000062], [86.76239576500006, 26.33694428600006], [86.76007761500006, 26.337401869000075], [86.75928863900003, 26.337590697000053], [86.75866670900007, 26.33791308600007], [86.75712285400004, 26.338213558000064], [86.75633611900008, 26.338569307000057], [86.75638019200005, 26.33926813200003], [86.75486058900003, 26.339897731000065], [86.75581332900003, 26.341133050000053], [86.75513456500005, 26.341325193000046], [86.75562717800005, 26.34223141900003], [86.75598872800003, 26.343071395000038], [86.75614336700005, 26.343800704000046], [86.75676988700008, 26.344985294000026], [86.75765332500004, 26.346284552000043], [86.75907141500005, 26.347862332000034], [86.76018906200005, 26.348680733000037], [86.76036586200007, 26.34955870600004], [86.76077075500007, 26.350650933000054], [86.76103504400004, 26.351329451000026], [86.76104925800007, 26.352033152000047], [86.76182769700006, 26.352570916000047], [86.76309887100007, 26.352476221000074], [86.76342048300006, 26.352937617000066], [86.76355810600006, 26.353500159000077], [86.76394632800003, 26.353694586000074], [86.76568187000004, 26.35386116600006], [86.76653849800005, 26.354628207000076], [86.76681530000008, 26.35472450700007], [86.76749320100004, 26.354469189000042], [86.76806552400006, 26.35456244900007], [86.76905294000005, 26.355368655000063], [86.76989703100008, 26.355174636000072], [86.77075780500007, 26.354718843000057]]]]}}, {"type": "Feature", "properties": {"OBJECTID": 7330, "GPCODE": "99161", "GPNAME_1": "CHANDPIPER", "DIST_CEN_C": "06", "BLK_NAME": "SARAIGARH BHAPTIYAHI", "ST_NAME": "BIHAR", "ST_CODE_1": "10", "GPCODE2011": "101602", "REMARKS": "FINALIZED", "MAP_STATUS": "COMPLETED", "BLK_C_2001": "060006", "BLK_C_2011": "01106", "DIST_NAME": "SUPAUL", "code2011": 0.0, "Shape_Leng": 0.19977327272, "Shape_Area": 0.00104834092, "Area": 11.5929}, "geometry": {"type": "MultiPolygon", "coordinates": [[[[86.72863309600007, 26.28152285500005], [86.72981538800008, 26.280797766000035], [86.73076752600008, 26.280084060000036], [86.73185654500008, 26.279499718000068], [86.73347370900007, 26.279113048000056], [86.73489268600008, 26.278502763000063], [86.73714809200004, 26.27791540900006], [86.73792572200006, 26.277650176000066], [86.73830134000008, 26.277664358000038], [86.73945903600008, 26.27776063300007], [86.73984451500007, 26.277756613000065], [86.74050810300008, 26.277582848000065], [86.74117028700005, 26.277296152000076], [86.74247716000008, 26.276926187000072], [86.74274983600003, 26.276715787000057], [86.74302041600004, 26.276342948000035], [86.74335434900007, 26.275834125000074], [86.74360299200004, 26.275709756000026], [86.74456910100008, 26.27530715300003], [86.74498727400004, 26.27395818800005], [86.74563899400005, 26.27207433800004], [86.74645490000006, 26.269340623000062], [86.74663395800007, 26.26847244100003], [86.74656127400004, 26.268265626000073], [86.74645501200007, 26.26817647400003], [86.74607340700004, 26.26808568000007], [86.74584836300005, 26.268106084000067], [86.74560463800003, 26.268230430000074], [86.74529301100006, 26.268910498000025], [86.74513703600007, 26.269236956000043], [86.74488757800003, 26.269307310000045], [86.74468190500005, 26.26927328100004], [86.74189258600006, 26.26801640900004], [86.74160934800005, 26.26778921500005], [86.74163191600007, 26.26759495300007], [86.74196067400004, 26.26668909600005], [86.74240108300006, 26.26550685600006], [86.74249190800003, 26.263994387000025], [86.74261769900005, 26.26365919600005], [86.74324111200008, 26.26269613200003], [86.74308355200003, 26.262508266000054], [86.74287364200006, 26.262140515000056], [86.74193770300008, 26.26019647700008], [86.74110194700006, 26.257863369000063], [86.74103249200004, 26.25712866500004], [86.74113917700004, 26.256856825000057], [86.74135012400006, 26.256525232000058], [86.74134288900007, 26.256344779000074], [86.74103204700003, 26.255522331000066], [86.74071094000004, 26.25506996100006], [86.74049386400009, 26.25493227000004], [86.74030347000007, 26.25491627100007], [86.74016412900005, 26.254980853000063], [86.74001596800008, 26.25513127100004], [86.73975671400007, 26.25560326200008], [86.73954506500007, 26.255885157000023], [86.73927058400005, 26.255951151000033], [86.73877930900005, 26.255888648000052], [86.73827507200008, 26.255605051000032], [86.73795359700006, 26.255509157000063], [86.73768894300008, 26.25556597600007], [86.73736709200006, 26.255840100000057], [86.73728547000007, 26.25610708000005], [86.73736681800005, 26.256602585000053], [86.73726894400005, 26.256775050000044], [86.73705468600008, 26.256854003000058], [86.73680298500005, 26.25713182100003], [86.73668674000004, 26.25743537900007], [86.73646435400008, 26.257663310000055], [86.73584247500008, 26.257962989000077], [86.73524358900005, 26.258095550000064], [86.73479005500008, 26.258253610000054], [86.73454977700004, 26.25825605400007], [86.73400139500006, 26.258031625000058], [86.73304260400005, 26.258601084000077], [86.73252456400007, 26.25880041100004], [86.73144598200008, 26.259010088000025], [86.73042768600004, 26.259228117000077], [86.72846493800006, 26.259577728000068], [86.72586739900004, 26.260001530000068], [86.72437290400006, 26.26017022900004], [86.72345842000004, 26.26029699700007], [86.72260294100005, 26.26072988900006], [86.72231539500007, 26.260944856000037], [86.72212187500008, 26.26147927100004], [86.72193932900007, 26.26168870400005], [86.72150515200008, 26.26179238800006], [86.72073597100007, 26.261926605000042], [86.72042549600008, 26.261920814000064], [86.72024523200008, 26.261909143000025], [86.71979907200006, 26.26146248400005], [86.71930441400008, 26.261133663000066], [86.71894289000005, 26.261047097000073], [86.71865279900004, 26.261063630000024], [86.71838884500005, 26.26117453100005], [86.71797486100007, 26.261688682000056], [86.71764160500004, 26.261854499000037], [86.71737583600003, 26.261821179000037], [86.71701390000004, 26.261694016000035], [86.71667735000005, 26.26160268700005], [86.71645210800006, 26.261609521000025], [86.71619877100005, 26.261760940000045], [86.71606722600006, 26.26204653600007], [86.71605435700008, 26.262619766000057], [86.71587570200006, 26.262738873000046], [86.71577577000005, 26.262753392000036], [86.71528564000005, 26.26238845100005], [86.71493199400004, 26.262130351000053], [86.71456064000006, 26.26205294500005], [86.71413488300004, 26.262030183000036], [86.71327552700006, 26.262160781000034], [86.71161428800008, 26.26261084600003], [86.71108694900005, 26.262868879000052], [86.71057659600007, 26.26329368300003], [86.71023561700008, 26.26364011800007], [86.71013416500006, 26.26393887200004], [86.71024624200004, 26.264488222000068], [86.71020022600004, 26.26481360100007], [86.71001145900004, 26.264932858000066], [86.70977079200009, 26.264899183000068], [86.70954332200006, 26.264721012000052], [86.70911417600007, 26.26442756000006], [86.70870184700004, 26.264278326000067], [86.70849418100005, 26.26408641100005], [86.70838228200006, 26.263546077000058], [86.70816171600006, 26.263119715000073], [86.70785898600008, 26.262924240000075], [86.70705860200007, 26.262566892000052], [86.70666754700005, 26.262516650000066], [86.70649820800008, 26.26258608100005], [86.70622731200007, 26.262940822000076], [86.70598879800008, 26.26308311500003], [86.70526136700005, 26.262950534000026], [86.70508467700006, 26.262830584000028], [86.70502189500007, 26.262614579000058], [86.70495999000008, 26.261663147000036], [86.70473957400003, 26.26125482300006], [86.70436427600004, 26.260857016000045], [86.70416815700008, 26.260786796000048], [86.70395377100004, 26.260852172000057], [86.70333207100003, 26.261174270000026], [86.70252183800005, 26.261633653000047], [86.70207237000005, 26.261714918000052], [86.70143263300008, 26.261798086000056], [86.70104539200008, 26.262050164000073], [86.70075685700004, 26.262192938000055], [86.70043195600005, 26.262236899000072], [86.69997184500005, 26.261867032000055], [86.69964385000009, 26.26164923600004], [86.69930235600003, 26.26115631700003], [86.69903589100005, 26.26066266500004], [86.69887660300003, 26.260330443000043], [86.69903707300006, 26.25994978700004], [86.69932516000006, 26.25977535800007], [86.69941516600005, 26.25936383800007], [86.69937007400006, 26.25855211100003], [86.69963700400007, 26.257069511000054], [86.69962933000005, 26.256455909000067], [86.69950611500008, 26.25580288100008], [86.69920272900004, 26.25475461700006], [86.69878580700004, 26.253824765000047], [86.69845763300003, 26.25279036200004], [86.69821471900008, 26.252576187000045], [86.69786718600005, 26.252403702000038], [86.69732075500008, 26.252332478000028], [86.69712087400006, 26.25235707400003], [86.69698760300008, 26.25251187600003], [86.69687126300005, 26.25281531400003], [86.69668416400003, 26.253060918000074], [86.69650465800004, 26.253121382000074], [86.69623948400005, 26.253124007000054], [86.69548258800006, 26.253041359000065], [86.69421197800006, 26.253099246000033], [86.69339861900005, 26.253301434000036], [86.69303808500007, 26.253287053000065], [86.69290132400005, 26.25315303900004], [86.69280234500008, 26.252842719000057], [86.69270350200009, 26.252536905000056], [86.69246185100008, 26.25242202800007], [86.69230731700009, 26.252477733000035], [86.69215416700007, 26.252637158000027], [86.69211644900008, 26.253233091000027], [86.69202274200006, 26.253752967000025], [86.69180893400005, 26.253867936000063], [86.69161850900008, 26.253847275000055], [86.69150695900004, 26.253726544000074], [86.69144059700005, 26.253217395000036], [86.69138551600008, 26.252811819000044], [86.69120864600006, 26.25267823300004], [86.69090680900007, 26.252554882000027], [86.69055398600005, 26.252355442000066], [86.69032581800008, 26.252118524000025], [86.68988252400004, 26.250665538000078], [86.68960465600009, 26.250456255000074], [86.68914356400006, 26.250411274000044], [86.68882432600003, 26.250500184000032], [86.68865570100007, 26.25062371100006], [86.68858066800004, 26.251035046000027], [86.68869662800006, 26.251503119000063], [86.68878103500003, 26.251858819000063], [86.68869793200008, 26.252022054000065], [86.68853322500007, 26.252055262000056], [86.68825970600005, 26.25219792400003], [86.68815385500005, 26.25254188300005], [86.68816271600008, 26.253268237000043], [86.68813098300006, 26.254342477000023], [86.68787912000005, 26.25624910500005], [86.68797518200006, 26.25754310600007], [86.68817710300004, 26.25849314900006], [86.68831996500006, 26.259118914000055], [86.68834726600005, 26.259303663000026], [86.68828554900006, 26.259570496000038], [86.68806277000004, 26.259771298000032], [86.68731232300007, 26.25980583300003], [86.68704767700007, 26.259853632000045], [86.68665843900004, 26.260362859000054], [86.68640594700008, 26.260590990000026], [86.68596271900003, 26.260771392000038], [86.68547252100007, 26.26079882600004], [86.68508830100006, 26.260897415000045], [86.68487504500007, 26.261061983000047], [86.68482765500005, 26.26127912000004], [86.68482246100007, 26.261667201000023], [86.68490008200007, 26.262280013000066], [86.68485725300008, 26.262465462000023], [86.68466333000003, 26.262566676000063], [86.68446443800008, 26.262672431000055], [86.68445074300007, 26.262780848000034], [86.68449885600006, 26.26303312400006], [86.68475949000003, 26.26346360200006], [86.68481186300005, 26.26365713000007], [86.68479914700004, 26.263842303000047], [86.68426403000007, 26.26428529700007], [86.68463441500006, 26.26510280100007], [86.68522561900005, 26.26554813300004], [86.68536544700004, 26.265930280000077], [86.68561197600008, 26.266839274000063], [86.68594275300006, 26.267282676000036], [86.68677086300005, 26.26745937900006], [86.68818450600008, 26.267616710000027], [86.68875241900008, 26.267795983000042], [86.68901604900003, 26.26847467500005], [86.68911299000007, 26.270653089000064], [86.68910546000006, 26.272882108000033], [86.68920941600004, 26.273187884000038], [86.68955229800008, 26.273387567000043], [86.69038166600006, 26.273658952000062], [86.69095106200007, 26.273964584000055], [86.69220694600006, 26.274312992000034], [86.69313873600004, 26.274366801000042], [86.69392802900006, 26.27423250700008], [86.69528766900004, 26.274065380000025], [86.69575219400008, 26.27398404400003], [86.69606527200006, 26.274197422000043], [86.69627354400006, 26.27444347100004], [86.69654887200005, 26.274440782000056], [86.69797487800008, 26.273975197000027], [86.69878474800004, 26.273890274000053], [86.69905851000004, 26.273761216000025], [86.69934442000005, 26.27340179600003], [86.69973826700004, 26.273276057000032], [86.70066838600007, 26.273189925000054], [86.70203879200005, 26.273085813000023], [86.70229522900007, 26.27317803400007], [86.70255918200007, 26.273468648000062], [86.70268021800007, 26.273544119000064], [86.70306068300005, 26.27354022000003], [86.70350495600007, 26.273441037000055], [86.70376183100007, 26.273564729000043], [86.70403256600008, 26.27440129100006], [86.70434753400008, 26.274768075000054], [86.70455394900006, 26.274860690000025], [86.70537879500006, 26.274771130000033], [86.70630790000007, 26.27460379100006], [86.70671940900007, 26.274680873000023], [86.70750156400004, 26.275182749000066], [86.70774453700005, 26.275396905000036], [86.70807532900005, 26.275425147000078], [86.70844878500003, 26.275263429000063], [86.70901722000008, 26.27508615100004], [86.70934345200004, 26.27514598700003], [86.71034963000005, 26.27554190400008], [86.71059059000004, 26.275598126000034], [86.71082990700006, 26.27551896400007], [86.71082679600005, 26.275270840000076], [86.71088680500003, 26.274462527000026], [86.71108987800005, 26.274289062000037], [86.71148336900006, 26.274131632000035], [86.71189528400004, 26.274249200000042], [86.71264070000007, 26.274602625000057], [86.71303682700005, 26.274657239000078], [86.71364174000007, 26.274592374000065], [86.71402954700005, 26.275175078000075], [86.71416960400006, 26.275561610000068], [86.71418104800006, 26.276472933000036], [86.71427767100005, 26.277387960000056], [86.71407525300003, 26.277620150000075], [86.71370765400007, 26.278242049000028], [86.71356549600006, 26.27928124700003], [86.71364265500006, 26.280241585000056], [86.71403787700007, 26.28141974700003], [86.71461469700006, 26.282298196000056], [86.71490792100008, 26.28252528200005], [86.71509777500006, 26.282491796000045], [86.71532010700008, 26.28225939500004], [86.71557098000005, 26.281900440000072], [86.71586132400006, 26.281897439000034], [86.71627717500007, 26.281924770000046], [86.71782364200004, 26.28188192300007], [86.71885465100007, 26.281857830000035], [86.72083282400007, 26.28111560600007], [86.72113282800007, 26.28108096400007], [86.72140923000006, 26.281163823000043], [86.72193547000006, 26.281605184000057], [86.72225209400005, 26.282098293000047], [86.72257058500008, 26.282343155000035], [86.72324332200003, 26.282489707000025], [86.72394479400003, 26.282536583000024], [86.72547387800006, 26.282304348000025], [86.72765660600004, 26.281902870000067], [86.72863309600007, 26.28152285500005]]]]}}, {"type": "Feature", "properties": {"OBJECTID": 7333, "GPCODE": "99162", "GPNAME_1": "CHHIRHI HANUMANNAGAR", "DIST_CEN_C": "06", "BLK_NAME": "SARAIGARH BHAPTIYAHI", "ST_NAME": "BIHAR", "ST_CODE_1": "10", "GPCODE2011": "101603", "REMARKS": "FINALIZED", "MAP_STATUS": "COMPLETED", "BLK_C_2001": "060006", "BLK_C_2011": "01106", "DIST_NAME": "SUPAUL", "code2011": 0.0, "Shape_Leng": 0.23955886281, "Shape_Area": 0.00102403266, "Area": 11.314}, "geometry": {"type": "MultiPolygon", "coordinates": [[[[86.83365629400004, 26.38463723700005], [86.83413072100007, 26.38414919300004], [86.83455492400003, 26.38439270300006], [86.83523332300007, 26.384168661000047], [86.83554855200003, 26.38413351400004], [86.83577265600007, 26.384397281000076], [86.83658242600006, 26.384252937000042], [86.83741325100004, 26.384180594000043], [86.83796236100005, 26.384025545000043], [86.83865460600003, 26.384081079000055], [86.84035121700003, 26.383926918000043], [86.84200229200007, 26.383376120000037], [86.84269557900006, 26.382772853000063], [86.84279646000005, 26.381724990000066], [86.84263107100008, 26.380264940000075], [86.84321447000008, 26.380059936000066], [86.84340896500004, 26.379629142000056], [86.84404489100007, 26.379590525000026], [86.84596069300005, 26.379352578000066], [86.84653952800005, 26.38027104500003], [86.84674048200003, 26.381762223000067], [86.84740086900007, 26.381691767000063], [86.84760894700008, 26.38079150300007], [86.84789771900006, 26.38028751300004], [86.84837587300007, 26.380083601000024], [86.84787525700006, 26.379019911000057], [86.85196016800006, 26.37729587900003], [86.85196619000004, 26.377293337000026], [86.85170782200004, 26.37643236200006], [86.85087967900006, 26.37524601900003], [86.84818607400007, 26.37284869900003], [86.84554636900003, 26.37108239400004], [86.84480540400006, 26.371126724000078], [86.84494378600004, 26.370258973000034], [86.84471605400006, 26.369729078000034], [86.84419003400006, 26.36936942600005], [86.84412539000004, 26.36721351500006], [86.84274319000008, 26.365798625000025], [86.84276685900005, 26.36496812300004], [86.84335293100008, 26.364596145000064], [86.84304973200005, 26.361481792000063], [86.84060113700008, 26.36048033000003], [86.83837486100003, 26.359607133000054], [86.83673557000003, 26.358429681000075], [86.83599827700004, 26.358370129000036], [86.83504142100008, 26.356535363000035], [86.83373754700006, 26.356806935000066], [86.83325125800008, 26.357150760000025], [86.83272594200008, 26.357197118000045], [86.83265506600009, 26.357879224000044], [86.83246807400008, 26.358494859000075], [86.83149974500003, 26.35876279000007], [86.83157294000006, 26.35972303500006], [86.83098494200004, 26.359955092000064], [86.83142052700003, 26.36103761700008], [86.83113964500006, 26.36137917600007], [86.83138681000008, 26.36187269900006], [86.83115450400004, 26.362470882000025], [86.83070237300007, 26.362751049000053], [86.83034541800004, 26.362655784000026], [86.83016192400004, 26.36242770900003], [86.82983860700006, 26.36222821100006], [86.82907342200008, 26.361225924000053], [86.82882223900003, 26.361170049000066], [86.82826276800006, 26.361298085000044], [86.82723230300007, 26.361783159000026], [86.82616382500004, 26.36205211500004], [86.82579304700005, 26.361677151000038], [86.82584469500006, 26.36141946300006], [86.82550607100006, 26.36083664800003], [86.82516501600008, 26.360808726000073], [86.82453678600007, 26.36103229300005], [86.82446384000008, 26.360455553000065], [86.82398507100004, 26.359874251000065], [86.82238635100003, 26.36057305500003], [86.82155530200004, 26.360613752000063], [86.82065587300008, 26.360795089000078], [86.81953371900005, 26.36116836700006], [86.81926887900005, 26.361960859000078], [86.81928626800004, 26.36250659800004], [86.81954087800005, 26.36281058700007], [86.81962706200005, 26.36325185100003], [86.81917457200007, 26.363504927000065], [86.81848198200004, 26.363792326000066], [86.81792587300004, 26.363789331000078], [86.81757265800007, 26.36322923800003], [86.81715166300006, 26.363220254000055], [86.81591738700007, 26.363833844000055], [86.81567701700004, 26.363836500000048], [86.81541833000006, 26.363230199000043], [86.81456478800004, 26.363465115000054], [86.81460007300007, 26.36385731200005], [86.81503758800005, 26.364723309000055], [86.81583478100004, 26.366248658000075], [86.81585767100006, 26.366830434000065], [86.81616945300004, 26.367661763000058], [86.81678391800006, 26.36938310100004], [86.81786249100008, 26.369114142000058], [86.81809792700005, 26.369481491000045], [86.81806214500006, 26.370167666000043], [86.81749136500008, 26.37019652400005], [86.81703863000007, 26.370436065000035], [86.81662215300008, 26.37002099500006], [86.81600967800006, 26.370302951000042], [86.81564874200006, 26.369918881000046], [86.81560073900005, 26.369702837000034], [86.81584791700004, 26.369452006000074], [86.81586798500007, 26.36908179900007], [86.81539703100003, 26.36908695900007], [86.81512660800007, 26.368349958000067], [86.81491759000005, 26.368085963000055], [86.81466030800004, 26.36683448900004], [86.81424982300007, 26.366861503000052], [86.81424057300006, 26.366175818000045], [86.81401288800004, 26.365271390000032], [86.81371752700005, 26.36528362300004], [86.81337668700007, 26.36452933700008], [86.81308334000005, 26.363955023000074], [86.81288125500004, 26.363456471000063], [86.81232148800007, 26.36355278600007], [86.81210802800007, 26.363329496000063], [86.81196589900009, 26.36281672700005], [86.81219841800004, 26.362597570000048], [86.81266233400004, 26.36282716100004], [86.81353039600003, 26.36292145400006], [86.81372464600008, 26.36395708300006], [86.81414691100008, 26.36405625900005], [86.81412881600005, 26.36346082800003], [86.81440938500003, 26.363087825000036], [86.81416668900005, 26.36218358900004], [86.81418416800005, 26.361614875000043], [86.81459424300004, 26.36156531900008], [86.81444907700006, 26.360826902000042], [86.81392477000009, 26.36095897100006], [86.81350931700007, 26.360611617000075], [86.81239311200005, 26.360686888000032], [86.81215111900008, 26.359827737000046], [86.81124407300007, 26.360185133000073], [86.80993214100005, 26.360979962000044], [86.80890529700008, 26.360991093000052], [86.80858137100006, 26.360750972000062], [86.80854437800008, 26.361346962000027], [86.80826006600006, 26.362189267000076], [86.80771318700005, 26.362506549000045], [86.80778794600008, 26.36322317400004], [86.80697472400004, 26.363480141000025], [86.80551366000003, 26.363613290000046], [86.80346258500003, 26.363843106000047], [86.80322505500004, 26.364811260000067], [86.80276969200008, 26.365226748000055], [86.80215786300005, 26.36556276600004], [86.80106497600008, 26.36551143400004], [86.80008560800007, 26.365707086000043], [86.79966110700008, 26.366555376000065], [86.79892938100005, 26.368043169000032], [86.79771760500006, 26.36809689100005], [86.79646632300006, 26.368191640000077], [86.79612807400008, 26.36875026100006], [86.79567822100006, 26.369206277000046], [86.79517899100006, 26.369338017000075], [86.79419893900007, 26.36949296000006], [86.79351463800003, 26.369644710000046], [86.79288353000004, 26.370039536000036], [86.79257248700009, 26.370764825000037], [86.79167668500008, 26.370842151000033], [86.79159932600004, 26.37105057200006], [86.79124550400007, 26.371198724000067], [86.79109135400006, 26.37166056800004], [86.79069877700005, 26.37190395400006], [86.79069515200007, 26.37276578500007], [86.79080122100004, 26.37358583400004], [86.79078094500005, 26.374695986000063], [86.79064091500004, 26.37509902100004], [86.79137349100006, 26.375172345000067], [86.79147240700007, 26.375830092000058], [86.79142677000004, 26.377680458000043], [86.79130192200006, 26.37846237900004], [86.79128166600003, 26.380330514000036], [86.79137705900007, 26.380722029000026], [86.79130078600008, 26.38176960000004], [86.79123371700007, 26.382384004000073], [86.79199954800004, 26.38232163300006], [86.79244534400004, 26.38230778700006], [86.79317201600009, 26.38268798100006], [86.79359750800006, 26.382281840000076], [86.79405839500004, 26.382276817000047], [86.79498247600003, 26.38243378900006], [86.79530618000007, 26.382655897000063], [86.79652926500006, 26.382692313000064], [86.79846607200005, 26.38288800600003], [86.79893823900005, 26.382973175000075], [86.79922919500007, 26.382622592000075], [86.79935872400006, 26.382188057000064], [86.79961371600007, 26.381395681000072], [86.79999329100008, 26.380926788000068], [86.80114547900007, 26.380905296000037], [86.80209029000008, 26.38074171900007], [86.80214678200008, 26.380470392000063], [86.80220749200004, 26.379761323000025], [86.80316331100005, 26.37966972600003], [86.80319997100008, 26.379042180000056], [86.80351720400006, 26.37878160200006], [86.80415448900004, 26.37847688900007], [86.80537553800008, 26.378359828000043], [86.80611471100008, 26.378180317000044], [86.80637310000003, 26.378019622000068], [86.80660199700003, 26.37715534700004], [86.80677038600004, 26.377009159000067], [86.80716225800006, 26.377086105000046], [86.80741690600007, 26.377394621000064], [86.80756222700006, 26.378142050000065], [86.80765675900005, 26.378461405000053], [86.80822594800009, 26.378310835000036], [86.80868043400005, 26.37820209000006], [86.80867423500007, 26.378486423000027], [86.80896138900005, 26.37860061500004], [86.80902963300008, 26.379574414000047], [86.81060162200004, 26.37947609400004], [86.81054224900004, 26.37841645900005], [86.81113777000007, 26.378360308000026], [86.81213633000004, 26.378092211000023], [86.81255117800004, 26.378385450000053], [86.81287949500006, 26.37820595000005], [86.81346478900008, 26.378136424000047], [86.81442113300005, 26.37808534100003], [86.81482688500006, 26.377710936000028], [86.81514602000004, 26.377594630000033], [86.81630643200003, 26.377437586000042], [86.81718929800007, 26.377143655000054], [86.81796580800005, 26.378615096000033], [86.81825686600007, 26.379757901000062], [86.81878917600005, 26.380961265000053], [86.81954734200008, 26.38107026700004], [86.82011690100006, 26.382061140000076], [86.82061403500006, 26.382136960000025], [86.82112696800004, 26.38301566100006], [86.82149471400004, 26.383160475000068], [86.82335085900007, 26.382576157000074], [86.82412272100004, 26.382215673000076], [86.82418882400003, 26.383031646000063], [86.82289044200007, 26.384092630000055], [86.82286071400006, 26.384490050000068], [86.82302987200006, 26.384772439000074], [86.82378865200008, 26.38492651300004], [86.82492832500003, 26.384715435000032], [86.82582222700006, 26.383758100000023], [86.82649890800008, 26.38340323400007], [86.82726315700006, 26.383958885000027], [86.82777827200005, 26.38388997800007], [86.82826218200006, 26.38446219700006], [86.82946751300005, 26.384665519000066], [86.83124047800004, 26.384596242000043], [86.83148048100009, 26.384927551000033], [86.83181769200007, 26.385036567000043], [86.83187698700004, 26.38533820500004], [86.83226525600008, 26.385514416000035], [86.83303951400006, 26.385338863000072], [86.83327134500007, 26.38470470900006], [86.83365629400004, 26.38463723700005]], [[86.82025006900005, 26.377832029000047], [86.81989929100007, 26.377456918000064], [86.81876770900004, 26.377518903000066], [86.81834803200007, 26.376124806000064], [86.81799751900007, 26.37576772700004], [86.81788098000004, 26.37418978100004], [86.81749751800004, 26.37399546100005], [86.81703458900006, 26.373477172000037], [86.81707536900007, 26.371301946000074], [86.81771309800007, 26.371033341000043], [86.81799548900005, 26.37154007600003], [86.81826466000007, 26.37143781900005], [86.81852261300008, 26.37161551400004], [86.81849422200008, 26.37211214100006], [86.81871713300006, 26.372290167000074], [86.81918448800008, 26.37313781200004], [86.81984702700004, 26.373590757000045], [86.82039615600007, 26.373440370000026], [86.82114338100007, 26.374975233000043], [86.82116943900007, 26.375421602000074], [86.82089843200004, 26.375753958000075], [86.82151192700007, 26.37628868400003], [86.82158085200007, 26.377307574000042], [86.82025006900005, 26.377832029000047]]]]}}, {"type": "Feature", "properties": {"OBJECTID": 7343, "GPCODE": "99163", "GPNAME_1": "DHOLI", "DIST_CEN_C": "06", "BLK_NAME": "SARAIGARH BHAPTIYAHI", "ST_NAME": "BIHAR", "ST_CODE_1": "10", "GPCODE2011": "101604", "REMARKS": "FINALIZED", "MAP_STATUS": "COMPLETED", "BLK_C_2001": "060006", "BLK_C_2011": "01106", "DIST_NAME": "SUPAUL", "code2011": 0.0, "Shape_Leng": 0.32666924118, "Shape_Area": 0.00226496399, "Area": 25.0321}, "geometry": {"type": "MultiPolygon", "coordinates": [[[[86.73238870400007, 26.367253823000055], [86.73460518700006, 26.367014230000052], [86.73601884700008, 26.367076326000074], [86.73727485600006, 26.36695497200003], [86.73792420700005, 26.366808383000034], [86.73813204400005, 26.366603205000047], [86.73824789900004, 26.36626360100007], [86.73787232100005, 26.365491424000027], [86.73717567900007, 26.36312982800007], [86.73702456600006, 26.36227863700003], [86.73718675100008, 26.36164523900004], [86.73740313300004, 26.361331686000028], [86.73745728600005, 26.361254400000064], [86.73758916500003, 26.360991356000056], [86.73769142300006, 26.360755648000065], [86.73803599800004, 26.360675325000045], [86.74139178000007, 26.36099689100007], [86.74189570800007, 26.361226251000062], [86.74271781300007, 26.361655410000026], [86.74412585800007, 26.361284260000048], [86.74525316800003, 26.36129058000006], [86.74558131600008, 26.361485619000064], [86.74567494200005, 26.362138924000078], [86.74589132800008, 26.362605905000066], [86.74633678000004, 26.36256964200004], [86.74760257900004, 26.362421906000066], [86.74824771900006, 26.362346631000037], [86.74985107800006, 26.361973441000032], [86.75041679000003, 26.36155242600006], [86.75063289400003, 26.36122081700006], [86.75025316100005, 26.360525361000043], [86.75030278600008, 26.360096249000037], [86.75052074300004, 26.359908939000036], [86.75028690100004, 26.358864648000065], [86.75006301900004, 26.358600753000076], [86.75010222900005, 26.357373032000055], [86.75030470800004, 26.35714081100008], [86.75029783800005, 26.35660852500007], [86.75147231600005, 26.35639766500003], [86.75128988200004, 26.355073073000028], [86.75145241700005, 26.354854730000056], [86.75221051800008, 26.35498219400006], [86.75345956300004, 26.354720952000037], [86.75449051900006, 26.354642418000026], [86.75539102600004, 26.354551746000027], [86.75536161000008, 26.353821081000035], [86.75536903300008, 26.353239004000045], [86.75575760000004, 26.353067973000066], [86.75739197300004, 26.352784515000053], [86.75869850800007, 26.35270315200006], [86.75887844500005, 26.352286169000024], [86.75856570100007, 26.350962886000048], [86.75880259400003, 26.35069417400007], [86.75918748500004, 26.35062697500007], [86.75989964400009, 26.35146319000006], [86.76019931500008, 26.35177591200005], [86.76104925800007, 26.352033152000047], [86.76103504400004, 26.351329451000026], [86.76077075500007, 26.350650933000054], [86.76036586200007, 26.34955870600004], [86.76018906200005, 26.348680733000037], [86.75907141500005, 26.347862332000034], [86.75765332500004, 26.346284552000043], [86.75676988700008, 26.344985294000026], [86.75614336700005, 26.343800704000046], [86.75598872800003, 26.343071395000038], [86.75562717800005, 26.34223141900003], [86.75513456500005, 26.341325193000046], [86.75581332900003, 26.341133050000053], [86.75486058900003, 26.339897731000065], [86.75638019200005, 26.33926813200003], [86.75633611900008, 26.338569307000057], [86.75712285400004, 26.338213558000064], [86.75866670900007, 26.33791308600007], [86.75928863900003, 26.337590697000053], [86.76007761500006, 26.337401869000075], [86.76239576500006, 26.33694428600006], [86.76344326900005, 26.336603921000062], [86.76382214100005, 26.336085496000067], [86.76442403100003, 26.335763308000026], [86.76442116900006, 26.33554676600005], [86.76321011000005, 26.335627276000025], [86.76261750400005, 26.335502650000024], [86.76204909000006, 26.335707176000028], [86.76061278900005, 26.33579897900006], [86.75867900900005, 26.33615326300003], [86.75861835800004, 26.336884888000043], [86.75760252500004, 26.336958751000054], [86.75746328800005, 26.33626532900007], [86.75707738600005, 26.33625135500006], [86.75694646300008, 26.33580600600004], [86.75668342300008, 26.335610291000023], [86.75572659300008, 26.33560221700003], [86.75528268000005, 26.335742312000036], [86.75533111700008, 26.33638699100004], [86.75472159500003, 26.336510671000042], [86.75449525000005, 26.336048359000074], [86.753999, 26.33601741700005], [86.75368520000006, 26.336156118000076], [86.75303142400008, 26.336726913000064], [86.75242771400008, 26.336913776000074], [86.75190554700004, 26.33642290100005], [86.75140727800004, 26.336626658000057], [86.75107502100008, 26.33649930200005], [86.75059378700007, 26.336468253000078], [86.74970589500003, 26.336369227000034], [86.74897108200008, 26.336485221000032], [86.74839256100006, 26.337068767000062], [86.74760280200007, 26.337337218000073], [86.74736531000008, 26.33741791500006], [86.74599257000006, 26.33778869400004], [86.74307418500007, 26.338315488000035], [86.74145553300008, 26.33786305500007], [86.74035401200007, 26.337901552000062], [86.73921809700005, 26.338373655000055], [86.73903767400003, 26.339151592000064], [86.73814438900007, 26.33940898900005], [86.73743978500005, 26.33953817400004], [86.73589808800006, 26.339626372000055], [86.73527320300008, 26.339330477000033], [86.73506454200003, 26.339070967000055], [86.73485250900006, 26.338549727000043], [86.73489744900007, 26.338143192000075], [86.73505068400004, 26.337988246000066], [86.73535891300008, 26.337800009000034], [86.73544114200007, 26.337578051000037], [86.73531325400006, 26.336974824000038], [86.73518491300007, 26.336339941000062], [86.73497469100005, 26.335958583000036], [86.73486261600004, 26.33541830100006], [86.73496340500003, 26.33507436600007], [86.73517738400005, 26.334575829000073], [86.73506975500004, 26.333990327000038], [86.73457301200006, 26.33274112500004], [86.73422153200005, 26.332280036000043], [86.73397952000005, 26.332156214000065], [86.73359943600008, 26.332205283000064], [86.73166594200006, 26.332586200000037], [86.73027540600003, 26.333123998000076], [86.72991446500004, 26.333100595000076], [86.72892370000005, 26.33199189900006], [86.72782678500005, 26.330811984000036], [86.72742263700007, 26.330536387000052], [86.72588990600008, 26.330132582000033], [86.72516821800008, 26.330094864000046], [86.72456363300006, 26.330209375000038], [86.72336974500007, 26.33085789300003], [86.72216731200007, 26.331619198000055], [86.72206623200003, 26.329567217000033], [86.72206642300006, 26.328795671000023], [86.72209424300007, 26.32861491700004], [86.72218325300008, 26.328528308000045], [86.72237062000005, 26.328296215000023], [86.72243785300003, 26.32806091200007], [86.72245925800007, 26.327776477000043], [86.72241584500006, 26.32751066800006], [86.72213130600005, 26.327193263000026], [86.72166489400007, 26.326746851000053], [86.72156709400008, 26.326540287000057], [86.72157055800005, 26.326021358000048], [86.72167510300005, 26.32557809700006], [86.72170617100005, 26.32526193800004], [86.72130608000003, 26.324115439000025], [86.72129349200009, 26.323912575000065], [86.72140669000004, 26.323757982000075], [86.72176556600004, 26.323623390000023], [86.72256421500003, 26.323407721000024], [86.72277779800004, 26.323265566000032], [86.72280503300004, 26.323048742000026], [86.72270606900008, 26.32234591400004], [86.72268143500008, 26.32198518900003], [86.72285796000006, 26.321685605000027], [86.72318708200004, 26.321573929000067], [86.72340304100004, 26.321621265000033], [86.72350467600006, 26.321742121000057], [86.72364930200007, 26.32208801300004], [86.72369084800005, 26.32260196900006], [86.72376780700006, 26.322741105000034], [86.72393327900005, 26.32275737200007], [86.72488831800007, 26.322639287000072], [86.72565682900006, 26.322423886000024], [86.72577512700008, 26.322269254000048], [86.72585542700006, 26.321889371000054], [86.72592237700007, 26.321645053000054], [86.72608622700005, 26.321530541000072], [86.72637614400008, 26.321486936000042], [86.72656525500008, 26.32139021200004], [86.72664742500007, 26.321159327000032], [86.72666239400007, 26.32075757800004], [86.72653598000005, 26.320271585000057], [86.72658321600005, 26.32004091500005], [86.72681191200007, 26.319912283000065], [86.72698445400005, 26.319693897000036], [86.72716341300008, 26.319195768000043], [86.72734809500008, 26.31875162700004], [86.72832312900005, 26.317843708000055], [86.72851996000009, 26.317570958000033], [86.72849659200006, 26.31730953300007], [86.72842783900006, 26.31701691300003], [86.72815620800003, 26.316532386000063], [86.72777111900007, 26.316179909000027], [86.72746485400006, 26.31611538100003], [86.72685857900007, 26.31609461900007], [86.72655148200005, 26.315962354000078], [86.72633266000008, 26.315689362000057], [86.72588656300007, 26.314868235000063], [86.72562278600003, 26.314604821000046], [86.72537584600008, 26.314485525000066], [86.72502979400008, 26.314439372000038], [86.72470821800005, 26.314361502000054], [86.72454499500003, 26.314119541000025], [86.72389757200006, 26.312032575000046], [86.72357645200003, 26.311589212000058], [86.72312199600003, 26.311296062000054], [86.72266008600008, 26.31120157500004], [86.72225458800006, 26.311205673000075], [86.72190869000008, 26.31117764700008], [86.72165734500004, 26.31110807500005], [86.72120010400005, 26.310584836000032], [86.72054938300005, 26.310212462000038], [86.71999141500004, 26.31004226600004], [86.71948558000008, 26.310038426000062], [86.71913940600007, 26.309987754000076], [86.71905290700005, 26.309880424000028], [86.71898766900006, 26.309470429000044], [86.71897684000004, 26.30861775900007], [86.71891088800004, 26.30815374200006], [86.71871224700004, 26.307885028000044], [86.71839013600004, 26.307761957000025], [86.71797944400004, 26.307752639000057], [86.71754956200004, 26.307811181000034], [86.71612228800007, 26.30820478100003], [86.71567619200005, 26.30817322300004], [86.71525425700008, 26.30806926100007], [86.71514671700004, 26.307880881000074], [86.71516456800003, 26.307704699000055], [86.71528262600003, 26.307532035000065], [86.71533999000007, 26.307314835000057], [86.71526751100004, 26.307130657000073], [86.71509605800009, 26.30703765800007], [86.71476569500004, 26.30705001800004], [86.71430575700003, 26.30710431800003], [86.71408954800006, 26.307034329000032], [86.71393728800007, 26.30687346900004], [86.71388365600006, 26.306589769000027], [86.71395133900006, 26.30639956600004], [86.71416435900005, 26.30621241600005], [86.71421481800007, 26.30600564200006], [86.71427785700007, 26.305683317000046], [86.71452375200005, 26.302629077000063], [86.71305082900005, 26.301519814000073], [86.70917876500005, 26.299256592000063], [86.70791205900008, 26.299221214000056], [86.70569014100005, 26.30085162000006], [86.70523814400008, 26.298888778000048], [86.70269051900004, 26.30022151600008], [86.70347321300005, 26.302635550000048], [86.70511874500005, 26.307188241000063], [86.70355696000007, 26.307929211000044], [86.70076830500005, 26.30852638700003], [86.69940679000007, 26.30919500300007], [86.70043414300005, 26.310453609000035], [86.70109670900007, 26.31293540300004], [86.70006599600003, 26.314231171000074], [86.69986681400007, 26.315932705000023], [86.69641157000007, 26.31589834500005], [86.69447865500007, 26.315863139000044], [86.69513402200005, 26.31486093600006], [86.69526374600008, 26.314120760000037], [86.69300067700004, 26.314717544000075], [86.69053716000008, 26.31497592100004], [86.69143523300005, 26.317939360000025], [86.69141207100006, 26.318900745000064], [86.69090665800007, 26.320151105000036], [86.69088393100003, 26.32114405300007], [86.69152220700005, 26.322536401000036], [86.69181879500007, 26.323837397000034], [86.69182650200008, 26.324459985000033], [86.69139241800008, 26.32579991600005], [86.69130649000004, 26.327357434000078], [86.69188127000007, 26.32887228900006], [86.69221761000006, 26.33095351000003], [86.69305092100007, 26.332727351000074], [86.69322181800004, 26.332770766000067], [86.69371371500006, 26.333262113000046], [86.69417765800006, 26.333920766000062], [86.69454695200005, 26.334214881000037], [86.69473614800006, 26.334519750000027], [86.69481359700006, 26.335110064000048], [86.69509115200003, 26.335278737000067], [86.69583365500006, 26.335379514000067], [86.69636573600008, 26.335464444000024], [86.69678562300004, 26.335803070000054], [86.69702770700007, 26.335940480000033], [86.69747440500004, 26.336012676000053], [86.69771757900008, 26.33622683300007], [86.69775780500004, 26.336646092000024], [86.69771339100004, 26.337097709000034], [86.69790577500004, 26.337267266000026], [86.69944007900006, 26.33739163200005], [86.69966414600003, 26.338093241000024], [86.69982217700004, 26.338312702000053], [86.70041088700003, 26.338523364000025], [86.70093119600006, 26.338874523000072], [86.70131760800007, 26.339335379000033], [86.70133537500004, 26.33955173800007], [86.70097060600006, 26.340024736000032], [86.70066010300008, 26.34043398800003], [86.70051182000003, 26.340994936000072], [86.70056696800003, 26.341400478000025], [86.70074519300005, 26.34162874100008], [86.70110751600004, 26.34176504000004], [86.70189398100007, 26.34177053700006], [86.70219045700009, 26.341844282000068], [86.70236647800004, 26.341901187000076], [86.70247372200004, 26.34206251300003], [86.70243514300006, 26.34258174000007], [86.70226351000008, 26.344081507000055], [86.70237235800005, 26.344373699000073], [86.70277925100004, 26.345271964000062], [86.70291459200007, 26.34567673500004], [86.70290767800003, 26.34592490600005], [86.70265709300008, 26.346315568000023], [86.70208784700003, 26.34686271100003], [86.70203296100004, 26.347278403000075], [86.70186050900008, 26.347505773000023], [86.70128533500008, 26.34798539700006], [86.70099313200006, 26.34825003700007], [86.70094678900006, 26.34855284200006], [86.70110769200005, 26.34900237200003], [86.70145926700008, 26.349472546000072], [86.70152137400004, 26.349634426000023], [86.70147765200005, 26.349743111000066], [86.70128817400007, 26.349812744000076], [86.69972762900005, 26.350009026000066], [86.69676397200004, 26.350160733000052], [86.69723081000006, 26.351848121000046], [86.69785043600007, 26.35172000400007], [86.69880980400006, 26.351520785000048], [86.69943129600006, 26.351546075000044], [86.69985400200005, 26.35210132000003], [86.70091177400008, 26.35417071100005], [86.70127031000004, 26.35439713200003], [86.70187111800004, 26.354373026000076], [86.70334928000005, 26.354001629000038], [86.70384632900004, 26.35368519900004], [86.70413840700007, 26.353808576000063], [86.70490190800007, 26.354373864000024], [86.70552751100007, 26.354723988000046], [86.70582558600006, 26.354923989000042], [86.70599607500003, 26.35493582500004], [86.70637367900008, 26.35468381100003], [86.70659193000006, 26.354514598000037], [86.70716181800003, 26.35441408400004], [86.70722977400004, 26.354241929000068], [86.70732386900005, 26.353758166000034], [86.70757647400006, 26.353525509000065], [86.70814247600003, 26.353519722000044], [86.70869483200005, 26.353626946000077], [86.70905914200006, 26.35391203200004], [86.70929268500004, 26.354559348000066], [86.70944140400007, 26.35563174400005], [86.70958363600005, 26.355783643000052], [86.71010028100005, 26.355841568000073], [86.71138857400007, 26.355503569000064], [86.71471455800008, 26.354679968000028], [86.71628763800004, 26.35388780900007], [86.71754294200008, 26.35332899100007], [86.71809248600005, 26.353201596000076], [86.71831357200006, 26.353257928000062], [86.71849198900009, 26.353504300000054], [86.71854606200003, 26.353815041000075], [86.71850106800008, 26.35422165800003], [86.71855524500006, 26.35454592900004], [86.71893729600004, 26.354650310000068], [86.71927271600003, 26.354628799000068], [86.71944479000007, 26.354766976000064], [86.71962420700004, 26.35509000500008], [86.71991516400004, 26.35511856100004], [86.72038096700004, 26.355113816000028], [86.72065746000004, 26.35518765000006], [86.72081565200006, 26.35542061800004], [86.72082181900004, 26.355903393000062], [86.72079081000004, 26.356228565000038], [86.72086253900005, 26.356349693000027], [86.72167570900007, 26.35648119700005], [86.72222996800008, 26.35910146300006], [86.72264588800005, 26.36227369200003], [86.72304050400004, 26.364548246000027], [86.72337694300006, 26.36539755000007], [86.72362887500003, 26.366297356000075], [86.72407780000003, 26.366536411000027], [86.72430384900008, 26.366583682000055], [86.72495331500005, 26.36643714300004], [86.72548910100005, 26.366413627000043], [86.72590101800006, 26.36650409200007], [86.72621651900005, 26.366888841000048], [86.72673511700003, 26.367086586000028], [86.72737717000007, 26.367540147000057], [86.72777653500003, 26.36781585400007], [86.72827921800007, 26.36795047000004], [86.72938031400008, 26.367862459000037], [86.73238870400007, 26.367253823000055]]]]}}, {"type": "Feature", "properties": {"OBJECTID": 7372, "GPCODE": "99164", "GPNAME_1": "JHALA DUMRI", "DIST_CEN_C": "06", "BLK_NAME": "SARAIGARH BHAPTIYAHI", "ST_NAME": "BIHAR", "ST_CODE_1": "10", "GPCODE2011": "101605", "REMARKS": "FINALIZED", "MAP_STATUS": "COMPLETED", "BLK_C_2001": "060006", "BLK_C_2011": "01106", "DIST_NAME": "SUPAUL", "code2011": 0.0, "Shape_Leng": 0.23359772504, "Shape_Area": 0.00144263148, "Area": 15.9441}, "geometry": {"type": "MultiPolygon", "coordinates": [[[[86.77563926600004, 26.356025113000044], [86.77694736600006, 26.35568174900004], [86.77726681200005, 26.356359690000033], [86.77807693500006, 26.356247301000053], [86.77785822600003, 26.35485542500004], [86.77805575400004, 26.354636732000074], [86.77842513000007, 26.354533511000056], [86.77927138400008, 26.354506471000036], [86.77977405700005, 26.355015412000057], [86.78014429400008, 26.35497992100005], [86.78042389500007, 26.35529273900005], [86.78134365400007, 26.355134047000035], [86.78133557900009, 26.354520501000025], [86.78196164300005, 26.354513774000054], [86.78220835800005, 26.35498943300007], [86.78230495000008, 26.35547114700006], [86.78296959300008, 26.355346721000046], [86.78521915300007, 26.354230752000035], [86.78623263400004, 26.353967226000066], [86.78762771500004, 26.353771832000064], [86.78905121900004, 26.35382868800008], [86.78970437900006, 26.353217075000032], [86.79034454000004, 26.352379966000058], [86.79102450800008, 26.35189894800004], [86.79175852200007, 26.351345136000077], [86.79249673000004, 26.351102555000068], [86.79371234400008, 26.350976599000035], [86.79744253700005, 26.350832618000027], [86.79824025100004, 26.350548746000072], [86.79826446400006, 26.349736369000027], [86.799274, 26.349558561000038], [86.79930413900007, 26.34880918500005], [86.79944858800008, 26.34837905100005], [86.79981122000004, 26.348144948000026], [86.80032313600003, 26.34784164000007], [86.80022499300009, 26.347242596000058], [86.80018082600003, 26.346561828000063], [86.79978576100007, 26.34623666300007], [86.79958989000005, 26.345074742000065], [86.79931469700006, 26.343967745000043], [86.79847089600008, 26.342668451000065], [86.79814647600006, 26.34200411000006], [86.79828918400005, 26.34143859900007], [86.79813252400004, 26.340962079000064], [86.79812616600003, 26.34047929600007], [86.79891630000003, 26.34038506400003], [86.79916653600003, 26.339619843000037], [86.79997743700005, 26.33957949200004], [86.80020088000003, 26.339807154000027], [86.80067648000005, 26.339783969000052], [86.80110001700007, 26.339617007000072], [86.80127148900004, 26.340079896000077], [86.80188134300005, 26.33998751100006], [86.80247193000008, 26.34032856300007], [86.80308388100008, 26.340389582000057], [86.80344310000004, 26.341035457000032], [86.80386452000005, 26.341080460000057], [86.80468006600006, 26.341387490000045], [86.80521525900008, 26.34133204500006], [86.80527673300008, 26.340681665000034], [86.80534922800007, 26.340482374000032], [86.80588550200008, 26.340508096000065], [86.80622250400006, 26.340987252000048], [86.80737284400004, 26.341606391000028], [86.80802604200005, 26.34212720000005], [86.80830238000004, 26.34219186400003], [86.80834231200004, 26.34255688500008], [86.80895340400008, 26.342550240000037], [86.80980239700006, 26.34236057100003], [86.81027862500008, 26.342386961000045], [86.81057658300006, 26.34256872800006], [86.81114636700005, 26.343591230000072], [86.81151213900006, 26.343600793000064], [86.81221051900008, 26.34338112000006], [86.81314677300008, 26.343352823000032], [86.81325841900008, 26.34308543000003], [86.81413495700008, 26.342710372000056], [86.81466646800004, 26.342375220000065], [86.81532637700008, 26.342282349000072], [86.81559680800007, 26.34190038400004], [86.81593010200004, 26.34172976700006], [86.81641015600007, 26.34204032100007], [86.81673302700005, 26.342582780000043], [86.81757539700004, 26.342275768000036], [86.81754283000004, 26.34134670000003], [86.81785231000003, 26.340896636000025], [86.81877363400008, 26.340868495000052], [86.81925390700007, 26.341192568000054], [86.82092900700007, 26.340975714000024], [86.82123800300008, 26.340494079000052], [86.82119116500007, 26.339993723000077], [86.82040403900004, 26.33882475100006], [86.81977816900007, 26.337735201000044], [86.81936361200007, 26.337076489000026], [86.81873468100008, 26.336866824000026], [86.81854671000008, 26.336670328000025], [86.81829580800007, 26.335892498000078], [86.81794051500003, 26.335548972000026], [86.81673954400009, 26.33525983900006], [86.81621766000006, 26.334818879000068], [86.81602674500004, 26.334405838000066], [86.81578086900004, 26.33362796800003], [86.81553247000005, 26.333035110000026], [86.81542976900005, 26.332472176000067], [86.81516622300006, 26.33187500500003], [86.81494374400006, 26.331715001000077], [86.81409223000009, 26.33134080600007], [86.81394359700005, 26.331459721000044], [86.81389765300008, 26.332141480000075], [86.81312843900008, 26.332298783000056], [86.81284551800007, 26.332116918000054], [86.81267085500008, 26.33142396900007], [86.81267795400004, 26.330458356000065], [86.81276087500004, 26.32954597500003], [86.81304515900007, 26.328712659000075], [86.81345443400005, 26.327864499000043], [86.81387605800006, 26.32756212700008], [86.81466412900005, 26.327318911000077], [86.81526925000009, 26.32687915500003], [86.81568389000006, 26.32642790700004], [86.81607906900007, 26.32564306100005], [86.81620228400004, 26.325127360000067], [86.81671246300004, 26.324706656000046], [86.81682239600008, 26.32319850600004], [86.81698183100008, 26.322763637000037], [86.81780675200008, 26.322655354000062], [86.81807675800007, 26.323365230000036], [86.81855317000003, 26.32340963300004], [86.81893623000008, 26.32433492800004], [86.81955111000008, 26.324991441000066], [86.81994619800008, 26.325321073000055], [86.82049679800008, 26.325296945000048], [86.82084235400004, 26.32492770600004], [86.82117245600006, 26.324892483000042], [86.82178351100004, 26.32526480100006], [86.82206175000005, 26.325099333000026], [86.82218336700004, 26.324831768000024], [86.82211834300006, 26.324101530000064], [86.82264836600007, 26.323662627000033], [86.82316325400006, 26.32284932600004], [86.82195248400006, 26.32219932600003], [86.82072412800005, 26.321364535000043], [86.81932635400005, 26.320215758000074], [86.81857983500004, 26.319073445000072], [86.81608668700005, 26.315418863000048], [86.81462418500007, 26.313544297000078], [86.81285576300007, 26.311632504000045], [86.81143400500008, 26.31017253400006], [86.81073090500007, 26.310026849000053], [86.81020865100004, 26.31029419400005], [86.80796519200004, 26.310666026000035], [86.80714058800004, 26.310792203000062], [86.80620591300004, 26.311298691000047], [86.80474826200003, 26.31239289000007], [86.80422199000003, 26.31311150700003], [86.80438001700008, 26.313691843000072], [86.80485202300008, 26.314534937000076], [86.80513355600004, 26.314996628000074], [86.80543897000007, 26.31573776600004], [86.80493187100006, 26.316393023000046], [86.80460518400008, 26.316676322000035], [86.80407241300009, 26.31691214800003], [86.80330244900006, 26.31700627200007], [86.80149106700009, 26.31674158100003], [86.79867059500003, 26.316293803000065], [86.79810037400006, 26.316349557000024], [86.79793825300004, 26.318092936000028], [86.79747867900005, 26.31817914100003], [86.79616740300008, 26.31786389800004], [86.79565048300003, 26.31778371200005], [86.79509245700007, 26.317622805000042], [86.79469292600004, 26.31770832500007], [86.79430595100007, 26.31797866000005], [86.79212441300007, 26.318128495000053], [86.79204425600005, 26.31925732700006], [86.79235281600006, 26.32025120800006], [86.79217058900008, 26.32048326000006], [86.79132636000008, 26.32064123500004], [86.78985483600007, 26.320711182000025], [86.78933622300008, 26.320500198000047], [86.78844081900007, 26.320956427000056], [86.78799297500007, 26.320794299000056], [86.78724070000004, 26.320721180000078], [86.78679855700005, 26.320992142000023], [86.78656337900009, 26.321008160000076], [86.78552104300007, 26.32171873300007], [86.78450192500009, 26.32267258400003], [86.78450746800007, 26.323087636000025], [86.78425335700007, 26.323573171000078], [86.78384782600006, 26.32357752100006], [86.78342285300005, 26.32325269000006], [86.78300731800005, 26.322508105000054], [86.78248306200004, 26.321868516000052], [86.78172563200008, 26.321777362000034], [86.78100641200007, 26.321550381000065], [86.78010640600007, 26.321659241000077], [86.77765429700008, 26.321802749000028], [86.77618509600006, 26.322048434000067], [86.77471400700006, 26.32214980200007], [86.77399459900005, 26.322288365000077], [86.77232527000007, 26.32255420100006], [86.77114340000008, 26.322553218000053], [86.77066459300005, 26.322323690000076], [86.77007346600004, 26.32231192100005], [86.76957166300008, 26.321852444000058], [86.76884987600005, 26.32181051300006], [86.76896545500006, 26.322224387000063], [86.76965930700004, 26.323196083000028], [86.77043856300008, 26.32342244700004], [86.77095929200004, 26.323796017000063], [86.77094466800008, 26.32421120400005], [86.77124469500006, 26.324559991000058], [86.77137813200005, 26.324806696000053], [86.77130680000005, 26.32509174300003], [86.77082777100009, 26.32522769800005], [86.77083472500004, 26.325759998000024], [86.77047149500004, 26.325944341000024], [86.77066157600007, 26.326691358000062], [86.77072403700004, 26.32725467800003], [86.77034017700004, 26.327389545000074], [86.76995933800004, 26.32775908900004], [86.76992909500007, 26.32812485900007], [86.76988111100007, 26.328671324000027], [86.76954658300008, 26.328756077000037], [86.76961847800004, 26.329653243000052], [86.77019583200007, 26.330143423000038], [86.77027380300007, 26.330742717000078], [86.77051900500004, 26.33110557400005], [86.77094418300004, 26.331064957000024], [86.77124443700006, 26.331427269000073], [86.77111674700006, 26.331627187000038], [86.77120873400008, 26.331761507000067], [86.77183408600007, 26.33170530600006], [86.77232067200003, 26.332146833000024], [86.77285740000008, 26.332208743000024], [86.77315347800004, 26.332634308000024], [86.77299388100005, 26.333069129000023], [86.77163130200006, 26.333052037000073], [86.77065337500005, 26.332958597000072], [86.76961891400003, 26.332757472000026], [86.76955339400007, 26.33310561500008], [86.76940723900003, 26.33342299800006], [86.76904206700004, 26.333458432000043], [86.76885634200005, 26.333428817000026], [86.76862718400008, 26.33274997700005], [86.76841938800004, 26.33256717300003], [86.76801552800003, 26.332706767000047], [86.76772354000008, 26.33297613700006], [86.76787866600006, 26.333353489000046], [86.76825280000008, 26.333999254000048], [86.76894409400006, 26.334772530000066], [86.76950864800006, 26.33581326500007], [86.76992270000005, 26.336454165000077], [86.76965142500006, 26.336772825000025], [86.76965575600008, 26.337106706000043], [86.77030785500006, 26.33794355300006], [86.77057631800005, 26.338554294000062], [86.77100045900005, 26.33843250900003], [86.77153505000007, 26.338706579000075], [86.77158204900007, 26.339238519000048], [86.77186422100004, 26.33974986100003], [86.77198856200005, 26.340826882000044], [86.77245687500005, 26.341404004000026], [86.77252521300005, 26.34241392900003], [86.77305440500004, 26.343418979000035], [86.77343673400009, 26.34431280700005], [86.77388252000009, 26.34621667400006], [86.77377320700003, 26.346669015000032], [86.77313383800004, 26.34680667300006], [86.77166392300006, 26.347404351000023], [86.77078541700007, 26.347643797000046], [86.77071598500004, 26.34807764900006], [86.77078794000005, 26.349371846000054], [86.77117992100005, 26.350991951000026], [86.77149712800008, 26.35264899400005], [86.77176892800009, 26.352745410000068], [86.77216721200006, 26.35332326200006], [86.77216420600007, 26.354618216000063], [86.77159035900007, 26.354791239000065], [86.77171052500006, 26.355552502000023], [86.77207863600006, 26.355733601000054], [86.77324199800006, 26.35582047400004], [86.77348605300006, 26.356097645000034], [86.77418801500005, 26.356139777000067], [86.77428842600006, 26.356919297000047], [86.77473481300007, 26.356964126000037], [86.77509403300007, 26.35646403100003], [86.77563926600004, 26.356025113000044]]]]}}, {"type": "Feature", "properties": {"OBJECTID": 7392, "GPCODE": "99165", "GPNAME_1": "LALGANG BEGWA \u00a0TENGRAHA", "DIST_CEN_C": "06", "BLK_NAME": "SARAIGARH BHAPTIYAHI", "ST_NAME": "BIHAR", "ST_CODE_1": "10", "GPCODE2011": "101606", "REMARKS": "FINALIZED", "MAP_STATUS": "COMPLETED", "BLK_C_2001": "060006", "BLK_C_2011": "01106", "DIST_NAME": "SUPAUL", "code2011": 0.0, "Shape_Leng": 0.09900590502, "Shape_Area": 0.00027374435, "Area": 3.02702}, "geometry": {"type": "MultiPolygon", "coordinates": [[[[86.79515035500003, 26.269770936000043], [86.79271784300005, 26.268824188000053], [86.78997198200005, 26.26800660200007], [86.78643666500005, 26.267972883000027], [86.78370085600005, 26.267342152000026], [86.78037293100004, 26.26729928800006], [86.77706497600008, 26.267630286000042], [86.77356958900003, 26.26834414500007], [86.77005421500007, 26.268683990000056], [86.76717091600005, 26.269183765000037], [86.76345808900004, 26.269719416000044], [86.76078211800007, 26.270210090000035], [86.75788879100008, 26.270522726000024], [86.75379097800004, 26.27163699700003], [86.75180670100008, 26.273409385000036], [86.75138545600004, 26.27669796200007], [86.75245502500007, 26.276560370000027], [86.75337797800006, 26.276704170000073], [86.75398660200005, 26.276927861000047], [86.75455364000004, 26.277801811000074], [86.75558387400008, 26.277723361000028], [86.75637126500004, 26.27859946700005], [86.75732621800006, 26.27850363700003], [86.75813840000006, 26.278594373000033], [86.76045482200004, 26.278091795000023], [86.76241772400004, 26.27735374200006], [86.76295336800007, 26.277348043000075], [86.76417222600008, 26.276374125000075], [86.76501734400006, 26.27591401600006], [86.76608412700006, 26.27595242700005], [86.76670895500007, 26.27587811500007], [86.76746734900007, 26.274525572000073], [86.76785150600006, 26.274422180000045], [86.76930229700008, 26.273960199000044], [86.77045725300007, 26.273465172000044], [86.77278166600007, 26.273589438000045], [86.77416219300005, 26.273493554000027], [86.77635736000008, 26.27330328200003], [86.77809097700003, 26.273415718000024], [86.77865401700006, 26.274357262000024], [86.77931813700008, 26.274232848000054], [86.78033145500007, 26.274389050000025], [86.78116119900005, 26.27466897000005], [86.78157271300006, 26.275129304000075], [86.78231118100007, 26.27531999000007], [86.78295079200007, 26.27599445900006], [86.78462545900004, 26.27580964400005], [86.78732053100003, 26.27480169100005], [86.78805742800006, 26.274875009000027], [86.78872953500007, 26.275350610000032], [86.78979437400005, 26.27523985600004], [86.79086132100008, 26.274529060000077], [86.79247836800005, 26.273018224000054], [86.79400915200006, 26.27293413700005], [86.79425428600007, 26.272169005000023], [86.79430865600006, 26.27149993200004], [86.79449854500007, 26.27095259400005], [86.79515035500003, 26.269770936000043]]]]}}, {"type": "Feature", "properties": {"OBJECTID": 7400, "GPCODE": "99166", "GPNAME_1": "LOKHA", "DIST_CEN_C": "06", "BLK_NAME": "SARAIGARH BHAPTIYAHI", "ST_NAME": "BIHAR", "ST_CODE_1": "10", "GPCODE2011": "101607", "REMARKS": "FINALIZED", "MAP_STATUS": "COMPLETED", "BLK_C_2001": "060006", "BLK_C_2011": "01106", "DIST_NAME": "SUPAUL", "code2011": 0.0, "Shape_Leng": 0.46197100684, "Shape_Area": 0.00317471911, "Area": 35.0728}, "geometry": {"type": "MultiPolygon", "coordinates": [[[[86.81806214500006, 26.370167666000043], [86.81809792700005, 26.369481491000045], [86.81786249100008, 26.369114142000058], [86.81678391800006, 26.36938310100004], [86.81616945300004, 26.367661763000058], [86.81585767100006, 26.366830434000065], [86.81583478100004, 26.366248658000075], [86.81503758800005, 26.364723309000055], [86.81460007300007, 26.36385731200005], [86.81456478800004, 26.363465115000054], [86.81541833000006, 26.363230199000043], [86.81440938500003, 26.363087825000036], [86.81412881600005, 26.36346082800003], [86.81414691100008, 26.36405625900005], [86.81372464600008, 26.36395708300006], [86.81353039600003, 26.36292145400006], [86.81266233400004, 26.36282716100004], [86.81219841800004, 26.362597570000048], [86.81196589900009, 26.36281672700005], [86.81210802800007, 26.363329496000063], [86.81232148800007, 26.36355278600007], [86.81288125500004, 26.363456471000063], [86.81308334000005, 26.363955023000074], [86.81337668700007, 26.36452933700008], [86.81371752700005, 26.36528362300004], [86.81401288800004, 26.365271390000032], [86.81424057300006, 26.366175818000045], [86.81424982300007, 26.366861503000052], [86.81466030800004, 26.36683448900004], [86.81491759000005, 26.368085963000055], [86.81512660800007, 26.368349958000067], [86.81539703100003, 26.36908695900007], [86.81586798500007, 26.36908179900007], [86.81584791700004, 26.369452006000074], [86.81560073900005, 26.369702837000034], [86.81564874200006, 26.369918881000046], [86.81600967800006, 26.370302951000042], [86.81662215300008, 26.37002099500006], [86.81703863000007, 26.370436065000035], [86.81749136500008, 26.37019652400005], [86.81806214500006, 26.370167666000043]]], [[[86.82025006900005, 26.377832029000047], [86.82158085200007, 26.377307574000042], [86.82151192700007, 26.37628868400003], [86.82089843200004, 26.375753958000075], [86.82116943900007, 26.375421602000074], [86.82114338100007, 26.374975233000043], [86.82039615600007, 26.373440370000026], [86.81984702700004, 26.373590757000045], [86.81918448800008, 26.37313781200004], [86.81871713300006, 26.372290167000074], [86.81849422200008, 26.37211214100006], [86.81852261300008, 26.37161551400004], [86.81826466000007, 26.37143781900005], [86.81799548900005, 26.37154007600003], [86.81771309800007, 26.371033341000043], [86.81707536900007, 26.371301946000074], [86.81703458900006, 26.373477172000037], [86.81749751800004, 26.37399546100005], [86.81788098000004, 26.37418978100004], [86.81799751900007, 26.37576772700004], [86.81834803200007, 26.376124806000064], [86.81876770900004, 26.377518903000066], [86.81989929100007, 26.377456918000064], [86.82025006900005, 26.377832029000047]]], [[[86.85263221400004, 26.379512714000043], [86.85196619000004, 26.377293337000026], [86.85196016800006, 26.37729587900003], [86.84787525700006, 26.379019911000057], [86.84837587300007, 26.380083601000024], [86.84859772700008, 26.380180417000076], [86.84927510000006, 26.380971446000046], [86.85026657700007, 26.38092882500007], [86.85114975000005, 26.38065273500007], [86.85180593700005, 26.379914495000037], [86.85216804500004, 26.379644204000044], [86.85263221400004, 26.379512714000043]]], [[[86.84354037700007, 26.38262813500006], [86.84471692800008, 26.382186386000058], [86.84542006800007, 26.38230936700006], [86.84674048200003, 26.381762223000067], [86.84653952800005, 26.38027104500003], [86.84596069300005, 26.379352578000066], [86.84404489100007, 26.379590525000026], [86.84340896500004, 26.379629142000056], [86.84321447000008, 26.380059936000066], [86.84263107100008, 26.380264940000075], [86.84279646000005, 26.381724990000066], [86.84269557900006, 26.382772853000063], [86.84354037700007, 26.38262813500006]]], [[[86.79971694800008, 26.418739767000034], [86.80013729000007, 26.418685577000076], [86.80092654500004, 26.41885750000006], [86.80097154000003, 26.419596933000037], [86.80151138400004, 26.42023179000006], [86.80222615300005, 26.420454181000025], [86.80277082500004, 26.42033095200003], [86.80453556900005, 26.41960788700004], [86.80553806300009, 26.419610572000067], [86.80660670300006, 26.419310204000055], [86.80794882600009, 26.418848852000053], [86.80798340300004, 26.41843788600005], [86.80767863500006, 26.41776896700003], [86.80800614600008, 26.417517244000067], [86.80916169300008, 26.416602243000057], [86.80990198600006, 26.41611597600007], [86.81095515100003, 26.415414155000065], [86.81169983200004, 26.415257136000037], [86.81270827200007, 26.415327282000078], [86.81314008800007, 26.415011245000073], [86.81386044900006, 26.414164151000023], [86.81436762800007, 26.413865359000056], [86.81530266600004, 26.414067225000053], [86.81551442600005, 26.413424234000047], [86.81599576000008, 26.41269251400007], [86.81711454900005, 26.411660546000064], [86.81759297700006, 26.41145682100006], [86.81773336800006, 26.411089852000032], [86.81824621600003, 26.410836008000047], [86.81819091700004, 26.407863330000055], [86.81820989900007, 26.40630198300005], [86.81886841000005, 26.406078153000067], [86.81888532900007, 26.40584335500006], [86.81937890600005, 26.40565747000005], [86.81923806100008, 26.403398608000032], [86.81984897000007, 26.40336026700004], [86.81985459300006, 26.402660879000052], [86.81976191400008, 26.402481412000043], [86.81997859300003, 26.402194807000058], [86.81991426800005, 26.401514215000077], [86.82018642800006, 26.401263033000077], [86.82010620500006, 26.400514997000073], [86.82039823700006, 26.400245545000075], [86.81997569200007, 26.39901844600007], [86.81988549500005, 26.396429658000045], [86.81983276300008, 26.395500775000073], [86.82088501700008, 26.39548921200003], [86.82100203000005, 26.395984182000063], [86.82135593400005, 26.39621495600005], [86.82262340300008, 26.39581757600007], [86.82294518300006, 26.396260699000038], [86.82377630700006, 26.396201864000034], [86.82492605200008, 26.395625263000056], [86.82619657500004, 26.39544438000007], [86.82720761800005, 26.394986522000067], [86.82897818800006, 26.395097855000074], [86.83040960400007, 26.395700215000033], [86.83163263400007, 26.396453746000077], [86.83185306400009, 26.396812242000067], [86.83318414900003, 26.397032142000057], [86.83377622100005, 26.397088763000056], [86.83428599700005, 26.39661833400004], [86.83326571500004, 26.394937664000054], [86.83299388400008, 26.393745069000033], [86.83276888400007, 26.393413661000068], [86.83239310800008, 26.39305237900004], [86.83242182100008, 26.39258732500008], [86.83282354600004, 26.39228054800003], [86.83367492700006, 26.39223955700004], [86.83410948500006, 26.391770019000035], [86.83461017700006, 26.39063655600006], [86.83512213800003, 26.390328543000066], [86.83770388300007, 26.390033779000078], [86.83906034900008, 26.389554007000072], [86.83985067800006, 26.388349564000066], [86.83949988900008, 26.386526185000037], [86.83866143600005, 26.384577272000058], [86.83865460600003, 26.384081079000055], [86.83796236100005, 26.384025545000043], [86.83741325100004, 26.384180594000043], [86.83658242600006, 26.384252937000042], [86.83577265600007, 26.384397281000076], [86.83554855200003, 26.38413351400004], [86.83523332300007, 26.384168661000047], [86.83455492400003, 26.38439270300006], [86.83413072100007, 26.38414919300004], [86.83365629400004, 26.38463723700005], [86.83327134500007, 26.38470470900006], [86.83303951400006, 26.385338863000072], [86.83226525600008, 26.385514416000035], [86.83187698700004, 26.38533820500004], [86.83181769200007, 26.385036567000043], [86.83148048100009, 26.384927551000033], [86.83124047800004, 26.384596242000043], [86.82946751300005, 26.384665519000066], [86.82826218200006, 26.38446219700006], [86.82777827200005, 26.38388997800007], [86.82726315700006, 26.383958885000027], [86.82649890800008, 26.38340323400007], [86.82582222700006, 26.383758100000023], [86.82492832500003, 26.384715435000032], [86.82378865200008, 26.38492651300004], [86.82302987200006, 26.384772439000074], [86.82286071400006, 26.384490050000068], [86.82289044200007, 26.384092630000055], [86.82418882400003, 26.383031646000063], [86.82412272100004, 26.382215673000076], [86.82335085900007, 26.382576157000074], [86.82149471400004, 26.383160475000068], [86.82112696800004, 26.38301566100006], [86.82061403500006, 26.382136960000025], [86.82011690100006, 26.382061140000076], [86.81954734200008, 26.38107026700004], [86.81878917600005, 26.380961265000053], [86.81825686600007, 26.379757901000062], [86.81796580800005, 26.378615096000033], [86.81718929800007, 26.377143655000054], [86.81630643200003, 26.377437586000042], [86.81514602000004, 26.377594630000033], [86.81482688500006, 26.377710936000028], [86.81442113300005, 26.37808534100003], [86.81346478900008, 26.378136424000047], [86.81287949500006, 26.37820595000005], [86.81255117800004, 26.378385450000053], [86.81213633000004, 26.378092211000023], [86.81113777000007, 26.378360308000026], [86.81054224900004, 26.37841645900005], [86.81060162200004, 26.37947609400004], [86.80902963300008, 26.379574414000047], [86.80896138900005, 26.37860061500004], [86.80867423500007, 26.378486423000027], [86.80868043400005, 26.37820209000006], [86.80822594800009, 26.378310835000036], [86.80765675900005, 26.378461405000053], [86.80756222700006, 26.378142050000065], [86.80741690600007, 26.377394621000064], [86.80716225800006, 26.377086105000046], [86.80677038600004, 26.377009159000067], [86.80660199700003, 26.37715534700004], [86.80637310000003, 26.378019622000068], [86.80611471100008, 26.378180317000044], [86.80537553800008, 26.378359828000043], [86.80415448900004, 26.37847688900007], [86.80351720400006, 26.37878160200006], [86.80319997100008, 26.379042180000056], [86.80316331100005, 26.37966972600003], [86.80220749200004, 26.379761323000025], [86.80214678200008, 26.380470392000063], [86.80209029000008, 26.38074171900007], [86.80114547900007, 26.380905296000037], [86.79999329100008, 26.380926788000068], [86.79961371600007, 26.381395681000072], [86.79935872400006, 26.382188057000064], [86.79922919500007, 26.382622592000075], [86.79893823900005, 26.382973175000075], [86.79846607200005, 26.38288800600003], [86.79652926500006, 26.382692313000064], [86.79530618000007, 26.382655897000063], [86.79498247600003, 26.38243378900006], [86.79405839500004, 26.382276817000047], [86.79359750800006, 26.382281840000076], [86.79317201600009, 26.38268798100006], [86.79244534400004, 26.38230778700006], [86.79199954800004, 26.38232163300006], [86.79123371700007, 26.382384004000073], [86.79130078600008, 26.38176960000004], [86.79137705900007, 26.380722029000026], [86.79128166600003, 26.380330514000036], [86.79130192200006, 26.37846237900004], [86.79142677000004, 26.377680458000043], [86.79147240700007, 26.375830092000058], [86.79137349100006, 26.375172345000067], [86.79064091500004, 26.37509902100004], [86.79078094500005, 26.374695986000063], [86.79080122100004, 26.37358583400004], [86.79069515200007, 26.37276578500007], [86.79069877700005, 26.37190395400006], [86.79109135400006, 26.37166056800004], [86.79124550400007, 26.371198724000067], [86.79159932600004, 26.37105057200006], [86.79167668500008, 26.370842151000033], [86.79257248700009, 26.370764825000037], [86.79288353000004, 26.370039536000036], [86.79351463800003, 26.369644710000046], [86.79419893900007, 26.36949296000006], [86.79517899100006, 26.369338017000075], [86.79567822100006, 26.369206277000046], [86.79612807400008, 26.36875026100006], [86.79646632300006, 26.368191640000077], [86.79771760500006, 26.36809689100005], [86.79892938100005, 26.368043169000032], [86.79966110700008, 26.366555376000065], [86.80008560800007, 26.365707086000043], [86.80106497600008, 26.36551143400004], [86.80215786300005, 26.36556276600004], [86.80276969200008, 26.365226748000055], [86.80322505500004, 26.364811260000067], [86.80346258500003, 26.363843106000047], [86.80551366000003, 26.363613290000046], [86.80697472400004, 26.363480141000025], [86.80778794600008, 26.36322317400004], [86.80771318700005, 26.362506549000045], [86.80826006600006, 26.362189267000076], [86.80854437800008, 26.361346962000027], [86.80858137100006, 26.360750972000062], [86.80804133800007, 26.35970111900008], [86.80782632500006, 26.358985997000048], [86.80797909200004, 26.358429346000037], [86.80807936800005, 26.357313842000053], [86.80777307000005, 26.356884002000072], [86.80661732900006, 26.35737034600004], [86.80626900600004, 26.35680108100007], [86.80658070200008, 26.356508962000078], [86.80643475600004, 26.355707404000043], [86.80695706500006, 26.355435576000048], [86.80688141100006, 26.355025798000042], [86.80642341100008, 26.35486379500003], [86.80480294800003, 26.355066409000074], [86.80479121100007, 26.354186721000076], [86.80367476700008, 26.35423938300005], [86.80330441100006, 26.353891512000075], [86.80322968300004, 26.35317487900005], [86.80274465100007, 26.352868831000023], [86.80109720200005, 26.352539251000053], [86.80045877500004, 26.35275368200007], [86.79981460000005, 26.353284105000057], [86.79911243400005, 26.35359844900006], [86.79883369400005, 26.353357815000038], [86.79841069000008, 26.352437457000065], [86.79796310400008, 26.351557945000025], [86.79782396600007, 26.35126169700004], [86.79744253700005, 26.350832618000027], [86.79371234400008, 26.350976599000035], [86.79249673000004, 26.351102555000068], [86.79175852200007, 26.351345136000077], [86.79102450800008, 26.35189894800004], [86.79034454000004, 26.352379966000058], [86.78970437900006, 26.353217075000032], [86.78905121900004, 26.35382868800008], [86.78762771500004, 26.353771832000064], [86.78623263400004, 26.353967226000066], [86.78521915300007, 26.354230752000035], [86.78296959300008, 26.355346721000046], [86.78230495000008, 26.35547114700006], [86.78220835800005, 26.35498943300007], [86.78196164300005, 26.354513774000054], [86.78133557900009, 26.354520501000025], [86.78134365400007, 26.355134047000035], [86.78042389500007, 26.35529273900005], [86.78014429400008, 26.35497992100005], [86.77977405700005, 26.355015412000057], [86.77927138400008, 26.354506471000036], [86.77842513000007, 26.354533511000056], [86.77805575400004, 26.354636732000074], [86.77785822600003, 26.35485542500004], [86.77807693500006, 26.356247301000053], [86.77726681200005, 26.356359690000033], [86.77694736600006, 26.35568174900004], [86.77563926600004, 26.356025113000044], [86.77509403300007, 26.35646403100003], [86.77473481300007, 26.356964126000037], [86.77428842600006, 26.356919297000047], [86.77418801500005, 26.356139777000067], [86.77348605300006, 26.356097645000034], [86.77324199800006, 26.35582047400004], [86.77207863600006, 26.355733601000054], [86.77171052500006, 26.355552502000023], [86.77159035900007, 26.354791239000065], [86.77123776600007, 26.354646114000047], [86.77075780500007, 26.354718843000057], [86.76989703100008, 26.355174636000072], [86.76905294000005, 26.355368655000063], [86.76806552400006, 26.35456244900007], [86.76749320100004, 26.354469189000042], [86.76681530000008, 26.35472450700007], [86.76653849800005, 26.354628207000076], [86.76568187000004, 26.35386116600006], [86.76394632800003, 26.353694586000074], [86.76355810600006, 26.353500159000077], [86.76342048300006, 26.352937617000066], [86.76309887100007, 26.352476221000074], [86.76182769700006, 26.352570916000047], [86.76104925800007, 26.352033152000047], [86.76019931500008, 26.35177591200005], [86.75989964400009, 26.35146319000006], [86.75918748500004, 26.35062697500007], [86.75880259400003, 26.35069417400007], [86.75856570100007, 26.350962886000048], [86.75887844500005, 26.352286169000024], [86.75869850800007, 26.35270315200006], [86.75739197300004, 26.352784515000053], [86.75575760000004, 26.353067973000066], [86.75536903300008, 26.353239004000045], [86.75536161000008, 26.353821081000035], [86.75539102600004, 26.354551746000027], [86.75449051900006, 26.354642418000026], [86.75345956300004, 26.354720952000037], [86.75221051800008, 26.35498219400006], [86.75145241700005, 26.354854730000056], [86.75128988200004, 26.355073073000028], [86.75147231600005, 26.35639766500003], [86.75029783800005, 26.35660852500007], [86.75030470800004, 26.35714081100008], [86.75010222900005, 26.357373032000055], [86.75006301900004, 26.358600753000076], [86.75028690100004, 26.358864648000065], [86.75052074300004, 26.359908939000036], [86.75030278600008, 26.360096249000037], [86.75025316100005, 26.360525361000043], [86.75063289400003, 26.36122081700006], [86.75041679000003, 26.36155242600006], [86.74985107800006, 26.361973441000032], [86.74824771900006, 26.362346631000037], [86.74760257900004, 26.362421906000066], [86.74633678000004, 26.36256964200004], [86.74589132800008, 26.362605905000066], [86.74567494200005, 26.362138924000078], [86.74558131600008, 26.361485619000064], [86.74525316800003, 26.36129058000006], [86.74412585800007, 26.361284260000048], [86.74271781300007, 26.361655410000026], [86.74315069300008, 26.361813340000026], [86.74447425500006, 26.36227324600003], [86.74503244600004, 26.36282694700003], [86.74503824800007, 26.363278063000052], [86.74491421600004, 26.36414572700005], [86.74495526300007, 26.36460996200003], [86.74512842600006, 26.36482927700007], [86.74570186100004, 26.365008296000042], [86.74613810600005, 26.365811354000073], [86.74675918500003, 26.367352538000034], [86.74725163100004, 26.367857228000048], [86.74760247700004, 26.368088482000076], [86.74773679600008, 26.368176971000025], [86.74793713600008, 26.368950982000058], [86.74804534600008, 26.370348560000025], [86.74823406900003, 26.370996373000025], [86.74856645500006, 26.371904270000073], [86.74987939200008, 26.371922159000064], [86.75025204000008, 26.372455123000066], [86.75054498900005, 26.37302513800006], [86.75093312900003, 26.373977581000076], [86.75103399600005, 26.374418694000042], [86.75130559400003, 26.374885121000034], [86.75205739900008, 26.37489979000003], [86.75234347800006, 26.374937429000056], [86.75297227500005, 26.375905344000046], [86.75382159400004, 26.37610399700003], [86.75421942400004, 26.37625328200005], [86.75438240100004, 26.37723063800007], [86.75467306000007, 26.37762469100005], [86.75506144400003, 26.37781913200007], [86.75540858500005, 26.377928249000036], [86.75594599400006, 26.37802638000005], [86.75638546200008, 26.37829696700004], [86.75632287400003, 26.378879667000035], [86.75645207400004, 26.379180607000023], [86.75672794000008, 26.37920477700004], [86.75696375000007, 26.379612890000033], [86.75731505900006, 26.37965433100004], [86.75743732500007, 26.37981552000008], [86.75762448300009, 26.380336873000033], [86.75796557000007, 26.380364850000035], [86.75845997800008, 26.38061685100007], [86.75876500300006, 26.38095208200008], [86.75881531200008, 26.381353112000056], [86.75791715700007, 26.381646814000078], [86.75787537800005, 26.38190441100005], [86.75752141900006, 26.382043556000042], [86.75743377200007, 26.38223849700006], [86.75712563800005, 26.382435695000026], [86.75682476600008, 26.38279988200003], [86.75683300500003, 26.383435961000032], [86.75744094900006, 26.383560411000076], [86.75806627200006, 26.38386513000006], [86.75819640300006, 26.384242820000054], [86.75808850900006, 26.38557495500004], [86.75871871100009, 26.38625863200008], [86.76012095600004, 26.38619422200003], [86.76113034800005, 26.386364093000054], [86.76194884900008, 26.386111756000048], [86.76260602800005, 26.38616803700006], [86.76351520100008, 26.38594629800008], [86.76357204200008, 26.386076613000057], [86.76323211600004, 26.38652684400006], [86.76327250300005, 26.38693704800005], [86.76372589200008, 26.386733738000032], [86.76420595100006, 26.38703993000007], [86.76521298400007, 26.387029315000063], [86.76564659100006, 26.386844258000053], [86.76587005600004, 26.38707196000007], [86.76618686700004, 26.38754689900003], [86.76569519200007, 26.387881425000046], [86.76566418800007, 26.388193157000046], [86.76595477300003, 26.38819006400007], [86.76607192600005, 26.38871673700004], [86.76643962600008, 26.38886167900006], [86.76659264400007, 26.38945116000008], [86.76627140300008, 26.389797462000047], [86.76633409100003, 26.390374370000075], [86.76729896500007, 26.390201671000057], [86.76772659800008, 26.39070698200004], [86.76809037400005, 26.39055422200005], [86.76835102800004, 26.39094402300003], [86.76907321500005, 26.390606966000064], [86.76964058500005, 26.390686720000076], [86.76939429900006, 26.391393208000068], [86.76921672500004, 26.39161166100007], [86.76925581800003, 26.39192256800004], [86.77035012500005, 26.391680804000032], [86.77059626200008, 26.39248585100006], [86.76992257400008, 26.39270507300006], [86.77003914400007, 26.393182137000053], [86.77028609600006, 26.393671233000077], [86.77108471300005, 26.393432695000058], [86.77134911000007, 26.394106660000034], [86.77182516600004, 26.394101600000056], [86.77198155000008, 26.394560180000042], [86.77289472100006, 26.394649711000056], [86.77315980600008, 26.395368852000047], [86.77333445100004, 26.39607533800006], [86.77357595900008, 26.396532990000026], [86.77483872200008, 26.396519522000062], [86.77532424000003, 26.39761527400003], [86.77565622100008, 26.397711009000034], [86.77612990400007, 26.397525478000034], [86.77627196300006, 26.39727577900004], [86.77619330100003, 26.39701492900008], [86.77593425200007, 26.396751494000057], [86.77549834200005, 26.396756115000073], [86.77547176900003, 26.396264658000064], [86.77609206600005, 26.39617681800007], [86.77628859000004, 26.395876878000024], [86.77652709900008, 26.39572547800003], [86.77670815700003, 26.39577315200006], [86.77783533600007, 26.396880122000027], [86.77811092200005, 26.396877197000038], [86.77839680400007, 26.399179693000065], [86.77898755900009, 26.40103234000003], [86.77934759800007, 26.402111329000036], [86.77986595000004, 26.402651803000026], [86.78009440100004, 26.403258437000034], [86.78055643000005, 26.403709184000036], [86.78117854500005, 26.403752179000037], [86.78146254700005, 26.404389824000077], [86.78190988700004, 26.40524237900007], [86.78209875700009, 26.40588101900005], [86.78302793300008, 26.406791484000053], [86.78411495100005, 26.40750624700007], [86.78614510800008, 26.409045581000044], [86.78750190800008, 26.40968977500006], [86.78885913200008, 26.409986537000066], [86.78906114900008, 26.410106211000027], [86.78927249700007, 26.410925070000076], [86.78846052500006, 26.41167372800004], [86.78823085400006, 26.412118388000067], [86.78830663000008, 26.41254619600005], [86.78866252700004, 26.412921420000032], [86.79065205800003, 26.41290003000006], [86.79129594100004, 26.413073525000073], [86.79186968300007, 26.413626837000038], [86.79222591600006, 26.414412603000073], [86.79251675000006, 26.41554640000004], [86.79238149500009, 26.416680383000028], [86.79330823200007, 26.41777135800004], [86.79390880200003, 26.418834145000062], [86.79438026400004, 26.419979607000073], [86.79471544800003, 26.420305351000025], [86.79535210500006, 26.420316540000044], [86.79585972400008, 26.418533357000058], [86.79607821600007, 26.41838206500006], [86.79635676700008, 26.41859563400004], [86.79660215400008, 26.419332987000075], [86.79714438800005, 26.420148222000023], [86.79786305400006, 26.420668418000048], [86.79852442700007, 26.421022143000073], [86.79881313900006, 26.420870189000027], [86.79910962600007, 26.419797603000063], [86.79941063700005, 26.41907249600007], [86.79971694800008, 26.418739767000034]]]]}}, {"type": "Feature", "properties": {"OBJECTID": 7418, "GPCODE": "99167", "GPNAME_1": "MURLI", "DIST_CEN_C": "06", "BLK_NAME": "SARAIGARH BHAPTIYAHI", "ST_NAME": "BIHAR", "ST_CODE_1": "10", "GPCODE2011": "101608", "REMARKS": "FINALIZED", "MAP_STATUS": "COMPLETED", "BLK_C_2001": "060006", "BLK_C_2011": "01106", "DIST_NAME": "SUPAUL", "code2011": 0.0, "Shape_Leng": 0.16112240419, "Shape_Area": 0.00093043691, "Area": 10.2874}, "geometry": {"type": "MultiPolygon", "coordinates": [[[[86.78389980400004, 26.299599612000065], [86.78446075700003, 26.299383345000024], [86.78556220400003, 26.299384028000077], [86.78621787500003, 26.299754453000048], [86.78794674700003, 26.297783311000046], [86.78671554100004, 26.29713273400006], [86.78495892800004, 26.296134238000036], [86.78373279600004, 26.29543847900004], [86.78418876400008, 26.294942321000065], [86.78532069100004, 26.294378951000056], [86.78652772900006, 26.293770410000036], [86.78688862900003, 26.293206547000068], [86.78688915800006, 26.29257473000007], [86.78785604600006, 26.291686267000046], [86.78838253400005, 26.290576413000053], [86.78874336800004, 26.290193034000026], [86.78922407500005, 26.289976642000056], [86.78983012300006, 26.28969724600006], [86.79064667700004, 26.288980131000073], [86.79204414500003, 26.287961032000055], [86.79380170000007, 26.287524259000065], [86.79536855600008, 26.28783198800005], [86.79605396500006, 26.288527431000034], [86.79687435200003, 26.28948459700007], [86.79723467400004, 26.289633749000075], [86.79745000500003, 26.289656423000054], [86.79752008700007, 26.289570680000054], [86.79754538300006, 26.289245807000043], [86.79735550800007, 26.288659014000075], [86.79620014500006, 26.286961508000047], [86.79555007400006, 26.285918654000056], [86.79539542100008, 26.28505655400005], [86.79539596500007, 26.28422168000003], [86.79533635500007, 26.283549192000066], [86.79534186000006, 26.28279550600007], [86.79539739200004, 26.282050877000074], [86.79553805800003, 26.281410099000027], [86.79567862500005, 26.280769417000045], [86.79580402300007, 26.280345245000035], [86.79592451900004, 26.27992110200006], [86.79476341400004, 26.279505207000057], [86.79199090500003, 26.278258054000048], [86.79203804200006, 26.27525693700005], [86.79321954300008, 26.275131233000025], [86.79507671500005, 26.275064616000066], [86.79515035500003, 26.269770936000043], [86.79449854500007, 26.27095259400005], [86.79430865600006, 26.27149993200004], [86.79425428600007, 26.272169005000023], [86.79400915200006, 26.27293413700005], [86.79247836800005, 26.273018224000054], [86.79086132100008, 26.274529060000077], [86.78979437400005, 26.27523985600004], [86.78872953500007, 26.275350610000032], [86.78805742800006, 26.274875009000027], [86.78732053100003, 26.27480169100005], [86.78462545900004, 26.27580964400005], [86.78295079200007, 26.27599445900006], [86.78231118100007, 26.27531999000007], [86.78157271300006, 26.275129304000075], [86.78116119900005, 26.27466897000005], [86.78033145500007, 26.274389050000025], [86.77931813700008, 26.274232848000054], [86.77865401700006, 26.274357262000024], [86.77809097700003, 26.273415718000024], [86.77635736000008, 26.27330328200003], [86.77416219300005, 26.273493554000027], [86.77278166600007, 26.273589438000045], [86.77045725300007, 26.273465172000044], [86.76930229700008, 26.273960199000044], [86.76785150600006, 26.274422180000045], [86.76746734900007, 26.274525572000073], [86.76670895500007, 26.27587811500007], [86.76608412700006, 26.27595242700005], [86.76501734400006, 26.27591401600006], [86.76417222600008, 26.276374125000075], [86.76295336800007, 26.277348043000075], [86.76241772400004, 26.27735374200006], [86.76045482200004, 26.278091795000023], [86.75813840000006, 26.278594373000033], [86.75732621800006, 26.27850363700003], [86.75637126500004, 26.27859946700005], [86.75558387400008, 26.277723361000028], [86.75455364000004, 26.277801811000074], [86.75398660200005, 26.276927861000047], [86.75337797800006, 26.276704170000073], [86.75245502500007, 26.276560370000027], [86.75138545600004, 26.27669796200007], [86.75171757100009, 26.27838643900003], [86.75208035200006, 26.279343724000057], [86.75241758600004, 26.279872628000078], [86.75269521400008, 26.28121436200007], [86.75255619700005, 26.28208210200006], [86.75237739000005, 26.282580275000043], [86.75247655300006, 26.283278593000034], [86.75337766900003, 26.285990010000035], [86.75368191100006, 26.28668166800003], [86.75480509700003, 26.28680519900007], [86.75429194100008, 26.288168693000046], [86.75397068000007, 26.289268535000076], [86.75423266100006, 26.28978015100006], [86.75460736700006, 26.29165323600006], [86.75459779500005, 26.292465554000046], [86.75410804900008, 26.294478506000075], [86.75427185400008, 26.295920636000062], [86.75460571300005, 26.29772650700005], [86.75462101200003, 26.29808874500003], [86.75491106300007, 26.298436433000063], [86.75538942600008, 26.30067077500007], [86.75623551400008, 26.300779765000073], [86.75767779200004, 26.300523724000072], [86.75899972700006, 26.300371406000068], [86.75965609800005, 26.299893543000053], [86.76023200400004, 26.299740531000054], [86.76109824700006, 26.299763813000027], [86.76225446500007, 26.300134769000067], [86.76375655600003, 26.300153989000023], [86.76715641600003, 26.299899363000065], [86.76927463300007, 26.299661719000028], [86.77127251500008, 26.299464623000063], [86.77276470800007, 26.299334825000074], [86.77399653500004, 26.299186746000032], [86.77457201500005, 26.299512076000042], [86.77485658000006, 26.30050971000003], [86.77514647300006, 26.301119164000056], [86.77538656800004, 26.301421650000066], [86.77636312300007, 26.301201198000058], [86.77940273500008, 26.300706861000037], [86.78079990700007, 26.30033773300005], [86.78224217100006, 26.300099420000038], [86.78389980400004, 26.299599612000065]]]]}}, {"type": "Feature", "properties": {"OBJECTID": 7438, "GPCODE": "99168", "GPNAME_1": "PIPRA KHURD", "DIST_CEN_C": "06", "BLK_NAME": "SARAIGARH BHAPTIYAHI", "ST_NAME": "BIHAR", "ST_CODE_1": "10", "GPCODE2011": "101609", "REMARKS": "FINALIZED", "MAP_STATUS": "COMPLETED", "BLK_C_2001": "060006", "BLK_C_2011": "01106", "DIST_NAME": "SUPAUL", "code2011": 0.0, "Shape_Leng": 0.17513254384, "Shape_Area": 0.00117444238, "Area": 12.9829}, "geometry": {"type": "MultiPolygon", "coordinates": [[[[86.78552104300007, 26.32171873300007], [86.78656337900009, 26.321008160000076], [86.78679855700005, 26.320992142000023], [86.78724070000004, 26.320721180000078], [86.78799297500007, 26.320794299000056], [86.78844081900007, 26.320956427000056], [86.78933622300008, 26.320500198000047], [86.78985483600007, 26.320711182000025], [86.79132636000008, 26.32064123500004], [86.79217058900008, 26.32048326000006], [86.79235281600006, 26.32025120800006], [86.79204425600005, 26.31925732700006], [86.79212441300007, 26.318128495000053], [86.79430595100007, 26.31797866000005], [86.79469292600004, 26.31770832500007], [86.79509245700007, 26.317622805000042], [86.79565048300003, 26.31778371200005], [86.79616740300008, 26.31786389800004], [86.79747867900005, 26.31817914100003], [86.79793825300004, 26.318092936000028], [86.79810037400006, 26.316349557000024], [86.79867059500003, 26.316293803000065], [86.80149106700009, 26.31674158100003], [86.80330244900006, 26.31700627200007], [86.80407241300009, 26.31691214800003], [86.80460518400008, 26.316676322000035], [86.80493187100006, 26.316393023000046], [86.80543897000007, 26.31573776600004], [86.80513355600004, 26.314996628000074], [86.80485202300008, 26.314534937000076], [86.80438001700008, 26.313691843000072], [86.80422199000003, 26.31311150700003], [86.80474826200003, 26.31239289000007], [86.80620591300004, 26.311298691000047], [86.80714058800004, 26.310792203000062], [86.80796519200004, 26.310666026000035], [86.81020865100004, 26.31029419400005], [86.81073090500007, 26.310026849000053], [86.81061792100007, 26.309815929000024], [86.81052997000006, 26.308485922000045], [86.81024941900006, 26.308105413000078], [86.80821151200007, 26.306250619000025], [86.80643403800008, 26.304392922000034], [86.80566934300003, 26.303372516000024], [86.80474721900003, 26.301816770000073], [86.80427518200008, 26.301343666000037], [86.80308190100004, 26.300476728000035], [86.80196220000005, 26.299491747000047], [86.80137254800007, 26.29808587200006], [86.80045203100008, 26.29663841100006], [86.79980917900008, 26.295363947000055], [86.79877364800006, 26.293931335000025], [86.79781897800007, 26.29292643100007], [86.79747501700007, 26.292215216000045], [86.79745000500003, 26.289656423000054], [86.79723467400004, 26.289633749000075], [86.79687435200003, 26.28948459700007], [86.79605396500006, 26.288527431000034], [86.79536855600008, 26.28783198800005], [86.79380170000007, 26.287524259000065], [86.79204414500003, 26.287961032000055], [86.79064667700004, 26.288980131000073], [86.78983012300006, 26.28969724600006], [86.78922407500005, 26.289976642000056], [86.78874336800004, 26.290193034000026], [86.78838253400005, 26.290576413000053], [86.78785604600006, 26.291686267000046], [86.78688915800006, 26.29257473000007], [86.78688862900003, 26.293206547000068], [86.78652772900006, 26.293770410000036], [86.78532069100004, 26.294378951000056], [86.78418876400008, 26.294942321000065], [86.78373279600004, 26.29543847900004], [86.78495892800004, 26.296134238000036], [86.78671554100004, 26.29713273400006], [86.78794674700003, 26.297783311000046], [86.78621787500003, 26.299754453000048], [86.78556220400003, 26.299384028000077], [86.78446075700003, 26.299383345000024], [86.78389980400004, 26.299599612000065], [86.78224217100006, 26.300099420000038], [86.78079990700007, 26.30033773300005], [86.77940273500008, 26.300706861000037], [86.77636312300007, 26.301201198000058], [86.77538656800004, 26.301421650000066], [86.77514647300006, 26.301119164000056], [86.77485658000006, 26.30050971000003], [86.77457201500005, 26.299512076000042], [86.77399653500004, 26.299186746000032], [86.77276470800007, 26.299334825000074], [86.77127251500008, 26.299464623000063], [86.76927463300007, 26.299661719000028], [86.76715641600003, 26.299899363000065], [86.76375655600003, 26.300153989000023], [86.76225446500007, 26.300134769000067], [86.76109824700006, 26.299763813000027], [86.76023200400004, 26.299740531000054], [86.75965609800005, 26.299893543000053], [86.75899972700006, 26.300371406000068], [86.75767779200004, 26.300523724000072], [86.75623551400008, 26.300779765000073], [86.75538942600008, 26.30067077500007], [86.75459209600007, 26.30489724800003], [86.75447411500005, 26.305759273000035], [86.75458882500004, 26.306110029000024], [86.75516447100006, 26.30648302700007], [86.75520448500004, 26.306866111000033], [86.75493359400008, 26.30721641300005], [86.75447472500008, 26.307352003000062], [86.75351920100007, 26.30742968900006], [86.75352478500008, 26.30786278900007], [86.75368422800005, 26.30857404900007], [86.75430083300006, 26.308626212000036], [86.75387031900004, 26.31251109300007], [86.75398928700008, 26.31319122600007], [86.75411275000005, 26.314218683000036], [86.75460774900006, 26.315323446000036], [86.75416730600006, 26.315725091000047], [86.75455156400005, 26.316785929000048], [86.75501980700005, 26.317363019000027], [86.75619540500008, 26.318429046000062], [86.75912903600005, 26.320270770000036], [86.75964368900009, 26.32018413800006], [86.76015759200004, 26.320029764000026], [86.76122759500004, 26.319901231000074], [86.76242505100004, 26.31993826200005], [86.76415737600007, 26.319901850000065], [86.76507786000008, 26.31982451500005], [86.76655253600006, 26.31999389500004], [86.76745551800008, 26.320115190000024], [86.76859244100007, 26.31973766300007], [86.76905360100005, 26.319768880000026], [86.76927589300004, 26.31991542000003], [86.76933678700004, 26.320361498000068], [86.76877334000005, 26.32093149800005], [86.76884987600005, 26.32181051300006], [86.76957166300008, 26.321852444000058], [86.77007346600004, 26.32231192100005], [86.77066459300005, 26.322323690000076], [86.77114340000008, 26.322553218000053], [86.77232527000007, 26.32255420100006], [86.77399459900005, 26.322288365000077], [86.77471400700006, 26.32214980200007], [86.77618509600006, 26.322048434000067], [86.77765429700008, 26.321802749000028], [86.78010640600007, 26.321659241000077], [86.78100641200007, 26.321550381000065], [86.78172563200008, 26.321777362000034], [86.78248306200004, 26.321868516000052], [86.78300731800005, 26.322508105000054], [86.78342285300005, 26.32325269000006], [86.78384782600006, 26.32357752100006], [86.78425335700007, 26.323573171000078], [86.78450746800007, 26.323087636000025], [86.78450192500009, 26.32267258400003], [86.78552104300007, 26.32171873300007]]]]}}, {"type": "Feature", "properties": {"OBJECTID": 7451, "GPCODE": "99169", "GPNAME_1": "SARIAGARH", "DIST_CEN_C": "06", "BLK_NAME": "SARAIGARH BHAPTIYAHI", "ST_NAME": "BIHAR", "ST_CODE_1": "10", "GPCODE2011": "101610", "REMARKS": "FINALIZED", "MAP_STATUS": "COMPLETED", "BLK_C_2001": "060006", "BLK_C_2011": "01106", "DIST_NAME": "SUPAUL", "code2011": 0.0, "Shape_Leng": 0.27343782019, "Shape_Area": 0.00167906822, "Area": 18.5647}, "geometry": {"type": "MultiPolygon", "coordinates": [[[[86.72726503500007, 26.300842456000055], [86.72775551500007, 26.30062096000006], [86.73245371000007, 26.302359543000023], [86.73479129800006, 26.30168979700005], [86.73795415000006, 26.30002206100005], [86.73976089100006, 26.299316661000034], [86.74197803000004, 26.298385143000075], [86.74456648800003, 26.298310782000044], [86.74570646900008, 26.297762739000063], [86.74697335200005, 26.29761676700008], [86.74757168400004, 26.29780280500006], [86.75106145800004, 26.29782393100004], [86.75363484500008, 26.297911862000035], [86.75462101200003, 26.29808874500003], [86.75460571300005, 26.29772650700005], [86.75427185400008, 26.295920636000062], [86.75410804900008, 26.294478506000075], [86.75459779500005, 26.292465554000046], [86.75460736700006, 26.29165323600006], [86.75423266100006, 26.28978015100006], [86.75397068000007, 26.289268535000076], [86.75429194100008, 26.288168693000046], [86.75480509700003, 26.28680519900007], [86.75368191100006, 26.28668166800003], [86.75337766900003, 26.285990010000035], [86.75247655300006, 26.283278593000034], [86.75237739000005, 26.282580275000043], [86.75255619700005, 26.28208210200006], [86.75269521400008, 26.28121436200007], [86.75241758600004, 26.279872628000078], [86.75208035200006, 26.279343724000057], [86.75171757100009, 26.27838643900003], [86.75138545600004, 26.27669796200007], [86.75062428300004, 26.276290792000054], [86.74979116600008, 26.276132503000042], [86.74760344300006, 26.275855112000045], [86.74748950300005, 26.275840697000035], [86.74456910100008, 26.27530715300003], [86.74360299200004, 26.275709756000026], [86.74335434900007, 26.275834125000074], [86.74302041600004, 26.276342948000035], [86.74274983600003, 26.276715787000057], [86.74247716000008, 26.276926187000072], [86.74117028700005, 26.277296152000076], [86.74050810300008, 26.277582848000065], [86.73984451500007, 26.277756613000065], [86.73945903600008, 26.27776063300007], [86.73830134000008, 26.277664358000038], [86.73792572200006, 26.277650176000066], [86.73714809200004, 26.27791540900006], [86.73489268600008, 26.278502763000063], [86.73347370900007, 26.279113048000056], [86.73185654500008, 26.279499718000068], [86.73076752600008, 26.280084060000036], [86.72981538800008, 26.280797766000035], [86.72863309600007, 26.28152285500005], [86.72765660600004, 26.281902870000067], [86.72547387800006, 26.282304348000025], [86.72394479400003, 26.282536583000024], [86.72324332200003, 26.282489707000025], [86.72257058500008, 26.282343155000035], [86.72225209400005, 26.282098293000047], [86.72193547000006, 26.281605184000057], [86.72140923000006, 26.281163823000043], [86.72113282800007, 26.28108096400007], [86.72083282400007, 26.28111560600007], [86.71885465100007, 26.281857830000035], [86.71782364200004, 26.28188192300007], [86.71627717500007, 26.281924770000046], [86.71586132400006, 26.281897439000034], [86.71557098000005, 26.281900440000072], [86.71532010700008, 26.28225939500004], [86.71509777500006, 26.282491796000045], [86.71490792100008, 26.28252528200005], [86.71461469700006, 26.282298196000056], [86.71403787700007, 26.28141974700003], [86.71364265500006, 26.280241585000056], [86.71356549600006, 26.27928124700003], [86.71370765400007, 26.278242049000028], [86.71407525300003, 26.277620150000075], [86.71427767100005, 26.277387960000056], [86.71418104800006, 26.276472933000036], [86.71416960400006, 26.275561610000068], [86.71402954700005, 26.275175078000075], [86.71364174000007, 26.274592374000065], [86.71303682700005, 26.274657239000078], [86.71264070000007, 26.274602625000057], [86.71189528400004, 26.274249200000042], [86.71148336900006, 26.274131632000035], [86.71108987800005, 26.274289062000037], [86.71088680500003, 26.274462527000026], [86.71082679600005, 26.275270840000076], [86.71082990700006, 26.27551896400007], [86.71059059000004, 26.275598126000034], [86.71034963000005, 26.27554190400008], [86.70934345200004, 26.27514598700003], [86.70901722000008, 26.27508615100004], [86.70844878500003, 26.275263429000063], [86.70807532900005, 26.275425147000078], [86.70774453700005, 26.275396905000036], [86.70750156400004, 26.275182749000066], [86.70671940900007, 26.274680873000023], [86.70630790000007, 26.27460379100006], [86.70537879500006, 26.274771130000033], [86.70455394900006, 26.274860690000025], [86.70434753400008, 26.274768075000054], [86.70403256600008, 26.27440129100006], [86.70376183100007, 26.273564729000043], [86.70350495600007, 26.273441037000055], [86.70306068300005, 26.27354022000003], [86.70268021800007, 26.273544119000064], [86.70255918200007, 26.273468648000062], [86.70229522900007, 26.27317803400007], [86.70203879200005, 26.273085813000023], [86.70066838600007, 26.273189925000054], [86.69973826700004, 26.273276057000032], [86.69934442000005, 26.27340179600003], [86.69905851000004, 26.273761216000025], [86.69878474800004, 26.273890274000053], [86.69797487800008, 26.273975197000027], [86.69654887200005, 26.274440782000056], [86.69627354400006, 26.27444347100004], [86.69606527200006, 26.274197422000043], [86.69575219400008, 26.27398404400003], [86.69528766900004, 26.274065380000025], [86.69392802900006, 26.27423250700008], [86.69313873600004, 26.274366801000042], [86.69220694600006, 26.274312992000034], [86.69095106200007, 26.273964584000055], [86.69102010300008, 26.275091949000057], [86.69091203900007, 26.275661510000077], [86.69069683900005, 26.276074331000075], [86.69023412700005, 26.276304564000043], [86.68943561800006, 26.27650654400003], [86.68811515500005, 26.276605550000056], [86.68750545100005, 26.27668838200003], [86.68704722500007, 26.276877897000077], [86.68641779300003, 26.27739859600007], [86.68588219200007, 26.27781011600007], [86.68567438300005, 26.278010729000073], [86.68557035500004, 26.278508102000046], [86.68552303400008, 26.279135738000036], [86.68540533300006, 26.279330928000036], [86.68522628800008, 26.279431964000025], [86.68495182900006, 26.279497857000024], [86.68407681500008, 26.279587888000037], [86.68371533000004, 26.279510263000077], [86.68352261500007, 26.279309114000057], [86.68321857600006, 26.279005360000042], [86.68300243200008, 26.278935326000067], [86.68279827400005, 26.27902307000005], [86.68246707700007, 26.27936929200007], [86.68172742800004, 26.279886582000074], [86.68007497000008, 26.28067459300007], [86.67868024500007, 26.281247971000028], [86.67829051800004, 26.281315004000078], [86.67811352200005, 26.28116787400006], [86.67789479900006, 26.280885786000056], [86.67739407600004, 26.28006049700008], [86.67694981200003, 26.278941443000065], [86.67644964000004, 26.277340055000025], [86.67624173500008, 26.27712555000005], [86.67573395800008, 26.27695010800005], [86.67479675100003, 26.276869170000055], [86.67437565500006, 26.276819210000042], [86.67418339400007, 26.276649615000053], [86.67380878300008, 26.276310461000037], [86.67292126300003, 26.27579128600007], [86.67200971400007, 26.276161269000056], [86.67152352500005, 26.276522561000036], [86.67128474700007, 26.27665127100005], [86.67084367700005, 26.276606022000067], [86.66982477400006, 26.276395025000056], [86.66934391700005, 26.276368138000066], [86.66912955200007, 26.276442487000054], [86.66895346200005, 26.276782609000065], [86.66875163200007, 26.277064436000046], [86.66856681000007, 26.27710234700004], [86.66837538600004, 26.277004902000044], [86.66819104800004, 26.276659360000053], [86.66790198300004, 26.27635981900005], [86.66745468300007, 26.276215378000074], [86.66547365200006, 26.27591908900007], [86.66434620600006, 26.27583092200007], [86.66336058500008, 26.27588577800003], [86.66278253000007, 26.275688339000055], [86.66238141400004, 26.275223031000053], [86.66185590500004, 26.27441155100007], [86.66144104900008, 26.274050144000057], [86.66119961700008, 26.273953258000063], [86.66084909500006, 26.273947675000045], [86.66048886300007, 26.27396920800004], [86.65988862700004, 26.274006685000074], [86.65945883200004, 26.274065069000073], [86.65919295200007, 26.274018027000068], [86.65868832500007, 26.27369359000005], [86.65816870100008, 26.273355795000043], [86.65796864000004, 26.27337574200004], [86.65750544800005, 26.27357431300004], [86.65714131400006, 26.27367722200006], [86.65679532900003, 26.27363543100006], [86.65628696900006, 26.273401295000042], [86.65593973200004, 26.273255779000067], [86.65554488600003, 26.27330474400003], [86.65526713500003, 26.273524042000076], [86.65487195200006, 26.274380765000046], [86.65453240200009, 26.274866879000058], [86.65425474800008, 26.275086171000055], [86.65398047500008, 26.27517907300006], [86.65381510100008, 26.275167150000073], [86.65317260000006, 26.27502002800003], [86.65304953300006, 26.276027492000026], [86.65324443200006, 26.27641357600004], [86.65372914400007, 26.276751770000033], [86.65431439900004, 26.277129600000023], [86.65457880900004, 26.277469903000053], [86.65458610000007, 26.278074479000054], [86.65419088500005, 26.279756895000048], [86.65464527500006, 26.28049242000003], [86.65530829600004, 26.281090600000027], [86.65555797400003, 26.281453628000065], [86.65567724100003, 26.282210521000025], [86.65576117900008, 26.282525546000045], [86.65587229600004, 26.282601198000066], [86.65626812800008, 26.282628896000062], [86.65681794900007, 26.282560342000068], [86.65702358300007, 26.28258988400006], [86.65718143900006, 26.282804888000044], [86.65746462400006, 26.28304125300008], [86.65794722500004, 26.283208067000032], [86.65847889100007, 26.283284021000043], [86.65892828900007, 26.28360445800007], [86.65951259500008, 26.284311686000024], [86.65986039400008, 26.284502290000034], [86.66113458100006, 26.285121436000054], [86.66157071000003, 26.285171344000048], [86.66194031300006, 26.285100054000054], [86.66316738900008, 26.28472247600007], [86.66374918800005, 26.284811467000054], [86.66475714700005, 26.28494138800005], [86.66533892100006, 26.285025954000048], [86.66562099500004, 26.285162996000054], [86.66609233100007, 26.285632202000045], [86.66657856900008, 26.28610113900004], [86.66679485100008, 26.286175701000047], [86.66699962800004, 26.286142098000028], [86.66725790700008, 26.28596808800006], [86.66731308500005, 26.285566006000067], [86.66745667900005, 26.28502313200005], [86.66771943400005, 26.284397821000027], [86.66837847200009, 26.283425752000028], [86.66885795900004, 26.282924612000045], [86.66946407800003, 26.282539609000025], [86.66971844400007, 26.282460422000042], [86.67005441800006, 26.282497732000024], [86.67092932500003, 26.28280935500004], [86.67179070000003, 26.28283241500003], [86.67218577000006, 26.282796937000057], [86.67267826000005, 26.282945512000026], [86.67332376300004, 26.283327145000044], [86.67460634700006, 26.28422133500004], [86.67545404100008, 26.28475886900003], [86.67623190800003, 26.285324246000073], [86.67649328400006, 26.285407365000026], [86.67690822100008, 26.28576872900004], [86.67706769000006, 26.286114586000053], [86.67705634800006, 26.286823089000052], [86.67732887500006, 26.28781301300006], [86.67749229900005, 26.288488261000055], [86.67766917100005, 26.28861734800006], [86.67802936800007, 26.28860019900003], [86.67897201300008, 26.288297551000028], [86.67939184400007, 26.288239265000072], [86.67973948200006, 26.288416297000026], [86.68063047000004, 26.288808948000053], [86.68157381200007, 26.288975504000064], [86.68200989600007, 26.289016333000063], [86.68248898300004, 26.288894178000078], [86.68301054700004, 26.288550588000078], [86.68357407800005, 26.288373526000044], [86.68398453800006, 26.288360381000075], [86.68459188600008, 26.288489639000034], [86.68541258800008, 26.288860502000034], [86.68571356000007, 26.288911616000064], [86.68614823000007, 26.288830578000045], [86.68706211400007, 26.28864541100006], [86.68758892100004, 26.288734919000035], [86.68867173100006, 26.28924297900005], [86.68943475100008, 26.289406804000066], [86.69021321700006, 26.289602009000077], [86.69076892600003, 26.290007032000062], [86.69146221400007, 26.290595663000033], [86.69192625900007, 26.291276895000067], [86.69246504500006, 26.29193024400007], [86.69284147900004, 26.292404728000065], [86.69305866400003, 26.29255592000004], [86.69333443500005, 26.292593827000076], [86.69369494600005, 26.292590164000046], [86.69417349500009, 26.292422876000046], [86.69478853700008, 26.291951943000072], [86.69515763400005, 26.29183998900004], [86.69581517500006, 26.291973222000024], [86.69625893800008, 26.291824362000057], [86.69672373100008, 26.291756552000038], [86.69713528400007, 26.291833566000037], [86.69782976800008, 26.292521475000058], [86.69819860700005, 26.29278393100003], [86.69905535500004, 26.29283392900004], [86.69993922600008, 26.293041601000027], [86.70068093600008, 26.293503344000044], [86.70119657100008, 26.29389522400004], [86.70139175000008, 26.29429486600003], [86.70117715900005, 26.29474818400007], [86.70078879100004, 26.295325165000065], [86.70082455300007, 26.295789566000053], [86.70141905100007, 26.296482945000037], [86.70165452400005, 26.297297252000078], [86.70164723200008, 26.298321607000048], [86.70208310900006, 26.298736795000025], [86.70257174200003, 26.29937706800007], [86.70269051900004, 26.30022151600008], [86.70523814400008, 26.298888778000048], [86.70569014100005, 26.30085162000006], [86.70791205900008, 26.299221214000056], [86.70917876500005, 26.299256592000063], [86.71305082900005, 26.301519814000073], [86.71452375200005, 26.302629077000063], [86.71691212500008, 26.302627502000064], [86.72040139400008, 26.30188515100008], [86.72311497300007, 26.301585413000055], [86.72726503500007, 26.300842456000055]]]]}}, {"type": "Feature", "properties": {"OBJECTID": 7454, "GPCODE": "99170", "GPNAME_1": "SHAHPUR PRITHI BIPATI", "DIST_CEN_C": "06", "BLK_NAME": "SARAIGARH BHAPTIYAHI", "ST_NAME": "BIHAR", "ST_CODE_1": "10", "GPCODE2011": "101611", "REMARKS": "FINALIZED", "MAP_STATUS": "COMPLETED", "BLK_C_2001": "060006", "BLK_C_2011": "01106", "DIST_NAME": "SUPAUL", "code2011": 0.0, "Shape_Leng": 0.18552647432, "Shape_Area": 0.00081366228, "Area": 8.99175}, "geometry": {"type": "MultiPolygon", "coordinates": [[[[86.81440938500003, 26.363087825000036], [86.81541833000006, 26.363230199000043], [86.81567701700004, 26.363836500000048], [86.81591738700007, 26.363833844000055], [86.81715166300006, 26.363220254000055], [86.81757265800007, 26.36322923800003], [86.81792587300004, 26.363789331000078], [86.81848198200004, 26.363792326000066], [86.81917457200007, 26.363504927000065], [86.81962706200005, 26.36325185100003], [86.81954087800005, 26.36281058700007], [86.81928626800004, 26.36250659800004], [86.81926887900005, 26.361960859000078], [86.81953371900005, 26.36116836700006], [86.82065587300008, 26.360795089000078], [86.82155530200004, 26.360613752000063], [86.82238635100003, 26.36057305500003], [86.82398507100004, 26.359874251000065], [86.82446384000008, 26.360455553000065], [86.82453678600007, 26.36103229300005], [86.82516501600008, 26.360808726000073], [86.82550607100006, 26.36083664800003], [86.82584469500006, 26.36141946300006], [86.82579304700005, 26.361677151000038], [86.82616382500004, 26.36205211500004], [86.82723230300007, 26.361783159000026], [86.82826276800006, 26.361298085000044], [86.82882223900003, 26.361170049000066], [86.82907342200008, 26.361225924000053], [86.82983860700006, 26.36222821100006], [86.83016192400004, 26.36242770900003], [86.83034541800004, 26.362655784000026], [86.83070237300007, 26.362751049000053], [86.83115450400004, 26.362470882000025], [86.83138681000008, 26.36187269900006], [86.83113964500006, 26.36137917600007], [86.83142052700003, 26.36103761700008], [86.83098494200004, 26.359955092000064], [86.83157294000006, 26.35972303500006], [86.83149974500003, 26.35876279000007], [86.83246807400008, 26.358494859000075], [86.83265506600009, 26.357879224000044], [86.83272594200008, 26.357197118000045], [86.83325125800008, 26.357150760000025], [86.83373754700006, 26.356806935000066], [86.83504142100008, 26.356535363000035], [86.83250527000007, 26.351663458000075], [86.83199033200003, 26.35101036800006], [86.83049655900004, 26.34983118300005], [86.82982770500007, 26.349274593000075], [86.82993459700003, 26.347928840000066], [86.83014339600004, 26.345598417000076], [86.83039574400004, 26.34426462600004], [86.82876947900007, 26.341805468000075], [86.82703937500008, 26.339451289000067], [86.82686509700005, 26.338789924000025], [86.82700407700008, 26.337958239000045], [86.82754080700005, 26.33727105400004], [86.82855846800004, 26.336231076000047], [86.82946330300007, 26.33499389800005], [86.83152934100008, 26.332227826000064], [86.83259314300005, 26.331634058000077], [86.83297645700009, 26.329987510000024], [86.83292435400006, 26.329103762000045], [86.83167216000004, 26.32762413200004], [86.82963835600003, 26.326861462000068], [86.82909640100007, 26.32678625400007], [86.82840655400008, 26.32614861600007], [86.82773330100008, 26.325623604000043], [86.82603216200005, 26.32389623000006], [86.82506875000007, 26.32339244800005], [86.82316325400006, 26.32284932600004], [86.82264836600007, 26.323662627000033], [86.82211834300006, 26.324101530000064], [86.82218336700004, 26.324831768000024], [86.82206175000005, 26.325099333000026], [86.82178351100004, 26.32526480100006], [86.82117245600006, 26.324892483000042], [86.82084235400004, 26.32492770600004], [86.82049679800008, 26.325296945000048], [86.81994619800008, 26.325321073000055], [86.81955111000008, 26.324991441000066], [86.81893623000008, 26.32433492800004], [86.81855317000003, 26.32340963300004], [86.81807675800007, 26.323365230000036], [86.81780675200008, 26.322655354000062], [86.81698183100008, 26.322763637000037], [86.81682239600008, 26.32319850600004], [86.81671246300004, 26.324706656000046], [86.81620228400004, 26.325127360000067], [86.81607906900007, 26.32564306100005], [86.81568389000006, 26.32642790700004], [86.81526925000009, 26.32687915500003], [86.81466412900005, 26.327318911000077], [86.81387605800006, 26.32756212700008], [86.81345443400005, 26.327864499000043], [86.81304515900007, 26.328712659000075], [86.81276087500004, 26.32954597500003], [86.81267795400004, 26.330458356000065], [86.81267085500008, 26.33142396900007], [86.81284551800007, 26.332116918000054], [86.81312843900008, 26.332298783000056], [86.81389765300008, 26.332141480000075], [86.81394359700005, 26.331459721000044], [86.81409223000009, 26.33134080600007], [86.81494374400006, 26.331715001000077], [86.81516622300006, 26.33187500500003], [86.81542976900005, 26.332472176000067], [86.81553247000005, 26.333035110000026], [86.81578086900004, 26.33362796800003], [86.81602674500004, 26.334405838000066], [86.81621766000006, 26.334818879000068], [86.81673954400009, 26.33525983900006], [86.81794051500003, 26.335548972000026], [86.81829580800007, 26.335892498000078], [86.81854671000008, 26.336670328000025], [86.81873468100008, 26.336866824000026], [86.81936361200007, 26.337076489000026], [86.81977816900007, 26.337735201000044], [86.82040403900004, 26.33882475100006], [86.82119116500007, 26.339993723000077], [86.82123800300008, 26.340494079000052], [86.82092900700007, 26.340975714000024], [86.81925390700007, 26.341192568000054], [86.81877363400008, 26.340868495000052], [86.81785231000003, 26.340896636000025], [86.81754283000004, 26.34134670000003], [86.81757539700004, 26.342275768000036], [86.81673302700005, 26.342582780000043], [86.81641015600007, 26.34204032100007], [86.81593010200004, 26.34172976700006], [86.81559680800007, 26.34190038400004], [86.81532637700008, 26.342282349000072], [86.81466646800004, 26.342375220000065], [86.81413495700008, 26.342710372000056], [86.81325841900008, 26.34308543000003], [86.81314677300008, 26.343352823000032], [86.81221051900008, 26.34338112000006], [86.81151213900006, 26.343600793000064], [86.81114636700005, 26.343591230000072], [86.81057658300006, 26.34256872800006], [86.81027862500008, 26.342386961000045], [86.80980239700006, 26.34236057100003], [86.80895340400008, 26.342550240000037], [86.80834231200004, 26.34255688500008], [86.80830238000004, 26.34219186400003], [86.80802604200005, 26.34212720000005], [86.80737284400004, 26.341606391000028], [86.80622250400006, 26.340987252000048], [86.80588550200008, 26.340508096000065], [86.80534922800007, 26.340482374000032], [86.80527673300008, 26.340681665000034], [86.80521525900008, 26.34133204500006], [86.80468006600006, 26.341387490000045], [86.80386452000005, 26.341080460000057], [86.80344310000004, 26.341035457000032], [86.80308388100008, 26.340389582000057], [86.80247193000008, 26.34032856300007], [86.80188134300005, 26.33998751100006], [86.80127148900004, 26.340079896000077], [86.80110001700007, 26.339617007000072], [86.80067648000005, 26.339783969000052], [86.80020088000003, 26.339807154000027], [86.79997743700005, 26.33957949200004], [86.79916653600003, 26.339619843000037], [86.79891630000003, 26.34038506400003], [86.79812616600003, 26.34047929600007], [86.79813252400004, 26.340962079000064], [86.79828918400005, 26.34143859900007], [86.79814647600006, 26.34200411000006], [86.79847089600008, 26.342668451000065], [86.79931469700006, 26.343967745000043], [86.79958989000005, 26.345074742000065], [86.79978576100007, 26.34623666300007], [86.80018082600003, 26.346561828000063], [86.80022499300009, 26.347242596000058], [86.80032313600003, 26.34784164000007], [86.79981122000004, 26.348144948000026], [86.79944858800008, 26.34837905100005], [86.79930413900007, 26.34880918500005], [86.799274, 26.349558561000038], [86.79826446400006, 26.349736369000027], [86.79824025100004, 26.350548746000072], [86.79744253700005, 26.350832618000027], [86.79782396600007, 26.35126169700004], [86.79796310400008, 26.351557945000025], [86.79841069000008, 26.352437457000065], [86.79883369400005, 26.353357815000038], [86.79911243400005, 26.35359844900006], [86.79981460000005, 26.353284105000057], [86.80045877500004, 26.35275368200007], [86.80109720200005, 26.352539251000053], [86.80274465100007, 26.352868831000023], [86.80322968300004, 26.35317487900005], [86.80330441100006, 26.353891512000075], [86.80367476700008, 26.35423938300005], [86.80479121100007, 26.354186721000076], [86.80480294800003, 26.355066409000074], [86.80642341100008, 26.35486379500003], [86.80688141100006, 26.355025798000042], [86.80695706500006, 26.355435576000048], [86.80643475600004, 26.355707404000043], [86.80658070200008, 26.356508962000078], [86.80626900600004, 26.35680108100007], [86.80661732900006, 26.35737034600004], [86.80777307000005, 26.356884002000072], [86.80807936800005, 26.357313842000053], [86.80797909200004, 26.358429346000037], [86.80782632500006, 26.358985997000048], [86.80804133800007, 26.35970111900008], [86.80858137100006, 26.360750972000062], [86.80890529700008, 26.360991093000052], [86.80993214100005, 26.360979962000044], [86.81124407300007, 26.360185133000073], [86.81215111900008, 26.359827737000046], [86.81239311200005, 26.360686888000032], [86.81350931700007, 26.360611617000075], [86.81392477000009, 26.36095897100006], [86.81444907700006, 26.360826902000042], [86.81459424300004, 26.36156531900008], [86.81418416800005, 26.361614875000043], [86.81416668900005, 26.36218358900004], [86.81440938500003, 26.363087825000036]]]]}}]}